$MeshFormat
4.1 0 8
$EndMeshFormat
$PhysicalNames
7
1 15 "bottomfix"
1 16 "sidefix"
1 17 "load"
2 18 "soil1"
2 19 "soil2"
2 20 "timbunan_bawah"
2 21 "timbunan_atas"
$EndPhysicalNames
$Entities
11 14 4 0
1 0 0 0 0 
2 10 0 0 0 
3 10 4 0 0 
4 10 2 0 0 
5 0 2 0 0 
6 10 1 0 0 
7 10 3 0 0 
8 8 4 0 0 
9 6 3 0 0 
10 4 2 0 0 
11 0 1 0 0 
1 0 0 0 10 0 0 1 15 2 1 -2 
2 10 0 0 10 1 0 1 16 2 2 -6 
3 0 1 0 10 1 0 0 2 6 -11 
4 0 0 0 0 1 0 1 16 2 11 -1 
5 0 1 0 0 2 0 1 16 2 11 -5 
6 0 2 0 4 2 0 0 2 5 -10 
7 4 2 0 10 2 0 0 2 10 -4 
8 10 2 0 10 3 0 1 16 2 4 -7 
9 6 3 0 10 3 0 0 2 7 -9 
10 4 2 0 6 3 0 0 2 9 -10 
11 6 3 0 8 4 0 0 2 9 -8 
12 8 4 0 10 4 0 1 17 2 8 -3 
13 10 3 0 10 4 0 1 16 2 3 -7 
14 10 1 0 10 2 0 1 16 2 4 -6 
1 0 0 0 10 1 0 1 19 4 1 2 3 4 
2 0 1 0 10 2 0 1 18 5 5 6 7 14 3 
3 4 2 0 10 3 0 1 20 4 7 8 9 10 
4 6 3 0 10 4 0 1 21 4 13 9 11 12 
$EndEntities
$Nodes
29 1802 1 1802
0 1 0 1
1
0 0 0
0 2 0 1
2
10 0 0
0 3 0 1
3
10 4 0
0 4 0 1
4
10 2 0
0 5 0 1
5
0 2 0
0 6 0 1
6
10 1 0
0 7 0 1
7
10 3 0
0 8 0 1
8
8 4 0
0 9 0 1
9
6 3 0
0 10 0 1
10
4 2 0
0 11 0 1
11
0 1 0
1 1 1 57
12
13
14
15
16
17
18
19
20
21
22
23
24
25
26
27
28
29
30
31
32
33
34
35
36
37
38
39
40
41
42
43
44
45
46
47
48
49
50
51
52
53
54
55
56
57
58
59
60
61
62
63
64
65
66
67
68
0.3448275862066271 0 0 0.03448275862066271
0.6896551724131987 0 0 0.06896551724131987
1.034482758619854 0 0 0.1034482758619854
1.379310344826223 0 0 0.1379310344826223
1.724137931032113 0 0 0.1724137931032113
2.068965517238002 0 0 0.2068965517238002
2.413793103443891 0 0 0.2413793103443891
2.75862068964978 0 0 0.2758620689649781
3.10344827585567 0 0 0.310344827585567
3.44827586206156 0 0 0.3448275862061559
3.793103448267449 0 0 0.3793103448267449
4.137931034473848 0 0 0.4137931034473847
4.482758620681268 0 0 0.4482758620681268
4.827586206888689 0 0 0.4827586206888689
5.17241379309611 0 0 0.517241379309611
5.51724137930353 0 0 0.551724137930353
5.862068965510952 0 0 0.5862068965510951
6.206896551718372 0 0 0.6206896551718372
6.551724137925793 0 0 0.6551724137925793
6.896551724133214 0 0 0.6896551724133214
7.241379310340634 0 0 0.7241379310340634
7.586206896548056 0 0 0.7586206896548056
7.931034482755476 0 0 0.7931034482755476
8.275862068962898 0 0 0.8275862068962897
8.620689655170317 0 0 0.8620689655170317
8.965517241377738 0 0 0.8965517241377737
9.310344827585158 0 0 0.9310344827585159
9.655172413792579 0 0 0.965517241379258
0.1724137931033259 0 0 0.01724137931033259
0.517241379309895 0 0 0.0517241379309895
0.8620689655165221 0 0 0.08620689655165222
1.206896551723162 0 0 0.1206896551723162
1.551724137929142 0 0 0.1551724137929142
1.896551724135053 0 0 0.1896551724135053
2.241379310340911 0 0 0.2241379310340911
2.586206896546772 0 0 0.2586206896546772
2.931034482752733 0 0 0.2931034482752733
3.275862068958579 0 0 0.3275862068958579
3.620689655164547 0 0 0.3620689655164547
3.965517241370784 0 0 0.3965517241370784
4.310344827577679 0 0 0.4310344827577679
4.655172413784955 0 0 0.4655172413784955
4.99999999999194 0 0 0.499999999999194
5.344827586199854 0 0 0.5344827586199854
5.689655172407183 0 0 0.5689655172407183
6.034482758614655 0 0 0.6034482758614655
6.37931034482201 0 0 0.637931034482201
6.724137931029462 0 0 0.6724137931029462
7.068965517236942 0 0 0.7068965517236941
7.4137931034443 0 0 0.7413793103444301
7.758620689651671 0 0 0.7758620689651672
8.103448275859249 0 0 0.8103448275859249
8.448275862066632 0 0 0.8448275862066632
8.793103448274165 0 0 0.8793103448274165
9.137931034481744 0 0 0.9137931034481743
9.482758620689019 0 0 0.9482758620689019
9.827586206896067 0 0 0.9827586206896067
1 2 1 7
69
70
71
72
73
74
75
10 0.2499999999994109 0 0.2499999999994109
10 0.4999999999986921 0 0.4999999999986921
10 0.7499999999993406 0 0.7499999999993406
10 0.1249999999997752 0 0.1249999999997752
10 0.3749999999990515 0 0.3749999999990515
10 0.6249999999990163 0 0.6249999999990163
10 0.8749999999996704 0 0.8749999999996704
1 3 1 57
76
77
78
79
80
81
82
83
84
85
86
87
88
89
90
91
92
93
94
95
96
97
98
99
100
101
102
103
104
105
106
107
108
109
110
111
112
113
114
115
116
117
118
119
120
121
122
123
124
125
126
127
128
129
130
131
132
9.655172413793103 1 0 0.03448275862068971
9.310344827586206 1 0 0.06896551724137941
8.96551724137931 1 0 0.1034482758620691
8.620689655172413 1 0 0.1379310344827588
8.275862068965514 1 0 0.1724137931034486
7.931034482758617 1 0 0.2068965517241383
7.586206896551719 1 0 0.2413793103448281
7.241379310344822 1 0 0.2758620689655177
6.896551724137927 1 0 0.3103448275862074
6.55172413793103 1 0 0.344827586206897
6.206896551724133 1 0 0.3793103448275866
5.862068965517238 1 0 0.4137931034482762
5.517241379310341 1 0 0.4482758620689659
5.172413793103445 1 0 0.4827586206896555
4.827586206896548 1 0 0.5172413793103452
4.482758620689652 1 0 0.5517241379310348
4.137931034482756 1 0 0.5862068965517244
3.793103448275859 1 0 0.620689655172414
3.448275862068963 1 0 0.6551724137931038
3.103448275862066 1 0 0.6896551724137934
2.75862068965517 1 0 0.724137931034483
2.413793103448274 1 0 0.7586206896551726
2.068965517241378 1 0 0.7931034482758622
1.724137931034482 1 0 0.8275862068965518
1.379310344827584 1 0 0.8620689655172415
1.034482758620689 1 0 0.8965517241379312
0.6896551724137918 1 0 0.9310344827586208
0.3448275862068968 1 0 0.9655172413793104
9.827586206896738 1 0 0.01724137931032616
9.482758620689758 1 0 0.05172413793102425
9.137931034482758 1 0 0.08620689655172425
8.793103448275886 1 0 0.1206896551724114
8.448275862068586 1 0 0.1551724137931415
8.103448275862458 1 0 0.1896551724137541
7.758620689655246 1 0 0.2241379310344754
7.413793103448141 1 0 0.2586206896551859
7.068965517241404 1 0 0.2931034482758597
6.724137931034409 1 0 0.3275862068965591
6.379310344827557 1 0 0.3620689655172443
6.034482758620764 1 0 0.3965517241379236
5.689655172413703 1 0 0.4310344827586297
5.344827586206856 1 0 0.4655172413793144
5.000000000000473 1 0 0.4999999999999527
4.655172413793007 1 0 0.5344827586206993
4.310344827586245 1 0 0.5689655172413755
3.965517241379473 1 0 0.6034482758620527
3.620689655172398 1 0 0.6379310344827602
3.275862068965402 1 0 0.6724137931034597
2.931034482758471 1 0 0.7068965517241529
2.586206896551802 1 0 0.7413793103448197
2.241379310344866 1 0 0.7758620689655135
1.896551724137627 1 0 0.8103448275862374
1.551724137930865 1 0 0.8448275862069136
1.206896551724174 1 0 0.8793103448275826
0.8620689655172793 1 0 0.913793103448272
0.5172413793104678 1 0 0.9482758620689532
0.1724137931033152 1 0 0.9827586206896685
1 4 1 7
133
134
135
136
137
138
139
0 0.7500000000003471 0 0.249999999999653
0 0.5000000000020595 0 0.4999999999979405
0 0.2500000000010405 0 0.7499999999989595
0 0.8750000000000052 0 0.1249999999999948
0 0.625000000001009 0 0.374999999998991
0 0.37500000000155 0 0.62499999999845
0 0.1250000000005203 0 0.8749999999994797
1 5 1 7
140
141
142
143
144
145
146
0 1.25 0 0.25
0 1.5 0 0.5
0 1.75 0 0.75
0 1.125 0 0.125
0 1.375 0 0.375
0 1.625000000000034 0 0.6250000000000344
0 1.874999999999878 0 0.8749999999998778
1 6 1 37
147
148
149
150
151
152
153
154
155
156
157
158
159
160
161
162
163
164
165
166
167
168
169
170
171
172
173
174
175
176
177
178
179
180
181
182
183
0.2105263157890478 2 0 0.05263157894726195
0.4210526315781716 2 0 0.1052631578945429
0.6315789473671403 2 0 0.1578947368417851
0.8421052631559994 2 0 0.2105263157889999
1.052631578944858 2 0 0.2631578947362146
1.263157894733718 2 0 0.3157894736834294
1.473684210522577 2 0 0.3684210526306442
1.684210526311436 2 0 0.421052631577859
1.894736842100295 2 0 0.4736842105250738
2.105263157889739 2 0 0.5263157894724348
2.315789473679768 2 0 0.5789473684199421
2.526315789469797 2 0 0.6315789473674494
2.736842105259826 2 0 0.6842105263149566
2.947368421049855 2 0 0.7368421052624637
3.157894736839884 2 0 0.789473684209971
3.368421052629913 2 0 0.8421052631574782
3.578947368419942 2 0 0.8947368421049855
3.789473684209971 2 0 0.9473684210524927
0.105263157894538 2 0 0.02631578947363449
0.3157894736835969 2 0 0.07894736842089922
0.5263157894727131 2 0 0.1315789473681783
0.7368421052615699 2 0 0.1842105263153925
0.947368421050429 2 0 0.2368421052626072
1.157894736839288 2 0 0.289473684209822
1.368421052628147 2 0 0.3421052631570368
1.578947368417006 2 0 0.3947368421042516
1.789473684205866 2 0 0.4473684210514664
1.999999999994725 2 0 0.4999999999986813
2.210526315784754 2 0 0.5526315789461884
2.421052631574783 2 0 0.6052631578936958
2.631578947364812 2 0 0.6578947368412029
2.842105263154841 2 0 0.7105263157887102
3.05263157894487 2 0 0.7631578947362174
3.263157894734898 2 0 0.8157894736837246
3.473684210524928 2 0 0.8684210526312319
3.684210526314956 2 0 0.9210526315787391
3.894736842104986 2 0 0.9736842105262464
1 7 1 37
184
185
186
187
188
189
190
191
192
193
194
195
196
197
198
199
200
201
202
203
204
205
206
207
208
209
210
211
212
213
214
215
216
217
218
219
220
4.315789473680028 2 0 0.05263157894667139
4.631578947363855 2 0 0.1052631578939758
4.947368421045637 2 0 0.1578947368409394
5.263157894729445 2 0 0.2105263157882408
5.578947368414148 2 0 0.2631578947356913
5.894736842098849 2 0 0.3157894736831416
6.210526315783552 2 0 0.368421052630592
6.526315789468255 2 0 0.4210526315780424
6.842105263152956 2 0 0.4736842105254928
7.157894736837661 2 0 0.5263157894729434
7.473684210522365 2 0 0.5789473684203942
7.78947368420707 2 0 0.6315789473678449
8.105263157891773 2 0 0.6842105263152957
8.42105263157648 2 0 0.7368421052627464
8.736842105261182 2 0 0.7894736842101971
9.052631578945888 2 0 0.8421052631576479
9.368421052630591 2 0 0.8947368421050986
9.684210526315297 2 0 0.9473684210525494
4.157894736839883 2 0 0.02631578947331388
4.473684210521863 2 0 0.07894736842031048
4.789473684204867 2 0 0.1315789473674778
5.105263157887595 2 0 0.1842105263145993
5.421052631571732 2 0 0.2368421052619554
5.736842105256413 2 0 0.2894736842094021
6.052631578941115 2 0 0.3421052631568525
6.368421052625871 2 0 0.3947368421043119
6.684210526310672 2 0 0.4473684210517787
6.999999999994833 2 0 0.4999999999991387
7.315789473679954 2 0 0.5526315789466589
7.631578947364796 2 0 0.6052631578941327
7.947368421049184 2 0 0.6578947368415307
8.263157894733872 2 0 0.7105263157889787
8.578947368418987 2 0 0.763157894736498
8.894736842103633 2 0 0.8157894736839387
9.210526315788112 2 0 0.8684210526313522
9.526315789472875 2 0 0.9210526315788123
9.842105263157825 2 0 0.9736842105263041
1 8 1 7
221
222
223
224
225
226
227
10 2.25 0 0.25
10 2.5 0 0.5
10 2.75 0 0.75
10 2.125000000000092 0 0.1250000000000925
10 2.375 0 0.375
10 2.625000000000104 0 0.6250000000001037
10 2.874999999999908 0 0.8749999999999075
1 9 1 37
228
229
230
231
232
233
234
235
236
237
238
239
240
241
242
243
244
245
246
247
248
249
250
251
252
253
254
255
256
257
258
259
260
261
262
263
264
9.789473684210526 3 0 0.05263157894736842
9.578947368421053 3 0 0.1052631578947368
9.368421052631579 3 0 0.1578947368421053
9.157894736842106 3 0 0.2105263157894737
8.947368421052632 3 0 0.2631578947368421
8.736842105263158 3 0 0.3157894736842105
8.526315789473685 3 0 0.3684210526315789
8.315789473684211 3 0 0.4210526315789473
8.105263157894736 3 0 0.4736842105263158
7.894736842105264 3 0 0.5263157894736842
7.684210526315789 3 0 0.5789473684210527
7.473684210526316 3 0 0.631578947368421
7.263157894736842 3 0 0.6842105263157894
7.052631578947368 3 0 0.7368421052631579
6.842105263157895 3 0 0.7894736842105263
6.631578947368421 3 0 0.8421052631578947
6.421052631578948 3 0 0.8947368421052631
6.210526315789474 3 0 0.9473684210526315
9.894736842104935 3 0 0.02631578947376628
9.684210526316015 3 0 0.07894736842099623
9.473684210526576 3 0 0.131578947368356
9.263157894736663 3 0 0.1842105263158343
9.052631578947942 3 0 0.2368421052630146
8.842105263157894 3 0 0.2894736842105263
8.631578947368469 3 0 0.3421052631578826
8.421052631579403 3 0 0.394736842105149
8.210526315789146 3 0 0.4473684210527136
8.000000000000254 3 0 0.4999999999999367
7.789473684210691 3 0 0.5526315789473274
7.578947368420501 3 0 0.6052631578948747
7.368421052631793 3 0 0.6578947368420518
7.157894736841913 3 0 0.7105263157895217
6.947368421052365 3 0 0.7631578947369086
6.736842105263523 3 0 0.8157894736841192
6.526315789473379 3 0 0.8684210526316554
6.315789473684466 3 0 0.9210526315788833
6.105263157895019 3 0 0.9736842105262453
1 10 1 17
265
266
267
268
269
270
271
272
273
274
275
276
277
278
279
280
281
5.777777777777778 2.888888888888889 0 0.1111111111111111
5.555555555555555 2.777777777777778 0 0.2222222222222222
5.333333333333333 2.666666666666667 0 0.3333333333333333
5.111111111111111 2.555555555555555 0 0.4444444444444445
4.888888888888889 2.444444444444445 0 0.5555555555555556
4.666666666666667 2.333333333333333 0 0.6666666666666666
4.444444444444445 2.222222222222222 0 0.7777777777777778
4.222222222222222 2.111111111111111 0 0.888888888888889
5.888888888888766 2.944444444444383 0 0.05555555555561713
5.66666666666632 2.83333333333316 0 0.1666666666668399
5.444444444444249 2.722222222222125 0 0.2777777777778754
5.222222222222094 2.611111111111047 0 0.3888888888889535
5.000000000000135 2.500000000000068 0 0.4999999999999324
4.777777777777913 2.388888888888956 0 0.6111111111110435
4.555555555555841 2.277777777777921 0 0.7222222222220795
4.333333333333554 2.166666666666777 0 0.8333333333332227
4.111111111111208 2.055555555555604 0 0.9444444444443962
1 11 1 17
282
283
284
285
286
287
288
289
290
291
292
293
294
295
296
297
298
6.222222222222222 3.111111111111111 0 0.1111111111111111
6.444444444444445 3.222222222222222 0 0.2222222222222222
6.666666666666667 3.333333333333333 0 0.3333333333333333
6.888888888888889 3.444444444444445 0 0.4444444444444445
7.111111111111111 3.555555555555555 0 0.5555555555555556
7.333333333333333 3.666666666666667 0 0.6666666666666666
7.555555555555555 3.777777777777778 0 0.7777777777777778
7.777777777777778 3.888888888888889 0 0.888888888888889
6.111111111111234 3.055555555555617 0 0.05555555555561713
6.33333333333368 3.16666666666684 0 0.1666666666668399
6.555555555555751 3.277777777777875 0 0.2777777777778754
6.777777777777906 3.388888888888953 0 0.3888888888889535
6.999999999999865 3.499999999999932 0 0.4999999999999324
7.222222222222087 3.611111111111044 0 0.6111111111110435
7.444444444444159 3.722222222222079 0 0.7222222222220795
7.666666666666446 3.833333333333223 0 0.8333333333332227
7.888888888888792 3.944444444444396 0 0.9444444444443962
1 12 1 17
299
300
301
302
303
304
305
306
307
308
309
310
311
312
313
314
315
8.222222222222221 4 0 0.1111111111111111
8.444444444444445 4 0 0.2222222222222222
8.666666666666666 4 0 0.3333333333333333
8.888888888888889 4 0 0.4444444444444444
9.111111111111111 4 0 0.5555555555555556
9.333333333333334 4 0 0.6666666666666666
9.555555555555555 4 0 0.7777777777777777
9.777777777777779 4 0 0.8888888888888888
8.111111111110976 4 0 0.05555555555548829
8.333333333333874 4 0 0.1666666666669369
8.555555555555191 4 0 0.2777777777775955
8.777777777777594 4 0 0.3888888888887967
8.999999999999815 4 0 0.4999999999999078
9.222222222222406 4 0 0.6111111111112033
9.444444444444994 4 0 0.7222222222224967
9.666666666666716 4 0 0.8333333333333582
9.888888888889294 4 0 0.9444444444446468
1 13 1 7
316
317
318
319
320
321
322
10 3.75 0 0.25
10 3.5 0 0.5
10 3.25 0 0.75
10 3.874999999999908 0 0.1250000000000925
10 3.625 0 0.375
10 3.374999999999896 0 0.6250000000001037
10 3.125000000000092 0 0.8749999999999075
1 14 1 7
323
324
325
326
327
328
329
10 1.75 0 0.25
10 1.5 0 0.5
10 1.25 0 0.75
10 1.875 0 0.125
10 1.625 0 0.375
10 1.374999999999966 0 0.6250000000000344
10 1.125000000000122 0 0.8749999999998778
2 1 1 399
330
331
332
333
334
335
336
337
338
339
340
341
342
343
344
345
346
347
348
349
350
351
352
353
354
355
356
357
358
359
360
361
362
363
364
365
366
367
368
369
370
371
372
373
374
375
376
377
378
379
380
381
382
383
384
385
386
387
388
389
390
391
392
393
394
395
396
397
398
399
400
401
402
403
404
405
406
407
408
409
410
411
412
413
414
415
416
417
418
419
420
421
422
423
424
425
426
427
428
429
430
431
432
433
434
435
436
437
438
439
440
441
442
443
444
445
446
447
448
449
450
451
452
453
454
455
456
457
458
459
460
461
462
463
464
465
466
467
468
469
470
471
472
473
474
475
476
477
478
479
480
481
482
483
484
485
486
487
488
489
490
491
492
493
494
495
496
497
498
499
500
501
502
503
504
505
506
507
508
509
510
511
512
513
514
515
516
517
518
519
520
521
522
523
524
525
526
527
528
529
530
531
532
533
534
535
536
537
538
539
540
541
542
543
544
545
546
547
548
549
550
551
552
553
554
555
556
557
558
559
560
561
562
563
564
565
566
567
568
569
570
571
572
573
574
575
576
577
578
579
580
581
582
583
584
585
586
587
588
589
590
591
592
593
594
595
596
597
598
599
600
601
602
603
604
605
606
607
608
609
610
611
612
613
614
615
616
617
618
619
620
621
622
623
624
625
626
627
628
629
630
631
632
633
634
635
636
637
638
639
640
641
642
643
644
645
646
647
648
649
650
651
652
653
654
655
656
657
658
659
660
661
662
663
664
665
666
667
668
669
670
671
672
673
674
675
676
677
678
679
680
681
682
683
684
685
686
687
688
689
690
691
692
693
694
695
696
697
698
699
700
701
702
703
704
705
706
707
708
709
710
711
712
713
714
715
716
717
718
719
720
721
722
723
724
725
726
727
728
0.3448275862066945 0.2500000000009843 0 0.2500000000009843 0.3448275862066945
0.3448275862067619 0.5000000000019433 0 0.5000000000019433 0.3448275862067619
0.3448275862068294 0.7500000000003122 0 0.7500000000003122 0.3448275862068294
0.6896551724133467 0.2500000000009281 0 0.2500000000009281 0.6896551724133467
0.6896551724134952 0.5000000000018272 0 0.5000000000018272 0.6896551724134952
0.6896551724136437 0.7500000000002776 0 0.7500000000002776 0.6896551724136437
1.034482758620063 0.2500000000008719 0 0.2500000000008719 1.034482758620063
1.034482758620272 0.5000000000017111 0 0.5000000000017111 1.034482758620272
1.03448275862048 0.7500000000002428 0 0.7500000000002428 1.03448275862048
1.379310344826563 0.2500000000008157 0 0.2500000000008157 1.379310344826563
1.379310344826903 0.5000000000015952 0 0.5000000000015952 1.379310344826903
1.379310344827244 0.7500000000002081 0 0.7500000000002081 1.379310344827244
1.724137931032705 0.2500000000007595 0 0.2500000000007595 1.724137931032705
1.724137931033297 0.5000000000014788 0 0.5000000000014788 1.724137931033297
1.724137931033889 0.7500000000001736 0 0.7500000000001736 1.724137931033889
2.068965517238846 0.2500000000007033 0 0.2500000000007033 2.068965517238846
2.068965517239691 0.5000000000013629 0 0.5000000000013629 2.068965517239691
2.068965517240534 0.7500000000001388 0 0.7500000000001388 2.068965517240534
2.413793103444987 0.2500000000006471 0 0.2500000000006471 2.413793103444987
2.413793103446083 0.5000000000012466 0 0.5000000000012466 2.413793103446083
2.413793103447178 0.7500000000001042 0 0.7500000000001042 2.413793103447178
2.758620689651128 0.250000000000591 0 0.250000000000591 2.758620689651128
2.758620689652474 0.5000000000011307 0 0.5000000000011307 2.758620689652474
2.758620689653823 0.7500000000000696 0 0.7500000000000696 2.758620689653823
3.103448275857269 0.2500000000005348 0 0.2500000000005348 3.103448275857269
3.103448275858868 0.5000000000010143 0 0.5000000000010143 3.103448275858868
3.103448275860467 0.7500000000000347 0 0.7500000000000347 3.103448275860467
3.44827586206341 0.2500000000004786 0 0.2500000000004786 3.44827586206341
3.448275862065262 0.5000000000008984 0 0.5000000000008984 3.448275862065262
3.448275862067112 0.75 0 0.75 3.448275862067112
3.793103448269552 0.2500000000004224 0 0.2500000000004224 3.793103448269552
3.793103448271656 0.500000000000782 0 0.500000000000782 3.793103448271656
3.793103448273757 0.7499999999999654 0 0.7499999999999654 3.793103448273757
4.137931034476074 0.2500000000003663 0 0.2500000000003663 4.137931034476074
4.137931034478303 0.5000000000006661 0 0.5000000000006661 4.137931034478303
4.13793103448053 0.7499999999999306 0 0.7499999999999306 4.13793103448053
4.482758620683365 0.25000000000031 0 0.25000000000031 4.482758620683365
4.482758620685459 0.50000000000055 0 0.50000000000055 4.482758620685459
4.482758620687557 0.749999999999896 0 0.749999999999896 4.482758620687557
4.827586206890652 0.2500000000002538 0 0.2500000000002538 4.827586206890652
4.827586206892619 0.5000000000004339 0 0.5000000000004339 4.827586206892619
4.827586206894583 0.7499999999998614 0 0.7499999999998614 4.827586206894583
5.172413793097943 0.2500000000001976 0 0.2500000000001976 5.172413793097943
5.172413793099778 0.5000000000003177 0 0.5000000000003177 5.172413793099778
5.172413793101612 0.7499999999998265 0 0.7499999999998265 5.172413793101612
5.517241379305232 0.2500000000001414 0 0.2500000000001414 5.517241379305232
5.517241379306936 0.5000000000002016 0 0.5000000000002016 5.517241379306936
5.517241379308638 0.7499999999997916 0 0.7499999999997916 5.517241379308638
5.862068965512524 0.2500000000000853 0 0.2500000000000853 5.862068965512524
5.862068965514096 0.5000000000000855 0 0.5000000000000855 5.862068965514096
5.862068965515666 0.749999999999757 0 0.749999999999757 5.862068965515666
6.206896551719812 0.250000000000029 0 0.250000000000029 6.206896551719812
6.206896551721252 0.4999999999999694 0 0.4999999999999694 6.206896551721252
6.206896551722693 0.7499999999997223 0 0.7499999999997223 6.206896551722693
6.551724137927101 0.2499999999999728 0 0.2499999999999728 6.551724137927101
6.55172413792841 0.4999999999998532 0 0.4999999999998532 6.55172413792841
6.551724137929721 0.7499999999996877 0 0.7499999999996877 6.551724137929721
6.896551724134392 0.2499999999999166 0 0.2499999999999166 6.896551724134392
6.896551724135572 0.4999999999997371 0 0.4999999999997371 6.896551724135572
6.896551724136749 0.7499999999996531 0 0.7499999999996531 6.896551724136749
7.241379310341682 0.2499999999998604 0 0.2499999999998604 7.241379310341682
7.241379310342728 0.4999999999996211 0 0.4999999999996211 7.241379310342728
7.241379310343776 0.7499999999996185 0 0.7499999999996185 7.241379310343776
7.586206896548972 0.2499999999998043 0 0.2499999999998043 7.586206896548972
7.586206896549889 0.4999999999995048 0 0.4999999999995048 7.586206896549889
7.586206896550803 0.7499999999995836 0 0.7499999999995836 7.586206896550803
7.93103448275626 0.2499999999997481 0 0.2499999999997481 7.93103448275626
7.931034482757046 0.4999999999993888 0 0.4999999999993888 7.931034482757046
7.931034482757831 0.7499999999995489 0 0.7499999999995489 7.931034482757831
8.275862068963551 0.2499999999996919 0 0.2499999999996919 8.275862068963551
8.275862068964205 0.4999999999992727 0 0.4999999999992727 8.275862068964205
8.275862068964861 0.7499999999995141 0 0.7499999999995141 8.275862068964861
8.620689655170843 0.2499999999996357 0 0.2499999999996357 8.620689655170843
8.620689655171365 0.4999999999991566 0 0.4999999999991566 8.620689655171365
8.620689655171887 0.7499999999994794 0 0.7499999999994794 8.620689655171887
8.96551724137813 0.2499999999995795 0 0.2499999999995795 8.96551724137813
8.965517241378524 0.4999999999990404 0 0.4999999999990404 8.965517241378524
8.965517241378915 0.7499999999994448 0 0.7499999999994448 8.965517241378915
9.310344827585418 0.2499999999995233 0 0.2499999999995233 9.310344827585418
9.310344827585681 0.4999999999989244 0 0.4999999999989244 9.310344827585681
9.310344827585944 0.7499999999994101 0 0.7499999999994101 9.310344827585944
9.655172413792709 0.2499999999994671 0 0.2499999999994671 9.655172413792709
9.65517241379284 0.4999999999988082 0 0.4999999999988082 9.65517241379284
9.655172413792972 0.7499999999993753 0 0.7499999999993753 9.655172413792972
0.1724137931033136 0.1250000000005203 0 0.1250000000005203 0.1724137931033136
0.3448275862066608 0.1250000000004922 0 0.1250000000004922 0.3448275862066608
0.1724137931033473 0.2500000000010124 0 0.2500000000010124 0.1724137931033473
0.1724137931033473 0.3750000000015219 0 0.3750000000015219 0.1724137931033473
0.3448275862067282 0.3750000000014638 0 0.3750000000014638 0.3448275862067282
0.172413793103381 0.5000000000020014 0 0.5000000000020014 0.172413793103381
0.172413793103381 0.6250000000011452 0 0.6250000000011452 0.172413793103381
0.3448275862067957 0.6250000000011278 0 0.6250000000011278 0.3448275862067957
0.1724137931034147 0.7500000000003296 0 0.7500000000003296 0.1724137931034147
0.1724137931034147 0.8750000000001561 0 0.8750000000001561 0.1724137931034147
0.3448275862068631 0.8750000000001561 0 0.8750000000001561 0.3448275862068631
0.5172413793099466 0.1250000000004922 0 0.1250000000004922 0.5172413793099466
0.6896551724132727 0.1250000000004641 0 0.1250000000004641 0.6896551724132727
0.5172413793100206 0.2500000000009562 0 0.2500000000009562 0.5172413793100206
0.5172413793100543 0.3750000000014357 0 0.3750000000014357 0.5172413793100543
0.689655172413421 0.3750000000013777 0 0.3750000000013777 0.689655172413421
0.5172413793101285 0.5000000000018853 0 0.5000000000018853 0.5172413793101285
0.5172413793101622 0.6250000000010697 0 0.6250000000010697 0.5172413793101622
0.6896551724135694 0.6250000000010524 0 0.6250000000010524 0.6896551724135694
0.5172413793102366 0.7500000000002949 0 0.7500000000002949 0.5172413793102366
0.5172413793102703 0.8750000000001388 0 0.8750000000001388 0.5172413793102703
0.6896551724137178 0.8750000000001388 0 0.8750000000001388 0.6896551724137178
0.8620689655166005 0.1250000000004641 0 0.1250000000004641 0.8620689655166005
1.034482758619959 0.1250000000004359 0 0.1250000000004359 1.034482758619959
0.8620689655167049 0.2500000000009 0 0.2500000000009 0.8620689655167049
0.862068965516779 0.3750000000013495 0 0.3750000000013495 0.862068965516779
1.034482758620167 0.3750000000012915 0 0.3750000000012915 1.034482758620167
0.8620689655168834 0.5000000000017691 0 0.5000000000017691 0.8620689655168834
0.8620689655169577 0.6250000000009943 0 0.6250000000009943 0.8620689655169577
1.034482758620376 0.625000000000977 0 0.625000000000977 1.034482758620376
0.8620689655170618 0.7500000000002602 0 0.7500000000002602 0.8620689655170618
0.8620689655171359 0.8750000000001215 0 0.8750000000001215 0.8620689655171359
1.034482758620584 0.8750000000001215 0 0.8750000000001215 1.034482758620584
1.206896551723143 0.1250000000004359 0 0.1250000000004359 1.206896551723143
1.379310344826393 0.1250000000004078 0 0.1250000000004078 1.379310344826393
1.206896551723313 0.2500000000008438 0 0.2500000000008438 1.206896551723313
1.206896551723418 0.3750000000012634 0 0.3750000000012634 1.206896551723418
1.379310344826733 0.3750000000012054 0 0.3750000000012054 1.379310344826733
1.206896551723587 0.5000000000016531 0 0.5000000000016531 1.206896551723587
1.206896551723692 0.625000000000919 0 0.625000000000919 1.206896551723692
1.379310344827073 0.6250000000009016 0 0.6250000000009016 1.379310344827073
1.206896551723862 0.7500000000002254 0 0.7500000000002254 1.206896551723862
1.206896551723966 0.875000000000104 0 0.875000000000104 1.206896551723966
1.379310344827414 0.875000000000104 0 0.875000000000104 1.379310344827414
1.551724137929338 0.1250000000004078 0 0.1250000000004078 1.551724137929338
1.724137931032409 0.1250000000003798 0 0.1250000000003798 1.724137931032409
1.551724137929634 0.2500000000007876 0 0.2500000000007876 1.551724137929634
1.551724137929804 0.3750000000011773 0 0.3750000000011773 1.551724137929804
1.724137931033001 0.3750000000011192 0 0.3750000000011192 1.724137931033001
1.5517241379301 0.500000000001537 0 0.500000000001537 1.5517241379301
1.55172413793027 0.6250000000008434 0 0.6250000000008434 1.55172413793027
1.724137931033593 0.6250000000008262 0 0.6250000000008262 1.724137931033593
1.551724137930567 0.7500000000001908 0 0.7500000000001908 1.551724137930567
1.551724137930736 0.8750000000000868 0 0.8750000000000868 1.551724137930736
1.724137931034186 0.8750000000000868 0 0.8750000000000868 1.724137931034186
1.896551724135354 0.1250000000003798 0 0.1250000000003798 1.896551724135354
2.068965517238424 0.1250000000003517 0 0.1250000000003517 2.068965517238424
1.896551724135775 0.2500000000007314 0 0.2500000000007314 1.896551724135775
1.896551724136071 0.3750000000010911 0 0.3750000000010911 1.896551724136071
2.068965517239268 0.3750000000010331 0 0.3750000000010331 2.068965517239268
1.896551724136494 0.5000000000014209 0 0.5000000000014209 1.896551724136494
1.89655172413679 0.6250000000007683 0 0.6250000000007683 1.89655172413679
2.068965517240112 0.6250000000007508 0 0.6250000000007508 2.068965517240112
1.896551724137212 0.7500000000001562 0 0.7500000000001562 1.896551724137212
1.896551724137508 0.8750000000000694 0 0.8750000000000694 1.896551724137508
2.068965517240956 0.8750000000000694 0 0.8750000000000694 2.068965517240956
2.241379310341369 0.1250000000003517 0 0.1250000000003517 2.241379310341369
2.413793103444439 0.1250000000003236 0 0.1250000000003236 2.413793103444439
2.241379310341916 0.2500000000006752 0 0.2500000000006752 2.241379310341916
2.241379310342339 0.375000000001005 0 0.375000000001005 2.241379310342339
2.413793103445535 0.3750000000009469 0 0.3750000000009469 2.413793103445535
2.241379310342887 0.5000000000013047 0 0.5000000000013047 2.241379310342887
2.241379310343309 0.6250000000006927 0 0.6250000000006927 2.241379310343309
2.41379310344663 0.6250000000006755 0 0.6250000000006755 2.41379310344663
2.241379310343856 0.7500000000001215 0 0.7500000000001215 2.241379310343856
2.241379310344278 0.8750000000000522 0 0.8750000000000522 2.241379310344278
2.413793103447726 0.8750000000000522 0 0.8750000000000522 2.413793103447726
2.586206896547384 0.1250000000003236 0 0.1250000000003236 2.586206896547384
2.758620689650455 0.1250000000002955 0 0.1250000000002955 2.758620689650455
2.586206896548058 0.2500000000006191 0 0.2500000000006191 2.586206896548058
2.586206896548606 0.3750000000009188 0 0.3750000000009188 2.586206896548606
2.758620689651801 0.3750000000008608 0 0.3750000000008608 2.758620689651801
2.586206896549279 0.5000000000011886 0 0.5000000000011886 2.586206896549279
2.586206896549826 0.6250000000006175 0 0.6250000000006175 2.586206896549826
2.758620689653148 0.6250000000006002 0 0.6250000000006002 2.758620689653148
2.5862068965505 0.7500000000000869 0 0.7500000000000869 2.5862068965505
2.586206896551048 0.8750000000000349 0 0.8750000000000349 2.586206896551048
2.758620689654497 0.8750000000000349 0 0.8750000000000349 2.758620689654497
2.931034482753399 0.1250000000002955 0 0.1250000000002955 2.931034482753399
3.103448275856469 0.1250000000002674 0 0.1250000000002674 3.103448275856469
2.931034482754199 0.2500000000005629 0 0.2500000000005629 2.931034482754199
2.931034482754872 0.3750000000008327 0 0.3750000000008327 2.931034482754872
3.103448275858069 0.3750000000007745 0 0.3750000000007745 3.103448275858069
2.931034482755671 0.5000000000010725 0 0.5000000000010725 2.931034482755671
2.931034482756345 0.625000000000542 0 0.625000000000542 2.931034482756345
3.103448275859668 0.6250000000005245 0 0.6250000000005245 3.103448275859668
2.931034482757145 0.7500000000000522 0 0.7500000000000522 2.931034482757145
2.931034482757819 0.8750000000000173 0 0.8750000000000173 2.931034482757819
3.103448275861266 0.8750000000000173 0 0.8750000000000173 3.103448275861266
3.275862068959414 0.1250000000002674 0 0.1250000000002674 3.275862068959414
3.448275862062485 0.1250000000002393 0 0.1250000000002393 3.448275862062485
3.27586206896034 0.2500000000005067 0 0.2500000000005067 3.27586206896034
3.275862068961139 0.3750000000007465 0 0.3750000000007465 3.275862068961139
3.448275862064336 0.3750000000006885 0 0.3750000000006885 3.448275862064336
3.275862068962065 0.5000000000009563 0 0.5000000000009563 3.275862068962065
3.275862068962865 0.6250000000004665 0 0.6250000000004665 3.275862068962865
3.448275862066187 0.6250000000004492 0 0.6250000000004492 3.448275862066187
3.275862068963789 0.7500000000000173 0 0.7500000000000173 3.275862068963789
3.275862068964589 0.875 0 0.875 3.275862068964589
3.448275862068037 0.875 0 0.875 3.448275862068037
3.62068965516543 0.1250000000002393 0 0.1250000000002393 3.62068965516543
3.793103448268501 0.1250000000002112 0 0.1250000000002112 3.793103448268501
3.620689655166482 0.2500000000004505 0 0.2500000000004505 3.620689655166482
3.620689655167407 0.3750000000006604 0 0.3750000000006604 3.620689655167407
3.793103448270604 0.3750000000006022 0 0.3750000000006022 3.793103448270604
3.620689655168459 0.5000000000008402 0 0.5000000000008402 3.620689655168459
3.620689655169384 0.625000000000391 0 0.625000000000391 3.620689655169384
3.793103448272706 0.6250000000003737 0 0.6250000000003737 3.793103448272706
3.620689655170434 0.7499999999999827 0 0.7499999999999827 3.620689655170434
3.620689655171359 0.8749999999999827 0 0.8749999999999827 3.620689655171359
3.793103448274808 0.8749999999999827 0 0.8749999999999827 3.793103448274808
3.9655172413717 0.1250000000002112 0 0.1250000000002112 3.9655172413717
4.137931034474962 0.1250000000001831 0 0.1250000000001831 4.137931034474962
3.965517241372813 0.2500000000003944 0 0.2500000000003944 3.965517241372813
3.965517241373865 0.3750000000005742 0 0.3750000000005742 3.965517241373865
4.137931034477189 0.3750000000005162 0 0.3750000000005162 4.137931034477189
3.965517241374979 0.5000000000007241 0 0.5000000000007241 3.965517241374979
3.96551724137603 0.6250000000003157 0 0.6250000000003157 3.96551724137603
4.137931034479417 0.6250000000002984 0 0.6250000000002984 4.137931034479417
3.965517241377143 0.749999999999948 0 0.749999999999948 3.965517241377143
3.965517241378195 0.8749999999999654 0 0.8749999999999654 3.965517241378195
4.137931034481643 0.8749999999999654 0 0.8749999999999654 4.137931034481643
4.310344827578671 0.1250000000001831 0 0.1250000000001831 4.310344827578671
4.482758620682317 0.125000000000155 0 0.125000000000155 4.482758620682317
4.310344827579719 0.2500000000003381 0 0.2500000000003381 4.310344827579719
4.310344827580834 0.3750000000004881 0 0.3750000000004881 4.310344827580834
4.482758620684412 0.37500000000043 0 0.37500000000043 4.482758620684412
4.310344827581881 0.5000000000006081 0 0.5000000000006081 4.310344827581881
4.310344827582995 0.6250000000002403 0 0.6250000000002403 4.310344827582995
4.482758620686508 0.6250000000002229 0 0.6250000000002229 4.482758620686508
4.310344827584044 0.7499999999999133 0 0.7499999999999133 4.310344827584044
4.310344827585157 0.874999999999948 0 0.874999999999948 4.310344827585157
4.482758620688605 0.874999999999948 0 0.874999999999948 4.482758620688605
4.655172413786026 0.125000000000155 0 0.125000000000155 4.655172413786026
4.82758620688967 0.1250000000001269 0 0.1250000000001269 4.82758620688967
4.655172413787009 0.2500000000002819 0 0.2500000000002819 4.655172413787009
4.655172413788056 0.3750000000004019 0 0.3750000000004019 4.655172413788056
4.827586206891636 0.3750000000003438 0 0.3750000000003438 4.827586206891636
4.655172413789039 0.5000000000004919 0 0.5000000000004919 4.655172413789039
4.655172413790088 0.625000000000165 0 0.625000000000165 4.655172413790088
4.827586206893601 0.6250000000001477 0 0.6250000000001477 4.827586206893601
4.65517241379107 0.7499999999998788 0 0.7499999999998788 4.65517241379107
4.655172413792117 0.8749999999999307 0 0.8749999999999307 4.655172413792117
4.827586206895566 0.8749999999999307 0 0.8749999999999307 4.827586206895566
4.999999999993381 0.1250000000001269 0 0.1250000000001269 4.999999999993381
5.172413793097027 0.1250000000000988 0 0.1250000000000988 5.172413793097027
4.999999999994298 0.2500000000002257 0 0.2500000000002257 4.999999999994298
4.999999999995281 0.3750000000003157 0 0.3750000000003157 4.999999999995281
5.172413793098861 0.3750000000002577 0 0.3750000000002577 5.172413793098861
4.999999999996199 0.5000000000003758 0 0.5000000000003758 4.999999999996199
4.999999999997181 0.6250000000000896 0 0.6250000000000896 4.999999999997181
5.172413793100695 0.6250000000000722 0 0.6250000000000722 5.172413793100695
4.999999999998098 0.7499999999998439 0 0.7499999999998439 4.999999999998098
4.99999999999908 0.8749999999999132 0 0.8749999999999132 4.99999999999908
5.172413793102528 0.8749999999999132 0 0.8749999999999132 5.172413793102528
5.344827586200736 0.1250000000000988 0 0.1250000000000988 5.344827586200736
5.517241379304381 0.1250000000000707 0 0.1250000000000707 5.517241379304381
5.344827586201587 0.2500000000001695 0 0.2500000000001695 5.344827586201587
5.344827586202506 0.3750000000002296 0 0.3750000000002296 5.344827586202506
5.517241379306084 0.3750000000001715 0 0.3750000000001715 5.517241379306084
5.344827586203357 0.5000000000002597 0 0.5000000000002597 5.344827586203357
5.344827586204274 0.625000000000014 0 0.625000000000014 5.344827586204274
5.517241379307787 0.6249999999999967 0 0.6249999999999967 5.517241379307787
5.344827586205125 0.749999999999809 0 0.749999999999809 5.344827586205125
5.344827586206041 0.8749999999998959 0 0.8749999999998959 5.344827586206041
5.517241379309489 0.8749999999998959 0 0.8749999999998959 5.517241379309489
5.689655172408091 0.1250000000000707 0 0.1250000000000707 5.689655172408091
5.862068965511738 0.1250000000000426 0 0.1250000000000426 5.862068965511738
5.689655172408878 0.2500000000001134 0 0.2500000000001134 5.689655172408878
5.68965517240973 0.3750000000001434 0 0.3750000000001434 5.68965517240973
5.86206896551331 0.3750000000000854 0 0.3750000000000854 5.86206896551331
5.689655172410516 0.5000000000001436 0 0.5000000000001436 5.689655172410516
5.689655172411367 0.6249999999999385 0 0.6249999999999385 5.689655172411367
5.862068965514881 0.6249999999999212 0 0.6249999999999212 5.862068965514881
5.689655172412152 0.7499999999997743 0 0.7499999999997743 5.689655172412152
5.689655172413003 0.8749999999998785 0 0.8749999999998785 5.689655172413003
5.862068965516452 0.8749999999998785 0 0.8749999999998785 5.862068965516452
6.034482758615448 0.1250000000000426 0 0.1250000000000426 6.034482758615448
6.206896551719092 0.1250000000000145 0 0.1250000000000145 6.206896551719092
6.034482758616168 0.2500000000000571 0 0.2500000000000571 6.034482758616168
6.034482758616955 0.3750000000000572 0 0.3750000000000572 6.034482758616955
6.206896551720533 0.3749999999999992 0 0.3749999999999992 6.206896551720533
6.034482758617674 0.5000000000000274 0 0.5000000000000274 6.034482758617674
6.034482758618459 0.6249999999998632 0 0.6249999999998632 6.034482758618459
6.206896551721973 0.6249999999998459 0 0.6249999999998459 6.206896551721973
6.03448275861918 0.7499999999997397 0 0.7499999999997397 6.03448275861918
6.034482758619966 0.8749999999998612 0 0.8749999999998612 6.034482758619966
6.206896551723413 0.8749999999998612 0 0.8749999999998612 6.206896551723413
6.379310344822803 0.1250000000000145 0 0.1250000000000145 6.379310344822803
6.551724137926447 0.1249999999999864 0 0.1249999999999864 6.551724137926447
6.379310344823457 0.2500000000000009 0 0.2500000000000009 6.379310344823457
6.379310344824177 0.3749999999999711 0 0.3749999999999711 6.379310344824177
6.551724137927756 0.374999999999913 0 0.374999999999913 6.551724137927756
6.379310344824831 0.4999999999999113 0 0.4999999999999113 6.379310344824831
6.379310344825551 0.6249999999997877 0 0.6249999999997877 6.379310344825551
6.551724137929066 0.6249999999997704 0 0.6249999999997704 6.551724137929066
6.379310344826207 0.749999999999705 0 0.749999999999705 6.379310344826207
6.379310344826927 0.8749999999998439 0 0.8749999999998439 6.379310344826927
6.551724137930376 0.8749999999998439 0 0.8749999999998439 6.551724137930376
6.724137931030158 0.1249999999999864 0 0.1249999999999864 6.724137931030158
6.896551724133803 0.1249999999999583 0 0.1249999999999583 6.896551724133803
6.724137931030747 0.2499999999999447 0 0.2499999999999447 6.724137931030747
6.724137931031401 0.3749999999998849 0 0.3749999999998849 6.724137931031401
6.896551724134982 0.3749999999998269 0 0.3749999999998269 6.896551724134982
6.724137931031991 0.4999999999997952 0 0.4999999999997952 6.724137931031991
6.724137931032646 0.6249999999997125 0 0.6249999999997125 6.724137931032646
6.89655172413616 0.6249999999996951 0 0.6249999999996951 6.89655172413616
6.724137931033235 0.7499999999996704 0 0.7499999999996704 6.724137931033235
6.72413793103389 0.8749999999998266 0 0.8749999999998266 6.72413793103389
6.896551724137338 0.8749999999998266 0 0.8749999999998266 6.896551724137338
7.068965517237514 0.1249999999999583 0 0.1249999999999583 7.068965517237514
7.241379310341158 0.1249999999999302 0 0.1249999999999302 7.241379310341158
7.068965517238038 0.2499999999998885 0 0.2499999999998885 7.068965517238038
7.068965517238627 0.3749999999997988 0 0.3749999999997988 7.068965517238627
7.241379310342205 0.3749999999997408 0 0.3749999999997408 7.241379310342205
7.06896551723915 0.4999999999996791 0 0.4999999999996791 7.06896551723915
7.068965517239739 0.6249999999996371 0 0.6249999999996371 7.068965517239739
7.241379310343252 0.6249999999996199 0 0.6249999999996199 7.241379310343252
7.068965517240263 0.7499999999996358 0 0.7499999999996358 7.068965517240263
7.068965517240851 0.8749999999998093 0 0.8749999999998093 7.068965517240851
7.241379310344299 0.8749999999998093 0 0.8749999999998093 7.241379310344299
7.413793103444869 0.1249999999999302 0 0.1249999999999302 7.413793103444869
7.586206896548514 0.1249999999999021 0 0.1249999999999021 7.586206896548514
7.413793103445327 0.2499999999998324 0 0.2499999999998324 7.413793103445327
7.413793103445849 0.3749999999997127 0 0.3749999999997127 7.413793103445849
7.586206896549431 0.3749999999996546 0 0.3749999999996546 7.586206896549431
7.413793103446308 0.499999999999563 0 0.499999999999563 7.413793103446308
7.413793103446833 0.6249999999995617 0 0.6249999999995617 7.413793103446833
7.586206896550346 0.6249999999995441 0 0.6249999999995441 7.586206896550346
7.41379310344729 0.749999999999601 0 0.749999999999601 7.41379310344729
7.413793103447812 0.8749999999997917 0 0.8749999999997917 7.413793103447812
7.586206896551261 0.8749999999997917 0 0.8749999999997917 7.586206896551261
7.758620689652224 0.1249999999999021 0 0.1249999999999021 7.758620689652224
7.931034482755868 0.124999999999874 0 0.124999999999874 7.931034482755868
7.758620689652616 0.2499999999997762 0 0.2499999999997762 7.758620689652616
7.758620689653075 0.3749999999996265 0 0.3749999999996265 7.758620689653075
7.931034482756653 0.3749999999995685 0 0.3749999999995685 7.931034482756653
7.758620689653467 0.4999999999994468 0 0.4999999999994468 7.758620689653467
7.758620689653925 0.6249999999994862 0 0.6249999999994862 7.758620689653925
7.931034482757439 0.6249999999994689 0 0.6249999999994689 7.931034482757439
7.758620689654317 0.7499999999995662 0 0.7499999999995662 7.758620689654317
7.758620689654775 0.8749999999997744 0 0.8749999999997744 7.758620689654775
7.931034482758225 0.8749999999997744 0 0.8749999999997744 7.931034482758225
8.103448275859579 0.124999999999874 0 0.124999999999874 8.103448275859579
8.275862068963225 0.124999999999846 0 0.124999999999846 8.275862068963225
8.103448275859906 0.24999999999972 0 0.24999999999972 8.103448275859906
8.103448275860298 0.3749999999995404 0 0.3749999999995404 8.103448275860298
8.275862068963878 0.3749999999994823 0 0.3749999999994823 8.275862068963878
8.103448275860625 0.4999999999993308 0 0.4999999999993308 8.103448275860625
8.103448275861018 0.6249999999994108 0 0.6249999999994108 8.103448275861018
8.275862068964532 0.6249999999993934 0 0.6249999999993934 8.275862068964532
8.103448275861346 0.7499999999995315 0 0.7499999999995315 8.103448275861346
8.103448275861739 0.8749999999997571 0 0.8749999999997571 8.103448275861739
8.275862068965187 0.8749999999997571 0 0.8749999999997571 8.275862068965187
8.448275862066934 0.124999999999846 0 0.124999999999846 8.448275862066934
8.62068965517058 0.1249999999998179 0 0.1249999999998179 8.62068965517058
8.448275862067197 0.2499999999996638 0 0.2499999999996638 8.448275862067197
8.448275862067524 0.3749999999994542 0 0.3749999999994542 8.448275862067524
8.620689655171104 0.3749999999993961 0 0.3749999999993961 8.620689655171104
8.448275862067785 0.4999999999992146 0 0.4999999999992146 8.448275862067785
8.448275862068112 0.6249999999993353 0 0.6249999999993353 8.448275862068112
8.620689655171626 0.624999999999318 0 0.624999999999318 8.620689655171626
8.448275862068375 0.7499999999994967 0 0.7499999999994967 8.448275862068375
8.448275862068702 0.8749999999997398 0 0.8749999999997398 8.448275862068702
8.62068965517215 0.8749999999997398 0 0.8749999999997398 8.62068965517215
8.793103448274291 0.1249999999998179 0 0.1249999999998179 8.793103448274291
8.965517241377935 0.1249999999997898 0 0.1249999999997898 8.965517241377935
8.793103448274486 0.2499999999996076 0 0.2499999999996076 8.793103448274486
8.793103448274747 0.3749999999993681 0 0.3749999999993681 8.793103448274747
8.965517241378327 0.37499999999931 0 0.37499999999931 8.965517241378327
8.793103448274945 0.4999999999990985 0 0.4999999999990985 8.793103448274945
8.793103448275206 0.6249999999992599 0 0.6249999999992599 8.793103448275206
8.96551724137872 0.6249999999992426 0 0.6249999999992426 8.96551724137872
8.793103448275401 0.7499999999994621 0 0.7499999999994621 8.793103448275401
8.793103448275664 0.8749999999997224 0 0.8749999999997224 8.793103448275664
8.965517241379112 0.8749999999997224 0 0.8749999999997224 8.965517241379112
9.137931034481644 0.1249999999997898 0 0.1249999999997898 9.137931034481644
9.310344827585288 0.1249999999997617 0 0.1249999999997617 9.310344827585288
9.137931034481774 0.2499999999995514 0 0.2499999999995514 9.137931034481774
9.137931034481971 0.3749999999992819 0 0.3749999999992819 9.137931034481971
9.310344827585549 0.3749999999992238 0 0.3749999999992238 9.310344827585549
9.137931034482103 0.4999999999989824 0 0.4999999999989824 9.137931034482103
9.137931034482298 0.6249999999991847 0 0.6249999999991847 9.137931034482298
9.310344827585812 0.6249999999991673 0 0.6249999999991673 9.310344827585812
9.137931034482429 0.7499999999994275 0 0.7499999999994275 9.137931034482429
9.137931034482627 0.8749999999997051 0 0.8749999999997051 9.137931034482627
9.310344827586075 0.8749999999997051 0 0.8749999999997051 9.310344827586075
9.482758620688998 0.1249999999997617 0 0.1249999999997617 9.482758620688998
9.655172413792645 0.1249999999997336 0 0.1249999999997336 9.655172413792645
9.482758620689063 0.2499999999994952 0 0.2499999999994952 9.482758620689063
9.482758620689195 0.3749999999991958 0 0.3749999999991958 9.482758620689195
9.655172413792775 0.3749999999991377 0 0.3749999999991377 9.655172413792775
9.48275862068926 0.4999999999988663 0 0.4999999999988663 9.48275862068926
9.482758620689392 0.6249999999991092 0 0.6249999999991092 9.482758620689392
9.655172413792906 0.6249999999990917 0 0.6249999999990917 9.655172413792906
9.482758620689458 0.7499999999993927 0 0.7499999999993927 9.482758620689458
9.482758620689589 0.8749999999996876 0 0.8749999999996876 9.482758620689589
9.655172413793037 0.8749999999996876 0 0.8749999999996876 9.655172413793037
9.827586206896354 0.1249999999997336 0 0.1249999999997336 9.827586206896354
9.827586206896354 0.2499999999994391 0 0.2499999999994391 9.827586206896354
9.82758620689642 0.3749999999991095 0 0.3749999999991095 9.82758620689642
9.82758620689642 0.4999999999987501 0 0.4999999999987501 9.82758620689642
9.827586206896486 0.6249999999990337 0 0.6249999999990337 9.827586206896486
9.827586206896486 0.749999999999358 0 0.749999999999358 9.827586206896486
9.827586206896552 0.8749999999996703 0 0.8749999999996703 9.827586206896552
2 2 1 504
729
730
731
732
733
734
735
736
737
738
739
740
741
742
743
744
745
746
747
748
749
750
751
752
753
754
755
756
757
758
759
760
761
762
763
764
765
766
767
768
769
770
771
772
773
774
775
776
777
778
779
780
781
782
783
784
785
786
787
788
789
790
791
792
793
794
795
796
797
798
799
800
801
802
803
804
805
806
807
808
809
810
811
812
813
814
815
816
817
818
819
820
821
822
823
824
825
826
827
828
829
830
831
832
833
834
835
836
837
838
839
840
841
842
843
844
845
846
847
848
849
850
851
852
853
854
855
856
857
858
859
860
861
862
863
864
865
866
867
868
869
870
871
872
873
874
875
876
877
878
879
880
881
882
883
884
885
886
887
888
889
890
891
892
893
894
895
896
897
898
899
900
901
902
903
904
905
906
907
908
909
910
911
912
913
914
915
916
917
918
919
920
921
922
923
924
925
926
927
928
929
930
931
932
933
934
935
936
937
938
939
940
941
942
943
944
945
946
947
948
949
950
951
952
953
954
955
956
957
958
959
960
961
962
963
964
965
966
967
968
969
970
971
972
973
974
975
976
977
978
979
980
981
982
983
984
985
986
987
988
989
990
991
992
993
994
995
996
997
998
999
1000
1001
1002
1003
1004
1005
1006
1007
1008
1009
1010
1011
1012
1013
1014
1015
1016
1017
1018
1019
1020
1021
1022
1023
1024
1025
1026
1027
1028
1029
1030
1031
1032
1033
1034
1035
1036
1037
1038
1039
1040
1041
1042
1043
1044
1045
1046
1047
1048
1049
1050
1051
1052
1053
1054
1055
1056
1057
1058
1059
1060
1061
1062
1063
1064
1065
1066
1067
1068
1069
1070
1071
1072
1073
1074
1075
1076
1077
1078
1079
1080
1081
1082
1083
1084
1085
1086
1087
1088
1089
1090
1091
1092
1093
1094
1095
1096
1097
1098
1099
1100
1101
1102
1103
1104
1105
1106
1107
1108
1109
1110
1111
1112
1113
1114
1115
1116
1117
1118
1119
1120
1121
1122
1123
1124
1125
1126
1127
1128
1129
1130
1131
1132
1133
1134
1135
1136
1137
1138
1139
1140
1141
1142
1143
1144
1145
1146
1147
1148
1149
1150
1151
1152
1153
1154
1155
1156
1157
1158
1159
1160
1161
1162
1163
1164
1165
1166
1167
1168
1169
1170
1171
1172
1173
1174
1175
1176
1177
1178
1179
1180
1181
1182
1183
1184
1185
1186
1187
1188
1189
1190
1191
1192
1193
1194
1195
1196
1197
1198
1199
1200
1201
1202
1203
1204
1205
1206
1207
1208
1209
1210
1211
1212
1213
1214
1215
1216
1217
1218
1219
1220
1221
1222
1223
1224
1225
1226
1227
1228
1229
1230
1231
1232
0.5263157894726557 1.817678862361656 0 -1.817678862361656 0.5263157894726557
3.256434479872986 1.834725669689398 0 -1.834725669689398 3.256434479872986
1.562584551913429 1.810197433371323 0 -1.810197433371323 1.562584551913429
2.190723915347018 1.790094090918509 0 -1.790094090918509 2.190723915347018
2.629133885368784 1.855536167543064 0 -1.855536167543064 2.629133885368784
1.151640227771111 1.799816258690813 0 -1.799816258690813 1.151640227771111
3.684210526314957 1.81767886236069 0 -1.81767886236069 3.684210526314957
4.156369463361857 1.75813739409537 0 -1.75813739409537 4.156369463361857
9.514308690093825 1.270419109215288 0 -1.270419109215288 9.514308690093825
6.368421052625903 1.731582667764421 0 -1.731582667764421 6.368421052625903
5.736842105256486 1.732592986303623 0 -1.732592986303623 5.736842105256486
7.013475886574717 1.743697758977773 0 -1.743697758977773 7.013475886574717
8.867903492950798 1.691731691219688 0 -1.691731691219688 8.867903492950798
5.101204369334352 1.745007603046249 0 -1.745007603046249 5.101204369334352
7.675540228521698 1.769322379796358 0 -1.769322379796358 7.675540228521698
8.211098333383454 1.769274711029112 0 -1.769274711029112 8.211098333383454
1.929257271483835 1.297604104925679 0 -1.297604104925679 1.929257271483835
2.956914019945223 1.292197018794748 0 -1.292197018794748 2.956914019945223
0.8952216337584296 1.297013549074125 0 -1.297013549074125 0.8952216337584296
4.692724345141631 1.265764967798372 0 -1.265764967798372 4.692724345141631
3.605480719197626 1.282602974077186 0 -1.282602974077186 3.605480719197626
9.784449913177449 1.627249679403497 0 -1.627249679403497 9.784449913177449
0.2499594683351818 1.3832274061486 0 -1.3832274061486 0.2499594683351818
6.038803906316017 1.278012830806594 0 -1.278012830806594 6.038803906316017
6.710828796126518 1.272591073696496 0 -1.272591073696496 6.710828796126518
5.370235934661727 1.2757704102886 0 -1.2757704102886 5.370235934661727
7.413793103448269 1.29862944958084 0 -1.29862944958084 7.413793103448269
8.450587583785479 1.278380782449764 0 -1.278380782449764 8.450587583785479
3.279953596182278 1.330321480943552 0 -1.330321480943552 3.279953596182278
3.463321452752575 1.554725369483314 0 -1.554725369483314 3.463321452752575
3.066068520342127 1.516955244501551 0 -1.516955244501551 3.066068520342127
2.845191626886181 1.564842965922018 0 -1.564842965922018 2.845191626886181
2.625513341529095 1.341401651250045 0 -1.341401651250045 2.625513341529095
2.286279956158496 1.332679955651482 0 -1.332679955651482 2.286279956158496
2.081027907694549 1.541526042946679 0 -1.541526042946679 2.081027907694549
1.826772496770027 1.566278615516616 0 -1.566278615516616 1.826772496770027
1.594389260944026 1.341558824528679 0 -1.341558824528679 1.594389260944026
1.252203441521666 1.33210873866859 0 -1.33210873866859 1.252203441521666
1.047068521192881 1.537017068648389 0 -1.537017068648389 1.047068521192881
0.7359959083983497 1.60657756451816 0 -1.60657756451816 0.7359959083983497
0.5781022564742722 1.345659019419752 0 -1.345659019419752 0.5781022564742722
2.448330597424854 1.548737613314069 0 -1.548737613314069 2.448330597424854
4.455577640999193 1.751883646952267 0 -1.751883646952267 4.455577640999193
4.2668435298853 1.525649822194666 0 -1.525649822194666 4.2668435298853
3.987007424649812 1.534805720699203 0 -1.534805720699203 3.987007424649812
1.427753372083508 1.569270718150722 0 -1.569270718150722 1.427753372083508
4.773657277603153 1.748718774230886 0 -1.748718774230886 4.773657277603153
9.161558171603179 1.27974156143503 0 -1.27974156143503 9.161558171603179
9.33946388372439 1.529033784489143 0 -1.529033784489143 9.33946388372439
8.82189409175901 1.322750986732311 0 -1.322750986732311 8.82189409175901
5.044353631490471 1.269033746502592 0 -1.269033746502592 5.044353631490471
5.710339066052999 1.266645942258955 0 -1.266645942258955 5.710339066052999
7.057234708920767 1.263395081676886 0 -1.263395081676886 7.057234708920767
6.374182582891582 1.262234813126826 0 -1.262234813126826 6.374182582891582
8.106090209715424 1.273741213544793 0 -1.273741213544793 8.106090209715424
7.76067504569089 1.273021002572841 0 -1.273021002572841 7.76067504569089
7.938104281079075 1.552272323554084 0 -1.552272323554084 7.938104281079075
1.978696766576785 1.787451632419412 0 -1.787451632419412 1.978696766576785
5.420707496490712 1.741791194818407 0 -1.741791194818407 5.420707496490712
8.523518522469596 1.736172246579313 0 -1.736172246579313 8.523518522469596
6.685814798522438 1.74535319078596 0 -1.74535319078596 6.685814798522438
7.358134593920068 1.745885284075736 0 -1.745885284075736 7.358134593920068
6.0526315789412 1.737586237570523 0 -1.737586237570523 6.0526315789412
3.052937584278899 1.768803171746282 0 -1.768803171746282 3.052937584278899
3.919172932329516 1.775354312553465 0 -1.775354312553465 3.919172932329516
0.3194216066551597 1.816164881506467 0 -1.816164881506467 0.3194216066551597
0.4336219434742766 1.599051288992439 0 -1.599051288992439 0.4336219434742766
2.428372253832808 1.789366967723848 0 -1.789366967723848 2.428372253832808
3.458567807948763 1.788204730484825 0 -1.788204730484825 3.458567807948763
0.7366728658889148 1.848387057848304 0 -1.848387057848304 0.7366728658889148
1.351669025850163 1.800967861497656 0 -1.800967861497656 1.351669025850163
0.9276857275586856 1.798632991617611 0 -1.798632991617611 0.9276857275586856
9.78185598922283 1.382908498888811 0 -1.382908498888811 9.78185598922283
0.1914414430779081 1.648239545987465 0 -1.648239545987465 0.1914414430779081
3.721210333253258 1.55084287297044 0 -1.55084287297044 3.721210333253258
9.541995439994679 1.76591329031345 0 -1.76591329031345 9.541995439994679
3.901524653141641 1.261683311535681 0 -1.261683311535681 3.901524653141641
1.759252049056535 1.79889937105188 0 -1.79889937105188 1.759252049056535
4.380071457010421 1.279831267882169 0 -1.279831267882169 4.380071457010421
6.210526315783554 1.506207072807654 0 -1.506207072807654 6.210526315783554
2.809169937608804 1.802922991585845 0 -1.802922991585845 2.809169937608804
6.531979801517158 1.50723556468197 0 -1.50723556468197 6.531979801517158
5.894736842098852 1.518886056155562 0 -1.518886056155562 5.894736842098852
1.231193898076636 1.626522758773082 0 -1.626522758773082 1.231193898076636
9.584522309507353 1.51786982453405 0 -1.51786982453405 9.584522309507353
9.204949776410892 1.753059119503367 0 -1.753059119503367 9.204949776410892
9.073476548126616 1.519952720767912 0 -1.519952720767912 9.073476548126616
2.265261055052621 1.623571953004419 0 -1.623571953004419 2.265261055052621
6.873014007995952 1.502663011115433 0 -1.502663011115433 6.873014007995952
5.575577901212954 1.523143838368515 0 -1.523143838368515 5.575577901212954
4.592400937931894 1.537028527347171 0 -1.537028527347171 4.592400937931894
4.919465134620914 1.522914008654646 0 -1.522914008654646 4.919465134620914
7.238750056314109 1.483705396873513 0 -1.483705396873513 7.238750056314109
8.607495056528727 1.489839294295764 0 -1.489839294295764 8.607495056528727
5.250623634477041 1.523213834781978 0 -1.523213834781978 5.250623634477041
7.576556206695008 1.499956817073163 0 -1.499956817073163 7.576556206695008
0.1961996040444756 1.171368700473837 0 -1.171368700473837 0.1961996040444756
9.790267418621951 1.18066552162082 0 -1.18066552162082 9.790267418621951
8.291624730046951 1.49784774414829 0 -1.49784774414829 8.291624730046951
0.3862109656802994 1.223616096220587 0 -1.223616096220587 0.3862109656802994
1.617854855377976 1.625012439872702 0 -1.625012439872702 1.617854855377976
9.802131175897486 1.828632593943389 0 -1.828632593943389 9.802131175897486
7.943895937016615 1.818173882875911 0 -1.818173882875911 7.943895937016615
0.1442778731044231 1.842880885498786 0 -1.842880885498786 0.1442778731044231
2.637120460785031 1.63963748882043 0 -1.63963748882043 2.637120460785031
4.134675619833986 1.320394024462344 0 -1.320394024462344 4.134675619833986
3.262880573562937 1.632289277808153 0 -1.632289277808153 3.262880573562937
3.57894736841994 1.676851220800285 0 -1.676851220800285 3.57894736841994
0.6311558489355027 1.712128213439908 0 -1.712128213439908 0.6311558489355027
0.5848089259363132 1.6028144267553 0 -1.6028144267553 0.5848089259363132
0.4799688664734661 1.708365075677047 0 -1.708365075677047 0.4799688664734661
0.9648521961895591 1.148506774537062 0 -1.148506774537062 0.9648521961895591
1.073712537640048 1.314561143871357 0 -1.314561143871357 1.073712537640048
1.143343100071177 1.166054369334295 0 -1.166054369334295 1.143343100071177
1.999111394362606 1.148802052462839 0 -1.148802052462839 1.999111394362606
2.107768613821166 1.31514203028858 0 -1.31514203028858 2.107768613821166
2.177622736699937 1.166339977825741 0 -1.166339977825741 2.177622736699937
2.005142589589192 1.419565073936179 0 -1.419565073936179 2.005142589589192
2.183653931926523 1.437102999299081 0 -1.437102999299081 2.183653931926523
0.971145077475655 1.417015308861257 0 -1.417015308861257 0.971145077475655
1.149635981357273 1.43456290365849 0 -1.43456290365849 1.149635981357273
2.519653222488684 1.170700825625023 0 -1.170700825625023 2.519653222488684
2.350036529803385 1.166339977825741 0 -1.166339977825741 2.350036529803385
2.455896648843796 1.337040803450764 0 -1.337040803450764 2.455896648843796
1.486849802885805 1.17077941226434 0 -1.17077941226434 1.486849802885805
1.315756893174625 1.166054369334295 0 -1.166054369334295 1.315756893174625
1.423296351232846 1.336833781598635 0 -1.336833781598635 1.423296351232846
0.414030862404727 1.364443212784176 0 -1.364443212784176 0.414030862404727
0.3417907059047293 1.491139347570519 0 -1.491139347570519 0.3417907059047293
0.5058620999742744 1.472355154206096 0 -1.472355154206096 0.5058620999742744
0.6314943276807852 1.83303296010498 0 -1.83303296010498 0.6314943276807852
0.7363343871436323 1.727482311183232 0 -1.727482311183232 0.7363343871436323
3.105416160559392 1.884401585873141 0 -1.884401585873141 3.105416160559392
3.000153002664377 1.884401585873141 0 -1.884401585873141 3.000153002664377
3.207164608356435 1.917362834844699 0 -1.917362834844699 3.207164608356435
3.154686032075943 1.80176442071784 0 -1.80176442071784 3.154686032075943
0.8915322147956151 1.571797316583275 0 -1.571797316583275 0.8915322147956151
0.8318408179785177 1.702605278067886 0 -1.702605278067886 0.8318408179785177
0.9873771243757831 1.667825030133 0 -1.667825030133 0.9873771243757831
2.692067015592132 1.170700825625023 0 -1.170700825625023 2.692067015592132
8.844898792354904 1.507241338975999 0 -1.507241338975999 8.844898792354904
8.970690020538708 1.6058422059938 0 -1.6058422059938 8.970690020538708
8.947685319942813 1.421351853750111 0 -1.421351853750111 8.947685319942813
1.659263595989254 1.17077941226434 0 -1.17077941226434 1.659263595989254
2.041979962233262 1.893725816209706 0 -1.893725816209706 2.041979962233262
1.93671680433854 1.893725816209706 0 -1.893725816209706 1.93671680433854
0.6570490824363109 1.476118291968956 0 -1.476118291968956 0.6570490824363109
8.714694574143868 1.406295140514037 0 -1.406295140514037 8.714694574143868
8.737699274739763 1.590785492757726 0 -1.590785492757726 8.737699274739763
4.32345749344786 1.402740545038417 0 -1.402740545038417 4.32345749344786
4.429622233908597 1.531339174770919 0 -1.531339174770919 4.429622233908597
4.486236197471158 1.40842989761467 0 -1.40842989761467 4.486236197471158
9.648082339658327 1.32666380405205 0 -1.32666380405205 9.648082339658327
9.786061703922391 1.281787010254815 0 -1.281787010254815 9.786061703922391
9.652288054357889 1.225542315418054 0 -1.225542315418054 9.652288054357889
2.147993536618379 1.895047045459255 0 -1.895047045459255 2.147993536618379
2.084710340961902 1.788772861668961 0 -1.788772861668961 2.084710340961902
3.259657526717961 1.733507473748776 0 -1.733507473748776 3.259657526717961
3.157909078920918 1.700546224777218 0 -1.700546224777218 3.157909078920918
1.099354374481996 1.668416663669601 0 -1.668416663669601 1.099354374481996
1.039662977664898 1.799224625154212 0 -1.799224625154212 1.039662977664898
3.11843380806375 1.31125924986915 0 -1.31125924986915 3.11843380806375
3.011491270143675 1.404576131648149 0 -1.404576131648149 3.011491270143675
3.173011058262202 1.423638362722552 0 -1.423638362722552 3.173011058262202
4.536397901076025 1.27279811784027 0 -1.27279811784027 4.536397901076025
4.642562641536762 1.401396747572771 0 -1.401396747572771 4.642562641536762
0.4821566110772858 1.284637557820169 0 -1.284637557820169 0.4821566110772858
0.3180852170077406 1.303421751184593 0 -1.303421751184593 0.3180852170077406
2.135875911520784 1.665810066932594 0 -1.665810066932594 2.135875911520784
2.029862337135667 1.664488837683046 0 -1.664488837683046 2.029862337135667
0.8321792967238002 1.823510024732957 0 -1.823510024732957 0.8321792967238002
3.030181147903644 1.146098509397374 0 -1.146098509397374 3.030181147903644
3.191700936022172 1.165160740471776 0 -1.165160740471776 3.191700936022172
2.367305276791675 1.440708784482776 0 -1.440708784482776 2.367305276791675
2.536921969476975 1.445069632282057 0 -1.445069632282057 2.536921969476975
1.339978406802587 1.450689728409656 0 -1.450689728409656 1.339978406802587
1.511071316513767 1.455414771339701 0 -1.455414771339701 1.511071316513767
3.442717157689952 1.306462227510369 0 -1.306462227510369 3.442717157689952
3.371637524467426 1.442523425213433 0 -1.442523425213433 3.371637524467426
3.5344010859751 1.41866417178025 0 -1.41866417178025 3.5344010859751
4.236079468520943 1.879068697047685 0 -1.879068697047685 4.236079468520943
4.078184731680929 1.879068697047685 0 -1.879068697047685 4.078184731680929
3.271417084872607 1.481305379375853 0 -1.481305379375853 3.271417084872607
3.363101013157756 1.593507323645734 0 -1.593507323645734 3.363101013157756
3.164474546952532 1.574622261154852 0 -1.574622261154852 3.164474546952532
0.7924384030861107 1.148506774537062 0 -1.148506774537062 0.7924384030861107
0.633878714444032 1.172829509709876 0 -1.172829509709876 0.633878714444032
0.7366619451163509 1.321336284246938 0 -1.321336284246938 0.7366619451163509
0.5379330690470456 1.111808048110293 0 -1.111808048110293 0.5379330690470456
3.801691729322236 1.796516587457078 0 -1.796516587457078 3.801691729322236
3.820191632791387 1.663098592761953 0 -1.663098592761953 3.820191632791387
3.702710429784108 1.684260867665565 0 -1.684260867665565 3.702710429784108
2.857767354800196 1.146098509397374 0 -1.146098509397374 2.857767354800196
2.791213680737159 1.316799335022396 0 -1.316799335022396 2.791213680737159
2.901052823415702 1.428519992358383 0 -1.428519992358383 2.901052823415702
2.955630073614154 1.540899105211784 0 -1.540899105211784 2.955630073614154
1.826697601259158 1.148802052462839 0 -1.148802052462839 1.826697601259158
1.76182326621393 1.319581464727179 0 -1.319581464727179 1.76182326621393
6.943244947285335 1.623180385046603 0 -1.623180385046603 6.943244947285335
7.126112971444413 1.613701577925643 0 -1.613701577925643 7.126112971444413
7.05588203215503 1.493184203994473 0 -1.493184203994473 7.05588203215503
3.059503052310513 1.642879208123917 0 -1.642879208123917 3.059503052310513
0.09809980202223782 1.085684350236919 0 -1.085684350236919 0.09809980202223782
0.2705135951256862 1.085684350236919 0 -1.085684350236919 0.2705135951256862
9.722719916207527 1.09033276081041 0 -1.09033276081041 9.722719916207527
9.895133709310976 1.09033276081041 0 -1.09033276081041 9.895133709310976
1.878014884126931 1.431941360221147 0 -1.431941360221147 1.878014884126931
1.953900202232288 1.553902329231647 0 -1.553902329231647 1.953900202232288
8.56550678949916 1.613005770437539 0 -1.613005770437539 8.56550678949916
8.449559893287839 1.493843519222027 0 -1.493843519222027 8.449559893287839
8.407571626258274 1.617009995363802 0 -1.617009995363802 8.407571626258274
3.526878290633294 1.141301487038593 0 -1.141301487038593 3.526878290633294
3.36411472912562 1.165160740471776 0 -1.165160740471776 3.36411472912562
1.495168961998468 1.689734075761022 0 -1.689734075761022 1.495168961998468
1.389711198966836 1.685119289824189 0 -1.685119289824189 1.389711198966836
1.457126788881796 1.805582647434489 0 -1.805582647434489 1.457126788881796
9.584740551943465 1.135209554607644 0 -1.135209554607644 9.584740551943465
3.959586466164758 1.887677156276733 0 -1.887677156276733 3.959586466164758
3.854323308269743 1.887677156276733 0 -1.887677156276733 3.854323308269743
0.8156087710783897 1.451795556796142 0 -1.451795556796142 0.8156087710783897
8.535638619478945 1.139190391224882 0 -1.139190391224882 8.535638619478945
8.636240837772245 1.300565884591038 0 -1.300565884591038 8.636240837772245
8.721291873465711 1.161375493366156 0 -1.161375493366156 8.721291873465711
5.024286395189995 1.872503801523124 0 -1.872503801523124 5.024286395189995
4.937430823468752 1.746863188638567 0 -1.746863188638567 4.937430823468752
4.860512849324395 1.874359387115443 0 -1.874359387115443 4.860512849324395
0.220700455706545 1.515733476068032 0 -1.515733476068032 0.220700455706545
0.3125316932760924 1.623645417489952 0 -1.623645417489952 0.3125316932760924
2.227992485199819 1.706833021961464 0 -1.706833021961464 2.227992485199819
2.173144481373585 1.582548997975549 0 -1.582548997975549 2.173144481373585
2.528753069600796 1.822451567633456 0 -1.822451567633456 2.528753069600796
2.633127173076907 1.747586828181747 0 -1.747586828181747 2.633127173076907
2.532746357308919 1.714502228272139 0 -1.714502228272139 2.532746357308919
6.965124358458359 1.383029046396159 0 -1.383029046396159 6.965124358458359
7.147992382617438 1.373550239275199 0 -1.373550239275199 7.147992382617438
8.367308427926524 1.752723478804213 0 -1.752723478804213 8.367308427926524
8.251361531715203 1.633561227588701 0 -1.633561227588701 8.251361531715203
3.699292083736743 1.141301487038593 0 -1.141301487038593 3.699292083736743
9.412326758840017 1.135209554607644 0 -1.135209554607644 9.412326758840017
7.499999999999994 1.14931472479042 0 -1.14931472479042 7.499999999999994
7.587234074569579 1.285825226076841 0 -1.285825226076841 7.587234074569579
7.673440971121305 1.136510501286421 0 -1.136510501286421 7.673440971121305
9.663222676586063 1.696581484858474 0 -1.696581484858474 9.663222676586063
9.672063307946082 1.79727294212842 0 -1.79727294212842 9.672063307946082
9.793290544537467 1.727941136673443 0 -1.727941136673443 9.793290544537467
1.191417062923874 1.713169508731947 0 -1.713169508731947 1.191417062923874
1.139131209634758 1.581769913710735 0 -1.581769913710735 1.139131209634758
4.702618112483504 1.874359387115443 0 -1.874359387115443 4.702618112483504
9.235951499594693 1.139870780717515 0 -1.139870780717515 9.235951499594693
9.337933430848501 1.275080335325159 0 -1.275080335325159 9.337933430848501
1.902734631673406 1.676865123968014 0 -1.676865123968014 1.902734631673406
4.760155276019089 1.132882483899186 0 -1.132882483899186 4.760155276019089
4.86853898831605 1.267399357150482 0 -1.267399357150482 4.86853898831605
4.935969919193509 1.134516873251296 0 -1.134516873251296 4.935969919193509
5.950436435916627 1.139006415403297 0 -1.139006415403297 5.950436435916627
5.786204015785119 1.133322971129477 0 -1.133322971129477 5.786204015785119
5.874571486184508 1.272329386532774 0 -1.272329386532774 5.874571486184508
7.327586206896545 1.14931472479042 0 -1.14931472479042 7.327586206896545
7.149307009632794 1.131697540838443 0 -1.131697540838443 7.149307009632794
7.235513906184518 1.281012265628863 0 -1.281012265628863 7.235513906184518
6.122850229020075 1.139006415403297 0 -1.139006415403297 6.122850229020075
6.2064932446038 1.27012382196671 0 -1.27012382196671 6.2064932446038
6.290539567307858 1.131117406563413 0 -1.131117406563413 6.290539567307858
9.250511027663784 1.404387672962086 0 -1.404387672962086 9.250511027663784
9.426886286909108 1.399726446852215 0 -1.399726446852215 9.426886286909108
2.94906460558254 1.66682306883415 0 -1.66682306883415 2.94906460558254
8.89370566656916 1.161375493366156 0 -1.161375493366156 8.89370566656916
7.298442325117088 1.614795340474624 0 -1.614795340474624 7.298442325117088
7.467345400307538 1.622921050574449 0 -1.622921050574449 7.467345400307538
7.407653131504558 1.491831106973338 0 -1.491831106973338 7.407653131504558
9.063537706491244 1.139870780717515 0 -1.139870780717515 9.063537706491244
8.991726131681094 1.301246274083671 0 -1.301246274083671 8.991726131681094
4.755933036276404 1.529971268000908 0 -1.529971268000908 4.755933036276404
4.806094739881273 1.394339488226509 0 -1.394339488226509 4.806094739881273
7.933382627703157 1.273381108058817 0 -1.273381108058817 7.933382627703157
7.849389663384983 1.412646663063463 0 -1.412646663063463 7.849389663384983
8.02209724539725 1.413006768549439 0 -1.413006768549439 8.02209724539725
3.736842105262464 1.908839431180345 0 -1.908839431180345 3.736842105262464
8.018562346237021 1.136870606772397 0 -1.136870606772397 8.018562346237021
7.845854764224754 1.136510501286421 0 -1.136510501286421 7.845854764224754
5.271324863882586 1.1378852051443 0 -1.1378852051443 5.271324863882586
5.108383712296957 1.134516873251296 0 -1.134516873251296 5.108383712296957
5.207294783076099 1.272402078395596 0 -1.272402078395596 5.207294783076099
5.443738656986033 1.1378852051443 0 -1.1378852051443 5.443738656986033
5.540287500357363 1.271208176273777 0 -1.271208176273777 5.540287500357363
5.61379022268167 1.133322971129477 0 -1.133322971129477 5.61379022268167
6.803690260132223 1.136295536848248 0 -1.136295536848248 6.803690260132223
6.884031752523642 1.267993077686691 0 -1.267993077686691 6.884031752523642
6.976893216529347 1.131697540838443 0 -1.131697540838443 6.976893216529347
8.363224826375497 1.139190391224882 0 -1.139190391224882 8.363224826375497
8.190976139340469 1.136870606772397 0 -1.136870606772397 8.190976139340469
8.278338896750451 1.276060997997279 0 -1.276060997997279 8.278338896750451
6.631276467028774 1.136295536848248 0 -1.136295536848248 6.631276467028774
6.462953360411307 1.131117406563413 0 -1.131117406563413 6.462953360411307
6.54250568950905 1.267412943411661 0 -1.267412943411661 6.54250568950905
4.037771197845687 1.766745853324418 0 -1.766745853324418 4.037771197845687
4.587741482915641 1.132882483899186 0 -1.132882483899186 4.587741482915641
3.854108878951535 1.542824296834821 0 -1.542824296834821 3.854108878951535
3.944266038895726 1.398244516117442 0 -1.398244516117442 3.944266038895726
3.811367493197449 1.40626309225306 0 -1.40626309225306 3.811367493197449
4.543578294181524 1.875941823476134 0 -1.875941823476134 4.543578294181524
4.614617459301173 1.750301210591577 0 -1.750301210591577 4.614617459301173
1.590219703645702 1.717604936622013 0 -1.717604936622013 1.590219703645702
1.522804113730742 1.597141579011712 0 -1.597141579011712 1.522804113730742
4.981909383055692 1.395973877578619 0 -1.395973877578619 4.981909383055692
8.074601307231264 1.660773517291598 0 -1.660773517291598 8.074601307231264
8.114864505563013 1.525060033851187 0 -1.525060033851187 8.114864505563013
2.438351425628831 1.669052290518958 0 -1.669052290518958 2.438351425628831
2.542725529104943 1.594187551067249 0 -1.594187551067249 2.542725529104943
3.663345526225442 1.416722923523813 0 -1.416722923523813 3.663345526225442
3.753502686169633 1.272143142806433 0 -1.272143142806433 3.753502686169633
2.735352484207638 1.453122308586031 0 -1.453122308586031 2.735352484207638
7.806822254800386 1.660797351675221 0 -1.660797351675221 7.806822254800386
7.757330243887042 1.526114570313623 0 -1.526114570313623 7.757330243887042
7.626048217608353 1.63463959843476 0 -1.63463959843476 7.626048217608353
0.3655192759435981 1.111808048110293 0 -1.111808048110293 0.3655192759435981
1.710580878857026 1.453918720022647 0 -1.453918720022647 1.710580878857026
1.241698669799151 1.479315748720836 0 -1.479315748720836 1.241698669799151
2.275770505605559 1.478125954327951 0 -1.478125954327951 2.275770505605559
4.211606496623578 1.641893608145018 0 -1.641893608145018 4.211606496623578
4.126925477267555 1.530227771446935 0 -1.530227771446935 4.126925477267555
4.071688444005835 1.646471557397287 0 -1.646471557397287 4.071688444005835
7.516837411220883 1.757603831936047 0 -1.757603831936047 7.516837411220883
9.901065587948743 1.914316296971695 0 -1.914316296971695 9.901065587948743
9.743170851106392 1.914316296971695 0 -1.914316296971695 9.743170851106392
3.592265893002916 1.552784121226877 0 -1.552784121226877 3.592265893002916
5.182181132031898 1.872503801523124 0 -1.872503801523124 5.182181132031898
5.499827432452429 1.870895597409203 0 -1.870895597409203 5.499827432452429
5.341932695610078 1.870895597409203 0 -1.870895597409203 5.341932695610078
8.630180313865388 1.868086123289657 0 -1.868086123289657 8.630180313865388
8.472285577023037 1.868086123289657 0 -1.868086123289657 8.472285577023037
8.960267535948343 1.845865845609844 0 -1.845865845609844 8.960267535948343
8.80237279910599 1.845865845609844 0 -1.845865845609844 8.80237279910599
8.316075482479967 1.884637355514556 0 -1.884637355514556 8.316075482479967
8.158180745637614 1.884637355514556 0 -1.884637355514556 8.158180745637614
6.763960030837698 1.87267659539298 0 -1.87267659539298 6.763960030837698
6.606065293995346 1.87267659539298 0 -1.87267659539298 6.606065293995346
7.08568531170619 1.871848879488887 0 -1.871848879488887 7.08568531170619
6.927790574863836 1.871848879488887 0 -1.871848879488887 6.927790574863836
7.732506956364384 1.884661189898179 0 -1.884661189898179 7.732506956364384
7.574612219522032 1.884661189898179 0 -1.884661189898179 7.574612219522032
6.447368421047079 1.865791333882211 0 -1.865791333882211 6.447368421047079
6.289473684204728 1.865791333882211 0 -1.865791333882211 6.289473684204728
5.815789473677667 1.866296493151812 0 -1.866296493151812 5.815789473677667
5.657894736835317 1.866296493151812 0 -1.866296493151812 5.657894736835317
7.415909402221216 1.872942642037868 0 -1.872942642037868 7.415909402221216
7.258014665378864 1.872942642037868 0 -1.872942642037868 7.258014665378864
6.131578947362376 1.868793118785262 0 -1.868793118785262 6.131578947362376
5.973684210520025 1.868793118785262 0 -1.868793118785262 5.973684210520025
4.385683557339611 1.875941823476134 0 -1.875941823476134 4.385683557339611
8.695711007710198 1.7139519688995 0 -1.7139519688995 8.695711007710198
2.356795826238738 1.586154783159244 0 -1.586154783159244 2.356795826238738
3.953090178489663 1.655080016626334 0 -1.655080016626334 3.953090178489663
1.329473635080072 1.597896738461902 0 -1.597896738461902 1.329473635080072
7.668615626192949 1.386488909823002 0 -1.386488909823002 7.668615626192949
5.260955932912532 1.743399398932328 0 -1.743399398932328 5.260955932912532
5.578774800873599 1.737192090561015 0 -1.737192090561015 5.578774800873599
7.185805240247392 1.744791521526755 0 -1.744791521526755 7.185805240247392
6.849645342548578 1.744525474881867 0 -1.744525474881867 6.849645342548578
6.210526315783552 1.734584452667472 0 -1.734584452667472 6.210526315783552
5.894736842098842 1.735089611937073 0 -1.735089611937073 5.894736842098842
6.527117925574171 1.738467929275191 0 -1.738467929275191 6.527117925574171
3.84731405070875 1.13084165576784 0 -1.13084165576784 3.84731405070875
4.019727843812198 1.13084165576784 0 -1.13084165576784 4.019727843812198
4.431415038850036 1.139915633941084 0 -1.139915633941084 4.431415038850036
7.941000109047845 1.685223103214997 0 -1.685223103214997 7.941000109047845
8.077497135200034 1.793724296952512 0 -1.793724296952512 8.077497135200034
4.018100136487814 1.291038667999012 0 -1.291038667999012 4.018100136487814
4.136303327158371 1.160197012231172 0 -1.160197012231172 4.136303327158371
4.305973552180525 1.755010520523819 0 -1.755010520523819 4.305973552180525
4.361210585442246 1.638766734573467 0 -1.638766734573467 4.361210585442246
1.86897440781666 1.793175501735646 0 -1.793175501735646 1.86897440781666
1.826994445578415 1.89944968552594 0 -1.89944968552594 1.826994445578415
8.198857469881187 1.385794478846542 0 -1.385794478846542 8.198857469881187
2.827180782247492 1.683882978753932 0 -1.683882978753932 2.827180782247492
2.741156043835606 1.602240227371224 0 -1.602240227371224 2.741156043835606
2.723145199196917 1.721280240203138 0 -1.721280240203138 2.723145199196917
9.117517359864898 1.399847141101471 0 -1.399847141101471 9.117517359864898
2.631316901157063 1.490519570035238 0 -1.490519570035238 2.631316901157063
5.147488632983755 1.396123790642285 0 -1.396123790642285 5.147488632983755
5.310429784569384 1.399492122535289 0 -1.399492122535289 5.310429784569384
9.890927994611415 1.316454249444405 0 -1.316454249444405 9.890927994611415
9.890927994611415 1.441454249444405 0 -1.441454249444405 9.890927994611415
2.253256694513393 1.895047045459255 0 -1.895047045459255 2.253256694513393
2.477344021651303 1.894683483861924 0 -1.894683483861924 2.477344021651303
2.372080863756288 1.894683483861924 0 -1.894683483861924 2.372080863756288
3.312427766251449 1.917362834844699 0 -1.917362834844699 3.312427766251449
3.63157894736745 1.908839431180345 0 -1.908839431180345 3.63157894736745
2.682987995314305 1.927768083771532 0 -1.927768083771532 2.682987995314305
2.577724837419291 1.927768083771532 0 -1.927768083771532 2.577724837419291
3.518757588184352 1.894102365242412 0 -1.894102365242412 3.518757588184352
3.413494430289338 1.894102365242412 0 -1.894102365242412 3.413494430289338
0.7893890645224571 1.924193528924152 0 -1.924193528924152 0.7893890645224571
0.6841259066280275 1.924193528924152 0 -1.924193528924152 0.6841259066280275
0.578947368419898 1.908839431180828 0 -1.908839431180828 0.578947368419898
0.4736842105254137 1.908839431180828 0 -1.908839431180828 0.4736842105254137
1.207399061252414 1.899908129345406 0 -1.899908129345406 1.207399061252414
1.102135903357985 1.899908129345406 0 -1.899908129345406 1.102135903357985
1.623397539112432 1.905098716685661 0 -1.905098716685661 1.623397539112432
1.518134381218003 1.905098716685661 0 -1.905098716685661 1.518134381218003
1.41267661818637 1.900483930748828 0 -1.900483930748828 1.41267661818637
1.30741346029194 1.900483930748828 0 -1.900483930748828 1.30741346029194
0.990158653251772 1.899316495808805 0 -1.899316495808805 0.990158653251772
0.8848954953573425 1.899316495808805 0 -1.899316495808805 0.8848954953573425
2.931053760943851 1.785863081666064 0 -1.785863081666064 2.931053760943851
2.87826917932933 1.901461495792923 0 -1.901461495792923 2.87826917932933
9.892224956588723 1.563624839701748 0 -1.563624839701748 9.892224956588723
9.892224956588723 1.688624839701748 0 -1.688624839701748 9.892224956588723
0.3702371191166657 1.908082440753233 0 -1.908082440753233 0.3702371191166657
0.2649739612221038 1.908082440753233 0 -1.908082440753233 0.2649739612221038
0.1249797341675909 1.4416137030743 0 -1.4416137030743 0.1249797341675909
0.1249797341675909 1.3166137030743 0 -1.3166137030743 0.1249797341675909
1.606122058161001 1.483285632200691 0 -1.483285632200691 1.606122058161001
3.460944630350669 1.67146504998407 0 -1.67146504998407 3.460944630350669
3.36072419075585 1.710247004146489 0 -1.710247004146489 3.36072419075585
9.613102983154988 1.882956645156725 0 -1.882956645156725 9.613102983154988
1.793012272913281 1.682588993284248 0 -1.682588993284248 1.793012272913281
5.085044384548977 1.523063921718312 0 -1.523063921718312 5.085044384548977
3.357501143910874 1.811465200087112 0 -1.811465200087112 3.357501143910874
2.719151911488794 1.829229579564454 0 -1.829229579564454 2.719151911488794
1.722313676074001 1.595645527694659 0 -1.595645527694659 1.722313676074001
7.809718082769157 1.793748131336134 0 -1.793748131336134 7.809718082769157
0.07213893655221157 1.921440442749393 0 -1.921440442749393 0.07213893655221157
0.07213893655221157 1.796440442749393 0 -1.796440442749393 0.07213893655221157
0.09572072153895407 1.699119772993732 0 -1.699119772993732 0.09572072153895407
0.09572072153895407 1.574119772993732 0 -1.574119772993732 0.09572072153895407
9.12879067767839 1.876529559751683 0 -1.876529559751683 9.12879067767839
9.036426634680845 1.722395405361527 0 -1.722395405361527 9.036426634680845
1.721731287683985 1.89944968552594 0 -1.89944968552594 1.721731287683985
1.688553452217255 1.711955905462291 0 -1.711955905462291 1.688553452217255
9.455208246312635 1.882956645156725 0 -1.882956645156725 9.455208246312635
7.866684810611842 1.909086941437955 0 -1.909086941437955 7.866684810611842
8.024579547454195 1.909086941437955 0 -1.909086941437955 8.024579547454195
8.529041320157102 1.384110038372764 0 -1.384110038372764 8.529041320157102
5.47290691793734 1.399457124328558 0 -1.399457124328558 5.47290691793734
5.642958483632976 1.394894890313735 0 -1.394894890313735 5.642958483632976
4.683029107767523 1.642873650789028 0 -1.642873650789028 4.683029107767523
4.846561206112034 1.635816391442766 0 -1.635816391442766 4.846561206112034
2.773006021434315 1.901461495792923 0 -1.901461495792923 2.773006021434315
9.139213162268753 1.636505920135639 0 -1.636505920135639 9.139213162268753
6.791921402061234 1.387627042405964 0 -1.387627042405964 6.791921402061234
5.802537954075925 1.392765999207259 0 -1.392765999207259 5.802537954075925
5.966770374207435 1.398449443481078 0 -1.398449443481078 5.966770374207435
2.309548084589913 1.789730529321178 0 -1.789730529321178 2.309548084589913
3.57138916713186 1.802941796422758 0 -1.802941796422758 3.57138916713186
1.251654626810637 1.800392060094234 0 -1.800392060094234 1.251654626810637
4.523989289465543 1.644456087149719 0 -1.644456087149719 4.523989289465543
9.78315295120014 1.505079089146154 0 -1.505079089146154 9.78315295120014
0.4228686980639077 1.816921871934061 0 -1.816921871934061 0.4228686980639077
5.010334751977632 1.633960805850447 0 -1.633960805850447 5.010334751977632
0.3765217750647182 1.707608085249453 0 -1.707608085249453 0.3765217750647182
0.2554315248665339 1.732202213746966 0 -1.732202213746966 0.2554315248665339
1.660918300484982 1.804548402211601 0 -1.804548402211601 1.660918300484982
0.1774020944467355 1.921440442749393 0 -1.921440442749393 0.1774020944467355
4.259001245746589 1.139915633941084 0 -1.139915633941084 4.259001245746589
4.257373538422203 1.300112646172256 0 -1.300112646172256 4.257373538422203
3.650078850836599 1.613847046885362 0 -1.613847046885362 3.650078850836599
3.631578947367449 1.747265041580487 0 -1.747265041580487 3.631578947367449
1.291431461963399 1.713745310135369 0 -1.713745310135369 1.291431461963399
2.346816654442715 1.706469460364133 0 -1.706469460364133 2.346816654442715
9.549415499800588 1.394144466874669 0 -1.394144466874669 9.549415499800588
9.683189149365091 1.45038916171143 0 -1.45038916171143 9.683189149365091
6.124665111049786 1.392109951807124 0 -1.392109951807124 6.124665111049786
6.292354449337568 1.38422094296724 0 -1.38422094296724 6.292354449337568
8.371106156916216 1.388114263299027 0 -1.388114263299027 8.371106156916216
9.373472608202785 1.759486204908409 0 -1.759486204908409 9.373472608202785
9.286685414520742 1.876529559751683 0 -1.876529559751683 9.286685414520742
6.453081192204371 1.384735188904398 0 -1.384735188904398 6.453081192204371
6.621404298821838 1.389913319189233 0 -1.389913319189233 6.621404298821838
7.326271579881189 1.391167423227176 0 -1.391167423227176 7.326271579881189
7.495174655071638 1.399293133327002 0 -1.399293133327002 7.495174655071638
5.413100767844997 1.523178836575247 0 -1.523178836575247 5.413100767844997
9.440729661859535 1.647473537401297 0 -1.647473537401297 9.440729661859535
9.272206830067642 1.641046451996255 0 -1.641046451996255 9.272206830067642
9.461993096615871 1.523451804511596 0 -1.523451804511596 9.461993096615871
3.518757588184351 1.732527975642555 0 -1.732527975642555 3.518757588184351
3.521134410586257 1.615788295141799 0 -1.615788295141799 3.521134410586257
5.735157371655903 1.521014947262039 0 -1.521014947262039 5.735157371655903
6.289473684204729 1.618894870286038 0 -1.618894870286038 6.289473684204729
6.131578947362376 1.621896655189089 0 -1.621896655189089 6.131578947362376
9.206470215925503 1.524493252628527 0 -1.524493252628527 9.206470215925503
9.901065587948743 1.789316296971695 0 -1.789316296971695 9.901065587948743
6.702496904756555 1.504949287898701 0 -1.504949287898701 6.702496904756555
0.1678596580911657 1.745560215743126 0 -1.745560215743126 0.1678596580911657
0.2318497398797914 1.829522883502626 0 -1.829522883502626 0.2318497398797914
6.450200427071531 1.619409116223196 0 -1.619409116223196 6.450200427071531
6.371253058650356 1.506721318744812 0 -1.506721318744812 6.371253058650356
9.895133709310976 1.21533276081041 0 -1.21533276081041 9.895133709310976
6.608897300019798 1.626294377733965 0 -1.626294377733965 6.608897300019798
6.052631578941202 1.512546564481608 0 -1.512546564481608 6.052631578941202
5.973684210520026 1.628236146863042 0 -1.628236146863042 5.973684210520026
9.684486111342402 1.572559751968774 0 -1.572559751968774 9.684486111342402
5.815789473677668 1.625739521229593 0 -1.625739521229593 5.815789473677668
0.2230795361898287 1.277298053311219 0 -1.277298053311219 0.2230795361898287
0.09809980202223782 1.210684350236919 0 -1.210684350236919 0.09809980202223782
9.563258874751016 1.64189155742375 0 -1.64189155742375 9.563258874751016
5.175914001905696 1.634110718914114 0 -1.634110718914114 5.175914001905696
6.779414403259195 1.624008100950696 0 -1.624008100950696 6.779414403259195
5.65621000323472 1.627868412336069 0 -1.627868412336069 5.65621000323472
5.498142698851833 1.632467516593461 0 -1.632467516593461 5.498142698851833
5.335665565483876 1.632502514800193 0 -1.632502514800193 5.335665565483876
4.200759574859642 1.423021923328505 0 -1.423021923328505 4.200759574859642
4.060841522241899 1.427599872580773 0 -1.427599872580773 4.060841522241899
0.2912052848623875 1.197492398347212 0 -1.197492398347212 0.2912052848623875
2 3 1 308
1233
1234
1235
1236
1237
1238
1239
1240
1241
1242
1243
1244
1245
1246
1247
1248
1249
1250
1251
1252
1253
1254
1255
1256
1257
1258
1259
1260
1261
1262
1263
1264
1265
1266
1267
1268
1269
1270
1271
1272
1273
1274
1275
1276
1277
1278
1279
1280
1281
1282
1283
1284
1285
1286
1287
1288
1289
1290
1291
1292
1293
1294
1295
1296
1297
1298
1299
1300
1301
1302
1303
1304
1305
1306
1307
1308
1309
1310
1311
1312
1313
1314
1315
1316
1317
1318
1319
1320
1321
1322
1323
1324
1325
1326
1327
1328
1329
1330
1331
1332
1333
1334
1335
1336
1337
1338
1339
1340
1341
1342
1343
1344
1345
1346
1347
1348
1349
1350
1351
1352
1353
1354
1355
1356
1357
1358
1359
1360
1361
1362
1363
1364
1365
1366
1367
1368
1369
1370
1371
1372
1373
1374
1375
1376
1377
1378
1379
1380
1381
1382
1383
1384
1385
1386
1387
1388
1389
1390
1391
1392
1393
1394
1395
1396
1397
1398
1399
1400
1401
1402
1403
1404
1405
1406
1407
1408
1409
1410
1411
1412
1413
1414
1415
1416
1417
1418
1419
1420
1421
1422
1423
1424
1425
1426
1427
1428
1429
1430
1431
1432
1433
1434
1435
1436
1437
1438
1439
1440
1441
1442
1443
1444
1445
1446
1447
1448
1449
1450
1451
1452
1453
1454
1455
1456
1457
1458
1459
1460
1461
1462
1463
1464
1465
1466
1467
1468
1469
1470
1471
1472
1473
1474
1475
1476
1477
1478
1479
1480
1481
1482
1483
1484
1485
1486
1487
1488
1489
1490
1491
1492
1493
1494
1495
1496
1497
1498
1499
1500
1501
1502
1503
1504
1505
1506
1507
1508
1509
1510
1511
1512
1513
1514
1515
1516
1517
1518
1519
1520
1521
1522
1523
1524
1525
1526
1527
1528
1529
1530
1531
1532
1533
1534
1535
1536
1537
1538
1539
1540
5.965881123767929 2.76062742467477 0 2.76062742467477 5.965881123767929
6.947368421052635 2.817678862361171 0 2.817678862361171 6.947368421052635
7.580974130849571 2.832346927762186 0 2.832346927762186 7.580974130849571
8.194226202077548 2.7872578537664 0 2.7872578537664 8.194226202077548
8.810620729626455 2.783435375996194 0 2.783435375996194 8.810620729626455
9.479906835187286 2.781294772923377 0 2.781294772923377 9.479906835187286
6.526315789473683 2.82059140972263 0 2.82059140972263 6.526315789473683
7.327038814141607 2.267811749868252 0 2.267811749868252 7.327038814141607
7.955427856345368 2.27485936123738 0 2.27485936123738 7.955427856345368
8.598663377623518 2.274734882830381 0 2.274734882830381 8.598663377623518
9.192249988757087 2.270672066516605 0 2.270672066516605 9.192249988757087
6.379818096657171 2.273985094451187 0 2.273985094451187 6.379818096657171
5.74377727646169 2.269901567188939 0 2.269901567188939 5.74377727646169
9.781293517751294 2.39262236294512 0 2.39262236294512 9.781293517751294
5.323375230097163 2.416235448110351 0 2.416235448110351 5.323375230097163
8.897494590412775 2.264057376410339 0 2.264057376410339 8.897494590412775
9.049239823118715 2.499764231791817 0 2.499764231791817 9.049239823118715
9.324657848078816 2.570787516681107 0 2.570787516681107 9.324657848078816
8.762094590285898 2.519782202408542 0 2.519782202408542 8.762094590285898
8.480077254871471 2.53824449535109 0 2.53824449535109 8.480077254871471
8.286203238926648 2.321695543556254 0 2.321695543556254 8.286203238926648
8.079807307703684 2.545416664469299 0 2.545416664469299 8.079807307703684
7.81440455326563 2.520796268110082 0 2.520796268110082 7.81440455326563
7.63953860746834 2.315653857318587 0 2.315653857318587 7.63953860746834
7.428578627191175 2.49395927829484 0 2.49395927829484 7.428578627191175
7.217200568407451 2.539856690184831 0 2.539856690184831 7.217200568407451
7.01302156934681 2.325713238514281 0 2.325713238514281 7.01302156934681
6.696361974016968 2.283775376617474 0 2.283775376617474 6.696361974016968
6.532311101112377 2.497401383638822 0 2.497401383638822 6.532311101112377
6.278714901519743 2.570032608762955 0 2.570032608762955 6.278714901519743
6.092823123096161 2.303848364430677 0 2.303848364430677 6.092823123096161
6.795331481995488 2.576194625387448 0 2.576194625387448 6.795331481995488
9.535026651269137 2.279010760763664 0 2.279010760763664 9.535026651269137
7.976324458888193 2.780446073887632 0 2.780446073887632 7.976324458888193
9.159510644012222 2.740112248968457 0 2.740112248968457 9.159510644012222
7.378742979285978 2.752849219175368 0 2.752849219175368 7.378742979285978
5.896734797610536 2.500821380331409 0 2.500821380331409 5.896734797610536
5.618650593061147 2.516011715139329 0 2.516011715139329 5.618650593061147
9.607755085436404 2.561006113308976 0 2.561006113308976 9.607755085436404
9.73723172009564 2.792390442211962 0 2.792390442211962 9.73723172009564
8.437652696543031 2.771985060011152 0 2.771985060011152 8.437652696543031
6.73684210526315 2.817678862361171 0 2.817678862361171 6.73684210526315
6.332929466807284 2.815738884606349 0 2.815738884606349 6.332929466807284
8.628979285220989 2.83278087218189 0 2.83278087218189 8.628979285220989
5.097207246742679 2.263622758239938 0 2.263622758239938 5.097207246742679
7.14482294970639 2.788295895348414 0 2.788295895348414 7.14482294970639
5.488870410847199 2.234327093338182 0 2.234327093338182 5.488870410847199
4.864630712583312 2.215183019277807 0 2.215183019277807 4.864630712583312
7.765670184968543 2.793425070661525 0 2.793425070661525 7.765670184968543
8.287315427422115 2.622026264055927 0 2.622026264055927 8.287315427422115
7.01963107173213 2.612360073219198 0 2.612360073219198 7.01963107173213
9.825256064656669 2.599203783693212 0 2.599203783693212 9.825256064656669
5.76291996955459 2.688825437362435 0 2.688825437362435 5.76291996955459
7.613333157042568 2.620683022788665 0 2.620683022788665 7.613333157042568
9.009198347107336 2.838214838333586 0 2.838214838333586 9.009198347107336
6.142040718530696 2.803612834035591 0 2.803612834035591 6.142040718530696
6.4491364956342 2.672533890727913 0 2.672533890727913 6.4491364956342
8.958132826830125 2.676261779499719 0 2.676261779499719 8.958132826830125
9.800106139067147 2.184326624741757 0 2.184326624741757 9.800106139067147
6.62298144275011 2.673603055496416 0 2.673603055496416 6.62298144275011
6.069295353606432 2.593505267306313 0 2.593505267306313 6.069295353606432
9.305175103825549 2.836887213688412 0 2.836887213688412 9.305175103825549
5.286012574742074 2.219263538771989 0 2.219263538771989 5.286012574742074
9.885407919941889 2.882569721823565 0 2.882569721823565 9.885407919941889
8.62513658833649 2.674800556433674 0 2.674800556433674 8.62513658833649
7.32095043701141 2.876424609587684 0 2.876424609587684 7.32095043701141
7.426213594906146 2.876424609587684 0 2.876424609587684 7.426213594906146
7.935530650496728 2.890223036943816 0 2.890223036943816 7.935530650496728
8.040793808391465 2.890223036943816 0 2.890223036943816 8.040793808391465
8.030345507118572 2.13742968061869 0 2.13742968061869 8.030345507118572
8.195733198409211 2.160847771778127 0 2.160847771778127 8.195733198409211
8.120815547636008 2.298277452396817 0 2.298277452396817 8.120815547636008
9.40228234163305 2.676041144802242 0 2.676041144802242 9.40228234163305
9.392540969506417 2.809090993305895 0 2.809090993305895 9.392540969506417
9.314916475952183 2.70383736518476 0 2.70383736518476 9.314916475952183
8.149744679986142 2.8936289268832 0 2.8936289268832 8.149744679986142
8.085275330482871 2.783851963827016 0 2.783851963827016 8.085275330482871
9.46620646675761 2.565896814995042 0 2.565896814995042 9.46620646675761
9.543830960311844 2.671150443116177 0 2.671150443116177 9.543830960311844
8.183005273315166 2.433556104012776 0 2.433556104012776 8.183005273315166
8.017617582024526 2.41013801285334 0 2.41013801285334 8.017617582024526
7.726971580366985 2.418225062714335 0 2.418225062714335 7.726971580366985
7.713868855154099 2.570739645449373 0 2.570739645449373 7.713868855154099
7.626435882255454 2.468168440053626 0 2.468168440053626 7.626435882255454
6.305822184163514 2.692885746684652 0 2.692885746684652 6.305822184163514
6.23748509266899 2.80967585932097 0 2.80967585932097 6.23748509266899
6.21037781002522 2.686822721399273 0 2.686822721399273 6.21037781002522
7.534058617329758 2.404806567806713 0 2.404806567806713 7.534058617329758
7.520955892116872 2.557321150541752 0 2.557321150541752 7.520955892116872
7.479858555067774 2.792598073468777 0 2.792598073468777 7.479858555067774
7.496038068164273 2.686766120982016 0 2.686766120982016 7.496038068164273
7.597153643946069 2.726514975275426 0 2.726514975275426 7.597153643946069
6.904176525671149 2.450953931950864 0 2.450953931950864 6.904176525671149
7.01632632053947 2.46903665586674 0 2.46903665586674 7.01632632053947
6.907481276863809 2.594277349303323 0 2.594277349303323 6.907481276863809
6.453066943062713 2.136992547225594 0 2.136992547225594 6.453066943062713
6.611338881742611 2.141887688308737 0 2.141887688308737 6.611338881742611
6.53809003533707 2.278880235534331 0 2.278880235534331 6.53809003533707
8.137016754890617 2.66633725911785 0 2.66633725911785 8.137016754890617
8.028065883295938 2.662931369178466 0 2.662931369178466 8.028065883295938
5.81925705928027 2.13495078359447 0 2.13495078359447 5.81925705928027
5.993779982597506 2.151924182215338 0 2.151924182215338 5.993779982597506
5.918300199778925 2.286874965809808 0 2.286874965809808 5.918300199778925
6.614336537564673 2.390588380128148 0 2.390588380128148 6.614336537564673
6.456064598884774 2.385693239045005 0 2.385693239045005 6.456064598884774
5.328354281715248 2.541451057388509 0 2.541451057388509 5.328354281715248
5.471012911579155 2.46612358162484 0 2.46612358162484 5.471012911579155
5.47599196319724 2.591339190902998 0 2.591339190902998 5.47599196319724
7.527329170687944 2.916173463881093 0 2.916173463881093 7.527329170687944
6.854691771681889 2.304744307565878 0 2.304744307565878 6.854691771681889
6.745846728006228 2.429985001002461 0 2.429985001002461 6.745846728006228
8.353627935251563 2.160847771778127 0 2.160847771778127 8.353627935251563
5.587103074308351 2.646894746458553 0 2.646894746458553 5.587103074308351
4.538011695904149 2.111111111111111 0 2.111111111111111 4.538011695904149
4.649122807015261 2.166666666666667 0 2.166666666666667 4.649122807015261
9.658089544258345 2.896195221105981 0 2.896195221105981 9.658089544258345
9.763352702153082 2.896195221105981 0 2.896195221105981 9.763352702153082
9.242084246045518 2.655449882824782 0 2.655449882824782 9.242084246045518
9.232342873918885 2.788499731328435 0 2.788499731328435 9.232342873918885
6.927563416249884 2.16285661925714 0 2.16285661925714 6.927563416249884
6.769233618584963 2.141887688308737 0 2.141887688308737 6.769233618584963
6.105668036068564 2.698559050670952 0 2.698559050670952 6.105668036068564
6.174005127563087 2.581768938034633 0 2.581768938034633 6.174005127563087
7.403660803238576 2.623404248735103 0 2.623404248735103 7.403660803238576
9.609618588792216 2.139505380381832 0 2.139505380381832 9.609618588792216
9.451723851949865 2.139505380381832 0 2.139505380381832 9.451723851949865
7.895364506076912 2.650621170998857 0 2.650621170998857 7.895364506076912
7.870997321928368 2.786935572274579 0 2.786935572274579 7.870997321928368
7.790037369117087 2.657110669385803 0 2.657110669385803 7.790037369117087
7.884916204805499 2.397827814673731 0 2.397827814673731 7.884916204805499
7.797483231906854 2.295256609277984 0 2.295256609277984 7.797483231906854
9.742158332691222 2.092163312370878 0 2.092163312370878 9.742158332691222
9.667566395168141 2.23166869275271 0 2.23166869275271 9.667566395168141
9.658160084510214 2.335816561854392 0 2.335816561854392 9.658160084510214
9.79069982840922 2.288474493843438 0 2.288474493843438 9.79069982840922
5.180182570736061 2.131811379119969 0 2.131811379119969 5.180182570736061
5.022287833894158 2.131811379119969 0 2.131811379119969 5.022287833894158
4.748104829973584 2.107591509638903 0 2.107591509638903 4.748104829973584
4.76564868962499 2.27425817630557 0 2.27425817630557 4.76564868962499
5.994778960353349 2.402334872381043 0 2.402334872381043 5.994778960353349
5.820256037036113 2.385361473760174 0 2.385361473760174 5.820256037036113
9.04487228958493 2.267364721463472 0 2.267364721463472 9.04487228958493
9.120744905937901 2.385218149154211 0 2.385218149154211 9.120744905937901
8.973367206765744 2.381910804101078 0 2.381910804101078 8.973367206765744
9.672493402766023 2.676698277760469 0 2.676698277760469 9.672493402766023
9.608569277641463 2.78684260756767 0 2.78684260756767 9.608569277641463
5.27458523473576 2.109631769385995 0 2.109631769385995 5.27458523473576
5.191609910742376 2.241443148505964 0 2.241443148505964 5.191609910742376
9.529427101804171 2.890647386461688 0 2.890647386461688 9.529427101804171
6.871349951524062 2.696936743874309 0 2.696936743874309 6.871349951524062
6.842105263157893 2.817678862361171 0 2.817678862361171 6.842105263157893
6.766086793629319 2.696936743874309 0 2.696936743874309 6.766086793629319
6.151674719439857 2.151924182215338 0 2.151924182215338 6.151674719439857
7.297971773846714 2.646352954680099 0 2.646352954680099 7.297971773846714
7.261782964496184 2.770572557261891 0 2.770572557261891 7.261782964496184
7.18101175905692 2.664076292766622 0 2.664076292766622 7.18101175905692
8.786357659956177 2.651608789202368 0 2.651608789202368 8.786357659956177
8.717878658981473 2.729117966214933 0 2.729117966214933 8.717878658981473
8.693615589311193 2.597291379421108 0 2.597291379421108 8.693615589311193
7.689501671005555 2.707054046725095 0 2.707054046725095 7.689501671005555
8.860113708558011 2.59802199095413 0 2.59802199095413 8.860113708558011
8.88437677822829 2.729848577747957 0 2.729848577747957 8.88437677822829
7.085458153092235 2.16285661925714 0 2.16285661925714 7.085458153092235
5.406122820472181 2.325281270724266 0 2.325281270724266 5.406122820472181
5.553760501954173 2.375169404238756 0 2.375169404238756 5.553760501954173
8.680378983954707 2.397258542619461 0 2.397258542619461 8.680378983954707
8.621085922578684 2.529013348879816 0 2.529013348879816 8.621085922578684
8.539370316247496 2.406489689090735 0 2.406489689090735 8.539370316247496
7.08222701071926 2.700327984283806 0 2.700327984283806 7.08222701071926
7.11841582006979 2.576108381702014 0 2.576108381702014 7.11841582006979
7.872450770276219 2.13742968061869 0 2.13742968061869 7.872450770276219
7.714506145837705 2.157826928659293 0 2.157826928659293 7.714506145837705
9.122440783851488 2.135336033258302 0 2.135336033258302 9.122440783851488
8.975063084679331 2.132028688205169 0 2.132028688205169 8.975063084679331
7.947105930484657 2.53310646628969 0 2.53310646628969 7.947105930484657
8.748078984018147 2.26939612962036 0 2.26939612962036 8.748078984018147
8.829794590349337 2.391919789409441 0 2.391919789409441 8.829794590349337
7.11511106887713 2.432784964349556 0 2.432784964349556 7.11511106887713
6.663821291553933 2.536798004513135 0 2.536798004513135 6.663821291553933
8.509858004599998 2.13736744141519 0 2.13736744141519 8.509858004599998
8.442433308275083 2.298215213193317 0 2.298215213193317 8.442433308275083
8.183561367562898 2.583721464262613 0 2.583721464262613 8.183561367562898
8.240770814749832 2.704642058911164 0 2.704642058911164 8.240770814749832
7.483288710804974 2.291732803593419 0 2.291732803593419 7.483288710804974
7.37780872066639 2.380885514081545 0 2.380885514081545 7.37780872066639
9.258453918417953 2.420729791598856 0 2.420729791598856 9.258453918417953
9.186948835598766 2.535275874236462 0 2.535275874236462 9.186948835598766
8.905667206702306 2.509773217100179 0 2.509773217100179 8.905667206702306
7.203990422221616 2.894147947674207 0 2.894147947674207 7.203990422221616
8.286759333174381 2.47186090380609 0 2.47186090380609 8.286759333174381
6.40551300131606 2.533716996200888 0 2.533716996200888 6.40551300131606
6.329266499088457 2.422008851607071 0 2.422008851607071 6.329266499088457
9.694524301593848 2.476814238127048 0 2.476814238127048 9.694524301593848
9.57139086835277 2.42000843703632 0 2.42000843703632 9.57139086835277
9.104375233565468 2.619938240380137 0 2.619938240380137 9.104375233565468
7.322889597799313 2.516907984239835 0 2.516907984239835 7.322889597799313
7.272119691274529 2.403834220026541 0 2.403834220026541 7.272119691274529
9.280335520693839 2.135336033258302 0 2.135336033258302 9.280335520693839
9.363638320013113 2.274841413640135 0 2.274841413640135 9.363638320013113
9.86861586004782 2.771195221105981 0 2.771195221105981 9.86861586004782
9.942703959970945 2.816284860911782 0 2.816284860911782 9.942703959970945
9.811319820018763 2.837480082017763 0 2.837480082017763 9.811319820018763
8.45886497570725 2.655114777681121 0 2.655114777681121 8.45886497570725
8.552606921603982 2.606522525892382 0 2.606522525892382 8.552606921603982
8.531394642439761 2.723392808222413 0 2.723392808222413 8.531394642439761
9.781243892376153 2.695797112952587 0 2.695797112952587 9.781243892376153
9.912628032328335 2.674601891846606 0 2.674601891846606 9.912628032328335
8.667752741442349 2.13736744141519 0 2.13736744141519 8.667752741442349
8.817168347836979 2.132028688205169 0 2.132028688205169 8.817168347836979
7.400361512331986 2.133905874934126 0 2.133905874934126 7.400361512331986
7.556611408995353 2.157826928659293 0 2.157826928659293 7.556611408995353
6.295172206220362 2.136992547225594 0 2.136992547225594 6.295172206220362
6.236320609876666 2.288916729440932 0 2.288916729440932 6.236320609876666
6.363925698576971 2.621283249745434 0 2.621283249745434 6.363925698576971
6.391032981220741 2.744136387667131 0 2.744136387667131 6.391032981220741
7.242466775489634 2.133905874934126 0 2.133905874934126 7.242466775489634
7.170030191744209 2.296762494191266 0 2.296762494191266 7.170030191744209
6.983499746392383 2.715019467790184 0 2.715019467790184 6.983499746392383
5.661362322437919 2.13495078359447 0 2.13495078359447 5.661362322437919
8.719800007423721 2.808108124089042 0 2.808108124089042 8.719800007423721
8.627057936778741 2.753790714307782 0 2.753790714307782 8.627057936778741
8.362484061982574 2.69700566203354 0 2.69700566203354 8.362484061982574
8.383696341146793 2.580135379703508 0 2.580135379703508 8.383696341146793
8.38314024689906 2.429970019453672 0 2.429970019453672 8.38314024689906
4.980918979662995 2.239402888758872 0 2.239402888758872 4.980918979662995
4.905999566814474 2.107591509638903 0 2.107591509638903 4.905999566814474
9.429842249673976 2.424899138722385 0 2.424899138722385 9.429842249673976
5.871829450772854 2.824758156781829 0 2.824758156781829 5.871829450772854
5.982940561883964 2.880313712337385 0 2.880313712337385 5.982940561883964
7.830203513536903 2.896712535330762 0 2.896712535330762 7.830203513536903
8.533315990882009 2.802382966096521 0 2.802382966096521 8.533315990882009
9.158702690427164 2.870056124484229 0 2.870056124484229 9.158702690427164
9.083546541974721 2.919107419166793 0 2.919107419166793 9.083546541974721
9.084354495559779 2.789163543651021 0 2.789163543651021 9.084354495559779
9.231534920333829 2.918443606844206 0 2.918443606844206 9.231534920333829
5.681213934761418 2.392956641164134 0 2.392956641164134 5.681213934761418
5.616323843654444 2.252114330263561 0 2.252114330263561 5.616323843654444
6.185769012307953 2.436940486596816 0 2.436940486596816 6.185769012307953
5.533908889630673 2.117163546669091 0 2.117163546669091 5.533908889630673
5.376014152788322 2.117163546669091 0 2.117163546669091 5.376014152788322
5.757692695335841 2.508416547735369 0 2.508416547735369 5.757692695335841
9.890646758875647 2.44631118147256 0 2.44631118147256 9.890646758875647
9.890646758875647 2.32131118147256 0 2.32131118147256 9.890646758875647
6.473684210526315 2.910295704861315 0 2.910295704861315 6.473684210526315
6.578947368421052 2.910295704861315 0 2.910295704861315 6.578947368421052
6.894736842105265 2.908839431180585 0 2.908839431180585 6.894736842105265
7.000000000000002 2.908839431180585 0 2.908839431180585 7.000000000000002
6.684210526315786 2.908839431180585 0 2.908839431180585 6.684210526315786
6.789473684210522 2.908839431180585 0 2.908839431180585 6.789473684210522
7.63259232858268 2.916173463881093 0 2.916173463881093 7.63259232858268
8.376721085113621 2.885992530005576 0 2.885992530005576 8.376721085113621
8.481984243008359 2.885992530005576 0 2.885992530005576 8.481984243008359
9.424163943909432 2.890647386461688 0 2.890647386461688 9.424163943909432
8.773731417444807 2.891717687998097 0 2.891717687998097 8.773731417444807
8.878994575339544 2.891717687998097 0 2.891717687998097 8.878994575339544
8.255007837880878 2.8936289268832 0 2.8936289268832 8.255007837880878
8.577647537347337 2.916390436090945 0 2.916390436090945 8.577647537347337
8.682910695242073 2.916390436090945 0 2.916390436090945 8.682910695242073
9.900053069533573 2.092163312370878 0 2.092163312370878 9.900053069533573
6.271727891298379 2.907869442303174 0 2.907869442303174 6.271727891298379
6.376991049193116 2.907869442303174 0 2.907869442303174 6.376991049193116
5.217243170604137 2.485895501832953 0 2.485895501832953 5.217243170604137
7.046095685379512 2.802987378854793 0 2.802987378854793 7.046095685379512
6.081059238351296 2.448676815868494 0 2.448676815868494 6.081059238351296
9.837440802076207 2.941284860911782 0 2.941284860911782 9.837440802076207
5.690785281307868 2.602418576250882 0 2.602418576250882 5.690785281307868
5.659237762555072 2.733301607570106 0 2.733301607570106 5.659237762555072
4.993048067815784 2.354033601342191 0 2.354033601342191 4.993048067815784
5.104159178926895 2.409589156897747 0 2.409589156897747 5.104159178926895
9.912628032328335 2.549601891846606 0 2.549601891846606 9.912628032328335
5.983015075608484 2.547163323818861 0 2.547163323818861 5.983015075608484
9.003686324974421 2.588013005645768 0 2.588013005645768 9.003686324974421
6.67991177400663 2.745640958928794 0 2.745640958928794 6.67991177400663
6.709156462372799 2.624898840441932 0 2.624898840441932 6.709156462372799
5.387441492794636 2.226795316055086 0 2.226795316055086 5.387441492794636
9.942703959970945 2.941284860911782 0 2.941284860911782 9.942703959970945
6.577646271931243 2.585502219567619 0 2.585502219567619 6.577646271931243
7.098727264326879 2.894147947674207 0 2.894147947674207 7.098727264326879
7.724940355642167 2.896712535330762 0 2.896712535330762 7.724940355642167
5.770348873666183 2.788857163125662 0 2.788857163125662 5.770348873666183
8.315939449310289 2.779621456888776 0 2.779621456888776 8.315939449310289
6.631578947368417 2.819135136041901 0 2.819135136041901 6.631578947368417
6.490723798373288 2.584967637183368 0 2.584967637183368 6.490723798373288
6.429622628140484 2.81816514716449 0 2.81816514716449 6.429622628140484
8.978283384079983 2.919107419166793 0 2.919107419166793 8.978283384079983
9.058821735421173 2.708187014234088 0 2.708187014234088 9.058821735421173
9.336798078228565 2.918443606844206 0 2.918443606844206 9.336798078228565
5.210291238419921 2.339929103175145 0 2.339929103175145 5.210291238419921
9.716505575046536 2.580104948501094 0 2.580104948501094 9.716505575046536
5.931307960689232 2.630724402503089 0 2.630724402503089 5.931307960689232
5.864400546661259 2.724726431018603 0 2.724726431018603 5.864400546661259
5.829827383582563 2.594823408846922 0 2.594823408846922 5.829827383582563
6.071020359265348 2.901806417017796 0 2.901806417017796 6.071020359265348
6.176283517160085 2.901806417017796 0 2.901806417017796 6.176283517160085
6.01758823868718 2.677066345990541 0 2.677066345990541 6.01758823868718
9.803274791203982 2.495913073319166 0 2.495913073319166 9.803274791203982
9.900053069533573 2.217163312370878 0 2.217163312370878 9.900053069533573
6.053960921149312 2.782120129355181 0 2.782120129355181 6.053960921149312
4.876759800736101 2.329813731861126 0 2.329813731861126 4.876759800736101
7.673322157909057 2.812885999211855 0 2.812885999211855 7.673322157909057
8.98366558696873 2.757238308916652 0 2.757238308916652 8.98366558696873
8.909909538366897 2.81082510716489 0 2.81082510716489 8.909909538366897
6.487726142553941 2.746562650225272 0 2.746562650225272 6.487726142553941
6.574648616111896 2.747097232609523 0 2.747097232609523 6.574648616111896
6.536058969192155 2.673068473112165 0 2.673068473112165 6.536058969192155
5.304693902419618 2.317749493441171 0 2.317749493441171 5.304693902419618
4.269005847951125 2.055555555555555 0 2.055555555555555 4.269005847951125
4.380116959062237 2.111111111111111 0 2.111111111111111 4.380116959062237
2 4 1 262
1541
1542
1543
1544
1545
1546
1547
1548
1549
1550
1551
1552
1553
1554
1555
1556
1557
1558
1559
1560
1561
1562
1563
1564
1565
1566
1567
1568
1569
1570
1571
1572
1573
1574
1575
1576
1577
1578
1579
1580
1581
1582
1583
1584
1585
1586
1587
1588
1589
1590
1591
1592
1593
1594
1595
1596
1597
1598
1599
1600
1601
1602
1603
1604
1605
1606
1607
1608
1609
1610
1611
1612
1613
1614
1615
1616
1617
1618
1619
1620
1621
1622
1623
1624
1625
1626
1627
1628
1629
1630
1631
1632
1633
1634
1635
1636
1637
1638
1639
1640
1641
1642
1643
1644
1645
1646
1647
1648
1649
1650
1651
1652
1653
1654
1655
1656
1657
1658
1659
1660
1661
1662
1663
1664
1665
1666
1667
1668
1669
1670
1671
1672
1673
1674
1675
1676
1677
1678
1679
1680
1681
1682
1683
1684
1685
1686
1687
1688
1689
1690
1691
1692
1693
1694
1695
1696
1697
1698
1699
1700
1701
1702
1703
1704
1705
1706
1707
1708
1709
1710
1711
1712
1713
1714
1715
1716
1717
1718
1719
1720
1721
1722
1723
1724
1725
1726
1727
1728
1729
1730
1731
1732
1733
1734
1735
1736
1737
1738
1739
1740
1741
1742
1743
1744
1745
1746
1747
1748
1749
1750
1751
1752
1753
1754
1755
1756
1757
1758
1759
1760
1761
1762
1763
1764
1765
1766
1767
1768
1769
1770
1771
1772
1773
1774
1775
1776
1777
1778
1779
1780
1781
1782
1783
1784
1785
1786
1787
1788
1789
1790
1791
1792
1793
1794
1795
1796
1797
1798
1799
1800
1801
1802
9.473684210526315 3.182321137638828 0 -3.182321137638828 9.473684210526315
9.05263157894737 3.182321137638829 0 -3.182321137638829 9.05263157894737
8.642619659770514 3.204692203102574 0 -3.204692203102574 8.642619659770514
8.216748912634301 3.190530274545473 0 -3.190530274545473 8.216748912634301
9.192722183604685 3.819962791837983 0 -3.819962791837983 9.192722183604685
8.776945332311795 3.807981288101846 0 -3.807981288101846 8.776945332311795
8.362302447051757 3.820859144293616 0 -3.820859144293616 8.362302447051757
7.767658530503548 3.206012087880477 0 -3.206012087880477 7.767658530503548
9.782497424359496 3.612476769057421 0 -3.612476769057421 9.782497424359496
7.345004233466375 3.196407835552319 0 -3.196407835552319 7.345004233466375
7.766522587786362 3.651071032410248 0 -3.651071032410248 7.766522587786362
7.11744693832116 3.329514088623041 0 -3.329514088623041 7.11744693832116
7.971371272289254 3.750913739597451 0 -3.750913739597451 7.971371272289254
7.957445140854148 3.528886923121397 0 -3.528886923121397 7.957445140854148
8.151167189256121 3.60890849542044 0 -3.60890849542044 8.151167189256121
7.333488342784368 3.442562653591175 0 -3.442562653591175 7.333488342784368
7.532705151202062 3.346168959406993 0 -3.346168959406993 7.532705151202062
9.782999491220552 3.361097850070842 0 -3.361097850070842 9.782999491220552
9.582122588874004 3.505357193665882 0 -3.505357193665882 9.582122588874004
9.577772736810971 3.728265747930464 0 -3.728265747930464 9.577772736810971
9.397710711950054 3.600108590852736 0 -3.600108590852736 9.397710711950054
9.37840407171538 3.374249908660713 0 -3.374249908660713 9.37840407171538
9.20480366074252 3.502728154507563 0 -3.502728154507563 9.20480366074252
8.141183618668538 3.390649635078707 0 -3.390649635078707 8.141183618668538
8.35237117000055 3.49436575378159 0 -3.49436575378159 8.35237117000055
7.75154972481472 3.439333297304812 0 -3.439333297304812 7.75154972481472
8.556399634896488 3.808037239704809 0 -3.808037239704809 8.556399634896488
8.67118575097761 3.614966506181919 0 -3.614966506181919 8.67118575097761
8.88044429323593 3.620208285964566 0 -3.620208285964566 8.88044429323593
8.763590343372522 3.40735962716414 0 -3.40735962716414 8.763590343372522
8.989625531999398 3.811671605384745 0 -3.811671605384745 8.989625531999398
8.842105263157885 3.182321137638829 0 -3.182321137638829 8.842105263157885
8.519162942386098 3.417153952842704 0 -3.417153952842704 8.519162942386098
8.420942365173193 3.191831769667899 0 -3.191831769667899 8.420942365173193
9.676401080466039 3.171034589396056 0 -3.171034589396056 9.676401080466039
9.264821731250812 3.177465585640338 0 -3.177465585640338 9.264821731250812
8.008204785179402 3.188331660461989 0 -3.188331660461989 8.008204785179402
8.994708920080075 3.413953927981284 0 -3.413953927981284 8.994708920080075
6.92321088258389 3.198116772218033 0 -3.198116772218033 6.92321088258389
7.550041070205907 3.555967993445192 0 -3.555967993445192 7.550041070205907
7.565879626979457 3.1527037936002 0 -3.1527037936002 7.565879626979457
8.478303627912188 3.635643822413878 0 -3.635643822413878 8.478303627912188
9.381708025884446 3.7999928878178 0 -3.7999928878178 9.381708025884446
9.06998173734496 3.63592227908912 0 -3.63592227908912 9.06998173734496
9.749991885751719 3.812032916868425 0 -3.812032916868425 9.749991885751719
9.163407870876155 3.327005664811532 0 -3.327005664811532 9.163407870876155
8.171700264709665 3.80542554545924 0 -3.80542554545924 8.171700264709665
7.157894736842099 3.141944059956097 0 -3.141944059956097 7.157894736842099
9.578722288560456 3.318812135886464 0 -3.318812135886464 9.578722288560456
6.733972434185555 3.136931891669956 0 -3.136931891669956 6.733972434185555
7.925208360004072 3.350642720769477 0 -3.350642720769477 7.925208360004072
9.849774851179426 3.15642648789338 0 -3.15642648789338 9.849774851179426
8.305017413090363 3.338614187516645 0 -3.338614187516645 8.305017413090363
9.241435077854764 3.661886902681244 0 -3.661886902681244 9.241435077854764
6.579543024848808 3.138497489445102 0 -3.138497489445102 6.579543024848808
8.312949928024054 3.662672229581595 0 -3.662672229581595 8.312949928024054
9.874995942875859 3.906016458434213 0 -3.906016458434213 9.874995942875859
9.763884831764749 3.906016458434213 0 -3.906016458434213 9.763884831764749
8.947368421052627 3.182321137638829 0 -3.182321137638829 8.947368421052627
8.918407091618981 3.298137532810057 0 -3.298137532810057 8.918407091618981
9.023670249513723 3.298137532810057 0 -3.298137532810057 9.023670249513723
8.802847803265204 3.294840382401484 0 -3.294840382401484 8.802847803265204
8.8791496317263 3.410656777572712 0 -3.410656777572712 8.8791496317263
9.874995942875859 3.781016458434213 0 -3.781016458434213 9.874995942875859
8.703105001571519 3.306025915133357 0 -3.306025915133357 8.703105001571519
8.7423624614642 3.193506670370701 0 -3.193506670370701 8.7423624614642
7.650181840852804 3.276090523643735 0 -3.276090523643735 7.650181840852804
7.666769078741503 3.179357940740338 0 -3.179357940740338 7.666769078741503
7.549292389090759 3.249436376503596 0 -3.249436376503596 7.549292389090759
7.642127438008391 3.392751128355902 0 -3.392751128355902 7.642127438008391
7.759604127659134 3.322672692592644 0 -3.322672692592644 7.759604127659134
8.580891301078307 3.310923077972639 0 -3.310923077972639 8.580891301078307
8.64137664287931 3.412256790003422 0 -3.412256790003422 8.64137664287931
7.231225585893768 3.26296096208768 0 -3.26296096208768 7.231225585893768
7.251449485154237 3.169175947754208 0 -3.169175947754208 7.251449485154237
7.13767083758163 3.235729074289569 0 -3.235729074289569 7.13767083758163
7.225467640552765 3.386038371107108 0 -3.386038371107108 7.225467640552765
7.339246288125372 3.319485244571747 0 -3.319485244571747 7.339246288125372
6.987921230765629 3.099058386109016 0 -3.099058386109016 6.987921230765629
7.040552809712994 3.170030416087065 0 -3.170030416087065 7.040552809712994
7.105263157894734 3.070972029978049 0 -3.070972029978049 7.105263157894734
8.368365919428701 3.095915884833949 0 -3.095915884833949 8.368365919428701
8.473629077323439 3.095915884833949 0 -3.095915884833949 8.473629077323439
6.882658072870893 3.099058386109016 0 -3.099058386109016 6.882658072870893
9.566664146183264 3.864132873965232 0 -3.864132873965232 9.566664146183264
9.652773720653638 3.906016458434213 0 -3.906016458434213 9.652773720653638
9.663882311281345 3.770149332399445 0 -3.770149332399445 9.663882311281345
8.17896626565142 3.29058995481209 0 -3.29058995481209 8.17896626565142
8.112476848906852 3.189430967503731 0 -3.189430967503731 8.112476848906852
8.07469420192397 3.289490647770348 0 -3.289490647770348 8.07469420192397
7.333410838058851 3.554614660128921 0 -3.554614660128921 7.333410838058851
7.44168720176962 3.611317330055929 0 -3.611317330055929 7.44168720176962
7.441764706495137 3.499265323518183 0 -3.499265323518183 7.441764706495137
8.595174346681855 3.516060229512312 0 -3.516060229512312 8.595174346681855
8.498733285149143 3.526398887628291 0 -3.526398887628291 8.498733285149143
8.574744689444898 3.625305164297899 0 -3.625305164297899 8.574744689444898
7.433096746993215 3.394365806499084 0 -3.394365806499084 7.433096746993215
7.541373110703985 3.451068476426092 0 -3.451068476426092 7.541373110703985
8.717388047175067 3.51116306667303 0 -3.51116306667303 8.717388047175067
8.266269193159257 3.095265137272737 0 -3.095265137272737 8.266269193159257
8.318845638903747 3.191181022106686 0 -3.191181022106686 8.318845638903747
8.584467724622099 3.102346101551287 0 -3.102346101551287 8.584467724622099
8.531781012471853 3.198261986385236 0 -3.198261986385236 8.531781012471853
7.966706572591737 3.269487190615733 0 -3.269487190615733 7.966706572591737
8.033195989336306 3.370646177924092 0 -3.370646177924092 8.033195989336306
7.020328910452525 3.263815430420537 0 -3.263815430420537 7.020328910452525
9.479740381347709 3.764129317874132 0 -3.764129317874132 9.479740381347709
9.46863179072 3.8999964439089 0 -3.8999964439089 9.46863179072
7.985685636144627 3.875456869798725 0 -3.875456869798725 7.985685636144627
7.874574525033516 3.81990131424317 0 -3.81990131424317 7.874574525033516
9.426044141120848 3.278285523149771 0 -3.278285523149771 9.426044141120848
9.369252970888564 3.179893361639583 0 -3.179893361639583 9.369252970888564
9.321612901483096 3.275857747150526 0 -3.275857747150526 9.321612901483096
8.435767056193324 3.455759853312147 0 -3.455759853312147 8.435767056193324
8.415337398956369 3.565004788097734 0 -3.565004788097734 8.415337398956369
9.214114801063484 3.252235625225935 0 -3.252235625225935 9.214114801063484
9.270905971295768 3.350627786736123 0 -3.350627786736123 9.270905971295768
9.782748457790024 3.486787309564131 0 -3.486787309564131 9.782748457790024
9.682561040047279 3.433227521868361 0 -3.433227521868361 9.682561040047279
9.682310006616749 3.558916981361651 0 -3.558916981361651 9.682310006616749
7.868946930037808 3.700992386003849 0 -3.700992386003849 7.868946930037808
7.964408206571701 3.639900331359423 0 -3.639900331359423 7.964408206571701
7.861983864320255 3.589978977765822 0 -3.589978977765822 7.861983864320255
7.438854692334218 3.271288397479656 0 -3.271288397479656 7.438854692334218
8.41209017773823 3.377884070179674 0 -3.377884070179674 8.41209017773823
8.328694291545457 3.416489970649118 0 -3.416489970649118 8.328694291545457
8.470052653779646 3.304492861255302 0 -3.304492861255302 8.470052653779646
8.362979889131779 3.265222978592272 0 -3.265222978592272 8.362979889131779
7.77215018278207 3.769979960649568 0 -3.769979960649568 7.77215018278207
8.061269230772687 3.679911117508945 0 -3.679911117508945 8.061269230772687
8.054306165055134 3.568897709270918 0 -3.568897709270918 8.054306165055134
9.079058395478114 3.370479796396408 0 -3.370479796396408 9.079058395478114
9.108019724911763 3.25466340122518 0 -3.25466340122518 9.108019724911763
9.579947662842487 3.616811470798173 0 -3.616811470798173 9.579947662842487
9.680135080585234 3.670371258493943 0 -3.670371258493943 9.680135080585234
9.891248712179749 3.556238384528711 0 -3.556238384528711 9.891248712179749
9.891499745610275 3.430548925035421 0 -3.430548925035421 9.891499745610275
7.114279024716136 3.442534822089298 0 -3.442534822089298 7.114279024716136
7.222299726947739 3.499059104573365 0 -3.499059104573365 7.222299726947739
9.489916650412029 3.552732892259309 0 -3.552732892259309 9.489916650412029
9.487741724380513 3.6641871693916 0 -3.6641871693916 9.487741724380513
9.891248712179749 3.681238384528711 0 -3.681238384528711 9.891248712179749
7.003167913605025 3.386979266533743 0 -3.386979266533743 7.003167913605025
9.480263330294692 3.439803551163298 0 -3.439803551163298 9.480263330294692
9.388057391832717 3.487179249756725 0 -3.487179249756725 9.388057391832717
9.151916647357897 3.909981395918991 0 -3.909981395918991 9.151916647357897
9.09117385780204 3.815817198611364 0 -3.815817198611364 9.09117385780204
9.050368321555254 3.905835802692373 0 -3.905835802692373 9.050368321555254
9.29160386622895 3.438489031584139 0 -3.438489031584139 9.29160386622895
9.301257186346287 3.55141837268015 0 -3.55141837268015 9.301257186346287
7.661039071670959 3.714424405094013 0 -3.714424405094013 7.661039071670959
9.891499745610275 3.305548925035421 0 -3.305548925035421 9.891499745610275
8.14617540396233 3.499779065249573 0 -3.499779065249573 8.14617540396233
8.049314379761343 3.459768279100052 0 -3.459768279100052 8.049314379761343
7.650795397510313 3.497650645375002 0 -3.497650645375002 7.650795397510313
8.251769179628337 3.551637124601015 0 -3.551637124601015 8.251769179628337
8.246777394334543 3.442507694430148 0 -3.442507694430148 8.246777394334543
8.403373445748102 3.910429572146808 0 -3.910429572146808 8.403373445748102
8.500422039670466 3.904018619852404 0 -3.904018619852404 8.500422039670466
8.459351040974123 3.814448191999212 0 -3.814448191999212 8.459351040974123
8.939257210444143 3.905835802692373 0 -3.905835802692373 8.939257210444143
8.775815022106769 3.617587396073243 0 -3.617587396073243 8.775815022106769
8.822017318304226 3.513783956564353 0 -3.513783956564353 8.822017318304226
8.666672483604142 3.808009263903327 0 -3.808009263903327 8.666672483604142
8.724065541644702 3.711473897141883 0 -3.711473897141883 8.724065541644702
8.61379269293705 3.711501872943364 0 -3.711501872943364 8.61379269293705
8.721805999489231 3.903990644050923 0 -3.903990644050923 8.721805999489231
8.611533150781577 3.904018619852404 0 -3.904018619852404 8.611533150781577
8.828694812773863 3.714094787033206 0 -3.714094787033206 8.828694812773863
8.832917110600341 3.903990644050923 0 -3.903990644050923 8.832917110600341
8.292262334636989 3.910429572146808 0 -3.910429572146808 8.292262334636989
9.263027758469009 3.909981395918991 0 -3.909981395918991 9.263027758469009
7.854497432834433 3.484110110213104 0 -3.484110110213104 7.854497432834433
7.759036156300541 3.54520216485753 0 -3.54520216485753 7.759036156300541
8.883285432155596 3.809826446743296 0 -3.809826446743296 8.883285432155596
8.937576606658002 3.517081106972925 0 -3.517081106972925 8.937576606658002
8.935034912617663 3.715939945674656 0 -3.715939945674656 8.935034912617663
6.906049885736389 3.321280608331239 0 -3.321280608331239 6.906049885736389
6.794938774625278 3.265725052775683 0 -3.265725052775683 6.794938774625278
9.766244655055608 3.712254842962923 0 -3.712254842962923 9.766244655055608
8.689730882516836 3.102346101551287 0 -3.102346101551287 8.689730882516836
8.78947368421052 3.091160568819415 0 -3.091160568819415 8.78947368421052
8.894736842105258 3.091160568819415 0 -3.091160568819415 8.894736842105258
9.421052631578947 3.091160568819414 0 -3.091160568819414 9.421052631578947
9.526315789473685 3.091160568819414 0 -3.091160568819414 9.526315789473685
9 3.091160568819415 0 -3.091160568819415 9
9.105263157894738 3.091160568819415 0 -3.091160568819415 9.105263157894738
8.161006035264519 3.095265137272737 0 -3.095265137272737 8.161006035264519
9.211358234046459 3.088732792820169 0 -3.088732792820169 9.211358234046459
9.316621391941196 3.088732792820169 0 -3.088732792820169 9.316621391941196
9.184105765809338 3.414866909659548 0 -3.414866909659548 9.184105765809338
8.085850132354832 3.90271277272962 0 -3.90271277272962 8.085850132354832
8.071535768499459 3.778169642528345 0 -3.778169642528345 8.071535768499459
9.158726655099091 3.179893361639583 0 -3.179893361639583 9.158726655099091
7.951470813642333 3.094165830230994 0 -3.094165830230994 7.951470813642333
8.056733971537069 3.094165830230994 0 -3.094165830230994 8.056733971537069
7.658281828996135 3.60351951292772 0 -3.60351951292772 7.658281828996135
9.627674224443545 3.085517294698028 0 -3.085517294698028 9.627674224443545
9.732937382338282 3.085517294698028 0 -3.085517294698028 9.732937382338282
7.725934528409669 3.103006043940238 0 -3.103006043940238 7.725934528409669
7.831197686304406 3.103006043940238 0 -3.103006043940238 7.831197686304406
9.38970936891725 3.700050739335268 0 -3.700050739335268 9.38970936891725
9.319572894902409 3.63099774676699 0 -3.63099774676699 9.319572894902409
9.311571551869605 3.730939895249522 0 -3.730939895249522 9.311571551869605
7.304081064101609 3.09820391777616 0 -3.09820391777616 7.304081064101609
7.409344221996346 3.09820391777616 0 -3.09820391777616 7.409344221996346
9.575042645496177 3.176677863517442 0 -3.176677863517442 9.575042645496177
9.131351960474824 3.727942535463551 0 -3.727942535463551 9.131351960474824
9.029803634672179 3.723796942236933 0 -3.723796942236933 9.029803634672179
9.287215104744565 3.809977839827892 0 -3.809977839827892 9.287215104744565
9.217078630729723 3.740924847259613 0 -3.740924847259613 9.217078630729723
7.552798312880731 3.666872885611485 0 -3.666872885611485 7.552798312880731
7.887931657841475 3.197171874171233 0 -3.197171874171233 7.887931657841475
8.517351631404338 3.721840531059343 0 -3.721840531059343 8.517351631404338
8.420303037481972 3.728251483353747 0 -3.728251483353747 8.420303037481972
8.161433726982892 3.70716702043984 0 -3.70716702043984 8.161433726982892
8.242325096366859 3.734048887520418 0 -3.734048887520418 8.242325096366859
8.232058558640087 3.635790362501018 0 -3.635790362501018 8.232058558640087
8.267001355880712 3.813142344876428 0 -3.813142344876428 8.267001355880712
8.337626187537905 3.741765686937605 0 -3.741765686937605 8.337626187537905
7.94132675042911 3.439764821945436 0 -3.439764821945436 7.94132675042911
9.357520679608889 3.8999964439089 0 -3.8999964439089 9.357520679608889
9.099756290411298 3.458341041244424 0 -3.458341041244424 9.099756290411298
9.032345328712518 3.524938103535202 0 -3.524938103535202 9.032345328712518
9.13739269904374 3.569325216798342 0 -3.569325216798342 9.13739269904374
8.975213015290446 3.628065282526843 0 -3.628065282526843 8.975213015290446
7.455441930222916 3.17455581457626 0 -3.17455581457626 7.455441930222916
8.196961243465942 3.90271277272962 0 -3.90271277272962 8.196961243465942
9.924887425589713 3.07821324394669 0 -3.07821324394669 9.924887425589713
9.924887425589713 3.20321324394669 0 -3.20321324394669 9.924887425589713
7.625045076647623 3.0763518968001 0 -3.0763518968001 7.625045076647623
7.519781918752887 3.0763518968001 0 -3.0763518968001 7.519781918752887
9.680860889890504 3.339954992978653 0 -3.339954992978653 9.680860889890504
9.58042243871723 3.412084664776173 0 -3.412084664776173 9.58042243871723
9.478563180137918 3.346531022273589 0 -3.346531022273589 9.478563180137918
9.526203249543386 3.250566636762646 0 -3.250566636762646 9.526203249543386
9.816387171199988 3.258762168982111 0 -3.258762168982111 9.816387171199988
6.828591658384722 3.167524331943994 0 -3.167524331943994 6.828591658384722
6.70031955042611 3.235132612501645 0 -3.235132612501645 6.70031955042611
6.432748538011696 3.111111111111111 0 -3.111111111111111 6.432748538011696
6.511993734646627 3.180359855833662 0 -3.180359855833662 6.511993734646627
6.500297828213878 3.069248744722551 0 -3.069248744722551 6.500297828213878
6.623104845757737 3.235915411389218 0 -3.235915411389218 6.623104845757737
7.838379042409397 3.394988009037144 0 -3.394988009037144 7.838379042409397
7.84643344525381 3.278327404324977 0 -3.278327404324977 7.84643344525381
9.729700285843297 3.266066219733449 0 -3.266066219733449 9.729700285843297
9.763087965822733 3.163730538644718 0 -3.163730538644718 9.763087965822733
6.605560986108614 3.069248744722551 0 -3.069248744722551 6.605560986108614
7.210526315789471 3.070972029978049 0 -3.070972029978049 7.210526315789471
9.819624267694977 3.07821324394669 0 -3.07821324394669 9.819624267694977
9.627561684513248 3.24492336264126 0 -3.24492336264126 9.627561684513248
8.223100515879452 3.364631911297676 0 -3.364631911297676 8.223100515879452
8.260883162862331 3.264572231031059 0 -3.264572231031059 8.260883162862331
9.155708407599862 3.648904590885182 0 -3.648904590885182 9.155708407599862
6.788038848671725 3.068465945834978 0 -3.068465945834978 6.788038848671725
8.395626777968122 3.649158025997736 0 -3.649158025997736 8.395626777968122
6.682775690776988 3.068465945834978 0 -3.068465945834978 6.682775690776988
9.223119369298642 3.582307528594403 0 -3.582307528594403 9.223119369298642
8.332660549012303 3.578518991681593 0 -3.578518991681593 8.332660549012303
6.656757729517182 3.137714690557529 0 -3.137714690557529 6.656757729517182
6.216374269005849 3.055555555555555 0 -3.055555555555555 6.216374269005849
6.321637426900585 3.055555555555555 0 -3.055555555555555 6.321637426900585
$EndNodes
$Elements
29 1028 1 1028
0 1 15 1
1 1 
0 2 15 1
2 2 
0 3 15 1
3 3 
0 4 15 1
4 4 
0 5 15 1
5 5 
0 6 15 1
6 6 
0 7 15 1
7 7 
0 8 15 1
8 8 
0 9 15 1
9 9 
0 10 15 1
10 10 
0 11 15 1
11 11 
1 1 8 29
12 1 12 40 
13 12 13 41 
14 13 14 42 
15 14 15 43 
16 15 16 44 
17 16 17 45 
18 17 18 46 
19 18 19 47 
20 19 20 48 
21 20 21 49 
22 21 22 50 
23 22 23 51 
24 23 24 52 
25 24 25 53 
26 25 26 54 
27 26 27 55 
28 27 28 56 
29 28 29 57 
30 29 30 58 
31 30 31 59 
32 31 32 60 
33 32 33 61 
34 33 34 62 
35 34 35 63 
36 35 36 64 
37 36 37 65 
38 37 38 66 
39 38 39 67 
40 39 2 68 
1 2 8 4
41 2 69 72 
42 69 70 73 
43 70 71 74 
44 71 6 75 
1 3 8 29
45 6 76 104 
46 76 77 105 
47 77 78 106 
48 78 79 107 
49 79 80 108 
50 80 81 109 
51 81 82 110 
52 82 83 111 
53 83 84 112 
54 84 85 113 
55 85 86 114 
56 86 87 115 
57 87 88 116 
58 88 89 117 
59 89 90 118 
60 90 91 119 
61 91 92 120 
62 92 93 121 
63 93 94 122 
64 94 95 123 
65 95 96 124 
66 96 97 125 
67 97 98 126 
68 98 99 127 
69 99 100 128 
70 100 101 129 
71 101 102 130 
72 102 103 131 
73 103 11 132 
1 4 8 4
74 11 133 136 
75 133 134 137 
76 134 135 138 
77 135 1 139 
1 5 8 4
78 11 140 143 
79 140 141 144 
80 141 142 145 
81 142 5 146 
1 6 8 19
82 5 147 165 
83 147 148 166 
84 148 149 167 
85 149 150 168 
86 150 151 169 
87 151 152 170 
88 152 153 171 
89 153 154 172 
90 154 155 173 
91 155 156 174 
92 156 157 175 
93 157 158 176 
94 158 159 177 
95 159 160 178 
96 160 161 179 
97 161 162 180 
98 162 163 181 
99 163 164 182 
100 164 10 183 
1 7 8 19
101 10 184 202 
102 184 185 203 
103 185 186 204 
104 186 187 205 
105 187 188 206 
106 188 189 207 
107 189 190 208 
108 190 191 209 
109 191 192 210 
110 192 193 211 
111 193 194 212 
112 194 195 213 
113 195 196 214 
114 196 197 215 
115 197 198 216 
116 198 199 217 
117 199 200 218 
118 200 201 219 
119 201 4 220 
1 8 8 4
120 4 221 224 
121 221 222 225 
122 222 223 226 
123 223 7 227 
1 9 8 19
124 7 228 246 
125 228 229 247 
126 229 230 248 
127 230 231 249 
128 231 232 250 
129 232 233 251 
130 233 234 252 
131 234 235 253 
132 235 236 254 
133 236 237 255 
134 237 238 256 
135 238 239 257 
136 239 240 258 
137 240 241 259 
138 241 242 260 
139 242 243 261 
140 243 244 262 
141 244 245 263 
142 245 9 264 
1 10 8 9
143 9 265 273 
144 265 266 274 
145 266 267 275 
146 267 268 276 
147 268 269 277 
148 269 270 278 
149 270 271 279 
150 271 272 280 
151 272 10 281 
1 11 8 9
152 9 282 290 
153 282 283 291 
154 283 284 292 
155 284 285 293 
156 285 286 294 
157 286 287 295 
158 287 288 296 
159 288 289 297 
160 289 8 298 
1 12 8 9
161 8 299 307 
162 299 300 308 
163 300 301 309 
164 301 302 310 
165 302 303 311 
166 303 304 312 
167 304 305 313 
168 305 306 314 
169 306 3 315 
1 13 8 4
170 3 316 319 
171 316 317 320 
172 317 318 321 
173 318 7 322 
1 14 8 4
174 4 323 326 
175 323 324 327 
176 324 325 328 
177 325 6 329 
2 1 9 232
178 1 12 135 40 414 139 
179 135 12 330 414 415 416 
180 135 330 134 416 417 138 
181 134 330 331 417 418 419 
182 134 331 133 419 420 137 
183 133 331 332 420 421 422 
184 133 332 11 422 423 136 
185 11 332 103 423 424 132 
186 12 13 330 41 425 415 
187 330 13 333 425 426 427 
188 330 333 331 427 428 418 
189 331 333 334 428 429 430 
190 331 334 332 430 431 421 
191 332 334 335 431 432 433 
192 332 335 103 433 434 424 
193 103 335 102 434 435 131 
194 13 14 333 42 436 426 
195 333 14 336 436 437 438 
196 333 336 334 438 439 429 
197 334 336 337 439 440 441 
198 334 337 335 441 442 432 
199 335 337 338 442 443 444 
200 335 338 102 444 445 435 
201 102 338 101 445 446 130 
202 14 15 336 43 447 437 
203 336 15 339 447 448 449 
204 336 339 337 449 450 440 
205 337 339 340 450 451 452 
206 337 340 338 452 453 443 
207 338 340 341 453 454 455 
208 338 341 101 455 456 446 
209 101 341 100 456 457 129 
210 15 16 339 44 458 448 
211 339 16 342 458 459 460 
212 339 342 340 460 461 451 
213 340 342 343 461 462 463 
214 340 343 341 463 464 454 
215 341 343 344 464 465 466 
216 341 344 100 466 467 457 
217 100 344 99 467 468 128 
218 16 17 342 45 469 459 
219 342 17 345 469 470 471 
220 342 345 343 471 472 462 
221 343 345 346 472 473 474 
222 343 346 344 474 475 465 
223 344 346 347 475 476 477 
224 344 347 99 477 478 468 
225 99 347 98 478 479 127 
226 17 18 345 46 480 470 
227 345 18 348 480 481 482 
228 345 348 346 482 483 473 
229 346 348 349 483 484 485 
230 346 349 347 485 486 476 
231 347 349 350 486 487 488 
232 347 350 98 488 489 479 
233 98 350 97 489 490 126 
234 18 19 348 47 491 481 
235 348 19 351 491 492 493 
236 348 351 349 493 494 484 
237 349 351 352 494 495 496 
238 349 352 350 496 497 487 
239 350 352 353 497 498 499 
240 350 353 97 499 500 490 
241 97 353 96 500 501 125 
242 19 20 351 48 502 492 
243 351 20 354 502 503 504 
244 351 354 352 504 505 495 
245 352 354 355 505 506 507 
246 352 355 353 507 508 498 
247 353 355 356 508 509 510 
248 353 356 96 510 511 501 
249 96 356 95 511 512 124 
250 20 21 354 49 513 503 
251 354 21 357 513 514 515 
252 354 357 355 515 516 506 
253 355 357 358 516 517 518 
254 355 358 356 518 519 509 
255 356 358 359 519 520 521 
256 356 359 95 521 522 512 
257 95 359 94 522 523 123 
258 21 22 357 50 524 514 
259 357 22 360 524 525 526 
260 357 360 358 526 527 517 
261 358 360 361 527 528 529 
262 358 361 359 529 530 520 
263 359 361 362 530 531 532 
264 359 362 94 532 533 523 
265 94 362 93 533 534 122 
266 22 23 360 51 535 525 
267 360 23 363 535 536 537 
268 360 363 361 537 538 528 
269 361 363 364 538 539 540 
270 361 364 362 540 541 531 
271 362 364 365 541 542 543 
272 362 365 93 543 544 534 
273 93 365 92 544 545 121 
274 23 24 363 52 546 536 
275 363 24 366 546 547 548 
276 363 366 364 548 549 539 
277 364 366 367 549 550 551 
278 364 367 365 551 552 542 
279 365 367 368 552 553 554 
280 365 368 92 554 555 545 
281 92 368 91 555 556 120 
282 24 25 366 53 557 547 
283 366 25 369 557 558 559 
284 366 369 367 559 560 550 
285 367 369 370 560 561 562 
286 367 370 368 562 563 553 
287 368 370 371 563 564 565 
288 368 371 91 565 566 556 
289 91 371 90 566 567 119 
290 25 26 369 54 568 558 
291 369 26 372 568 569 570 
292 369 372 370 570 571 561 
293 370 372 373 571 572 573 
294 370 373 371 573 574 564 
295 371 373 374 574 575 576 
296 371 374 90 576 577 567 
297 90 374 89 577 578 118 
298 26 27 372 55 579 569 
299 372 27 375 579 580 581 
300 372 375 373 581 582 572 
301 373 375 376 582 583 584 
302 373 376 374 584 585 575 
303 374 376 377 585 586 587 
304 374 377 89 587 588 578 
305 89 377 88 588 589 117 
306 27 28 375 56 590 580 
307 375 28 378 590 591 592 
308 375 378 376 592 593 583 
309 376 378 379 593 594 595 
310 376 379 377 595 596 586 
311 377 379 380 596 597 598 
312 377 380 88 598 599 589 
313 88 380 87 599 600 116 
314 28 29 378 57 601 591 
315 378 29 381 601 602 603 
316 378 381 379 603 604 594 
317 379 381 382 604 605 606 
318 379 382 380 606 607 597 
319 380 382 383 607 608 609 
320 380 383 87 609 610 600 
321 87 383 86 610 611 115 
322 29 30 381 58 612 602 
323 381 30 384 612 613 614 
324 381 384 382 614 615 605 
325 382 384 385 615 616 617 
326 382 385 383 617 618 608 
327 383 385 386 618 619 620 
328 383 386 86 620 621 611 
329 86 386 85 621 622 114 
330 30 31 384 59 623 613 
331 384 31 387 623 624 625 
332 384 387 385 625 626 616 
333 385 387 388 626 627 628 
334 385 388 386 628 629 619 
335 386 388 389 629 630 631 
336 386 389 85 631 632 622 
337 85 389 84 632 633 113 
338 31 32 387 60 634 624 
339 387 32 390 634 635 636 
340 387 390 388 636 637 627 
341 388 390 391 637 638 639 
342 388 391 389 639 640 630 
343 389 391 392 640 641 642 
344 389 392 84 642 643 633 
345 84 392 83 643 644 112 
346 32 33 390 61 645 635 
347 390 33 393 645 646 647 
348 390 393 391 647 648 638 
349 391 393 394 648 649 650 
350 391 394 392 650 651 641 
351 392 394 395 651 652 653 
352 392 395 83 653 654 644 
353 83 395 82 654 655 111 
354 33 34 393 62 656 646 
355 393 34 396 656 657 658 
356 393 396 394 658 659 649 
357 394 396 397 659 660 661 
358 394 397 395 661 662 652 
359 395 397 398 662 663 664 
360 395 398 82 664 665 655 
361 82 398 81 665 666 110 
362 34 35 396 63 667 657 
363 396 35 399 667 668 669 
364 396 399 397 669 670 660 
365 397 399 400 670 671 672 
366 397 400 398 672 673 663 
367 398 400 401 673 674 675 
368 398 401 81 675 676 666 
369 81 401 80 676 677 109 
370 35 36 399 64 678 668 
371 399 36 402 678 679 680 
372 399 402 400 680 681 671 
373 400 402 403 681 682 683 
374 400 403 401 683 684 674 
375 401 403 404 684 685 686 
376 401 404 80 686 687 677 
377 80 404 79 687 688 108 
378 36 37 402 65 689 679 
379 402 37 405 689 690 691 
380 402 405 403 691 692 682 
381 403 405 406 692 693 694 
382 403 406 404 694 695 685 
383 404 406 407 695 696 697 
384 404 407 79 697 698 688 
385 79 407 78 698 699 107 
386 37 38 405 66 700 690 
387 405 38 408 700 701 702 
388 405 408 406 702 703 693 
389 406 408 409 703 704 705 
390 406 409 407 705 706 696 
391 407 409 410 706 707 708 
392 407 410 78 708 709 699 
393 78 410 77 709 710 106 
394 38 39 408 67 711 701 
395 408 39 411 711 712 713 
396 408 411 409 713 714 704 
397 409 411 412 714 715 716 
398 409 412 410 716 717 707 
399 410 412 413 717 718 719 
400 410 413 77 719 720 710 
401 77 413 76 720 721 105 
402 39 2 411 68 722 712 
403 411 2 69 722 72 723 
404 411 69 412 723 724 715 
405 412 69 70 724 73 725 
406 412 70 413 725 726 718 
407 413 70 71 726 74 727 
408 413 71 76 727 728 721 
409 76 71 6 728 75 104 
2 2 9 289
410 729 768 795 837 838 839 
411 101 747 766 840 841 842 
412 98 745 762 843 844 845 
413 762 745 763 844 846 847 
414 766 747 767 841 848 849 
415 761 97 762 850 851 852 
416 765 100 766 853 854 855 
417 769 751 795 856 857 858 
418 768 729 798 837 859 860 
419 160 161 792 179 861 862 
420 161 730 792 863 864 861 
421 767 768 800 865 866 867 
422 96 97 761 125 850 868 
423 778 741 815 869 870 871 
424 99 100 765 128 853 872 
425 155 156 786 174 873 874 
426 768 769 795 875 858 838 
427 741 778 822 869 876 877 
428 807 772 819 878 879 880 
429 737 801 826 881 882 883 
430 156 732 786 884 885 873 
431 792 730 835 864 886 887 
432 734 767 800 888 867 889 
433 757 746 759 890 891 892 
434 97 98 762 126 845 851 
435 100 101 766 129 842 854 
436 748 807 819 893 880 894 
437 751 769 828 856 895 896 
438 732 763 786 897 898 885 
439 768 798 800 860 899 866 
440 95 746 757 900 890 901 
441 761 762 770 852 902 903 
442 765 766 774 855 904 905 
443 749 757 758 906 907 908 
444 10 184 736 202 909 910 
445 758 757 835 907 911 912 
446 757 759 835 892 913 911 
447 747 102 769 914 915 916 
448 769 102 828 915 917 895 
449 735 793 803 918 919 920 
450 746 96 761 921 868 922 
451 759 746 760 891 923 924 
452 745 99 765 925 872 926 
453 817 740 821 927 928 929 
454 759 792 835 930 887 913 
455 103 11 825 132 931 932 
456 6 76 826 104 933 934 
457 763 745 764 846 935 936 
458 788 822 827 937 938 939 
459 749 94 757 940 941 906 
460 731 774 799 942 943 944 
461 76 737 826 945 883 933 
462 164 10 793 183 946 947 
463 767 747 768 848 948 865 
464 79 756 778 949 950 951 
465 186 742 775 952 953 954 
466 795 751 802 857 955 956 
467 763 732 816 897 957 958 
468 796 733 833 959 960 961 
469 781 817 821 962 929 963 
470 744 788 827 964 939 965 
471 101 102 747 130 914 840 
472 98 99 745 127 925 843 
473 95 96 746 124 921 900 
474 93 94 749 122 940 966 
475 76 77 737 105 967 945 
476 82 755 784 968 969 970 
477 750 804 830 971 972 973 
478 94 95 757 123 901 941 
479 767 734 812 888 974 975 
480 185 186 775 204 954 976 
481 737 77 776 967 977 978 
482 763 764 786 936 979 898 
483 90 748 779 980 981 982 
484 752 87 780 983 984 985 
485 755 83 781 986 987 988 
486 86 752 782 989 990 991 
487 737 776 777 978 992 993 
488 759 760 792 924 994 930 
489 78 79 778 107 951 995 
490 821 790 824 996 997 998 
491 776 78 778 999 995 1000 
492 748 819 820 894 1001 1002 
493 783 784 785 1003 1004 1005 
494 735 164 793 1006 947 918 
495 783 81 784 1007 1008 1003 
496 754 89 779 1009 1010 1011 
497 88 754 780 1012 1013 1014 
498 84 753 781 1015 1016 1017 
499 756 80 783 1018 1019 1020 
500 753 85 782 1021 1022 1023 
501 10 736 793 910 1024 946 
502 81 82 784 110 970 1008 
503 90 91 748 119 1025 980 
504 88 89 754 117 1009 1012 
505 82 83 755 111 986 968 
506 84 85 753 113 1021 1015 
507 79 80 756 108 1018 949 
508 86 87 752 115 983 989 
509 803 773 805 1026 1027 1028 
510 77 78 776 106 999 977 
511 771 185 775 1029 976 1030 
512 89 90 779 118 982 1010 
513 87 88 780 116 1014 984 
514 83 84 781 112 1017 987 
515 85 86 782 114 991 1022 
516 80 81 783 109 1007 1019 
517 774 731 829 942 1031 1032 
518 779 748 820 981 1002 1033 
519 785 744 827 1034 965 1035 
520 768 747 769 948 916 875 
521 770 796 833 1036 961 1037 
522 749 803 805 1038 1028 1039 
523 760 746 761 923 922 1040 
524 743 785 824 1041 1042 1043 
525 102 103 828 131 1044 917 
526 764 745 765 935 926 1045 
527 766 767 812 849 975 1046 
528 762 763 816 847 958 1047 
529 736 772 773 1048 1049 1050 
530 790 743 824 1051 1043 997 
531 201 4 830 220 1052 1053 
532 749 758 803 908 1054 1038 
533 186 187 742 205 1055 952 
534 187 188 787 206 1056 1057 
535 197 198 788 216 1058 1059 
536 198 199 741 217 1060 1061 
537 196 197 744 215 1062 1063 
538 191 192 789 210 1064 1065 
539 192 193 740 211 1066 1067 
540 194 195 743 213 1068 1069 
541 190 191 738 209 1070 1071 
542 188 189 739 207 1072 1073 
543 193 194 790 212 1074 1075 
544 189 190 791 208 1076 1077 
545 184 185 771 203 1029 1078 
546 788 741 822 1079 877 937 
547 770 762 816 902 1047 1080 
548 793 773 803 1081 1026 919 
549 774 766 812 904 1046 1082 
550 785 784 824 1004 1083 1042 
551 742 187 787 1055 1057 1084 
552 188 739 787 1073 1085 1056 
553 198 741 788 1061 1079 1058 
554 740 193 790 1066 1075 1086 
555 192 740 789 1067 1087 1064 
556 190 738 791 1071 1088 1076 
557 739 189 791 1072 1077 1089 
558 194 743 790 1069 1051 1074 
559 738 191 789 1070 1065 1090 
560 744 197 788 1062 1059 964 
561 92 93 805 121 1091 1092 
562 748 91 807 1025 1093 893 
563 744 785 831 1034 1094 1095 
564 92 805 834 1092 1096 1097 
565 736 771 772 1098 1099 1048 
566 155 786 806 874 1100 1101 
567 783 785 827 1005 1035 1102 
568 809 760 833 1103 1104 1105 
569 776 778 815 1000 871 1106 
570 761 770 833 903 1037 1107 
571 754 779 823 1011 1108 1109 
572 324 325 801 328 1110 1111 
573 156 157 732 175 1112 884 
574 157 158 796 176 1113 1114 
575 161 162 730 180 1115 863 
576 163 164 735 182 1006 1116 
577 158 159 733 177 1117 1118 
578 162 163 797 181 1119 1120 
579 149 150 798 168 1121 1122 
580 148 149 729 167 1123 1124 
581 151 152 734 170 1125 1126 
582 153 154 731 172 1127 1128 
583 152 153 799 171 1129 1130 
584 150 151 800 169 1131 1132 
585 160 792 809 862 1133 1134 
586 323 324 750 327 1135 1136 
587 147 148 794 166 1137 1138 
588 140 141 751 144 1139 1140 
589 765 774 829 905 1032 1141 
590 797 758 835 1142 912 1143 
591 804 201 830 1144 1053 972 
592 786 764 806 979 1145 1100 
593 779 820 823 1033 1146 1108 
594 730 797 835 1147 1143 886 
595 736 184 771 909 1078 1098 
596 733 809 833 1148 1105 960 
597 93 749 805 966 1039 1091 
598 764 765 829 1045 1141 1149 
599 785 743 831 1041 1150 1094 
600 792 760 809 994 1103 1133 
601 760 761 833 1040 1107 1104 
602 142 5 832 146 1151 1152 
603 141 142 802 145 1153 1154 
604 736 773 793 1050 1081 1024 
605 740 790 821 1086 996 928 
606 741 199 814 1060 1155 1156 
607 154 155 806 173 1101 1157 
608 806 764 829 1145 1149 1158 
609 200 201 804 219 1144 1159 
610 743 195 831 1068 1160 1150 
611 196 744 831 1063 1095 1161 
612 778 756 822 950 1162 876 
613 780 754 818 1013 1163 1164 
614 751 141 802 1139 1154 955 
615 819 775 820 1165 1166 1001 
616 159 160 809 178 1134 1167 
617 741 814 815 1156 1168 870 
618 781 753 817 1016 1169 962 
619 752 780 811 985 1170 1171 
620 158 733 796 1118 959 1113 
621 732 157 796 1112 1114 1172 
622 163 735 797 1116 1173 1119 
623 730 162 797 1115 1120 1147 
624 729 149 798 1123 1122 859 
625 798 150 800 1121 1132 899 
626 734 152 799 1125 1130 1174 
627 153 731 799 1128 944 1129 
628 151 734 800 1126 889 1131 
629 772 771 819 1099 1175 879 
630 750 324 801 1135 1111 1176 
631 148 729 794 1124 1177 1137 
632 775 742 820 953 1178 1166 
633 794 795 802 1179 956 1180 
634 731 806 829 1181 1158 1031 
635 5 147 832 165 1182 1151 
636 807 92 834 1183 1097 1184 
637 735 803 836 920 1185 1186 
638 799 774 812 943 1082 1187 
639 796 770 816 1036 1080 1188 
640 801 737 813 881 1189 1190 
641 732 796 816 1172 1188 957 
642 782 752 808 990 1191 1192 
643 794 729 795 1177 839 1179 
644 822 756 827 1162 1193 938 
645 200 804 814 1159 1194 1195 
646 753 782 810 1023 1196 1197 
647 755 821 824 1198 998 1199 
648 818 754 823 1163 1109 1200 
649 784 755 824 969 1199 1083 
650 804 777 814 1201 1202 1194 
651 91 92 807 120 1183 1093 
652 737 777 813 993 1203 1189 
653 755 781 821 988 963 1198 
654 734 799 812 1174 1187 974 
655 758 797 836 1142 1204 1205 
656 811 780 818 1170 1164 1206 
657 791 738 808 1088 1207 1208 
658 756 783 827 1020 1102 1193 
659 731 154 806 1127 1157 1181 
660 777 776 815 992 1106 1209 
661 199 200 814 218 1195 1155 
662 323 750 830 1136 973 1210 
663 753 810 817 1197 1211 1169 
664 794 802 832 1180 1212 1213 
665 771 775 819 1030 1165 1175 
666 808 738 810 1207 1214 1215 
667 801 325 826 1110 1216 882 
668 738 789 810 1090 1217 1214 
669 791 808 811 1208 1218 1219 
670 750 801 813 1176 1190 1220 
671 739 791 811 1089 1219 1221 
672 140 751 825 1140 1222 1223 
673 804 750 813 971 1220 1224 
674 820 742 823 1178 1225 1146 
675 195 196 831 214 1161 1160 
676 814 777 815 1202 1209 1168 
677 733 159 809 1117 1167 1148 
678 789 740 817 1087 927 1226 
679 810 789 817 1217 1226 1211 
680 782 808 810 1192 1215 1196 
681 808 752 811 1191 1171 1218 
682 802 142 832 1153 1152 1212 
683 787 739 818 1085 1227 1228 
684 739 811 818 1221 1206 1227 
685 11 140 825 143 1223 931 
686 325 6 826 329 934 1216 
687 742 787 823 1084 1229 1225 
688 787 818 823 1228 1200 1229 
689 803 758 836 1054 1205 1185 
690 4 323 830 326 1210 1052 
691 777 804 813 1201 1224 1203 
692 773 772 834 1049 1230 1231 
693 147 794 832 1138 1213 1182 
694 825 751 828 1222 896 1232 
695 805 773 834 1027 1231 1096 
696 797 735 836 1173 1186 1204 
697 772 807 834 878 1184 1230 
698 103 825 828 932 1232 1044 
2 3 9 179
699 239 240 1268 258 1298 1299 
700 236 237 1266 255 1300 1301 
701 1241 196 1253 1302 1303 1304 
702 1250 1238 1294 1305 1306 1307 
703 1236 236 1266 1308 1301 1309 
704 1238 1250 1271 1305 1310 1311 
705 1241 1253 1254 1304 1312 1313 
706 1256 1255 1286 1314 1315 1316 
707 1262 1275 1288 1317 1318 1319 
708 1257 1256 1286 1320 1316 1321 
709 1235 1268 1286 1322 1323 1324 
710 1264 1259 1283 1325 1326 1327 
711 1244 191 1260 1328 1329 1330 
712 1254 1236 1266 1331 1309 1332 
713 1245 189 1263 1333 1334 1335 
714 1244 1260 1261 1330 1336 1337 
715 267 1247 1270 1338 1339 1340 
716 1235 239 1268 1341 1299 1322 
717 1260 1259 1264 1342 1325 1343 
718 196 197 1253 215 1344 1303 
719 266 267 1270 275 1340 1345 
720 270 271 185 279 1346 1347 
721 228 229 1272 247 1348 1349 
722 1267 1250 1294 1350 1307 1351 
723 192 1259 1260 1352 1342 1353 
724 1262 1288 1293 1319 1354 1355 
725 1268 1257 1286 1356 1321 1323 
726 200 201 1265 219 1357 1358 
727 1255 1266 1281 1359 1360 1361 
728 1241 1255 1256 1362 1314 1363 
729 1265 201 1291 1357 1364 1365 
730 1246 1265 1291 1366 1365 1367 
731 186 187 1277 205 1368 1369 
732 270 185 1280 1347 1370 1371 
733 1245 1263 1269 1335 1372 1373 
734 1248 1243 1249 1374 1375 1376 
735 1238 1271 1272 1311 1377 1378 
736 1277 187 1295 1368 1379 1380 
737 229 1238 1272 1381 1378 1348 
738 1264 1234 1274 1382 1383 1384 
739 189 190 1263 208 1385 1334 
740 1258 1268 1278 1386 1387 1388 
741 1251 1237 1297 1389 1390 1391 
742 1255 1281 1286 1361 1392 1315 
743 1237 1251 1290 1389 1393 1394 
744 192 193 1259 211 1395 1352 
745 1270 1247 1279 1339 1396 1397 
746 1242 1251 1252 1398 1399 1400 
747 191 192 1260 210 1353 1329 
748 1258 1278 1283 1388 1401 1402 
749 195 1241 1256 1403 1363 1404 
750 199 1243 1248 1405 1374 1406 
751 1241 1254 1255 1313 1407 1362 
752 1242 1248 1251 1408 1409 1398 
753 1259 1258 1283 1410 1402 1326 
754 1261 1260 1264 1336 1343 1411 
755 197 1242 1253 1412 1413 1344 
756 1236 1254 1282 1331 1414 1415 
757 1240 1256 1257 1416 1320 1417 
758 1249 1243 1250 1375 1418 1419 
759 1248 1249 1251 1376 1420 1409 
760 1268 240 1278 1298 1421 1387 
761 1255 1254 1266 1407 1332 1359 
762 1254 1253 1282 1312 1422 1414 
763 1244 1261 1262 1337 1423 1424 
764 1265 1246 1271 1366 1425 1426 
765 1249 1250 1267 1419 1350 1427 
766 1240 1257 1258 1417 1428 1429 
767 1243 200 1265 1430 1358 1431 
768 1272 223 1296 1432 1433 1434 
769 1273 1252 1297 1435 1436 1437 
770 223 1272 1284 1432 1438 1439 
771 1242 198 1248 1440 1441 1408 
772 1240 194 1256 1442 1443 1416 
773 1258 1257 1268 1428 1356 1386 
774 190 1244 1263 1444 1445 1385 
775 1275 1262 1289 1317 1446 1447 
776 195 196 1241 214 1302 1403 
777 193 194 1240 212 1442 1448 
778 199 200 1243 218 1430 1405 
779 190 191 1244 209 1328 1444 
780 197 198 1242 216 1440 1412 
781 193 1240 1259 1448 1449 1395 
782 1234 1264 1283 1382 1327 1450 
783 188 189 1245 207 1333 1451 
784 1237 1276 1297 1452 1453 1390 
785 1252 1273 1282 1435 1454 1455 
786 198 199 1248 217 1406 1441 
787 194 195 1256 213 1404 1443 
788 1253 1252 1282 1456 1455 1422 
789 186 1277 1280 1369 1457 1458 
790 1250 1265 1271 1459 1426 1310 
791 9 265 1233 273 1460 1461 
792 1266 237 1281 1300 1462 1360 
793 1242 1252 1253 1400 1456 1413 
794 1276 1273 1297 1463 1437 1453 
795 1250 1243 1265 1418 1431 1459 
796 1267 231 1287 1464 1465 1466 
797 231 1267 1294 1464 1351 1467 
798 1245 1270 1279 1468 1397 1469 
799 185 186 1280 204 1458 1370 
800 1240 1258 1259 1429 1410 1449 
801 1244 1262 1263 1424 1470 1445 
802 1252 1251 1297 1399 1391 1436 
803 187 188 1279 206 1471 1472 
804 1245 1269 1270 1373 1473 1468 
805 221 222 1246 225 1474 1475 
806 243 244 1239 262 1476 1477 
807 241 242 1234 260 1478 1479 
808 242 243 1274 261 1480 1481 
809 238 239 1235 257 1341 1482 
810 234 235 1273 253 1483 1484 
811 229 230 1238 248 1485 1381 
812 232 233 1237 251 1486 1487 
813 235 236 1236 254 1308 1488 
814 233 234 1276 252 1489 1490 
815 201 4 1291 220 1491 1364 
816 244 245 1275 263 1492 1493 
817 267 268 1247 276 1494 1338 
818 1278 1234 1283 1495 1450 1401 
819 1263 1262 1293 1470 1355 1496 
820 228 1272 1296 1349 1434 1497 
821 266 1270 1285 1345 1498 1499 
822 268 269 1277 277 1500 1501 
823 222 223 1284 226 1439 1502 
824 1269 1263 1293 1372 1496 1503 
825 1251 1249 1290 1420 1504 1393 
826 1264 1274 1292 1384 1505 1506 
827 187 1279 1295 1472 1507 1379 
828 223 7 1296 227 1508 1433 
829 1261 1264 1292 1411 1506 1509 
830 240 241 1278 259 1510 1421 
831 237 238 1281 256 1511 1462 
832 265 266 1285 274 1499 1512 
833 235 1236 1273 1488 1513 1483 
834 1234 242 1274 1478 1481 1383 
835 243 1239 1274 1477 1514 1480 
836 1237 233 1276 1486 1490 1452 
837 234 1273 1276 1484 1463 1489 
838 1262 1261 1289 1423 1515 1446 
839 1239 244 1275 1476 1493 1516 
840 231 232 1287 250 1517 1465 
841 1249 1267 1290 1427 1518 1504 
842 241 1234 1278 1479 1495 1510 
843 1273 1236 1282 1513 1415 1454 
844 230 231 1294 249 1467 1519 
845 188 1245 1279 1451 1469 1471 
846 1247 268 1277 1494 1501 1520 
847 1272 1271 1284 1377 1521 1438 
848 1269 1233 1285 1522 1523 1524 
849 245 9 1288 264 1525 1526 
850 1233 1269 1293 1522 1503 1527 
851 1271 1246 1284 1425 1528 1521 
852 4 221 1291 224 1529 1491 
853 9 1233 1288 1461 1530 1525 
854 269 270 1280 278 1371 1531 
855 1281 1235 1286 1532 1324 1392 
856 1277 269 1280 1500 1531 1457 
857 1270 1269 1285 1473 1524 1498 
858 238 1235 1281 1482 1532 1511 
859 1288 1233 1293 1530 1527 1354 
860 1246 222 1284 1474 1502 1528 
861 1267 1287 1290 1466 1533 1518 
862 1233 265 1285 1460 1512 1523 
863 232 1237 1287 1487 1534 1517 
864 7 228 1296 246 1497 1508 
865 1275 245 1288 1492 1526 1318 
866 221 1246 1291 1475 1367 1529 
867 1238 230 1294 1485 1519 1306 
868 1239 1275 1289 1516 1447 1535 
869 1274 1239 1292 1514 1536 1505 
870 1239 1289 1292 1535 1537 1536 
871 1247 1277 1295 1520 1380 1538 
872 1279 1247 1295 1396 1538 1507 
873 1289 1261 1292 1515 1509 1537 
874 1287 1237 1290 1534 1394 1533 
875 272 10 184 281 202 1539 
876 185 271 184 1346 1540 203 
877 271 272 184 280 1539 1540 
2 4 9 151
878 306 3 1585 315 1597 1598 
879 1542 1572 1578 1599 1600 1601 
880 1572 1570 1578 1602 1603 1600 
881 3 316 1585 319 1604 1597 
882 1543 1570 1572 1605 1602 1606 
883 1557 1548 1581 1607 1608 1609 
884 1548 1557 1566 1607 1610 1611 
885 1570 1543 1573 1605 1612 1613 
886 1552 1550 1588 1614 1615 1616 
887 1550 1552 1556 1614 1617 1618 
888 241 1579 1588 1619 1620 1621 
889 234 235 1574 253 1622 1623 
890 241 242 1579 260 1624 1619 
891 1560 305 1585 1625 1626 1627 
892 1564 1544 1577 1628 1629 1630 
893 1556 287 1580 1631 1632 1633 
894 1568 1573 1582 1634 1635 1636 
895 1557 1556 1580 1637 1633 1638 
896 1568 1570 1573 1639 1613 1634 
897 235 1544 1574 1640 1641 1622 
898 1543 234 1574 1642 1623 1643 
899 1564 1577 1591 1630 1644 1645 
900 1579 1552 1588 1646 1616 1620 
901 305 1560 1583 1625 1647 1648 
902 289 8 1553 298 1649 1650 
903 1562 1541 1576 1651 1652 1653 
904 305 306 1585 314 1598 1626 
905 1573 1565 1582 1654 1655 1635 
906 1562 1576 1586 1653 1656 1657 
907 1549 1558 1559 1658 1659 1660 
908 1551 1553 1554 1661 1662 1663 
909 1550 1556 1557 1618 1637 1664 
910 1565 1573 1593 1654 1665 1666 
911 1573 1574 1593 1667 1668 1665 
912 1551 289 1553 1669 1650 1661 
913 1554 1553 1555 1662 1670 1671 
914 1542 1578 1586 1601 1672 1673 
915 1549 1559 1560 1660 1674 1675 
916 1549 317 1558 1676 1677 1658 
917 1552 286 1556 1678 1679 1617 
918 1560 1559 1561 1674 1680 1681 
919 1573 1543 1574 1612 1643 1667 
920 316 317 1549 320 1676 1682 
921 285 286 1552 294 1678 1683 
922 1561 1559 1562 1680 1684 1685 
923 303 1545 1571 1686 1687 1688 
924 1561 1562 1563 1685 1689 1690 
925 288 289 1551 297 1669 1691 
926 317 318 1558 321 1692 1677 
927 1554 1555 1564 1671 1693 1694 
928 286 287 1556 295 1631 1679 
929 1566 1557 1580 1610 1638 1695 
930 1564 1555 1565 1693 1696 1697 
931 1547 300 1567 1698 1699 1700 
932 302 303 1571 311 1688 1701 
933 1568 1569 1570 1702 1703 1639 
934 1567 1546 1568 1704 1705 1706 
935 301 1546 1567 1707 1704 1708 
936 1568 1546 1569 1705 1709 1702 
937 301 302 1546 310 1710 1707 
938 299 300 1547 308 1698 1711 
939 303 304 1545 312 1712 1686 
940 1551 1554 1566 1663 1713 1714 
941 1546 302 1571 1710 1701 1715 
942 300 301 1567 309 1708 1699 
943 1570 1569 1578 1703 1716 1603 
944 1569 1546 1571 1709 1715 1717 
945 284 285 1579 293 1718 1719 
946 316 1549 1585 1682 1720 1604 
947 233 234 1543 252 1642 1721 
948 232 233 1572 251 1722 1723 
949 229 230 1541 248 1724 1725 
950 231 232 1542 250 1726 1727 
951 235 236 1544 254 1728 1640 
952 230 231 1576 249 1729 1730 
953 1563 1562 1586 1689 1657 1731 
954 1553 8 1587 1649 1732 1733 
955 231 1542 1576 1727 1734 1729 
956 1542 232 1572 1726 1723 1599 
957 233 1543 1572 1721 1606 1722 
958 1541 230 1576 1724 1730 1652 
959 236 237 1577 255 1735 1736 
960 1551 1566 1580 1714 1695 1737 
961 1544 236 1577 1728 1736 1629 
962 228 229 1575 247 1738 1739 
963 237 238 1548 256 1740 1741 
964 1583 1561 1594 1742 1743 1744 
965 285 1552 1579 1683 1646 1718 
966 239 240 1550 258 1745 1746 
967 229 1541 1575 1725 1747 1738 
968 1571 1545 1584 1687 1748 1749 
969 1545 1583 1594 1750 1744 1751 
970 287 288 1580 296 1752 1632 
971 237 1548 1577 1741 1753 1735 
972 1547 1567 1582 1700 1754 1755 
973 1555 1587 1596 1756 1757 1758 
974 1587 1547 1596 1759 1760 1757 
975 1554 1564 1591 1694 1645 1761 
976 304 305 1583 313 1648 1762 
977 1563 1578 1584 1763 1764 1765 
978 1578 1569 1584 1716 1766 1764 
979 1550 1557 1581 1664 1609 1767 
980 8 299 1587 307 1768 1732 
981 318 7 1592 322 1769 1770 
982 1560 1561 1583 1681 1742 1647 
983 1548 238 1581 1740 1771 1608 
984 288 1551 1580 1691 1737 1752 
985 239 1550 1581 1746 1767 1772 
986 1559 1558 1589 1659 1773 1774 
987 1541 1562 1589 1651 1775 1776 
988 1558 318 1592 1692 1770 1777 
989 284 1579 1590 1719 1778 1779 
990 1555 1553 1587 1670 1733 1756 
991 244 283 1595 1780 1781 1782 
992 283 284 1595 292 1783 1781 
993 1548 1566 1591 1611 1784 1785 
994 1575 1558 1592 1786 1777 1787 
995 243 244 1595 262 1782 1788 
996 238 239 1581 257 1772 1771 
997 1550 240 1588 1745 1789 1615 
998 7 228 1592 246 1790 1769 
999 1562 1559 1589 1684 1774 1775 
1000 1558 1575 1589 1786 1791 1773 
1001 1567 1568 1582 1706 1636 1754 
1002 1578 1563 1586 1763 1731 1672 
1003 1545 304 1583 1712 1762 1750 
1004 1577 1548 1591 1753 1785 1644 
1005 1569 1571 1584 1717 1749 1766 
1006 1544 1564 1593 1628 1792 1793 
1007 1549 1560 1585 1675 1627 1720 
1008 1584 1545 1594 1748 1751 1794 
1009 299 1547 1587 1711 1759 1768 
1010 1576 1542 1586 1734 1673 1656 
1011 1574 1544 1593 1641 1793 1668 
1012 1579 242 1590 1624 1795 1778 
1013 1566 1554 1591 1713 1761 1784 
1014 240 241 1588 259 1621 1789 
1015 1547 1582 1596 1755 1796 1760 
1016 1564 1565 1593 1697 1666 1792 
1017 242 243 1590 261 1797 1795 
1018 1575 1541 1589 1747 1776 1791 
1019 1561 1563 1594 1690 1798 1743 
1020 1565 1555 1596 1696 1758 1799 
1021 228 1575 1592 1739 1787 1790 
1022 284 1590 1595 1779 1800 1783 
1023 1582 1565 1596 1655 1799 1796 
1024 1563 1584 1594 1765 1794 1798 
1025 1590 243 1595 1797 1788 1800 
1026 245 9 282 264 290 1801 
1027 244 245 282 263 1801 1802 
1028 244 282 283 1802 291 1780 
$EndElements
