$MeshFormat
4.1 0 8
$EndMeshFormat
$PhysicalNames
9
1 19 "bottomfix"
1 20 "sidefix"
1 21 "load"
2 22 "soil1"
2 23 "soil2"
2 24 "soil3"
2 25 "soil4"
2 26 "excav_soil4"
2 27 "excav_soil3"
$EndPhysicalNames
$Entities
13 18 6 0
1 0 0 0 0 
2 10 0 0 0 
3 10 4 0 0 
4 0 4 0 0 
5 10 1 0 0 
6 0 1 0 0 
7 10 2 0 0 
8 10 3 0 0 
9 0 2 0 0 
10 0 3 0 0 
11 8 4 0 0 
12 6 3 0 0 
13 4 2 0 0 
1 0 0 0 10 0 0 1 19 2 1 -2 
2 10 0 0 10 1 0 1 20 2 2 -5 
3 0 1 0 10 1 0 0 2 5 -6 
4 0 0 0 0 1 0 1 20 2 6 -1 
5 0 1 0 0 2 0 1 20 2 6 -9 
6 0 2 0 4 2 0 0 2 9 -13 
7 4 2 0 10 2 0 0 2 13 -7 
8 10 1 0 10 2 0 1 20 2 7 -5 
9 10 2 0 10 3 0 1 20 2 7 -8 
10 6 3 0 10 3 0 0 2 8 -12 
11 0 3 0 6 3 0 0 2 12 -10 
12 0 2 0 0 3 0 1 20 2 10 -9 
13 4 2 0 6 3 0 0 2 13 -12 
14 10 3 0 10 4 0 1 20 2 8 -3 
15 8 4 0 10 4 0 1 21 2 3 -11 
16 0 4 0 8 4 0 0 2 11 -4 
17 0 3 0 0 4 0 1 20 2 4 -10 
18 6 3 0 8 4 0 0 2 12 -11 
1 0 0 0 10 1 0 1 23 4 1 2 3 4 
2 0 1 0 10 2 0 1 22 5 3 5 6 7 8 
3 0 2 0 6 3 0 1 27 4 6 13 11 12 
4 4 2 0 10 3 0 1 24 4 7 9 10 -13 
5 6 3 0 10 4 0 1 25 4 10 18 -15 -14 
6 0 3 0 8 4 0 1 26 4 11 -17 -16 -18 
$EndEntities
$Nodes
37 2104 1 2104
0 1 0 1
1
0 0 0
0 2 0 1
2
10 0 0
0 3 0 1
3
10 4 0
0 4 0 1
4
0 4 0
0 5 0 1
5
10 1 0
0 6 0 1
6
0 1 0
0 7 0 1
7
10 2 0
0 8 0 1
8
10 3 0
0 9 0 1
9
0 2 0
0 10 0 1
10
0 3 0
0 11 0 1
11
8 4 0
0 12 0 1
12
6 3 0
0 13 0 1
13
4 2 0
1 1 1 57
14
15
16
17
18
19
20
21
22
23
24
25
26
27
28
29
30
31
32
33
34
35
36
37
38
39
40
41
42
43
44
45
46
47
48
49
50
51
52
53
54
55
56
57
58
59
60
61
62
63
64
65
66
67
68
69
70
0.3448275862066271 0 0 0.03448275862066271
0.6896551724131987 0 0 0.06896551724131987
1.034482758619854 0 0 0.1034482758619854
1.379310344826223 0 0 0.1379310344826223
1.724137931032113 0 0 0.1724137931032113
2.068965517238002 0 0 0.2068965517238002
2.413793103443891 0 0 0.2413793103443891
2.75862068964978 0 0 0.2758620689649781
3.10344827585567 0 0 0.310344827585567
3.44827586206156 0 0 0.3448275862061559
3.793103448267449 0 0 0.3793103448267449
4.137931034473848 0 0 0.4137931034473847
4.482758620681268 0 0 0.4482758620681268
4.827586206888689 0 0 0.4827586206888689
5.17241379309611 0 0 0.517241379309611
5.51724137930353 0 0 0.551724137930353
5.862068965510952 0 0 0.5862068965510951
6.206896551718372 0 0 0.6206896551718372
6.551724137925793 0 0 0.6551724137925793
6.896551724133214 0 0 0.6896551724133214
7.241379310340634 0 0 0.7241379310340634
7.586206896548056 0 0 0.7586206896548056
7.931034482755476 0 0 0.7931034482755476
8.275862068962898 0 0 0.8275862068962897
8.620689655170317 0 0 0.8620689655170317
8.965517241377738 0 0 0.8965517241377737
9.310344827585158 0 0 0.9310344827585159
9.655172413792579 0 0 0.965517241379258
0.1724137931033259 0 0 0.01724137931033259
0.517241379309895 0 0 0.0517241379309895
0.8620689655165221 0 0 0.08620689655165222
1.206896551723162 0 0 0.1206896551723162
1.551724137929142 0 0 0.1551724137929142
1.896551724135053 0 0 0.1896551724135053
2.241379310340911 0 0 0.2241379310340911
2.586206896546772 0 0 0.2586206896546772
2.931034482752733 0 0 0.2931034482752733
3.275862068958579 0 0 0.3275862068958579
3.620689655164547 0 0 0.3620689655164547
3.965517241370784 0 0 0.3965517241370784
4.310344827577679 0 0 0.4310344827577679
4.655172413784955 0 0 0.4655172413784955
4.99999999999194 0 0 0.499999999999194
5.344827586199854 0 0 0.5344827586199854
5.689655172407183 0 0 0.5689655172407183
6.034482758614655 0 0 0.6034482758614655
6.37931034482201 0 0 0.637931034482201
6.724137931029462 0 0 0.6724137931029462
7.068965517236942 0 0 0.7068965517236941
7.4137931034443 0 0 0.7413793103444301
7.758620689651671 0 0 0.7758620689651672
8.103448275859249 0 0 0.8103448275859249
8.448275862066632 0 0 0.8448275862066632
8.793103448274165 0 0 0.8793103448274165
9.137931034481744 0 0 0.9137931034481743
9.482758620689019 0 0 0.9482758620689019
9.827586206896067 0 0 0.9827586206896067
1 2 1 7
71
72
73
74
75
76
77
10 0.2499999999994109 0 0.2499999999994109
10 0.4999999999986921 0 0.4999999999986921
10 0.7499999999993406 0 0.7499999999993406
10 0.1249999999997752 0 0.1249999999997752
10 0.3749999999990515 0 0.3749999999990515
10 0.6249999999990163 0 0.6249999999990163
10 0.8749999999996704 0 0.8749999999996704
1 3 1 57
78
79
80
81
82
83
84
85
86
87
88
89
90
91
92
93
94
95
96
97
98
99
100
101
102
103
104
105
106
107
108
109
110
111
112
113
114
115
116
117
118
119
120
121
122
123
124
125
126
127
128
129
130
131
132
133
134
9.655172413793103 1 0 0.03448275862068971
9.310344827586206 1 0 0.06896551724137941
8.96551724137931 1 0 0.1034482758620691
8.620689655172413 1 0 0.1379310344827588
8.275862068965514 1 0 0.1724137931034486
7.931034482758617 1 0 0.2068965517241383
7.586206896551719 1 0 0.2413793103448281
7.241379310344822 1 0 0.2758620689655177
6.896551724137927 1 0 0.3103448275862074
6.55172413793103 1 0 0.344827586206897
6.206896551724133 1 0 0.3793103448275866
5.862068965517238 1 0 0.4137931034482762
5.517241379310341 1 0 0.4482758620689659
5.172413793103445 1 0 0.4827586206896555
4.827586206896548 1 0 0.5172413793103452
4.482758620689652 1 0 0.5517241379310348
4.137931034482756 1 0 0.5862068965517244
3.793103448275859 1 0 0.620689655172414
3.448275862068963 1 0 0.6551724137931038
3.103448275862066 1 0 0.6896551724137934
2.75862068965517 1 0 0.724137931034483
2.413793103448274 1 0 0.7586206896551726
2.068965517241378 1 0 0.7931034482758622
1.724137931034482 1 0 0.8275862068965518
1.379310344827584 1 0 0.8620689655172415
1.034482758620689 1 0 0.8965517241379312
0.6896551724137918 1 0 0.9310344827586208
0.3448275862068968 1 0 0.9655172413793104
9.827586206896738 1 0 0.01724137931032616
9.482758620689758 1 0 0.05172413793102425
9.137931034482758 1 0 0.08620689655172425
8.793103448275886 1 0 0.1206896551724114
8.448275862068586 1 0 0.1551724137931415
8.103448275862458 1 0 0.1896551724137541
7.758620689655246 1 0 0.2241379310344754
7.413793103448141 1 0 0.2586206896551859
7.068965517241404 1 0 0.2931034482758597
6.724137931034409 1 0 0.3275862068965591
6.379310344827557 1 0 0.3620689655172443
6.034482758620764 1 0 0.3965517241379236
5.689655172413703 1 0 0.4310344827586297
5.344827586206856 1 0 0.4655172413793144
5.000000000000473 1 0 0.4999999999999527
4.655172413793007 1 0 0.5344827586206993
4.310344827586245 1 0 0.5689655172413755
3.965517241379473 1 0 0.6034482758620527
3.620689655172398 1 0 0.6379310344827602
3.275862068965402 1 0 0.6724137931034597
2.931034482758471 1 0 0.7068965517241529
2.586206896551802 1 0 0.7413793103448197
2.241379310344866 1 0 0.7758620689655135
1.896551724137627 1 0 0.8103448275862374
1.551724137930865 1 0 0.8448275862069136
1.206896551724174 1 0 0.8793103448275826
0.8620689655172793 1 0 0.913793103448272
0.5172413793104678 1 0 0.9482758620689532
0.1724137931033152 1 0 0.9827586206896685
1 4 1 7
135
136
137
138
139
140
141
0 0.7500000000003471 0 0.249999999999653
0 0.5000000000020595 0 0.4999999999979405
0 0.2500000000010405 0 0.7499999999989595
0 0.8750000000000052 0 0.1249999999999948
0 0.625000000001009 0 0.374999999998991
0 0.37500000000155 0 0.62499999999845
0 0.1250000000005203 0 0.8749999999994797
1 5 1 7
142
143
144
145
146
147
148
0 1.25 0 0.25
0 1.5 0 0.5
0 1.75 0 0.75
0 1.125 0 0.125
0 1.375 0 0.375
0 1.625000000000034 0 0.6250000000000344
0 1.874999999999878 0 0.8749999999998778
1 6 1 27
149
150
151
152
153
154
155
156
157
158
159
160
161
162
163
164
165
166
167
168
169
170
171
172
173
174
175
0.2857142857137173 2 0 0.07142857142842932
0.5714285714274663 2 0 0.1428571428568666
0.8571428571409181 2 0 0.2142857142852295
1.14285714285437 2 0 0.2857142857135924
1.428571428567821 2 0 0.3571428571419553
1.714285714281273 2 0 0.4285714285703183
1.999999999994768 2 0 0.4999999999986921
2.285714285709764 2 0 0.5714285714274411
2.571428571424804 2 0 0.6428571428562009
2.857142857139843 2 0 0.7142857142849607
3.142857142854882 2 0 0.7857142857137205
3.428571428569922 2 0 0.8571428571424804
3.71428571428496 2 0 0.9285714285712401
0.1428571428568696 2 0 0.03571428571421741
0.4285714285706413 2 0 0.1071428571426603
0.7142857142841922 2 0 0.178571428571048
0.999999999997644 2 0 0.249999999999411
1.285714285711095 2 0 0.3214285714277739
1.571428571424547 2 0 0.3928571428561368
1.857142857138021 2 0 0.4642857142845052
2.142857142852266 2 0 0.5357142857130666
2.428571428567284 2 0 0.607142857141821
2.714285714282323 2 0 0.6785714285705808
2.999999999997363 2 0 0.7499999999993406
3.285714285712402 2 0 0.8214285714281004
3.571428571427441 2 0 0.8928571428568602
3.85714285714248 2 0 0.96428571428562
1 7 1 37
176
177
178
179
180
181
182
183
184
185
186
187
188
189
190
191
192
193
194
195
196
197
198
199
200
201
202
203
204
205
206
207
208
209
210
211
212
4.315789473680028 2 0 0.05263157894667139
4.631578947363855 2 0 0.1052631578939758
4.947368421045637 2 0 0.1578947368409394
5.263157894729445 2 0 0.2105263157882408
5.578947368414148 2 0 0.2631578947356913
5.894736842098849 2 0 0.3157894736831416
6.210526315783552 2 0 0.368421052630592
6.526315789468255 2 0 0.4210526315780424
6.842105263152956 2 0 0.4736842105254928
7.157894736837661 2 0 0.5263157894729434
7.473684210522365 2 0 0.5789473684203942
7.78947368420707 2 0 0.6315789473678449
8.105263157891773 2 0 0.6842105263152957
8.42105263157648 2 0 0.7368421052627464
8.736842105261182 2 0 0.7894736842101971
9.052631578945888 2 0 0.8421052631576479
9.368421052630591 2 0 0.8947368421050986
9.684210526315297 2 0 0.9473684210525494
4.157894736839883 2 0 0.02631578947331388
4.473684210521863 2 0 0.07894736842031048
4.789473684204867 2 0 0.1315789473674778
5.105263157887595 2 0 0.1842105263145993
5.421052631571732 2 0 0.2368421052619554
5.736842105256413 2 0 0.2894736842094021
6.052631578941115 2 0 0.3421052631568525
6.368421052625871 2 0 0.3947368421043119
6.684210526310672 2 0 0.4473684210517787
6.999999999994833 2 0 0.4999999999991387
7.315789473679954 2 0 0.5526315789466589
7.631578947364796 2 0 0.6052631578941327
7.947368421049184 2 0 0.6578947368415307
8.263157894733872 2 0 0.7105263157889787
8.578947368418987 2 0 0.763157894736498
8.894736842103633 2 0 0.8157894736839387
9.210526315788112 2 0 0.8684210526313522
9.526315789472875 2 0 0.9210526315788123
9.842105263157825 2 0 0.9736842105263041
1 8 1 7
213
214
215
216
217
218
219
10 1.75 0 0.25
10 1.5 0 0.5
10 1.25 0 0.75
10 1.875 0 0.125
10 1.625 0 0.375
10 1.374999999999966 0 0.6250000000000344
10 1.125000000000122 0 0.8749999999998778
1 9 1 7
220
221
222
223
224
225
226
10 2.25 0 0.25
10 2.5 0 0.5
10 2.75 0 0.75
10 2.125000000000092 0 0.1250000000000925
10 2.375 0 0.375
10 2.625000000000104 0 0.6250000000001037
10 2.874999999999908 0 0.8749999999999075
1 10 1 27
227
228
229
230
231
232
233
234
235
236
237
238
239
240
241
242
243
244
245
246
247
248
249
250
251
252
253
9.714285714285714 3 0 0.07142857142857142
9.428571428571429 3 0 0.1428571428571428
9.142857142857142 3 0 0.2142857142857143
8.857142857142858 3 0 0.2857142857142857
8.571428571428571 3 0 0.3571428571428571
8.285714285714286 3 0 0.4285714285714285
8 3 0 0.5
7.714285714285714 3 0 0.5714285714285714
7.428571428571429 3 0 0.6428571428571428
7.142857142857143 3 0 0.7142857142857142
6.857142857142858 3 0 0.7857142857142857
6.571428571428571 3 0 0.8571428571428571
6.285714285714286 3 0 0.9285714285714285
9.85714285714265 3 0 0.03571428571433755
9.571428571428708 3 0 0.107142857142823
9.28571428571437 3 0 0.1785714285714073
9 3 0 0.25
8.714285714285843 3 0 0.3214285714285393
8.428571428571429 3 0 0.3928571428571428
8.142857142857469 3 0 0.4642857142856328
7.85714285714274 3 0 0.5357142857143149
7.571428571428742 3 0 0.6071428571428147
7.285714285714286 3 0 0.6785714285714284
6.999999999999888 3 0 0.750000000000028
6.714285714285617 3 0 0.8214285714285958
6.428571428571306 3 0 0.8928571428571734
6.142857142857546 3 0 0.9642857142856137
1 11 1 37
254
255
256
257
258
259
260
261
262
263
264
265
266
267
268
269
270
271
272
273
274
275
276
277
278
279
280
281
282
283
284
285
286
287
288
289
290
5.684210526319578 3 0 0.05263157894673694
5.368421052635359 3 0 0.1052631578941069
5.052631578953184 3 0 0.157894736841136
4.736842105268982 3 0 0.2105263157885029
4.421052631583887 3 0 0.2631578947360189
4.105263157898791 3 0 0.3157894736835348
3.789473684215311 3 0 0.3684210526307816
3.47368421053255 3 0 0.4210526315779082
3.157894736849791 3 0 0.4736842105250349
2.842105263165863 3 0 0.5263157894723562
2.526315789480767 3 0 0.5789473684198722
2.210526315795671 3 0 0.6315789473673882
1.894736842110575 3 0 0.6842105263149041
1.57894736842548 3 0 0.73684210526242
1.263157894740384 3 0 0.789473684209936
0.9473684210552875 3 0 0.842105263157452
0.6315789473701923 3 0 0.894736842104968
0.3157894736850961 3 0 0.947368421052484
5.842105263159789 3 0 0.02631578947336847
5.526315789477406 3 0 0.07894736842043244
5.21052631579427 3 0 0.1315789473676218
4.894736842111103 3 0 0.1842105263148162
4.578947368426304 3 0 0.2368421052622827
4.263157894741372 3 0 0.2894736842097714
3.947368421057113 3 0 0.3421052631571478
3.631578947373928 3 0 0.3947368421043453
3.315789473691167 3 0 0.4473684210514722
3.000000000008168 3 0 0.4999999999986388
2.684210526323295 3 0 0.5526315789461175
2.368421052638602 3 0 0.6052631578935664
2.052631578953405 3 0 0.6578947368410992
1.736842105268114 3 0 0.7105263157886476
1.421052631582584 3 0 0.763157894736236
1.105263157897355 3 0 0.8157894736837743
0.7894736842125614 3 0 0.8684210526312397
0.4736842105276162 3 0 0.9210526315787306
0.1578947368425059 3 0 0.9736842105262491
1 12 1 7
291
292
293
294
295
296
297
0 2.75 0 0.25
0 2.5 0 0.5
0 2.25 0 0.75
0 2.874999999999908 0 0.1250000000000925
0 2.625 0 0.375
0 2.374999999999896 0 0.6250000000001037
0 2.125000000000092 0 0.8749999999999075
1 13 1 9
298
299
300
301
302
303
304
305
306
4.4 2.2 0 0.2
4.8 2.4 0 0.4
5.2 2.6 0 0.6
5.6 2.8 0 0.8
4.199999999999841 2.099999999999921 0 0.09999999999992057
4.600000000000088 2.300000000000044 0 0.3000000000000441
4.999999999999292 2.499999999999646 0 0.4999999999996459
5.39999999999955 2.699999999999775 0 0.6999999999997751
5.799999999999812 2.899999999999906 0 0.8999999999999059
1 14 1 7
307
308
309
310
311
312
313
10 3.25 0 0.25
10 3.5 0 0.5
10 3.75 0 0.75
10 3.125000000000092 0 0.1250000000000925
10 3.375 0 0.375
10 3.625000000000104 0 0.6250000000001037
10 3.874999999999908 0 0.8749999999999075
1 15 1 7
314
315
316
317
318
319
320
9.5 4 0 0.25
9 4 0 0.5
8.5 4 0 0.75
9.75 4 0 0.125
9.25 4 0 0.375
8.75 4 0 0.625
8.25 4 0 0.875
1 16 1 47
321
322
323
324
325
326
327
328
329
330
331
332
333
334
335
336
337
338
339
340
341
342
343
344
345
346
347
348
349
350
351
352
353
354
355
356
357
358
359
360
361
362
363
364
365
366
367
7.666666666665279 4 0 0.04166666666684015
7.333333333330557 4 0 0.08333333333368032
6.999999999996009 4 0 0.1250000000004988
6.666666666664816 4 0 0.166666666666898
6.333333333333796 4 0 0.2083333333332755
6.000000000002776 4 0 0.249999999999653
5.666666666671755 4 0 0.2916666666660306
5.333333333340734 4 0 0.3333333333324083
5.000000000009712 4 0 0.374999999998786
4.666666666678691 4 0 0.4166666666651636
4.333333333347671 4 0 0.4583333333315412
4.000000000016476 4 0 0.4999999999979405
3.666666666681928 4 0 0.541666666664759
3.333333333347208 4 0 0.583333333331599
3.000000000012487 4 0 0.6249999999984391
2.666666666677766 4 0 0.6666666666652793
2.333333333343045 4 0 0.7083333333321193
2.000000000008324 4 0 0.7499999999989595
1.666666666673604 4 0 0.7916666666657995
1.333333333338883 4 0 0.8333333333326396
1.000000000004162 4 0 0.8749999999994797
0.6666666666694416 4 0 0.9166666666663198
0.3333333333347213 4 0 0.9583333333331598
7.833333333332639 4 0 0.02083333333342008
7.49999999999807 4 0 0.06250000000024121
7.166666666663242 4 0 0.1041666666670947
6.833333333330394 4 0 0.1458333333337008
6.499999999999249 4 0 0.1875000000000939
6.166666666668327 4 0 0.2291666666664592
5.833333333337053 4 0 0.2708333333328684
5.500000000006033 4 0 0.312499999999246
5.16666666667502 4 0 0.3541666666656225
4.833333333344214 4 0 0.3958333333319732
4.500000000013177 4 0 0.4374999999983529
4.166666666681904 4 0 0.4791666666647621
3.833333333349202 4 0 0.5208333333313497
3.500000000014568 4 0 0.562499999998179
3.166666666679848 4 0 0.6041666666650191
2.833333333345126 4 0 0.6458333333318592
2.500000000010406 4 0 0.6874999999986993
2.166666666675685 4 0 0.7291666666655394
1.833333333340963 4 0 0.7708333333323796
1.500000000006244 4 0 0.8124999999992195
1.166666666671523 4 0 0.8541666666660597
0.8333333333368014 4 0 0.8958333333328998
0.5000000000020819 4 0 0.9374999999997398
0.1666666666673606 4 0 0.9791666666665799
1 17 1 7
368
369
370
371
372
373
374
0 3.75 0 0.25
0 3.5 0 0.5
0 3.25 0 0.75
0 3.874999999999908 0 0.1250000000000925
0 3.625 0 0.375
0 3.374999999999896 0 0.6250000000001037
0 3.125000000000092 0 0.8749999999999075
1 18 1 9
375
376
377
378
379
380
381
382
383
6.4 3.2 0 0.2
6.8 3.4 0 0.4
7.2 3.6 0 0.6
7.6 3.8 0 0.8
6.199999999999841 3.099999999999921 0 0.09999999999992057
6.600000000000088 3.300000000000044 0 0.3000000000000441
6.999999999999292 3.499999999999646 0 0.4999999999996459
7.39999999999955 3.699999999999775 0 0.6999999999997751
7.799999999999812 3.899999999999906 0 0.8999999999999059
2 1 1 423
384
385
386
387
388
389
390
391
392
393
394
395
396
397
398
399
400
401
402
403
404
405
406
407
408
409
410
411
412
413
414
415
416
417
418
419
420
421
422
423
424
425
426
427
428
429
430
431
432
433
434
435
436
437
438
439
440
441
442
443
444
445
446
447
448
449
450
451
452
453
454
455
456
457
458
459
460
461
462
463
464
465
466
467
468
469
470
471
472
473
474
475
476
477
478
479
480
481
482
483
484
485
486
487
488
489
490
491
492
493
494
495
496
497
498
499
500
501
502
503
504
505
506
507
508
509
510
511
512
513
514
515
516
517
518
519
520
521
522
523
524
525
526
527
528
529
530
531
532
533
534
535
536
537
538
539
540
541
542
543
544
545
546
547
548
549
550
551
552
553
554
555
556
557
558
559
560
561
562
563
564
565
566
567
568
569
570
571
572
573
574
575
576
577
578
579
580
581
582
583
584
585
586
587
588
589
590
591
592
593
594
595
596
597
598
599
600
601
602
603
604
605
606
607
608
609
610
611
612
613
614
615
616
617
618
619
620
621
622
623
624
625
626
627
628
629
630
631
632
633
634
635
636
637
638
639
640
641
642
643
644
645
646
647
648
649
650
651
652
653
654
655
656
657
658
659
660
661
662
663
664
665
666
667
668
669
670
671
672
673
674
675
676
677
678
679
680
681
682
683
684
685
686
687
688
689
690
691
692
693
694
695
696
697
698
699
700
701
702
703
704
705
706
707
708
709
710
711
712
713
714
715
716
717
718
719
720
721
722
723
724
725
726
727
728
729
730
731
732
733
734
735
736
737
738
739
740
741
742
743
744
745
746
747
748
749
750
751
752
753
754
755
756
757
758
759
760
761
762
763
764
765
766
767
768
769
770
771
772
773
774
775
776
777
778
779
780
781
782
783
784
785
786
787
788
789
790
791
792
793
794
795
796
797
798
799
800
801
802
803
804
805
806
0.4818850422332738 0.2559644273908661 0 0.2559644273908661 0.4818850422332738
9.511126971905339 0.273854737969764 0 0.273854737969764 9.511126971905339
1.549147807845697 0.2826059838919526 0 0.2826059838919526 1.549147807845697
2.241379310340947 0.2986294495799685 0 0.2986294495799685 2.241379310340947
2.931034482752725 0.2986294495799685 0 0.2986294495799685 2.931034482752725
3.620689655164504 0.2986294495799688 0 0.2986294495799688 3.620689655164504
8.789432438342811 0.7151599857628564 0 0.7151599857628564 8.789432438342811
8.103448275862071 0.701370550419159 0 0.701370550419159 8.103448275862071
7.41379310344827 0.7013705504191596 0 0.7013705504191596 7.41379310344827
6.724137931034476 0.7013705504191596 0 0.7013705504191596 6.724137931034476
6.034482758620683 0.7013705504191596 0 0.7013705504191596 6.034482758620683
5.344827586206891 0.7013705504191596 0 0.7013705504191596 5.344827586206891
4.310344827577558 0.2986294495808519 0 0.2986294495808519 4.310344827577558
0.2218139866857684 0.618473974724453 0 0.618473974724453 0.2218139866857684
9.78349364905392 0.6249999999990165 0 0.6249999999990165 9.78349364905392
0.8578546297791404 0.715711117707607 0 0.715711117707607 0.8578546297791404
4.655172413793102 0.7013705504191596 0 0.7013705504191596 4.655172413793102
1.902195113818174 0.7210170241516255 0 0.7210170241516255 1.902195113818174
8.448275862066616 0.2986294495812934 0 0.2986294495812934 8.448275862066616
7.758620689651766 0.2986294495812942 0 0.2986294495812942 7.758620689651766
2.586206896551722 0.7013705504191596 0 0.7013705504191596 2.586206896551722
7.068965517236925 0.2986294495812942 0 0.2986294495812942 7.068965517236925
3.275862068965514 0.7013705504191593 0 0.7013705504191593 3.275862068965514
6.37931034482208 0.2986294495812946 0 0.2986294495812946 6.37931034482208
5.689655172407241 0.2986294495812942 0 0.2986294495812942 5.689655172407241
4.999999999992398 0.2986294495812946 0 0.2986294495812946 4.999999999992398
3.965517241379309 0.7013705504191593 0 0.7013705504191593 3.965517241379309
0.8519070711464781 0.2683718565604537 0 0.2683718565604537 0.8519070711464781
9.143374755164198 0.2752000454407505 0 0.2752000454407505 9.143374755164198
9.288368387848191 0.5187604079325101 0 0.5187604079325101 9.288368387848191
1.201666555053384 0.2736476201106046 0 0.2736476201106046 1.201666555053384
1.375916250062025 0.5969967315558262 0 0.5969967315558262 1.375916250062025
0.4833112402634191 0.7439199040357718 0 0.7439199040357718 0.4833112402634191
8.796235627285071 0.2873984674559263 0 0.2873984674559263 8.796235627285071
2.241379310344713 0.7013705504192247 0 0.7013705504192247 2.241379310344713
2.931034482758731 0.701370550419225 0 0.701370550419225 2.931034482758731
4.655172413785047 0.298629449581258 0 0.298629449581258 4.655172413785047
5.34482758619975 0.2986294495812593 0 0.2986294495812593 5.34482758619975
8.103448275859259 0.298629449581273 0 0.298629449581273 8.103448275859259
6.724137931029564 0.2986294495812614 0 0.2986294495812614 6.724137931029564
7.413793103444405 0.2986294495812599 0 0.2986294495812599 7.413793103444405
6.034482758614603 0.2986294495812591 0 0.2986294495812591 6.034482758614603
3.620689655172412 0.701370550419159 0 0.701370550419159 3.620689655172412
4.3103448275862 0.7013705504191657 0 0.7013705504191657 4.3103448275862
3.965517241370506 0.2986294495800351 0 0.2986294495800351 3.965517241370506
4.999999999999994 0.7013705504191656 0 0.7013705504191656 4.999999999999994
7.758620689655163 0.701370550419159 0 0.701370550419159 7.758620689655163
7.068965517241382 0.7013705504191654 0 0.7013705504191654 7.068965517241382
5.689655172413795 0.7013705504191737 0 0.7013705504191737 5.689655172413795
6.37931034482758 0.7013705504191677 0 0.7013705504191677 6.37931034482758
8.448249988431403 0.7102936869569713 0 0.7102936869569713 8.448249988431403
1.896439950825174 0.2894174410921411 0 0.2894174410921411 1.896439950825174
3.275862068958616 0.2986294495799658 0 0.2986294495799658 3.275862068958616
2.586206896546836 0.2986294495799673 0 0.2986294495799673 2.586206896546836
9.779203778632965 0.3849145512476544 0 0.3849145512476544 9.779203778632965
0.2165063509454151 0.37500000000155 0 0.37500000000155 0.2165063509454151
9.133755458892484 0.7539020146693299 0 0.7539020146693299 9.133755458892484
1.620268338846786 0.7565137384173306 0 0.7565137384173306 1.620268338846786
1.134601862391826 0.7556076195711918 0 0.7556076195711918 1.134601862391826
0.6837512074470934 0.4963130757253459 0 0.4963130757253459 0.6837512074470934
9.5073909697161 0.7583278560171235 0 0.7583278560171235 9.5073909697161
9.567945063577286 0.5188746703149634 0 0.5188746703149634 9.567945063577286
8.9647909951976 0.5017147998927012 0 0.5017147998927012 8.9647909951976
0.417453565514994 0.4979342763755973 0 0.4979342763755973 0.417453565514994
8.62047449671484 0.5021993982751649 0 0.5021993982751649 8.62047449671484
1.018409161507085 0.5060864147522202 0 0.5060864147522202 1.018409161507085
2.069887453300836 0.5014404364015798 0 0.5014404364015798 2.069887453300836
2.413793103443892 0.4999999999979844 0 0.4999999999979844 2.413793103443892
8.275862068965543 0.5000000000012407 0 0.5000000000012407 8.275862068965543
2.758620689650706 0.4999999999981944 0 0.4999999999981944 2.758620689650706
7.931034482758085 0.5000000000010201 0 0.5000000000010201 7.931034482758085
7.586206896550789 0.5000000000009297 0 0.5000000000009297 7.586206896550789
3.103448275857318 0.4999999999983316 0 0.4999999999983316 3.103448275857318
7.241379310343285 0.5000000000006575 0 0.5000000000006575 7.241379310343285
6.896551724136108 0.5000000000006415 0 0.5000000000006415 6.896551724136108
3.448275862064305 0.4999999999987935 0 0.4999999999987935 3.448275862064305
6.55172413792899 0.5000000000006848 0 0.5000000000006848 6.55172413792899
6.20689655172186 0.5000000000007296 0 0.5000000000007296 6.20689655172186
3.793103448270765 0.4999999999988239 0 0.4999999999988239 3.793103448270765
5.862068965514756 0.5000000000007768 0 0.5000000000007768 5.862068965514756
5.517241379307643 0.5000000000008217 0 0.5000000000008217 5.517241379307643
5.172413793100537 0.5000000000008638 0 0.5000000000008638 5.172413793100537
4.827586206893454 0.5000000000008998 0 0.5000000000008998 4.827586206893454
4.137931034478997 0.5000000000002822 0 0.5000000000002822 4.137931034478997
4.482758620685726 0.5000000000002696 0 0.5000000000002696 4.482758620685726
1.728330553025918 0.5078499435292763 0 0.5078499435292763 1.728330553025918
0.2099905626312168 0.8224787757521144 0 0.8224787757521144 0.2099905626312168
9.789100632866177 0.1817538578433659 0 0.1817538578433659 9.789100632866177
9.789211406512624 0.8266655712030961 0 0.8266655712030961 9.789211406512624
0.2086437958770632 0.1761928854786913 0 0.1761928854786913 0.2086437958770632
0.3525626134745937 0.6811969393801124 0 0.6811969393801124 0.3525626134745937
0.346650901447318 0.7831993398939431 0 0.7831993398939431 0.346650901447318
0.2159022746584926 0.7204763752382837 0 0.7204763752382837 0.2159022746584926
9.645165375269151 0.3293846446087092 0 0.3293846446087092 9.645165375269151
9.650113802385757 0.2278042979065649 0 0.2278042979065649 9.650113802385757
9.784152205749571 0.2833342045455101 0 0.2833342045455101 9.784152205749571
0.3491956965893445 0.315482213696208 0 0.315482213696208 0.3491956965893445
0.2125750734112392 0.2755964427401206 0 0.2755964427401206 0.2125750734112392
0.3452644190551685 0.2160786564347787 0 0.2160786564347787 0.3452644190551685
0.4140694132351579 0.8719599520178859 0 0.8719599520178859 0.4140694132351579
0.2774090744190568 0.9112393878760572 0 0.9112393878760572 0.2774090744190568
9.211061923370337 0.6363312113009201 0 0.6363312113009201 9.211061923370337
9.397879678782147 0.6385441319748169 0 0.6385441319748169 9.397879678782147
9.320573214304293 0.7561149353432267 0 0.7561149353432267 9.320573214304293
9.645442309385011 0.69166392800807 0 0.69166392800807 9.645442309385011
9.786352527783272 0.7258327856010562 0 0.7258327856010562 9.786352527783272
9.648301188114363 0.7924967136101098 0 0.7924967136101098 9.648301188114363
9.894550316433088 0.09087692892168293 0 0.09087692892168293 9.894550316433088
9.722136523329379 0.09087692892168293 0 0.09087692892168293 9.722136523329379
0.1049952813156084 0.9112393878760572 0 0.9112393878760572 0.1049952813156084
9.722191910152864 0.9133327856015481 0 0.9133327856015481 9.722191910152864
9.894605703256312 0.9133327856015481 0 0.9133327856015481 9.894605703256312
0.2767356910418451 0.08809644273934567 0 0.08809644273934567 0.2767356910418451
0.1043218979385316 0.08809644273934567 0 0.08809644273934567 0.1043218979385316
9.222050143239345 0.8769510073346649 0 0.8769510073346649 9.222050143239345
9.408867898651152 0.8791639280085617 0 0.8791639280085617 9.408867898651152
9.583149692848959 0.136927368984882 0 0.136927368984882 9.583149692848959
0.4133563142199504 0.1279822136954331 0 0.1279822136954331 0.4133563142199504
1.377613297444804 0.7984983657779131 0 0.7984983657779131 1.377613297444804
1.256956103609705 0.8778038097855959 0 0.8778038097855959 1.256956103609705
1.255259056226925 0.676302175563509 0 0.676302175563509 1.255259056226925
1.498092294454405 0.6767552349865784 0 0.6767552349865784 1.498092294454405
1.499789341837185 0.8782568692086653 0 0.8782568692086653 1.499789341837185
9.410735899745248 0.136927368984882 0 0.136927368984882 9.410735899745248
9.327250863534768 0.2745273917052572 0 0.2745273917052572 9.327250863534768
9.226859791374679 0.1376000227203752 0 0.1376000227203752 9.226859791374679
1.46422907633596 0.1413029919459763 0 0.1413029919459763 1.46422907633596
1.375407181449541 0.2781268020012786 0 0.2781268020012786 1.375407181449541
1.290488449939804 0.1368238100553023 0 0.1368238100553023 1.290488449939804
0.5857701073232362 0.1279822136954331 0 0.1279822136954331 0.5857701073232362
1.462532028953861 0.4398013577238894 0 0.4398013577238894 1.462532028953861
1.288791402557705 0.4353221758332154 0 0.4353221758332154 1.288791402557705
9.399747679876764 0.3963075729511371 0 0.3963075729511371 9.399747679876764
9.215871571506195 0.3969802266866303 0 0.3969802266866303 9.215871571506195
0.5864832063386054 0.8719599520178859 0 0.8719599520178859 0.5864832063386054
0.7707811217798384 0.1341859282802269 0 0.1341859282802269 0.7707811217798384
0.6668960566898759 0.2621681419756599 0 0.2621681419756599 0.6668960566898759
1.118074656836619 0.1368238100553023 0 0.1368238100553023 1.118074656836619
9.054445998270968 0.1376000227203752 0 0.1376000227203752 9.054445998270968
8.534482758618466 0.1493147247906467 0 0.1493147247906467 8.534482758618466
8.708462641227694 0.1436992337279632 0 0.1436992337279632 8.708462641227694
8.622255744675844 0.2930139585186099 0 0.2930139585186099 8.622255744675844
0.7737549010964662 0.8578555588538035 0 0.8578555588538035 0.7737549010964662
0.9461686941999146 0.8578555588538035 0 0.8578555588538035 0.9461686941999146
8.969805191224633 0.2812992564483384 0 0.2812992564483384 8.969805191224633
8.880876434331405 0.1436992337279632 0 0.1436992337279632 8.880876434331405
0.6705829350212797 0.7298155108716894 0 0.7298155108716894 0.6705829350212797
0.9431949148831662 0.1341859282802269 0 0.1341859282802269 0.9431949148831662
1.026786813099931 0.2710097383355292 0 0.2710097383355292 1.026786813099931
2.672413793103446 0.8506852752095798 0 0.8506852752095798 2.672413793103446
2.758620689655226 0.7013705504191923 0 0.7013705504191923 2.758620689655226
2.84482758620695 0.8506852752096126 0 0.8506852752096126 2.84482758620695
2.499999999999998 0.8506852752095798 0 0.8506852752095798 2.499999999999998
2.327586206896494 0.8506852752096123 0 0.8506852752096123 2.327586206896494
2.413793103448218 0.7013705504191922 0 0.7013705504191922 2.413793103448218
4.396551724129413 0.1493147247904259 0 0.1493147247904259 4.396551724129413
4.224137931025703 0.1493147247904259 0 0.1493147247904259 4.224137931025703
3.362068965517238 0.8506852752095797 0 0.8506852752095797 3.362068965517238
3.448275862068963 0.7013705504191592 0 0.7013705504191592 3.448275862068963
3.534482758620687 0.8506852752095795 0 0.8506852752095795 3.534482758620687
7.844827586203621 0.1493147247906471 0 0.1493147247906471 7.844827586203621
8.017241379307368 0.1493147247906365 0 0.1493147247906365 8.017241379307368
7.931034482755512 0.2986294495812836 0 0.2986294495812836 7.931034482755512
5.603448275855385 0.1493147247906471 0 0.1493147247906471 5.603448275855385
5.517241379303496 0.2986294495812767 0 0.2986294495812767 5.517241379303496
5.43103448275164 0.1493147247906296 0 0.1493147247906296 5.43103448275164
3.18965517241379 0.8506852752095797 0 0.8506852752095797 3.18965517241379
3.017241379310398 0.8506852752096126 0 0.8506852752096126 3.017241379310398
3.103448275862122 0.7013705504191922 0 0.7013705504191922 3.103448275862122
6.465517241373936 0.1493147247906473 0 0.1493147247906473 6.465517241373936
6.637931034477679 0.1493147247906307 0 0.1493147247906307 6.637931034477679
6.551724137925822 0.298629449581278 0 0.298629449581278 6.551724137925822
1.985580315529776 0.8605085120758127 0 0.8605085120758127 1.985580315529776
2.071787212081444 0.711193787285425 0 0.711193787285425 2.071787212081444
2.155172413793045 0.8506852752096123 0 0.8506852752096123 2.155172413793045
7.15517241378878 0.1493147247906471 0 0.1493147247906471 7.15517241378878
7.327586206892519 0.1493147247906299 0 0.1493147247906299 7.327586206892519
7.241379310340665 0.298629449581277 0 0.298629449581277 7.241379310340665
6.293103448270227 0.1493147247906473 0 0.1493147247906473 6.293103448270227
6.206896551718342 0.2986294495812769 0 0.2986294495812769 6.206896551718342
6.120689655166487 0.1493147247906296 0 0.1493147247906296 6.120689655166487
4.568965517233158 0.149314724790629 0 0.149314724790629 4.568965517233158
4.482758620681302 0.2986294495810549 0 0.2986294495810549 4.482758620681302
4.913793103440543 0.1493147247906473 0 0.1493147247906473 4.913793103440543
4.827586206888723 0.2986294495812762 0 0.2986294495812762 4.827586206888723
4.741379310336868 0.149314724790629 0 0.149314724790629 4.741379310336868
1.813166522426328 0.8605085120758127 0 0.8605085120758127 1.813166522426328
5.086206896544255 0.1493147247906473 0 0.1493147247906473 5.086206896544255
5.25862068964793 0.1493147247906296 0 0.1493147247906296 5.25862068964793
5.172413793096074 0.2986294495812769 0 0.2986294495812769 5.172413793096074
8.362068965514757 0.1493147247906467 0 0.1493147247906467 8.362068965514757
8.275862068962937 0.2986294495812832 0 0.2986294495812832 8.275862068962937
8.189655172411079 0.1493147247906365 0 0.1493147247906365 8.189655172411079
5.775862068959096 0.1493147247906471 0 0.1493147247906471 5.775862068959096
5.948275862062777 0.1493147247906296 0 0.1493147247906296 5.948275862062777
5.862068965510922 0.2986294495812767 0 0.2986294495812767 5.862068965510922
6.98275862068507 0.1493147247906471 0 0.1493147247906471 6.98275862068507
6.896551724133245 0.2986294495812778 0 0.2986294495812778 6.896551724133245
6.810344827581389 0.1493147247906307 0 0.1493147247906307 6.810344827581389
7.672413793099912 0.1493147247906471 0 0.1493147247906471 7.672413793099912
7.586206896548086 0.298629449581277 0 0.298629449581277 7.586206896548086
7.499999999996231 0.1493147247906299 0 0.1493147247906299 7.499999999996231
4.137931034474033 0.2986294495804435 0 0.2986294495804435 4.137931034474033
4.051724137922177 0.1493147247900176 0 0.1493147247900176 4.051724137922177
3.706896551724136 0.8506852752095795 0 0.8506852752095795 3.706896551724136
3.879310344827585 0.8506852752095797 0 0.8506852752095797 3.879310344827585
3.79310344827586 0.7013705504191592 0 0.7013705504191592 3.79310344827586
4.051724137931033 0.8506852752095797 0 0.8506852752095797 4.051724137931033
4.224137931034479 0.8506852752095828 0 0.8506852752095828 4.224137931034479
4.396551724137926 0.8506852752095828 0 0.8506852752095828 4.396551724137926
4.137931034482754 0.7013705504191625 0 0.7013705504191625 4.137931034482754
4.568965517241377 0.8506852752095798 0 0.8506852752095798 4.568965517241377
4.741379310344826 0.8506852752095798 0 0.8506852752095798 4.741379310344826
4.91379310344827 0.8506852752095828 0 0.8506852752095828 4.91379310344827
5.086206896551719 0.8506852752095828 0 0.8506852752095828 5.086206896551719
4.482758620689651 0.7013705504191627 0 0.7013705504191627 4.482758620689651
7.672413793103441 0.8506852752095795 0 0.8506852752095795 7.672413793103441
7.84482758620689 0.8506852752095795 0 0.8506852752095795 7.84482758620689
7.327586206896546 0.8506852752095798 0 0.8506852752095798 7.327586206896546
7.499999999999995 0.8506852752095798 0 0.8506852752095798 7.499999999999995
6.637931034482753 0.8506852752095798 0 0.8506852752095798 6.637931034482753
6.810344827586201 0.8506852752095798 0 0.8506852752095798 6.810344827586201
8.017241379310345 0.8506852752095795 0 0.8506852752095795 8.017241379310345
8.189655172413794 0.8506852752095795 0 0.8506852752095795 8.189655172413794
8.705061046757612 0.8575799928814283 0 0.8575799928814283 8.705061046757612
8.87747483986106 0.8575799928814283 0 0.8575799928814283 8.87747483986106
5.948275862068961 0.8506852752095798 0 0.8506852752095798 5.948275862068961
6.120689655172408 0.8506852752095798 0 0.8506852752095798 6.120689655172408
5.258620689655168 0.8506852752095798 0 0.8506852752095798 5.258620689655168
5.431034482758616 0.8506852752095798 0 0.8506852752095798 5.431034482758616
6.982758620689655 0.8506852752095827 0 0.8506852752095827 6.982758620689655
7.155172413793101 0.8506852752095827 0 0.8506852752095827 7.155172413793101
6.293103448275857 0.8506852752095839 0 0.8506852752095839 6.293103448275857
6.465517241379305 0.8506852752095839 0 0.8506852752095839 6.465517241379305
5.603448275862068 0.8506852752095868 0 0.8506852752095868 5.603448275862068
5.775862068965516 0.8506852752095868 0 0.8506852752095868 5.775862068965516
8.362056028698458 0.8551468434784857 0 0.8551468434784857 8.362056028698458
8.534469821801908 0.8551468434784857 0 0.8551468434784857 8.534469821801908
4.827586206896548 0.7013705504191626 0 0.7013705504191626 4.827586206896548
5.172413793103443 0.7013705504191626 0 0.7013705504191626 5.172413793103443
7.931034482758617 0.701370550419159 0 0.701370550419159 7.931034482758617
2.327586206892419 0.1493147247899842 0 0.1493147247899842 2.327586206892419
2.155172413789475 0.1493147247899842 0 0.1493147247899842 2.155172413789475
3.017241379304197 0.1493147247899842 0 0.1493147247899842 3.017241379304197
2.844827586201252 0.1493147247899842 0 0.1493147247899842 2.844827586201252
1.982702734031588 0.1447087205460706 0 0.1447087205460706 1.982702734031588
1.810288940928643 0.1447087205460706 0 0.1447087205460706 1.810288940928643
3.706896551715976 0.1493147247899844 0 0.1493147247899844 3.706896551715976
3.534482758613032 0.1493147247899844 0 0.1493147247899844 3.534482758613032
1.636642869438905 0.1413029919459763 0 0.1413029919459763 1.636642869438905
6.896551724137929 0.7013705504191625 0 0.7013705504191625 6.896551724137929
2.672413793098308 0.1493147247899837 0 0.1493147247899837 2.672413793098308
2.499999999995364 0.1493147247899837 0 0.1493147247899837 2.499999999995364
3.362068965510088 0.1493147247899829 0 0.1493147247899829 3.362068965510088
3.189655172407143 0.1493147247899829 0 0.1493147247899829 3.189655172407143
5.517241379310343 0.7013705504191667 0 0.7013705504191667 5.517241379310343
7.586206896551716 0.7013705504191593 0 0.7013705504191593 7.586206896551716
6.206896551724132 0.7013705504191636 0 0.7013705504191636 6.206896551724132
6.551724137931028 0.7013705504191636 0 0.7013705504191636 6.551724137931028
7.241379310344826 0.7013705504191625 0 0.7013705504191625 7.241379310344826
8.275849132146737 0.7058321186880652 0 0.7058321186880652 8.275849132146737
5.862068965517239 0.7013705504191667 0 0.7013705504191667 5.862068965517239
8.618841213387107 0.7127268363599139 0 0.7127268363599139 8.618841213387107
3.879310344818978 0.1493147247900176 0 0.1493147247900176 3.879310344818978
2.068909630583061 0.2940234453360548 0 0.2940234453360548 2.068909630583061
3.103448275855671 0.2986294495799671 0 0.2986294495799671 3.103448275855671
1.722793879335436 0.2860117124920468 0 0.2860117124920468 1.722793879335436
2.75862068964978 0.2986294495799679 0 0.2986294495799679 2.75862068964978
2.413793103443892 0.2986294495799679 0 0.2986294495799679 2.413793103443892
3.44827586206156 0.2986294495799673 0 0.2986294495799673 3.44827586206156
3.793103448267505 0.298629449580002 0 0.298629449580002 3.793103448267505
1.197162705784555 0.5515415731540232 0 0.5515415731540232 1.197162705784555
1.110037858280235 0.3898670174314124 0 0.3898670174314124 1.110037858280235
9.049636350135897 0.8769510073346649 0 0.8769510073346649 9.049636350135897
1.638739180435807 0.3952279637106144 0 0.3952279637106144 1.638739180435807
1.552123401543971 0.5524233375425512 0 0.5524233375425512 1.552123401543971
0.1082531754727076 0.3125000000012952 0 0.3125000000012952 0.1082531754727076
0.1082531754727076 0.4375000000018047 0 0.4375000000018047 0.1082531754727076
9.889601889316483 0.4424572756231733 0 0.4424572756231733 9.889601889316483
9.889601889316483 0.3174572756235327 0 0.3174572756235327 9.889601889316483
1.084542310506257 0.8778038097855959 0 0.8778038097855959 1.084542310506257
9.126579691522895 0.5102376039126056 0 0.5102376039126056 9.126579691522895
9.054082875180899 0.3884574226667258 0 0.3884574226667258 9.054082875180899
9.537668016646693 0.6386012631660434 0 0.6386012631660434 9.537668016646693
9.675719356315604 0.5719373351569899 0 0.5719373351569899 9.675719356315604
1.672203134940634 0.8782568692086653 0 0.8782568692086653 1.672203134940634
9.89174682452696 0.6874999999991785 0 0.6874999999991785 9.89174682452696
9.89174682452696 0.5624999999988542 0 0.5624999999988542 9.89174682452696
0.1109069933428842 0.5592369873632562 0 0.5592369873632562 0.1109069933428842
0.1109069933428842 0.6842369873624 0 0.6842369873624 0.1109069933428842
1.076505511949456 0.630847017161706 0 0.630847017161706 1.076505511949456
0.3196337761003812 0.5582041255500252 0 0.5582041255500252 0.3196337761003812
0.4503824028892065 0.6209270902056846 0 0.6209270902056846 0.4503824028892065
9.581281691754601 0.8791639280085617 0 0.8791639280085617 9.581281691754601
9.673574421105126 0.4518946107813089 0 0.4518946107813089 9.673574421105126
9.539536017741312 0.3963647041423637 0 0.3963647041423637 9.539536017741312
9.049273227045042 0.6278084072810155 0 0.6278084072810155 9.049273227045042
0.2191601688155917 0.4967369873630015 0 0.4967369873630015 0.2191601688155917
9.781348713843443 0.5049572756233354 0 0.5049572756233354 9.781348713843443
1.674299445936352 0.6321818409733034 0 0.6321818409733034 1.674299445936352
0.7678291392967858 0.3823424661428998 0 0.3823424661428998 0.7678291392967858
0.5828181248401836 0.376138751558106 0 0.376138751558106 0.5828181248401836
8.961593948617647 0.7345310002160932 0 0.7345310002160932 8.961593948617647
0.9962282460854834 0.7356593686393994 0 0.7356593686393994 0.9962282460854834
0.5835312238552562 0.6201164898805589 0 0.6201164898805589 0.5835312238552562
0.7708029186131169 0.6060120967164764 0 0.6060120967164764 0.7708029186131169
9.428156725712739 0.5188175391237367 0 0.5188175391237367 9.428156725712739
1.76123172633248 0.7387653812844781 0 0.7387653812844781 1.76123172633248
0.4496693038741338 0.3769493518832318 0 0.3769493518832318 0.4496693038741338
0.3169799582302045 0.4364671381885736 0 0.4364671381885736 0.3169799582302045
8.708355061999956 0.3947989328655456 0 0.3947989328655456 8.708355061999956
8.534375179390729 0.4004144239282291 0 0.4004144239282291 8.534375179390729
8.880513311241335 0.3945566336743138 0 0.3945566336743138 8.880513311241335
8.53436224257312 0.6062465426160681 0 0.6062465426160681 8.53436224257312
8.362056028698472 0.605146843479106 0 0.605146843479106 8.362056028698472
8.448168282840191 0.5010996991382028 0 0.5010996991382028 8.448168282840191
0.9351581163267817 0.3872291356563369 0 0.3872291356563369 0.9351581163267817
8.36206896551608 0.3993147247912671 0 0.3993147247912671 8.36206896551608
8.792632745956219 0.501957099083933 0 0.501957099083933 8.792632745956219
0.8510801844770894 0.5011997452387831 0 0.5011997452387831 0.8510801844770894
0.9381318956431128 0.6108987662299136 0 0.6108987662299136 0.9381318956431128
8.704953467528824 0.6086796920190107 0 0.6086796920190107 8.704953467528824
8.877111716770205 0.6084373928277789 0 0.6084373928277789 8.877111716770205
1.986041283559505 0.6112287302766026 0 0.6112287302766026 1.986041283559505
1.815262833422046 0.6144334838404508 0 0.6144334838404508 1.815262833422046
1.899109003163377 0.5046451899654281 0 0.5046451899654281 1.899109003163377
4.224137931032598 0.600685275209724 0 0.600685275209724 4.224137931032598
4.310344827582361 0.5000000000002759 0 0.5000000000002759 4.310344827582361
4.396551724135962 0.6006852752097176 0 0.6006852752097176 4.396551724135962
4.224137931028277 0.3993147247905671 0 0.3993147247905671 4.224137931028277
4.396551724131642 0.3993147247905607 0 0.3993147247905607 4.396551724131642
4.568965517235386 0.3993147247907638 0 0.3993147247907638 4.568965517235386
3.36206896551491 0.6006852752089764 0 0.6006852752089764 3.36206896551491
3.534482758618358 0.6006852752089762 0 0.6006852752089762 3.534482758618358
2.672413793101214 0.6006852752086771 0 0.6006852752086771 2.672413793101214
2.844827586204718 0.6006852752087097 0 0.6006852752087097 2.844827586204718
3.706896551721588 0.6006852752089914 0 0.6006852752089914 3.706896551721588
3.879310344825037 0.6006852752089916 0 0.6006852752089916 3.879310344825037
3.017241379308024 0.6006852752087783 0 0.6006852752087783 3.017241379308024
3.189655172411416 0.6006852752087455 0 0.6006852752087455 3.189655172411416
4.051724137929153 0.6006852752097207 0 0.6006852752097207 4.051724137929153
2.327586206894303 0.6006852752086046 0 0.6006852752086046 2.327586206894303
2.499999999997807 0.6006852752085721 0 0.6006852752085721 2.499999999997807
4.913793103442925 0.3993147247910972 0 0.3993147247910972 4.913793103442925
4.741379310339251 0.3993147247910789 0 0.3993147247910789 4.741379310339251
5.603448275857442 0.3993147247910579 0 0.3993147247910579 5.603448275857442
5.431034482753697 0.3993147247910405 0 0.3993147247910405 5.431034482753697
5.258620689650144 0.3993147247910615 0 0.3993147247910615 5.258620689650144
5.086206896546468 0.3993147247910792 0 0.3993147247910792 5.086206896546468
6.29310344827197 0.3993147247910121 0 0.3993147247910121 6.29310344827197
6.120689655168231 0.3993147247909944 0 0.3993147247909944 6.120689655168231
2.155633381822774 0.6014054934104023 0 0.6014054934104023 2.155633381822774
5.94827586206468 0.399314724791018 0 0.399314724791018 5.94827586206468
5.775862068960999 0.3993147247910355 0 0.3993147247910355 5.775862068960999
6.637931034479277 0.3993147247909731 0 0.3993147247909731 6.637931034479277
6.465517241375535 0.3993147247909897 0 0.3993147247909897 6.465517241375535
4.65517241378959 0.5000000000005846 0 0.5000000000005846 4.65517241378959
7.327586206893844 0.3993147247909586 0 0.3993147247909586 7.327586206893844
7.155172413790105 0.3993147247909759 0 0.3993147247909759 7.155172413790105
6.982758620686516 0.3993147247909679 0 0.3993147247909679 6.982758620686516
6.810344827582837 0.3993147247909514 0 0.3993147247909514 6.810344827582837
4.999999999996995 0.5000000000008817 0 0.5000000000008817 4.999999999996995
5.34482758620409 0.5000000000008427 0 0.5000000000008427 5.34482758620409
8.017241379308672 0.3993147247911465 0 0.3993147247911465 8.017241379308672
7.844827586204925 0.3993147247911571 0 0.3993147247911571 7.844827586204925
3.275862068960811 0.4999999999985625 0 0.4999999999985625 3.275862068960811
3.965517241374881 0.499999999999553 0 0.499999999999553 3.965517241374881
3.620689655167535 0.4999999999988087 0 0.4999999999988087 3.620689655167535
7.672413793101278 0.399314724791112 0 0.399314724791112 7.672413793101278
7.499999999997597 0.3993147247910948 0 0.3993147247910948 7.499999999997597
5.6896551724112 0.5000000000007992 0 0.5000000000007992 5.6896551724112
2.931034482754012 0.499999999998263 0 0.499999999998263 2.931034482754012
6.034482758618308 0.5000000000007532 0 0.5000000000007532 6.034482758618308
8.189655172412401 0.3993147247912568 0 0.3993147247912568 8.189655172412401
6.379310344825425 0.5000000000007072 0 0.5000000000007072 6.379310344825425
6.72413793103255 0.5000000000006631 0 0.5000000000006631 6.72413793103255
2.586206896547299 0.4999999999980894 0 0.4999999999980894 2.586206896547299
7.068965517239697 0.5000000000006495 0 0.5000000000006495 7.068965517239697
2.241840278372364 0.5007202181997821 0 0.5007202181997821 2.241840278372364
7.413793103447037 0.5000000000007936 0 0.5000000000007936 7.413793103447037
7.758620689654437 0.5000000000009749 0 0.5000000000009749 7.758620689654437
8.103448275861814 0.5000000000011304 0 0.5000000000011304 8.103448275861814
2.155633381820891 0.4000349429907741 0 0.4000349429907741 2.155633381820891
1.983163702063005 0.3954289387468605 0 0.3954289387468605 1.983163702063005
2.499999999995364 0.3993147247889759 0 0.3993147247889759 2.499999999995364
2.32758620689242 0.3993147247889764 0 0.3993147247889764 2.32758620689242
8.189655172413808 0.6006852752101999 0 0.6006852752101999 8.189655172413808
8.017241379310079 0.6006852752100895 0 0.6006852752100895 8.017241379310079
7.844827586206623 0.6006852752100895 0 0.6006852752100895 7.844827586206623
7.499999999999529 0.6006852752100447 0 0.6006852752100447 7.499999999999529
7.672413793102976 0.6006852752100443 0 0.6006852752100443 7.672413793102976
2.844827586201715 0.3993147247890815 0 0.3993147247890815 2.844827586201715
2.672413793098771 0.3993147247890809 0 0.3993147247890809 2.672413793098771
7.155172413792333 0.6006852752099114 0 0.6006852752099114 7.155172413792333
7.327586206895777 0.6006852752099086 0 0.6006852752099086 7.327586206895777
6.810344827585292 0.6006852752099006 0 0.6006852752099006 6.810344827585292
6.982758620688745 0.6006852752099034 0 0.6006852752099034 6.982758620688745
3.189655172407967 0.3993147247891486 0 0.3993147247891486 3.189655172407967
3.017241379305021 0.39931472478915 0 0.39931472478915 3.017241379305021
6.637931034481733 0.6006852752099222 0 0.6006852752099222 6.637931034481733
6.465517241378285 0.6006852752099263 0 0.6006852752099263 6.465517241378285
4.051724137924751 0.3993147247901587 0 0.3993147247901587 4.051724137924751
6.120689655171272 0.6006852752099446 0 0.6006852752099446 6.120689655171272
6.29310344827472 0.6006852752099487 0 0.6006852752099487 6.29310344827472
3.534482758614404 0.3993147247893812 0 0.3993147247893812 3.534482758614404
3.362068965511461 0.3993147247893797 0 0.3993147247893797 3.362068965511461
5.948275862067719 0.6006852752099683 0 0.6006852752099683 5.948275862067719
5.775862068964276 0.6006852752099753 0 0.6006852752099753 5.775862068964276
5.431034482757267 0.6006852752099907 0 0.6006852752099907 5.431034482757267
5.603448275860719 0.6006852752099977 0 0.6006852752099977 5.603448275860719
5.258620689653714 0.6006852752100117 0 0.6006852752100117 5.258620689653714
5.086206896550266 0.6006852752100147 0 0.6006852752100147 5.086206896550266
4.568965517239414 0.6006852752097146 0 0.6006852752097146 4.568965517239414
4.741379310343278 0.6006852752100298 0 0.6006852752100298 4.741379310343278
4.913793103446723 0.6006852752100327 0 0.6006852752100327 4.913793103446723
3.706896551717634 0.3993147247893963 0 0.3993147247893963 3.706896551717634
3.879310344820635 0.3993147247894295 0 0.3993147247894295 3.879310344820635
1.812385251925546 0.3986336923107087 0 0.3986336923107087 1.812385251925546
0.1043218979385316 0.2130964427398659 0 0.2130964427398659 0.1043218979385316
9.894550316433088 0.2158769289213884 0 0.2158769289213884 9.894550316433088
0.1049952813156084 0.7862393878762307 0 0.7862393878762307 0.1049952813156084
9.894605703256312 0.7883327856012183 0 0.7883327856012183 9.894605703256312
0.5506023864810436 0.4971236760504716 0 0.4971236760504716 0.5506023864810436
2 2 1 447
807
808
809
810
811
812
813
814
815
816
817
818
819
820
821
822
823
824
825
826
827
828
829
830
831
832
833
834
835
836
837
838
839
840
841
842
843
844
845
846
847
848
849
850
851
852
853
854
855
856
857
858
859
860
861
862
863
864
865
866
867
868
869
870
871
872
873
874
875
876
877
878
879
880
881
882
883
884
885
886
887
888
889
890
891
892
893
894
895
896
897
898
899
900
901
902
903
904
905
906
907
908
909
910
911
912
913
914
915
916
917
918
919
920
921
922
923
924
925
926
927
928
929
930
931
932
933
934
935
936
937
938
939
940
941
942
943
944
945
946
947
948
949
950
951
952
953
954
955
956
957
958
959
960
961
962
963
964
965
966
967
968
969
970
971
972
973
974
975
976
977
978
979
980
981
982
983
984
985
986
987
988
989
990
991
992
993
994
995
996
997
998
999
1000
1001
1002
1003
1004
1005
1006
1007
1008
1009
1010
1011
1012
1013
1014
1015
1016
1017
1018
1019
1020
1021
1022
1023
1024
1025
1026
1027
1028
1029
1030
1031
1032
1033
1034
1035
1036
1037
1038
1039
1040
1041
1042
1043
1044
1045
1046
1047
1048
1049
1050
1051
1052
1053
1054
1055
1056
1057
1058
1059
1060
1061
1062
1063
1064
1065
1066
1067
1068
1069
1070
1071
1072
1073
1074
1075
1076
1077
1078
1079
1080
1081
1082
1083
1084
1085
1086
1087
1088
1089
1090
1091
1092
1093
1094
1095
1096
1097
1098
1099
1100
1101
1102
1103
1104
1105
1106
1107
1108
1109
1110
1111
1112
1113
1114
1115
1116
1117
1118
1119
1120
1121
1122
1123
1124
1125
1126
1127
1128
1129
1130
1131
1132
1133
1134
1135
1136
1137
1138
1139
1140
1141
1142
1143
1144
1145
1146
1147
1148
1149
1150
1151
1152
1153
1154
1155
1156
1157
1158
1159
1160
1161
1162
1163
1164
1165
1166
1167
1168
1169
1170
1171
1172
1173
1174
1175
1176
1177
1178
1179
1180
1181
1182
1183
1184
1185
1186
1187
1188
1189
1190
1191
1192
1193
1194
1195
1196
1197
1198
1199
1200
1201
1202
1203
1204
1205
1206
1207
1208
1209
1210
1211
1212
1213
1214
1215
1216
1217
1218
1219
1220
1221
1222
1223
1224
1225
1226
1227
1228
1229
1230
1231
1232
1233
1234
1235
1236
1237
1238
1239
1240
1241
1242
1243
1244
1245
1246
1247
1248
1249
1250
1251
1252
1253
3.285714285712401 1.754173401454138 0 -1.754173401454138 3.285714285712401
1.57142857142455 1.756938092624133 0 -1.756938092624133 1.57142857142455
2.16417358120269 1.778838344192978 0 -1.778838344192978 2.16417358120269
3.88316280636839 1.781839758083753 0 -1.781839758083753 3.88316280636839
2.670656376630575 1.771527272577912 0 -1.771527272577912 2.670656376630575
1.010801419219979 1.775264961410586 0 -1.775264961410586 1.010801419219979
9.514308690093825 1.270419109215288 0 -1.270419109215288 9.514308690093825
6.368421052625903 1.731582667764421 0 -1.731582667764421 6.368421052625903
5.736842105256486 1.732592986303623 0 -1.732592986303623 5.736842105256486
0.4285714285705917 1.75256417034791 0 -1.75256417034791 0.4285714285705917
7.013475886574717 1.743697758977773 0 -1.743697758977773 7.013475886574717
8.867903492950798 1.691731691219688 0 -1.691731691219688 8.867903492950798
5.070709986692483 1.735866699242954 0 -1.735866699242954 5.070709986692483
7.675540228521698 1.769322379796358 0 -1.769322379796358 7.675540228521698
8.211098333383454 1.769274711029112 0 -1.769274711029112 8.211098333383454
4.419868552605385 1.767461421115443 0 -1.767461421115443 4.419868552605385
9.784449913177449 1.627249679403497 0 -1.627249679403497 9.784449913177449
0.2255742165462254 1.384076732694473 0 -1.384076732694473 0.2255742165462254
1.88451874591225 1.274856790474997 0 -1.274856790474997 1.88451874591225
3.605372604698387 1.275754892329856 0 -1.275754892329856 3.605372604698387
6.038803906316017 1.278012830806594 0 -1.278012830806594 6.038803906316017
2.936696260121962 1.267786687616822 0 -1.267786687616822 2.936696260121962
1.235375751268431 1.276792661625973 0 -1.276792661625973 1.235375751268431
6.710828796126518 1.272591073696496 0 -1.272591073696496 6.710828796126518
5.355212740150501 1.26735929358061 0 -1.26735929358061 5.355212740150501
7.413793103448269 1.29862944958084 0 -1.29862944958084 7.413793103448269
8.450587583785479 1.278380782449764 0 -1.278380782449764 8.450587583785479
4.65559497349897 1.288158468996255 0 -1.288158468996255 4.65559497349897
1.561033319315306 1.266441180102065 0 -1.266441180102065 1.561033319315306
3.277536929029362 1.265148399111403 0 -1.265148399111403 3.277536929029362
9.161558171603179 1.27974156143503 0 -1.27974156143503 9.161558171603179
9.33946388372439 1.529033784489143 0 -1.529033784489143 9.33946388372439
8.82189409175901 1.322750986732311 0 -1.322750986732311 8.82189409175901
0.8949233595184213 1.318881584787984 0 -1.318881584787984 0.8949233595184213
0.4940514877562333 1.272872690493222 0 -1.272872690493222 0.4940514877562333
0.6823229489664142 1.558402161106922 0 -1.558402161106922 0.6823229489664142
2.226746219052343 1.279937136184891 0 -1.279937136184891 2.226746219052343
2.583775279155318 1.268969325300246 0 -1.268969325300246 2.583775279155318
2.403872195920763 1.562641413568982 0 -1.562641413568982 2.403872195920763
3.95089526567272 1.281897082171844 0 -1.281897082171844 3.95089526567272
4.308609061314628 1.271451170242223 0 -1.271451170242223 4.308609061314628
4.131158358465258 1.562696802376359 0 -1.562696802376359 4.131158358465258
5.002918033296288 1.280788031235955 0 -1.280788031235955 5.002918033296288
5.707835200301128 1.26524408947429 0 -1.26524408947429 5.707835200301128
7.057234708920767 1.263395081676886 0 -1.263395081676886 7.057234708920767
6.374182582891582 1.262234813126826 0 -1.262234813126826 6.374182582891582
8.106090209715424 1.273741213544793 0 -1.273741213544793 8.106090209715424
7.76067504569089 1.273021002572841 0 -1.273021002572841 7.76067504569089
7.938104281079075 1.552272323554084 0 -1.552272323554084 7.938104281079075
4.73051780680329 1.743374822157177 0 -1.743374822157177 4.73051780680329
5.400270575194668 1.746518579368703 0 -1.746518579368703 5.400270575194668
8.523518522469596 1.736172246579313 0 -1.736172246579313 8.523518522469596
6.685814798522438 1.74535319078596 0 -1.74535319078596 6.685814798522438
7.358134593920068 1.745885284075736 0 -1.745885284075736 7.358134593920068
6.0526315789412 1.737586237570523 0 -1.737586237570523 6.0526315789412
3.575765229631759 1.766184265831766 0 -1.766184265831766 3.575765229631759
2.975401715339179 1.757134310306974 0 -1.757134310306974 2.975401715339179
1.860695596863198 1.765246710190118 0 -1.765246710190118 1.860695596863198
1.287514522248152 1.767224014316586 0 -1.767224014316586 1.287514522248152
9.78185598922283 1.382908498888811 0 -1.382908498888811 9.78185598922283
0.2116108510352456 1.620234319411745 0 -1.620234319411745 0.2116108510352456
9.541995439994679 1.76591329031345 0 -1.76591329031345 9.541995439994679
1.717707943679627 1.521225581145661 0 -1.521225581145661 1.717707943679627
3.433588651035292 1.520728484193493 0 -1.520728484193493 3.433588651035292
3.110353388013448 1.509565551273535 0 -1.509565551273535 3.110353388013448
1.419319541798406 1.522030050473996 0 -1.522030050473996 1.419319541798406
2.042952380438479 1.530457662626271 0 -1.530457662626271 2.042952380438479
0.4182130026804585 1.514060292168241 0 -1.514060292168241 0.4182130026804585
3.763323819311966 1.531516880831179 0 -1.531516880831179 3.763323819311966
6.210526315783554 1.506207072807654 0 -1.506207072807654 6.210526315783554
2.76019607033749 1.500365434427273 0 -1.500365434427273 2.76019607033749
1.142857142854371 1.54355877302956 0 -1.54355877302956 1.142857142854371
0.7223771480659127 1.799798854130438 0 -1.799798854130438 0.7223771480659127
2.419169002177719 1.822601406067974 0 -1.822601406067974 2.419169002177719
6.531979801517158 1.50723556468197 0 -1.50723556468197 6.531979801517158
5.894736842098852 1.518886056155562 0 -1.518886056155562 5.894736842098852
9.584522309507353 1.51786982453405 0 -1.51786982453405 9.584522309507353
9.204949776410892 1.753059119503367 0 -1.753059119503367 9.204949776410892
9.073476548126616 1.519952720767912 0 -1.519952720767912 9.073476548126616
4.149995838223812 1.822399596315111 0 -1.822399596315111 4.149995838223812
6.873014007995952 1.502663011115433 0 -1.502663011115433 6.873014007995952
5.544652698443874 1.502341073207575 0 -1.502341073207575 5.544652698443874
7.238750056314109 1.483705396873513 0 -1.483705396873513 7.238750056314109
8.607495056528727 1.489839294295764 0 -1.489839294295764 8.607495056528727
5.173018727661614 1.483445434362664 0 -1.483445434362664 5.173018727661614
7.576556206695008 1.499956817073163 0 -1.499956817073163 7.576556206695008
4.830188560941671 1.478718174009356 0 -1.478718174009356 4.830188560941671
0.2128906581018711 1.181389884637539 0 -1.181389884637539 0.2128906581018711
9.790267418621951 1.18066552162082 0 -1.18066552162082 9.790267418621951
4.491009991591651 1.488729720496253 0 -1.488729720496253 4.491009991591651
0.1851793130639109 1.824559697951931 0 -1.824559697951931 0.1851793130639109
8.291624730046951 1.49784774414829 0 -1.49784774414829 8.291624730046951
9.802131175897486 1.828632593943389 0 -1.828632593943389 9.802131175897486
7.943895937016615 1.818173882875911 0 -1.818173882875911 7.943895937016615
0.9105465004815212 1.565312546644829 0 -1.565312546644829 0.9105465004815212
4.007160582416824 1.672268280230056 0 -1.672268280230056 4.007160582416824
3.947241088888612 1.547106841603769 0 -1.547106841603769 3.947241088888612
3.823243312840178 1.656678319457466 0 -1.656678319457466 3.823243312840178
4.041026812068989 1.422296942274101 0 -1.422296942274101 4.041026812068989
3.857109542492343 1.406706981501511 0 -1.406706981501511 3.857109542492343
2.284022888561727 1.67073987888098 0 -1.67073987888098 2.284022888561727
2.22341228817962 1.546549538097627 0 -1.546549538097627 2.22341228817962
2.103562980820584 1.654648003409624 0 -1.654648003409624 2.103562980820584
2.315309207486552 1.421289274876937 0 -1.421289274876937 2.315309207486552
2.134849299745411 1.405197399405581 0 -1.405197399405581 2.134849299745411
0.3598128521512294 1.328474711593847 0 -1.328474711593847 0.3598128521512294
0.3534710729290522 1.22713128756538 0 -1.22713128756538 0.3534710729290522
0.2192324373240483 1.282733308666006 0 -1.282733308666006 0.2192324373240483
8.844898792354904 1.507241338975999 0 -1.507241338975999 8.844898792354904
8.970690020538708 1.6058422059938 0 -1.6058422059938 8.970690020538708
8.947685319942813 1.421351853750111 0 -1.421351853750111 8.947685319942813
8.714694574143868 1.406295140514037 0 -1.406295140514037 8.714694574143868
8.737699274739763 1.590785492757726 0 -1.590785492757726 8.737699274739763
3.042877551676313 1.633349930790255 0 -1.633349930790255 3.042877551676313
2.935274729175469 1.504965492850404 0 -1.504965492850404 2.935274729175469
2.867798892838334 1.628749872367124 0 -1.628749872367124 2.867798892838334
9.648082339658327 1.32666380405205 0 -1.32666380405205 9.648082339658327
9.786061703922391 1.281787010254815 0 -1.281787010254815 9.786061703922391
9.652288054357889 1.225542315418054 0 -1.225542315418054 9.652288054357889
0.4194395369815651 1.136436345246611 0 -1.136436345246611 0.4194395369815651
0.278859122154384 1.09069494231877 0 -1.09069494231877 0.278859122154384
5.47246163681927 1.624429826288139 0 -1.624429826288139 5.47246163681927
5.358835713052744 1.49289325378512 0 -1.49289325378512 5.358835713052744
5.286644651428141 1.614982006865683 0 -1.614982006865683 5.286644651428141
3.023524824067705 1.388676119445178 0 -1.388676119445178 3.023524824067705
2.848446165229726 1.384076061022048 0 -1.384076061022048 2.848446165229726
5.449932719297188 1.384850183394092 0 -1.384850183394092 5.449932719297188
5.264115733906058 1.375402363971637 0 -1.375402363971637 5.264115733906058
6.943244947285335 1.623180385046603 0 -1.623180385046603 6.943244947285335
7.126112971444413 1.613701577925643 0 -1.613701577925643 7.126112971444413
7.05588203215503 1.493184203994473 0 -1.493184203994473 7.05588203215503
2.537264286275669 1.667084343073447 0 -1.667084343073447 2.537264286275669
2.715426223484033 1.635946353502592 0 -1.635946353502592 2.715426223484033
2.582034133129127 1.531503423998128 0 -1.531503423998128 2.582034133129127
0.1064453290509356 1.09069494231877 0 -1.09069494231877 0.1064453290509356
9.722719916207527 1.09033276081041 0 -1.09033276081041 9.722719916207527
9.895133709310976 1.09033276081041 0 -1.09033276081041 9.895133709310976
4.78035318387248 1.611046498083266 0 -1.611046498083266 4.78035318387248
4.660599276266661 1.483723947252804 0 -1.483723947252804 4.660599276266661
4.610763899197471 1.616052271326715 0 -1.616052271326715 4.610763899197471
8.56550678949916 1.613005770437539 0 -1.613005770437539 8.56550678949916
8.449559893287839 1.493843519222027 0 -1.493843519222027 8.449559893287839
8.407571626258274 1.617009995363802 0 -1.617009995363802 8.407571626258274
9.584740551943465 1.135209554607644 0 -1.135209554607644 9.584740551943465
4.575193179704337 1.75541812163631 0 -1.75541812163631 4.575193179704337
4.455439272098518 1.628095570805848 0 -1.628095570805848 4.455439272098518
8.535638619478945 1.139190391224882 0 -1.139190391224882 8.535638619478945
8.636240837772245 1.300565884591038 0 -1.300565884591038 8.636240837772245
8.721291873465711 1.161375493366156 0 -1.161375493366156 8.721291873465711
1.307343048048007 1.138396330812987 0 -1.138396330812987 1.307343048048007
1.398204535291868 1.271616920864019 0 -1.271616920864019 1.398204535291868
1.470171832071445 1.133220590051032 0 -1.133220590051032 1.470171832071445
2.847658474888566 1.133893343808411 0 -1.133893343808411 2.847658474888566
2.671197984405244 1.134484662650123 0 -1.134484662650123 2.671197984405244
2.76023576963864 1.268378006458534 0 -1.268378006458534 2.76023576963864
3.020072267992014 1.133893343808411 0 -1.133893343808411 3.020072267992014
3.107116594575662 1.266467543364112 0 -1.266467543364112 3.107116594575662
3.190492602445714 1.132574199555701 0 -1.132574199555701 3.190492602445714
6.965124358458359 1.383029046396159 0 -1.383029046396159 6.965124358458359
7.147992382617438 1.373550239275199 0 -1.373550239275199 7.147992382617438
8.367308427926524 1.752723478804213 0 -1.752723478804213 8.367308427926524
8.251361531715203 1.633561227588701 0 -1.633561227588701 8.251361531715203
4.129752163493674 1.276674126207033 0 -1.276674126207033 4.129752163493674
4.219883709889943 1.417073986309291 0 -1.417073986309291 4.219883709889943
1.976742131576814 1.137428395237498 0 -1.137428395237498 1.976742131576814
2.055632482482296 1.277396963329944 0 -1.277396963329944 2.055632482482296
2.14785586814686 1.139968568092445 0 -1.139968568092445 2.14785586814686
3.699238026487123 1.137877446164928 0 -1.137877446164928 3.699238026487123
3.778133935185553 1.27882598725085 0 -1.27882598725085 3.778133935185553
3.87199935697429 1.140948541085922 0 -1.140948541085922 3.87199935697429
4.044413150077738 1.140948541085922 0 -1.140948541085922 4.044413150077738
4.223270047898692 1.135725585121111 0 -1.135725585121111 4.223270047898692
0.6944874236373273 1.295877137640603 0 -1.295877137640603 0.6944874236373273
0.5881872183613237 1.415637425800072 0 -1.415637425800072 0.5881872183613237
0.7886231542424178 1.438641872947453 0 -1.438641872947453 0.7886231542424178
1.018890251186396 1.431220178908772 0 -1.431220178908772 1.018890251186396
0.9027349299999712 1.442097065716407 0 -1.442097065716407 0.9027349299999712
1.026701821667946 1.554435659837195 0 -1.554435659837195 1.026701821667946
4.275513455535322 1.665079111745901 0 -1.665079111745901 4.275513455535322
4.311084175028454 1.525713261436306 0 -1.525713261436306 4.311084175028454
2.823029045984877 1.764330791442443 0 -1.764330791442443 2.823029045984877
9.412326758840017 1.135209554607644 0 -1.135209554607644 9.412326758840017
7.499999999999994 1.14931472479042 0 -1.14931472479042 7.499999999999994
7.587234074569579 1.285825226076841 0 -1.285825226076841 7.587234074569579
7.673440971121305 1.136510501286421 0 -1.136510501286421 7.673440971121305
9.663222676586063 1.696581484858474 0 -1.696581484858474 9.663222676586063
9.672063307946082 1.79727294212842 0 -1.79727294212842 9.672063307946082
9.793290544537467 1.727941136673443 0 -1.727941136673443 9.793290544537467
0.5918533300850126 1.136436345246611 0 -1.136436345246611 0.5918533300850126
1.065149555393426 1.297837123206979 0 -1.297837123206979 1.065149555393426
1.189116447061401 1.410175717327766 0 -1.410175717327766 1.189116447061401
9.235951499594693 1.139870780717515 0 -1.139870780717515 9.235951499594693
9.337933430848501 1.275080335325159 0 -1.275080335325159 9.337933430848501
2.405260749103831 1.274453230742568 0 -1.274453230742568 2.405260749103831
2.49382373753804 1.415805369434614 0 -1.415805369434614 2.49382373753804
0.7922892659661065 1.159440792393992 0 -1.159440792393992 0.7922892659661065
1.13492925494456 1.138396330812987 0 -1.138396330812987 1.13492925494456
0.9647030590695549 1.159440792393992 0 -1.159440792393992 0.9647030590695549
1.804328338473366 1.137428395237498 0 -1.137428395237498 1.804328338473366
1.642585625174894 1.133220590051032 0 -1.133220590051032 1.642585625174894
1.722776032613778 1.270648985288531 0 -1.270648985288531 1.722776032613778
2.320269661250308 1.139968568092445 0 -1.139968568092445 2.320269661250308
2.498784191301796 1.134484662650123 0 -1.134484662650123 2.498784191301796
3.526824233383675 1.137877446164928 0 -1.137877446164928 3.526824233383675
3.362906395549162 1.132574199555701 0 -1.132574199555701 3.362906395549162
3.441454766863875 1.270451645720629 0 -1.270451645720629 3.441454766863875
4.74159059019776 1.144079234498127 0 -1.144079234498127 4.74159059019776
4.829256503397628 1.284473250116105 0 -1.284473250116105 4.829256503397628
4.915252120096418 1.140394015617978 0 -1.140394015617978 4.915252120096418
5.950436435916627 1.139006415403297 0 -1.139006415403297 5.950436435916627
5.784952082909182 1.132622044737145 0 -1.132622044737145 5.784952082909182
5.873319553308573 1.271628460140442 0 -1.271628460140442 5.873319553308573
7.327586206896545 1.14931472479042 0 -1.14931472479042 7.327586206896545
7.149307009632794 1.131697540838443 0 -1.131697540838443 7.149307009632794
7.235513906184518 1.281012265628863 0 -1.281012265628863 7.235513906184518
6.122850229020075 1.139006415403297 0 -1.139006415403297 6.122850229020075
6.2064932446038 1.27012382196671 0 -1.27012382196671 6.2064932446038
6.290539567307858 1.131117406563413 0 -1.131117406563413 6.290539567307858
9.250511027663784 1.404387672962086 0 -1.404387672962086 9.250511027663784
9.426886286909108 1.399726446852215 0 -1.399726446852215 9.426886286909108
4.140577098344535 1.692548199345735 0 -1.692548199345735 4.140577098344535
4.284932195414598 1.794930508715277 0 -1.794930508715277 4.284932195414598
8.89370566656916 1.161375493366156 0 -1.161375493366156 8.89370566656916
7.298442325117088 1.614795340474624 0 -1.614795340474624 7.298442325117088
7.467345400307538 1.622921050574449 0 -1.622921050574449 7.467345400307538
7.407653131504558 1.491831106973338 0 -1.491831106973338 7.407653131504558
9.063537706491244 1.139870780717515 0 -1.139870780717515 9.063537706491244
8.991726131681094 1.301246274083671 0 -1.301246274083671 8.991726131681094
4.569176797094311 1.144079234498127 0 -1.144079234498127 4.569176797094311
4.39568384100214 1.135725585121111 0 -1.135725585121111 4.39568384100214
4.482102017406799 1.279804819619239 0 -1.279804819619239 4.482102017406799
7.933382627703157 1.273381108058817 0 -1.273381108058817 7.933382627703157
7.849389663384983 1.412646663063463 0 -1.412646663063463 7.849389663384983
8.02209724539725 1.413006768549439 0 -1.413006768549439 8.02209724539725
8.018562346237021 1.136870606772397 0 -1.136870606772397 8.018562346237021
7.845854764224754 1.136510501286421 0 -1.136510501286421 7.845854764224754
5.263813266626973 1.133679646790305 0 -1.133679646790305 5.263813266626973
5.087665913199866 1.140394015617978 0 -1.140394015617978 5.087665913199866
5.179065386723394 1.274073662408283 0 -1.274073662408283 5.179065386723394
5.43622705973042 1.133679646790305 0 -1.133679646790305 5.43622705973042
5.531523970225814 1.26630169152745 0 -1.26630169152745 5.531523970225814
5.612538289805734 1.132622044737145 0 -1.132622044737145 5.612538289805734
6.803690260132223 1.136295536848248 0 -1.136295536848248 6.803690260132223
6.884031752523642 1.267993077686691 0 -1.267993077686691 6.884031752523642
6.976893216529347 1.131697540838443 0 -1.131697540838443 6.976893216529347
8.363224826375497 1.139190391224882 0 -1.139190391224882 8.363224826375497
8.190976139340469 1.136870606772397 0 -1.136870606772397 8.190976139340469
8.278338896750451 1.276060997997279 0 -1.276060997997279 8.278338896750451
6.631276467028774 1.136295536848248 0 -1.136295536848248 6.631276467028774
6.462953360411307 1.131117406563413 0 -1.131117406563413 6.462953360411307
6.54250568950905 1.267412943411661 0 -1.267412943411661 6.54250568950905
2.411520599049241 1.692621409818478 0 -1.692621409818478 2.411520599049241
2.544912689404147 1.797064339322943 0 -1.797064339322943 2.544912689404147
5.121864357177049 1.609656066802809 0 -1.609656066802809 5.121864357177049
5.001603644301643 1.48108180418601 0 -1.48108180418601 5.001603644301643
4.950449273817076 1.607292436626155 0 -1.607292436626155 4.950449273817076
8.074601307231264 1.660773517291598 0 -1.660773517291598 8.074601307231264
8.114864505563013 1.525060033851187 0 -1.525060033851187 8.114864505563013
3.684348212005177 1.403635886580517 0 -1.403635886580517 3.684348212005177
2.671985674746404 1.38466737986376 0 -1.38466737986376 2.671985674746404
7.806822254800386 1.660797351675221 0 -1.660797351675221 7.806822254800386
7.757330243887042 1.526114570313623 0 -1.526114570313623 7.757330243887042
7.626048217608353 1.63463959843476 0 -1.63463959843476 7.626048217608353
0.499999999999029 1.876282085173955 0 -1.876282085173955 0.499999999999029
0.3571428571421544 1.876282085173955 0 -1.876282085173955 0.3571428571421544
4.900613896747886 1.739620760700066 0 -1.739620760700066 4.900613896747886
7.516837411220883 1.757603831936047 0 -1.757603831936047 7.516837411220883
9.901065587948743 1.914316296971695 0 -1.914316296971695 9.901065587948743
9.743170851106392 1.914316296971695 0 -1.914316296971695 9.743170851106392
1.963735563175364 1.402657226550634 0 -1.402657226550634 1.963735563175364
4.525723749984619 1.883730710557721 0 -1.883730710557721 4.525723749984619
4.367829013142707 1.883730710557721 0 -1.883730710557721 4.367829013142707
5.166933940710964 1.867933349621477 0 -1.867933349621477 5.166933940710964
5.00903920386906 1.867933349621477 0 -1.867933349621477 5.00903920386906
5.489608971804408 1.873259289684351 0 -1.873259289684351 5.489608971804408
5.331714234962057 1.873259289684351 0 -1.873259289684351 5.331714234962057
8.630180313865388 1.868086123289657 0 -1.868086123289657 8.630180313865388
8.472285577023037 1.868086123289657 0 -1.868086123289657 8.472285577023037
8.960267535948343 1.845865845609844 0 -1.845865845609844 8.960267535948343
8.80237279910599 1.845865845609844 0 -1.845865845609844 8.80237279910599
8.316075482479967 1.884637355514556 0 -1.884637355514556 8.316075482479967
8.158180745637614 1.884637355514556 0 -1.884637355514556 8.158180745637614
6.763960030837698 1.87267659539298 0 -1.87267659539298 6.763960030837698
6.606065293995346 1.87267659539298 0 -1.87267659539298 6.606065293995346
7.08568531170619 1.871848879488887 0 -1.871848879488887 7.08568531170619
6.927790574863836 1.871848879488887 0 -1.871848879488887 6.927790574863836
7.732506956364384 1.884661189898179 0 -1.884661189898179 7.732506956364384
7.574612219522032 1.884661189898179 0 -1.884661189898179 7.574612219522032
6.447368421047079 1.865791333882211 0 -1.865791333882211 6.447368421047079
6.289473684204728 1.865791333882211 0 -1.865791333882211 6.289473684204728
5.815789473677667 1.866296493151812 0 -1.866296493151812 5.815789473677667
5.657894736835317 1.866296493151812 0 -1.866296493151812 5.657894736835317
7.415909402221216 1.872942642037868 0 -1.872942642037868 7.415909402221216
7.258014665378864 1.872942642037868 0 -1.872942642037868 7.258014665378864
6.131578947362376 1.868793118785262 0 -1.868793118785262 6.131578947362376
5.973684210520025 1.868793118785262 0 -1.868793118785262 5.973684210520025
4.838943113924463 1.871687411078589 0 -1.871687411078589 4.838943113924463
4.681048377083572 1.871687411078589 0 -1.871687411078589 4.681048377083572
0.555447188768503 1.655483165727416 0 -1.655483165727416 0.555447188768503
0.5754742883182522 1.776181512239174 0 -1.776181512239174 0.5754742883182522
0.7023500485161634 1.67910050761868 0 -1.67910050761868 0.7023500485161634
8.695711007710198 1.7139519688995 0 -1.7139519688995 8.695711007710198
4.399809526453139 1.380090445369238 0 -1.380090445369238 4.399809526453139
1.327347646533418 1.399411356049984 0 -1.399411356049984 1.327347646533418
1.490176430556856 1.39423561528803 0 -1.39423561528803 1.490176430556856
7.668615626192949 1.386488909823002 0 -1.386488909823002 7.668615626192949
5.235490280943575 1.741192639305828 0 -1.741192639305828 5.235490280943575
5.568556340225577 1.739555782836163 0 -1.739555782836163 5.568556340225577
7.185805240247392 1.744791521526755 0 -1.744791521526755 7.185805240247392
6.849645342548578 1.744525474881867 0 -1.744525474881867 6.849645342548578
6.210526315783552 1.734584452667472 0 -1.734584452667472 6.210526315783552
5.894736842098842 1.735089611937073 0 -1.735089611937073 5.894736842098842
6.527117925574171 1.738467929275191 0 -1.738467929275191 6.527117925574171
0.5502679758234363 1.536231226637581 0 -1.536231226637581 0.5502679758234363
0.4233922156255251 1.633312231258076 0 -1.633312231258076 0.4233922156255251
2.224943933456228 1.889419172096489 0 -1.889419172096489 2.224943933456228
2.082086790598729 1.889419172096489 0 -1.889419172096489 2.082086790598729
3.941581403184195 1.890919879041876 0 -1.890919879041876 3.941581403184195
3.798724260326675 1.890919879041876 0 -1.890919879041876 3.798724260326675
3.357142857141161 1.877086700727069 0 -1.877086700727069 3.357142857141161
3.214285714283641 1.877086700727069 0 -1.877086700727069 3.214285714283641
2.763899616885209 1.885763636288956 0 -1.885763636288956 2.763899616885209
2.621042474027689 1.885763636288956 0 -1.885763636288956 2.621042474027689
3.64502547195836 1.883092132915883 0 -1.883092132915883 3.64502547195836
3.502168329100841 1.883092132915883 0 -1.883092132915883 3.502168329100841
3.05912942909703 1.878567155153487 0 -1.878567155153487 3.05912942909703
2.916272286239511 1.878567155153487 0 -1.878567155153487 2.916272286239511
1.642857142852912 1.878469046312067 0 -1.878469046312067 1.642857142852912
1.499999999996185 1.878469046312067 0 -1.878469046312067 1.499999999996185
1.076829281037174 1.887632480705293 0 -1.887632480705293 1.076829281037174
0.9339721381804486 1.887632480705293 0 -1.887632480705293 0.9339721381804486
1.358042975407987 1.883612007158293 0 -1.883612007158293 1.358042975407987
1.215185832551261 1.883612007158293 0 -1.883612007158293 1.215185832551261
1.930347798428983 1.882623355095059 0 -1.882623355095059 1.930347798428983
1.787490655572236 1.882623355095059 0 -1.882623355095059 1.787490655572236
3.193945158521405 1.387356975192469 0 -1.387356975192469 3.193945158521405
7.941000109047845 1.685223103214997 0 -1.685223103214997 7.941000109047845
8.077497135200034 1.793724296952512 0 -1.793724296952512 8.077497135200034
0.8665892836429459 1.787531907770512 0 -1.787531907770512 0.8665892836429459
0.9606739598507501 1.670288754027708 0 -1.670288754027708 0.9606739598507501
0.8164618242737169 1.682555700387634 0 -1.682555700387634 0.8164618242737169
4.016579322296101 1.802119677199432 0 -1.802119677199432 4.016579322296101
0.1058054255176228 1.685117159705872 0 -1.685117159705872 0.1058054255176228
0.1058054255176228 1.560117159705872 0 -1.560117159705872 0.1058054255176228
8.198857469881187 1.385794478846542 0 -1.385794478846542 8.198857469881187
3.430739757672081 1.760178833642952 0 -1.760178833642952 3.430739757672081
3.13055800052579 1.755653855880556 0 -1.755653855880556 3.13055800052579
3.729464018000074 1.77401201195776 0 -1.77401201195776 3.729464018000074
2.012434589032944 1.772042527191548 0 -1.772042527191548 2.012434589032944
1.429471546836351 1.76208105347036 0 -1.76208105347036 1.429471546836351
1.149157970734065 1.771244487863586 0 -1.771244487863586 1.149157970734065
1.716062084143874 1.761092401407125 0 -1.761092401407125 1.716062084143874
9.117517359864898 1.399847141101471 0 -1.399847141101471 9.117517359864898
9.890927994611415 1.316454249444405 0 -1.316454249444405 9.890927994611415
9.890927994611415 1.441454249444405 0 -1.441454249444405 9.890927994611415
2.291671291690204 1.800719875130476 0 -1.800719875130476 2.291671291690204
0.321893609613342 1.449068512431357 0 -1.449068512431357 0.321893609613342
0.4561322452183459 1.393466491330732 0 -1.393466491330732 0.4561322452183459
0.7964347247239677 1.561857353875876 0 -1.561857353875876 0.7964347247239677
9.892224956588723 1.563624839701748 0 -1.563624839701748 9.892224956588723
9.892224956588723 1.688624839701748 0 -1.688624839701748 9.892224956588723
9.613102983154988 1.882956645156725 0 -1.882956645156725 9.613102983154988
4.23289265595192 1.911199798157555 0 -1.911199798157555 4.23289265595192
7.809718082769157 1.793748131336134 0 -1.793748131336134 7.809718082769157
0.6469028597466895 1.899899427065219 0 -1.899899427065219 0.6469028597466895
0.2354467993888141 1.912279848975965 0 -1.912279848975965 0.2354467993888141
0.09258965653195544 1.912279848975965 0 -1.912279848975965 0.09258965653195544
3.355562790032327 1.392938441652448 0 -1.392938441652448 3.355562790032327
3.519480627866839 1.398241688261674 0 -1.398241688261674 3.519480627866839
0.1127871082731127 1.442038366347236 0 -1.442038366347236 0.1127871082731127
0.1127871082731127 1.317038366347236 0 -1.317038366347236 0.1127871082731127
4.074997919111906 1.911199798157555 0 -1.911199798157555 4.074997919111906
9.12879067767839 1.876529559751683 0 -1.876529559751683 9.12879067767839
9.036426634680845 1.722395405361527 0 -1.722395405361527 9.036426634680845
1.639370631497467 1.393833380623863 0 -1.393833380623863 1.639370631497467
1.801113344795938 1.398041185810329 0 -1.398041185810329 1.801113344795938
9.455208246312635 1.882956645156725 0 -1.882956645156725 9.455208246312635
7.866684810611842 1.909086941437955 0 -1.909086941437955 7.866684810611842
8.024579547454195 1.909086941437955 0 -1.909086941437955 8.024579547454195
8.529041320157102 1.384110038372764 0 -1.384110038372764 8.529041320157102
5.626243949372501 1.383792581340932 0 -1.383792581340932 5.626243949372501
9.139213162268753 1.636505920135639 0 -1.636505920135639 9.139213162268753
0.7897600026034154 1.899899427065219 0 -1.899899427065219 0.7897600026034154
6.791921402061234 1.387627042405964 0 -1.387627042405964 6.791921402061234
5.80128602119999 1.392065072814926 0 -1.392065072814926 5.80128602119999
5.966770374207435 1.398449443481078 0 -1.398449443481078 5.966770374207435
2.495298786801261 1.911300703033987 0 -1.911300703033987 2.495298786801261
2.352441643943742 1.911300703033987 0 -1.911300703033987 2.352441643943742
0.09258965653195544 1.787279848975965 0 -1.787279848975965 0.09258965653195544
9.78315295120014 1.505079089146154 0 -1.505079089146154 9.78315295120014
0.2185925337907355 1.502155526053109 0 -1.502155526053109 0.2185925337907355
9.549415499800588 1.394144466874669 0 -1.394144466874669 9.549415499800588
9.683189149365091 1.45038916171143 0 -1.45038916171143 9.683189149365091
6.124665111049786 1.392109951807124 0 -1.392109951807124 6.124665111049786
6.292354449337568 1.38422094296724 0 -1.38422094296724 6.292354449337568
8.371106156916216 1.388114263299027 0 -1.388114263299027 8.371106156916216
9.373472608202785 1.759486204908409 0 -1.759486204908409 9.373472608202785
9.286685414520742 1.876529559751683 0 -1.876529559751683 9.286685414520742
6.453081192204371 1.384735188904398 0 -1.384735188904398 6.453081192204371
6.621404298821838 1.389913319189233 0 -1.389913319189233 6.621404298821838
7.326271579881189 1.391167423227176 0 -1.391167423227176 7.326271579881189
7.495174655071638 1.399293133327002 0 -1.399293133327002 7.495174655071638
1.281088342326388 1.532794411751778 0 -1.532794411751778 1.281088342326388
1.789201770271412 1.643236145667889 0 -1.643236145667889 1.789201770271412
1.644568257552088 1.639081836884897 0 -1.639081836884897 1.644568257552088
9.440729661859535 1.647473537401297 0 -1.647473537401297 9.440729661859535
9.272206830067642 1.641046451996255 0 -1.641046451996255 9.272206830067642
9.461993096615871 1.523451804511596 0 -1.523451804511596 9.461993096615871
3.504676940333526 1.643456375012629 0 -1.643456375012629 3.504676940333526
3.359651468373847 1.637450942823816 0 -1.637450942823816 3.359651468373847
4.74289176722032 1.383438321502805 0 -1.383438321502805 4.74289176722032
4.57330248254531 1.388444094746254 0 -1.388444094746254 4.57330248254531
4.916553297118979 1.379753102622655 0 -1.379753102622655 4.916553297118979
3.198033836862924 1.631869476363837 0 -1.631869476363837 3.198033836862924
0.3068753708172512 1.788561934149921 0 -1.788561934149921 0.3068753708172512
1.495374056611478 1.639484071549065 0 -1.639484071549065 1.495374056611478
1.353417032023279 1.644627032395291 0 -1.644627032395291 1.353417032023279
5.087968380478952 1.38211673279931 0 -1.38211673279931 5.087968380478952
1.568513742739016 1.521627815809829 0 -1.521627815809829 1.568513742739016
3.271971019524369 1.515147017733514 0 -1.515147017733514 3.271971019524369
5.719694770271363 1.510613564681568 0 -1.510613564681568 5.719694770271363
6.289473684204729 1.618894870286038 0 -1.618894870286038 6.289473684204729
6.131578947362376 1.621896655189089 0 -1.621896655189089 6.131578947362376
1.951823988650838 1.647852186408194 0 -1.647852186408194 1.951823988650838
1.880330162059053 1.525841621885966 0 -1.525841621885966 1.880330162059053
9.206470215925503 1.524493252628527 0 -1.524493252628527 9.206470215925503
3.598456235173629 1.526122682512336 0 -1.526122682512336 3.598456235173629
9.901065587948743 1.789316296971695 0 -1.789316296971695 9.901065587948743
3.669544524471863 1.648850573331472 0 -1.648850573331472 3.669544524471863
6.702496904756555 1.504949287898701 0 -1.504949287898701 6.702496904756555
6.450200427071531 1.619409116223196 0 -1.619409116223196 6.450200427071531
6.371253058650356 1.506721318744812 0 -1.506721318744812 6.371253058650356
9.895133709310976 1.21533276081041 0 -1.21533276081041 9.895133709310976
6.608897300019798 1.626294377733965 0 -1.626294377733965 6.608897300019798
6.052631578941202 1.512546564481608 0 -1.512546564481608 6.052631578941202
5.973684210520026 1.628236146863042 0 -1.628236146863042 5.973684210520026
1.215185832551261 1.655391393673073 0 -1.655391393673073 1.215185832551261
9.684486111342402 1.572559751968774 0 -1.572559751968774 9.684486111342402
1.076829281037175 1.659411867220073 0 -1.659411867220073 1.076829281037175
5.815789473677668 1.625739521229593 0 -1.625739521229593 5.815789473677668
9.563258874751016 1.64189155742375 0 -1.64189155742375 9.563258874751016
0.314911926857852 1.567147305789993 0 -1.567147305789993 0.314911926857852
6.779414403259195 1.624008100950696 0 -1.624008100950696 6.779414403259195
5.640747401850179 1.617467029755599 0 -1.617467029755599 5.640747401850179
0.3200911398029186 1.686399244879828 0 -1.686399244879828 0.3200911398029186
0.1064453290509356 1.21569494231877 0 -1.21569494231877 0.1064453290509356
0.1983950820495782 1.722397008681838 0 -1.722397008681838 0.1983950820495782
2 3 1 223
1254
1255
1256
1257
1258
1259
1260
1261
1262
1263
1264
1265
1266
1267
1268
1269
1270
1271
1272
1273
1274
1275
1276
1277
1278
1279
1280
1281
1282
1283
1284
1285
1286
1287
1288
1289
1290
1291
1292
1293
1294
1295
1296
1297
1298
1299
1300
1301
1302
1303
1304
1305
1306
1307
1308
1309
1310
1311
1312
1313
1314
1315
1316
1317
1318
1319
1320
1321
1322
1323
1324
1325
1326
1327
1328
1329
1330
1331
1332
1333
1334
1335
1336
1337
1338
1339
1340
1341
1342
1343
1344
1345
1346
1347
1348
1349
1350
1351
1352
1353
1354
1355
1356
1357
1358
1359
1360
1361
1362
1363
1364
1365
1366
1367
1368
1369
1370
1371
1372
1373
1374
1375
1376
1377
1378
1379
1380
1381
1382
1383
1384
1385
1386
1387
1388
1389
1390
1391
1392
1393
1394
1395
1396
1397
1398
1399
1400
1401
1402
1403
1404
1405
1406
1407
1408
1409
1410
1411
1412
1413
1414
1415
1416
1417
1418
1419
1420
1421
1422
1423
1424
1425
1426
1427
1428
1429
1430
1431
1432
1433
1434
1435
1436
1437
1438
1439
1440
1441
1442
1443
1444
1445
1446
1447
1448
1449
1450
1451
1452
1453
1454
1455
1456
1457
1458
1459
1460
1461
1462
1463
1464
1465
1466
1467
1468
1469
1470
1471
1472
1473
1474
1475
1476
2.999999999997361 2.246586179282583 0 2.246586179282583 2.999999999997361
2.41603369507402 2.234053663349104 0 2.234053663349104 2.41603369507402
3.583964397121329 2.236476768913489 0 2.236476768913489 3.583964397121329
0.7322948445458479 2.231585178700847 0 2.231585178700847 0.7322948445458479
1.817599579373133 2.232585749322012 0 2.232585749322012 1.817599579373133
1.331332032687483 2.23248417688556 0 2.23248417688556 1.331332032687483
3.930311436208836 2.722705332907874 0 2.722705332907874 3.930311436208836
0.2038183410095235 2.381307721700763 0 2.381307721700763 0.2038183410095235
2.693207462260136 2.737085352870524 0 2.737085352870524 2.693207462260136
3.305357533644396 2.737155882889772 0 2.737155882889772 3.305357533644396
2.052677181618081 2.738556461328318 0 2.738556461328318 2.052677181618081
1.105784100846367 2.738521531455897 0 2.738521531455897 1.105784100846367
0.4417659195721023 2.737301285616454 0 2.737301285616454 0.4417659195721023
4.072893405615365 2.39724892675941 0 2.39724892675941 4.072893405615365
4.410437841446131 2.507662945108744 0 2.507662945108744 4.410437841446131
0.7742139525700893 2.735882031376015 0 2.735882031376015 0.7742139525700893
0.9078045701131084 2.484497109272498 0 2.484497109272498 0.9078045701131084
2.377440534221603 2.736323576201684 0 2.736323576201684 2.377440534221603
2.999760832652484 2.741665985111566 0 2.741665985111566 2.999760832652484
2.242581002389429 2.48564452833944 0 2.48564452833944 2.242581002389429
3.619483160269884 2.73591607729414 0 2.73591607729414 3.619483160269884
1.42215848378483 2.740052819894262 0 2.740052819894262 1.42215848378483
1.737590987270819 2.741839044669528 0 2.741839044669528 1.737590987270819
1.576902348346716 2.454189156647223 0 2.454189156647223 1.576902348346716
3.287803589994716 2.241801597941129 0 2.241801597941129 3.287803589994716
2.712196092033443 2.241092306225795 0 2.241092306225795 2.712196092033443
0.2165063509461096 2.625 0 2.625 0.2165063509461096
0.4178035790933474 2.252032303104082 0 2.252032303104082 0.4178035790933474
3.146439373666453 2.488853939990712 0 2.488853939990712 3.146439373666453
2.853838722005777 2.48903945718591 0 2.48903945718591 2.853838722005777
0.6077744231921645 2.49021631801165 0 2.49021631801165 0.6077744231921645
4.89473684211108 2.71468144044765 0 2.71468144044765 4.89473684211108
3.760377177286155 2.467991317306428 0 2.467991317306428 3.760377177286155
2.549216251330735 2.48720648069541 0 2.48720648069541 2.549216251330735
3.450570871997155 2.484699264055945 0 2.484699264055945 3.450570871997155
2.109496241947822 2.2439463205173 0 2.2439463205173 2.109496241947822
1.039098223680352 2.2435052978029 0 2.2435052978029 1.039098223680352
1.909211644764107 2.496801921571504 0 2.496801921571504 1.909211644764107
1.24650248581322 2.497028090683611 0 2.497028090683611 1.24650248581322
1.573738220651285 2.183851816570959 0 2.183851816570959 1.573738220651285
3.826304138861562 2.220343402595865 0 2.220343402595865 3.826304138861562
4.578947368426438 2.778284445707361 0 2.778284445707361 4.578947368426438
4.227288504791435 2.748258694235255 0 2.748258694235255 4.227288504791435
0.1814672411633176 2.176668004960969 0 2.176668004960969 0.1814672411633176
0.1948123488406616 2.822460257123291 0 2.822460257123291 0.1948123488406616
0.3761708514757472 2.497979661204707 0 2.497979661204707 0.3761708514757472
1.185215128183917 2.23799473734423 0 2.23799473734423 1.185215128183917
1.288917259250351 2.364756133784585 0 2.364756133784585 1.288917259250351
1.142800354746786 2.370266694243255 0 2.370266694243255 1.142800354746786
0.97345139689673 2.364001203537699 0 2.364001203537699 0.97345139689673
1.077153527963164 2.490762599978054 0 2.490762599978054 1.077153527963164
5.642105263159789 2.9 0 2.9 5.642105263159789
5.484210526317679 2.9 0 2.9 5.484210526317679
0.8410092613415989 2.610189570324256 0 2.610189570324256 0.8410092613415989
0.6909941878811269 2.613049174693832 0 2.613049174693832 0.6909941878811269
0.7577894966526364 2.487356713642074 0 2.487356713642074 0.7577894966526364
5.284210526317679 2.8 0 2.8 5.284210526317679
5.126315789476592 2.8 0 2.8 5.126315789476592
4.236446702807683 2.298624463379705 0 2.298624463379705 4.236446702807683
4.036446702807682 2.198624463379705 0 2.198624463379705 4.036446702807682
1.963547910660478 2.238266034919656 0 2.238266034919656 1.963547910660478
2.009353943355965 2.370374121044402 0 2.370374121044402 2.009353943355965
1.86340561206862 2.364693835446758 0 2.364693835446758 1.86340561206862
2.176038622168625 2.36479542442837 0 2.36479542442837 2.176038622168625
2.075896323576768 2.491223224955472 0 2.491223224955472 2.075896323576768
0.8200497073294781 2.358041143986672 0 2.358041143986672 0.8200497073294781
0.6700346338690062 2.360900748356249 0 2.360900748356249 0.6700346338690062
4.0016024209121 2.559977129833642 0 2.559977129833642 4.0016024209121
4.1500909552034 2.572753810497332 0 2.572753810497332 4.1500909552034
4.078799970500135 2.735482013571565 0 2.735482013571565 4.078799970500135
2.310010768305516 2.610984052270562 0 2.610984052270562 2.310010768305516
2.395898626860082 2.486425504517425 0 2.486425504517425 2.395898626860082
2.463328392776169 2.611765028448547 0 2.611765028448547 2.463328392776169
1.454117190517099 2.343336666766391 0 2.343336666766391 1.454117190517099
1.411702417079968 2.475608623665417 0 2.475608623665417 1.411702417079968
2.329307348731724 2.359849095844272 0 2.359849095844272 2.329307348731724
2.482624973202377 2.360630072022257 0 2.360630072022257 2.482624973202377
1.452535126669384 2.208167996728259 0 2.208167996728259 1.452535126669384
1.575320284499001 2.319020486609091 0 2.319020486609091 1.575320284499001
3.672170787203742 2.352234043109958 0 2.352234043109958 3.672170787203742
3.605474024641655 2.476345290681186 0 2.476345290681186 3.605474024641655
3.517267634559242 2.360588016484717 0 2.360588016484717 3.517267634559242
3.689930168778019 2.601953697300284 0 2.601953697300284 3.689930168778019
3.53502701613352 2.610307670675042 0 2.610307670675042 3.53502701613352
1.697250963859925 2.343387452984618 0 2.343387452984618 1.697250963859925
1.743056996555412 2.475495539109364 0 2.475495539109364 1.743056996555412
0.6079899360710957 2.736591658496235 0 2.736591658496235 0.6079899360710957
0.5247701713821333 2.613758801814052 0 2.613758801814052 0.5247701713821333
3.949598772238463 2.308796164677638 0 2.308796164677638 3.949598772238463
3.913152069430781 2.110171701297933 0 2.110171701297933 3.913152069430781
4.241665623530748 2.452455935934077 0 2.452455935934077 4.241665623530748
4.318863173118784 2.627960819671999 0 2.627960819671999 4.318863173118784
0.5366724334711472 2.868650642808227 0 2.868650642808227 0.5366724334711472
0.7028964499701408 2.867941015688007 0 2.867941015688007 0.7028964499701408
1.695668900012209 2.208218782946485 0 2.208218782946485 1.695668900012209
4.605218920723066 2.453831472554372 0 2.453831472554372 4.605218920723066
4.689473684213219 2.58914222285368 0 2.58914222285368 4.689473684213219
4.494692604936285 2.642973695408052 0 2.642973695408052 4.494692604936285
3.845344306747495 2.595348325107151 0 2.595348325107151 3.845344306747495
3.91663529145076 2.432620122032919 0 2.432620122032919 3.91663529145076
1.579874735527825 2.740945932281895 0 2.740945932281895 1.579874735527825
1.499530416065773 2.597120988270743 0 2.597120988270743 1.499530416065773
1.657246667808768 2.598014100658376 0 2.598014100658376 1.657246667808768
0.3787776966285992 2.868650642808227 0 2.868650642808227 0.3787776966285992
1.500552926105155 2.870026409947131 0 2.870026409947131 1.500552926105155
1.65826917784815 2.870919522334764 0 2.870919522334764 1.65826917784815
2.609761625870452 2.868542676435262 0 2.868542676435262 2.609761625870452
2.451878161851185 2.868161788100842 0 2.868161788100842 2.451878161851185
2.53532399824087 2.736704464536104 0 2.736704464536104 2.53532399824087
3.231626135247093 2.868577941444886 0 2.868577941444886 3.231626135247093
3.078827784751137 2.870832992555783 0 2.870832992555783 3.078827784751137
3.15255918314844 2.739410934000669 0 2.739410934000669 3.15255918314844
4.405218920723065 2.353831472554372 0 2.353831472554372 4.405218920723065
0.9399990267082283 2.737201781415956 0 2.737201781415956 0.9399990267082283
1.006794335479738 2.611509320364197 0 2.611509320364197 1.006794335479738
1.026576260950828 2.869260765727948 0 2.869260765727948 1.026576260950828
0.8607911868126884 2.867941015688007 0 2.867941015688007 0.8607911868126884
1.184470997793376 2.869260765727948 0 2.869260765727948 1.184470997793376
1.263971292315599 2.739287175675079 0 2.739287175675079 1.263971292315599
1.342658189262607 2.870026409947131 0 2.870026409947131 1.342658189262607
3.389520872088474 2.868577941444886 0 2.868577941444886 3.389520872088474
3.46242034695714 2.736535980091956 0 2.736535980091956 3.46242034695714
3.546583685401217 2.86795803864707 0 2.86795803864707 3.546583685401217
2.215058857919842 2.737440018765001 0 2.737440018765001 2.215058857919842
2.147629092003755 2.612100494833879 0 2.612100494833879 2.147629092003755
2.767656362712999 2.868542676435262 0 2.868542676435262 2.767656362712999
2.84648414745631 2.739375668991045 0 2.739375668991045 2.84648414745631
2.920933047909173 2.870832992555783 0 2.870832992555783 2.920933047909173
2.131601748706876 2.869278230664159 0 2.869278230664159 2.131601748706876
2.293983425008637 2.868161788100842 0 2.868161788100842 2.293983425008637
1.973707011864328 2.869278230664159 0 2.869278230664159 1.973707011864328
1.816163914690697 2.870919522334764 0 2.870919522334764 1.816163914690697
1.89513408444445 2.740197752998923 0 2.740197752998923 1.89513408444445
2.621211856795435 2.612145916782967 0 2.612145916782967 2.621211856795435
3.859892560212073 2.861352666453937 0 2.861352666453937 3.859892560212073
3.704478422242597 2.86795803864707 0 2.86795803864707 3.704478422242597
3.77489729823936 2.729310705101007 0 2.729310705101007 3.77489729823936
4.017787297053813 2.861352666453937 0 2.861352666453937 4.017787297053813
1.334330484799025 2.618540455288937 0 2.618540455288937 1.334330484799025
3.377964202820776 2.610927573472858 0 2.610927573472858 3.377964202820776
4.500000000005162 2.88914222285368 0 2.88914222285368 4.500000000005162
4.324170568187661 2.874129347117627 0 2.874129347117627 4.324170568187661
4.403117936608936 2.763271569971308 0 2.763271569971308 4.403117936608936
4.973684210532133 2.857340720223825 0 2.857340720223825 4.973684210532133
5.04736842105554 2.657340720223825 0 2.657340720223825 5.04736842105554
1.823401316017463 2.619320483120516 0 2.619320483120516 1.823401316017463
3.649125055703144 2.118238384456745 0 2.118238384456745 3.649125055703144
3.506267912845625 2.118238384456745 0 2.118238384456745 3.506267912845625
3.358187509282319 2.120900798970565 0 2.120900798970565 3.358187509282319
3.215330366424799 2.120900798970565 0 2.120900798970565 3.215330366424799
3.071428571426122 2.123293089641291 0 2.123293089641291 3.071428571426122
2.928571428568602 2.123293089641291 0 2.123293089641291 2.928571428568602
2.784669474586643 2.120546153112898 0 2.120546153112898 2.784669474586643
2.641812331729123 2.120546153112898 0 2.120546153112898 2.641812331729123
2.493731133249412 2.117026831674552 0 2.117026831674552 2.493731133249412
2.350873990391892 2.117026831674552 0 2.117026831674552 2.350873990391892
1.908799789683951 2.116292874661006 0 2.116292874661006 1.908799789683951
1.765942646827203 2.116292874661006 0 2.116292874661006 1.765942646827203
0.794718850843383 2.115792589350423 0 2.115792589350423 0.794718850843383
0.6518617079866571 2.115792589350423 0 2.115792589350423 0.6518617079866571
1.379951730627652 2.11624208844278 0 2.11624208844278 1.379951730627652
1.237094587770926 2.11624208844278 0 2.11624208844278 1.237094587770926
0.4946160752604069 2.126016151552041 0 2.126016151552041 0.4946160752604069
0.3517589324035323 2.126016151552041 0 2.126016151552041 0.3517589324035323
1.980944413191094 2.617679191449911 0 2.617679191449911 1.980944413191094
1.176143293329794 2.617774811069754 0 2.617774811069754 1.176143293329794
0.8856965341130998 2.237545238251873 0 2.237545238251873 0.8856965341130998
3.435883993558023 2.23913918342731 0 2.23913918342731 3.435883993558023
3.143901794996039 2.244193888611856 0 2.244193888611856 3.143901794996039
2.856098046015402 2.243839242754189 0 2.243839242754189 2.856098046015402
2.564114893553731 2.23757298478745 0 2.23757298478745 2.564114893553731
0.1019091705047618 2.315653860850381 0 2.315653860850381 0.1019091705047618
0.1019091705047618 2.440653860850381 0 2.440653860850381 0.1019091705047618
3.073100103159469 2.615259962551139 0 2.615259962551139 3.073100103159469
3.225898453655425 2.613004911440242 0 2.613004911440242 3.225898453655425
0.1082531754730548 2.5625 0 2.5625 0.1082531754730548
0.1082531754730548 2.6875 0 2.6875 0.1082531754730548
2.773523092132957 2.613062405028217 0 2.613062405028217 2.773523092132957
2.926799777329131 2.615352721148738 0 2.615352721148738 2.926799777329131
2.262764968510921 2.238999991933202 0 2.238999991933202 2.262764968510921
0.0974061744203308 2.911230128561646 0 2.911230128561646 0.0974061744203308
0.2553009112628788 2.911230128561646 0 2.911230128561646 0.2553009112628788
4.84736842105554 2.557340720223825 0 2.557340720223825 4.84736842105554
4.736842105268759 2.746482943077505 0 2.746482943077505 4.736842105268759
0.5750492118195977 2.241808740902465 0 2.241808740902465 0.5750492118195977
0.2101623459778166 2.503153860850381 0 2.503153860850381 0.2101623459778166
3.705134267991445 2.228410085754677 0 2.228410085754677 3.705134267991445
3.793340658073858 2.344167359951147 0 2.344167359951147 3.793340658073858
2.197605263828793 2.12197316025865 0 2.12197316025865 2.197605263828793
2.054748120971295 2.12197316025865 0 2.12197316025865 2.054748120971295
0.9481205404106349 2.12175264890145 0 2.12175264890145 0.9481205404106349
1.090977683267361 2.12175264890145 0 2.12175264890145 1.090977683267361
0.329136135259106 2.681150642808228 0 2.681150642808228 0.329136135259106
0.3182891342063819 2.779880771369873 0 2.779880771369873 0.3182891342063819
0.2056593498933856 2.723730128561646 0 2.723730128561646 0.2056593498933856
3.217121481830585 2.36532776896592 0 2.36532776896592 3.217121481830585
3.073219686831907 2.367720059636647 0 2.367720059636647 3.073219686831907
1.644011967466279 2.09192590828548 0 2.09192590828548 1.644011967466279
1.501154824609553 2.09192590828548 0 2.09192590828548 1.501154824609553
4.815789473690032 2.857340720223825 0 2.857340720223825 4.815789473690032
2.926919361001569 2.367812818234246 0 2.367812818234246 2.926919361001569
2.78301740701961 2.365065881705853 0 2.365065881705853 2.78301740701961
0.2335907634385175 2.088334002480485 0 2.088334002480485 0.2335907634385175
0.09073362058165882 2.088334002480485 0 2.088334002480485 0.09073362058165882
3.000139047836115 2.488946698588311 0 2.488946698588311 3.000139047836115
2.701527486668256 2.48812296894066 0 2.48812296894066 2.701527486668256
3.770294926573261 2.110171701297933 0 2.110171701297933 3.770294926573261
3.298505122831804 2.486776602023328 0 2.486776602023328 3.298505122831804
3.369187230995936 2.363250430998537 0 2.363250430998537 3.369187230995936
2.630706171682089 2.364149393460603 0 2.364149393460603 2.630706171682089
0.5127890011427559 2.371124310557866 0 2.371124310557866 0.5127890011427559
0.09073362058165882 2.213334002480485 0 2.213334002480485 0.09073362058165882
4.166275831345112 2.874129347117627 0 2.874129347117627 4.166275831345112
0.2996354101283325 2.214350154032525 0 2.214350154032525 0.2996354101283325
0.3108109600514354 2.316670012402422 0 2.316670012402422 0.3108109600514354
0.1926427910864206 2.278987863330866 0 2.278987863330866 0.1926427910864206
0.3969872152845473 2.375005982154394 0 2.375005982154394 0.3969872152845473
0.2899945962426353 2.439643691452735 0 2.439643691452735 0.2899945962426353
0.0974061744203308 2.786230128561646 0 2.786230128561646 0.0974061744203308
0.4919726373339559 2.494097989608179 0 2.494097989608179 0.4919726373339559
0.2963386012109285 2.561489830602354 0 2.561489830602354 0.2963386012109285
0.4089683855239248 2.617640473410581 0 2.617640473410581 0.4089683855239248
4.657894736847711 2.88914222285368 0 2.88914222285368 4.657894736847711
2 4 1 223
1477
1478
1479
1480
1481
1482
1483
1484
1485
1486
1487
1488
1489
1490
1491
1492
1493
1494
1495
1496
1497
1498
1499
1500
1501
1502
1503
1504
1505
1506
1507
1508
1509
1510
1511
1512
1513
1514
1515
1516
1517
1518
1519
1520
1521
1522
1523
1524
1525
1526
1527
1528
1529
1530
1531
1532
1533
1534
1535
1536
1537
1538
1539
1540
1541
1542
1543
1544
1545
1546
1547
1548
1549
1550
1551
1552
1553
1554
1555
1556
1557
1558
1559
1560
1561
1562
1563
1564
1565
1566
1567
1568
1569
1570
1571
1572
1573
1574
1575
1576
1577
1578
1579
1580
1581
1582
1583
1584
1585
1586
1587
1588
1589
1590
1591
1592
1593
1594
1595
1596
1597
1598
1599
1600
1601
1602
1603
1604
1605
1606
1607
1608
1609
1610
1611
1612
1613
1614
1615
1616
1617
1618
1619
1620
1621
1622
1623
1624
1625
1626
1627
1628
1629
1630
1631
1632
1633
1634
1635
1636
1637
1638
1639
1640
1641
1642
1643
1644
1645
1646
1647
1648
1649
1650
1651
1652
1653
1654
1655
1656
1657
1658
1659
1660
1661
1662
1663
1664
1665
1666
1667
1668
1669
1670
1671
1672
1673
1674
1675
1676
1677
1678
1679
1680
1681
1682
1683
1684
1685
1686
1687
1688
1689
1690
1691
1692
1693
1694
1695
1696
1697
1698
1699
6.999999999999996 2.753413820717953 0 2.753413820717953 6.999999999999996
7.583966304923046 2.765946336652337 0 2.765946336652337 7.583966304923046
6.416531411454388 2.763686849515326 0 2.763686849515326 6.416531411454388
9.269009270875351 2.767884344449932 0 2.767884344449932 9.269009270875351
8.182400420624509 2.767414250678228 0 2.767414250678228 8.182400420624509
8.668667967310997 2.767226841365261 0 2.767226841365261 8.668667967310997
6.070805621696014 2.277223374752149 0 2.277223374752149 6.070805621696014
9.796181658990204 2.618692278299165 0 2.618692278299165 9.796181658990204
7.306792537740798 2.262914647130109 0 2.262914647130109 7.306792537740798
6.695263715685002 2.262609206341345 0 2.262609206341345 6.695263715685002
7.947322818384466 2.261443538671966 0 2.261443538671966 7.947322818384466
8.897371597460243 2.260761550804401 0 2.260761550804401 8.897371597460243
9.550248190899792 2.265488494176565 0 2.265488494176565 9.550248190899792
5.92740483850716 2.60281743025504 0 2.60281743025504 5.92740483850716
5.58962180737784 2.492350326294352 0 2.492350326294352 5.58962180737784
9.226285130982252 2.264221950532833 0 2.264221950532833 9.226285130982252
9.093021912766599 2.515023340198231 0 2.515023340198231 9.093021912766599
7.622559465779782 2.263676423799342 0 2.263676423799342 7.622559465779782
7.000342708902732 2.258294863093839 0 2.258294863093839 7.000342708902732
7.757418997609688 2.514355471661629 0 2.514355471661629 7.757418997609688
6.381302366178904 2.264196507283055 0 2.264196507283055 6.381302366178904
8.578367465934512 2.259827693815639 0 2.259827693815639 8.578367465934512
8.262496671017619 2.258141040948602 0 2.258141040948602 8.262496671017619
8.423185309939543 2.545749645863897 0 2.545749645863897 8.423185309939543
7.287803907963363 2.758907693775192 0 2.758907693775192 7.287803907963363
6.712279044766206 2.758225671796928 0 2.758225671796928 6.712279044766206
9.796979646204239 2.383665615601367 0 2.383665615601367 9.796979646204239
9.582382723109147 2.747891914488787 0 2.747891914488787 9.582382723109147
6.853695197273275 2.51110492787219 0 2.51110492787219 6.853695197273275
7.1462009634086 2.510947162159493 0 2.510947162159493 7.1462009634086
9.391363925895678 2.510085007307724 0 2.510085007307724 9.391363925895678
6.232988201213557 2.53002945863848 0 2.53002945863848 6.232988201213557
5.10526315788754 2.285318559551376 0 2.285318559551376 5.10526315788754
7.450790362904213 2.51279128919635 0 2.51279128919635 7.450790362904213
6.548676656095222 2.514975436907887 0 2.514975436907887 6.548676656095222
8.961256876035687 2.756278200675778 0 2.756278200675778 8.961256876035687
7.890503758049917 2.756053679482983 0 2.756053679482983 7.890503758049917
8.090803263108796 2.503191181160218 0 2.503191181160218 8.090803263108796
8.753918508142178 2.502811821278977 0 2.502811821278977 8.753918508142178
8.426279311003581 2.816078147581477 0 2.816078147581477 8.426279311003581
6.172527747377877 2.779306747681769 0 2.779306747681769 6.172527747377877
5.421052631571796 2.221715554293764 0 2.221715554293764 5.421052631571796
5.772836916198367 2.251742014614926 0 2.251742014614926 5.772836916198367
9.818570019277013 2.82331683855759 0 2.82331683855759 9.818570019277013
9.806287672683865 2.179830821955587 0 2.179830821955587 9.806287672683865
9.623431229019809 2.505164661974721 0 2.505164661974721 9.623431229019809
8.814962421673343 2.76175252102052 0 2.76175252102052 8.814962421673343
8.711293237726586 2.635019331322119 0 2.635019331322119 8.711293237726586
8.857587692088932 2.629545010977377 0 2.629545010977377 8.857587692088932
9.027139394401143 2.635650770437005 0 2.635650770437005 9.027139394401143
8.923470210454388 2.508917580738604 0 2.508917580738604 8.923470210454388
4.515789473681927 2.1 0 2.1 4.515789473681927
4.357894736840015 2.1 0 2.1 4.357894736840015
4.873684210522818 2.2 0 2.2 4.873684210522818
4.715789473681927 2.2 0 2.2 4.715789473681927
9.159653521874425 2.389622645365532 0 2.389622645365532 9.159653521874425
9.308824528438965 2.387153478920279 0 2.387153478920279 9.308824528438965
9.242192919331139 2.512554173752978 0 2.512554173752978 9.242192919331139
5.76370241925358 2.70140871512752 0 2.70140871512752 5.76370241925358
5.96370241925358 2.80140871512752 0 2.80140871512752 5.96370241925358
8.036452089337214 2.761733965080605 0 2.761733965080605 8.036452089337214
7.990653510579357 2.6296224303216 0 2.6296224303216 7.990653510579357
8.136601841866653 2.635302715919223 0 2.635302715919223 8.136601841866653
7.823961377829802 2.635204575572306 0 2.635204575572306 7.823961377829802
7.924111130359242 2.508773326410923 0 2.508773326410923 7.924111130359242
5.999105230101587 2.440020402503595 0 2.440020402503595 5.999105230101587
5.850120877352763 2.427279722434983 0 2.427279722434983 5.850120877352763
5.92182126894719 2.264482694683537 0 2.264482694683537 5.92182126894719
9.181015591820975 2.641453842324082 0 2.641453842324082 9.181015591820975
9.330186598385515 2.638984675878828 0 2.638984675878828 9.330186598385515
7.689989231694735 2.389015947730485 0 2.389015947730485 7.689989231694735
7.604104680256951 2.51357338042899 0 2.51357338042899 7.604104680256951
7.536674914341997 2.388233856497846 0 2.388233856497846 7.536674914341997
8.54592663862527 2.656488243614579 0 2.656488243614579 8.54592663862527
8.588551909040859 2.524280733571437 0 2.524280733571437 8.588551909040859
7.670692651266367 2.640150904156983 0 2.640150904156983 7.670692651266367
7.51737833391363 2.639368812924343 0 2.639368812924343 7.51737833391363
8.547473639157289 2.791652494473369 0 2.791652494473369 8.547473639157289
8.424732310471562 2.680913896722688 0 2.680913896722688 8.424732310471562
6.30714528369623 2.397112982960768 0 2.397112982960768 6.30714528369623
6.464989511137063 2.389585972095471 0 2.389585972095471 6.464989511137063
6.39083242865439 2.522502447773184 0 2.522502447773184 6.39083242865439
8.302792865282026 2.656581948271063 0 2.656581948271063 8.302792865282026
8.256994286524169 2.524470413512057 0 2.524470413512057 8.256994286524169
6.324759806333972 2.646858154076903 0 2.646858154076903 6.324759806333972
6.482604033774805 2.639331143211606 0 2.639331143211606 6.482604033774805
6.049966292942519 2.691062088968404 0 2.691062088968404 6.049966292942519
6.086263873688939 2.889653373840884 0 2.889653373840884 6.086263873688939
5.7585133229425 2.547583878274696 0 2.547583878274696 5.7585133229425
5.681229361788104 2.372046170454639 0 2.372046170454639 5.681229361788104
8.304339865814045 2.791746199129852 0 2.791746199129852 8.304339865814045
9.061828364221247 2.262491750668617 0 2.262491750668617 9.061828364221247
8.995196755113421 2.387892445501316 0 2.387892445501316 8.995196755113421
5.394810903688921 2.546175163147176 0 2.546175163147176 5.394810903688921
5.310526315785898 2.410857777146882 0 2.410857777146882 5.310526315785898
5.505337219474818 2.357032940294058 0 2.357032940294058 5.505337219474818
6.151896911454785 2.403626416695315 0 2.403626416695315 6.151896911454785
6.080196519860358 2.56642344444676 0 2.56642344444676 6.080196519860358
8.975001588203066 2.1303807754022 0 2.1303807754022 8.975001588203066
9.13945835496407 2.132110975266417 0 2.132110975266417 9.13945835496407
9.388266660941021 2.264855222354699 0 2.264855222354699 9.388266660941021
9.470806058397734 2.387786750742145 0 2.387786750742145 9.470806058397734
8.420432068476066 2.258984367382121 0 2.258984367382121 8.420432068476066
8.500776387937027 2.402788669839768 0 2.402788669839768 8.500776387937027
8.342840990478582 2.40194534340625 0 2.40194534340625 8.342840990478582
9.617229358607545 2.132744247088282 0 2.132744247088282 9.617229358607545
9.459334621765191 2.132744247088282 0 2.132744247088282 9.459334621765191
9.297353091806421 2.132110975266417 0 2.132110975266417 9.297353091806421
7.390238374131582 2.131457323565054 0 2.131457323565054 7.390238374131582
7.548121838151074 2.131838211899671 0 2.131838211899671 7.548121838151074
7.46467600176029 2.263295535464725 0 2.263295535464725 7.46467600176029
6.768684489418979 2.131304603170673 0 2.131304603170673 6.768684489418979
6.921223986027844 2.12914743154692 0 2.12914743154692 6.921223986027844
6.847803212293867 2.260452034717592 0 2.260452034717592 6.847803212293867
8.499710048755496 2.12991384690782 0 2.12991384690782 8.499710048755496
8.341774651297049 2.129070520474301 0 2.129070520474301 8.341774651297049
5.59481090368892 2.646175163147176 0 2.646175163147176 5.59481090368892
8.817106851360712 2.1303807754022 0 2.1303807754022 8.817106851360712
8.737869531697378 2.26029462231002 0 2.26029462231002 8.737869531697378
8.657604785597847 2.12991384690782 0 2.12991384690782 8.657604785597847
7.784941142082124 2.262559981235654 0 2.262559981235654 7.784941142082124
7.852370907997077 2.387899505166797 0 2.387899505166797 7.852370907997077
7.868398251295767 2.130721769335983 0 2.130721769335983 7.868398251295767
7.706016574993425 2.131838211899671 0 2.131838211899671 7.706016574993425
7.23234363728923 2.131457323565054 0 2.131457323565054 7.23234363728923
7.153567623321765 2.260604755111974 0 2.260604755111974 7.153567623321765
7.079118722870197 2.12914743154692 0 2.12914743154692 7.079118722870197
8.02629298813812 2.130721769335983 0 2.130721769335983 8.02629298813812
8.183879914454696 2.129070520474301 0 2.129070520474301 8.183879914454696
8.104909744701043 2.259792289810284 0 2.259792289810284 8.104909744701043
6.140665968739783 2.138611687376074 0 2.138611687376074 6.140665968739783
6.295914340981228 2.132098253641527 0 2.132098253641527 6.295914340981228
6.226053993937459 2.270709941017602 0 2.270709941017602 6.226053993937459
6.610789752576628 2.131304603170673 0 2.131304603170673 6.610789752576628
6.538283040931953 2.2634028568122 0 2.2634028568122 6.538283040931953
6.453809077823579 2.132098253641527 0 2.132098253641527 6.453809077823579
7.378791450322506 2.387852968163229 0 2.387852968163229 7.378791450322506
8.82564505280121 2.381786686041689 0 2.381786686041689 8.82564505280121
5.982771231897432 2.138611687376074 0 2.138611687376074 5.982771231897432
8.666142987038345 2.381319757547308 0 2.381319757547308 8.666142987038345
5.499999999992972 2.110857777146882 0 2.110857777146882 5.499999999992972
5.675892142306257 2.125871007307463 0 2.125871007307463 5.675892142306257
5.596944773885081 2.236728784454345 0 2.236728784454345 5.596944773885081
5.026315789466588 2.142659279775688 0 2.142659279775688 5.026315789466588
4.95263157894377 2.342659279775688 0 2.342659279775688 4.95263157894377
8.176649967063208 2.38066611105441 0 2.38066611105441 8.176649967063208
7.215330525410254 2.879453846887596 0 2.879453846887596 7.215330525410254
7.358187668267396 2.879453846887596 0 2.879453846887596 7.358187668267396
9.205933206866247 2.883942172224966 0 2.883942172224966 9.205933206866247
9.348790349723391 2.883942172224966 0 2.883942172224966 9.348790349723391
8.620048269369784 2.88361342068263 0 2.88361342068263 8.620048269369784
8.762905412226928 2.88361342068263 0 2.88361342068263 8.762905412226928
8.091200210312255 2.883707125339114 0 2.883707125339114 8.091200210312255
8.234057353169398 2.883707125339114 0 2.883707125339114 8.234057353169398
7.506268866747238 2.882973168326168 0 2.882973168326168 7.506268866747238
7.64912600960438 2.882973168326168 0 2.882973168326168 7.64912600960438
6.928571428571427 2.876706910358977 0 2.876706910358977 6.928571428571427
7.071428571428569 2.876706910358977 0 2.876706910358977 7.071428571428569
6.351122848584337 2.881843424757663 0 2.881843424757663 6.351122848584337
6.49397999144148 2.881843424757663 0 2.881843424757663 6.49397999144148
6.641853808097388 2.879112835898464 0 2.879112835898464 6.641853808097388
6.784710950954532 2.879112835898464 0 2.879112835898464 6.784710950954532
9.505477075840288 2.873945957244394 0 2.873945957244394 9.505477075840288
9.64833421869743 2.873945957244394 0 2.873945957244394 9.64833421869743
6.621970185890111 2.388792321624616 0 2.388792321624616 6.621970185890111
8.01906304074663 2.382317359916092 0 2.382317359916092 8.01906304074663
7.435885106443205 2.762427015213764 0 2.762427015213764 7.435885106443205
7.143901953981679 2.756160757246573 0 2.756160757246573 7.143901953981679
6.564405228110297 2.760956260656127 0 2.760956260656127 6.564405228110297
6.856139522383101 2.755819746257441 0 2.755819746257441 6.856139522383101
9.898090829495102 2.684346139149583 0 2.684346139149583 9.898090829495102
9.898090829495102 2.559346139149583 0 2.559346139149583 9.898090829495102
6.927018953088004 2.384699895483014 0 2.384699895483014 6.927018953088004
6.774479456479138 2.386857067106768 0 2.386857067106768 6.774479456479138
9.115133073455519 2.762081272562855 0 2.762081272562855 9.115133073455519
9.898489823102119 2.441832807800683 0 2.441832807800683 9.898489823102119
9.898489823102119 2.316832807800683 0 2.316832807800683 9.898489823102119
7.226496750574699 2.386930904644801 0 2.386930904644801 7.226496750574699
7.073271836155666 2.384621012626666 0 2.384621012626666 7.073271836155666
7.737235031486481 2.76100000806766 0 2.76100000806766 7.737235031486481
9.903143836341933 2.089915410977794 0 2.089915410977794 9.903143836341933
9.745249099499581 2.089915410977794 0 2.089915410977794 9.745249099499581
5.152631578943771 2.442659279775688 0 2.442659279775688 5.152631578943771
5.263157894729668 2.25351705692257 0 2.25351705692257 5.263157894729668
9.42569599699225 2.75788812946936 0 2.75788812946936 9.42569599699225
9.796580652597221 2.501178946950266 0 2.501178946950266 9.796580652597221
9.052057009446415 2.878139100337889 0 2.878139100337889 9.052057009446415
8.909199866589272 2.878139100337889 0 2.878139100337889 8.909199866589272
7.945251879024958 2.878026839741492 0 2.878026839741492 7.945251879024958
7.802394736167816 2.878026839741492 0 2.878026839741492 7.802394736167816
9.673613918552014 2.324577054888966 0 2.324577054888966 9.673613918552014
9.678267931791829 2.222659658066076 0 2.222659658066076 9.678267931791829
9.801633659444052 2.281748218778477 0 2.281748218778477 9.801633659444052
6.78298712101974 2.634665299834559 0 2.634665299834559 6.78298712101974
6.926847598636636 2.632259374295072 0 2.632259374295072 6.926847598636636
6.294529579416133 2.771496798598547 0 2.771496798598547 6.294529579416133
6.202757974295717 2.654668103160125 0 2.654668103160125 6.202757974295717
8.355996798358934 2.908039073790738 0 2.908039073790738 8.355996798358934
8.498853941216076 2.908039073790738 0 2.908039073790738 8.498853941216076
5.184210526308492 2.142659279775688 0 2.142659279775688 5.184210526308492
7.073100481704298 2.632180491438723 0 2.632180491438723 7.073100481704298
7.217002435685982 2.634927427967342 0 2.634927427967342 7.217002435685982
9.766427866781363 2.911658419278795 0 2.911658419278795 9.766427866781363
9.909285009638506 2.911658419278795 0 2.911658419278795 9.909285009638506
6.999948080340937 2.511026045015841 0 2.511026045015841 6.999948080340937
7.298495663156407 2.511869225677922 0 2.511869225677922 7.298495663156407
6.229121016546082 2.889653373840884 0 2.889653373840884 6.229121016546082
6.701185926684248 2.513040182390039 0 2.513040182390039 6.701185926684248
6.630477850430713 2.636600554352408 0 2.636600554352408 6.630477850430713
7.369297135433788 2.635849491485771 0 2.635849491485771 7.369297135433788
9.486873324502412 2.628988460898256 0 2.628988460898256 9.486873324502412
9.909285009638506 2.786658419278795 0 2.786658419278795 9.909285009638506
5.833786879148608 2.125871007307463 0 2.125871007307463 5.833786879148608
9.70047637119308 2.785604376523189 0 2.785604376523189 9.70047637119308
9.689282191049674 2.683292096393976 0 2.683292096393976 9.689282191049674
9.807375839133609 2.721004558428378 0 2.721004558428378 9.807375839133609
9.602906976064478 2.626528288231754 0 2.626528288231754 9.602906976064478
9.709806444005007 2.561928470136944 0 2.561928470136944 9.709806444005007
9.903143836341933 2.214915410977794 0 2.214915410977794 9.903143836341933
9.507397577457745 2.507624834641223 0 2.507624834641223 9.507397577457745
9.710205437612025 2.444415138788044 0 2.444415138788044 9.710205437612025
9.586839709959801 2.385326578075643 0 2.385326578075643 9.586839709959801
5.342105263150621 2.110857777146882 0 2.110857777146882 5.342105263150621
2 5 1 108
1700
1701
1702
1703
1704
1705
1706
1707
1708
1709
1710
1711
1712
1713
1714
1715
1716
1717
1718
1719
1720
1721
1722
1723
1724
1725
1726
1727
1728
1729
1730
1731
1732
1733
1734
1735
1736
1737
1738
1739
1740
1741
1742
1743
1744
1745
1746
1747
1748
1749
1750
1751
1752
1753
1754
1755
1756
1757
1758
1759
1760
1761
1762
1763
1764
1765
1766
1767
1768
1769
1770
1771
1772
1773
1774
1775
1776
1777
1778
1779
1780
1781
1782
1783
1784
1785
1786
1787
1788
1789
1790
1791
1792
1793
1794
1795
1796
1797
1798
1799
1800
1801
1802
1803
1804
1805
1806
1807
9.59876596940722 3.216122468301256 0 -3.216122468301256 9.59876596940722
8.136904761904756 3.276053670518181 0 -3.276053670518181 8.136904761904756
8.712854444887606 3.272224185426956 0 -3.272224185426956 8.712854444887606
9.808522707696046 3.68728702708348 0 -3.68728702708348 9.808522707696046
7.56151206838421 3.252003588064432 0 -3.252003588064432 7.56151206838421
9.20007450679104 3.603428677138926 0 -3.603428677138926 9.20007450679104
8.25 3.657615627588651 0 -3.657615627588651 8.25
9.322741093650768 3.260951522932293 0 -3.260951522932293 9.322741093650768
8.848555240754179 3.626978241027295 0 -3.626978241027295 8.848555240754179
7.266588127962556 3.215298676796558 0 -3.215298676796558 7.266588127962556
7.854498043143398 3.254486719615933 0 -3.254486719615933 7.854498043143398
8.423440721897055 3.275146986539207 0 -3.275146986539207 8.423440721897055
9.014037547680598 3.293930437754245 0 -3.293930437754245 9.014037547680598
9.791472502449999 3.381607863566292 0 -3.381607863566292 9.791472502449999
9.536929463332513 3.524899593170374 0 -3.524899593170374 9.536929463332513
8.546970081507769 3.566393008116422 0 -3.566393008116422 8.546970081507769
7.925948086555647 3.580530723436785 0 -3.580530723436785 7.925948086555647
6.99999999999999 3.224489795918358 0 -3.224489795918358 6.99999999999999
7.714285714285738 3.495028322897944 0 -3.495028322897944 7.714285714285738
9.820904837228586 3.16954606637351 0 -3.16954606637351 9.820904837228586
6.725714285714284 3.164897959183672 0 -3.164897959183672 6.725714285714284
7.380756034192105 3.426001794032216 0 -3.426001794032216 7.380756034192105
7.414050098173383 3.233651132430495 0 -3.233651132430495 7.414050098173383
7.233294063981278 3.407649338398279 0 -3.407649338398279 7.233294063981278
7.457142857142869 3.547514161448972 0 -3.547514161448972 7.457142857142869
7.637898891334974 3.373515955481189 0 -3.373515955481189 7.637898891334974
9.654261353848023 3.84364351354174 0 -3.84364351354174 9.654261353848023
9.672726085514279 3.606093310126927 0 -3.606093310126927 9.672726085514279
9.518464731666256 3.762449796585187 0 -3.762449796585187 9.518464731666256
7.962974043277823 3.790265361718392 0 -3.790265361718392 7.962974043277823
7.762974043277824 3.690265361718392 0 -3.690265361718392 7.762974043277824
7.820116900420692 3.537779523167365 0 -3.537779523167365 7.820116900420692
7.657142857142869 3.647514161448972 0 -3.647514161448972 7.657142857142869
8.193452380952378 3.466834649053416 0 -3.466834649053416 8.193452380952378
8.336720360948528 3.466381307063929 0 -3.466381307063929 8.336720360948528
8.280172741900905 3.275600328528694 0 -3.275600328528694 8.280172741900905
9.35003725339552 3.801714338569463 0 -3.801714338569463 9.35003725339552
9.368501985061776 3.56416413515465 0 -3.56416413515465 9.368501985061776
6.485714285714286 3.1 0 -3.1 6.485714285714286
6.342857142857143 3.1 0 -3.1 6.342857142857143
9.02431487377261 3.61520345908311 0 -3.61520345908311 9.02431487377261
9.107056027235819 3.448679557446585 0 -3.448679557446585 9.107056027235819
8.931296394217387 3.46045433939077 0 -3.46045433939077 8.931296394217387
9.261407800220905 3.432190100035609 0 -3.432190100035609 9.261407800220905
9.168389320665682 3.277440980343269 0 -3.277440980343269 9.168389320665682
8.67427762037709 3.813489120513648 0 -3.813489120513648 8.67427762037709
8.697762661130973 3.596685624571859 0 -3.596685624571859 8.697762661130973
8.523485040753885 3.783196504058211 0 -3.783196504058211 8.523485040753885
8.125 3.828807813794326 0 -3.828807813794326 8.125
8.087974043277823 3.619073175512718 0 -3.619073175512718 8.087974043277823
9.10003725339552 3.801714338569463 0 -3.801714338569463 9.10003725339552
8.780704842820892 3.449601213227125 0 -3.449601213227125 8.780704842820892
8.863445996284103 3.2830773115906 0 -3.2830773115906 8.863445996284103
8.398485040753885 3.612004317852537 0 -3.612004317852537 8.398485040753885
8.485205401702412 3.420769997327814 0 -3.420769997327814 8.485205401702412
9.460753531528994 3.238536995616775 0 -3.238536995616775 9.460753531528994
9.429835278491641 3.392925558051333 0 -3.392925558051333 9.429835278491641
9.567847716369865 3.370511030735815 0 -3.370511030735815 9.567847716369865
6.562857142857142 3.182448979591836 0 -3.182448979591836 6.562857142857142
6.648571428571428 3.082448979591836 0 -3.082448979591836 6.648571428571428
8.92427762037709 3.813489120513648 0 -3.813489120513648 8.92427762037709
8.375 3.828807813794326 0 -3.828807813794326 8.375
7.099999999999995 3.412244897959179 0 -3.412244897959179 7.099999999999995
6.899999999999995 3.312244897959179 0 -3.312244897959179 6.899999999999995
8.031426424230201 3.428292196977483 0 -3.428292196977483 8.031426424230201
9.513668698989324 3.108061234150628 0 -3.108061234150628 9.513668698989324
9.656525841846467 3.108061234150628 0 -3.108061234150628 9.656525841846467
7.133294063981273 3.219894236357458 0 -3.219894236357458 7.133294063981273
9.895736251224999 3.315803931783146 0 -3.315803931783146 9.895736251224999
9.895736251224999 3.440803931783146 0 -3.440803931783146 9.895736251224999
9.232799118253954 3.130475761466146 0 -3.130475761466146 9.232799118253954
9.375656261111098 3.130475761466146 0 -3.130475761466146 9.375656261111098
8.068452380952378 3.13802683525909 0 -3.13802683525909 8.068452380952378
8.211309523809522 3.13802683525909 0 -3.13802683525909 8.211309523809522
7.784391878714557 3.127243359807967 0 -3.127243359807967 7.784391878714557
7.927249021571699 3.127243359807967 0 -3.127243359807967 7.927249021571699
8.935590202411728 3.146965218877122 0 -3.146965218877122 8.935590202411728
9.07844734526887 3.146965218877122 0 -3.146965218877122 9.07844734526887
8.354577503805672 3.137573493269604 0 -3.137573493269604 8.354577503805672
8.497434646662814 3.137573493269604 0 -3.137573493269604 8.497434646662814
7.495041748477819 3.126001794032216 0 -3.126001794032216 7.495041748477819
7.637898891334962 3.126001794032216 0 -3.126001794032216 7.637898891334962
9.767595275757149 3.084773033186755 0 -3.084773033186755 9.767595275757149
9.910452418614293 3.084773033186755 0 -3.084773033186755 9.910452418614293
8.642141508158089 3.136112092713478 0 -3.136112092713478 8.642141508158089
8.784998651015233 3.136112092713478 0 -3.136112092713478 8.784998651015233
7.204722635409849 3.107649338398279 0 -3.107649338398279 7.204722635409849
7.347579778266992 3.107649338398279 0 -3.107649338398279 7.347579778266992
9.904261353848023 3.59364351354174 0 -3.59364351354174 9.904261353848023
9.904261353848023 3.71864351354174 0 -3.71864351354174 9.904261353848023
9.910452418614293 3.209773033186755 0 -3.209773033186755 9.910452418614293
8.629912263197689 3.419308596771689 0 -3.419308596771689 8.629912263197689
7.995701402524077 3.265270195067057 0 -3.265270195067057 7.995701402524077
7.708005055763804 3.253245153840183 0 -3.253245153840183 7.708005055763804
9.799997605073022 3.534447445324886 0 -3.534447445324886 9.799997605073022
8.568147583392332 3.273685585983081 0 -3.273685585983081 8.568147583392332
6.928571428571423 3.112244897959179 0 -3.112244897959179 6.928571428571423
7.071428571428567 3.112244897959179 0 -3.112244897959179 7.071428571428567
9.709835403317904 3.192834267337383 0 -3.192834267337383 9.709835403317904
6.791428571428571 3.082448979591836 0 -3.082448979591836 6.791428571428571
7.890223064849522 3.417508721526359 0 -3.417508721526359 7.890223064849522
9.806188669839292 3.275576964969901 0 -3.275576964969901 9.806188669839292
9.695119235928608 3.298865165933774 0 -3.298865165933774 9.695119235928608
6.862857142857138 3.194693877551015 0 -3.194693877551015 6.862857142857138
9.664200982891256 3.453253728368333 0 -3.453253728368333 9.664200982891256
7.784391878714567 3.374757521256939 0 -3.374757521256939 7.784391878714567
6.762857142857142 3.282448979591836 0 -3.282448979591836 6.762857142857142
9.904261353848023 3.84364351354174 0 -3.84364351354174 9.904261353848023
2 6 1 297
1808
1809
1810
1811
1812
1813
1814
1815
1816
1817
1818
1819
1820
1821
1822
1823
1824
1825
1826
1827
1828
1829
1830
1831
1832
1833
1834
1835
1836
1837
1838
1839
1840
1841
1842
1843
1844
1845
1846
1847
1848
1849
1850
1851
1852
1853
1854
1855
1856
1857
1858
1859
1860
1861
1862
1863
1864
1865
1866
1867
1868
1869
1870
1871
1872
1873
1874
1875
1876
1877
1878
1879
1880
1881
1882
1883
1884
1885
1886
1887
1888
1889
1890
1891
1892
1893
1894
1895
1896
1897
1898
1899
1900
1901
1902
1903
1904
1905
1906
1907
1908
1909
1910
1911
1912
1913
1914
1915
1916
1917
1918
1919
1920
1921
1922
1923
1924
1925
1926
1927
1928
1929
1930
1931
1932
1933
1934
1935
1936
1937
1938
1939
1940
1941
1942
1943
1944
1945
1946
1947
1948
1949
1950
1951
1952
1953
1954
1955
1956
1957
1958
1959
1960
1961
1962
1963
1964
1965
1966
1967
1968
1969
1970
1971
1972
1973
1974
1975
1976
1977
1978
1979
1980
1981
1982
1983
1984
1985
1986
1987
1988
1989
1990
1991
1992
1993
1994
1995
1996
1997
1998
1999
2000
2001
2002
2003
2004
2005
2006
2007
2008
2009
2010
2011
2012
2013
2014
2015
2016
2017
2018
2019
2020
2021
2022
2023
2024
2025
2026
2027
2028
2029
2030
2031
2032
2033
2034
2035
2036
2037
2038
2039
2040
2041
2042
2043
2044
2045
2046
2047
2048
2049
2050
2051
2052
2053
2054
2055
2056
2057
2058
2059
2060
2061
2062
2063
2064
2065
2066
2067
2068
2069
2070
2071
2072
2073
2074
2075
2076
2077
2078
2079
2080
2081
2082
2083
2084
2085
2086
2087
2088
2089
2090
2091
2092
2093
2094
2095
2096
2097
2098
2099
2100
2101
2102
2103
2104
0.469124372435338 3.736676385003511 0 -3.736676385003511 0.469124372435338
5.84018079652221 3.267734947942574 0 -3.267734947942574 5.84018079652221
5.210526315794271 3.273481706456481 0 -3.273481706456481 5.210526315794271
1.124930437370466 3.252757160707957 0 -3.252757160707957 1.124930437370466
4.578947368426436 3.273481706458623 0 -3.273481706458623 4.578947368426436
1.75412384962797 3.25656415775487 0 -3.25656415775487 1.75412384962797
3.909040901784597 3.265222150552787 0 -3.265222150552787 3.909040901784597
2.413714071828999 3.234191340865949 0 -3.234191340865949 2.413714071828999
3.266449590289441 3.234888912319982 0 -3.234888912319982 3.266449590289441
2.836585598870215 3.711723451608404 0 -3.711723451608404 2.836585598870215
0.212977987959217 3.373650911443799 0 -3.373650911443799 0.212977987959217
6.153348811379676 3.731297417836263 0 -3.731297417836263 6.153348811379676
5.506265664166129 3.726782044417039 0 -3.726782044417039 5.506265664166129
4.853801169599945 3.729878587113291 0 -3.729878587113291 4.853801169599945
1.481956803854081 3.73482603074271 0 -3.73482603074271 1.481956803854081
4.180391580703493 3.736317638785103 0 -3.736317638785103 4.180391580703493
2.166666666675685 3.711324865403986 0 -3.711324865403986 2.166666666675685
3.500000000014569 3.711324865404061 0 -3.711324865404061 3.500000000014569
0.8172265354647603 3.728357756977481 0 -3.728357756977481 0.8172265354647603
0.6599291331363978 3.48765286906446 0 -3.48765286906446 0.6599291331363978
1.151337520732106 3.74389588999363 0 -3.74389588999363 1.151337520732106
3.832844811106324 3.725631017395 0 -3.725631017395 3.832844811106324
3.167576429869504 3.729043482830332 0 -3.729043482830332 3.167576429869504
2.994788773049697 3.427539048925955 0 -3.427539048925955 2.994788773049697
2.628370434623148 3.464121724628117 0 -3.464121724628117 2.628370434623148
2.494197304373872 3.734998919960544 0 -3.734998919960544 2.494197304373872
1.815444135651234 3.739762071626316 0 -3.739762071626316 1.815444135651234
5.185742133117622 3.736704657371267 0 -3.736704657371267 5.185742133117622
4.532014581197181 3.735346131114338 0 -3.735346131114338 4.532014581197181
5.834806478423067 3.740700295073598 0 -3.740700295073598 5.834806478423067
6.491951474690278 3.645811180848187 0 -3.645811180848187 6.491951474690278
5.52623229706815 3.267983702087999 0 -3.267983702087999 5.52623229706815
4.238964205703754 3.255294496075768 0 -3.255294496075768 4.238964205703754
4.89473684211108 3.273481706457068 0 -3.273481706457068 4.89473684211108
2.100848252281137 3.255824948139867 0 -3.255824948139867 2.100848252281137
1.438005028946304 3.249447507323405 0 -3.249447507323405 1.438005028946304
3.573108623662447 3.257727968626523 0 -3.257727968626523 3.573108623662447
0.2165063509461097 3.625 0 -3.625 0.2165063509461097
0.4614463946773422 3.2470247837222 0 -3.2470247837222 0.4614463946773422
6.833333333330416 3.722222222222088 0 -3.722222222222088 6.833333333330416
0.8253588779057028 3.243725829726643 0 -3.243725829726643 0.8253588779057028
5.989387246846443 3.493791370008144 0 -3.493791370008144 5.989387246846443
6.09730924429838 3.285736988765937 0 -3.285736988765937 6.09730924429838
5.677548922610359 3.496782748882105 0 -3.496782748882105 5.677548922610359
0.9844509599495803 3.495450401738701 0 -3.495450401738701 0.9844509599495803
5.368421052636159 3.48370413376328 0 -3.48370413376328 5.368421052636159
5.048639848195676 3.485489840014707 0 -3.485489840014707 5.048639848195676
1.293271353213002 3.49123796867033 0 -3.49123796867033 1.293271353213002
0.4066723143469385 3.496939280534078 0 -3.496939280534078 0.4066723143469385
4.736842105269747 3.474565630475398 0 -3.474565630475398 4.736842105269747
4.37759806404098 3.499458965340032 0 -3.499458965340032 4.37759806404098
1.630204746593804 3.498868074702209 0 -3.498868074702209 1.630204746593804
1.986904283929964 3.512681652521782 0 -3.512681652521782 1.986904283929964
4.007739398196575 3.516284165227449 0 -3.516284165227449 4.007739398196575
2.320765587751173 3.509230340536734 0 -3.509230340536734 2.320765587751173
3.673212491685222 3.516725225295296 0 -3.516725225295296 3.673212491685222
3.344178568051554 3.507566255299589 0 -3.507566255299589 3.344178568051554
6.235136161923039 3.470136315602352 0 -3.470136315602352 6.235136161923039
2.989089777935621 3.169180959068714 0 -3.169180959068714 2.989089777935621
2.732397351680682 3.215838845581456 0 -3.215838845581456 2.732397351680682
0.2037928113432338 3.822335277000703 0 -3.822335277000703 0.2037928113432338
0.1980427712643311 3.1741351390332 0 -3.1741351390332 0.1980427712643311
7.633333333332639 3.9 0 -3.9 7.633333333332639
7.466666666665279 3.9 0 -3.9 7.466666666665279
6.445975737345139 3.422905590424094 0 -3.422905590424094 6.445975737345139
6.31756808096152 3.335068157801176 0 -3.335068157801176 6.31756808096152
6.363543818306659 3.55797374822527 0 -3.55797374822527 6.363543818306659
4.308281134872367 3.3773767307079 0 -3.3773767307079 4.308281134872367
4.123351801950164 3.385789330651609 0 -3.385789330651609 4.123351801950164
4.192668731118777 3.50787156528374 0 -3.50787156528374 4.192668731118777
1.692164298110887 3.377716116228539 0 -3.377716116228539 1.692164298110887
1.808554515261884 3.505774863611996 0 -3.505774863611996 1.808554515261884
1.870514066778967 3.384622905138326 0 -3.384622905138326 1.870514066778967
4.278994822372236 3.617888302062568 0 -3.617888302062568 4.278994822372236
4.094065489450034 3.626300902006276 0 -3.626300902006276 4.094065489450034
7.266666666665278 3.8 0 -3.8 7.266666666665278
7.099999999998005 3.8 0 -3.8 7.099999999998005
6.64597573734514 3.522905590424093 0 -3.522905590424093 6.64597573734514
1.722824441122519 3.619315073164262 0 -3.619315073164262 1.722824441122519
1.901174209790599 3.626221862074049 0 -3.626221862074049 1.901174209790599
0.3428153616907239 3.680838192501755 0 -3.680838192501755 0.3428153616907239
0.2101495811446717 3.723667638500352 0 -3.723667638500352 0.2101495811446717
0.336458591889286 3.779505831002107 0 -3.779505831002107 0.336458591889286
2.991939275492659 3.298360003997335 0 -3.298360003997335 2.991939275492659
2.860743564808152 3.192509902325085 0 -3.192509902325085 2.860743564808152
2.863593062365189 3.321688947253706 0 -3.321688947253706 2.863593062365189
2.811579603836422 3.445830386777036 0 -3.445830386777036 2.811579603836422
2.680383893151915 3.339980285104786 0 -3.339980285104786 2.680383893151915
6.04865462214919 3.142868494382968 0 -3.142868494382968 6.04865462214919
6.24865462214919 3.242868494382968 0 -3.242868494382968 6.24865462214919
3.623160557673834 3.387226596960909 0 -3.387226596960909 3.623160557673834
3.458643595857001 3.382647111963056 0 -3.382647111963056 3.458643595857001
3.508695529868388 3.512145740297442 0 -3.512145740297442 3.508695529868388
0.5465126710237672 3.1235123918611 0 -3.1235123918611 0.5465126710237672
0.6434026362915225 3.245375306724421 0 -3.245375306724421 0.6434026362915225
0.7284689126379476 3.121862914863321 0 -3.121862914863321 0.7284689126379476
3.419779106975944 3.246308440473253 0 -3.246308440473253 3.419779106975944
3.305314079170497 3.371227583809786 0 -3.371227583809786 3.305314079170497
1.054690698660023 3.374103781223329 0 -3.374103781223329 1.054690698660023
1.138861156581291 3.493344185204515 0 -3.493344185204515 1.138861156581291
1.209100895291734 3.371997564689143 0 -3.371997564689143 1.209100895291734
7.016666666665208 3.661111111111044 0 -3.661111111111044 7.016666666665208
6.916666666663213 3.861111111111044 0 -3.861111111111044 6.916666666663213
0.4012288528850296 3.868338192501755 0 -3.868338192501755 0.4012288528850296
0.2685630723389775 3.911167638500351 0 -3.911167638500351 0.2685630723389775
1.407645068596482 3.867413015371355 0 -3.867413015371355 1.407645068596482
1.316647162293093 3.73936096036817 0 -3.73936096036817 1.316647162293093
1.242335427035494 3.871947944996815 0 -3.871947944996815 1.242335427035494
0.1018964056716169 3.911167638500351 0 -3.911167638500351 0.1018964056716169
1.067894240340843 3.619673145866166 0 -3.619673145866166 1.067894240340843
1.222304436972554 3.61756692933198 0 -3.61756692933198 1.222304436972554
2.043876268105551 3.384253300330824 0 -3.384253300330824 2.043876268105551
2.153834935840568 3.510955996529258 0 -3.510955996529258 2.153834935840568
2.210806920016155 3.382527644338301 0 -3.382527644338301 2.210806920016155
0.3372121913182796 3.310337847582999 0 -3.310337847582999 0.3372121913182796
0.3297445829708366 3.2105799613777 0 -3.2105799613777 0.3297445829708366
0.205510379611774 3.273893025238499 0 -3.273893025238499 0.205510379611774
2.250000000009365 3.855662432701993 0 -3.855662432701993 2.250000000009365
2.413765318858458 3.867499459980272 0 -3.867499459980272 2.413765318858458
2.330431985524778 3.723161892682265 0 -3.723161892682265 2.330431985524778
3.958390149990586 3.390753157890118 0 -3.390753157890118 3.958390149990586
3.79112669673491 3.390973687924041 0 -3.390973687924041 3.79112669673491
3.840475944940899 3.516504695261372 0 -3.516504695261372 3.840475944940899
0.5678955195523898 3.868338192501755 0 -3.868338192501755 0.5678955195523898
2.257281162055068 3.245008144502908 0 -3.245008144502908 2.257281162055068
2.367239829790086 3.371710840701342 0 -3.371710840701342 2.367239829790086
3.741074762723522 3.261475059589655 0 -3.261475059589655 3.741074762723522
0.741946601067101 3.86417887848874 0 -3.86417887848874 0.741946601067101
0.6431754539500492 3.732517070990496 0 -3.732517070990496 0.6431754539500492
0.56068776390687 3.36733882639333 0 -3.36733882639333 0.56068776390687
0.7426440055210504 3.365689349395551 0 -3.365689349395551 0.7426440055210504
2.580431985525819 3.867499459980272 0 -3.867499459980272 2.580431985525819
3.00208101436986 3.720383467219368 0 -3.720383467219368 3.00208101436986
3.0811826014596 3.578291265878144 0 -3.578291265878144 3.0811826014596
2.915687185959956 3.56963125026718 0 -3.56963125026718 2.915687185959956
0.7385778343005791 3.60800531302097 0 -3.60800531302097 0.7385778343005791
0.5645267527858679 3.612164627033986 0 -3.612164627033986 0.5645267527858679
1.075668760368134 3.871947944996815 0 -3.871947944996815 1.075668760368134
0.9086132677344612 3.86417887848874 0 -3.86417887848874 0.9086132677344612
0.984282028098433 3.736126823485556 0 -3.736126823485556 0.984282028098433
4.090195790359984 3.868158819392551 0 -3.868158819392551 4.090195790359984
4.006618195904908 3.730974328090051 0 -3.730974328090051 4.006618195904908
3.9164224055614 3.8628155086975 0 -3.8628155086975 3.9164224055614
2.918292799441351 3.855861725804202 0 -3.855861725804202 2.918292799441351
3.083788214940996 3.864521741415166 0 -3.864521741415166 3.083788214940996
2.083333333342004 3.855662432701993 0 -3.855662432701993 2.083333333342004
1.991055401163459 3.725543468515151 0 -3.725543468515151 1.991055401163459
1.907722067829779 3.869881035813158 0 -3.869881035813158 1.907722067829779
4.926900584804828 3.864939293556645 0 -3.864939293556645 4.926900584804828
5.092871066563667 3.868352328685634 0 -3.868352328685634 5.092871066563667
5.019771651358784 3.733291622242279 0 -3.733291622242279 5.019771651358784
4.760233918139319 3.864939293556645 0 -3.864939293556645 4.760233918139319
4.692907875398563 3.732612359113815 0 -3.732612359113815 4.692907875398563
4.599340623937936 3.867673065557169 0 -3.867673065557169 4.599340623937936
2.732478016746681 3.587922588118261 0 -3.587922588118261 2.732478016746681
3.583333333348248 3.85566243270203 0 -3.85566243270203 3.583333333348248
3.749755738894126 3.8628155086975 0 -3.8628155086975 3.749755738894126
3.666422405560446 3.71847794139953 0 -3.71847794139953 3.666422405560446
3.416666666680888 3.85566243270203 0 -3.85566243270203 3.416666666680888
3.333788214942037 3.720184174117196 0 -3.720184174117196 3.333788214942037
3.250454881608356 3.864521741415166 0 -3.864521741415166 3.250454881608356
1.574311735263842 3.867413015371355 0 -3.867413015371355 1.574311735263842
1.741055401162419 3.869881035813158 0 -3.869881035813158 1.741055401162419
1.648700469752657 3.737294051184513 0 -3.737294051184513 1.648700469752657
5.419799498753432 3.863391022208519 0 -3.863391022208519 5.419799498753432
5.346003898641875 3.731743350894153 0 -3.731743350894153 5.346003898641875
5.259537733229179 3.868352328685634 0 -3.868352328685634 5.259537733229179
4.256862457025582 3.868158819392551 0 -3.868158819392551 4.256862457025582
4.432673957272426 3.867673065557169 0 -3.867673065557169 4.432673957272426
4.356203080950337 3.735831884949721 0 -3.735831884949721 4.356203080950337
2.75162613277399 3.855861725804202 0 -3.855861725804202 2.75162613277399
2.665391451622043 3.723361185784474 0 -3.723361185784474 2.665391451622043
5.586466165418942 3.863391022208519 0 -3.863391022208519 5.586466165418942
2.521042253226073 3.349156532747033 0 -3.349156532747033 2.521042253226073
2.47456801118716 3.486676032582426 0 -3.486676032582426 2.47456801118716
5.750736572547411 3.870350147536799 0 -3.870350147536799 5.750736572547411
5.670536071294598 3.733741169745318 0 -3.733741169745318 5.670536071294598
6.076674405691226 3.865648708918132 0 -3.865648708918132 6.076674405691226
5.994077644901371 3.73599885645493 0 -3.73599885645493 5.994077644901371
5.917403239212922 3.870350147536799 0 -3.870350147536799 5.917403239212922
3.130619181669569 3.331213980622969 0 -3.331213980622969 3.130619181669569
3.169483670550625 3.467552652112772 0 -3.467552652112772 3.169483670550625
2.56128386949851 3.59956032229433 0 -3.59956032229433 2.56128386949851
6.243341072356736 3.865648708918132 0 -3.865648708918132 6.243341072356736
4.074002553744176 3.260258323314277 0 -3.260258323314277 4.074002553744176
5.447326674851754 3.133991851044 0 -3.133991851044 5.447326674851754
5.605221411693864 3.133991851044 0 -3.133991851044 5.605221411693864
4.172113681801273 3.127647248037884 0 -3.127647248037884 4.172113681801273
4.33000841864382 3.127647248037884 0 -3.127647248037884 4.33000841864382
4.500000000005162 3.136740853229312 0 -3.136740853229312 4.500000000005162
4.657894736847709 3.136740853229312 0 -3.136740853229312 4.657894736847709
4.815789473690032 3.136740853228534 0 -3.136740853228534 4.815789473690032
4.973684210532133 3.136740853228534 0 -3.136740853228534 4.973684210532133
3.849257292999954 3.132611075276393 0 -3.132611075276393 3.849257292999954
4.007152029841694 3.132611075276393 0 -3.132611075276393 4.007152029841694
5.131578947373727 3.136740853228241 0 -3.136740853228241 5.131578947373727
5.289473684214816 3.136740853228241 0 -3.136740853228241 5.289473684214816
2.312120193812335 3.117095670432974 0 -3.117095670432974 2.312120193812335
2.470014930654883 3.117095670432974 0 -3.117095670432974 2.470014930654883
1.036149429212877 3.126378580353978 0 -3.126378580353978 1.036149429212877
1.194044166055425 3.126378580353978 0 -3.126378580353978 1.194044166055425
1.666535609026725 3.128282078877435 0 -3.128282078877435 1.666535609026725
1.824430345869273 3.128282078877435 0 -3.128282078877435 1.824430345869273
1.997792547195856 3.127912474069933 0 -3.127912474069933 1.997792547195856
2.155687284038404 3.127912474069933 0 -3.127912474069933 2.155687284038404
1.350581461843344 3.124723753661703 0 -3.124723753661703 1.350581461843344
1.508476198685892 3.124723753661703 0 -3.124723753661703 1.508476198685892
5.762195661420894 3.133867473971287 0 -3.133867473971287 5.762195661420894
5.920090398261105 3.133867473971287 0 -3.133867473971287 5.920090398261105
3.523396417097499 3.128863984313261 0 -3.128863984313261 3.523396417097499
3.681291153938878 3.128863984313261 0 -3.128863984313261 3.681291153938878
3.212172163569615 3.117444456159991 0 -3.117444456159991 3.212172163569615
3.370066900410996 3.117444456159991 0 -3.117444456159991 3.370066900410996
0.09902138563216553 3.0870675695166 0 -3.0870675695166 0.09902138563216553
0.2569161224747136 3.0870675695166 0 -3.0870675695166 0.2569161224747136
1.927486050954553 3.256194552947368 0 -3.256194552947368 1.927486050954553
5.68320654679518 3.267859325015287 0 -3.267859325015287 5.68320654679518
5.36837930643121 3.27073270427224 0 -3.27073270427224 5.36837930643121
4.408955787065095 3.264388101267196 0 -3.264388101267196 4.408955787065095
4.736842105268758 3.273481706457845 0 -3.273481706457845 4.736842105268758
5.052631578952676 3.273481706456774 0 -3.273481706456774 5.052631578952676
1.596064439287137 3.253005832539138 0 -3.253005832539138 1.596064439287137
1.281467733158385 3.251102334015681 0 -3.251102334015681 1.281467733158385
3.127769684112531 3.202034935694348 0 -3.202034935694348 3.127769684112531
2.407481446062522 3.622114630248639 0 -3.622114630248639 2.407481446062522
4.45480632261908 3.617402548227185 0 -3.617402548227185 4.45480632261908
1.556080775223943 3.616847052722459 0 -3.616847052722459 1.556080775223943
2.57305571175484 3.225015093223703 0 -3.225015093223703 2.57305571175484
3.255877498960529 3.618304869064961 0 -3.618304869064961 3.255877498960529
6.579309070677548 3.822905590424094 0 -3.822905590424094 6.579309070677548
6.412642404012037 3.822905590424094 0 -3.822905590424094 6.412642404012037
6.322650143034977 3.688554299342225 0 -3.688554299342225 6.322650143034977
0.1082531754730549 3.6875 0 -3.6875 0.1082531754730549
0.1082531754730549 3.5625 0 -3.5625 0.1082531754730549
4.795321637434846 3.602222108794344 0 -3.602222108794344 4.795321637434846
4.634428343233465 3.604955880794868 0 -3.604955880794868 4.634428343233465
0.1064889939796085 3.436825455721899 0 -3.436825455721899 0.1064889939796085
0.1064889939796085 3.311825455721899 0 -3.311825455721899 0.1064889939796085
0.8863636494804952 3.121862914863321 0 -3.121862914863321 0.8863636494804952
0.3886179341812191 3.1235123918611 0 -3.1235123918611 0.3886179341812191
1.365638191079654 3.370342737996868 0 -3.370342737996868 1.365638191079654
6.816666666665208 3.561111111111044 0 -3.561111111111044 6.816666666665208
3.073492257392706 3.084590479534357 0 -3.084590479534357 3.073492257392706
2.629356570580724 3.107919422790728 0 -3.107919422790728 2.629356570580724
5.117190990656649 3.611097248692987 0 -3.611097248692987 5.117190990656649
4.95122050889781 3.607684213563999 0 -3.607684213563999 4.95122050889781
6.662642404010347 3.684016701535138 0 -3.684016701535138 6.662642404010347
4.557220084655363 3.487012297907714 0 -3.487012297907714 4.557220084655363
0.9008387477071703 3.611904079358091 0 -3.611904079358091 0.9008387477071703
6.749999999997616 3.861111111111044 0 -3.861111111111044 6.749999999997616
0.2147421694526633 3.4993254557219 0 -3.4993254557219 0.2147421694526633
1.387614078533542 3.61303199970652 0 -3.61303199970652 1.387614078533542
5.437343358401144 3.605243089090159 0 -3.605243089090159 5.437343358401144
5.277081592876891 3.610204395567274 0 -3.610204395567274 5.277081592876891
4.892740976732711 3.480027735245052 0 -3.480027735245052 4.892740976732711
5.756177700516713 3.618741521977852 0 -3.618741521977852 5.756177700516713
5.591907293388244 3.611782396649572 0 -3.611782396649572 5.591907293388244
0.822190046542989 3.491551635401581 0 -3.491551635401581 0.822190046542989
5.208530450415918 3.484596986888993 0 -3.484596986888993 5.208530450415918
0.5333007237416681 3.49229607479927 0 -3.49229607479927 0.5333007237416681
0.4378983433911383 3.616807832768794 0 -3.616807832768794 0.4378983433911383
0.3098251511530777 3.435295095988939 0 -3.435295095988939 0.3098251511530777
0.4340593545121404 3.371982032128139 0 -3.371982032128139 0.4340593545121404
2.243716127213429 3.61027760297036 0 -3.61027760297036 2.243716127213429
6.071368029113059 3.612544393922204 0 -3.612544393922204 6.071368029113059
5.912096862634755 3.617245832540871 0 -3.617245832540871 5.912096862634755
0.9751446576380846 3.2482414952173 0 -3.2482414952173 0.9751446576380846
2.076785475302825 3.612003258962884 0 -3.612003258962884 2.076785475302825
3.92029210465145 3.620957591311225 0 -3.620957591311225 3.92029210465145
5.522984987623259 3.490243441322693 0 -3.490243441322693 5.522984987623259
3.586606245849896 3.614025045349678 0 -3.614025045349678 3.586606245849896
3.422089284033062 3.609445560351825 0 -3.609445560351825 3.422089284033062
3.753028651395773 3.621178121345148 0 -3.621178121345148 3.753028651395773
5.601890609839255 3.382383225485052 0 -3.382383225485052 5.601890609839255
5.758864859566285 3.38225884841234 0 -3.38225884841234 5.758864859566285
5.914784021684326 3.380763158975359 0 -3.380763158975359 5.914784021684326
5.833468084728401 3.495287059445125 0 -3.495287059445125 5.833468084728401
5.289473684215215 3.37859292010988 0 -3.37859292010988 5.289473684215215
5.447326674852155 3.37584391792564 0 -3.37584391792564 5.447326674852155
0.09902138563216553 3.2120675695166 0 -3.2120675695166 0.09902138563216553
0.3115893326465241 3.560969640267039 0 -3.560969640267039 0.3115893326465241
6.194242486651357 3.600716866719308 0 -3.600716866719308 6.194242486651357
4.971688345153378 3.379485773235888 0 -3.379485773235888 4.971688345153378
5.129583081994974 3.379485773235594 0 -3.379485773235594 5.129583081994974
0.1018964056716169 3.786167638500351 0 -3.786167638500351 0.1018964056716169
5.968745020410295 3.276735968354255 0 -3.276735968354255 5.968745020410295
4.657894736848092 3.37402366846701 0 -3.37402366846701 4.657894736848092
4.815789473690414 3.374023668466233 0 -3.374023668466233 4.815789473690414
2.915597520550742 3.084590479534357 0 -3.084590479534357 2.915597520550742
2.787251307423272 3.107919422790728 0 -3.107919422790728 2.787251307423272
4.478272716233707 3.386470335899327 0 -3.386470335899327 4.478272716233707
1.534104887770054 3.374157791012808 0 -3.374157791012808 1.534104887770054
0.9049049189276416 3.369588115732672 0 -3.369588115732672 0.9049049189276416
6.043348245572411 3.38976417938704 0 -3.38976417938704 6.043348245572411
1.461738049903403 3.495053021686269 0 -3.495053021686269 1.461738049903403
6.112261704384741 3.481963842805248 0 -3.481963842805248 6.112261704384741
6.16622270311071 3.377936652184145 0 -3.377936652184145 6.16622270311071
$EndNodes
$Elements
37 1214 1 1214
0 1 15 1
1 1 
0 2 15 1
2 2 
0 3 15 1
3 3 
0 4 15 1
4 4 
0 5 15 1
5 5 
0 6 15 1
6 6 
0 7 15 1
7 7 
0 8 15 1
8 8 
0 9 15 1
9 9 
0 10 15 1
10 10 
0 11 15 1
11 11 
0 12 15 1
12 12 
0 13 15 1
13 13 
1 1 8 29
14 1 14 42 
15 14 15 43 
16 15 16 44 
17 16 17 45 
18 17 18 46 
19 18 19 47 
20 19 20 48 
21 20 21 49 
22 21 22 50 
23 22 23 51 
24 23 24 52 
25 24 25 53 
26 25 26 54 
27 26 27 55 
28 27 28 56 
29 28 29 57 
30 29 30 58 
31 30 31 59 
32 31 32 60 
33 32 33 61 
34 33 34 62 
35 34 35 63 
36 35 36 64 
37 36 37 65 
38 37 38 66 
39 38 39 67 
40 39 40 68 
41 40 41 69 
42 41 2 70 
1 2 8 4
43 2 71 74 
44 71 72 75 
45 72 73 76 
46 73 5 77 
1 3 8 29
47 5 78 106 
48 78 79 107 
49 79 80 108 
50 80 81 109 
51 81 82 110 
52 82 83 111 
53 83 84 112 
54 84 85 113 
55 85 86 114 
56 86 87 115 
57 87 88 116 
58 88 89 117 
59 89 90 118 
60 90 91 119 
61 91 92 120 
62 92 93 121 
63 93 94 122 
64 94 95 123 
65 95 96 124 
66 96 97 125 
67 97 98 126 
68 98 99 127 
69 99 100 128 
70 100 101 129 
71 101 102 130 
72 102 103 131 
73 103 104 132 
74 104 105 133 
75 105 6 134 
1 4 8 4
76 6 135 138 
77 135 136 139 
78 136 137 140 
79 137 1 141 
1 5 8 4
80 6 142 145 
81 142 143 146 
82 143 144 147 
83 144 9 148 
1 6 8 14
84 9 149 162 
85 149 150 163 
86 150 151 164 
87 151 152 165 
88 152 153 166 
89 153 154 167 
90 154 155 168 
91 155 156 169 
92 156 157 170 
93 157 158 171 
94 158 159 172 
95 159 160 173 
96 160 161 174 
97 161 13 175 
1 7 8 19
98 13 176 194 
99 176 177 195 
100 177 178 196 
101 178 179 197 
102 179 180 198 
103 180 181 199 
104 181 182 200 
105 182 183 201 
106 183 184 202 
107 184 185 203 
108 185 186 204 
109 186 187 205 
110 187 188 206 
111 188 189 207 
112 189 190 208 
113 190 191 209 
114 191 192 210 
115 192 193 211 
116 193 7 212 
1 8 8 4
117 7 213 216 
118 213 214 217 
119 214 215 218 
120 215 5 219 
1 9 8 4
121 7 220 223 
122 220 221 224 
123 221 222 225 
124 222 8 226 
1 10 8 14
125 8 227 240 
126 227 228 241 
127 228 229 242 
128 229 230 243 
129 230 231 244 
130 231 232 245 
131 232 233 246 
132 233 234 247 
133 234 235 248 
134 235 236 249 
135 236 237 250 
136 237 238 251 
137 238 239 252 
138 239 12 253 
1 11 8 19
139 12 254 272 
140 254 255 273 
141 255 256 274 
142 256 257 275 
143 257 258 276 
144 258 259 277 
145 259 260 278 
146 260 261 279 
147 261 262 280 
148 262 263 281 
149 263 264 282 
150 264 265 283 
151 265 266 284 
152 266 267 285 
153 267 268 286 
154 268 269 287 
155 269 270 288 
156 270 271 289 
157 271 10 290 
1 12 8 4
158 10 291 294 
159 291 292 295 
160 292 293 296 
161 293 9 297 
1 13 8 5
162 13 298 302 
163 298 299 303 
164 299 300 304 
165 300 301 305 
166 301 12 306 
1 14 8 4
167 8 307 310 
168 307 308 311 
169 308 309 312 
170 309 3 313 
1 15 8 4
171 3 314 317 
172 314 315 318 
173 315 316 319 
174 316 11 320 
1 16 8 24
175 11 321 344 
176 321 322 345 
177 322 323 346 
178 323 324 347 
179 324 325 348 
180 325 326 349 
181 326 327 350 
182 327 328 351 
183 328 329 352 
184 329 330 353 
185 330 331 354 
186 331 332 355 
187 332 333 356 
188 333 334 357 
189 334 335 358 
190 335 336 359 
191 336 337 360 
192 337 338 361 
193 338 339 362 
194 339 340 363 
195 340 341 364 
196 341 342 365 
197 342 343 366 
198 343 4 367 
1 17 8 4
199 4 368 371 
200 368 369 372 
201 369 370 373 
202 370 10 374 
1 18 8 5
203 12 375 379 
204 375 376 380 
205 376 377 381 
206 377 378 382 
207 378 11 383 
2 1 9 244
208 397 416 470 474 475 476 
209 438 385 471 477 478 479 
210 384 439 473 480 481 482 
211 416 105 470 483 484 475 
212 440 413 444 485 486 487 
213 444 398 472 488 489 490 
214 41 2 471 70 491 492 
215 105 6 470 134 493 484 
216 5 78 472 106 494 495 
217 1 14 473 42 496 497 
218 79 440 444 498 487 499 
219 385 41 471 500 492 478 
220 14 384 473 501 482 496 
221 415 102 442 502 503 504 
222 102 415 441 502 505 506 
223 40 385 412 507 508 509 
224 17 386 414 510 511 512 
225 40 41 385 69 500 507 
226 14 15 384 43 513 501 
227 414 386 415 511 514 515 
228 412 385 413 508 516 517 
229 104 105 416 133 483 518 
230 384 15 411 513 519 520 
231 16 17 414 45 512 521 
232 39 40 412 68 509 522 
233 402 38 417 523 524 525 
234 103 104 399 132 526 527 
235 39 412 417 522 528 529 
236 399 104 416 526 518 530 
237 411 16 414 531 521 532 
238 38 39 417 67 529 524 
239 98 404 419 533 534 535 
240 404 99 418 536 537 538 
241 25 26 396 54 539 540 
242 96 406 426 541 542 543 
243 403 36 422 544 545 546 
244 29 408 421 547 548 549 
245 406 97 419 550 551 552 
246 407 32 423 553 554 555 
247 100 401 418 556 557 558 
248 405 34 424 559 560 561 
249 31 407 425 562 563 564 
250 396 26 420 539 565 566 
251 27 409 420 567 568 569 
252 96 97 406 125 550 541 
253 98 99 404 127 536 533 
254 100 101 401 129 570 556 
255 409 28 421 571 572 573 
256 26 27 420 55 569 565 
257 37 402 422 574 575 576 
258 408 30 425 577 578 579 
259 33 405 423 580 581 582 
260 35 403 424 583 584 585 
261 99 100 418 128 558 537 
262 97 98 419 126 535 551 
263 27 28 409 56 571 567 
264 29 30 408 58 577 547 
265 31 32 407 60 553 562 
266 37 38 402 66 523 574 
267 35 36 403 64 544 583 
268 25 396 428 540 586 587 
269 33 34 405 62 559 580 
270 95 96 426 124 543 588 
271 410 95 426 589 588 590 
272 36 37 422 65 576 545 
273 28 29 421 57 549 572 
274 32 33 423 61 582 554 
275 34 35 424 63 585 560 
276 30 31 425 59 564 578 
277 94 95 410 123 589 591 
278 93 94 427 122 592 593 
279 94 410 427 591 594 592 
280 92 93 400 121 595 596 
281 91 92 429 120 597 598 
282 400 93 427 595 593 599 
283 83 84 430 112 600 601 
284 84 85 392 113 602 603 
285 86 87 393 115 604 605 
286 82 83 391 111 606 607 
287 80 81 390 109 608 609 
288 88 89 394 117 610 611 
289 90 91 395 119 612 613 
290 85 86 431 114 614 615 
291 87 88 433 116 616 617 
292 89 90 432 118 618 619 
293 81 82 434 110 620 621 
294 92 400 429 596 622 597 
295 395 91 429 612 598 623 
296 391 83 430 606 601 624 
297 19 20 387 48 625 626 
298 21 22 388 50 627 628 
299 18 19 435 47 629 630 
300 23 24 389 52 631 632 
301 17 18 386 46 633 510 
302 86 393 431 605 634 614 
303 20 21 437 49 635 636 
304 22 23 436 51 637 638 
305 90 395 432 613 639 618 
306 84 392 430 603 640 600 
307 88 394 433 611 641 616 
308 393 87 433 604 617 642 
309 392 85 431 602 615 643 
310 82 391 434 607 644 620 
311 394 89 432 610 619 645 
312 390 81 434 608 621 646 
313 24 25 428 53 587 647 
314 19 387 435 626 648 629 
315 388 22 436 627 638 649 
316 386 18 435 633 630 650 
317 21 388 437 628 651 635 
318 387 20 437 625 636 652 
319 23 389 436 632 653 637 
320 389 24 428 631 647 654 
321 15 16 411 44 531 519 
322 414 415 449 515 655 656 
323 79 80 440 108 657 498 
324 415 386 469 514 658 659 
325 136 137 439 140 660 661 
326 71 72 438 75 662 663 
327 102 103 442 131 664 503 
328 412 413 446 517 665 666 
329 398 444 445 488 667 668 
330 101 102 441 130 506 669 
331 72 73 398 76 670 671 
332 135 136 397 139 672 673 
333 415 442 449 504 674 655 
334 416 397 447 474 675 676 
335 78 444 472 677 490 494 
336 385 438 445 477 678 679 
337 413 440 446 485 680 665 
338 397 136 439 672 661 681 
339 72 398 438 671 682 662 
340 441 415 469 505 659 683 
341 384 411 443 520 684 685 
342 80 390 440 609 686 657 
343 103 399 442 527 687 664 
344 399 416 443 530 688 689 
345 413 385 445 516 679 690 
346 401 101 441 570 669 691 
347 438 398 445 682 668 678 
348 439 384 447 480 692 693 
349 402 417 448 525 694 695 
350 78 79 444 107 499 677 
351 417 412 446 528 666 696 
352 448 434 452 697 698 699 
353 411 414 449 532 656 700 
354 402 448 452 695 699 701 
355 417 446 448 696 702 694 
356 399 443 449 689 703 704 
357 390 434 448 646 697 705 
358 446 390 448 706 705 702 
359 443 411 449 684 700 703 
360 450 401 469 707 708 709 
361 427 467 468 710 711 712 
362 467 396 468 713 714 711 
363 396 420 468 566 715 714 
364 426 406 459 542 716 717 
365 419 404 453 534 718 719 
366 410 426 462 590 720 721 
367 406 419 456 552 722 723 
368 427 410 467 594 724 710 
369 404 418 451 538 725 726 
370 420 409 466 568 727 728 
371 421 408 464 548 729 730 
372 409 421 465 573 731 732 
373 425 407 461 563 733 734 
374 418 401 450 557 707 735 
375 408 425 463 579 736 737 
376 407 423 460 555 738 739 
377 420 466 468 728 740 715 
378 405 424 457 561 741 742 
379 423 405 458 581 743 744 
380 409 465 466 732 745 727 
381 421 464 465 730 746 731 
382 403 422 454 546 747 748 
383 406 456 459 723 749 716 
384 410 462 467 721 750 724 
385 426 459 462 717 751 720 
386 424 403 455 584 752 753 
387 408 463 464 737 754 729 
388 419 453 456 719 755 722 
389 425 461 463 734 756 736 
390 422 402 452 575 701 757 
391 407 460 461 739 758 733 
392 423 458 460 744 759 738 
393 404 451 453 726 760 718 
394 405 457 458 742 761 743 
395 418 450 451 735 762 725 
396 424 455 457 753 763 741 
397 403 454 455 748 764 752 
398 422 452 454 757 765 747 
399 435 387 450 648 766 767 
400 387 437 451 652 768 769 
401 434 391 452 644 770 698 
402 450 387 451 766 769 762 
403 452 391 454 770 771 765 
404 391 430 454 624 772 771 
405 430 392 455 640 773 774 
406 454 430 455 772 774 764 
407 437 388 453 651 775 776 
408 451 437 453 768 776 760 
409 392 431 457 643 777 778 
410 455 392 457 773 778 763 
411 431 393 458 634 779 780 
412 457 431 458 777 780 761 
413 388 436 456 649 781 782 
414 453 388 456 775 782 755 
415 458 393 460 779 783 759 
416 393 433 460 642 784 783 
417 428 396 467 586 713 785 
418 433 394 461 641 786 787 
419 460 433 461 784 787 758 
420 436 389 459 653 788 789 
421 456 436 459 781 789 749 
422 461 394 463 786 790 756 
423 394 432 463 645 791 790 
424 432 395 464 639 792 793 
425 463 432 464 791 793 754 
426 464 395 465 792 794 746 
427 395 429 465 623 795 794 
428 400 427 468 599 712 796 
429 429 400 466 622 797 798 
430 466 400 468 797 796 740 
431 459 389 462 788 799 751 
432 465 429 466 795 798 745 
433 389 428 462 654 800 799 
434 462 428 467 800 785 750 
435 435 450 469 767 709 801 
436 386 435 469 650 801 658 
437 439 137 473 660 802 481 
438 71 438 471 663 479 803 
439 135 397 470 673 476 804 
440 398 73 472 670 805 489 
441 6 135 470 138 804 493 
442 2 71 471 74 803 491 
443 73 5 472 77 495 805 
444 137 1 473 141 497 802 
445 443 416 447 688 676 806 
446 384 443 447 685 806 692 
447 397 439 447 681 693 675 
448 442 399 449 687 704 674 
449 444 413 445 486 690 667 
450 440 390 446 686 706 680 
451 401 441 469 691 683 708 
2 2 9 258
452 810 848 875 902 903 904 
453 848 846 875 905 906 903 
454 809 845 873 907 908 909 
455 845 843 873 910 911 908 
456 824 841 894 912 913 914 
457 839 818 885 915 916 917 
458 818 839 890 915 918 919 
459 863 871 877 920 921 922 
460 813 866 895 923 924 925 
461 841 105 894 926 927 913 
462 857 888 891 928 929 930 
463 871 828 877 931 932 921 
464 888 831 891 933 934 929 
465 887 817 889 935 936 937 
466 845 811 877 938 939 940 
467 105 6 894 134 941 927 
468 5 78 895 106 942 943 
469 856 893 896 944 945 946 
470 858 890 898 947 948 949 
471 78 813 895 950 925 942 
472 822 856 896 951 946 952 
473 81 833 839 953 954 955 
474 102 829 835 956 957 958 
475 828 98 844 959 960 961 
476 97 828 836 962 963 964 
477 851 887 889 965 937 966 
478 821 858 898 967 949 968 
479 847 846 848 969 905 970 
480 100 825 843 971 972 973 
481 95 826 846 974 975 976 
482 94 846 847 977 969 978 
483 840 841 842 979 980 981 
484 878 840 901 982 983 984 
485 848 822 896 985 952 986 
486 811 863 877 987 922 939 
487 78 79 813 107 988 950 
488 84 832 854 989 990 991 
489 823 868 899 992 993 994 
490 104 105 841 133 926 995 
491 829 840 878 996 982 997 
492 813 79 837 988 998 999 
493 844 843 845 1000 910 1001 
494 840 104 841 1002 995 979 
495 829 103 840 1003 1004 996 
496 825 101 835 1005 1006 1007 
497 99 843 844 1008 1000 1009 
498 826 96 836 1010 1011 1012 
499 92 834 849 1013 1014 1015 
500 827 89 850 1016 1017 1018 
501 832 85 851 1019 1020 1021 
502 88 827 852 1022 1023 1024 
503 813 837 838 999 1025 1026 
504 822 848 886 985 1027 1028 
505 102 103 829 131 1003 956 
506 100 101 825 129 1005 971 
507 99 100 843 128 973 1008 
508 95 96 826 124 1010 974 
509 97 98 828 126 959 962 
510 94 95 846 123 976 977 
511 80 81 839 109 955 1029 
512 889 860 892 1030 1031 1032 
513 837 80 839 1033 1029 1034 
514 834 93 847 1035 1036 1037 
515 853 854 855 1038 1039 1040 
516 103 104 840 132 1002 1004 
517 101 102 835 130 958 1006 
518 98 99 844 127 1009 960 
519 96 97 836 125 964 1011 
520 853 83 854 1041 1042 1038 
521 831 91 849 1043 1044 1045 
522 90 831 850 1046 1047 1048 
523 86 830 851 1049 1050 1051 
524 833 82 853 1052 1053 1054 
525 830 87 852 1055 1056 1057 
526 811 845 880 938 1058 1059 
527 93 94 847 122 978 1036 
528 819 891 893 1060 1061 1062 
529 83 84 854 112 991 1042 
530 92 93 834 121 1035 1013 
531 90 91 831 119 1043 1046 
532 84 85 832 113 1019 989 
533 86 87 830 115 1055 1049 
534 81 82 833 110 1052 953 
535 88 89 827 117 1016 1022 
536 79 80 837 108 1033 998 
537 91 92 849 120 1015 1044 
538 89 90 850 118 1048 1017 
539 85 86 851 114 1051 1020 
540 87 88 852 116 1024 1056 
541 82 83 853 111 1041 1053 
542 855 821 898 1063 968 1064 
543 846 826 875 975 1065 906 
544 844 845 877 1001 940 1066 
545 820 855 892 1067 1068 1069 
546 149 150 816 163 1070 1071 
547 856 819 893 1072 1062 944 
548 860 820 892 1073 1069 1031 
549 193 7 899 212 1074 1075 
550 843 825 873 972 1076 911 
551 176 177 822 195 1077 1078 
552 178 179 819 197 1079 1080 
553 179 180 857 198 1081 1082 
554 189 190 858 208 1083 1084 
555 190 191 818 209 1085 1086 
556 188 189 821 207 1087 1088 
557 183 184 859 202 1089 1090 
558 184 185 817 203 1091 1092 
559 186 187 820 205 1093 1094 
560 182 183 814 201 1095 1096 
561 180 181 815 199 1097 1098 
562 185 186 860 204 1099 1100 
563 181 182 861 200 1101 1102 
564 177 178 856 196 1103 1104 
565 842 816 879 1105 1106 1107 
566 858 818 890 1108 919 947 
567 847 848 896 970 986 1109 
568 835 829 872 957 1110 1111 
569 855 854 892 1039 1112 1068 
570 819 179 857 1079 1082 1113 
571 180 815 857 1098 1114 1081 
572 178 819 856 1080 1072 1103 
573 190 818 858 1086 1108 1083 
574 817 185 860 1091 1100 1115 
575 184 817 859 1092 1116 1089 
576 182 814 861 1096 1117 1101 
577 815 181 861 1097 1102 1118 
578 186 820 860 1094 1073 1099 
579 814 183 859 1095 1090 1119 
580 821 189 858 1087 1084 967 
581 822 177 856 1077 1104 951 
582 816 842 874 1105 1120 1121 
583 155 156 809 169 1122 1123 
584 161 13 810 175 1124 1125 
585 159 160 807 173 1126 1127 
586 157 158 811 171 1128 1129 
587 160 161 862 174 1130 1131 
588 158 159 863 172 1132 1133 
589 153 154 808 167 1134 1135 
590 151 152 812 165 1136 1137 
591 152 153 865 166 1138 1139 
592 154 155 864 168 1140 1141 
593 836 828 871 963 931 1142 
594 821 855 900 1063 1143 1144 
595 879 812 901 1145 1146 1147 
596 848 810 886 902 1148 1027 
597 143 144 867 147 1149 1150 
598 853 855 898 1040 1064 1151 
599 807 160 862 1126 1131 1152 
600 159 807 863 1127 1153 1132 
601 161 810 862 1125 1154 1130 
602 811 158 863 1128 1133 987 
603 155 809 864 1123 1155 1140 
604 153 808 865 1135 1156 1138 
605 812 152 865 1136 1139 1157 
606 808 154 864 1134 1141 1158 
607 837 839 885 1034 917 1159 
608 214 215 866 218 1160 1161 
609 845 809 880 907 1162 1058 
610 841 824 874 912 1163 1164 
611 842 879 901 1107 1147 1165 
612 213 214 823 217 1166 1167 
613 868 193 899 1168 1075 993 
614 819 857 891 1113 930 1060 
615 176 822 886 1078 1028 1169 
616 855 820 900 1067 1170 1143 
617 817 860 889 1115 1030 936 
618 816 150 879 1070 1171 1106 
619 9 149 897 162 1172 1173 
620 826 836 870 1012 1174 1175 
621 842 841 874 980 1164 1120 
622 142 143 824 146 1176 1177 
623 828 844 877 961 1066 932 
624 810 13 886 1124 1178 1148 
625 818 191 884 1085 1179 1180 
626 825 835 869 1007 1181 1182 
627 192 193 868 211 1168 1183 
628 820 187 900 1093 1184 1170 
629 188 821 900 1088 1144 1185 
630 839 833 890 954 1186 918 
631 850 831 888 1047 933 1187 
632 818 884 885 1180 1188 916 
633 151 812 879 1137 1145 1189 
634 851 830 887 1050 1190 965 
635 827 850 882 1018 1191 1192 
636 157 811 880 1129 1059 1193 
637 809 156 880 1122 1194 1162 
638 144 9 897 148 1173 1195 
639 823 214 866 1166 1161 1196 
640 824 143 867 1176 1150 1197 
641 866 813 883 923 1198 1199 
642 852 827 876 1023 1200 1201 
643 890 833 898 1186 1202 948 
644 192 868 884 1183 1203 1204 
645 830 852 881 1057 1205 1206 
646 832 889 892 1207 1032 1208 
647 872 829 878 1110 997 1209 
648 808 864 869 1158 1210 1211 
649 854 832 892 990 1208 1112 
650 13 176 886 194 1169 1178 
651 868 838 884 1212 1213 1203 
652 813 838 883 1026 1214 1198 
653 807 862 870 1152 1215 1216 
654 893 834 896 1217 1218 945 
655 832 851 889 1021 966 1207 
656 849 834 893 1014 1217 1219 
657 863 807 871 1153 1220 920 
658 149 816 897 1071 1221 1172 
659 865 808 872 1156 1222 1223 
660 891 849 893 1224 1219 1061 
661 840 842 901 981 1165 983 
662 150 151 879 164 1189 1171 
663 834 847 896 1037 1109 1218 
664 808 869 872 1211 1225 1222 
665 807 870 871 1216 1226 1220 
666 156 157 880 170 1193 1194 
667 882 850 888 1191 1187 1227 
668 831 849 891 1045 1224 934 
669 861 814 876 1117 1228 1229 
670 833 853 898 1054 1151 1202 
671 869 864 873 1210 1230 1231 
672 864 809 873 1155 909 1230 
673 838 837 885 1025 1159 1232 
674 826 870 875 1175 1233 1065 
675 191 192 884 210 1204 1179 
676 213 823 899 1167 994 1234 
677 870 862 875 1215 1235 1233 
678 862 810 875 1154 904 1235 
679 830 881 887 1206 1236 1190 
680 876 814 881 1228 1237 1238 
681 866 215 895 1160 1239 924 
682 825 869 873 1182 1231 1076 
683 814 859 881 1119 1240 1237 
684 861 876 882 1229 1241 1242 
685 865 872 878 1223 1209 1243 
686 823 866 883 1196 1199 1244 
687 812 865 878 1157 1243 1245 
688 815 861 882 1118 1242 1246 
689 868 823 883 992 1244 1247 
690 824 867 874 1197 1248 1163 
691 187 188 900 206 1185 1184 
692 884 838 885 1213 1232 1188 
693 869 835 872 1181 1111 1225 
694 870 836 871 1174 1142 1226 
695 859 817 887 1116 935 1249 
696 881 859 887 1240 1249 1236 
697 852 876 881 1201 1238 1205 
698 876 827 882 1200 1192 1241 
699 857 815 888 1114 1250 928 
700 815 882 888 1246 1227 1250 
701 867 816 874 1251 1121 1248 
702 142 824 894 1177 914 1252 
703 816 867 897 1251 1253 1221 
704 6 142 894 145 1252 941 
705 215 5 895 219 943 1239 
706 7 213 899 216 1234 1074 
707 867 144 897 1149 1195 1253 
708 838 868 883 1212 1247 1214 
709 812 878 901 1245 984 1146 
2 3 9 132
710 1290 1259 1292 1300 1301 1302 
711 1270 1290 1292 1303 1302 1304 
712 301 254 255 1305 273 1306 
713 1270 1269 1284 1307 1308 1309 
714 300 255 256 1310 274 1311 
715 13 298 1267 302 1312 1313 
716 1258 1289 1291 1314 1315 1316 
717 1289 1273 1291 1317 1318 1315 
718 1257 1270 1284 1319 1309 1320 
719 1260 1267 1296 1321 1322 1323 
720 1271 1273 1287 1324 1325 1326 
721 1259 1277 1292 1327 1328 1301 
722 1273 1255 1287 1329 1330 1325 
723 1277 1259 1293 1327 1331 1332 
724 1256 1286 1288 1333 1334 1335 
725 1286 1274 1288 1336 1337 1334 
726 1277 1258 1291 1338 1316 1339 
727 1269 1266 1284 1340 1341 1308 
728 13 1267 1294 1313 1342 1343 
729 1267 1268 1296 1344 1345 1322 
730 270 1266 1269 1346 1340 1347 
731 1258 1277 1293 1338 1332 1348 
732 1268 299 1295 1349 1350 1351 
733 1267 1260 1286 1321 1352 1353 
734 1276 1275 1277 1354 1355 1356 
735 270 271 1266 289 1357 1346 
736 267 1275 1276 1358 1354 1359 
737 1262 264 1271 1360 1361 1362 
738 1263 262 1272 1363 1364 1365 
739 298 299 1268 303 1349 1366 
740 1265 1269 1270 1367 1307 1368 
741 1265 269 1269 1369 1370 1367 
742 268 1265 1275 1371 1372 1373 
743 261 1263 1274 1374 1375 1376 
744 1271 1264 1273 1377 1378 1324 
745 269 270 1269 288 1347 1370 
746 263 1262 1272 1379 1380 1381 
747 265 1264 1271 1382 1377 1383 
748 1264 266 1276 1384 1385 1386 
749 263 264 1262 282 1360 1379 
750 267 268 1275 286 1373 1358 
751 268 269 1265 287 1369 1371 
752 265 266 1264 284 1384 1382 
753 261 262 1263 280 1363 1374 
754 1262 1271 1287 1362 1326 1387 
755 1260 260 1274 1388 1389 1390 
756 262 263 1272 281 1381 1364 
757 264 265 1271 283 1383 1361 
758 266 267 1276 285 1359 1385 
759 260 261 1274 279 1376 1389 
760 259 260 1260 278 1388 1391 
761 1277 1275 1292 1355 1392 1328 
762 1274 1263 1288 1375 1393 1337 
763 1295 258 1296 1394 1395 1396 
764 300 256 1285 1311 1397 1398 
765 1267 298 1268 1312 1366 1344 
766 1276 1277 1291 1356 1339 1399 
767 160 161 1256 174 1400 1401 
768 159 160 1278 173 1402 1403 
769 158 159 1254 172 1404 1405 
770 157 158 1279 171 1406 1407 
771 156 157 1255 170 1408 1409 
772 154 155 1258 168 1410 1411 
773 150 151 1257 164 1412 1413 
774 152 153 1259 166 1414 1415 
775 149 150 1281 163 1416 1417 
776 1273 1264 1291 1378 1418 1318 
777 1265 1270 1292 1368 1304 1419 
778 1270 1257 1290 1319 1420 1303 
779 160 1256 1278 1401 1421 1402 
780 1254 159 1278 1404 1403 1422 
781 158 1254 1279 1405 1423 1406 
782 1255 157 1279 1408 1407 1424 
783 292 293 1261 296 1425 1426 
784 1263 1272 1282 1365 1427 1428 
785 291 292 1280 295 1429 1430 
786 1272 1262 1283 1380 1431 1432 
787 1255 1273 1289 1329 1317 1433 
788 271 10 1298 290 1434 1435 
789 299 1285 1295 1436 1437 1350 
790 1260 1274 1286 1390 1336 1352 
791 150 1257 1281 1413 1438 1416 
792 292 1261 1280 1426 1439 1429 
793 1286 1256 1294 1333 1440 1441 
794 156 1255 1289 1409 1433 1442 
795 1258 155 1289 1410 1443 1314 
796 1257 151 1290 1412 1444 1420 
797 152 1259 1290 1415 1300 1445 
798 1280 1266 1298 1446 1447 1448 
799 1254 1278 1282 1422 1449 1450 
800 1266 271 1298 1357 1435 1447 
801 154 1258 1293 1411 1348 1451 
802 1259 153 1293 1414 1452 1331 
803 256 257 1285 275 1453 1397 
804 1279 1254 1283 1423 1454 1455 
805 9 149 1297 162 1456 1457 
806 1254 1282 1283 1450 1458 1454 
807 1283 1262 1287 1431 1387 1459 
808 1256 161 1294 1400 1460 1440 
809 1263 1282 1288 1428 1461 1393 
810 1282 1278 1288 1449 1462 1461 
811 1275 1265 1292 1372 1419 1392 
812 1279 1283 1287 1455 1459 1463 
813 1255 1279 1287 1424 1463 1330 
814 1278 1256 1288 1421 1335 1462 
815 1281 1257 1284 1438 1320 1464 
816 1264 1276 1291 1386 1399 1418 
817 293 9 1297 297 1457 1465 
818 155 156 1289 169 1442 1443 
819 258 259 1296 277 1466 1395 
820 1282 1272 1283 1427 1432 1458 
821 149 1281 1297 1417 1467 1456 
822 151 152 1290 165 1445 1444 
823 1281 1261 1297 1468 1469 1467 
824 1261 1281 1299 1468 1470 1471 
825 299 300 1285 304 1398 1436 
826 153 154 1293 167 1451 1452 
827 10 291 1298 294 1472 1434 
828 1268 1295 1296 1351 1396 1345 
829 161 13 1294 175 1343 1460 
830 1281 1284 1299 1464 1473 1470 
831 1266 1280 1299 1446 1474 1475 
832 257 258 1295 276 1394 1476 
833 1285 257 1295 1453 1476 1437 
834 259 1260 1296 1391 1323 1466 
835 1267 1286 1294 1353 1441 1342 
836 1261 293 1297 1425 1465 1469 
837 1284 1266 1299 1341 1475 1473 
838 291 1280 1298 1430 1448 1472 
839 1280 1261 1299 1439 1471 1474 
840 254 301 12 1305 306 272 
841 300 301 255 305 1306 1310 
2 4 9 132
842 1512 1482 1515 1523 1524 1525 
843 1493 1512 1515 1526 1525 1527 
844 177 298 176 1528 1529 195 
845 177 178 299 196 1530 1531 
846 1493 1492 1507 1532 1533 1534 
847 12 301 1490 306 1535 1536 
848 1481 1513 1514 1537 1538 1539 
849 1513 1496 1514 1540 1541 1538 
850 1483 1490 1519 1542 1543 1544 
851 1480 1493 1507 1545 1534 1546 
852 1494 1496 1510 1547 1548 1549 
853 1482 1500 1515 1550 1551 1524 
854 1496 1478 1510 1552 1553 1548 
855 1500 1482 1516 1550 1554 1555 
856 1508 1497 1511 1556 1557 1558 
857 1500 1481 1514 1559 1539 1560 
858 1479 1508 1511 1561 1558 1562 
859 12 1490 1517 1536 1563 1564 
860 1490 1491 1519 1565 1566 1543 
861 1481 1500 1516 1559 1555 1567 
862 1488 1492 1493 1568 1532 1569 
863 1491 300 1518 1570 1571 1572 
864 1490 1483 1508 1542 1573 1574 
865 1488 191 1492 1575 1576 1568 
866 1492 1489 1507 1577 1578 1533 
867 1499 1498 1500 1579 1580 1581 
868 192 193 1489 211 1582 1583 
869 192 1489 1492 1583 1577 1584 
870 1485 186 1494 1585 1586 1587 
871 1486 184 1495 1588 1589 1590 
872 189 1498 1499 1591 1579 1592 
873 301 300 1491 305 1570 1593 
874 190 1488 1498 1594 1595 1596 
875 1494 1487 1496 1597 1598 1547 
876 187 1487 1494 1599 1597 1600 
877 185 1485 1495 1601 1602 1603 
878 1487 188 1499 1604 1605 1606 
879 1483 182 1497 1607 1608 1609 
880 190 191 1488 209 1575 1594 
881 187 188 1487 206 1604 1599 
882 183 184 1486 202 1588 1610 
883 185 186 1485 204 1585 1601 
884 189 190 1498 208 1596 1591 
885 183 1486 1497 1610 1611 1612 
886 191 192 1492 210 1584 1576 
887 1485 1494 1510 1587 1549 1613 
888 186 187 1494 205 1600 1586 
889 184 185 1495 203 1603 1589 
890 188 189 1499 207 1592 1605 
891 1488 1493 1515 1569 1527 1614 
892 182 183 1497 201 1612 1608 
893 181 182 1483 200 1607 1615 
894 1500 1498 1515 1580 1616 1551 
895 1518 180 1519 1617 1618 1619 
896 299 178 1509 1530 1620 1621 
897 1490 301 1491 1535 1593 1565 
898 1499 1500 1514 1581 1560 1622 
899 235 236 1501 249 1623 1624 
900 228 229 1480 242 1625 1626 
901 230 231 1482 244 1627 1628 
902 232 233 1481 246 1629 1630 
903 234 235 1478 248 1631 1632 
904 236 237 1477 250 1633 1634 
905 238 239 1479 252 1635 1636 
906 237 238 1502 251 1637 1638 
907 227 228 1504 241 1639 1640 
908 1497 1486 1511 1611 1641 1557 
909 1496 1487 1514 1598 1642 1541 
910 1478 235 1501 1631 1624 1643 
911 236 1477 1501 1634 1644 1623 
912 238 1479 1502 1636 1645 1637 
913 1477 237 1502 1633 1638 1646 
914 221 222 1484 225 1647 1648 
915 1486 1495 1505 1590 1649 1650 
916 1493 1480 1512 1545 1651 1526 
917 220 221 1503 224 1652 1653 
918 1483 1497 1508 1609 1556 1573 
919 1495 1485 1506 1602 1654 1655 
920 1478 1496 1513 1552 1540 1656 
921 193 7 1521 212 1657 1658 
922 300 1509 1518 1659 1660 1571 
923 228 1480 1504 1626 1661 1639 
924 221 1484 1503 1648 1662 1652 
925 1480 229 1512 1625 1663 1651 
926 230 1482 1512 1628 1523 1664 
927 1481 233 1513 1629 1665 1537 
928 234 1478 1513 1632 1656 1666 
929 1503 1489 1521 1667 1668 1669 
930 1477 1502 1505 1646 1670 1671 
931 1489 193 1521 1582 1658 1668 
932 1508 1479 1517 1561 1672 1673 
933 232 1481 1516 1630 1567 1674 
934 1482 231 1516 1627 1675 1554 
935 178 179 1509 197 1676 1620 
936 1501 1477 1506 1644 1677 1678 
937 8 227 1520 240 1679 1680 
938 1477 1505 1506 1671 1681 1677 
939 1506 1485 1510 1654 1613 1682 
940 1479 239 1517 1635 1683 1672 
941 1486 1505 1511 1650 1684 1641 
942 1505 1502 1511 1670 1685 1684 
943 1498 1488 1515 1595 1614 1616 
944 1501 1506 1510 1678 1682 1686 
945 1478 1501 1510 1643 1686 1553 
946 1502 1479 1511 1645 1562 1685 
947 1504 1480 1507 1661 1546 1687 
948 1487 1499 1514 1606 1622 1642 
949 222 8 1520 226 1680 1688 
950 229 230 1512 243 1664 1663 
951 233 234 1513 247 1666 1665 
952 180 181 1519 199 1689 1618 
953 1505 1495 1506 1649 1655 1681 
954 227 1504 1520 1640 1690 1679 
955 1504 1484 1520 1691 1692 1690 
956 1484 1504 1522 1691 1693 1694 
957 300 299 1509 304 1621 1659 
958 231 232 1516 245 1674 1675 
959 7 220 1521 223 1695 1657 
960 1491 1518 1519 1572 1619 1566 
961 239 12 1517 253 1564 1683 
962 1504 1507 1522 1687 1696 1693 
963 1489 1503 1522 1667 1697 1698 
964 179 180 1518 198 1617 1699 
965 1509 179 1518 1676 1699 1660 
966 181 1483 1519 1615 1544 1689 
967 1490 1508 1517 1574 1673 1563 
968 1484 222 1520 1647 1688 1692 
969 1507 1489 1522 1578 1698 1696 
970 220 1503 1521 1653 1669 1695 
971 1503 1484 1522 1662 1694 1697 
972 298 13 176 302 194 1529 
973 298 177 299 1528 1531 303 
2 5 9 67
974 377 1704 1709 1721 1722 1723 
975 1704 377 1718 1721 1724 1725 
976 314 1703 1714 1726 1727 1728 
977 378 11 1716 383 1729 1730 
978 378 1716 1718 1730 1731 1732 
979 1701 1706 1711 1733 1734 1735 
980 1705 314 1714 1736 1728 1737 
981 375 238 239 1738 252 1739 
982 1708 1705 1712 1740 1741 1742 
983 377 378 1718 382 1732 1724 
984 1705 1707 1712 1743 1744 1741 
985 316 1708 1715 1745 1746 1747 
986 11 1706 1716 1748 1749 1729 
987 315 314 1705 318 1736 1750 
988 1702 1708 1712 1751 1742 1752 
989 1711 1706 1715 1734 1753 1754 
990 1700 1707 1714 1755 1756 1757 
991 238 375 1720 1738 1758 1759 
992 316 315 1708 319 1760 1745 
993 1707 1705 1714 1743 1737 1756 
994 1706 316 1715 1761 1747 1753 
995 11 316 1706 320 1761 1748 
996 376 377 1717 381 1762 1763 
997 1706 1701 1716 1733 1764 1749 
998 315 1705 1708 1750 1740 1760 
999 227 228 1700 241 1765 1766 
1000 377 1709 1717 1723 1767 1762 
1001 308 307 1713 311 1768 1769 
1002 228 229 1707 242 1770 1771 
1003 232 233 1701 246 1772 1773 
1004 233 234 1710 247 1774 1775 
1005 229 230 1712 243 1776 1777 
1006 231 232 1711 245 1778 1779 
1007 234 235 1704 248 1780 1781 
1008 8 227 1719 240 1782 1783 
1009 230 231 1702 244 1784 1785 
1010 1700 228 1707 1765 1771 1755 
1011 235 236 1709 249 1786 1787 
1012 309 308 1703 312 1788 1789 
1013 307 8 1719 310 1783 1790 
1014 1708 1702 1715 1751 1791 1746 
1015 1701 233 1710 1772 1775 1792 
1016 1707 229 1712 1770 1777 1744 
1017 232 1701 1711 1773 1735 1778 
1018 234 1704 1710 1781 1793 1774 
1019 1703 308 1713 1788 1769 1794 
1020 230 1702 1712 1785 1752 1776 
1021 1702 231 1711 1784 1779 1795 
1022 236 237 1717 250 1796 1797 
1023 1704 235 1709 1780 1787 1722 
1024 227 1700 1719 1766 1798 1782 
1025 237 238 1720 251 1759 1799 
1026 1709 236 1717 1786 1797 1767 
1027 1701 1710 1716 1792 1800 1764 
1028 1702 1711 1715 1795 1754 1791 
1029 1713 307 1719 1768 1790 1801 
1030 1700 1713 1719 1802 1801 1798 
1031 1717 237 1720 1796 1799 1803 
1032 1703 1713 1714 1794 1804 1727 
1033 1713 1700 1714 1802 1757 1804 
1034 1710 1704 1718 1793 1725 1805 
1035 1716 1710 1718 1800 1805 1731 
1036 376 1717 1720 1763 1803 1806 
1037 375 239 12 1739 253 379 
1038 375 376 1720 380 1806 1758 
1039 3 309 1703 313 1789 1807 
1040 314 3 1703 317 1807 1726 
2 6 9 174
1041 322 321 378 345 1870 1871 
1042 1838 375 1865 1872 1873 1874 
1043 1858 1840 1861 1875 1876 1877 
1044 1813 1859 1860 1878 1879 1880 
1045 1823 1858 1861 1881 1877 1882 
1046 323 322 377 346 1883 1884 
1047 376 375 1838 380 1872 1885 
1048 1859 1834 1860 1886 1887 1879 
1049 1808 1845 1868 1888 1889 1890 
1050 1831 1866 1867 1891 1892 1893 
1051 1832 1831 1867 1894 1893 1895 
1052 375 12 1850 379 1896 1897 
1053 1863 1844 1864 1898 1899 1900 
1054 270 1846 1848 1901 1902 1903 
1055 1844 1816 1864 1904 1905 1899 
1056 1811 1852 1855 1906 1907 1908 
1057 323 377 1847 1884 1909 1910 
1058 343 1808 1868 1911 1890 1912 
1059 340 1822 1828 1913 1914 1915 
1060 4 343 1868 367 1912 1916 
1061 1852 1828 1855 1917 1918 1907 
1062 1842 1860 1862 1919 1920 1921 
1063 1818 1846 1869 1922 1923 1924 
1064 1824 337 1833 1925 1926 1927 
1065 1861 1814 1863 1928 1929 1930 
1066 343 342 1808 366 1931 1911 
1067 1815 1842 1862 1932 1921 1933 
1068 1814 1844 1863 1934 1898 1929 
1069 1808 342 1826 1931 1935 1936 
1070 1846 1827 1848 1937 1938 1902 
1071 337 336 1833 360 1939 1926 
1072 1817 1830 1831 1940 1941 1942 
1073 1808 1826 1827 1936 1943 1944 
1074 341 340 1828 364 1915 1945 
1075 1826 341 1828 1946 1945 1947 
1076 332 1823 1829 1948 1949 1950 
1077 1817 335 1830 1951 1952 1940 
1078 338 1824 1834 1953 1954 1955 
1079 1821 329 1835 1956 1957 1958 
1080 330 1821 1836 1959 1960 1961 
1081 1817 1831 1832 1942 1894 1962 
1082 1825 333 1829 1963 1964 1965 
1083 334 1825 1830 1966 1967 1968 
1084 1822 339 1834 1969 1970 1971 
1085 328 1820 1835 1972 1973 1974 
1086 1823 331 1836 1975 1976 1977 
1087 336 1817 1833 1978 1979 1939 
1088 334 333 1825 357 1963 1966 
1089 336 335 1817 359 1951 1978 
1090 338 337 1824 361 1925 1953 
1091 340 339 1822 363 1969 1913 
1092 328 327 1820 351 1980 1972 
1093 332 331 1823 355 1975 1948 
1094 330 329 1821 353 1956 1959 
1095 342 341 1826 365 1946 1935 
1096 1832 1815 1862 1981 1933 1982 
1097 1820 327 1837 1980 1983 1984 
1098 333 332 1829 356 1950 1964 
1099 335 334 1830 358 1968 1952 
1100 339 338 1834 362 1955 1970 
1101 331 330 1836 354 1961 1976 
1102 329 328 1835 352 1974 1957 
1103 326 1819 1837 1985 1986 1987 
1104 327 326 1837 350 1987 1983 
1105 1816 1831 1864 1988 1989 1905 
1106 1817 1832 1833 1962 1990 1979 
1107 326 325 1819 349 1991 1985 
1108 1840 1814 1861 1992 1928 1876 
1109 254 255 1839 273 1993 1994 
1110 258 259 1840 277 1995 1996 
1111 257 258 1812 276 1997 1998 
1112 256 257 1841 275 1999 2000 
1113 259 260 1814 278 2001 2002 
1114 255 256 1810 274 2003 2004 
1115 264 265 1815 283 2005 2006 
1116 268 269 1811 287 2007 2008 
1117 266 267 1813 285 2009 2010 
1118 265 266 1842 284 2011 2012 
1119 267 268 1843 286 2013 2014 
1120 12 254 1809 272 2015 2016 
1121 260 261 1844 279 2017 2018 
1122 261 262 1816 280 2019 2020 
1123 271 10 1869 290 2021 2022 
1124 1842 1813 1860 2023 1880 1919 
1125 1809 254 1839 2015 1994 2024 
1126 259 1814 1840 2002 1992 1995 
1127 255 1810 1839 2004 2025 1993 
1128 1812 258 1840 1997 1996 2026 
1129 257 1812 1841 1998 2027 1999 
1130 1810 256 1841 2003 2000 2028 
1131 1814 260 1844 2001 2018 1934 
1132 1815 265 1842 2005 2012 1932 
1133 266 1813 1842 2010 2023 2011 
1134 1813 267 1843 2009 2014 2029 
1135 268 1811 1843 2008 2030 2013 
1136 261 1816 1844 2020 1904 2017 
1137 1831 1816 1866 1988 2031 1891 
1138 1833 1832 1862 1990 1982 2032 
1139 1823 1836 1858 1977 2033 1881 
1140 1822 1834 1859 1971 1886 2034 
1141 1815 1832 1867 1981 1895 2035 
1142 1831 1830 1864 1941 2036 1989 
1143 325 324 1838 348 2037 2038 
1144 1819 325 1838 1991 2038 2039 
1145 369 368 1845 372 2040 2041 
1146 1836 1821 1857 1960 2042 2043 
1147 370 369 1818 373 2044 2045 
1148 269 270 1848 288 1903 2046 
1149 1846 271 1869 2047 2022 1923 
1150 1843 1811 1855 2030 1908 2048 
1151 377 376 1847 381 2049 1909 
1152 1816 262 1866 2019 2050 2031 
1153 264 1815 1867 2006 2035 2051 
1154 1821 1835 1854 1958 2052 2053 
1155 376 1838 1847 1885 2054 2049 
1156 1836 1857 1858 2043 2055 2033 
1157 1826 1828 1852 1947 1917 2056 
1158 270 271 1846 289 2047 1901 
1159 324 323 1847 347 1910 2057 
1160 1818 369 1845 2044 2041 2058 
1161 1828 1822 1855 1914 2059 1918 
1162 1835 1820 1853 1973 2060 2061 
1163 1821 1854 1857 2053 2062 2042 
1164 1820 1837 1851 1984 2063 2064 
1165 1838 324 1847 2037 2057 2054 
1166 1827 1826 1852 1943 2056 2065 
1167 1835 1853 1854 2061 2066 2052 
1168 1808 1827 1856 1944 2067 2068 
1169 1846 1818 1856 1922 2069 2070 
1170 1824 1833 1862 1927 2032 2071 
1171 1837 1819 1849 1986 2072 2073 
1172 1811 269 1848 2007 2046 2074 
1173 1860 1824 1862 2075 2071 1920 
1174 1834 1824 1860 1954 2075 1887 
1175 1829 1823 1861 1949 1882 2076 
1176 1820 1851 1853 2064 2077 2060 
1177 1825 1863 1864 2078 1900 2079 
1178 1829 1861 1863 2076 1930 2080 
1179 1809 1839 1851 2024 2081 2082 
1180 1849 1809 1851 2083 2082 2084 
1181 1825 1829 1863 1965 2080 2078 
1182 1839 1810 1853 2025 2085 2086 
1183 1827 1846 1856 1937 2070 2067 
1184 1830 1825 1864 1967 2079 2036 
1185 1851 1839 1853 2081 2086 2077 
1186 370 1818 1869 2045 1924 2087 
1187 1845 1808 1856 1888 2068 2088 
1188 1819 1838 1865 2039 1874 2089 
1189 1810 1841 1854 2028 2090 2091 
1190 1845 368 1868 2040 2092 1889 
1191 1853 1810 1854 2085 2091 2066 
1192 1837 1849 1851 2073 2084 2063 
1193 12 1809 1850 2016 2093 1896 
1194 1841 1812 1857 2027 2094 2095 
1195 1854 1841 1857 2090 2095 2062 
1196 262 263 1866 281 2096 2050 
1197 263 264 1867 282 2051 2097 
1198 1812 1840 1858 2026 1875 2098 
1199 1813 1843 1859 2029 2099 1878 
1200 1866 263 1867 2096 2097 1892 
1201 1857 1812 1858 2094 2098 2055 
1202 368 4 1868 371 1916 2092 
1203 1848 1827 1852 1938 2065 2100 
1204 10 370 1869 374 2087 2021 
1205 1818 1845 1856 2058 2088 2069 
1206 1811 1848 1852 2074 2100 1906 
1207 1809 1849 1850 2083 2101 2093 
1208 1843 1855 1859 2048 2102 2099 
1209 1855 1822 1859 2059 2034 2102 
1210 1849 1819 1865 2072 2089 2103 
1211 1850 1849 1865 2101 2103 2104 
1212 375 1850 1865 1897 2104 1873 
1213 378 321 11 1870 344 383 
1214 322 378 377 1871 382 1883 
$EndElements
