<?xml version='1.0' encoding='utf-8'?>
<VTKFile type="UnstructuredGrid" version="0.1" byte_order="LittleEndian">
  <UnstructuredGrid>
    <Piece NumberOfPoints="703" NumberOfCells="324">
      <PointData Vectors="U">
        <DataArray type="Float64" format="ascii" Name="U" NumberOfComponents="3">
1.4798101965842829e-14 4.3369727248256378e-16 0.0000000000000000e+00 1.9410396730758382e-20 -5.2338522852646036e-19 0.0000000000000000e+00 -4.1809727975665754e-17 -1.6578899999967708e-03 0.0000000000000000e+00 -6.3562384929545300e-16 -1.6578899999974417e-03 0.0000000000000000e+00 1.6938851822517741e-14 -1.0020214285720696e-03 0.0000000000000000e+00 -1.8453370504262792e-14 -1.0020214285779059e-03 0.0000000000000000e+00 -3.1481020551696643e-16 -7.2551430350302182e-17 0.0000000000000000e+00 -3.9517532317374997e-16 6.4022238336723763e-19 0.0000000000000000e+00 -4.1744976373973122e-18 -2.7666313927838796e-17 0.0000000000000000e+00 -4.2762649241854702e-17 1.3358399464235730e-17 0.0000000000000000e+00 -2.8541206893070501e-17 -2.2247678537767105e-17 0.0000000000000000e+00 -1.7297284845220758e-16 2.0315965326776609e-17 0.0000000000000000e+00 2.0601177748379065e-16 -7.8880283878855681e-17 0.0000000000000000e+00 8.2166656922586656e-16 4.2891662180511811e-16 0.0000000000000000e+00 4.2110032549016584e-16 -4.3582121576662985e-15 0.0000000000000000e+00 1.9354193704828302e-16 1.5644242503947577e-17 0.0000000000000000e+00 1.1275161950372348e-16 -2.1616605198362232e-18 0.0000000000000000e+00 3.6134475752518493e-17 5.1896156435081444e-18 0.0000000000000000e+00 2.3867708942349430e-18 4.8856821468801371e-18 0.0000000000000000e+00 -1.7532900533547393e-16 1.3994878901395730e-16 0.0000000000000000e+00 -5.7165358592171992e-17 -1.5243139705156865e-16 0.0000000000000000e+00 6.7452455662534725e-16 -1.8921506921879011e-16 0.0000000000000000e+00 5.5814464278559860e-16 2.4877807781712365e-14 0.0000000000000000e+00 3.8903812183467560e-16 -1.4552365078254008e-04 0.0000000000000000e+00 4.0883685961154544e-16 -2.8250031745146766e-04 0.0000000000000000e+00 1.5367764363975538e-15 -4.1092999999060848e-04 0.0000000000000000e+00 -4.0068375462813617e-15 -5.3081269840826067e-04 0.0000000000000000e+00 3.8827010910555878e-15 -6.4214841269381493e-04 0.0000000000000000e+00 -3.4587407437375438e-15 -7.4493714285315117e-04 0.0000000000000000e+00 -1.0562130062976040e-14 -8.3917888888841111e-04 0.0000000000000000e+00 -2.8379244899941559e-15 -9.2487365079167727e-04 0.0000000000000000e+00 1.3170810841129911e-15 -7.3830198404040094e-05 0.0000000000000000e+00 -3.3768327211852479e-17 -2.1508035713323486e-04 0.0000000000000000e+00 1.7802989231950093e-16 -3.4778353173747529e-04 0.0000000000000000e+00 -1.6613780344605760e-14 -4.7193972221813230e-04 0.0000000000000000e+00 1.1490784882425818e-15 -5.8754892856713173e-04 0.0000000000000000e+00 -1.1204876635002100e-15 -6.9461115078953584e-04 0.0000000000000000e+00 -4.0639662365135562e-15 -7.9312638888564971e-04 0.0000000000000000e+00 8.5534742807256366e-15 -8.8309464285296396e-04 0.0000000000000000e+00 -7.3139291175088391e-15 -9.6451591270036515e-04 0.0000000000000000e+00 1.9086060665652953e-16 -1.0020214285681652e-03 0.0000000000000000e+00 -1.2132752292106119e-15 -1.0020214285693580e-03 0.0000000000000000e+00 -1.2495824896608224e-15 -1.0020214285698173e-03 0.0000000000000000e+00 -1.0059364577945251e-15 -1.0020214285700287e-03 0.0000000000000000e+00 -5.1778049228164144e-16 -1.0020214285700896e-03 0.0000000000000000e+00 2.3688066945528562e-16 -1.0020214285698093e-03 0.0000000000000000e+00 1.3485555753904936e-15 -1.0020214285686455e-03 0.0000000000000000e+00 2.0187300081455698e-15 -1.0020214285649380e-03 0.0000000000000000e+00 6.1515680083418651e-15 -1.0020214285689831e-03 0.0000000000000000e+00 -7.4095243434834054e-16 -1.0020214285689855e-03 0.0000000000000000e+00 -1.2704594382844611e-15 -1.0020214285696462e-03 0.0000000000000000e+00 -1.1575010436899533e-15 -1.0020214285699368e-03 0.0000000000000000e+00 -7.8874415917504705e-16 -1.0020214285700773e-03 0.0000000000000000e+00 -1.7301179250800551e-16 -1.0020214285699973e-03 0.0000000000000000e+00 7.3504133788855488e-16 -1.0020214285693593e-03 0.0000000000000000e+00 1.6801616089705996e-15 -1.0020214285673989e-03 0.0000000000000000e+00 -3.9164836980214432e-15 -1.0020214285666571e-03 0.0000000000000000e+00 8.0696731254680772e-15 -9.2487365079078551e-04 0.0000000000000000e+00 9.0763741784920581e-16 -8.3917888888471333e-04 0.0000000000000000e+00 -3.0090797650608831e-14 -7.4493714286080705e-04 0.0000000000000000e+00 -2.9216854398024625e-15 -6.4214841269902311e-04 0.0000000000000000e+00 4.2002645514566823e-15 -5.3081269841334048e-04 0.0000000000000000e+00 -2.5425751262678400e-15 -4.1093000000122417e-04 0.0000000000000000e+00 4.3979273974748189e-15 -2.8250031746279941e-04 0.0000000000000000e+00 -3.1641732719918960e-16 -1.4552365079509820e-04 0.0000000000000000e+00 2.4399971629328647e-14 -9.6451591269480286e-04 0.0000000000000000e+00 -2.3832390891481496e-15 -8.8309464285443718e-04 0.0000000000000000e+00 -5.1318063521919580e-15 -7.9312638888557317e-04 0.0000000000000000e+00 1.2444928030287830e-14 -6.9461115079032503e-04 0.0000000000000000e+00 -1.1865996762070853e-14 -5.8754892857456611e-04 0.0000000000000000e+00 -4.0150007033345070e-15 -4.7193972222428097e-04 0.0000000000000000e+00 -7.4091397721392681e-15 -3.4778353174970189e-04 0.0000000000000000e+00 5.5980510061986072e-15 -2.1508035714424859e-04 0.0000000000000000e+00 2.1267793157333581e-16 -7.3830198414877643e-05 0.0000000000000000e+00 -3.7761837852228144e-15 -1.1396728571427533e-03 0.0000000000000000e+00 -1.4032648900374921e-14 -1.2611299999896128e-03 0.0000000000000000e+00 -1.2110322867361131e-14 -1.3663928571329010e-03 0.0000000000000000e+00 2.6322722530806151e-15 -1.4554614285694908e-03 0.0000000000000000e+00 -2.0799624251218817e-15 -1.5283357142861984e-03 0.0000000000000000e+00 -1.8713455305747571e-14 -1.5850157142803393e-03 0.0000000000000000e+00 1.5428838275808214e-15 -1.6255014285666330e-03 0.0000000000000000e+00 3.9834652047180644e-15 -1.6497928571406612e-03 0.0000000000000000e+00 -1.0315074750602660e-14 -1.0728714285750196e-03 0.0000000000000000e+00 -1.6197560403411802e-14 -1.2024257142797291e-03 0.0000000000000000e+00 3.0451372089551665e-14 -1.3157857142844986e-03 0.0000000000000000e+00 3.4012420899396819e-14 -1.4129514285735664e-03 0.0000000000000000e+00 5.2270352972686637e-15 -1.4939228571436312e-03 0.0000000000000000e+00 -1.0408623009544231e-14 -1.5586999999984263e-03 0.0000000000000000e+00 2.6560212776543034e-15 -1.6072828571396273e-03 0.0000000000000000e+00 3.2908161763797871e-15 -1.6396714285678896e-03 0.0000000000000000e+00 -3.2046599504076568e-15 -1.6558657142824612e-03 0.0000000000000000e+00 -1.3203025227804713e-15 -1.6578899999964273e-03 0.0000000000000000e+00 -8.9342445506605706e-16 -1.6578899999958687e-03 0.0000000000000000e+00 -7.7867919602214957e-16 -1.6578899999956328e-03 0.0000000000000000e+00 -6.1030103948070824e-16 -1.6578899999954229e-03 0.0000000000000000e+00 -3.1303620400814260e-16 -1.6578899999953850e-03 0.0000000000000000e+00 2.9690592951618511e-17 -1.6578899999956094e-03 0.0000000000000000e+00 2.8814834597478355e-16 -1.6578899999960812e-03 0.0000000000000000e+00 3.0231155646653980e-16 -1.6578899999966194e-03 0.0000000000000000e+00 -1.2201869870979832e-15 -1.6578899999966866e-03 0.0000000000000000e+00 -1.0657936251355697e-15 -1.6578899999960530e-03 0.0000000000000000e+00 -8.3213269625449777e-16 -1.6578899999957618e-03 0.0000000000000000e+00 -7.1023123643758795e-16 -1.6578899999955148e-03 0.0000000000000000e+00 -4.7183099534215386e-16 -1.6578899999953741e-03 0.0000000000000000e+00 -1.3987955892659790e-16 -1.6578899999954652e-03 0.0000000000000000e+00 1.7668476664285993e-16 -1.6578899999958262e-03 0.0000000000000000e+00 3.2984325684236744e-16 -1.6578899999963679e-03 0.0000000000000000e+00 1.6772688048343858e-16 -1.6578899999968061e-03 0.0000000000000000e+00 3.3920093204243509e-16 -1.6497928571398309e-03 0.0000000000000000e+00 5.5433850432332549e-17 -1.6255014285685829e-03 0.0000000000000000e+00 2.2006468390462279e-15 -1.5850157142841556e-03 0.0000000000000000e+00 -7.8880169789218785e-15 -1.5283357142833439e-03 0.0000000000000000e+00 6.9360788016422064e-15 -1.4554614285727167e-03 0.0000000000000000e+00 2.1488093916931982e-14 -1.3663928571467769e-03 0.0000000000000000e+00 -5.7649167556160854e-16 -1.2611299999982825e-03 0.0000000000000000e+00 1.0456715774425429e-14 -1.1396728571415030e-03 0.0000000000000000e+00 1.0570120565207447e-16 -1.6558657142825848e-03 0.0000000000000000e+00 -3.4277829385938058e-17 -1.6396714285684343e-03 0.0000000000000000e+00 3.7444222264988699e-17 -1.6072828571402163e-03 0.0000000000000000e+00 -3.5105408261806166e-15 -1.5586999999980949e-03 0.0000000000000000e+00 -2.0550039637307296e-15 -1.4939228571414780e-03 0.0000000000000000e+00 -2.1395150343527822e-14 -1.4129514285659834e-03 0.0000000000000000e+00 -2.7676652783902929e-14 -1.3157857142790351e-03 0.0000000000000000e+00 -5.7241154112116159e-15 -1.2024257142810976e-03 0.0000000000000000e+00 -6.5049212365589996e-15 -1.0728714285664564e-03 0.0000000000000000e+00 4.6213250393454835e-15 -9.2487365079277004e-04 0.0000000000000000e+00 1.3481076353470177e-15 -9.2487365079222230e-04 0.0000000000000000e+00 -1.2173032971938285e-16 -9.2487365079234308e-04 0.0000000000000000e+00 -7.8180702228731720e-16 -9.2487365079227358e-04 0.0000000000000000e+00 -1.0787732225778933e-15 -9.2487365079202172e-04 0.0000000000000000e+00 -1.0881183231365835e-15 -9.2487365079166068e-04 0.0000000000000000e+00 -7.6160359127652420e-16 -9.2487365079130495e-04 0.0000000000000000e+00 -9.8542427184952262e-16 -9.2487365079195276e-04 0.0000000000000000e+00 -1.5908836030868372e-15 -8.3917888888778878e-04 0.0000000000000000e+00 -1.4965427111266917e-15 -8.3917888888842152e-04 0.0000000000000000e+00 -1.3899066684944520e-15 -8.3917888888815427e-04 0.0000000000000000e+00 -1.5015918730379464e-15 -8.3917888888777208e-04 0.0000000000000000e+00 -1.5768392307777326e-15 -8.3917888888726945e-04 0.0000000000000000e+00 -1.5640419585521954e-15 -8.3917888888667086e-04 0.0000000000000000e+00 -1.5388627105980538e-15 -8.3917888888601232e-04 0.0000000000000000e+00 -1.7212302623367720e-15 -8.3917888888508988e-04 0.0000000000000000e+00 -4.7773132271047059e-15 -7.4493714285521332e-04 0.0000000000000000e+00 -2.7987245557231036e-15 -7.4493714285665705e-04 0.0000000000000000e+00 -2.3829387782153287e-15 -7.4493714285665336e-04 0.0000000000000000e+00 -2.2526709523824272e-15 -7.4493714285622196e-04 0.0000000000000000e+00 -2.2185237139706637e-15 -7.4493714285557989e-04 0.0000000000000000e+00 -2.2028073996410467e-15 -7.4493714285485261e-04 0.0000000000000000e+00 -2.2120630216386453e-15 -7.4493714285428969e-04 0.0000000000000000e+00 -2.3691639179349709e-15 -7.4493714285402330e-04 0.0000000000000000e+00 -3.0517296864008198e-15 -6.4214841270005224e-04 0.0000000000000000e+00 -2.9799341292386214e-15 -6.4214841269884476e-04 0.0000000000000000e+00 -2.8646744711076775e-15 -6.4214841269833378e-04 0.0000000000000000e+00 -2.7395940525605795e-15 -6.4214841269774115e-04 0.0000000000000000e+00 -2.7364293017991392e-15 -6.4214841269695912e-04 0.0000000000000000e+00 -2.7876686797960649e-15 -6.4214841269598138e-04 0.0000000000000000e+00 -2.5720317351884642e-15 -6.4214841269493307e-04 0.0000000000000000e+00 -1.0819166516072738e-15 -6.4214841269439465e-04 0.0000000000000000e+00 -3.5763236621372591e-15 -5.3081269841339035e-04 0.0000000000000000e+00 -3.3744548032913397e-15 -5.3081269841314034e-04 0.0000000000000000e+00 -2.9598321615535718e-15 -5.3081269841273062e-04 0.0000000000000000e+00 -2.8182615431788979e-15 -5.3081269841218559e-04 0.0000000000000000e+00 -2.9365126814558112e-15 -5.3081269841143760e-04 0.0000000000000000e+00 -3.3003009939228154e-15 -5.3081269841036825e-04 0.0000000000000000e+00 -3.9136893197273847e-15 -5.3081269840881036e-04 0.0000000000000000e+00 -4.8755262244362126e-15 -5.3081269840664607e-04 0.0000000000000000e+00 -3.3483072546309865e-15 -4.1093000000126239e-04 0.0000000000000000e+00 -2.5879973956145060e-15 -4.1093000000025988e-04 0.0000000000000000e+00 -2.3737262012780950e-15 -4.1092999999989564e-04 0.0000000000000000e+00 -2.3710938612195243e-15 -4.1092999999955450e-04 0.0000000000000000e+00 -2.5956398359411313e-15 -4.1092999999904894e-04 0.0000000000000000e+00 -3.1121417740130678e-15 -4.1092999999824646e-04 0.0000000000000000e+00 -3.9567566703404525e-15 -4.1092999999705942e-04 0.0000000000000000e+00 -4.8817407004354293e-15 -4.1092999999616431e-04 0.0000000000000000e+00 -1.1216833915595498e-16 -2.8250031746035188e-04 0.0000000000000000e+00 -1.1182678700267445e-15 -2.8250031746030607e-04 0.0000000000000000e+00 -1.3643230659566223e-15 -2.8250031746018453e-04 0.0000000000000000e+00 -1.5293418519407479e-15 -2.8250031746003312e-04 0.0000000000000000e+00 -1.7486005822533563e-15 -2.8250031745975275e-04 0.0000000000000000e+00 -2.1102527000696724e-15 -2.8250031745919281e-04 0.0000000000000000e+00 -2.6195974931749990e-15 -2.8250031745773499e-04 0.0000000000000000e+00 -2.2823699375347703e-15 -2.8250031745446797e-04 0.0000000000000000e+00 6.7681359183806424e-16 -1.4552365079579233e-04 0.0000000000000000e+00 4.7800373560739242e-17 -1.4552365079395456e-04 0.0000000000000000e+00 -4.1368852136653408e-16 -1.4552365079365955e-04 0.0000000000000000e+00 -6.3970139502537388e-16 -1.4552365079356449e-04 0.0000000000000000e+00 -7.6868431804531263e-16 -1.4552365079341774e-04 0.0000000000000000e+00 -7.9210467938560006e-16 -1.4552365079321150e-04 0.0000000000000000e+00 -1.1145350381664132e-15 -1.4552365079231150e-04 0.0000000000000000e+00 -2.7930776547366980e-15 -1.4552365078669292e-04 0.0000000000000000e+00 1.2925179899528875e-14 -9.6451591269496983e-04 0.0000000000000000e+00 6.4019852220585371e-15 -9.2487365079228898e-04 0.0000000000000000e+00 7.0264129749540646e-15 -9.6451591269502870e-04 0.0000000000000000e+00 3.7485230025127419e-15 -9.6451591269565949e-04 0.0000000000000000e+00 2.8221994690765567e-15 -9.2487365079214955e-04 0.0000000000000000e+00 2.0095894914088847e-15 -9.6451591269625786e-04 0.0000000000000000e+00 9.3581294814798689e-16 -9.6451591269669317e-04 0.0000000000000000e+00 4.8313873664573368e-16 -9.2487365079232042e-04 0.0000000000000000e+00 2.4582694943272036e-16 -9.6451591269694189e-04 0.0000000000000000e+00 -2.2772701667848153e-16 -9.6451591269705128e-04 0.0000000000000000e+00 -5.0758471123452353e-16 -9.2487365079234568e-04 0.0000000000000000e+00 -5.6714304398785973e-16 -9.6451591269706874e-04 0.0000000000000000e+00 -8.1182907042016762e-16 -9.6451591269701355e-04 0.0000000000000000e+00 -9.6464734708768754e-16 -9.2487365079216917e-04 0.0000000000000000e+00 -9.8087080333387425e-16 -9.6451591269691998e-04 0.0000000000000000e+00 -1.0811003729434182e-15 -9.6451591269678771e-04 0.0000000000000000e+00 -1.1184074180770707e-15 -9.2487365079185258e-04 0.0000000000000000e+00 -1.1179711217261305e-15 -9.6451591269663159e-04 0.0000000000000000e+00 -1.1015554676298687e-15 -9.6451591269642917e-04 0.0000000000000000e+00 -9.5095283839608750e-16 -9.2487365079145587e-04 0.0000000000000000e+00 -1.0689601524498414e-15 -9.6451591269612602e-04 0.0000000000000000e+00 -1.1041661082895100e-15 -9.6451591269566090e-04 0.0000000000000000e+00 -5.9522040901971082e-16 -9.2487365079109830e-04 0.0000000000000000e+00 -1.4379984219783239e-15 -9.6451591269473434e-04 0.0000000000000000e+00 -2.5506864056383958e-15 -9.6451591269428733e-04 0.0000000000000000e+00 -2.3376308503427269e-15 -9.2487365079161710e-04 0.0000000000000000e+00 2.4309400934780776e-16 -8.8309464285554165e-04 0.0000000000000000e+00 -9.3811551149247510e-16 -8.3917888888799164e-04 0.0000000000000000e+00 5.8574977320329567e-16 -8.8309464285618383e-04 0.0000000000000000e+00 4.1143247527147111e-16 -8.8309464285636716e-04 0.0000000000000000e+00 -1.6224735659543285e-15 -8.3917888888844321e-04 0.0000000000000000e+00 -4.0582520085651251e-17 -8.8309464285636575e-04 0.0000000000000000e+00 -4.1460593056743439e-16 -8.8309464285631859e-04 0.0000000000000000e+00 -1.3892361610730354e-15 -8.3917888888827299e-04 0.0000000000000000e+00 -7.0593044470299518e-16 -8.8309464285619347e-04 0.0000000000000000e+00 -9.3409852644292915e-16 -8.8309464285609134e-04 0.0000000000000000e+00 -1.4417432611818225e-15 -8.3917888888797006e-04 0.0000000000000000e+00 -1.1022001487471010e-15 -8.8309464285591906e-04 0.0000000000000000e+00 -1.2186289172681666e-15 -8.8309464285575741e-04 0.0000000000000000e+00 -1.5494431604378247e-15 -8.3917888888753389e-04 0.0000000000000000e+00 -1.2836347454377612e-15 -8.8309464285552496e-04 0.0000000000000000e+00 -1.2954538226364551e-15 -8.8309464285530844e-04 0.0000000000000000e+00 -1.5824508736206991e-15 -8.3917888888697932e-04 0.0000000000000000e+00 -1.2466954698910729e-15 -8.8309464285502969e-04 0.0000000000000000e+00 -1.1303298889559802e-15 -8.8309464285479095e-04 0.0000000000000000e+00 -1.5583426921209012e-15 -8.3917888888635796e-04 0.0000000000000000e+00 -9.1301822011908656e-16 -8.8309464285455134e-04 0.0000000000000000e+00 -5.8622562633693786e-16 -8.8309464285452239e-04 0.0000000000000000e+00 -1.7039853747868555e-15 -8.3917888888577726e-04 0.0000000000000000e+00 3.2523511663362649e-16 -8.8309464285476851e-04 0.0000000000000000e+00 2.5738046301614448e-15 -8.8309464285430675e-04 0.0000000000000000e+00 -4.1188809368084733e-15 -8.3917888888478771e-04 0.0000000000000000e+00 -6.8938848857819472e-15 -7.9312638889014395e-04 0.0000000000000000e+00 -1.2511254008018872e-14 -7.4493714285418897e-04 0.0000000000000000e+00 -4.3372497666670872e-15 -7.9312638888869003e-04 0.0000000000000000e+00 -2.9828361384678196e-15 -7.9312638888838201e-04 0.0000000000000000e+00 -3.6552422123030875e-15 -7.4493714285634707e-04 0.0000000000000000e+00 -2.4138444956005048e-15 -7.9312638888846126e-04 0.0000000000000000e+00 -2.1146706542904504e-15 -7.9312638888840630e-04 0.0000000000000000e+00 -2.5631728893772149e-15 -7.4493714285674151e-04 0.0000000000000000e+00 -1.9806920032244424e-15 -7.9312638888828400e-04 0.0000000000000000e+00 -1.9232376767073605e-15 -7.9312638888812375e-04 0.0000000000000000e+00 -2.3037353940386088e-15 -7.4493714285647111e-04 0.0000000000000000e+00 -1.9056842112829942e-15 -7.9312638888787243e-04 0.0000000000000000e+00 -1.9035586978427008e-15 -7.9312638888762437e-04 0.0000000000000000e+00 -2.2299213856327811e-15 -7.4493714285591968e-04 0.0000000000000000e+00 -1.9043473656149178e-15 -7.9312638888729434e-04 0.0000000000000000e+00 -1.9024985833806239e-15 -7.9312638888699011e-04 0.0000000000000000e+00 -2.2097294052359856e-15 -7.4493714285521451e-04 0.0000000000000000e+00 -1.9023615999318650e-15 -7.9312638888663178e-04 0.0000000000000000e+00 -1.9169594194995044e-15 -7.9312638888632766e-04 0.0000000000000000e+00 -2.1914575459896212e-15 -7.4493714285451043e-04 0.0000000000000000e+00 -1.9986453236408967e-15 -7.9312638888603482e-04 0.0000000000000000e+00 -2.1795975028875431e-15 -7.9312638888580237e-04 0.0000000000000000e+00 -2.2566274720954203e-15 -7.4493714285410386e-04 0.0000000000000000e+00 -2.7735628008234319e-15 -7.9312638888580052e-04 0.0000000000000000e+00 -4.1151916769691106e-15 -7.9312638888649973e-04 0.0000000000000000e+00 -2.9113823505987588e-15 -7.4493714285423006e-04 0.0000000000000000e+00 2.5186868050373822e-15 -6.9461115079235834e-04 0.0000000000000000e+00 -3.3534873870947906e-15 -6.4214841269959384e-04 0.0000000000000000e+00 -1.0577566414710720e-15 -6.9461115079358057e-04 0.0000000000000000e+00 -2.3472064314088243e-15 -6.9461115079363532e-04 0.0000000000000000e+00 -2.9136081883374740e-15 -6.4214841269905987e-04 0.0000000000000000e+00 -2.6442826631808721e-15 -6.9461115079359401e-04 0.0000000000000000e+00 -2.6915464709917449e-15 -6.9461115079353503e-04 0.0000000000000000e+00 -2.9230965495902865e-15 -6.4214841269857631e-04 0.0000000000000000e+00 -2.6417902324577914e-15 -6.9461115079334779e-04 0.0000000000000000e+00 -2.5813845970261116e-15 -6.9461115079315231e-04 0.0000000000000000e+00 -2.7866302663751881e-15 -6.4214841269805872e-04 0.0000000000000000e+00 -2.5342448826528034e-15 -6.9461115079284211e-04 0.0000000000000000e+00 -2.5083931856572327e-15 -6.9461115079253561e-04 0.0000000000000000e+00 -2.7232562964335877e-15 -6.4214841269737708e-04 0.0000000000000000e+00 -2.4990971456377637e-15 -6.9461115079212979e-04 0.0000000000000000e+00 -2.4955726382367361e-15 -6.9461115079174826e-04 0.0000000000000000e+00 -2.7657420986095745e-15 -6.4214841269649887e-04 0.0000000000000000e+00 -2.4782307153683431e-15 -6.9461115079129431e-04 0.0000000000000000e+00 -2.4232642450355049e-15 -6.9461115079092752e-04 0.0000000000000000e+00 -2.7414230412670709e-15 -6.4214841269547398e-04 0.0000000000000000e+00 -2.2850793606170515e-15 -6.9461115079056464e-04 0.0000000000000000e+00 -2.0332213046721385e-15 -6.9461115079039984e-04 0.0000000000000000e+00 -2.0289368007610851e-15 -6.4214841269457517e-04 0.0000000000000000e+00 -1.7140362992376557e-15 -6.9461115079037978e-04 0.0000000000000000e+00 -1.3030847286136237e-15 -6.9461115079049850e-04 0.0000000000000000e+00 9.2785674616781711e-16 -6.4214841269441872e-04 0.0000000000000000e+00 -6.4750656186586380e-15 -5.8754892857142593e-04 0.0000000000000000e+00 -1.1040309350958515e-15 -5.3081269841384658e-04 0.0000000000000000e+00 -4.7582078837287917e-15 -5.8754892857191133e-04 0.0000000000000000e+00 -3.9235961401711773e-15 -5.8754892857200761e-04 0.0000000000000000e+00 -3.5743901318048397e-15 -5.3081269841338916e-04 0.0000000000000000e+00 -3.4738707049604387e-15 -5.8754892857185159e-04 0.0000000000000000e+00 -3.1883489709256561e-15 -5.8754892857164885e-04 0.0000000000000000e+00 -3.1405496414841158e-15 -5.3081269841295689e-04 0.0000000000000000e+00 -3.0086024743804610e-15 -5.8754892857140479e-04 0.0000000000000000e+00 -2.8968516835800340e-15 -5.8754892857113569e-04 0.0000000000000000e+00 -2.8570214483793568e-15 -5.3081269841247453e-04 0.0000000000000000e+00 -2.8439052240873445e-15 -5.8754892857082182e-04 0.0000000000000000e+00 -2.8439845261777698e-15 -5.8754892857046511e-04 0.0000000000000000e+00 -2.8477006845677440e-15 -5.3081269841184146e-04 0.0000000000000000e+00 -2.8906910176373808e-15 -5.8754892857004358e-04 0.0000000000000000e+00 -2.9718845305248166e-15 -5.8754892856956306e-04 0.0000000000000000e+00 -3.0921590290209411e-15 -5.3081269841095133e-04 0.0000000000000000e+00 -3.0682196400574331e-15 -5.8754892856899689e-04 0.0000000000000000e+00 -3.1341812392239373e-15 -5.8754892856837011e-04 0.0000000000000000e+00 -3.5877893354653072e-15 -5.3081269840967013e-04 0.0000000000000000e+00 -3.0981134460671820e-15 -5.8754892856763556e-04 0.0000000000000000e+00 -2.8136031704564184e-15 -5.8754892856692606e-04 0.0000000000000000e+00 -4.3859947720252379e-15 -5.3081269840786114e-04 0.0000000000000000e+00 -2.0246014160032547e-15 -5.8754892856617482e-04 0.0000000000000000e+00 -4.9570357964838152e-16 -5.8754892856610521e-04 0.0000000000000000e+00 -4.6287428377547439e-15 -5.3081269840660563e-04 0.0000000000000000e+00 -3.2631198306377551e-15 -4.7193972222381048e-04 0.0000000000000000e+00 -3.6094275901367889e-15 -4.1093000000189329e-04 0.0000000000000000e+00 -3.3913463514076486e-15 -4.7193972222331175e-04 0.0000000000000000e+00 -3.2830206881320856e-15 -4.7193972222288284e-04 0.0000000000000000e+00 -2.8071937209315929e-15 -4.1093000000047612e-04 0.0000000000000000e+00 -3.0513265335760312e-15 -4.7193972222258181e-04 0.0000000000000000e+00 -2.8738037137809437e-15 -4.7193972222234139e-04 0.0000000000000000e+00 -2.4446102545985996e-15 -4.1093000000004028e-04 0.0000000000000000e+00 -2.7403046036058098e-15 -4.7193972222217090e-04 0.0000000000000000e+00 -2.6708014267225469e-15 -4.7193972222193926e-04 0.0000000000000000e+00 -2.3460262047653958e-15 -4.1092999999973345e-04 0.0000000000000000e+00 -2.6631752550706162e-15 -4.7193972222172670e-04 0.0000000000000000e+00 -2.7222518686886655e-15 -4.7193972222141505e-04 0.0000000000000000e+00 -2.4524434161774714e-15 -4.1092999999932606e-04 0.0000000000000000e+00 -2.8516240033679932e-15 -4.7193972222109244e-04 0.0000000000000000e+00 -3.0607911275161732e-15 -4.7193972222063583e-04 0.0000000000000000e+00 -2.8120319236507924e-15 -4.1092999999868481e-04 0.0000000000000000e+00 -3.3652791086651601e-15 -4.7193972222013618e-04 0.0000000000000000e+00 -3.7943301338524743e-15 -4.7193972221946012e-04 0.0000000000000000e+00 -3.4816232309165567e-15 -4.1092999999767222e-04 0.0000000000000000e+00 -4.4234288542109288e-15 -4.7193972221872628e-04 0.0000000000000000e+00 -5.3965415108091792e-15 -4.7193972221782699e-04 0.0000000000000000e+00 -4.3383061512574608e-15 -4.1092999999633474e-04 0.0000000000000000e+00 -7.1164357694828466e-15 -4.7193972221695648e-04 0.0000000000000000e+00 -1.0244060840891664e-14 -4.7193972221656595e-04 0.0000000000000000e+00 -3.5971766327265688e-15 -4.1092999999521352e-04 0.0000000000000000e+00 -3.9733920319457421e-15 -3.4778353174678929e-04 0.0000000000000000e+00 1.8019135932513575e-15 -2.8250031746112324e-04 0.0000000000000000e+00 -2.7129669334629879e-15 -3.4778353174619520e-04 0.0000000000000000e+00 -2.2059373480239758e-15 -3.4778353174611546e-04 0.0000000000000000e+00 -8.3676526903926479e-16 -2.8250031746050665e-04 0.0000000000000000e+00 -2.0290864153742489e-15 -3.4778353174606808e-04 0.0000000000000000e+00 -1.9389549232950992e-15 -3.4778353174595483e-04 0.0000000000000000e+00 -1.2685962258282430e-15 -2.8250031746026986e-04 0.0000000000000000e+00 -1.9174763565043325e-15 -3.4778353174588701e-04 0.0000000000000000e+00 -1.9322288809277727e-15 -3.4778353174575832e-04 0.0000000000000000e+00 -1.4454601047580343e-15 -2.8250031746012257e-04 0.0000000000000000e+00 -1.9855754057828410e-15 -3.4778353174565559e-04 0.0000000000000000e+00 -2.0792136661436951e-15 -3.4778353174546250e-04 0.0000000000000000e+00 -1.6277208372600265e-15 -2.8250031745991576e-04 0.0000000000000000e+00 -2.2193079533008537e-15 -3.4778353174527048e-04 0.0000000000000000e+00 -2.4159814876200264e-15 -3.4778353174495249e-04 0.0000000000000000e+00 -1.9078651343247935e-15 -2.8250031745952257e-04 0.0000000000000000e+00 -2.6700165394885260e-15 -3.4778353174459053e-04 0.0000000000000000e+00 -2.9758224069652650e-15 -3.4778353174402701e-04 0.0000000000000000e+00 -2.3797991897046543e-15 -2.8250031745866524e-04 0.0000000000000000e+00 -3.2465173853542993e-15 -3.4778353174330114e-04 0.0000000000000000e+00 -3.3522535560423374e-15 -3.4778353174237783e-04 0.0000000000000000e+00 -2.6866532122564015e-15 -2.8250031745644555e-04 0.0000000000000000e+00 -2.8078464246907515e-15 -3.4778353174110270e-04 0.0000000000000000e+00 -1.1139965683436877e-15 -3.4778353173886675e-04 0.0000000000000000e+00 -9.8945894431198560e-16 -2.8250031745212371e-04 0.0000000000000000e+00 2.9482228140454009e-15 -2.1508035714453712e-04 0.0000000000000000e+00 4.6965542292965207e-16 -1.4552365079511265e-04 0.0000000000000000e+00 1.3223056360375430e-15 -2.1508035714417321e-04 0.0000000000000000e+00 2.1676770779429076e-16 -2.1508035714348686e-04 0.0000000000000000e+00 4.0850670068835195e-16 -1.4552365079448961e-04 0.0000000000000000e+00 -3.0374000703275648e-16 -2.1508035714305491e-04 0.0000000000000000e+00 -6.0938668550282204e-16 -2.1508035714288583e-04 0.0000000000000000e+00 -2.0028905039670044e-16 -1.4552365079380957e-04 0.0000000000000000e+00 -8.1482609194258002e-16 -2.1508035714279673e-04 0.0000000000000000e+00 -9.5151180324851898e-16 -2.1508035714271743e-04 0.0000000000000000e+00 -5.4450126960602427e-16 -1.4552365079362312e-04 0.0000000000000000e+00 -1.0597289147526820e-15 -2.1508035714267549e-04 0.0000000000000000e+00 -1.1525504177137569e-15 -2.1508035714256697e-04 0.0000000000000000e+00 -7.0985916335373467e-16 -1.4552365079351502e-04 0.0000000000000000e+00 -1.2447379758864112e-15 -2.1508035714246966e-04 0.0000000000000000e+00 -1.3440585610332844e-15 -2.1508035714227727e-04 0.0000000000000000e+00 -7.8546711341725448e-16 -1.4552365079330303e-04 0.0000000000000000e+00 -1.4791209961713321e-15 -2.1508035714207487e-04 0.0000000000000000e+00 -1.6838227620397696e-15 -2.1508035714158224e-04 0.0000000000000000e+00 -8.9450190374051798e-16 -1.4552365079290521e-04 0.0000000000000000e+00 -1.9804031107713070e-15 -2.1508035714074873e-04 0.0000000000000000e+00 -2.2803011355450131e-15 -2.1508035713904312e-04 0.0000000000000000e+00 -1.8816600046170450e-15 -1.4552365079058838e-04 0.0000000000000000e+00 -2.2216721427694576e-15 -2.1508035713618595e-04 0.0000000000000000e+00 -1.3941622323866002e-15 -2.1508035713322843e-04 0.0000000000000000e+00 -1.9867547446122450e-15 -1.4552365078184207e-04 0.0000000000000000e+00 1.0741970638173505e-15 -7.3830198413000212e-05 0.0000000000000000e+00 -9.2405942215053652e-17 -7.3830198413790771e-05 0.0000000000000000e+00 1.3658339636328802e-16 -7.3830198413217703e-05 0.0000000000000000e+00 7.3528701511746448e-17 -7.3830198412847827e-05 0.0000000000000000e+00 -4.4761725797275022e-17 -7.3830198412866719e-05 0.0000000000000000e+00 -1.3226605653439394e-16 -7.3830198412740315e-05 0.0000000000000000e+00 -2.2512474265322532e-16 -7.3830198412688260e-05 0.0000000000000000e+00 -2.8484587731719212e-16 -7.3830198412659461e-05 0.0000000000000000e+00 -3.2408105013423301e-16 -7.3830198412620809e-05 0.0000000000000000e+00 -3.5133788833267083e-16 -7.3830198412585776e-05 0.0000000000000000e+00 -3.6211043286180194e-16 -7.3830198412436928e-05 0.0000000000000000e+00 -3.1278375458989374e-16 -7.3830198412475146e-05 0.0000000000000000e+00 -2.7581052736843767e-16 -7.3830198412392273e-05 0.0000000000000000e+00 -2.9276245469541878e-16 -7.3830198412109350e-05 0.0000000000000000e+00 -5.3638588648609727e-16 -7.3830198411068597e-05 0.0000000000000000e+00 -1.3959535379824672e-15 -7.3830198407949578e-05 0.0000000000000000e+00 -1.1556608440717391e-15 -7.3830198396860399e-05 0.0000000000000000e+00 -6.1123696753967533e-15 -1.1396728571410016e-03 0.0000000000000000e+00 -1.6786201746613813e-15 -1.1396728571411760e-03 0.0000000000000000e+00 -3.8700937624627955e-16 -1.1396728571413588e-03 0.0000000000000000e+00 -6.1181756718242215e-16 -1.1396728571413509e-03 0.0000000000000000e+00 -1.2761367299654245e-15 -1.1396728571413204e-03 0.0000000000000000e+00 -1.9212029072119368e-15 -1.1396728571413438e-03 0.0000000000000000e+00 -2.0761063359597578e-15 -1.1396728571413876e-03 0.0000000000000000e+00 -1.1881080806121303e-15 -1.1396728571405985e-03 0.0000000000000000e+00 9.8626468917607375e-16 -1.2611300000033325e-03 0.0000000000000000e+00 1.1817522804957743e-15 -1.2611300000002117e-03 0.0000000000000000e+00 7.4808377670999074e-16 -1.2611299999988018e-03 0.0000000000000000e+00 -2.7508633597618926e-16 -1.2611299999981771e-03 0.0000000000000000e+00 -1.5083215996473383e-15 -1.2611299999979737e-03 0.0000000000000000e+00 -2.8936966369914583e-15 -1.2611299999980515e-03 0.0000000000000000e+00 -4.5349010939483752e-15 -1.2611299999984260e-03 0.0000000000000000e+00 -6.6593261727469320e-15 -1.2611299999986695e-03 0.0000000000000000e+00 1.0847222033462059e-14 -1.3663928571419951e-03 0.0000000000000000e+00 5.7874826625205923e-15 -1.3663928571411045e-03 0.0000000000000000e+00 2.3982732462163786e-15 -1.3663928571404724e-03 0.0000000000000000e+00 2.5103359241687457e-16 -1.3663928571400709e-03 0.0000000000000000e+00 -1.4724944946025521e-15 -1.3663928571398759e-03 0.0000000000000000e+00 -3.2431404412487483e-15 -1.3663928571397939e-03 0.0000000000000000e+00 -5.3826427910976800e-15 -1.3663928571397239e-03 0.0000000000000000e+00 -7.0061557397731199e-15 -1.3663928571388533e-03 0.0000000000000000e+00 8.4256176097275230e-15 -1.4554614285659864e-03 0.0000000000000000e+00 4.8277856790813158e-15 -1.4554614285666124e-03 0.0000000000000000e+00 2.1068890215678808e-15 -1.4554614285672129e-03 0.0000000000000000e+00 2.4249188181361068e-16 -1.4554614285674128e-03 0.0000000000000000e+00 -1.2512420130353305e-15 -1.4554614285674197e-03 0.0000000000000000e+00 -2.6205996844940515e-15 -1.4554614285673367e-03 0.0000000000000000e+00 -3.8038390468588680e-15 -1.4554614285671764e-03 0.0000000000000000e+00 -4.9348057156939177e-15 -1.4554614285661180e-03 0.0000000000000000e+00 -1.1684675847278141e-15 -1.5283357142806722e-03 0.0000000000000000e+00 2.3549753357716391e-16 -1.5283357142803350e-03 0.0000000000000000e+00 3.2865334355375627e-16 -1.5283357142807210e-03 0.0000000000000000e+00 -2.7503434767580304e-16 -1.5283357142809556e-03 0.0000000000000000e+00 -1.0508790545191613e-15 -1.5283357142810488e-03 0.0000000000000000e+00 -1.7905487317075617e-15 -1.5283357142811059e-03 0.0000000000000000e+00 -2.3417598475978117e-15 -1.5283357142813019e-03 0.0000000000000000e+00 -3.1021113905120602e-15 -1.5283357142819370e-03 0.0000000000000000e+00 -4.9155200528043183e-15 -1.5850157142836426e-03 0.0000000000000000e+00 -1.7611842403266645e-15 -1.5850157142817808e-03 0.0000000000000000e+00 -7.9227760789946759e-16 -1.5850157142810722e-03 0.0000000000000000e+00 -6.7585718917517612e-16 -1.5850157142808538e-03 0.0000000000000000e+00 -8.7014102875828362e-16 -1.5850157142808365e-03 0.0000000000000000e+00 -1.1027088564988029e-15 -1.5850157142809611e-03 0.0000000000000000e+00 -1.2118234071547241e-15 -1.5850157142812725e-03 0.0000000000000000e+00 -8.1266829062404929e-16 -1.5850157142819621e-03 0.0000000000000000e+00 1.4107931235873650e-16 -1.6255014285687787e-03 0.0000000000000000e+00 -7.5024022514936578e-16 -1.6255014285679369e-03 0.0000000000000000e+00 -7.8505518284846842e-16 -1.6255014285671088e-03 0.0000000000000000e+00 -6.9755570784376154e-16 -1.6255014285666935e-03 0.0000000000000000e+00 -6.5201912790366757e-16 -1.6255014285665986e-03 0.0000000000000000e+00 -5.8749578003795018e-16 -1.6255014285667796e-03 0.0000000000000000e+00 -3.9115908645805881e-16 -1.6255014285672460e-03 0.0000000000000000e+00 -1.0750825494247772e-16 -1.6255014285679781e-03 0.0000000000000000e+00 4.3796442084835129e-16 -1.6497928571387931e-03 0.0000000000000000e+00 -4.0296598212552413e-16 -1.6497928571388200e-03 0.0000000000000000e+00 -6.3728065102876155e-16 -1.6497928571384949e-03 0.0000000000000000e+00 -5.8876334236876364e-16 -1.6497928571382024e-03 0.0000000000000000e+00 -4.4772421833323427e-16 -1.6497928571381293e-03 0.0000000000000000e+00 -2.6952669600895134e-16 -1.6497928571383494e-03 0.0000000000000000e+00 -7.7691970527071684e-17 -1.6497928571388562e-03 0.0000000000000000e+00 8.7841743561248211e-17 -1.6497928571394763e-03 0.0000000000000000e+00 -7.1686828988403317e-15 -1.0728714285697190e-03 0.0000000000000000e+00 -7.1352634458197969e-15 -1.1396728571399092e-03 0.0000000000000000e+00 -4.2304576405161747e-15 -1.0728714285675475e-03 0.0000000000000000e+00 -2.0151964286706088e-15 -1.0728714285682137e-03 0.0000000000000000e+00 -3.3902790822179595e-15 -1.1396728571411710e-03 0.0000000000000000e+00 -8.4531043000011936e-16 -1.0728714285688854e-03 0.0000000000000000e+00 -3.6141934200138019e-16 -1.0728714285694362e-03 0.0000000000000000e+00 -7.4103801563160451e-16 -1.1396728571413891e-03 0.0000000000000000e+00 -2.5030991786288068e-16 -1.0728714285697545e-03 0.0000000000000000e+00 -3.6845814584120938e-16 -1.0728714285699278e-03 0.0000000000000000e+00 -4.0482115268664856e-16 -1.1396728571413958e-03 0.0000000000000000e+00 -5.8961173391286015e-16 -1.0728714285699952e-03 0.0000000000000000e+00 -8.5592361976058027e-16 -1.0728714285700078e-03 0.0000000000000000e+00 -9.2491055145397199e-16 -1.1396728571413408e-03 0.0000000000000000e+00 -1.1196372952390196e-15 -1.0728714285699883e-03 0.0000000000000000e+00 -1.3532213950257694e-15 -1.0728714285699464e-03 0.0000000000000000e+00 -1.6207513605061390e-15 -1.1396728571413173e-03 0.0000000000000000e+00 -1.5282382119410726e-15 -1.0728714285698946e-03 0.0000000000000000e+00 -1.6153977102695753e-15 -1.0728714285697990e-03 0.0000000000000000e+00 -2.0884811772680814e-15 -1.1396728571413496e-03 0.0000000000000000e+00 -1.5616965381022075e-15 -1.0728714285697016e-03 0.0000000000000000e+00 -1.3370765235794649e-15 -1.0728714285695388e-03 0.0000000000000000e+00 -1.6987720655341174e-15 -1.1396728571413269e-03 0.0000000000000000e+00 -7.5627487392448141e-16 -1.0728714285698012e-03 0.0000000000000000e+00 -7.1763921356553001e-16 -1.0728714285705037e-03 0.0000000000000000e+00 2.3667122249574190e-15 -1.1396728571401694e-03 0.0000000000000000e+00 -1.1047725543151514e-14 -1.2024257142827593e-03 0.0000000000000000e+00 -2.7550071985138427e-15 -1.2611300000006638e-03 0.0000000000000000e+00 -5.6912559257827686e-15 -1.2024257142861485e-03 0.0000000000000000e+00 -2.5059173906612528e-15 -1.2024257142859642e-03 0.0000000000000000e+00 9.3113199748425852e-16 -1.2611300000010867e-03 0.0000000000000000e+00 -1.0346043345088701e-15 -1.2024257142852737e-03 0.0000000000000000e+00 -3.0483130104638029e-16 -1.2024257142848531e-03 0.0000000000000000e+00 1.0300713808162134e-15 -1.2611299999993576e-03 0.0000000000000000e+00 -1.0453794392217795e-16 -1.2024257142844927e-03 0.0000000000000000e+00 -2.2410470033068347e-16 -1.2024257142842858e-03 0.0000000000000000e+00 2.6105572304601745e-16 -1.2611299999984232e-03 0.0000000000000000e+00 -5.3489696581612042e-16 -1.2024257142841210e-03 0.0000000000000000e+00 -9.5302210977729812e-16 -1.2024257142840380e-03 0.0000000000000000e+00 -8.7915575502344775e-16 -1.2611299999980407e-03 0.0000000000000000e+00 -1.4269206071025995e-15 -1.2024257142839959e-03 0.0000000000000000e+00 -1.9233785147187707e-15 -1.2024257142840106e-03 0.0000000000000000e+00 -2.1830649068098949e-15 -1.2611299999979824e-03 0.0000000000000000e+00 -2.4182205182275222e-15 -1.2024257142840820e-03 0.0000000000000000e+00 -2.8794746166265900e-15 -1.2024257142842008e-03 0.0000000000000000e+00 -3.6812542049448204e-15 -1.2611299999981994e-03 0.0000000000000000e+00 -3.2758384196644686e-15 -1.2024257142843834e-03 0.0000000000000000e+00 -3.5889005038294325e-15 -1.2024257142844641e-03 0.0000000000000000e+00 -5.5266950666957951e-15 -1.2611299999985930e-03 0.0000000000000000e+00 -3.5266435807694117e-15 -1.2024257142846625e-03 0.0000000000000000e+00 -3.1571410168917295e-15 -1.2024257142845801e-03 0.0000000000000000e+00 -5.3191911711253473e-15 -1.2611299999979555e-03 0.0000000000000000e+00 1.4107805115319575e-14 -1.3157857142819507e-03 0.0000000000000000e+00 5.7176208090232575e-15 -1.3663928571421959e-03 0.0000000000000000e+00 9.4280120314813675e-15 -1.3157857142853063e-03 0.0000000000000000e+00 6.4512477541446465e-15 -1.3157857142857671e-03 0.0000000000000000e+00 8.0236115029737389e-15 -1.3663928571413773e-03 0.0000000000000000e+00 4.3235548595988348e-15 -1.3157857142851901e-03 0.0000000000000000e+00 2.8665023287892901e-15 -1.3157857142845676e-03 0.0000000000000000e+00 3.8665280192233685e-15 -1.3663928571407040e-03 0.0000000000000000e+00 1.7522670673675330e-15 -1.3157857142840808e-03 0.0000000000000000e+00 8.3757381620385906e-16 -1.3157857142837188e-03 0.0000000000000000e+00 1.2327218426170349e-15 -1.3663928571402148e-03 0.0000000000000000e+00 1.5417105397151379e-17 -1.3157857142834825e-03 0.0000000000000000e+00 -7.6185113860457008e-16 -1.3157857142833355e-03 0.0000000000000000e+00 -6.2990443302962428e-16 -1.3663928571399486e-03 0.0000000000000000e+00 -1.5388474927426889e-15 -1.3157857142832561e-03 0.0000000000000000e+00 -2.3498693302658124e-15 -1.3157857142832401e-03 0.0000000000000000e+00 -2.3277548915775868e-15 -1.3663928571398345e-03 0.0000000000000000e+00 -3.2394350572420316e-15 -1.3157857142832661e-03 0.0000000000000000e+00 -4.2718630697053709e-15 -1.3157857142833537e-03 0.0000000000000000e+00 -4.2383489243537527e-15 -1.3663928571397898e-03 0.0000000000000000e+00 -5.5593218175756571e-15 -1.3157857142834576e-03 0.0000000000000000e+00 -7.3016774342865696e-15 -1.3157857142834821e-03 0.0000000000000000e+00 -6.2242131331409906e-15 -1.3663928571395556e-03 0.0000000000000000e+00 -9.8894730140661326e-15 -1.3157857142836651e-03 0.0000000000000000e+00 -1.4547363366303731e-14 -1.3157857142829306e-03 0.0000000000000000e+00 8.2508937585424729e-16 -1.3663928571383199e-03 0.0000000000000000e+00 1.9488451994193919e-14 -1.4129514285685326e-03 0.0000000000000000e+00 7.4229998914060177e-15 -1.4554614285680395e-03 0.0000000000000000e+00 1.3283289174725579e-14 -1.4129514285674313e-03 0.0000000000000000e+00 9.1830355399423085e-15 -1.4129514285678229e-03 0.0000000000000000e+00 6.5676054462676201e-15 -1.4554614285663379e-03 0.0000000000000000e+00 6.2937723020435766e-15 -1.4129514285679628e-03 0.0000000000000000e+00 4.1823545796946112e-15 -1.4129514285680265e-03 0.0000000000000000e+00 3.3432087362727533e-15 -1.4554614285669674e-03 0.0000000000000000e+00 2.6021417526831350e-15 -1.4129514285680673e-03 0.0000000000000000e+00 1.3725084934766451e-15 -1.4129514285680278e-03 0.0000000000000000e+00 1.1128179975506210e-15 -1.4554614285673382e-03 0.0000000000000000e+00 3.5690419356180547e-16 -1.4129514285680001e-03 0.0000000000000000e+00 -5.3326784795162127e-16 -1.4129514285679502e-03 0.0000000000000000e+00 -5.2575683384913424e-16 -1.4554614285674260e-03 0.0000000000000000e+00 -1.3643620488204320e-15 -1.4129514285679083e-03 0.0000000000000000e+00 -2.1862868331428057e-15 -1.4129514285678600e-03 0.0000000000000000e+00 -1.9400548619708427e-15 -1.4554614285673853e-03 0.0000000000000000e+00 -3.0371083990321746e-15 -1.4129514285678084e-03 0.0000000000000000e+00 -3.9671172170280645e-15 -1.4129514285677477e-03 0.0000000000000000e+00 -3.2337654194449422e-15 -1.4554614285672695e-03 0.0000000000000000e+00 -5.0152842982496034e-15 -1.4129514285677260e-03 0.0000000000000000e+00 -6.2772993892201587e-15 -1.4129514285677060e-03 0.0000000000000000e+00 -4.2126900772103940e-15 -1.4554614285671376e-03 0.0000000000000000e+00 -7.5722098114881254e-15 -1.4129514285686250e-03 0.0000000000000000e+00 -9.3637424121436669e-15 -1.4129514285712015e-03 0.0000000000000000e+00 -2.0226067361768098e-15 -1.4554614285677489e-03 0.0000000000000000e+00 4.0235014587050790e-15 -1.4939228571395808e-03 0.0000000000000000e+00 -2.1374158569858215e-15 -1.5283357142818498e-03 0.0000000000000000e+00 3.4949406692209188e-15 -1.4939228571373832e-03 0.0000000000000000e+00 3.0730194733788247e-15 -1.4939228571372268e-03 0.0000000000000000e+00 -2.9663985100366329e-16 -1.5283357142803272e-03 0.0000000000000000e+00 2.5243183177817731e-15 -1.4939228571374348e-03 0.0000000000000000e+00 1.9035554433351057e-15 -1.4939228571378001e-03 0.0000000000000000e+00 4.1968312189535461e-16 -1.5283357142805880e-03 0.0000000000000000e+00 1.2672045423308104e-15 -1.4939228571380790e-03 0.0000000000000000e+00 6.3096372247264410e-16 -1.4939228571382696e-03 0.0000000000000000e+00 7.0691471707575787e-17 -1.5283357142808797e-03 0.0000000000000000e+00 1.9256744822720600e-17 -1.4939228571383821e-03 0.0000000000000000e+00 -5.7064994831842467e-16 -1.4939228571384368e-03 0.0000000000000000e+00 -6.5636095062510966e-16 -1.5283357142810167e-03 0.0000000000000000e+00 -1.1363668814638950e-15 -1.4939228571384596e-03 0.0000000000000000e+00 -1.6794677003763976e-15 -1.4939228571384563e-03 0.0000000000000000e+00 -1.4326457217173037e-15 -1.5283357142810731e-03 0.0000000000000000e+00 -2.1921275193692754e-15 -1.4939228571384537e-03 0.0000000000000000e+00 -2.6617634908654268e-15 -1.4939228571384498e-03 0.0000000000000000e+00 -2.1040130025355740e-15 -1.5283357142811659e-03 0.0000000000000000e+00 -3.0599548537722901e-15 -1.4939228571384819e-03 0.0000000000000000e+00 -3.3888313292326707e-15 -1.4939228571385116e-03 0.0000000000000000e+00 -2.6906836200537513e-15 -1.5283357142815404e-03 0.0000000000000000e+00 -3.0508415403117947e-15 -1.4939228571390500e-03 0.0000000000000000e+00 -1.8635909148769332e-15 -1.4939228571416525e-03 0.0000000000000000e+00 -4.6803230223894910e-15 -1.5283357142835577e-03 0.0000000000000000e+00 -8.2961850664616280e-15 -1.5586999999959523e-03 0.0000000000000000e+00 -9.7979650786816354e-15 -1.5850157142840882e-03 0.0000000000000000e+00 -4.8822629271492405e-15 -1.5586999999959033e-03 0.0000000000000000e+00 -2.6351900026532652e-15 -1.5586999999956319e-03 0.0000000000000000e+00 -3.0562530761064789e-15 -1.5850157142825098e-03 0.0000000000000000e+00 -1.3686085202212933e-15 -1.5586999999952897e-03 0.0000000000000000e+00 -7.0767227953730025e-16 -1.5586999999952025e-03 0.0000000000000000e+00 -1.1450356433842689e-15 -1.5850157142813551e-03 0.0000000000000000e+00 -4.3878746852811181e-16 -1.5586999999951290e-03 0.0000000000000000e+00 -4.1652718234648584e-16 -1.5586999999951372e-03 0.0000000000000000e+00 -6.7751453021969107e-16 -1.5850157142809392e-03 0.0000000000000000e+00 -5.3575855800302191e-16 -1.5586999999951392e-03 0.0000000000000000e+00 -7.3475146904466399e-16 -1.5586999999951607e-03 0.0000000000000000e+00 -7.5643395731473496e-16 -1.5850157142808323e-03 0.0000000000000000e+00 -9.6832558481333550e-16 -1.5586999999951836e-03 0.0000000000000000e+00 -1.2080037070576737e-15 -1.5586999999952218e-03 0.0000000000000000e+00 -9.9311671213437387e-16 -1.5850157142808824e-03 0.0000000000000000e+00 -1.4320576842728172e-15 -1.5586999999952834e-03 0.0000000000000000e+00 -1.6257843509163463e-15 -1.5586999999953877e-03 0.0000000000000000e+00 -1.1784171467717489e-15 -1.5850157142810939e-03 0.0000000000000000e+00 -1.7990421720176874e-15 -1.5586999999955284e-03 0.0000000000000000e+00 -1.9794671174910132e-15 -1.5586999999957442e-03 0.0000000000000000e+00 -1.1018690851950100e-15 -1.5850157142815160e-03 0.0000000000000000e+00 -2.2368941190056152e-15 -1.5586999999960311e-03 0.0000000000000000e+00 -2.9566262383335041e-15 -1.5586999999966441e-03 0.0000000000000000e+00 1.7830737608869186e-16 -1.5850157142824686e-03 0.0000000000000000e+00 -6.4334749935700150e-16 -1.6072828571410129e-03 0.0000000000000000e+00 1.0365706229645196e-15 -1.6255014285687917e-03 0.0000000000000000e+00 -1.4524273601598419e-15 -1.6072828571407803e-03 0.0000000000000000e+00 -1.5138948147197092e-15 -1.6072828571400248e-03 0.0000000000000000e+00 -4.5644667539514127e-16 -1.6255014285683749e-03 0.0000000000000000e+00 -1.3005735548843983e-15 -1.6072828571393255e-03 0.0000000000000000e+00 -1.0581233228297988e-15 -1.6072828571387914e-03 0.0000000000000000e+00 -8.0995574602003406e-16 -1.6255014285674390e-03 0.0000000000000000e+00 -8.7868006543262789e-16 -1.6072828571384249e-03 0.0000000000000000e+00 -7.7162892214571870e-16 -1.6072828571381966e-03 0.0000000000000000e+00 -7.3981183463423296e-16 -1.6255014285668492e-03 0.0000000000000000e+00 -7.3128161821861819e-16 -1.6072828571380567e-03 0.0000000000000000e+00 -7.3660934049379811e-16 -1.6072828571379939e-03 0.0000000000000000e+00 -6.7256347685378831e-16 -1.6255014285666101e-03 0.0000000000000000e+00 -7.6640936036555211e-16 -1.6072828571379863e-03 0.0000000000000000e+00 -7.9957534275954719e-16 -1.6072828571380344e-03 0.0000000000000000e+00 -6.2951843390059730e-16 -1.6255014285666534e-03 0.0000000000000000e+00 -8.1528598899719727e-16 -1.6072828571381372e-03 0.0000000000000000e+00 -7.9489404700207972e-16 -1.6072828571382992e-03 0.0000000000000000e+00 -5.1267339352760679e-16 -1.6255014285669715e-03 0.0000000000000000e+00 -7.1293151507719561e-16 -1.6072828571385394e-03 0.0000000000000000e+00 -5.3426345567741379e-16 -1.6072828571388775e-03 0.0000000000000000e+00 -2.3892705076822466e-16 -1.6255014285676049e-03 0.0000000000000000e+00 -2.4022119276703091e-16 -1.6072828571394085e-03 0.0000000000000000e+00 1.9089108164506044e-16 -1.6072828571401044e-03 0.0000000000000000e+00 2.6147762242115965e-17 -1.6255014285684439e-03 0.0000000000000000e+00 2.2806275799990129e-15 -1.6396714285684085e-03 0.0000000000000000e+00 1.6086285027585538e-15 -1.6497928571390450e-03 0.0000000000000000e+00 9.5760035619947420e-16 -1.6396714285681034e-03 0.0000000000000000e+00 1.0338434007007777e-16 -1.6396714285678898e-03 0.0000000000000000e+00 -2.5816693379151694e-17 -1.6497928571389171e-03 0.0000000000000000e+00 -3.5721225892083930e-16 -1.6396714285676658e-03 0.0000000000000000e+00 -5.8059417372924711e-16 -1.6396714285673538e-03 0.0000000000000000e+00 -5.6400183256392787e-16 -1.6497928571386656e-03 0.0000000000000000e+00 -6.5930311244577036e-16 -1.6396714285671005e-03 0.0000000000000000e+00 -6.6363354599993952e-16 -1.6396714285668839e-03 0.0000000000000000e+00 -6.2962368075729167e-16 -1.6497928571383262e-03 0.0000000000000000e+00 -6.3528807215868372e-16 -1.6396714285667378e-03 0.0000000000000000e+00 -5.9339413988037083e-16 -1.6396714285666573e-03 0.0000000000000000e+00 -5.2490007618475232e-16 -1.6497928571381311e-03 0.0000000000000000e+00 -5.4418596558250486e-16 -1.6396714285666486e-03 0.0000000000000000e+00 -4.8577088084348207e-16 -1.6396714285667135e-03 0.0000000000000000e+00 -3.6271505865131183e-16 -1.6497928571382009e-03 0.0000000000000000e+00 -4.1392045354010146e-16 -1.6396714285668540e-03 0.0000000000000000e+00 -3.2301730484574132e-16 -1.6396714285670684e-03 0.0000000000000000e+00 -1.7321961633914390e-16 -1.6497928571385717e-03 0.0000000000000000e+00 -2.1417915619624955e-16 -1.6396714285673531e-03 0.0000000000000000e+00 -1.0403624356029384e-16 -1.6396714285676834e-03 0.0000000000000000e+00 1.4013600537756024e-17 -1.6497928571391680e-03 0.0000000000000000e+00 -5.3726608604421386e-18 -1.6396714285680297e-03 0.0000000000000000e+00 2.4502034936497820e-17 -1.6396714285683337e-03 0.0000000000000000e+00 1.8380997422451855e-16 -1.6497928571397036e-03 0.0000000000000000e+00 -1.4747284081216349e-15 -1.6558657142822411e-03 0.0000000000000000e+00 -9.1442362986683369e-16 -1.6558657142819128e-03 0.0000000000000000e+00 -7.2006979501640547e-16 -1.6558657142817005e-03 0.0000000000000000e+00 -6.9214116870377801e-16 -1.6558657142815780e-03 0.0000000000000000e+00 -6.9527155067363502e-16 -1.6558657142814691e-03 0.0000000000000000e+00 -6.8264062865834370e-16 -1.6558657142813362e-03 0.0000000000000000e+00 -6.4214126251604423e-16 -1.6558657142812004e-03 0.0000000000000000e+00 -5.7324638360621093e-16 -1.6558657142810942e-03 0.0000000000000000e+00 -4.8041502166789003e-16 -1.6558657142810337e-03 0.0000000000000000e+00 -3.7101180292770920e-16 -1.6558657142810380e-03 0.0000000000000000e+00 -2.5201464008505797e-16 -1.6558657142811148e-03 0.0000000000000000e+00 -1.3193871408322413e-16 -1.6558657142812638e-03 0.0000000000000000e+00 -2.0653333446497967e-17 -1.6558657142814862e-03 0.0000000000000000e+00 7.2153970166943132e-17 -1.6558657142817601e-03 0.0000000000000000e+00 1.3612917778682801e-16 -1.6558657142820633e-03 0.0000000000000000e+00 1.6682721395439721e-16 -1.6558657142823517e-03 0.0000000000000000e+00 1.6613101406021957e-16 -1.6558657142825728e-03 0.0000000000000000e+00
</DataArray>
        <DataArray type="Float64" format="ascii" Name="ux">
1.4798101965842829e-14 1.9410396730758382e-20 -4.1809727975665754e-17 -6.3562384929545300e-16 1.6938851822517741e-14 -1.8453370504262792e-14 -3.1481020551696643e-16 -3.9517532317374997e-16 -4.1744976373973122e-18 -4.2762649241854702e-17 -2.8541206893070501e-17 -1.7297284845220758e-16 2.0601177748379065e-16 8.2166656922586656e-16 4.2110032549016584e-16 1.9354193704828302e-16 1.1275161950372348e-16 3.6134475752518493e-17 2.3867708942349430e-18 -1.7532900533547393e-16 -5.7165358592171992e-17 6.7452455662534725e-16 5.5814464278559860e-16 3.8903812183467560e-16 4.0883685961154544e-16 1.5367764363975538e-15 -4.0068375462813617e-15 3.8827010910555878e-15 -3.4587407437375438e-15 -1.0562130062976040e-14 -2.8379244899941559e-15 1.3170810841129911e-15 -3.3768327211852479e-17 1.7802989231950093e-16 -1.6613780344605760e-14 1.1490784882425818e-15 -1.1204876635002100e-15 -4.0639662365135562e-15 8.5534742807256366e-15 -7.3139291175088391e-15 1.9086060665652953e-16 -1.2132752292106119e-15 -1.2495824896608224e-15 -1.0059364577945251e-15 -5.1778049228164144e-16 2.3688066945528562e-16 1.3485555753904936e-15 2.0187300081455698e-15 6.1515680083418651e-15 -7.4095243434834054e-16 -1.2704594382844611e-15 -1.1575010436899533e-15 -7.8874415917504705e-16 -1.7301179250800551e-16 7.3504133788855488e-16 1.6801616089705996e-15 -3.9164836980214432e-15 8.0696731254680772e-15 9.0763741784920581e-16 -3.0090797650608831e-14 -2.9216854398024625e-15 4.2002645514566823e-15 -2.5425751262678400e-15 4.3979273974748189e-15 -3.1641732719918960e-16 2.4399971629328647e-14 -2.3832390891481496e-15 -5.1318063521919580e-15 1.2444928030287830e-14 -1.1865996762070853e-14 -4.0150007033345070e-15 -7.4091397721392681e-15 5.5980510061986072e-15 2.1267793157333581e-16 -3.7761837852228144e-15 -1.4032648900374921e-14 -1.2110322867361131e-14 2.6322722530806151e-15 -2.0799624251218817e-15 -1.8713455305747571e-14 1.5428838275808214e-15 3.9834652047180644e-15 -1.0315074750602660e-14 -1.6197560403411802e-14 3.0451372089551665e-14 3.4012420899396819e-14 5.2270352972686637e-15 -1.0408623009544231e-14 2.6560212776543034e-15 3.2908161763797871e-15 -3.2046599504076568e-15 -1.3203025227804713e-15 -8.9342445506605706e-16 -7.7867919602214957e-16 -6.1030103948070824e-16 -3.1303620400814260e-16 2.9690592951618511e-17 2.8814834597478355e-16 3.0231155646653980e-16 -1.2201869870979832e-15 -1.0657936251355697e-15 -8.3213269625449777e-16 -7.1023123643758795e-16 -4.7183099534215386e-16 -1.3987955892659790e-16 1.7668476664285993e-16 3.2984325684236744e-16 1.6772688048343858e-16 3.3920093204243509e-16 5.5433850432332549e-17 2.2006468390462279e-15 -7.8880169789218785e-15 6.9360788016422064e-15 2.1488093916931982e-14 -5.7649167556160854e-16 1.0456715774425429e-14 1.0570120565207447e-16 -3.4277829385938058e-17 3.7444222264988699e-17 -3.5105408261806166e-15 -2.0550039637307296e-15 -2.1395150343527822e-14 -2.7676652783902929e-14 -5.7241154112116159e-15 -6.5049212365589996e-15 4.6213250393454835e-15 1.3481076353470177e-15 -1.2173032971938285e-16 -7.8180702228731720e-16 -1.0787732225778933e-15 -1.0881183231365835e-15 -7.6160359127652420e-16 -9.8542427184952262e-16 -1.5908836030868372e-15 -1.4965427111266917e-15 -1.3899066684944520e-15 -1.5015918730379464e-15 -1.5768392307777326e-15 -1.5640419585521954e-15 -1.5388627105980538e-15 -1.7212302623367720e-15 -4.7773132271047059e-15 -2.7987245557231036e-15 -2.3829387782153287e-15 -2.2526709523824272e-15 -2.2185237139706637e-15 -2.2028073996410467e-15 -2.2120630216386453e-15 -2.3691639179349709e-15 -3.0517296864008198e-15 -2.9799341292386214e-15 -2.8646744711076775e-15 -2.7395940525605795e-15 -2.7364293017991392e-15 -2.7876686797960649e-15 -2.5720317351884642e-15 -1.0819166516072738e-15 -3.5763236621372591e-15 -3.3744548032913397e-15 -2.9598321615535718e-15 -2.8182615431788979e-15 -2.9365126814558112e-15 -3.3003009939228154e-15 -3.9136893197273847e-15 -4.8755262244362126e-15 -3.3483072546309865e-15 -2.5879973956145060e-15 -2.3737262012780950e-15 -2.3710938612195243e-15 -2.5956398359411313e-15 -3.1121417740130678e-15 -3.9567566703404525e-15 -4.8817407004354293e-15 -1.1216833915595498e-16 -1.1182678700267445e-15 -1.3643230659566223e-15 -1.5293418519407479e-15 -1.7486005822533563e-15 -2.1102527000696724e-15 -2.6195974931749990e-15 -2.2823699375347703e-15 6.7681359183806424e-16 4.7800373560739242e-17 -4.1368852136653408e-16 -6.3970139502537388e-16 -7.6868431804531263e-16 -7.9210467938560006e-16 -1.1145350381664132e-15 -2.7930776547366980e-15 1.2925179899528875e-14 6.4019852220585371e-15 7.0264129749540646e-15 3.7485230025127419e-15 2.8221994690765567e-15 2.0095894914088847e-15 9.3581294814798689e-16 4.8313873664573368e-16 2.4582694943272036e-16 -2.2772701667848153e-16 -5.0758471123452353e-16 -5.6714304398785973e-16 -8.1182907042016762e-16 -9.6464734708768754e-16 -9.8087080333387425e-16 -1.0811003729434182e-15 -1.1184074180770707e-15 -1.1179711217261305e-15 -1.1015554676298687e-15 -9.5095283839608750e-16 -1.0689601524498414e-15 -1.1041661082895100e-15 -5.9522040901971082e-16 -1.4379984219783239e-15 -2.5506864056383958e-15 -2.3376308503427269e-15 2.4309400934780776e-16 -9.3811551149247510e-16 5.8574977320329567e-16 4.1143247527147111e-16 -1.6224735659543285e-15 -4.0582520085651251e-17 -4.1460593056743439e-16 -1.3892361610730354e-15 -7.0593044470299518e-16 -9.3409852644292915e-16 -1.4417432611818225e-15 -1.1022001487471010e-15 -1.2186289172681666e-15 -1.5494431604378247e-15 -1.2836347454377612e-15 -1.2954538226364551e-15 -1.5824508736206991e-15 -1.2466954698910729e-15 -1.1303298889559802e-15 -1.5583426921209012e-15 -9.1301822011908656e-16 -5.8622562633693786e-16 -1.7039853747868555e-15 3.2523511663362649e-16 2.5738046301614448e-15 -4.1188809368084733e-15 -6.8938848857819472e-15 -1.2511254008018872e-14 -4.3372497666670872e-15 -2.9828361384678196e-15 -3.6552422123030875e-15 -2.4138444956005048e-15 -2.1146706542904504e-15 -2.5631728893772149e-15 -1.9806920032244424e-15 -1.9232376767073605e-15 -2.3037353940386088e-15 -1.9056842112829942e-15 -1.9035586978427008e-15 -2.2299213856327811e-15 -1.9043473656149178e-15 -1.9024985833806239e-15 -2.2097294052359856e-15 -1.9023615999318650e-15 -1.9169594194995044e-15 -2.1914575459896212e-15 -1.9986453236408967e-15 -2.1795975028875431e-15 -2.2566274720954203e-15 -2.7735628008234319e-15 -4.1151916769691106e-15 -2.9113823505987588e-15 2.5186868050373822e-15 -3.3534873870947906e-15 -1.0577566414710720e-15 -2.3472064314088243e-15 -2.9136081883374740e-15 -2.6442826631808721e-15 -2.6915464709917449e-15 -2.9230965495902865e-15 -2.6417902324577914e-15 -2.5813845970261116e-15 -2.7866302663751881e-15 -2.5342448826528034e-15 -2.5083931856572327e-15 -2.7232562964335877e-15 -2.4990971456377637e-15 -2.4955726382367361e-15 -2.7657420986095745e-15 -2.4782307153683431e-15 -2.4232642450355049e-15 -2.7414230412670709e-15 -2.2850793606170515e-15 -2.0332213046721385e-15 -2.0289368007610851e-15 -1.7140362992376557e-15 -1.3030847286136237e-15 9.2785674616781711e-16 -6.4750656186586380e-15 -1.1040309350958515e-15 -4.7582078837287917e-15 -3.9235961401711773e-15 -3.5743901318048397e-15 -3.4738707049604387e-15 -3.1883489709256561e-15 -3.1405496414841158e-15 -3.0086024743804610e-15 -2.8968516835800340e-15 -2.8570214483793568e-15 -2.8439052240873445e-15 -2.8439845261777698e-15 -2.8477006845677440e-15 -2.8906910176373808e-15 -2.9718845305248166e-15 -3.0921590290209411e-15 -3.0682196400574331e-15 -3.1341812392239373e-15 -3.5877893354653072e-15 -3.0981134460671820e-15 -2.8136031704564184e-15 -4.3859947720252379e-15 -2.0246014160032547e-15 -4.9570357964838152e-16 -4.6287428377547439e-15 -3.2631198306377551e-15 -3.6094275901367889e-15 -3.3913463514076486e-15 -3.2830206881320856e-15 -2.8071937209315929e-15 -3.0513265335760312e-15 -2.8738037137809437e-15 -2.4446102545985996e-15 -2.7403046036058098e-15 -2.6708014267225469e-15 -2.3460262047653958e-15 -2.6631752550706162e-15 -2.7222518686886655e-15 -2.4524434161774714e-15 -2.8516240033679932e-15 -3.0607911275161732e-15 -2.8120319236507924e-15 -3.3652791086651601e-15 -3.7943301338524743e-15 -3.4816232309165567e-15 -4.4234288542109288e-15 -5.3965415108091792e-15 -4.3383061512574608e-15 -7.1164357694828466e-15 -1.0244060840891664e-14 -3.5971766327265688e-15 -3.9733920319457421e-15 1.8019135932513575e-15 -2.7129669334629879e-15 -2.2059373480239758e-15 -8.3676526903926479e-16 -2.0290864153742489e-15 -1.9389549232950992e-15 -1.2685962258282430e-15 -1.9174763565043325e-15 -1.9322288809277727e-15 -1.4454601047580343e-15 -1.9855754057828410e-15 -2.0792136661436951e-15 -1.6277208372600265e-15 -2.2193079533008537e-15 -2.4159814876200264e-15 -1.9078651343247935e-15 -2.6700165394885260e-15 -2.9758224069652650e-15 -2.3797991897046543e-15 -3.2465173853542993e-15 -3.3522535560423374e-15 -2.6866532122564015e-15 -2.8078464246907515e-15 -1.1139965683436877e-15 -9.8945894431198560e-16 2.9482228140454009e-15 4.6965542292965207e-16 1.3223056360375430e-15 2.1676770779429076e-16 4.0850670068835195e-16 -3.0374000703275648e-16 -6.0938668550282204e-16 -2.0028905039670044e-16 -8.1482609194258002e-16 -9.5151180324851898e-16 -5.4450126960602427e-16 -1.0597289147526820e-15 -1.1525504177137569e-15 -7.0985916335373467e-16 -1.2447379758864112e-15 -1.3440585610332844e-15 -7.8546711341725448e-16 -1.4791209961713321e-15 -1.6838227620397696e-15 -8.9450190374051798e-16 -1.9804031107713070e-15 -2.2803011355450131e-15 -1.8816600046170450e-15 -2.2216721427694576e-15 -1.3941622323866002e-15 -1.9867547446122450e-15 1.0741970638173505e-15 -9.2405942215053652e-17 1.3658339636328802e-16 7.3528701511746448e-17 -4.4761725797275022e-17 -1.3226605653439394e-16 -2.2512474265322532e-16 -2.8484587731719212e-16 -3.2408105013423301e-16 -3.5133788833267083e-16 -3.6211043286180194e-16 -3.1278375458989374e-16 -2.7581052736843767e-16 -2.9276245469541878e-16 -5.3638588648609727e-16 -1.3959535379824672e-15 -1.1556608440717391e-15 -6.1123696753967533e-15 -1.6786201746613813e-15 -3.8700937624627955e-16 -6.1181756718242215e-16 -1.2761367299654245e-15 -1.9212029072119368e-15 -2.0761063359597578e-15 -1.1881080806121303e-15 9.8626468917607375e-16 1.1817522804957743e-15 7.4808377670999074e-16 -2.7508633597618926e-16 -1.5083215996473383e-15 -2.8936966369914583e-15 -4.5349010939483752e-15 -6.6593261727469320e-15 1.0847222033462059e-14 5.7874826625205923e-15 2.3982732462163786e-15 2.5103359241687457e-16 -1.4724944946025521e-15 -3.2431404412487483e-15 -5.3826427910976800e-15 -7.0061557397731199e-15 8.4256176097275230e-15 4.8277856790813158e-15 2.1068890215678808e-15 2.4249188181361068e-16 -1.2512420130353305e-15 -2.6205996844940515e-15 -3.8038390468588680e-15 -4.9348057156939177e-15 -1.1684675847278141e-15 2.3549753357716391e-16 3.2865334355375627e-16 -2.7503434767580304e-16 -1.0508790545191613e-15 -1.7905487317075617e-15 -2.3417598475978117e-15 -3.1021113905120602e-15 -4.9155200528043183e-15 -1.7611842403266645e-15 -7.9227760789946759e-16 -6.7585718917517612e-16 -8.7014102875828362e-16 -1.1027088564988029e-15 -1.2118234071547241e-15 -8.1266829062404929e-16 1.4107931235873650e-16 -7.5024022514936578e-16 -7.8505518284846842e-16 -6.9755570784376154e-16 -6.5201912790366757e-16 -5.8749578003795018e-16 -3.9115908645805881e-16 -1.0750825494247772e-16 4.3796442084835129e-16 -4.0296598212552413e-16 -6.3728065102876155e-16 -5.8876334236876364e-16 -4.4772421833323427e-16 -2.6952669600895134e-16 -7.7691970527071684e-17 8.7841743561248211e-17 -7.1686828988403317e-15 -7.1352634458197969e-15 -4.2304576405161747e-15 -2.0151964286706088e-15 -3.3902790822179595e-15 -8.4531043000011936e-16 -3.6141934200138019e-16 -7.4103801563160451e-16 -2.5030991786288068e-16 -3.6845814584120938e-16 -4.0482115268664856e-16 -5.8961173391286015e-16 -8.5592361976058027e-16 -9.2491055145397199e-16 -1.1196372952390196e-15 -1.3532213950257694e-15 -1.6207513605061390e-15 -1.5282382119410726e-15 -1.6153977102695753e-15 -2.0884811772680814e-15 -1.5616965381022075e-15 -1.3370765235794649e-15 -1.6987720655341174e-15 -7.5627487392448141e-16 -7.1763921356553001e-16 2.3667122249574190e-15 -1.1047725543151514e-14 -2.7550071985138427e-15 -5.6912559257827686e-15 -2.5059173906612528e-15 9.3113199748425852e-16 -1.0346043345088701e-15 -3.0483130104638029e-16 1.0300713808162134e-15 -1.0453794392217795e-16 -2.2410470033068347e-16 2.6105572304601745e-16 -5.3489696581612042e-16 -9.5302210977729812e-16 -8.7915575502344775e-16 -1.4269206071025995e-15 -1.9233785147187707e-15 -2.1830649068098949e-15 -2.4182205182275222e-15 -2.8794746166265900e-15 -3.6812542049448204e-15 -3.2758384196644686e-15 -3.5889005038294325e-15 -5.5266950666957951e-15 -3.5266435807694117e-15 -3.1571410168917295e-15 -5.3191911711253473e-15 1.4107805115319575e-14 5.7176208090232575e-15 9.4280120314813675e-15 6.4512477541446465e-15 8.0236115029737389e-15 4.3235548595988348e-15 2.8665023287892901e-15 3.8665280192233685e-15 1.7522670673675330e-15 8.3757381620385906e-16 1.2327218426170349e-15 1.5417105397151379e-17 -7.6185113860457008e-16 -6.2990443302962428e-16 -1.5388474927426889e-15 -2.3498693302658124e-15 -2.3277548915775868e-15 -3.2394350572420316e-15 -4.2718630697053709e-15 -4.2383489243537527e-15 -5.5593218175756571e-15 -7.3016774342865696e-15 -6.2242131331409906e-15 -9.8894730140661326e-15 -1.4547363366303731e-14 8.2508937585424729e-16 1.9488451994193919e-14 7.4229998914060177e-15 1.3283289174725579e-14 9.1830355399423085e-15 6.5676054462676201e-15 6.2937723020435766e-15 4.1823545796946112e-15 3.3432087362727533e-15 2.6021417526831350e-15 1.3725084934766451e-15 1.1128179975506210e-15 3.5690419356180547e-16 -5.3326784795162127e-16 -5.2575683384913424e-16 -1.3643620488204320e-15 -2.1862868331428057e-15 -1.9400548619708427e-15 -3.0371083990321746e-15 -3.9671172170280645e-15 -3.2337654194449422e-15 -5.0152842982496034e-15 -6.2772993892201587e-15 -4.2126900772103940e-15 -7.5722098114881254e-15 -9.3637424121436669e-15 -2.0226067361768098e-15 4.0235014587050790e-15 -2.1374158569858215e-15 3.4949406692209188e-15 3.0730194733788247e-15 -2.9663985100366329e-16 2.5243183177817731e-15 1.9035554433351057e-15 4.1968312189535461e-16 1.2672045423308104e-15 6.3096372247264410e-16 7.0691471707575787e-17 1.9256744822720600e-17 -5.7064994831842467e-16 -6.5636095062510966e-16 -1.1363668814638950e-15 -1.6794677003763976e-15 -1.4326457217173037e-15 -2.1921275193692754e-15 -2.6617634908654268e-15 -2.1040130025355740e-15 -3.0599548537722901e-15 -3.3888313292326707e-15 -2.6906836200537513e-15 -3.0508415403117947e-15 -1.8635909148769332e-15 -4.6803230223894910e-15 -8.2961850664616280e-15 -9.7979650786816354e-15 -4.8822629271492405e-15 -2.6351900026532652e-15 -3.0562530761064789e-15 -1.3686085202212933e-15 -7.0767227953730025e-16 -1.1450356433842689e-15 -4.3878746852811181e-16 -4.1652718234648584e-16 -6.7751453021969107e-16 -5.3575855800302191e-16 -7.3475146904466399e-16 -7.5643395731473496e-16 -9.6832558481333550e-16 -1.2080037070576737e-15 -9.9311671213437387e-16 -1.4320576842728172e-15 -1.6257843509163463e-15 -1.1784171467717489e-15 -1.7990421720176874e-15 -1.9794671174910132e-15 -1.1018690851950100e-15 -2.2368941190056152e-15 -2.9566262383335041e-15 1.7830737608869186e-16 -6.4334749935700150e-16 1.0365706229645196e-15 -1.4524273601598419e-15 -1.5138948147197092e-15 -4.5644667539514127e-16 -1.3005735548843983e-15 -1.0581233228297988e-15 -8.0995574602003406e-16 -8.7868006543262789e-16 -7.7162892214571870e-16 -7.3981183463423296e-16 -7.3128161821861819e-16 -7.3660934049379811e-16 -6.7256347685378831e-16 -7.6640936036555211e-16 -7.9957534275954719e-16 -6.2951843390059730e-16 -8.1528598899719727e-16 -7.9489404700207972e-16 -5.1267339352760679e-16 -7.1293151507719561e-16 -5.3426345567741379e-16 -2.3892705076822466e-16 -2.4022119276703091e-16 1.9089108164506044e-16 2.6147762242115965e-17 2.2806275799990129e-15 1.6086285027585538e-15 9.5760035619947420e-16 1.0338434007007777e-16 -2.5816693379151694e-17 -3.5721225892083930e-16 -5.8059417372924711e-16 -5.6400183256392787e-16 -6.5930311244577036e-16 -6.6363354599993952e-16 -6.2962368075729167e-16 -6.3528807215868372e-16 -5.9339413988037083e-16 -5.2490007618475232e-16 -5.4418596558250486e-16 -4.8577088084348207e-16 -3.6271505865131183e-16 -4.1392045354010146e-16 -3.2301730484574132e-16 -1.7321961633914390e-16 -2.1417915619624955e-16 -1.0403624356029384e-16 1.4013600537756024e-17 -5.3726608604421386e-18 2.4502034936497820e-17 1.8380997422451855e-16 -1.4747284081216349e-15 -9.1442362986683369e-16 -7.2006979501640547e-16 -6.9214116870377801e-16 -6.9527155067363502e-16 -6.8264062865834370e-16 -6.4214126251604423e-16 -5.7324638360621093e-16 -4.8041502166789003e-16 -3.7101180292770920e-16 -2.5201464008505797e-16 -1.3193871408322413e-16 -2.0653333446497967e-17 7.2153970166943132e-17 1.3612917778682801e-16 1.6682721395439721e-16 1.6613101406021957e-16
</DataArray>
        <DataArray type="Float64" format="ascii" Name="uy">
4.3369727248256378e-16 -5.2338522852646036e-19 -1.6578899999967708e-03 -1.6578899999974417e-03 -1.0020214285720696e-03 -1.0020214285779059e-03 -7.2551430350302182e-17 6.4022238336723763e-19 -2.7666313927838796e-17 1.3358399464235730e-17 -2.2247678537767105e-17 2.0315965326776609e-17 -7.8880283878855681e-17 4.2891662180511811e-16 -4.3582121576662985e-15 1.5644242503947577e-17 -2.1616605198362232e-18 5.1896156435081444e-18 4.8856821468801371e-18 1.3994878901395730e-16 -1.5243139705156865e-16 -1.8921506921879011e-16 2.4877807781712365e-14 -1.4552365078254008e-04 -2.8250031745146766e-04 -4.1092999999060848e-04 -5.3081269840826067e-04 -6.4214841269381493e-04 -7.4493714285315117e-04 -8.3917888888841111e-04 -9.2487365079167727e-04 -7.3830198404040094e-05 -2.1508035713323486e-04 -3.4778353173747529e-04 -4.7193972221813230e-04 -5.8754892856713173e-04 -6.9461115078953584e-04 -7.9312638888564971e-04 -8.8309464285296396e-04 -9.6451591270036515e-04 -1.0020214285681652e-03 -1.0020214285693580e-03 -1.0020214285698173e-03 -1.0020214285700287e-03 -1.0020214285700896e-03 -1.0020214285698093e-03 -1.0020214285686455e-03 -1.0020214285649380e-03 -1.0020214285689831e-03 -1.0020214285689855e-03 -1.0020214285696462e-03 -1.0020214285699368e-03 -1.0020214285700773e-03 -1.0020214285699973e-03 -1.0020214285693593e-03 -1.0020214285673989e-03 -1.0020214285666571e-03 -9.2487365079078551e-04 -8.3917888888471333e-04 -7.4493714286080705e-04 -6.4214841269902311e-04 -5.3081269841334048e-04 -4.1093000000122417e-04 -2.8250031746279941e-04 -1.4552365079509820e-04 -9.6451591269480286e-04 -8.8309464285443718e-04 -7.9312638888557317e-04 -6.9461115079032503e-04 -5.8754892857456611e-04 -4.7193972222428097e-04 -3.4778353174970189e-04 -2.1508035714424859e-04 -7.3830198414877643e-05 -1.1396728571427533e-03 -1.2611299999896128e-03 -1.3663928571329010e-03 -1.4554614285694908e-03 -1.5283357142861984e-03 -1.5850157142803393e-03 -1.6255014285666330e-03 -1.6497928571406612e-03 -1.0728714285750196e-03 -1.2024257142797291e-03 -1.3157857142844986e-03 -1.4129514285735664e-03 -1.4939228571436312e-03 -1.5586999999984263e-03 -1.6072828571396273e-03 -1.6396714285678896e-03 -1.6558657142824612e-03 -1.6578899999964273e-03 -1.6578899999958687e-03 -1.6578899999956328e-03 -1.6578899999954229e-03 -1.6578899999953850e-03 -1.6578899999956094e-03 -1.6578899999960812e-03 -1.6578899999966194e-03 -1.6578899999966866e-03 -1.6578899999960530e-03 -1.6578899999957618e-03 -1.6578899999955148e-03 -1.6578899999953741e-03 -1.6578899999954652e-03 -1.6578899999958262e-03 -1.6578899999963679e-03 -1.6578899999968061e-03 -1.6497928571398309e-03 -1.6255014285685829e-03 -1.5850157142841556e-03 -1.5283357142833439e-03 -1.4554614285727167e-03 -1.3663928571467769e-03 -1.2611299999982825e-03 -1.1396728571415030e-03 -1.6558657142825848e-03 -1.6396714285684343e-03 -1.6072828571402163e-03 -1.5586999999980949e-03 -1.4939228571414780e-03 -1.4129514285659834e-03 -1.3157857142790351e-03 -1.2024257142810976e-03 -1.0728714285664564e-03 -9.2487365079277004e-04 -9.2487365079222230e-04 -9.2487365079234308e-04 -9.2487365079227358e-04 -9.2487365079202172e-04 -9.2487365079166068e-04 -9.2487365079130495e-04 -9.2487365079195276e-04 -8.3917888888778878e-04 -8.3917888888842152e-04 -8.3917888888815427e-04 -8.3917888888777208e-04 -8.3917888888726945e-04 -8.3917888888667086e-04 -8.3917888888601232e-04 -8.3917888888508988e-04 -7.4493714285521332e-04 -7.4493714285665705e-04 -7.4493714285665336e-04 -7.4493714285622196e-04 -7.4493714285557989e-04 -7.4493714285485261e-04 -7.4493714285428969e-04 -7.4493714285402330e-04 -6.4214841270005224e-04 -6.4214841269884476e-04 -6.4214841269833378e-04 -6.4214841269774115e-04 -6.4214841269695912e-04 -6.4214841269598138e-04 -6.4214841269493307e-04 -6.4214841269439465e-04 -5.3081269841339035e-04 -5.3081269841314034e-04 -5.3081269841273062e-04 -5.3081269841218559e-04 -5.3081269841143760e-04 -5.3081269841036825e-04 -5.3081269840881036e-04 -5.3081269840664607e-04 -4.1093000000126239e-04 -4.1093000000025988e-04 -4.1092999999989564e-04 -4.1092999999955450e-04 -4.1092999999904894e-04 -4.1092999999824646e-04 -4.1092999999705942e-04 -4.1092999999616431e-04 -2.8250031746035188e-04 -2.8250031746030607e-04 -2.8250031746018453e-04 -2.8250031746003312e-04 -2.8250031745975275e-04 -2.8250031745919281e-04 -2.8250031745773499e-04 -2.8250031745446797e-04 -1.4552365079579233e-04 -1.4552365079395456e-04 -1.4552365079365955e-04 -1.4552365079356449e-04 -1.4552365079341774e-04 -1.4552365079321150e-04 -1.4552365079231150e-04 -1.4552365078669292e-04 -9.6451591269496983e-04 -9.2487365079228898e-04 -9.6451591269502870e-04 -9.6451591269565949e-04 -9.2487365079214955e-04 -9.6451591269625786e-04 -9.6451591269669317e-04 -9.2487365079232042e-04 -9.6451591269694189e-04 -9.6451591269705128e-04 -9.2487365079234568e-04 -9.6451591269706874e-04 -9.6451591269701355e-04 -9.2487365079216917e-04 -9.6451591269691998e-04 -9.6451591269678771e-04 -9.2487365079185258e-04 -9.6451591269663159e-04 -9.6451591269642917e-04 -9.2487365079145587e-04 -9.6451591269612602e-04 -9.6451591269566090e-04 -9.2487365079109830e-04 -9.6451591269473434e-04 -9.6451591269428733e-04 -9.2487365079161710e-04 -8.8309464285554165e-04 -8.3917888888799164e-04 -8.8309464285618383e-04 -8.8309464285636716e-04 -8.3917888888844321e-04 -8.8309464285636575e-04 -8.8309464285631859e-04 -8.3917888888827299e-04 -8.8309464285619347e-04 -8.8309464285609134e-04 -8.3917888888797006e-04 -8.8309464285591906e-04 -8.8309464285575741e-04 -8.3917888888753389e-04 -8.8309464285552496e-04 -8.8309464285530844e-04 -8.3917888888697932e-04 -8.8309464285502969e-04 -8.8309464285479095e-04 -8.3917888888635796e-04 -8.8309464285455134e-04 -8.8309464285452239e-04 -8.3917888888577726e-04 -8.8309464285476851e-04 -8.8309464285430675e-04 -8.3917888888478771e-04 -7.9312638889014395e-04 -7.4493714285418897e-04 -7.9312638888869003e-04 -7.9312638888838201e-04 -7.4493714285634707e-04 -7.9312638888846126e-04 -7.9312638888840630e-04 -7.4493714285674151e-04 -7.9312638888828400e-04 -7.9312638888812375e-04 -7.4493714285647111e-04 -7.9312638888787243e-04 -7.9312638888762437e-04 -7.4493714285591968e-04 -7.9312638888729434e-04 -7.9312638888699011e-04 -7.4493714285521451e-04 -7.9312638888663178e-04 -7.9312638888632766e-04 -7.4493714285451043e-04 -7.9312638888603482e-04 -7.9312638888580237e-04 -7.4493714285410386e-04 -7.9312638888580052e-04 -7.9312638888649973e-04 -7.4493714285423006e-04 -6.9461115079235834e-04 -6.4214841269959384e-04 -6.9461115079358057e-04 -6.9461115079363532e-04 -6.4214841269905987e-04 -6.9461115079359401e-04 -6.9461115079353503e-04 -6.4214841269857631e-04 -6.9461115079334779e-04 -6.9461115079315231e-04 -6.4214841269805872e-04 -6.9461115079284211e-04 -6.9461115079253561e-04 -6.4214841269737708e-04 -6.9461115079212979e-04 -6.9461115079174826e-04 -6.4214841269649887e-04 -6.9461115079129431e-04 -6.9461115079092752e-04 -6.4214841269547398e-04 -6.9461115079056464e-04 -6.9461115079039984e-04 -6.4214841269457517e-04 -6.9461115079037978e-04 -6.9461115079049850e-04 -6.4214841269441872e-04 -5.8754892857142593e-04 -5.3081269841384658e-04 -5.8754892857191133e-04 -5.8754892857200761e-04 -5.3081269841338916e-04 -5.8754892857185159e-04 -5.8754892857164885e-04 -5.3081269841295689e-04 -5.8754892857140479e-04 -5.8754892857113569e-04 -5.3081269841247453e-04 -5.8754892857082182e-04 -5.8754892857046511e-04 -5.3081269841184146e-04 -5.8754892857004358e-04 -5.8754892856956306e-04 -5.3081269841095133e-04 -5.8754892856899689e-04 -5.8754892856837011e-04 -5.3081269840967013e-04 -5.8754892856763556e-04 -5.8754892856692606e-04 -5.3081269840786114e-04 -5.8754892856617482e-04 -5.8754892856610521e-04 -5.3081269840660563e-04 -4.7193972222381048e-04 -4.1093000000189329e-04 -4.7193972222331175e-04 -4.7193972222288284e-04 -4.1093000000047612e-04 -4.7193972222258181e-04 -4.7193972222234139e-04 -4.1093000000004028e-04 -4.7193972222217090e-04 -4.7193972222193926e-04 -4.1092999999973345e-04 -4.7193972222172670e-04 -4.7193972222141505e-04 -4.1092999999932606e-04 -4.7193972222109244e-04 -4.7193972222063583e-04 -4.1092999999868481e-04 -4.7193972222013618e-04 -4.7193972221946012e-04 -4.1092999999767222e-04 -4.7193972221872628e-04 -4.7193972221782699e-04 -4.1092999999633474e-04 -4.7193972221695648e-04 -4.7193972221656595e-04 -4.1092999999521352e-04 -3.4778353174678929e-04 -2.8250031746112324e-04 -3.4778353174619520e-04 -3.4778353174611546e-04 -2.8250031746050665e-04 -3.4778353174606808e-04 -3.4778353174595483e-04 -2.8250031746026986e-04 -3.4778353174588701e-04 -3.4778353174575832e-04 -2.8250031746012257e-04 -3.4778353174565559e-04 -3.4778353174546250e-04 -2.8250031745991576e-04 -3.4778353174527048e-04 -3.4778353174495249e-04 -2.8250031745952257e-04 -3.4778353174459053e-04 -3.4778353174402701e-04 -2.8250031745866524e-04 -3.4778353174330114e-04 -3.4778353174237783e-04 -2.8250031745644555e-04 -3.4778353174110270e-04 -3.4778353173886675e-04 -2.8250031745212371e-04 -2.1508035714453712e-04 -1.4552365079511265e-04 -2.1508035714417321e-04 -2.1508035714348686e-04 -1.4552365079448961e-04 -2.1508035714305491e-04 -2.1508035714288583e-04 -1.4552365079380957e-04 -2.1508035714279673e-04 -2.1508035714271743e-04 -1.4552365079362312e-04 -2.1508035714267549e-04 -2.1508035714256697e-04 -1.4552365079351502e-04 -2.1508035714246966e-04 -2.1508035714227727e-04 -1.4552365079330303e-04 -2.1508035714207487e-04 -2.1508035714158224e-04 -1.4552365079290521e-04 -2.1508035714074873e-04 -2.1508035713904312e-04 -1.4552365079058838e-04 -2.1508035713618595e-04 -2.1508035713322843e-04 -1.4552365078184207e-04 -7.3830198413000212e-05 -7.3830198413790771e-05 -7.3830198413217703e-05 -7.3830198412847827e-05 -7.3830198412866719e-05 -7.3830198412740315e-05 -7.3830198412688260e-05 -7.3830198412659461e-05 -7.3830198412620809e-05 -7.3830198412585776e-05 -7.3830198412436928e-05 -7.3830198412475146e-05 -7.3830198412392273e-05 -7.3830198412109350e-05 -7.3830198411068597e-05 -7.3830198407949578e-05 -7.3830198396860399e-05 -1.1396728571410016e-03 -1.1396728571411760e-03 -1.1396728571413588e-03 -1.1396728571413509e-03 -1.1396728571413204e-03 -1.1396728571413438e-03 -1.1396728571413876e-03 -1.1396728571405985e-03 -1.2611300000033325e-03 -1.2611300000002117e-03 -1.2611299999988018e-03 -1.2611299999981771e-03 -1.2611299999979737e-03 -1.2611299999980515e-03 -1.2611299999984260e-03 -1.2611299999986695e-03 -1.3663928571419951e-03 -1.3663928571411045e-03 -1.3663928571404724e-03 -1.3663928571400709e-03 -1.3663928571398759e-03 -1.3663928571397939e-03 -1.3663928571397239e-03 -1.3663928571388533e-03 -1.4554614285659864e-03 -1.4554614285666124e-03 -1.4554614285672129e-03 -1.4554614285674128e-03 -1.4554614285674197e-03 -1.4554614285673367e-03 -1.4554614285671764e-03 -1.4554614285661180e-03 -1.5283357142806722e-03 -1.5283357142803350e-03 -1.5283357142807210e-03 -1.5283357142809556e-03 -1.5283357142810488e-03 -1.5283357142811059e-03 -1.5283357142813019e-03 -1.5283357142819370e-03 -1.5850157142836426e-03 -1.5850157142817808e-03 -1.5850157142810722e-03 -1.5850157142808538e-03 -1.5850157142808365e-03 -1.5850157142809611e-03 -1.5850157142812725e-03 -1.5850157142819621e-03 -1.6255014285687787e-03 -1.6255014285679369e-03 -1.6255014285671088e-03 -1.6255014285666935e-03 -1.6255014285665986e-03 -1.6255014285667796e-03 -1.6255014285672460e-03 -1.6255014285679781e-03 -1.6497928571387931e-03 -1.6497928571388200e-03 -1.6497928571384949e-03 -1.6497928571382024e-03 -1.6497928571381293e-03 -1.6497928571383494e-03 -1.6497928571388562e-03 -1.6497928571394763e-03 -1.0728714285697190e-03 -1.1396728571399092e-03 -1.0728714285675475e-03 -1.0728714285682137e-03 -1.1396728571411710e-03 -1.0728714285688854e-03 -1.0728714285694362e-03 -1.1396728571413891e-03 -1.0728714285697545e-03 -1.0728714285699278e-03 -1.1396728571413958e-03 -1.0728714285699952e-03 -1.0728714285700078e-03 -1.1396728571413408e-03 -1.0728714285699883e-03 -1.0728714285699464e-03 -1.1396728571413173e-03 -1.0728714285698946e-03 -1.0728714285697990e-03 -1.1396728571413496e-03 -1.0728714285697016e-03 -1.0728714285695388e-03 -1.1396728571413269e-03 -1.0728714285698012e-03 -1.0728714285705037e-03 -1.1396728571401694e-03 -1.2024257142827593e-03 -1.2611300000006638e-03 -1.2024257142861485e-03 -1.2024257142859642e-03 -1.2611300000010867e-03 -1.2024257142852737e-03 -1.2024257142848531e-03 -1.2611299999993576e-03 -1.2024257142844927e-03 -1.2024257142842858e-03 -1.2611299999984232e-03 -1.2024257142841210e-03 -1.2024257142840380e-03 -1.2611299999980407e-03 -1.2024257142839959e-03 -1.2024257142840106e-03 -1.2611299999979824e-03 -1.2024257142840820e-03 -1.2024257142842008e-03 -1.2611299999981994e-03 -1.2024257142843834e-03 -1.2024257142844641e-03 -1.2611299999985930e-03 -1.2024257142846625e-03 -1.2024257142845801e-03 -1.2611299999979555e-03 -1.3157857142819507e-03 -1.3663928571421959e-03 -1.3157857142853063e-03 -1.3157857142857671e-03 -1.3663928571413773e-03 -1.3157857142851901e-03 -1.3157857142845676e-03 -1.3663928571407040e-03 -1.3157857142840808e-03 -1.3157857142837188e-03 -1.3663928571402148e-03 -1.3157857142834825e-03 -1.3157857142833355e-03 -1.3663928571399486e-03 -1.3157857142832561e-03 -1.3157857142832401e-03 -1.3663928571398345e-03 -1.3157857142832661e-03 -1.3157857142833537e-03 -1.3663928571397898e-03 -1.3157857142834576e-03 -1.3157857142834821e-03 -1.3663928571395556e-03 -1.3157857142836651e-03 -1.3157857142829306e-03 -1.3663928571383199e-03 -1.4129514285685326e-03 -1.4554614285680395e-03 -1.4129514285674313e-03 -1.4129514285678229e-03 -1.4554614285663379e-03 -1.4129514285679628e-03 -1.4129514285680265e-03 -1.4554614285669674e-03 -1.4129514285680673e-03 -1.4129514285680278e-03 -1.4554614285673382e-03 -1.4129514285680001e-03 -1.4129514285679502e-03 -1.4554614285674260e-03 -1.4129514285679083e-03 -1.4129514285678600e-03 -1.4554614285673853e-03 -1.4129514285678084e-03 -1.4129514285677477e-03 -1.4554614285672695e-03 -1.4129514285677260e-03 -1.4129514285677060e-03 -1.4554614285671376e-03 -1.4129514285686250e-03 -1.4129514285712015e-03 -1.4554614285677489e-03 -1.4939228571395808e-03 -1.5283357142818498e-03 -1.4939228571373832e-03 -1.4939228571372268e-03 -1.5283357142803272e-03 -1.4939228571374348e-03 -1.4939228571378001e-03 -1.5283357142805880e-03 -1.4939228571380790e-03 -1.4939228571382696e-03 -1.5283357142808797e-03 -1.4939228571383821e-03 -1.4939228571384368e-03 -1.5283357142810167e-03 -1.4939228571384596e-03 -1.4939228571384563e-03 -1.5283357142810731e-03 -1.4939228571384537e-03 -1.4939228571384498e-03 -1.5283357142811659e-03 -1.4939228571384819e-03 -1.4939228571385116e-03 -1.5283357142815404e-03 -1.4939228571390500e-03 -1.4939228571416525e-03 -1.5283357142835577e-03 -1.5586999999959523e-03 -1.5850157142840882e-03 -1.5586999999959033e-03 -1.5586999999956319e-03 -1.5850157142825098e-03 -1.5586999999952897e-03 -1.5586999999952025e-03 -1.5850157142813551e-03 -1.5586999999951290e-03 -1.5586999999951372e-03 -1.5850157142809392e-03 -1.5586999999951392e-03 -1.5586999999951607e-03 -1.5850157142808323e-03 -1.5586999999951836e-03 -1.5586999999952218e-03 -1.5850157142808824e-03 -1.5586999999952834e-03 -1.5586999999953877e-03 -1.5850157142810939e-03 -1.5586999999955284e-03 -1.5586999999957442e-03 -1.5850157142815160e-03 -1.5586999999960311e-03 -1.5586999999966441e-03 -1.5850157142824686e-03 -1.6072828571410129e-03 -1.6255014285687917e-03 -1.6072828571407803e-03 -1.6072828571400248e-03 -1.6255014285683749e-03 -1.6072828571393255e-03 -1.6072828571387914e-03 -1.6255014285674390e-03 -1.6072828571384249e-03 -1.6072828571381966e-03 -1.6255014285668492e-03 -1.6072828571380567e-03 -1.6072828571379939e-03 -1.6255014285666101e-03 -1.6072828571379863e-03 -1.6072828571380344e-03 -1.6255014285666534e-03 -1.6072828571381372e-03 -1.6072828571382992e-03 -1.6255014285669715e-03 -1.6072828571385394e-03 -1.6072828571388775e-03 -1.6255014285676049e-03 -1.6072828571394085e-03 -1.6072828571401044e-03 -1.6255014285684439e-03 -1.6396714285684085e-03 -1.6497928571390450e-03 -1.6396714285681034e-03 -1.6396714285678898e-03 -1.6497928571389171e-03 -1.6396714285676658e-03 -1.6396714285673538e-03 -1.6497928571386656e-03 -1.6396714285671005e-03 -1.6396714285668839e-03 -1.6497928571383262e-03 -1.6396714285667378e-03 -1.6396714285666573e-03 -1.6497928571381311e-03 -1.6396714285666486e-03 -1.6396714285667135e-03 -1.6497928571382009e-03 -1.6396714285668540e-03 -1.6396714285670684e-03 -1.6497928571385717e-03 -1.6396714285673531e-03 -1.6396714285676834e-03 -1.6497928571391680e-03 -1.6396714285680297e-03 -1.6396714285683337e-03 -1.6497928571397036e-03 -1.6558657142822411e-03 -1.6558657142819128e-03 -1.6558657142817005e-03 -1.6558657142815780e-03 -1.6558657142814691e-03 -1.6558657142813362e-03 -1.6558657142812004e-03 -1.6558657142810942e-03 -1.6558657142810337e-03 -1.6558657142810380e-03 -1.6558657142811148e-03 -1.6558657142812638e-03 -1.6558657142814862e-03 -1.6558657142817601e-03 -1.6558657142820633e-03 -1.6558657142823517e-03 -1.6558657142825728e-03
</DataArray>
        <DataArray type="Float64" format="ascii" Name="U_magnitude">
1.4804455920959750e-14 5.2374503428762031e-19 1.6578899999967708e-03 1.6578899999974417e-03 1.0020214285720696e-03 1.0020214285779059e-03 3.2306218525774474e-16 3.9517584178461355e-16 2.7979480997301624e-17 4.4800569264552766e-17 3.6187838996448488e-17 1.7416183493759234e-16 2.2059680787998664e-16 9.2687939854337060e-16 4.3785087296199667e-15 1.9417317971317220e-16 1.1277233914801738e-16 3.6505238643743876e-17 5.4375146291215045e-18 2.2433440141538655e-16 1.6279806212011428e-16 7.0056100370352673e-16 2.4884068105237506e-14 1.4552365078254008e-04 2.8250031745146766e-04 4.1092999999060848e-04 5.3081269840826067e-04 6.4214841269381493e-04 7.4493714285315117e-04 8.3917888888841111e-04 9.2487365079167727e-04 7.3830198404040094e-05 2.1508035713323486e-04 3.4778353173747529e-04 4.7193972221813230e-04 5.8754892856713173e-04 6.9461115078953584e-04 7.9312638888564971e-04 8.8309464285296396e-04 9.6451591270036515e-04 1.0020214285681652e-03 1.0020214285693580e-03 1.0020214285698173e-03 1.0020214285700287e-03 1.0020214285700896e-03 1.0020214285698093e-03 1.0020214285686455e-03 1.0020214285649380e-03 1.0020214285689831e-03 1.0020214285689855e-03 1.0020214285696462e-03 1.0020214285699368e-03 1.0020214285700773e-03 1.0020214285699973e-03 1.0020214285693593e-03 1.0020214285673989e-03 1.0020214285666571e-03 9.2487365079078551e-04 8.3917888888471333e-04 7.4493714286080705e-04 6.4214841269902311e-04 5.3081269841334048e-04 4.1093000000122417e-04 2.8250031746279941e-04 1.4552365079509820e-04 9.6451591269480286e-04 8.8309464285443718e-04 7.9312638888557317e-04 6.9461115079032503e-04 5.8754892857456611e-04 4.7193972222428097e-04 3.4778353174970189e-04 2.1508035714424859e-04 7.3830198414877643e-05 1.1396728571427533e-03 1.2611299999896128e-03 1.3663928571329010e-03 1.4554614285694908e-03 1.5283357142861984e-03 1.5850157142803393e-03 1.6255014285666330e-03 1.6497928571406612e-03 1.0728714285750196e-03 1.2024257142797291e-03 1.3157857142844986e-03 1.4129514285735664e-03 1.4939228571436312e-03 1.5586999999984263e-03 1.6072828571396273e-03 1.6396714285678896e-03 1.6558657142824612e-03 1.6578899999964273e-03 1.6578899999958687e-03 1.6578899999956328e-03 1.6578899999954229e-03 1.6578899999953850e-03 1.6578899999956094e-03 1.6578899999960812e-03 1.6578899999966194e-03 1.6578899999966866e-03 1.6578899999960530e-03 1.6578899999957618e-03 1.6578899999955148e-03 1.6578899999953741e-03 1.6578899999954652e-03 1.6578899999958262e-03 1.6578899999963679e-03 1.6578899999968061e-03 1.6497928571398309e-03 1.6255014285685829e-03 1.5850157142841556e-03 1.5283357142833439e-03 1.4554614285727167e-03 1.3663928571467769e-03 1.2611299999982825e-03 1.1396728571415030e-03 1.6558657142825848e-03 1.6396714285684343e-03 1.6072828571402163e-03 1.5586999999980949e-03 1.4939228571414780e-03 1.4129514285659834e-03 1.3157857142790351e-03 1.2024257142810976e-03 1.0728714285664564e-03 9.2487365079277004e-04 9.2487365079222230e-04 9.2487365079234308e-04 9.2487365079227358e-04 9.2487365079202172e-04 9.2487365079166068e-04 9.2487365079130495e-04 9.2487365079195276e-04 8.3917888888778878e-04 8.3917888888842152e-04 8.3917888888815427e-04 8.3917888888777208e-04 8.3917888888726945e-04 8.3917888888667086e-04 8.3917888888601232e-04 8.3917888888508988e-04 7.4493714285521332e-04 7.4493714285665705e-04 7.4493714285665336e-04 7.4493714285622196e-04 7.4493714285557989e-04 7.4493714285485261e-04 7.4493714285428969e-04 7.4493714285402330e-04 6.4214841270005224e-04 6.4214841269884476e-04 6.4214841269833378e-04 6.4214841269774115e-04 6.4214841269695912e-04 6.4214841269598138e-04 6.4214841269493307e-04 6.4214841269439465e-04 5.3081269841339035e-04 5.3081269841314034e-04 5.3081269841273062e-04 5.3081269841218559e-04 5.3081269841143760e-04 5.3081269841036825e-04 5.3081269840881036e-04 5.3081269840664607e-04 4.1093000000126239e-04 4.1093000000025988e-04 4.1092999999989564e-04 4.1092999999955450e-04 4.1092999999904894e-04 4.1092999999824646e-04 4.1092999999705942e-04 4.1092999999616431e-04 2.8250031746035188e-04 2.8250031746030607e-04 2.8250031746018453e-04 2.8250031746003312e-04 2.8250031745975275e-04 2.8250031745919281e-04 2.8250031745773499e-04 2.8250031745446797e-04 1.4552365079579233e-04 1.4552365079395456e-04 1.4552365079365955e-04 1.4552365079356449e-04 1.4552365079341774e-04 1.4552365079321150e-04 1.4552365079231150e-04 1.4552365078669292e-04 9.6451591269496983e-04 9.2487365079228898e-04 9.6451591269502870e-04 9.6451591269565949e-04 9.2487365079214955e-04 9.6451591269625786e-04 9.6451591269669317e-04 9.2487365079232042e-04 9.6451591269694189e-04 9.6451591269705128e-04 9.2487365079234568e-04 9.6451591269706874e-04 9.6451591269701355e-04 9.2487365079216917e-04 9.6451591269691998e-04 9.6451591269678771e-04 9.2487365079185258e-04 9.6451591269663159e-04 9.6451591269642917e-04 9.2487365079145587e-04 9.6451591269612602e-04 9.6451591269566090e-04 9.2487365079109830e-04 9.6451591269473434e-04 9.6451591269428733e-04 9.2487365079161710e-04 8.8309464285554165e-04 8.3917888888799164e-04 8.8309464285618383e-04 8.8309464285636716e-04 8.3917888888844321e-04 8.8309464285636575e-04 8.8309464285631859e-04 8.3917888888827299e-04 8.8309464285619347e-04 8.8309464285609134e-04 8.3917888888797006e-04 8.8309464285591906e-04 8.8309464285575741e-04 8.3917888888753389e-04 8.8309464285552496e-04 8.8309464285530844e-04 8.3917888888697932e-04 8.8309464285502969e-04 8.8309464285479095e-04 8.3917888888635796e-04 8.8309464285455134e-04 8.8309464285452239e-04 8.3917888888577726e-04 8.8309464285476851e-04 8.8309464285430675e-04 8.3917888888478771e-04 7.9312638889014395e-04 7.4493714285418897e-04 7.9312638888869003e-04 7.9312638888838201e-04 7.4493714285634707e-04 7.9312638888846126e-04 7.9312638888840630e-04 7.4493714285674151e-04 7.9312638888828400e-04 7.9312638888812375e-04 7.4493714285647111e-04 7.9312638888787243e-04 7.9312638888762437e-04 7.4493714285591968e-04 7.9312638888729434e-04 7.9312638888699011e-04 7.4493714285521451e-04 7.9312638888663178e-04 7.9312638888632766e-04 7.4493714285451043e-04 7.9312638888603482e-04 7.9312638888580237e-04 7.4493714285410386e-04 7.9312638888580052e-04 7.9312638888649973e-04 7.4493714285423006e-04 6.9461115079235834e-04 6.4214841269959384e-04 6.9461115079358057e-04 6.9461115079363532e-04 6.4214841269905987e-04 6.9461115079359401e-04 6.9461115079353503e-04 6.4214841269857631e-04 6.9461115079334779e-04 6.9461115079315231e-04 6.4214841269805872e-04 6.9461115079284211e-04 6.9461115079253561e-04 6.4214841269737708e-04 6.9461115079212979e-04 6.9461115079174826e-04 6.4214841269649887e-04 6.9461115079129431e-04 6.9461115079092752e-04 6.4214841269547398e-04 6.9461115079056464e-04 6.9461115079039984e-04 6.4214841269457517e-04 6.9461115079037978e-04 6.9461115079049850e-04 6.4214841269441872e-04 5.8754892857142593e-04 5.3081269841384658e-04 5.8754892857191133e-04 5.8754892857200761e-04 5.3081269841338916e-04 5.8754892857185159e-04 5.8754892857164885e-04 5.3081269841295689e-04 5.8754892857140479e-04 5.8754892857113569e-04 5.3081269841247453e-04 5.8754892857082182e-04 5.8754892857046511e-04 5.3081269841184146e-04 5.8754892857004358e-04 5.8754892856956306e-04 5.3081269841095133e-04 5.8754892856899689e-04 5.8754892856837011e-04 5.3081269840967013e-04 5.8754892856763556e-04 5.8754892856692606e-04 5.3081269840786114e-04 5.8754892856617482e-04 5.8754892856610521e-04 5.3081269840660563e-04 4.7193972222381048e-04 4.1093000000189329e-04 4.7193972222331175e-04 4.7193972222288284e-04 4.1093000000047612e-04 4.7193972222258181e-04 4.7193972222234139e-04 4.1093000000004028e-04 4.7193972222217090e-04 4.7193972222193926e-04 4.1092999999973345e-04 4.7193972222172670e-04 4.7193972222141505e-04 4.1092999999932606e-04 4.7193972222109244e-04 4.7193972222063583e-04 4.1092999999868481e-04 4.7193972222013618e-04 4.7193972221946012e-04 4.1092999999767222e-04 4.7193972221872628e-04 4.7193972221782699e-04 4.1092999999633474e-04 4.7193972221695648e-04 4.7193972221656595e-04 4.1092999999521352e-04 3.4778353174678929e-04 2.8250031746112324e-04 3.4778353174619520e-04 3.4778353174611546e-04 2.8250031746050665e-04 3.4778353174606808e-04 3.4778353174595483e-04 2.8250031746026986e-04 3.4778353174588701e-04 3.4778353174575832e-04 2.8250031746012257e-04 3.4778353174565559e-04 3.4778353174546250e-04 2.8250031745991576e-04 3.4778353174527048e-04 3.4778353174495249e-04 2.8250031745952257e-04 3.4778353174459053e-04 3.4778353174402701e-04 2.8250031745866524e-04 3.4778353174330114e-04 3.4778353174237783e-04 2.8250031745644555e-04 3.4778353174110270e-04 3.4778353173886675e-04 2.8250031745212371e-04 2.1508035714453712e-04 1.4552365079511265e-04 2.1508035714417321e-04 2.1508035714348686e-04 1.4552365079448961e-04 2.1508035714305491e-04 2.1508035714288583e-04 1.4552365079380957e-04 2.1508035714279673e-04 2.1508035714271743e-04 1.4552365079362312e-04 2.1508035714267549e-04 2.1508035714256697e-04 1.4552365079351502e-04 2.1508035714246966e-04 2.1508035714227727e-04 1.4552365079330303e-04 2.1508035714207487e-04 2.1508035714158224e-04 1.4552365079290521e-04 2.1508035714074873e-04 2.1508035713904312e-04 1.4552365079058838e-04 2.1508035713618595e-04 2.1508035713322843e-04 1.4552365078184207e-04 7.3830198413000212e-05 7.3830198413790771e-05 7.3830198413217703e-05 7.3830198412847827e-05 7.3830198412866719e-05 7.3830198412740315e-05 7.3830198412688260e-05 7.3830198412659461e-05 7.3830198412620809e-05 7.3830198412585776e-05 7.3830198412436928e-05 7.3830198412475146e-05 7.3830198412392273e-05 7.3830198412109350e-05 7.3830198411068597e-05 7.3830198407949578e-05 7.3830198396860399e-05 1.1396728571410016e-03 1.1396728571411760e-03 1.1396728571413588e-03 1.1396728571413509e-03 1.1396728571413204e-03 1.1396728571413438e-03 1.1396728571413876e-03 1.1396728571405985e-03 1.2611300000033325e-03 1.2611300000002117e-03 1.2611299999988018e-03 1.2611299999981771e-03 1.2611299999979737e-03 1.2611299999980515e-03 1.2611299999984260e-03 1.2611299999986695e-03 1.3663928571419951e-03 1.3663928571411045e-03 1.3663928571404724e-03 1.3663928571400709e-03 1.3663928571398759e-03 1.3663928571397939e-03 1.3663928571397239e-03 1.3663928571388533e-03 1.4554614285659864e-03 1.4554614285666124e-03 1.4554614285672129e-03 1.4554614285674128e-03 1.4554614285674197e-03 1.4554614285673367e-03 1.4554614285671764e-03 1.4554614285661180e-03 1.5283357142806722e-03 1.5283357142803350e-03 1.5283357142807210e-03 1.5283357142809556e-03 1.5283357142810488e-03 1.5283357142811059e-03 1.5283357142813019e-03 1.5283357142819370e-03 1.5850157142836426e-03 1.5850157142817808e-03 1.5850157142810722e-03 1.5850157142808538e-03 1.5850157142808365e-03 1.5850157142809611e-03 1.5850157142812725e-03 1.5850157142819621e-03 1.6255014285687787e-03 1.6255014285679369e-03 1.6255014285671088e-03 1.6255014285666935e-03 1.6255014285665986e-03 1.6255014285667796e-03 1.6255014285672460e-03 1.6255014285679781e-03 1.6497928571387931e-03 1.6497928571388200e-03 1.6497928571384949e-03 1.6497928571382024e-03 1.6497928571381293e-03 1.6497928571383494e-03 1.6497928571388562e-03 1.6497928571394763e-03 1.0728714285697190e-03 1.1396728571399092e-03 1.0728714285675475e-03 1.0728714285682137e-03 1.1396728571411710e-03 1.0728714285688854e-03 1.0728714285694362e-03 1.1396728571413891e-03 1.0728714285697545e-03 1.0728714285699278e-03 1.1396728571413958e-03 1.0728714285699952e-03 1.0728714285700078e-03 1.1396728571413408e-03 1.0728714285699883e-03 1.0728714285699464e-03 1.1396728571413173e-03 1.0728714285698946e-03 1.0728714285697990e-03 1.1396728571413496e-03 1.0728714285697016e-03 1.0728714285695388e-03 1.1396728571413269e-03 1.0728714285698012e-03 1.0728714285705037e-03 1.1396728571401694e-03 1.2024257142827593e-03 1.2611300000006638e-03 1.2024257142861485e-03 1.2024257142859642e-03 1.2611300000010867e-03 1.2024257142852737e-03 1.2024257142848531e-03 1.2611299999993576e-03 1.2024257142844927e-03 1.2024257142842858e-03 1.2611299999984232e-03 1.2024257142841210e-03 1.2024257142840380e-03 1.2611299999980407e-03 1.2024257142839959e-03 1.2024257142840106e-03 1.2611299999979824e-03 1.2024257142840820e-03 1.2024257142842008e-03 1.2611299999981994e-03 1.2024257142843834e-03 1.2024257142844641e-03 1.2611299999985930e-03 1.2024257142846625e-03 1.2024257142845801e-03 1.2611299999979555e-03 1.3157857142819507e-03 1.3663928571421959e-03 1.3157857142853063e-03 1.3157857142857671e-03 1.3663928571413773e-03 1.3157857142851901e-03 1.3157857142845676e-03 1.3663928571407040e-03 1.3157857142840808e-03 1.3157857142837188e-03 1.3663928571402148e-03 1.3157857142834825e-03 1.3157857142833355e-03 1.3663928571399486e-03 1.3157857142832561e-03 1.3157857142832401e-03 1.3663928571398345e-03 1.3157857142832661e-03 1.3157857142833537e-03 1.3663928571397898e-03 1.3157857142834576e-03 1.3157857142834821e-03 1.3663928571395556e-03 1.3157857142836651e-03 1.3157857142829306e-03 1.3663928571383199e-03 1.4129514285685326e-03 1.4554614285680395e-03 1.4129514285674313e-03 1.4129514285678229e-03 1.4554614285663379e-03 1.4129514285679628e-03 1.4129514285680265e-03 1.4554614285669674e-03 1.4129514285680673e-03 1.4129514285680278e-03 1.4554614285673382e-03 1.4129514285680001e-03 1.4129514285679502e-03 1.4554614285674260e-03 1.4129514285679083e-03 1.4129514285678600e-03 1.4554614285673853e-03 1.4129514285678084e-03 1.4129514285677477e-03 1.4554614285672695e-03 1.4129514285677260e-03 1.4129514285677060e-03 1.4554614285671376e-03 1.4129514285686250e-03 1.4129514285712015e-03 1.4554614285677489e-03 1.4939228571395808e-03 1.5283357142818498e-03 1.4939228571373832e-03 1.4939228571372268e-03 1.5283357142803272e-03 1.4939228571374348e-03 1.4939228571378001e-03 1.5283357142805880e-03 1.4939228571380790e-03 1.4939228571382696e-03 1.5283357142808797e-03 1.4939228571383821e-03 1.4939228571384368e-03 1.5283357142810167e-03 1.4939228571384596e-03 1.4939228571384563e-03 1.5283357142810731e-03 1.4939228571384537e-03 1.4939228571384498e-03 1.5283357142811659e-03 1.4939228571384819e-03 1.4939228571385116e-03 1.5283357142815404e-03 1.4939228571390500e-03 1.4939228571416525e-03 1.5283357142835577e-03 1.5586999999959523e-03 1.5850157142840882e-03 1.5586999999959033e-03 1.5586999999956319e-03 1.5850157142825098e-03 1.5586999999952897e-03 1.5586999999952025e-03 1.5850157142813551e-03 1.5586999999951290e-03 1.5586999999951372e-03 1.5850157142809392e-03 1.5586999999951392e-03 1.5586999999951607e-03 1.5850157142808323e-03 1.5586999999951836e-03 1.5586999999952218e-03 1.5850157142808824e-03 1.5586999999952834e-03 1.5586999999953877e-03 1.5850157142810939e-03 1.5586999999955284e-03 1.5586999999957442e-03 1.5850157142815160e-03 1.5586999999960311e-03 1.5586999999966441e-03 1.5850157142824686e-03 1.6072828571410129e-03 1.6255014285687917e-03 1.6072828571407803e-03 1.6072828571400248e-03 1.6255014285683749e-03 1.6072828571393255e-03 1.6072828571387914e-03 1.6255014285674390e-03 1.6072828571384249e-03 1.6072828571381966e-03 1.6255014285668492e-03 1.6072828571380567e-03 1.6072828571379939e-03 1.6255014285666101e-03 1.6072828571379863e-03 1.6072828571380344e-03 1.6255014285666534e-03 1.6072828571381372e-03 1.6072828571382992e-03 1.6255014285669715e-03 1.6072828571385394e-03 1.6072828571388775e-03 1.6255014285676049e-03 1.6072828571394085e-03 1.6072828571401044e-03 1.6255014285684439e-03 1.6396714285684085e-03 1.6497928571390450e-03 1.6396714285681034e-03 1.6396714285678898e-03 1.6497928571389171e-03 1.6396714285676658e-03 1.6396714285673538e-03 1.6497928571386656e-03 1.6396714285671005e-03 1.6396714285668839e-03 1.6497928571383262e-03 1.6396714285667378e-03 1.6396714285666573e-03 1.6497928571381311e-03 1.6396714285666486e-03 1.6396714285667135e-03 1.6497928571382009e-03 1.6396714285668540e-03 1.6396714285670684e-03 1.6497928571385717e-03 1.6396714285673531e-03 1.6396714285676834e-03 1.6497928571391680e-03 1.6396714285680297e-03 1.6396714285683337e-03 1.6497928571397036e-03 1.6558657142822411e-03 1.6558657142819128e-03 1.6558657142817005e-03 1.6558657142815780e-03 1.6558657142814691e-03 1.6558657142813362e-03 1.6558657142812004e-03 1.6558657142810942e-03 1.6558657142810337e-03 1.6558657142810380e-03 1.6558657142811148e-03 1.6558657142812638e-03 1.6558657142814862e-03 1.6558657142817601e-03 1.6558657142820633e-03 1.6558657142823517e-03 1.6558657142825728e-03
</DataArray>
      </PointData>
      <CellData>
        <DataArray type="Int64" format="ascii" Name="element_id">
0 1 2 3 4 5 6 7 8 9 10 11 12 13 14 15 16 17 18 19 20 21 22 23 24 25 26 27 28 29 30 31 32 33 34 35 36 37 38 39 40 41 42 43 44 45 46 47 48 49 50 51 52 53 54 55 56 57 58 59 60 61 62 63 64 65 66 67 68 69 70 71 72 73 74 75 76 77 78 79 80 81 82 83 84 85 86 87 88 89 90 91 92 93 94 95 96 97 98 99 100 101 102 103 104 105 106 107 108 109 110 111 112 113 114 115 116 117 118 119 120 121 122 123 124 125 126 127 128 129 130 131 132 133 134 135 136 137 138 139 140 141 142 143 144 145 146 147 148 149 150 151 152 153 154 155 156 157 158 159 160 161 162 163 164 165 166 167 168 169 170 171 172 173 174 175 176 177 178 179 180 181 182 183 184 185 186 187 188 189 190 191 192 193 194 195 196 197 198 199 200 201 202 203 204 205 206 207 208 209 210 211 212 213 214 215 216 217 218 219 220 221 222 223 224 225 226 227 228 229 230 231 232 233 234 235 236 237 238 239 240 241 242 243 244 245 246 247 248 249 250 251 252 253 254 255 256 257 258 259 260 261 262 263 264 265 266 267 268 269 270 271 272 273 274 275 276 277 278 279 280 281 282 283 284 285 286 287 288 289 290 291 292 293 294 295 296 297 298 299 300 301 302 303 304 305 306 307 308 309 310 311 312 313 314 315 316 317 318 319 320 321 322 323
</DataArray>
        <DataArray type="Int64" format="ascii" Name="material_id">
2 2 2 2 2 2 2 2 2 2 2 2 2 2 2 2 2 2 2 2 2 2 2 2 2 2 2 2 2 2 2 2 2 2 2 2 2 2 2 2 2 2 2 2 2 2 2 2 2 2 2 2 2 2 2 2 2 2 2 2 2 2 2 2 2 2 2 2 2 2 2 2 2 2 2 2 2 2 2 2 2 2 2 2 2 2 2 2 2 2 2 2 2 2 2 2 2 2 2 2 2 2 2 2 2 2 2 2 2 2 2 2 2 2 2 2 2 2 2 2 2 2 2 2 2 2 2 2 2 2 2 2 2 2 2 2 2 2 2 2 2 2 2 2 2 2 2 2 2 2 2 2 2 2 2 2 2 2 2 2 2 2 1 1 1 1 1 1 1 1 1 1 1 1 1 1 1 1 1 1 1 1 1 1 1 1 1 1 1 1 1 1 1 1 1 1 1 1 1 1 1 1 1 1 1 1 1 1 1 1 1 1 1 1 1 1 1 1 1 1 1 1 1 1 1 1 1 1 1 1 1 1 1 1 1 1 1 1 1 1 1 1 1 1 1 1 1 1 1 1 1 1 1 1 1 1 1 1 1 1 1 1 1 1 1 1 1 1 1 1 1 1 1 1 1 1 1 1 1 1 1 1 1 1 1 1 1 1 1 1 1 1 1 1 1 1 1 1 1 1 1 1 1 1 1 1 1 1 1 1 1 1 1 1 1 1 1 1 1 1 1 1 1 1
</DataArray>
        <DataArray type="Float64" format="ascii" Name="Strain" NumberOfComponents="9">
-7.6281199220145731e-14 -1.2251731272591293e-13 0.0000000000000000e+00 -1.2251731272591293e-13 -6.8150952381877228e-04 0.0000000000000000e+00 0.0000000000000000e+00 0.0000000000000000e+00 0.0000000000000000e+00 -8.1130247352993637e-14 3.1966550528154308e-14 0.0000000000000000e+00 3.1966550528154308e-14 -7.0715047614585064e-04 0.0000000000000000e+00 0.0000000000000000e+00 0.0000000000000000e+00 0.0000000000000000e+00 -4.1345202967389015e-14 -2.5661329237695512e-14 0.0000000000000000e+00 -2.5661329237695512e-14 -6.8150952377465566e-04 0.0000000000000000e+00 0.0000000000000000e+00 0.0000000000000000e+00 0.0000000000000000e+00 -3.0686854345139436e-14 2.8499146830900949e-15 0.0000000000000000e+00 2.8499146830900949e-15 -7.0715047616868351e-04 0.0000000000000000e+00 0.0000000000000000e+00 0.0000000000000000e+00 0.0000000000000000e+00 -1.6220343236868873e-14 -5.5624504848668862e-15 0.0000000000000000e+00 -5.5624504848668862e-15 -6.8150952379865783e-04 0.0000000000000000e+00 0.0000000000000000e+00 0.0000000000000000e+00 0.0000000000000000e+00 -1.2689345879740651e-14 1.6390064917881243e-15 0.0000000000000000e+00 1.6390064917881243e-15 -7.0715047618228439e-04 0.0000000000000000e+00 0.0000000000000000e+00 0.0000000000000000e+00 0.0000000000000000e+00 -7.9466310785121256e-15 -2.1192279652907716e-16 0.0000000000000000e+00 -2.1192279652907716e-16 -6.8150952380525921e-04 0.0000000000000000e+00 0.0000000000000000e+00 0.0000000000000000e+00 0.0000000000000000e+00 -6.0532224053966256e-15 2.1356844435713205e-15 0.0000000000000000e+00 2.1356844435713205e-15 -7.0715047618745040e-04 0.0000000000000000e+00 0.0000000000000000e+00 0.0000000000000000e+00 0.0000000000000000e+00 -4.4007002137324455e-15 9.5724354946877663e-16 0.0000000000000000e+00 9.5724354946877663e-16 -6.8150952380783799e-04 0.0000000000000000e+00 0.0000000000000000e+00 0.0000000000000000e+00 0.0000000000000000e+00 -2.9193993958402084e-15 2.0264497315160886e-15 0.0000000000000000e+00 2.0264497315160886e-15 -7.0715047618981060e-04 0.0000000000000000e+00 0.0000000000000000e+00 0.0000000000000000e+00 0.0000000000000000e+00 -1.9336929309268275e-15 7.6049590616515168e-16 0.0000000000000000e+00 7.6049590616515168e-16 -6.8150952380955103e-04 0.0000000000000000e+00 0.0000000000000000e+00 0.0000000000000000e+00 0.0000000000000000e+00 -4.7048428707137659e-16 1.5192615420349812e-15 0.0000000000000000e+00 1.5192615420349812e-15 -7.0715047619146465e-04 0.0000000000000000e+00 0.0000000000000000e+00 0.0000000000000000e+00 0.0000000000000000e+00 3.0590963050789438e-16 6.4679333827737410e-16 0.0000000000000000e+00 6.4679333827737410e-16 -6.8150952381093057e-04 0.0000000000000000e+00 0.0000000000000000e+00 0.0000000000000000e+00 0.0000000000000000e+00 1.3706879777491051e-15 8.3216624336344105e-16 0.0000000000000000e+00 8.3216624336344105e-16 -7.0715047619173538e-04 0.0000000000000000e+00 0.0000000000000000e+00 0.0000000000000000e+00 0.0000000000000000e+00 3.7899360375464487e-15 6.0808663221598669e-15 0.0000000000000000e+00 6.0808663221598669e-15 -6.8150952381202572e-04 0.0000000000000000e+00 0.0000000000000000e+00 0.0000000000000000e+00 0.0000000000000000e+00 -4.6774498060060307e-15 3.3580773142854088e-15 0.0000000000000000e+00 3.3580773142854088e-15 -7.0715047618140348e-04 0.0000000000000000e+00 0.0000000000000000e+00 0.0000000000000000e+00 0.0000000000000000e+00 3.6891717843509132e-14 5.0802831599271266e-14 0.0000000000000000e+00 5.0802831599271266e-14 -6.8150952382307407e-04 0.0000000000000000e+00 0.0000000000000000e+00 0.0000000000000000e+00 0.0000000000000000e+00 -6.2716413196638088e-14 -7.6065848653996312e-15 0.0000000000000000e+00 -7.6065848653996312e-15 -7.0715047617135444e-04 0.0000000000000000e+00 0.0000000000000000e+00 0.0000000000000000e+00 0.0000000000000000e+00 2.1170952923495400e-14 3.8144435138070593e-14 0.0000000000000000e+00 3.8144435138070593e-14 -7.5843238096339534e-04 0.0000000000000000e+00 0.0000000000000000e+00 0.0000000000000000e+00 0.0000000000000000e+00 -3.3836938965084196e-15 7.6492642231952251e-15 0.0000000000000000e+00 7.6492642231952251e-15 -7.8407333332918341e-04 0.0000000000000000e+00 0.0000000000000000e+00 0.0000000000000000e+00 0.0000000000000000e+00 -1.1911459787144999e-14 2.3568098336151579e-14 0.0000000000000000e+00 2.3568098336151579e-14 -7.5843238094785179e-04 0.0000000000000000e+00 0.0000000000000000e+00 0.0000000000000000e+00 0.0000000000000000e+00 -5.1411572683671137e-15 1.5240059141793941e-14 0.0000000000000000e+00 1.5240059141793941e-14 -7.8407333332941554e-04 0.0000000000000000e+00 0.0000000000000000e+00 0.0000000000000000e+00 0.0000000000000000e+00 -8.8977948209537799e-15 9.8176640120911318e-15 0.0000000000000000e+00 9.8176640120911318e-15 -7.5843238094625617e-04 0.0000000000000000e+00 0.0000000000000000e+00 0.0000000000000000e+00 0.0000000000000000e+00 -3.1759860417102915e-15 8.6118420580579305e-15 0.0000000000000000e+00 8.6118420580579305e-15 -7.8407333333132786e-04 0.0000000000000000e+00 0.0000000000000000e+00 0.0000000000000000e+00 0.0000000000000000e+00 -4.7182470585686366e-15 5.2437076870964205e-15 0.0000000000000000e+00 5.2437076870964205e-15 -7.5843238094976074e-04 0.0000000000000000e+00 0.0000000000000000e+00 0.0000000000000000e+00 0.0000000000000000e+00 -2.3522750812683575e-15 5.4434295652992720e-15 0.0000000000000000e+00 5.4434295652992720e-15 -7.8407333333245825e-04 0.0000000000000000e+00 0.0000000000000000e+00 0.0000000000000000e+00 0.0000000000000000e+00 -2.2880438231282497e-15 4.0141860037657101e-15 0.0000000000000000e+00 4.0141860037657101e-15 -7.5843238095189662e-04 0.0000000000000000e+00 0.0000000000000000e+00 0.0000000000000000e+00 0.0000000000000000e+00 -1.0058120112515565e-15 4.5891505126447177e-15 0.0000000000000000e+00 4.5891505126447177e-15 -7.8407333333372275e-04 0.0000000000000000e+00 0.0000000000000000e+00 0.0000000000000000e+00 0.0000000000000000e+00 -1.6986422806200513e-16 3.7141038162806520e-15 0.0000000000000000e+00 3.7141038162806520e-15 -7.5843238095354461e-04 0.0000000000000000e+00 0.0000000000000000e+00 0.0000000000000000e+00 0.0000000000000000e+00 6.2349204962779869e-16 4.7175350909518741e-15 0.0000000000000000e+00 4.7175350909518741e-15 -7.8407333333498888e-04 0.0000000000000000e+00 0.0000000000000000e+00 0.0000000000000000e+00 0.0000000000000000e+00 2.3759311668146350e-15 3.8206415851116516e-15 0.0000000000000000e+00 3.8206415851116516e-15 -7.5843238095501901e-04 0.0000000000000000e+00 0.0000000000000000e+00 0.0000000000000000e+00 0.0000000000000000e+00 2.6832777699235914e-15 5.8697714976193807e-15 0.0000000000000000e+00 5.8697714976193807e-15 -7.8407333333643131e-04 0.0000000000000000e+00 0.0000000000000000e+00 0.0000000000000000e+00 0.0000000000000000e+00 3.2500490836815016e-15 3.7813195254536195e-16 0.0000000000000000e+00 3.7813195254536195e-16 -7.5843238095416781e-04 0.0000000000000000e+00 0.0000000000000000e+00 0.0000000000000000e+00 0.0000000000000000e+00 1.0390426260480913e-14 7.4264599073579167e-15 0.0000000000000000e+00 7.4264599073579167e-15 -7.8407333334417489e-04 0.0000000000000000e+00 0.0000000000000000e+00 0.0000000000000000e+00 0.0000000000000000e+00 2.1425333507824094e-14 -2.5115766826738765e-14 0.0000000000000000e+00 -2.5115766826738765e-14 -7.5843238096700530e-04 0.0000000000000000e+00 0.0000000000000000e+00 0.0000000000000000e+00 0.0000000000000000e+00 4.5233336404756187e-14 5.4526869780533176e-14 0.0000000000000000e+00 5.4526869780533176e-14 -7.8407333334195803e-04 0.0000000000000000e+00 0.0000000000000000e+00 0.0000000000000000e+00 0.0000000000000000e+00 -2.8640505465570026e-14 4.9709384000799496e-14 0.0000000000000000e+00 4.9709384000799496e-14 -8.3535523805168728e-04 0.0000000000000000e+00 0.0000000000000000e+00 0.0000000000000000e+00 0.0000000000000000e+00 1.0662007469979865e-13 5.4820256103926383e-14 0.0000000000000000e+00 5.4820256103926383e-14 -8.6099619053424360e-04 0.0000000000000000e+00 0.0000000000000000e+00 0.0000000000000000e+00 0.0000000000000000e+00 1.6535986214247322e-14 1.3532493214748395e-14 0.0000000000000000e+00 1.3532493214748395e-14 -8.3535523810336827e-04 0.0000000000000000e+00 0.0000000000000000e+00 0.0000000000000000e+00 0.0000000000000000e+00 1.2763665728550478e-14 2.5701594019619042e-15 0.0000000000000000e+00 2.5701594019619042e-15 -8.6099619048385291e-04 0.0000000000000000e+00 0.0000000000000000e+00 0.0000000000000000e+00 0.0000000000000000e+00 3.9099942236166041e-15 6.7253936868336980e-15 0.0000000000000000e+00 6.7253936868336980e-15 -8.3535523809771198e-04 0.0000000000000000e+00 0.0000000000000000e+00 0.0000000000000000e+00 0.0000000000000000e+00 2.8551011453253459e-15 4.1444215026982279e-15 0.0000000000000000e+00 4.1444215026982279e-15 -8.6099619047770755e-04 0.0000000000000000e+00 0.0000000000000000e+00 0.0000000000000000e+00 0.0000000000000000e+00 3.5439630458004006e-16 5.6043859141075083e-15 0.0000000000000000e+00 5.6043859141075083e-15 -8.3535523809579165e-04 0.0000000000000000e+00 0.0000000000000000e+00 0.0000000000000000e+00 0.0000000000000000e+00 6.0144506260233483e-16 4.7884209658346855e-15 0.0000000000000000e+00 4.7884209658346855e-15 -8.6099619047679205e-04 0.0000000000000000e+00 0.0000000000000000e+00 0.0000000000000000e+00 0.0000000000000000e+00 -2.0023591193123836e-16 5.1829264339551788e-15 0.0000000000000000e+00 5.1829264339551788e-15 -8.3535523809580661e-04 0.0000000000000000e+00 0.0000000000000000e+00 0.0000000000000000e+00 0.0000000000000000e+00 9.2977701979326563e-17 5.0864328311466878e-15 0.0000000000000000e+00 5.0864328311466878e-15 -8.6099619047691944e-04 0.0000000000000000e+00 0.0000000000000000e+00 0.0000000000000000e+00 0.0000000000000000e+00 6.0577203492680649e-17 5.2975480619132447e-15 0.0000000000000000e+00 5.2975480619132447e-15 -8.3535523809629081e-04 0.0000000000000000e+00 0.0000000000000000e+00 0.0000000000000000e+00 0.0000000000000000e+00 4.8792744384239021e-17 5.2654909499575152e-15 0.0000000000000000e+00 5.2654909499575152e-15 -8.6099619047723939e-04 0.0000000000000000e+00 0.0000000000000000e+00 0.0000000000000000e+00 0.0000000000000000e+00 -9.9636090945135808e-17 5.6142109840585671e-15 0.0000000000000000e+00 5.6142109840585671e-15 -8.3535523809628030e-04 0.0000000000000000e+00 0.0000000000000000e+00 0.0000000000000000e+00 0.0000000000000000e+00 -1.0079977156836827e-15 4.4802004391867251e-15 0.0000000000000000e+00 4.4802004391867251e-15 -8.6099619047653423e-04 0.0000000000000000e+00 0.0000000000000000e+00 0.0000000000000000e+00 0.0000000000000000e+00 -2.7185288061803365e-15 6.3325629826376984e-15 0.0000000000000000e+00 6.3325629826376984e-15 -8.3535523809443769e-04 0.0000000000000000e+00 0.0000000000000000e+00 0.0000000000000000e+00 0.0000000000000000e+00 -7.5988862641359384e-15 1.0671140033277470e-15 0.0000000000000000e+00 1.0671140033277470e-15 -8.6099619047222853e-04 0.0000000000000000e+00 0.0000000000000000e+00 0.0000000000000000e+00 0.0000000000000000e+00 -4.2622245915501630e-14 -8.5368595246024493e-15 0.0000000000000000e+00 -8.5368595246024493e-15 -8.3535523807134104e-04 0.0000000000000000e+00 0.0000000000000000e+00 0.0000000000000000e+00 0.0000000000000000e+00 -2.6540251919958082e-15 -1.2245509650970511e-14 0.0000000000000000e+00 -1.2245509650970511e-14 -8.6099619049074627e-04 0.0000000000000000e+00 0.0000000000000000e+00 0.0000000000000000e+00 0.0000000000000000e+00 -4.3174441432590819e-14 -1.3503419949262017e-13 0.0000000000000000e+00 -1.3503419949262017e-13 -9.1227809523364723e-04 0.0000000000000000e+00 0.0000000000000000e+00 0.0000000000000000e+00 0.0000000000000000e+00 -4.3307454097644305e-14 2.2422992460112080e-14 0.0000000000000000e+00 2.2422992460112080e-14 -9.3791904758416355e-04 0.0000000000000000e+00 0.0000000000000000e+00 0.0000000000000000e+00 0.0000000000000000e+00 -9.5376314651281198e-15 -1.3753959523705857e-14 0.0000000000000000e+00 -1.3753959523705857e-14 -9.1227809522338060e-04 0.0000000000000000e+00 0.0000000000000000e+00 0.0000000000000000e+00 0.0000000000000000e+00 -3.3495281097532721e-15 4.3842804526641776e-15 0.0000000000000000e+00 4.3842804526641776e-15 -9.3791904761285491e-04 0.0000000000000000e+00 0.0000000000000000e+00 0.0000000000000000e+00 0.0000000000000000e+00 6.8019163879537589e-16 5.7859556129984446e-16 0.0000000000000000e+00 5.7859556129984446e-16 -9.1227809523630320e-04 0.0000000000000000e+00 0.0000000000000000e+00 0.0000000000000000e+00 0.0000000000000000e+00 9.4285383681143450e-16 2.6568601629002632e-15 0.0000000000000000e+00 2.6568601629002632e-15 -9.3791904761797592e-04 0.0000000000000000e+00 0.0000000000000000e+00 0.0000000000000000e+00 0.0000000000000000e+00 1.1156711026854662e-15 3.3853865147992544e-15 0.0000000000000000e+00 3.3853865147992544e-15 -9.1227809523820055e-04 0.0000000000000000e+00 0.0000000000000000e+00 0.0000000000000000e+00 0.0000000000000000e+00 9.4091782813130064e-16 3.3660450400239195e-15 0.0000000000000000e+00 3.3660450400239195e-15 -9.3791904761907909e-04 0.0000000000000000e+00 0.0000000000000000e+00 0.0000000000000000e+00 0.0000000000000000e+00 4.1266207919120483e-16 4.3793784541919714e-15 0.0000000000000000e+00 4.3793784541919714e-15 -9.1227809523849470e-04 0.0000000000000000e+00 0.0000000000000000e+00 0.0000000000000000e+00 0.0000000000000000e+00 1.2104673252990745e-16 4.3294897818295847e-15 0.0000000000000000e+00 4.3294897818295847e-15 -9.3791904761928097e-04 0.0000000000000000e+00 0.0000000000000000e+00 0.0000000000000000e+00 0.0000000000000000e+00 8.9443031810498333e-17 5.0500566656582544e-15 0.0000000000000000e+00 5.0500566656582544e-15 -9.1227809523893337e-04 0.0000000000000000e+00 0.0000000000000000e+00 0.0000000000000000e+00 0.0000000000000000e+00 5.4384940444418510e-17 5.3439418444487640e-15 0.0000000000000000e+00 5.3439418444487640e-15 -9.3791904762012491e-04 0.0000000000000000e+00 0.0000000000000000e+00 0.0000000000000000e+00 0.0000000000000000e+00 6.3183077801181583e-16 4.4885781637588303e-15 0.0000000000000000e+00 4.4885781637588303e-15 -9.1227809524011255e-04 0.0000000000000000e+00 0.0000000000000000e+00 0.0000000000000000e+00 0.0000000000000000e+00 2.3051294468644761e-15 4.8538469666469565e-15 0.0000000000000000e+00 4.8538469666469565e-15 -9.3791904762303708e-04 0.0000000000000000e+00 0.0000000000000000e+00 0.0000000000000000e+00 0.0000000000000000e+00 2.5509939824542860e-15 -2.3525320162638994e-16 0.0000000000000000e+00 -2.3525320162638994e-16 -9.1227809524205392e-04 0.0000000000000000e+00 0.0000000000000000e+00 0.0000000000000000e+00 0.0000000000000000e+00 8.3005653159620285e-15 -2.3733090979850986e-15 0.0000000000000000e+00 -2.3733090979850986e-15 -9.3791904762730483e-04 0.0000000000000000e+00 0.0000000000000000e+00 0.0000000000000000e+00 0.0000000000000000e+00 1.6626883700327992e-15 -1.1807905406736966e-14 0.0000000000000000e+00 -1.1807905406736966e-14 -9.1227809524222902e-04 0.0000000000000000e+00 0.0000000000000000e+00 0.0000000000000000e+00 0.0000000000000000e+00 1.7085018009150008e-14 -1.9098195241632411e-14 0.0000000000000000e+00 -1.9098195241632411e-14 -9.3791904762849127e-04 0.0000000000000000e+00 0.0000000000000000e+00 0.0000000000000000e+00 0.0000000000000000e+00 6.4301040980939994e-14 2.2668239460974143e-14 0.0000000000000000e+00 2.2668239460974143e-14 -9.8920095239643318e-04 0.0000000000000000e+00 0.0000000000000000e+00 0.0000000000000000e+00 0.0000000000000000e+00 -2.7274718218104233e-15 -3.5951369038898486e-14 0.0000000000000000e+00 -3.5951369038898486e-14 -1.0148419047522051e-03 0.0000000000000000e+00 0.0000000000000000e+00 0.0000000000000000e+00 0.0000000000000000e+00 1.0230727594206029e-14 6.6623597449998262e-15 0.0000000000000000e+00 6.6623597449998262e-15 -9.8920095238584833e-04 0.0000000000000000e+00 0.0000000000000000e+00 0.0000000000000000e+00 0.0000000000000000e+00 6.0023117990556230e-15 -1.7187053104357000e-15 0.0000000000000000e+00 -1.7187053104357000e-15 -1.0148419047616576e-03 0.0000000000000000e+00 0.0000000000000000e+00 0.0000000000000000e+00 0.0000000000000000e+00 3.7720397828189168e-15 2.7476589099421386e-15 0.0000000000000000e+00 2.7476589099421386e-15 -9.8920095238134043e-04 0.0000000000000000e+00 0.0000000000000000e+00 0.0000000000000000e+00 0.0000000000000000e+00 3.4008258837539938e-15 4.1004014930061542e-16 0.0000000000000000e+00 4.1004014930061542e-16 -1.0148419047620991e-03 0.0000000000000000e+00 0.0000000000000000e+00 0.0000000000000000e+00 0.0000000000000000e+00 1.7162507452492794e-15 1.8885563319616312e-15 0.0000000000000000e+00 1.8885563319616312e-15 -9.8920095238084604e-04 0.0000000000000000e+00 0.0000000000000000e+00 0.0000000000000000e+00 0.0000000000000000e+00 1.0600693690353245e-15 1.0533914778856055e-15 0.0000000000000000e+00 1.0533914778856055e-15 -1.0148419047614464e-03 0.0000000000000000e+00 0.0000000000000000e+00 0.0000000000000000e+00 0.0000000000000000e+00 8.5426272040585918e-18 2.7369777707392599e-15 0.0000000000000000e+00 2.7369777707392599e-15 -9.8920095238043534e-04 0.0000000000000000e+00 0.0000000000000000e+00 0.0000000000000000e+00 0.0000000000000000e+00 -9.1523131234476898e-16 2.4484701999256314e-15 0.0000000000000000e+00 2.4484701999256314e-15 -1.0148419047607538e-03 0.0000000000000000e+00 0.0000000000000000e+00 0.0000000000000000e+00 0.0000000000000000e+00 -1.1280402886342233e-15 4.4677949736419640e-15 0.0000000000000000e+00 4.4677949736419640e-15 -9.8920095238048196e-04 0.0000000000000000e+00 0.0000000000000000e+00 0.0000000000000000e+00 0.0000000000000000e+00 -2.2473862517870826e-15 4.9662223665065193e-15 0.0000000000000000e+00 4.9662223665065193e-15 -1.0148419047607440e-03 0.0000000000000000e+00 0.0000000000000000e+00 0.0000000000000000e+00 0.0000000000000000e+00 -1.4462835615771227e-16 7.0401903030541883e-15 0.0000000000000000e+00 7.0401903030541883e-15 -9.8920095238263475e-04 0.0000000000000000e+00 0.0000000000000000e+00 0.0000000000000000e+00 0.0000000000000000e+00 -1.4073514595064606e-15 9.9530866718077481e-15 0.0000000000000000e+00 9.9530866718077481e-15 -1.0148419047631926e-03 0.0000000000000000e+00 0.0000000000000000e+00 0.0000000000000000e+00 0.0000000000000000e+00 7.8844685581263532e-15 1.0366005979745520e-14 0.0000000000000000e+00 1.0366005979745520e-14 -9.8920095239056960e-04 0.0000000000000000e+00 0.0000000000000000e+00 0.0000000000000000e+00 0.0000000000000000e+00 6.5825103394089535e-15 2.1353541589662756e-14 0.0000000000000000e+00 2.1353541589662756e-14 -1.0148419047723092e-03 0.0000000000000000e+00 0.0000000000000000e+00 0.0000000000000000e+00 0.0000000000000000e+00 3.3240627264212899e-14 1.4099937329973172e-14 0.0000000000000000e+00 1.4099937329973172e-14 -9.8920095240328512e-04 0.0000000000000000e+00 0.0000000000000000e+00 0.0000000000000000e+00 0.0000000000000000e+00 2.2343450849433770e-14 2.5598762555557493e-14 0.0000000000000000e+00 2.5598762555557493e-14 -1.0148419047708006e-03 0.0000000000000000e+00 0.0000000000000000e+00 0.0000000000000000e+00 0.0000000000000000e+00 -1.4307194168270296e-14 2.4214722305914573e-14 0.0000000000000000e+00 2.4214722305914573e-14 -1.0661238095123449e-03 0.0000000000000000e+00 0.0000000000000000e+00 0.0000000000000000e+00 0.0000000000000000e+00 -3.9559146343197715e-15 3.4591612988959621e-15 0.0000000000000000e+00 3.4591612988959621e-15 -1.0917647618957052e-03 0.0000000000000000e+00 0.0000000000000000e+00 0.0000000000000000e+00 0.0000000000000000e+00 1.9055145358313249e-15 -7.4496321766949346e-16 0.0000000000000000e+00 -7.4496321766949346e-16 -1.0661238095188593e-03 0.0000000000000000e+00 0.0000000000000000e+00 0.0000000000000000e+00 0.0000000000000000e+00 5.0612594317064267e-15 -1.9364275903726112e-15 0.0000000000000000e+00 -1.9364275903726112e-15 -1.0917647619046965e-03 0.0000000000000000e+00 0.0000000000000000e+00 0.0000000000000000e+00 0.0000000000000000e+00 3.3741417627368808e-15 -2.3246522049959212e-15 0.0000000000000000e+00 -2.3246522049959212e-15 -1.0661238095232663e-03 0.0000000000000000e+00 0.0000000000000000e+00 0.0000000000000000e+00 0.0000000000000000e+00 2.2448029050967652e-15 -3.0962438580039954e-15 0.0000000000000000e+00 -3.0962438580039954e-15 -1.0917647619041492e-03 0.0000000000000000e+00 0.0000000000000000e+00 0.0000000000000000e+00 0.0000000000000000e+00 1.2587499777108671e-15 -1.3925061801326128e-15 0.0000000000000000e+00 -1.3925061801326128e-15 -1.0661238095230050e-03 0.0000000000000000e+00 0.0000000000000000e+00 0.0000000000000000e+00 0.0000000000000000e+00 9.9411079987313970e-17 -2.0433662404379107e-15 0.0000000000000000e+00 -2.0433662404379107e-15 -1.0917647619032582e-03 0.0000000000000000e+00 0.0000000000000000e+00 0.0000000000000000e+00 0.0000000000000000e+00 -1.0636727782566285e-15 -3.3208112504743478e-17 0.0000000000000000e+00 -3.3208112504743478e-17 -1.0661238095219306e-03 0.0000000000000000e+00 0.0000000000000000e+00 0.0000000000000000e+00 0.0000000000000000e+00 -2.2261035403274508e-15 -6.4794719333057185e-16 0.0000000000000000e+00 -6.4794719333057185e-16 -1.0917647619019849e-03 0.0000000000000000e+00 0.0000000000000000e+00 0.0000000000000000e+00 0.0000000000000000e+00 -3.6013704271892187e-15 2.0409127338790604e-15 0.0000000000000000e+00 2.0409127338790604e-15 -1.0661238095207089e-03 0.0000000000000000e+00 0.0000000000000000e+00 0.0000000000000000e+00 0.0000000000000000e+00 -5.2033615880144141e-15 1.2143513364893373e-15 0.0000000000000000e+00 1.2143513364893373e-15 -1.0917647619003862e-03 0.0000000000000000e+00 0.0000000000000000e+00 0.0000000000000000e+00 0.0000000000000000e+00 -6.9887772796670412e-15 5.7480230805338191e-15 0.0000000000000000e+00 5.7480230805338191e-15 -1.0661238095194803e-03 0.0000000000000000e+00 0.0000000000000000e+00 0.0000000000000000e+00 0.0000000000000000e+00 -1.0083029333297245e-14 3.1600770904549175e-15 0.0000000000000000e+00 3.1600770904549175e-15 -1.0917647618981746e-03 0.0000000000000000e+00 0.0000000000000000e+00 0.0000000000000000e+00 0.0000000000000000e+00 -1.4562862593283217e-14 1.3167823005019754e-14 0.0000000000000000e+00 1.3167823005019754e-14 -1.0661238095170970e-03 0.0000000000000000e+00 0.0000000000000000e+00 0.0000000000000000e+00 0.0000000000000000e+00 -2.3413683194399202e-14 -9.8510749320386549e-16 0.0000000000000000e+00 -9.8510749320386549e-16 -1.0917647618916802e-03 0.0000000000000000e+00 0.0000000000000000e+00 0.0000000000000000e+00 0.0000000000000000e+00 -3.4925434822122693e-14 3.2020138124378051e-14 0.0000000000000000e+00 3.2020138124378051e-14 -1.0661238095141939e-03 0.0000000000000000e+00 0.0000000000000000e+00 0.0000000000000000e+00 0.0000000000000000e+00 -5.7181082634104568e-14 -5.0473839905948451e-14 0.0000000000000000e+00 -5.0473839905948451e-14 -1.0917647619123705e-03 0.0000000000000000e+00 0.0000000000000000e+00 0.0000000000000000e+00 0.0000000000000000e+00 3.8811776497189585e-14 7.9220073840110777e-15 0.0000000000000000e+00 7.9220073840110777e-15 -1.1430466666717640e-03 0.0000000000000000e+00 0.0000000000000000e+00 0.0000000000000000e+00 0.0000000000000000e+00 1.5948139717884609e-15 -3.3106358100804651e-14 0.0000000000000000e+00 -3.3106358100804651e-14 -1.1686876190467824e-03 0.0000000000000000e+00 0.0000000000000000e+00 0.0000000000000000e+00 0.0000000000000000e+00 8.3652846022837193e-15 -7.7487752620060162e-15 0.0000000000000000e+00 -7.7487752620060162e-15 -1.1430466666712022e-03 0.0000000000000000e+00 0.0000000000000000e+00 0.0000000000000000e+00 0.0000000000000000e+00 -8.9608740084660731e-16 -1.0903939872711572e-14 0.0000000000000000e+00 -1.0903939872711572e-14 -1.1686876190441420e-03 0.0000000000000000e+00 0.0000000000000000e+00 0.0000000000000000e+00 0.0000000000000000e+00 1.7243914879367321e-15 -5.2814606822207424e-15 0.0000000000000000e+00 -5.2814606822207424e-15 -1.1430466666659273e-03 0.0000000000000000e+00 0.0000000000000000e+00 0.0000000000000000e+00 0.0000000000000000e+00 -4.8042278631692993e-16 -5.7841055044030288e-15 0.0000000000000000e+00 -5.7841055044030288e-15 -1.1686876190452479e-03 0.0000000000000000e+00 0.0000000000000000e+00 0.0000000000000000e+00 0.0000000000000000e+00 -1.6913327292341587e-16 -3.9821434964547500e-15 0.0000000000000000e+00 -3.9821434964547500e-15 -1.1430466666647739e-03 0.0000000000000000e+00 0.0000000000000000e+00 0.0000000000000000e+00 0.0000000000000000e+00 -1.1352146562267098e-15 -4.1769884384026446e-15 0.0000000000000000e+00 -4.1769884384026446e-15 -1.1686876190450076e-03 0.0000000000000000e+00 0.0000000000000000e+00 0.0000000000000000e+00 0.0000000000000000e+00 -1.7972970485116119e-15 -2.8533644943889001e-15 0.0000000000000000e+00 -2.8533644943889001e-15 -1.1430466666637652e-03 0.0000000000000000e+00 0.0000000000000000e+00 0.0000000000000000e+00 0.0000000000000000e+00 -2.3389076368361053e-15 -3.2440834501962917e-15 0.0000000000000000e+00 -3.2440834501962917e-15 -1.1686876190441832e-03 0.0000000000000000e+00 0.0000000000000000e+00 0.0000000000000000e+00 0.0000000000000000e+00 -3.9095882260642278e-15 -1.8037178034844673e-15 0.0000000000000000e+00 -1.8037178034844673e-15 -1.1430466666624158e-03 0.0000000000000000e+00 0.0000000000000000e+00 0.0000000000000000e+00 0.0000000000000000e+00 -4.1333769758818841e-15 -2.3764956824259313e-15 0.0000000000000000e+00 -2.3764956824259313e-15 -1.1686876190429736e-03 0.0000000000000000e+00 0.0000000000000000e+00 0.0000000000000000e+00 0.0000000000000000e+00 -6.2035150987266195e-15 -6.4549731568648661e-16 0.0000000000000000e+00 -6.4549731568648661e-16 -1.1430466666615428e-03 0.0000000000000000e+00 0.0000000000000000e+00 0.0000000000000000e+00 0.0000000000000000e+00 -4.7763741199979616e-15 1.2266973125109691e-16 0.0000000000000000e+00 1.2266973125109691e-16 -1.1686876190438889e-03 0.0000000000000000e+00 0.0000000000000000e+00 0.0000000000000000e+00 0.0000000000000000e+00 -4.0437861385769013e-15 -2.3070435658904866e-15 0.0000000000000000e+00 -2.3070435658904866e-15 -1.1430466666669944e-03 0.0000000000000000e+00 0.0000000000000000e+00 0.0000000000000000e+00 0.0000000000000000e+00 7.5445682431109217e-15 3.8216222355730447e-15 0.0000000000000000e+00 3.8216222355730447e-15 -1.1686876190587679e-03 0.0000000000000000e+00 0.0000000000000000e+00 0.0000000000000000e+00 0.0000000000000000e+00 3.9581749686455698e-14 1.6828761884351813e-15 0.0000000000000000e+00 1.6828761884351813e-15 -1.1430466667036888e-03 0.0000000000000000e+00 0.0000000000000000e+00 0.0000000000000000e+00 0.0000000000000000e+00 2.3577937919329728e-14 1.2956631770103293e-14 0.0000000000000000e+00 1.2956631770103293e-14 -1.1686876190617498e-03 0.0000000000000000e+00 0.0000000000000000e+00 0.0000000000000000e+00 0.0000000000000000e+00 -4.5328225515752645e-14 1.2600107389578451e-15 0.0000000000000000e+00 1.2600107389578451e-15 -1.2199695237970600e-03 0.0000000000000000e+00 0.0000000000000000e+00 0.0000000000000000e+00 0.0000000000000000e+00 -1.6531313378983487e-14 1.4415187162411449e-14 0.0000000000000000e+00 1.4415187162411449e-14 -1.2456104761825420e-03 0.0000000000000000e+00 0.0000000000000000e+00 0.0000000000000000e+00 0.0000000000000000e+00 -1.6284753731572634e-14 -4.1926499609527444e-15 0.0000000000000000e+00 -4.1926499609527444e-15 -1.2199695237937733e-03 0.0000000000000000e+00 0.0000000000000000e+00 0.0000000000000000e+00 0.0000000000000000e+00 -8.1331322327764828e-15 2.0349388147924918e-15 0.0000000000000000e+00 2.0349388147924918e-15 -1.2456104761837509e-03 0.0000000000000000e+00 0.0000000000000000e+00 0.0000000000000000e+00 0.0000000000000000e+00 -4.4059257294526845e-15 -5.3816287606390942e-15 0.0000000000000000e+00 -5.3816287606390942e-15 -1.2199695238044579e-03 0.0000000000000000e+00 0.0000000000000000e+00 0.0000000000000000e+00 0.0000000000000000e+00 -3.8497395620722849e-15 -3.3175114393386485e-15 0.0000000000000000e+00 -3.3175114393386485e-15 -1.2456104761861739e-03 0.0000000000000000e+00 0.0000000000000000e+00 0.0000000000000000e+00 0.0000000000000000e+00 -2.1352848936390916e-15 -4.5601504875912516e-15 0.0000000000000000e+00 -4.5601504875912516e-15 -1.2199695238061694e-03 0.0000000000000000e+00 0.0000000000000000e+00 0.0000000000000000e+00 0.0000000000000000e+00 -1.9766439590357238e-15 -3.7971779386067796e-15 0.0000000000000000e+00 -3.7971779386067796e-15 -1.2456104761871759e-03 0.0000000000000000e+00 0.0000000000000000e+00 0.0000000000000000e+00 0.0000000000000000e+00 -1.7716342264834517e-15 -3.9875801660924264e-15 0.0000000000000000e+00 -3.9875801660924264e-15 -1.2199695238062601e-03 0.0000000000000000e+00 0.0000000000000000e+00 0.0000000000000000e+00 0.0000000000000000e+00 -1.4931994671375784e-15 -3.7366216772024437e-15 0.0000000000000000e+00 -3.7366216772024437e-15 -1.2456104761872236e-03 0.0000000000000000e+00 0.0000000000000000e+00 0.0000000000000000e+00 0.0000000000000000e+00 -2.2768033752241710e-15 -3.7325161514442569e-15 0.0000000000000000e+00 -3.7325161514442569e-15 -1.2199695238055523e-03 0.0000000000000000e+00 0.0000000000000000e+00 0.0000000000000000e+00 0.0000000000000000e+00 -1.6910103056818568e-15 -4.2189000578040266e-15 0.0000000000000000e+00 -4.2189000578040266e-15 -1.2456104761861871e-03 0.0000000000000000e+00 0.0000000000000000e+00 0.0000000000000000e+00 0.0000000000000000e+00 -3.9844555697528365e-15 -1.8846489240839528e-15 0.0000000000000000e+00 -1.8846489240839528e-15 -1.2199695238034806e-03 0.0000000000000000e+00 0.0000000000000000e+00 0.0000000000000000e+00 0.0000000000000000e+00 -4.5262552611230780e-15 -1.0568794866897574e-15 0.0000000000000000e+00 -1.0568794866897574e-15 -1.2456104761819006e-03 0.0000000000000000e+00 0.0000000000000000e+00 0.0000000000000000e+00 0.0000000000000000e+00 -2.5870936303751161e-15 9.5644436311917328e-15 0.0000000000000000e+00 9.5644436311917328e-15 -1.2199695238065767e-03 0.0000000000000000e+00 0.0000000000000000e+00 0.0000000000000000e+00 0.0000000000000000e+00 -4.3320799363988634e-15 2.3530831308159192e-14 0.0000000000000000e+00 2.3530831308159192e-14 -1.2456104761872453e-03 0.0000000000000000e+00 0.0000000000000000e+00 0.0000000000000000e+00 0.0000000000000000e+00 1.8003739315988836e-14 2.4565640847423704e-14 0.0000000000000000e+00 2.4565640847423704e-14 -1.2199695238324813e-03 0.0000000000000000e+00 0.0000000000000000e+00 0.0000000000000000e+00 0.0000000000000000e+00 2.5871074191743271e-14 9.4233475831932624e-15 0.0000000000000000e+00 9.4233475831932624e-15 -1.2456104762268389e-03 0.0000000000000000e+00 0.0000000000000000e+00 0.0000000000000000e+00 0.0000000000000000e+00 1.3317922344020506e-14 -1.6506731603325190e-14 0.0000000000000000e+00 -1.6506731603325190e-14 -1.2968923809665472e-03 0.0000000000000000e+00 0.0000000000000000e+00 0.0000000000000000e+00 0.0000000000000000e+00 -5.9337972586576612e-14 -9.6816932639651934e-17 0.0000000000000000e+00 -9.6816932639651934e-17 -1.3225333332862390e-03 0.0000000000000000e+00 0.0000000000000000e+00 0.0000000000000000e+00 0.0000000000000000e+00 8.6083240811397437e-16 8.8827026911219212e-15 0.0000000000000000e+00 8.8827026911219212e-15 -1.2968923809578868e-03 0.0000000000000000e+00 0.0000000000000000e+00 0.0000000000000000e+00 0.0000000000000000e+00 -9.9775169119158878e-16 2.6516886525309799e-15 0.0000000000000000e+00 2.6516886525309799e-15 -1.3225333333369215e-03 0.0000000000000000e+00 0.0000000000000000e+00 0.0000000000000000e+00 0.0000000000000000e+00 -2.8039518124964117e-15 -3.7061540670568790e-16 0.0000000000000000e+00 -3.7061540670568790e-16 -1.2968923809495085e-03 0.0000000000000000e+00 0.0000000000000000e+00 0.0000000000000000e+00 0.0000000000000000e+00 1.2295050776398842e-16 -8.4349540213163197e-16 0.0000000000000000e+00 -8.4349540213163197e-16 -1.3225333333324054e-03 0.0000000000000000e+00 0.0000000000000000e+00 0.0000000000000000e+00 0.0000000000000000e+00 -1.7923428544096864e-15 -2.5070391502325100e-15 0.0000000000000000e+00 -2.5070391502325100e-15 -1.2968923809493051e-03 0.0000000000000000e+00 0.0000000000000000e+00 0.0000000000000000e+00 0.0000000000000000e+00 -8.3241807078340335e-16 -2.2286432623674426e-15 0.0000000000000000e+00 -2.2286432623674426e-15 -1.3225333333310703e-03 0.0000000000000000e+00 0.0000000000000000e+00 0.0000000000000000e+00 0.0000000000000000e+00 -8.5777084286882046e-16 -3.1895853769262057e-15 0.0000000000000000e+00 -3.1895853769262057e-15 -1.2968923809495176e-03 0.0000000000000000e+00 0.0000000000000000e+00 0.0000000000000000e+00 0.0000000000000000e+00 -2.8441773133494120e-16 -2.9122050820365420e-15 0.0000000000000000e+00 -2.9122050820365420e-15 -1.3225333333305898e-03 0.0000000000000000e+00 0.0000000000000000e+00 0.0000000000000000e+00 0.0000000000000000e+00 -1.9953161837497739e-16 -2.8791256046963867e-15 0.0000000000000000e+00 -2.8791256046963867e-15 -1.2968923809494959e-03 0.0000000000000000e+00 0.0000000000000000e+00 0.0000000000000000e+00 0.0000000000000000e+00 1.5862521458506905e-16 -2.2148613212495399e-15 0.0000000000000000e+00 -2.2148613212495399e-15 -1.3225333333303929e-03 0.0000000000000000e+00 0.0000000000000000e+00 0.0000000000000000e+00 0.0000000000000000e+00 -5.2361234969031639e-16 -3.2249502475100765e-15 0.0000000000000000e+00 -3.2249502475100765e-15 -1.2968923809456310e-03 0.0000000000000000e+00 0.0000000000000000e+00 0.0000000000000000e+00 0.0000000000000000e+00 9.3353074988175869e-16 -1.7438782588362554e-15 0.0000000000000000e+00 -1.7438782588362554e-15 -1.3225333333242309e-03 0.0000000000000000e+00 0.0000000000000000e+00 0.0000000000000000e+00 0.0000000000000000e+00 -7.9591090311986168e-15 4.1883499029720022e-15 0.0000000000000000e+00 4.1883499029720022e-15 -1.2968923809315780e-03 0.0000000000000000e+00 0.0000000000000000e+00 0.0000000000000000e+00 0.0000000000000000e+00 -8.4678474427078788e-15 6.7883722375869312e-15 0.0000000000000000e+00 6.7883722375869312e-15 -1.3225333332934530e-03 0.0000000000000000e+00 0.0000000000000000e+00 0.0000000000000000e+00 0.0000000000000000e+00 1.2429859656594117e-14 6.1923940478317341e-14 0.0000000000000000e+00 6.1923940478317341e-14 -1.2968923809826508e-03 0.0000000000000000e+00 0.0000000000000000e+00 0.0000000000000000e+00 0.0000000000000000e+00 2.7207961661658153e-14 -5.3519838506188099e-14 0.0000000000000000e+00 -5.3519838506188099e-14 -1.3225333334108921e-03 0.0000000000000000e+00 0.0000000000000000e+00 0.0000000000000000e+00 0.0000000000000000e+00 9.9173003757908481e-14 5.4003055428435484e-14 0.0000000000000000e+00 5.4003055428435484e-14 -1.2631542857312796e-03 0.0000000000000000e+00 0.0000000000000000e+00 0.0000000000000000e+00 0.0000000000000000e+00 2.8250145429269777e-14 3.6611921664064051e-15 0.0000000000000000e+00 3.6611921664064051e-15 -1.2145714285704825e-03 0.0000000000000000e+00 0.0000000000000000e+00 0.0000000000000000e+00 0.0000000000000000e+00 2.4572611243779032e-14 -4.3927991465522582e-14 0.0000000000000000e+00 -4.3927991465522582e-14 -1.2631542857379618e-03 0.0000000000000000e+00 0.0000000000000000e+00 0.0000000000000000e+00 0.0000000000000000e+00 2.7339880486158766e-14 -1.7091205362419929e-14 0.0000000000000000e+00 -1.7091205362419929e-14 -1.2145714285930894e-03 0.0000000000000000e+00 0.0000000000000000e+00 0.0000000000000000e+00 0.0000000000000000e+00 2.4716683381690405e-15 -1.6170175104722209e-14 0.0000000000000000e+00 -1.6170175104722209e-14 -1.2631542857185216e-03 0.0000000000000000e+00 0.0000000000000000e+00 0.0000000000000000e+00 0.0000000000000000e+00 5.2081454848898262e-15 -5.3894685903614835e-15 0.0000000000000000e+00 -5.3894685903614835e-15 -1.2145714285780786e-03 0.0000000000000000e+00 0.0000000000000000e+00 0.0000000000000000e+00 0.0000000000000000e+00 -3.6817622209354246e-15 -3.5691503553281140e-15 0.0000000000000000e+00 -3.5691503553281140e-15 -1.2631542857138092e-03 0.0000000000000000e+00 0.0000000000000000e+00 0.0000000000000000e+00 0.0000000000000000e+00 -3.3282676296570186e-15 -7.5243764131689046e-16 0.0000000000000000e+00 -7.5243764131689046e-16 -1.2145714285714099e-03 0.0000000000000000e+00 0.0000000000000000e+00 0.0000000000000000e+00 0.0000000000000000e+00 -4.6602105267177501e-15 -5.2880898517283015e-16 0.0000000000000000e+00 -5.2880898517283015e-16 -1.2631542857129438e-03 0.0000000000000000e+00 0.0000000000000000e+00 0.0000000000000000e+00 0.0000000000000000e+00 -5.1575215940967179e-15 -6.5500150936496669e-16 0.0000000000000000e+00 -6.5500150936496669e-16 -1.2145714285698771e-03 0.0000000000000000e+00 0.0000000000000000e+00 0.0000000000000000e+00 0.0000000000000000e+00 -3.5339472930643853e-15 -1.0117896984718252e-15 0.0000000000000000e+00 -1.0117896984718252e-15 -1.2631542857139844e-03 0.0000000000000000e+00 0.0000000000000000e+00 0.0000000000000000e+00 0.0000000000000000e+00 -4.0354003347468545e-15 -2.3369339468219022e-15 0.0000000000000000e+00 -2.3369339468219022e-15 -1.2145714285710400e-03 0.0000000000000000e+00 0.0000000000000000e+00 0.0000000000000000e+00 0.0000000000000000e+00 -9.3699219859789644e-16 -1.8141815677272112e-15 0.0000000000000000e+00 -1.8141815677272112e-15 -1.2631542857164055e-03 0.0000000000000000e+00 0.0000000000000000e+00 0.0000000000000000e+00 0.0000000000000000e+00 1.7970377976602524e-16 -3.6124749796113393e-15 0.0000000000000000e+00 -3.6124749796113393e-15 -1.2145714285747072e-03 0.0000000000000000e+00 0.0000000000000000e+00 0.0000000000000000e+00 0.0000000000000000e+00 6.9078476819127219e-15 -2.1052637336420228e-15 0.0000000000000000e+00 -2.1052637336420228e-15 -1.2631542857227172e-03 0.0000000000000000e+00 0.0000000000000000e+00 0.0000000000000000e+00 0.0000000000000000e+00 9.6336145619474135e-15 -4.6279994228437485e-15 0.0000000000000000e+00 -4.6279994228437485e-15 -1.2145714285787636e-03 0.0000000000000000e+00 0.0000000000000000e+00 0.0000000000000000e+00 0.0000000000000000e+00 5.0707601571680489e-14 -5.3355500863840085e-14 0.0000000000000000e+00 -5.3355500863840085e-14 -1.2631542857355384e-03 0.0000000000000000e+00 0.0000000000000000e+00 0.0000000000000000e+00 0.0000000000000000e+00 -3.4512912710623974e-14 3.2223355528156490e-14 0.0000000000000000e+00 3.2223355528156490e-14 -1.2145714285442960e-03 0.0000000000000000e+00 0.0000000000000000e+00 0.0000000000000000e+00 0.0000000000000000e+00 5.4789460652434961e-14 -5.4263814723399254e-14 0.0000000000000000e+00 -5.4263814723399254e-14 -1.1174057142547720e-03 0.0000000000000000e+00 0.0000000000000000e+00 0.0000000000000000e+00 0.0000000000000000e+00 1.0933437617676793e-13 1.9490157912505396e-14 0.0000000000000000e+00 1.9490157912505396e-14 -1.0688228572018491e-03 0.0000000000000000e+00 0.0000000000000000e+00 0.0000000000000000e+00 0.0000000000000000e+00 5.1525310923489404e-14 1.6798353787858517e-14 0.0000000000000000e+00 1.6798353787858517e-14 -1.1174057143244996e-03 0.0000000000000000e+00 0.0000000000000000e+00 0.0000000000000000e+00 0.0000000000000000e+00 1.8242219447739787e-14 3.3737393333915903e-14 0.0000000000000000e+00 3.3737393333915903e-14 -1.0688228571585814e-03 0.0000000000000000e+00 0.0000000000000000e+00 0.0000000000000000e+00 0.0000000000000000e+00 1.2632108796752548e-14 9.1574461980186414e-15 0.0000000000000000e+00 9.1574461980186414e-15 -1.1174057142986672e-03 0.0000000000000000e+00 0.0000000000000000e+00 0.0000000000000000e+00 0.0000000000000000e+00 1.1025147741302219e-15 1.3989088830776853e-14 0.0000000000000000e+00 1.3989088830776853e-14 -1.0688228571463848e-03 0.0000000000000000e+00 0.0000000000000000e+00 0.0000000000000000e+00 0.0000000000000000e+00 -2.1092256497033656e-15 4.0391196726437515e-15 0.0000000000000000e+00 4.0391196726437515e-15 -1.1174057142870012e-03 0.0000000000000000e+00 0.0000000000000000e+00 0.0000000000000000e+00 0.0000000000000000e+00 -6.7990175238661815e-15 5.3426143674212463e-15 0.0000000000000000e+00 5.3426143674212463e-15 -1.0688228571401320e-03 0.0000000000000000e+00 0.0000000000000000e+00 0.0000000000000000e+00 0.0000000000000000e+00 -7.0104592158918807e-15 8.8084154773623608e-16 0.0000000000000000e+00 8.8084154773623608e-16 -1.1174057142828351e-03 0.0000000000000000e+00 0.0000000000000000e+00 0.0000000000000000e+00 0.0000000000000000e+00 -9.3864877589274754e-15 6.5379090383062686e-16 0.0000000000000000e+00 6.5379090383062686e-16 -1.0688228571379948e-03 0.0000000000000000e+00 0.0000000000000000e+00 0.0000000000000000e+00 0.0000000000000000e+00 -7.8926934231799167e-15 -2.2863382348663207e-15 0.0000000000000000e+00 -2.2863382348663207e-15 -1.1174057142822682e-03 0.0000000000000000e+00 0.0000000000000000e+00 0.0000000000000000e+00 0.0000000000000000e+00 -1.0094229154185885e-14 -3.5602610760748677e-15 0.0000000000000000e+00 -3.5602610760748677e-15 -1.0688228571377871e-03 0.0000000000000000e+00 0.0000000000000000e+00 0.0000000000000000e+00 0.0000000000000000e+00 -5.9997594670674975e-15 -6.9830138303806167e-15 0.0000000000000000e+00 -6.9830138303806167e-15 -1.1174057142843300e-03 0.0000000000000000e+00 0.0000000000000000e+00 0.0000000000000000e+00 0.0000000000000000e+00 -9.6799790073718422e-15 -1.0156614788626238e-14 0.0000000000000000e+00 -1.0156614788626238e-14 -1.0688228571391020e-03 0.0000000000000000e+00 0.0000000000000000e+00 0.0000000000000000e+00 0.0000000000000000e+00 -1.0927502439417005e-15 -1.4329290964777766e-14 0.0000000000000000e+00 -1.4329290964777766e-14 -1.1174057142887531e-03 0.0000000000000000e+00 0.0000000000000000e+00 0.0000000000000000e+00 0.0000000000000000e+00 -5.6261921596963040e-15 -2.1388268150599331e-14 0.0000000000000000e+00 -2.1388268150599331e-14 -1.0688228571437645e-03 0.0000000000000000e+00 0.0000000000000000e+00 0.0000000000000000e+00 0.0000000000000000e+00 3.9368502331487883e-14 -4.2212104156860602e-14 0.0000000000000000e+00 -4.2212104156860602e-14 -1.1174057143071320e-03 0.0000000000000000e+00 0.0000000000000000e+00 0.0000000000000000e+00 0.0000000000000000e+00 -1.2555189240141167e-14 -7.5290710314970092e-15 0.0000000000000000e+00 -7.5290710314970092e-15 -1.0688228571308475e-03 0.0000000000000000e+00 0.0000000000000000e+00 0.0000000000000000e+00 0.0000000000000000e+00 -1.5106606292168758e-13 9.8334908100003476e-14 0.0000000000000000e+00 9.8334908100003476e-14 -9.7165714280530156e-04 0.0000000000000000e+00 0.0000000000000000e+00 0.0000000000000000e+00 0.0000000000000000e+00 1.2715117696382851e-14 -6.9325603260351143e-14 0.0000000000000000e+00 -6.9325603260351143e-14 -9.2307428573893573e-04 0.0000000000000000e+00 0.0000000000000000e+00 0.0000000000000000e+00 0.0000000000000000e+00 -3.5134708553989122e-14 4.9828421756175225e-14 0.0000000000000000e+00 4.9828421756175225e-14 -9.7165714283215052e-04 0.0000000000000000e+00 0.0000000000000000e+00 0.0000000000000000e+00 0.0000000000000000e+00 -4.0711532847298440e-14 2.1140011278506866e-14 0.0000000000000000e+00 2.1140011278506866e-14 -9.2307428569000417e-04 0.0000000000000000e+00 0.0000000000000000e+00 0.0000000000000000e+00 0.0000000000000000e+00 -1.8785635881023192e-14 2.3776668821855963e-14 0.0000000000000000e+00 2.3776668821855963e-14 -9.7165714284519434e-04 0.0000000000000000e+00 0.0000000000000000e+00 0.0000000000000000e+00 0.0000000000000000e+00 -2.3538451385931304e-14 1.2344739060004241e-14 0.0000000000000000e+00 1.2344739060004241e-14 -9.2307428569864960e-04 0.0000000000000000e+00 0.0000000000000000e+00 0.0000000000000000e+00 0.0000000000000000e+00 -1.4045829351986214e-14 9.0433063527208062e-15 0.0000000000000000e+00 9.0433063527208062e-15 -9.7165714284855504e-04 0.0000000000000000e+00 0.0000000000000000e+00 0.0000000000000000e+00 0.0000000000000000e+00 -1.6307599491049602e-14 5.1810209005571367e-15 0.0000000000000000e+00 5.1810209005571367e-15 -9.2307428570363509e-04 0.0000000000000000e+00 0.0000000000000000e+00 0.0000000000000000e+00 0.0000000000000000e+00 -1.3026924719048565e-14 2.6810040515480650e-15 0.0000000000000000e+00 2.6810040515480650e-15 -9.7165714284921446e-04 0.0000000000000000e+00 0.0000000000000000e+00 0.0000000000000000e+00 0.0000000000000000e+00 -1.4494540510729767e-14 1.6121686673778413e-15 0.0000000000000000e+00 1.6121686673778413e-15 -9.2307428570506493e-04 0.0000000000000000e+00 0.0000000000000000e+00 0.0000000000000000e+00 0.0000000000000000e+00 -1.3888387162376598e-14 -9.6732432374131279e-16 0.0000000000000000e+00 -9.6732432374131279e-16 -9.7165714284879552e-04 0.0000000000000000e+00 0.0000000000000000e+00 0.0000000000000000e+00 0.0000000000000000e+00 -1.5986726563713089e-14 -4.2545074234223507e-16 0.0000000000000000e+00 -4.2545074234223507e-16 -9.2307428570436421e-04 0.0000000000000000e+00 0.0000000000000000e+00 0.0000000000000000e+00 0.0000000000000000e+00 -1.7312749520514096e-14 -5.1569361172989644e-15 0.0000000000000000e+00 -5.1569361172989644e-15 -9.7165714284707587e-04 0.0000000000000000e+00 0.0000000000000000e+00 0.0000000000000000e+00 0.0000000000000000e+00 -2.1868012024072179e-14 -1.5880535106220752e-15 0.0000000000000000e+00 -1.5880535106220752e-15 -9.2307428570113253e-04 0.0000000000000000e+00 0.0000000000000000e+00 0.0000000000000000e+00 0.0000000000000000e+00 -2.7281542637028448e-14 -1.2434117538429768e-14 0.0000000000000000e+00 -1.2434117538429768e-14 -9.7165714284255821e-04 0.0000000000000000e+00 0.0000000000000000e+00 0.0000000000000000e+00 0.0000000000000000e+00 -3.5924085803482464e-14 6.1524191528751172e-15 0.0000000000000000e+00 6.1524191528751172e-15 -9.2307428569343849e-04 0.0000000000000000e+00 0.0000000000000000e+00 0.0000000000000000e+00 0.0000000000000000e+00 -3.7646180735150669e-14 -5.0903682251648840e-14 0.0000000000000000e+00 -5.0903682251648840e-14 -9.7165714284024875e-04 0.0000000000000000e+00 0.0000000000000000e+00 0.0000000000000000e+00 0.0000000000000000e+00 -7.2068724040859819e-14 1.3692807671831715e-13 0.0000000000000000e+00 1.3692807671831715e-13 -9.2307428571015450e-04 0.0000000000000000e+00 0.0000000000000000e+00 0.0000000000000000e+00 0.0000000000000000e+00 -1.0541499215962040e-13 1.2095767693027550e-13 0.0000000000000000e+00 1.2095767693027550e-13 -8.2590857142580553e-04 0.0000000000000000e+00 0.0000000000000000e+00 0.0000000000000000e+00 0.0000000000000000e+00 -5.7081917763594331e-14 -6.4160333478115820e-14 0.0000000000000000e+00 -6.4160333478115820e-14 -7.7732571426606322e-04 0.0000000000000000e+00 0.0000000000000000e+00 0.0000000000000000e+00 0.0000000000000000e+00 -6.4382261730104339e-14 2.3061440263691893e-15 0.0000000000000000e+00 2.3061440263691893e-15 -8.2590857138932700e-04 0.0000000000000000e+00 0.0000000000000000e+00 0.0000000000000000e+00 0.0000000000000000e+00 -4.5464654646673527e-14 -1.8907470954612114e-14 0.0000000000000000e+00 -1.8907470954612114e-14 -7.7732571425869910e-04 0.0000000000000000e+00 0.0000000000000000e+00 0.0000000000000000e+00 0.0000000000000000e+00 -3.5504640917036178e-14 1.0220902231288775e-15 0.0000000000000000e+00 1.0220902231288775e-15 -8.2590857140438852e-04 0.0000000000000000e+00 0.0000000000000000e+00 0.0000000000000000e+00 0.0000000000000000e+00 -2.7125243896650444e-14 -6.6188927357340201e-15 0.0000000000000000e+00 -6.6188927357340201e-15 -7.7732571426751638e-04 0.0000000000000000e+00 0.0000000000000000e+00 0.0000000000000000e+00 0.0000000000000000e+00 -2.1197318071838203e-14 1.2424062128514810e-15 0.0000000000000000e+00 1.2424062128514810e-15 -8.2590857141397265e-04 0.0000000000000000e+00 0.0000000000000000e+00 0.0000000000000000e+00 0.0000000000000000e+00 -1.7780443018222779e-14 -1.7030836462413251e-15 0.0000000000000000e+00 -1.7030836462413251e-15 -7.7732571427374013e-04 0.0000000000000000e+00 0.0000000000000000e+00 0.0000000000000000e+00 0.0000000000000000e+00 -1.5852648759234808e-14 1.1597041321646926e-15 0.0000000000000000e+00 1.1597041321646926e-15 -8.2590857141803939e-04 0.0000000000000000e+00 0.0000000000000000e+00 0.0000000000000000e+00 0.0000000000000000e+00 -1.4454332094984596e-14 6.1503560402284868e-16 0.0000000000000000e+00 6.1503560402284868e-16 -7.7732571427634135e-04 0.0000000000000000e+00 0.0000000000000000e+00 0.0000000000000000e+00 0.0000000000000000e+00 -1.5175035251863896e-14 1.5958642248548777e-15 0.0000000000000000e+00 1.5958642248548777e-15 -8.2590857141893364e-04 0.0000000000000000e+00 0.0000000000000000e+00 0.0000000000000000e+00 0.0000000000000000e+00 -1.4317931805086985e-14 2.8451729517244700e-15 0.0000000000000000e+00 2.8451729517244700e-15 -7.7732571427694287e-04 0.0000000000000000e+00 0.0000000000000000e+00 0.0000000000000000e+00 0.0000000000000000e+00 -1.7578612865563321e-14 3.0307331999013759e-15 0.0000000000000000e+00 3.0307331999013759e-15 -8.2590857141811745e-04 0.0000000000000000e+00 0.0000000000000000e+00 0.0000000000000000e+00 0.0000000000000000e+00 -1.6127723061796201e-14 7.1376679419444509e-15 0.0000000000000000e+00 7.1376679419444509e-15 -7.7732571427662931e-04 0.0000000000000000e+00 0.0000000000000000e+00 0.0000000000000000e+00 0.0000000000000000e+00 -2.0014719937729444e-14 3.4756307771287533e-15 0.0000000000000000e+00 3.4756307771287533e-15 -8.2590857142016117e-04 0.0000000000000000e+00 0.0000000000000000e+00 0.0000000000000000e+00 0.0000000000000000e+00 -1.8931825073757019e-14 1.1568857121753905e-14 0.0000000000000000e+00 1.1568857121753905e-14 -7.7732571427498078e-04 0.0000000000000000e+00 0.0000000000000000e+00 0.0000000000000000e+00 0.0000000000000000e+00 6.3984357762016638e-14 -8.5369255361379044e-14 0.0000000000000000e+00 -8.5369255361379044e-14 -8.2590857147637174e-04 0.0000000000000000e+00 0.0000000000000000e+00 0.0000000000000000e+00 0.0000000000000000e+00 -1.0876424162417076e-13 4.3791523409553938e-14 0.0000000000000000e+00 4.3791523409553938e-14 -7.7732571423639305e-04 0.0000000000000000e+00 0.0000000000000000e+00 0.0000000000000000e+00 0.0000000000000000e+00 2.9376300072666194e-15 2.8136774185341447e-15 0.0000000000000000e+00 2.8136774185341447e-15 -6.8016000000861254e-04 0.0000000000000000e+00 0.0000000000000000e+00 0.0000000000000000e+00 0.0000000000000000e+00 -3.6082449526254935e-15 -2.9882923457582156e-14 0.0000000000000000e+00 -2.9882923457582156e-14 -6.3157714285128855e-04 0.0000000000000000e+00 0.0000000000000000e+00 0.0000000000000000e+00 0.0000000000000000e+00 -1.5856550142026408e-14 -3.5358932749600191e-14 0.0000000000000000e+00 -3.5358932749600191e-14 -6.8015999999472630e-04 0.0000000000000000e+00 0.0000000000000000e+00 0.0000000000000000e+00 0.0000000000000000e+00 -2.3725185122486244e-15 -2.7846536847636039e-14 0.0000000000000000e+00 -2.7846536847636039e-14 -6.3157714285836709e-04 0.0000000000000000e+00 0.0000000000000000e+00 0.0000000000000000e+00 0.0000000000000000e+00 -1.5611844465884402e-14 -1.8618785692401147e-14 0.0000000000000000e+00 -1.8618785692401147e-14 -6.8015999999115667e-04 0.0000000000000000e+00 0.0000000000000000e+00 0.0000000000000000e+00 0.0000000000000000e+00 -7.3567433821201354e-15 -1.3822981318934005e-14 0.0000000000000000e+00 -1.3822981318934005e-14 -6.3157714285397488e-04 0.0000000000000000e+00 0.0000000000000000e+00 0.0000000000000000e+00 0.0000000000000000e+00 -1.3228081257547342e-14 -6.9997452554611549e-15 0.0000000000000000e+00 -6.9997452554611549e-15 -6.8015999999170484e-04 0.0000000000000000e+00 0.0000000000000000e+00 0.0000000000000000e+00 0.0000000000000000e+00 -9.1515468054856740e-15 -5.1677703524098895e-15 0.0000000000000000e+00 -5.1677703524098895e-15 -6.3157714285195610e-04 0.0000000000000000e+00 0.0000000000000000e+00 0.0000000000000000e+00 0.0000000000000000e+00 -1.1560082002250172e-14 -1.3853647117793709e-15 0.0000000000000000e+00 -1.3853647117793709e-15 -6.8015999999276411e-04 0.0000000000000000e+00 0.0000000000000000e+00 0.0000000000000000e+00 0.0000000000000000e+00 -9.1161373182820640e-15 -4.8795244557292722e-16 0.0000000000000000e+00 -4.8795244557292722e-16 -6.3157714285184399e-04 0.0000000000000000e+00 0.0000000000000000e+00 0.0000000000000000e+00 0.0000000000000000e+00 -1.0625282841354682e-14 2.0089168175697366e-15 0.0000000000000000e+00 2.0089168175697366e-15 -6.8015999999373436e-04 0.0000000000000000e+00 0.0000000000000000e+00 0.0000000000000000e+00 0.0000000000000000e+00 -8.3709268594932818e-15 2.6561856812186444e-15 0.0000000000000000e+00 2.6561856812186444e-15 -6.3157714285270712e-04 0.0000000000000000e+00 0.0000000000000000e+00 0.0000000000000000e+00 0.0000000000000000e+00 -9.1853497450729303e-15 4.9422115718936156e-15 0.0000000000000000e+00 4.9422115718936156e-15 -6.8015999999546421e-04 0.0000000000000000e+00 0.0000000000000000e+00 0.0000000000000000e+00 0.0000000000000000e+00 -6.4319297025635238e-15 5.0518753115394538e-15 0.0000000000000000e+00 5.0518753115394538e-15 -6.3157714285496291e-04 0.0000000000000000e+00 0.0000000000000000e+00 0.0000000000000000e+00 0.0000000000000000e+00 -7.3394177120437848e-15 8.5474688344622771e-15 0.0000000000000000e+00 8.5474688344622771e-15 -6.8015999999886036e-04 0.0000000000000000e+00 0.0000000000000000e+00 0.0000000000000000e+00 0.0000000000000000e+00 1.7748228383095385e-15 2.7527627967623784e-15 0.0000000000000000e+00 2.7527627967623784e-15 -6.3157714286379667e-04 0.0000000000000000e+00 0.0000000000000000e+00 0.0000000000000000e+00 0.0000000000000000e+00 4.9859661057052938e-14 -2.1809730866202481e-14 0.0000000000000000e+00 -2.1809730866202481e-14 -6.8016000003429328e-04 0.0000000000000000e+00 0.0000000000000000e+00 0.0000000000000000e+00 0.0000000000000000e+00 -1.6654673351126638e-14 -3.9479288762715305e-14 0.0000000000000000e+00 -3.9479288762715305e-14 -6.3157714283473756e-04 0.0000000000000000e+00 0.0000000000000000e+00 0.0000000000000000e+00 0.0000000000000000e+00 2.8083739838210798e-14 -3.8667679219983786e-14 0.0000000000000000e+00 -3.8667679219983786e-14 -5.3441142855164896e-04 0.0000000000000000e+00 0.0000000000000000e+00 0.0000000000000000e+00 0.0000000000000000e+00 8.2360871430564223e-14 -1.9293038996515561e-14 0.0000000000000000e+00 -1.9293038996515561e-14 -4.8582857146653961e-04 0.0000000000000000e+00 0.0000000000000000e+00 0.0000000000000000e+00 0.0000000000000000e+00 3.1176770448857002e-14 -1.7514411169019318e-14 0.0000000000000000e+00 -1.7514411169019318e-14 -5.3441142859257272e-04 0.0000000000000000e+00 0.0000000000000000e+00 0.0000000000000000e+00 0.0000000000000000e+00 2.4661985226627572e-14 -6.7559563170574888e-16 0.0000000000000000e+00 -6.7559563170574888e-16 -4.8582857144687154e-04 0.0000000000000000e+00 0.0000000000000000e+00 0.0000000000000000e+00 0.0000000000000000e+00 8.2107023181358572e-15 -9.8152444618357776e-15 0.0000000000000000e+00 -9.8152444618357776e-15 -5.3441142857971809e-04 0.0000000000000000e+00 0.0000000000000000e+00 0.0000000000000000e+00 0.0000000000000000e+00 6.1333376293952671e-15 -2.8004148742655945e-15 0.0000000000000000e+00 -2.8004148742655945e-15 -4.8582857143488145e-04 0.0000000000000000e+00 0.0000000000000000e+00 0.0000000000000000e+00 0.0000000000000000e+00 -1.5439396395087882e-15 -5.0051403538771960e-15 0.0000000000000000e+00 -5.0051403538771960e-15 -5.3441142857213952e-04 0.0000000000000000e+00 0.0000000000000000e+00 0.0000000000000000e+00 0.0000000000000000e+00 -1.0815152517061672e-15 -1.8520169180207754e-15 0.0000000000000000e+00 -1.8520169180207754e-15 -4.8582857142931527e-04 0.0000000000000000e+00 0.0000000000000000e+00 0.0000000000000000e+00 0.0000000000000000e+00 -4.7154490530330525e-15 -1.3398812703912091e-15 0.0000000000000000e+00 -1.3398812703912091e-15 -5.3441142856942088e-04 0.0000000000000000e+00 0.0000000000000000e+00 0.0000000000000000e+00 0.0000000000000000e+00 -3.3857409079752519e-15 2.9556125684525103e-17 0.0000000000000000e+00 2.9556125684525103e-17 -4.8582857142742090e-04 0.0000000000000000e+00 0.0000000000000000e+00 0.0000000000000000e+00 0.0000000000000000e+00 -5.0951464985055170e-15 1.3075762626539670e-15 0.0000000000000000e+00 1.3075762626539670e-15 -5.3441142856915243e-04 0.0000000000000000e+00 0.0000000000000000e+00 0.0000000000000000e+00 0.0000000000000000e+00 -3.3863512098051534e-15 1.7671267523546101e-15 0.0000000000000000e+00 1.7671267523546101e-15 -4.8582857142749186e-04 0.0000000000000000e+00 0.0000000000000000e+00 0.0000000000000000e+00 0.0000000000000000e+00 -3.9783533473995435e-15 2.9811500390985796e-15 0.0000000000000000e+00 2.9811500390985796e-15 -5.3441142857023230e-04 0.0000000000000000e+00 0.0000000000000000e+00 0.0000000000000000e+00 0.0000000000000000e+00 -2.4064375051851943e-15 3.0691025405894807e-15 0.0000000000000000e+00 3.0691025405894807e-15 -4.8582857142838410e-04 0.0000000000000000e+00 0.0000000000000000e+00 0.0000000000000000e+00 0.0000000000000000e+00 -4.4461539744271079e-15 3.7168932569668256e-15 0.0000000000000000e+00 3.7168932569668256e-15 -5.3441142857036414e-04 0.0000000000000000e+00 0.0000000000000000e+00 0.0000000000000000e+00 0.0000000000000000e+00 -1.8916586685833075e-15 5.9441446020190062e-15 0.0000000000000000e+00 5.9441446020190062e-15 -4.8582857142934064e-04 0.0000000000000000e+00 0.0000000000000000e+00 0.0000000000000000e+00 0.0000000000000000e+00 -2.2994502197087894e-14 7.9881513559940862e-15 0.0000000000000000e+00 7.9881513559940862e-15 -5.3441142855711920e-04 0.0000000000000000e+00 0.0000000000000000e+00 0.0000000000000000e+00 0.0000000000000000e+00 2.3929703349162445e-15 2.1724650851600379e-14 0.0000000000000000e+00 2.1724650851600379e-14 -4.8582857143232404e-04 0.0000000000000000e+00 0.0000000000000000e+00 0.0000000000000000e+00 0.0000000000000000e+00 1.8013804346508995e-15 7.2084080309882213e-14 0.0000000000000000e+00 7.2084080309882213e-14 -3.8866285714198067e-04 0.0000000000000000e+00 0.0000000000000000e+00 0.0000000000000000e+00 0.0000000000000000e+00 -1.3914371875307183e-14 1.5843381812762348e-14 0.0000000000000000e+00 1.5843381812762348e-14 -3.4007999998875496e-04 0.0000000000000000e+00 0.0000000000000000e+00 0.0000000000000000e+00 0.0000000000000000e+00 8.7253979827183813e-15 2.4165364096276972e-14 0.0000000000000000e+00 2.4165364096276972e-14 -3.8866285714559253e-04 0.0000000000000000e+00 0.0000000000000000e+00 0.0000000000000000e+00 0.0000000000000000e+00 -1.1410349450086612e-16 1.3318544914136258e-14 0.0000000000000000e+00 1.3318544914136258e-14 -3.4007999999866772e-04 0.0000000000000000e+00 0.0000000000000000e+00 0.0000000000000000e+00 0.0000000000000000e+00 5.8161226819400289e-15 6.3044423352619081e-15 0.0000000000000000e+00 6.3044423352619081e-15 -3.8866285714770396e-04 0.0000000000000000e+00 0.0000000000000000e+00 0.0000000000000000e+00 0.0000000000000000e+00 2.0488742156714821e-15 4.9432651982513127e-15 0.0000000000000000e+00 4.9432651982513127e-15 -3.4008000000188162e-04 0.0000000000000000e+00 0.0000000000000000e+00 0.0000000000000000e+00 0.0000000000000000e+00 1.6338749756167091e-15 1.1447306895827685e-15 0.0000000000000000e+00 1.1447306895827685e-15 -3.8866285714520021e-04 0.0000000000000000e+00 0.0000000000000000e+00 0.0000000000000000e+00 0.0000000000000000e+00 7.4666607214032881e-16 1.6198592755776176e-15 0.0000000000000000e+00 1.6198592755776176e-15 -3.4008000000134960e-04 0.0000000000000000e+00 0.0000000000000000e+00 0.0000000000000000e+00 0.0000000000000000e+00 -6.4678418605183318e-16 4.8885576934839359e-16 0.0000000000000000e+00 4.8885576934839359e-16 -3.8866285714345811e-04 0.0000000000000000e+00 0.0000000000000000e+00 0.0000000000000000e+00 0.0000000000000000e+00 -2.2099049864086255e-16 8.9866360823749150e-16 0.0000000000000000e+00 8.9866360823749150e-16 -3.4008000000067799e-04 0.0000000000000000e+00 0.0000000000000000e+00 0.0000000000000000e+00 0.0000000000000000e+00 -1.0956952719501136e-15 1.0142733174289907e-15 0.0000000000000000e+00 1.0142733174289907e-15 -3.8866285714311512e-04 0.0000000000000000e+00 0.0000000000000000e+00 0.0000000000000000e+00 0.0000000000000000e+00 5.0422887453428104e-18 9.0541632901384252e-16 0.0000000000000000e+00 9.0541632901384252e-16 -3.4008000000088122e-04 0.0000000000000000e+00 0.0000000000000000e+00 0.0000000000000000e+00 0.0000000000000000e+00 -8.2640348026404475e-17 1.6350050899864760e-15 0.0000000000000000e+00 1.6350050899864760e-15 -3.8866285714392367e-04 0.0000000000000000e+00 0.0000000000000000e+00 0.0000000000000000e+00 0.0000000000000000e+00 1.5725604638374663e-15 7.8338251195769103e-16 0.0000000000000000e+00 7.8338251195769103e-16 -3.4008000000198684e-04 0.0000000000000000e+00 0.0000000000000000e+00 0.0000000000000000e+00 0.0000000000000000e+00 3.3414820623897177e-15 1.5725303584181407e-15 0.0000000000000000e+00 1.5725303584181407e-15 -3.8866285714626050e-04 0.0000000000000000e+00 0.0000000000000000e+00 0.0000000000000000e+00 0.0000000000000000e+00 4.3794596494677512e-15 -1.4538520203682976e-15 0.0000000000000000e+00 -1.4538520203682976e-15 -3.4008000000277576e-04 0.0000000000000000e+00 0.0000000000000000e+00 0.0000000000000000e+00 0.0000000000000000e+00 1.4213292681911104e-14 -6.3318510714274512e-15 0.0000000000000000e+00 -6.3318510714274512e-15 -3.8866285714967785e-04 0.0000000000000000e+00 0.0000000000000000e+00 0.0000000000000000e+00 0.0000000000000000e+00 -1.3525359964500271e-15 -5.9518448970401347e-15 0.0000000000000000e+00 -5.9518448970401347e-15 -3.4007999999335220e-04 0.0000000000000000e+00 0.0000000000000000e+00 0.0000000000000000e+00 0.0000000000000000e+00 -1.6327676702264441e-14 4.8972674085838744e-15 0.0000000000000000e+00 4.8972674085838744e-15 -2.4291428571748453e-04 0.0000000000000000e+00 0.0000000000000000e+00 0.0000000000000000e+00 0.0000000000000000e+00 -2.6512829037234387e-14 1.0480806462239180e-15 0.0000000000000000e+00 1.0480806462239180e-15 -1.9433142855768251e-04 0.0000000000000000e+00 0.0000000000000000e+00 0.0000000000000000e+00 0.0000000000000000e+00 -1.2924550806092831e-14 6.3479966124621016e-15 0.0000000000000000e+00 6.3479966124621016e-15 -2.4291428570422270e-04 0.0000000000000000e+00 0.0000000000000000e+00 0.0000000000000000e+00 0.0000000000000000e+00 -8.0499503968285493e-15 1.0497835369001847e-15 0.0000000000000000e+00 1.0497835369001847e-15 -1.9433142856497277e-04 0.0000000000000000e+00 0.0000000000000000e+00 0.0000000000000000e+00 0.0000000000000000e+00 -2.7850278508019755e-15 5.0100420759188755e-15 0.0000000000000000e+00 5.0100420759188755e-15 -2.4291428571163152e-04 0.0000000000000000e+00 0.0000000000000000e+00 0.0000000000000000e+00 0.0000000000000000e+00 -1.6474512713115082e-15 2.3274235446868179e-15 0.0000000000000000e+00 2.3274235446868179e-15 -1.9433142856989936e-04 0.0000000000000000e+00 0.0000000000000000e+00 0.0000000000000000e+00 0.0000000000000000e+00 2.1053322236436565e-16 2.6010942614971916e-15 0.0000000000000000e+00 2.6010942614971916e-15 -2.4291428571457339e-04 0.0000000000000000e+00 0.0000000000000000e+00 0.0000000000000000e+00 0.0000000000000000e+00 4.8569761207609832e-16 1.6821681344595301e-15 0.0000000000000000e+00 1.6821681344595301e-15 -1.9433142857183642e-04 0.0000000000000000e+00 0.0000000000000000e+00 0.0000000000000000e+00 0.0000000000000000e+00 6.3933692716030053e-16 1.2621267802469591e-15 0.0000000000000000e+00 1.2621267802469591e-15 -2.4291428571509638e-04 0.0000000000000000e+00 0.0000000000000000e+00 0.0000000000000000e+00 0.0000000000000000e+00 1.0136154636812649e-15 8.7888059008631853e-16 0.0000000000000000e+00 8.7888059008631853e-16 -1.9433142857228170e-04 0.0000000000000000e+00 0.0000000000000000e+00 0.0000000000000000e+00 0.0000000000000000e+00 8.9455106046496913e-16 5.0741979719380838e-16 0.0000000000000000e+00 5.0741979719380838e-16 -2.4291428571531645e-04 0.0000000000000000e+00 0.0000000000000000e+00 0.0000000000000000e+00 0.0000000000000000e+00 1.3967976946112132e-15 4.1025326251136121e-17 0.0000000000000000e+00 4.1025326251136121e-17 -1.9433142857255988e-04 0.0000000000000000e+00 0.0000000000000000e+00 0.0000000000000000e+00 0.0000000000000000e+00 1.6798478650711283e-15 -3.7397030707119615e-16 0.0000000000000000e+00 -3.7397030707119615e-16 -2.4291428571587546e-04 0.0000000000000000e+00 0.0000000000000000e+00 0.0000000000000000e+00 0.0000000000000000e+00 1.8815619602365784e-15 -1.0988018999299196e-15 0.0000000000000000e+00 -1.0988018999299196e-15 -1.9433142857286638e-04 0.0000000000000000e+00 0.0000000000000000e+00 0.0000000000000000e+00 0.0000000000000000e+00 2.1726674461764282e-15 -1.8001668938726140e-15 0.0000000000000000e+00 -1.8001668938726140e-15 -2.4291428571577536e-04 0.0000000000000000e+00 0.0000000000000000e+00 0.0000000000000000e+00 0.0000000000000000e+00 1.6805641346602765e-15 -2.0059636435517193e-15 0.0000000000000000e+00 -2.0059636435517193e-15 -1.9433142857231062e-04 0.0000000000000000e+00 0.0000000000000000e+00 0.0000000000000000e+00 0.0000000000000000e+00 8.4732266568518707e-16 -2.4490388407416632e-15 0.0000000000000000e+00 -2.4490388407416632e-15 -2.4291428571317005e-04 0.0000000000000000e+00 0.0000000000000000e+00 0.0000000000000000e+00 0.0000000000000000e+00 4.8719193573507684e-17 2.7619028336675333e-16 0.0000000000000000e+00 2.7619028336675333e-16 -1.9433142857018404e-04 0.0000000000000000e+00 0.0000000000000000e+00 0.0000000000000000e+00 0.0000000000000000e+00 1.0122676155869772e-14 -2.1275847044818424e-14 0.0000000000000000e+00 -2.1275847044818424e-14 -9.7165714288693266e-05 0.0000000000000000e+00 0.0000000000000000e+00 0.0000000000000000e+00 0.0000000000000000e+00 4.6696213186110330e-15 2.3805454252337687e-15 0.0000000000000000e+00 2.3805454252337687e-15 -4.8582857146254293e-05 0.0000000000000000e+00 0.0000000000000000e+00 0.0000000000000000e+00 0.0000000000000000e+00 -1.9054519071679606e-16 -5.5715544779026701e-15 0.0000000000000000e+00 -5.5715544779026701e-15 -9.7165714286307248e-05 0.0000000000000000e+00 0.0000000000000000e+00 0.0000000000000000e+00 0.0000000000000000e+00 1.6157777188992338e-15 -1.2375038591517371e-15 0.0000000000000000e+00 -1.2375038591517371e-15 -4.8582857143378684e-05 0.0000000000000000e+00 0.0000000000000000e+00 0.0000000000000000e+00 0.0000000000000000e+00 -7.4050859034956491e-16 -3.8301445319416715e-16 0.0000000000000000e+00 -3.8301445319416715e-16 -9.7165714284792848e-05 0.0000000000000000e+00 0.0000000000000000e+00 0.0000000000000000e+00 0.0000000000000000e+00 4.9580684131667624e-16 1.1815801620490195e-16 0.0000000000000000e+00 1.1815801620490195e-16 -4.8582857142926504e-05 0.0000000000000000e+00 0.0000000000000000e+00 0.0000000000000000e+00 0.0000000000000000e+00 6.3154431968893352e-16 9.6497792103402619e-16 0.0000000000000000e+00 9.6497792103402619e-16 -9.7165714285906893e-05 0.0000000000000000e+00 0.0000000000000000e+00 0.0000000000000000e+00 0.0000000000000000e+00 1.3318730165462148e-15 5.1137223882642727e-16 0.0000000000000000e+00 5.1137223882642727e-16 -4.8582857143435347e-05 0.0000000000000000e+00 0.0000000000000000e+00 0.0000000000000000e+00 0.0000000000000000e+00 1.5370937153668671e-15 7.0644856690126032e-16 0.0000000000000000e+00 7.0644856690126032e-16 -9.7165714286496916e-05 0.0000000000000000e+00 0.0000000000000000e+00 0.0000000000000000e+00 0.0000000000000000e+00 2.2046331313001792e-15 2.8418296085611862e-16 0.0000000000000000e+00 2.8418296085611862e-16 -4.8582857143851667e-05 0.0000000000000000e+00 0.0000000000000000e+00 0.0000000000000000e+00 0.0000000000000000e+00 1.9625585210815709e-15 7.4333266104570517e-17 0.0000000000000000e+00 7.4333266104570517e-17 -9.7165714286730413e-05 0.0000000000000000e+00 0.0000000000000000e+00 0.0000000000000000e+00 0.0000000000000000e+00 2.4690915028947762e-15 -1.1045092841869013e-16 0.0000000000000000e+00 -1.1045092841869013e-16 -4.8582857143986400e-05 0.0000000000000000e+00 0.0000000000000000e+00 0.0000000000000000e+00 0.0000000000000000e+00 1.9109287440832997e-15 -7.3190056934019567e-16 0.0000000000000000e+00 -7.3190056934019567e-16 -9.7165714286757274e-05 0.0000000000000000e+00 0.0000000000000000e+00 0.0000000000000000e+00 0.0000000000000000e+00 1.8890609024257940e-15 -6.1964051842457521e-16 0.0000000000000000e+00 -6.1964051842457521e-16 -4.8582857143760405e-05 0.0000000000000000e+00 0.0000000000000000e+00 0.0000000000000000e+00 0.0000000000000000e+00 1.2643036337014367e-15 -1.4686610123342048e-15 0.0000000000000000e+00 -1.4686610123342048e-15 -9.7165714286416672e-05 0.0000000000000000e+00 0.0000000000000000e+00 0.0000000000000000e+00 0.0000000000000000e+00 4.1086606548500379e-16 -1.0537666913732727e-15 0.0000000000000000e+00 -1.0537666913732727e-15 -4.8582857143086675e-05 0.0000000000000000e+00 0.0000000000000000e+00 0.0000000000000000e+00 0.0000000000000000e+00 7.4572316671133073e-16 -1.6431252461370685e-15 0.0000000000000000e+00 -1.6431252461370685e-15 -9.7165714285864691e-05 0.0000000000000000e+00 0.0000000000000000e+00 0.0000000000000000e+00 0.0000000000000000e+00 -1.7575215542183687e-15 -8.4614632096877792e-16 0.0000000000000000e+00 -8.4614632096877792e-16 -4.8582857141621382e-05 0.0000000000000000e+00 0.0000000000000000e+00 0.0000000000000000e+00 0.0000000000000000e+00
</DataArray>
        <DataArray type="Float64" format="ascii" Name="epsilon_xx">
-7.6281199220145731e-14 -8.1130247352993637e-14 -4.1345202967389015e-14 -3.0686854345139436e-14 -1.6220343236868873e-14 -1.2689345879740651e-14 -7.9466310785121256e-15 -6.0532224053966256e-15 -4.4007002137324455e-15 -2.9193993958402084e-15 -1.9336929309268275e-15 -4.7048428707137659e-16 3.0590963050789438e-16 1.3706879777491051e-15 3.7899360375464487e-15 -4.6774498060060307e-15 3.6891717843509132e-14 -6.2716413196638088e-14 2.1170952923495400e-14 -3.3836938965084196e-15 -1.1911459787144999e-14 -5.1411572683671137e-15 -8.8977948209537799e-15 -3.1759860417102915e-15 -4.7182470585686366e-15 -2.3522750812683575e-15 -2.2880438231282497e-15 -1.0058120112515565e-15 -1.6986422806200513e-16 6.2349204962779869e-16 2.3759311668146350e-15 2.6832777699235914e-15 3.2500490836815016e-15 1.0390426260480913e-14 2.1425333507824094e-14 4.5233336404756187e-14 -2.8640505465570026e-14 1.0662007469979865e-13 1.6535986214247322e-14 1.2763665728550478e-14 3.9099942236166041e-15 2.8551011453253459e-15 3.5439630458004006e-16 6.0144506260233483e-16 -2.0023591193123836e-16 9.2977701979326563e-17 6.0577203492680649e-17 4.8792744384239021e-17 -9.9636090945135808e-17 -1.0079977156836827e-15 -2.7185288061803365e-15 -7.5988862641359384e-15 -4.2622245915501630e-14 -2.6540251919958082e-15 -4.3174441432590819e-14 -4.3307454097644305e-14 -9.5376314651281198e-15 -3.3495281097532721e-15 6.8019163879537589e-16 9.4285383681143450e-16 1.1156711026854662e-15 9.4091782813130064e-16 4.1266207919120483e-16 1.2104673252990745e-16 8.9443031810498333e-17 5.4384940444418510e-17 6.3183077801181583e-16 2.3051294468644761e-15 2.5509939824542860e-15 8.3005653159620285e-15 1.6626883700327992e-15 1.7085018009150008e-14 6.4301040980939994e-14 -2.7274718218104233e-15 1.0230727594206029e-14 6.0023117990556230e-15 3.7720397828189168e-15 3.4008258837539938e-15 1.7162507452492794e-15 1.0600693690353245e-15 8.5426272040585918e-18 -9.1523131234476898e-16 -1.1280402886342233e-15 -2.2473862517870826e-15 -1.4462835615771227e-16 -1.4073514595064606e-15 7.8844685581263532e-15 6.5825103394089535e-15 3.3240627264212899e-14 2.2343450849433770e-14 -1.4307194168270296e-14 -3.9559146343197715e-15 1.9055145358313249e-15 5.0612594317064267e-15 3.3741417627368808e-15 2.2448029050967652e-15 1.2587499777108671e-15 9.9411079987313970e-17 -1.0636727782566285e-15 -2.2261035403274508e-15 -3.6013704271892187e-15 -5.2033615880144141e-15 -6.9887772796670412e-15 -1.0083029333297245e-14 -1.4562862593283217e-14 -2.3413683194399202e-14 -3.4925434822122693e-14 -5.7181082634104568e-14 3.8811776497189585e-14 1.5948139717884609e-15 8.3652846022837193e-15 -8.9608740084660731e-16 1.7243914879367321e-15 -4.8042278631692993e-16 -1.6913327292341587e-16 -1.1352146562267098e-15 -1.7972970485116119e-15 -2.3389076368361053e-15 -3.9095882260642278e-15 -4.1333769758818841e-15 -6.2035150987266195e-15 -4.7763741199979616e-15 -4.0437861385769013e-15 7.5445682431109217e-15 3.9581749686455698e-14 2.3577937919329728e-14 -4.5328225515752645e-14 -1.6531313378983487e-14 -1.6284753731572634e-14 -8.1331322327764828e-15 -4.4059257294526845e-15 -3.8497395620722849e-15 -2.1352848936390916e-15 -1.9766439590357238e-15 -1.7716342264834517e-15 -1.4931994671375784e-15 -2.2768033752241710e-15 -1.6910103056818568e-15 -3.9844555697528365e-15 -4.5262552611230780e-15 -2.5870936303751161e-15 -4.3320799363988634e-15 1.8003739315988836e-14 2.5871074191743271e-14 1.3317922344020506e-14 -5.9337972586576612e-14 8.6083240811397437e-16 -9.9775169119158878e-16 -2.8039518124964117e-15 1.2295050776398842e-16 -1.7923428544096864e-15 -8.3241807078340335e-16 -8.5777084286882046e-16 -2.8441773133494120e-16 -1.9953161837497739e-16 1.5862521458506905e-16 -5.2361234969031639e-16 9.3353074988175869e-16 -7.9591090311986168e-15 -8.4678474427078788e-15 1.2429859656594117e-14 2.7207961661658153e-14 9.9173003757908481e-14 2.8250145429269777e-14 2.4572611243779032e-14 2.7339880486158766e-14 2.4716683381690405e-15 5.2081454848898262e-15 -3.6817622209354246e-15 -3.3282676296570186e-15 -4.6602105267177501e-15 -5.1575215940967179e-15 -3.5339472930643853e-15 -4.0354003347468545e-15 -9.3699219859789644e-16 1.7970377976602524e-16 6.9078476819127219e-15 9.6336145619474135e-15 5.0707601571680489e-14 -3.4512912710623974e-14 5.4789460652434961e-14 1.0933437617676793e-13 5.1525310923489404e-14 1.8242219447739787e-14 1.2632108796752548e-14 1.1025147741302219e-15 -2.1092256497033656e-15 -6.7990175238661815e-15 -7.0104592158918807e-15 -9.3864877589274754e-15 -7.8926934231799167e-15 -1.0094229154185885e-14 -5.9997594670674975e-15 -9.6799790073718422e-15 -1.0927502439417005e-15 -5.6261921596963040e-15 3.9368502331487883e-14 -1.2555189240141167e-14 -1.5106606292168758e-13 1.2715117696382851e-14 -3.5134708553989122e-14 -4.0711532847298440e-14 -1.8785635881023192e-14 -2.3538451385931304e-14 -1.4045829351986214e-14 -1.6307599491049602e-14 -1.3026924719048565e-14 -1.4494540510729767e-14 -1.3888387162376598e-14 -1.5986726563713089e-14 -1.7312749520514096e-14 -2.1868012024072179e-14 -2.7281542637028448e-14 -3.5924085803482464e-14 -3.7646180735150669e-14 -7.2068724040859819e-14 -1.0541499215962040e-13 -5.7081917763594331e-14 -6.4382261730104339e-14 -4.5464654646673527e-14 -3.5504640917036178e-14 -2.7125243896650444e-14 -2.1197318071838203e-14 -1.7780443018222779e-14 -1.5852648759234808e-14 -1.4454332094984596e-14 -1.5175035251863896e-14 -1.4317931805086985e-14 -1.7578612865563321e-14 -1.6127723061796201e-14 -2.0014719937729444e-14 -1.8931825073757019e-14 6.3984357762016638e-14 -1.0876424162417076e-13 2.9376300072666194e-15 -3.6082449526254935e-15 -1.5856550142026408e-14 -2.3725185122486244e-15 -1.5611844465884402e-14 -7.3567433821201354e-15 -1.3228081257547342e-14 -9.1515468054856740e-15 -1.1560082002250172e-14 -9.1161373182820640e-15 -1.0625282841354682e-14 -8.3709268594932818e-15 -9.1853497450729303e-15 -6.4319297025635238e-15 -7.3394177120437848e-15 1.7748228383095385e-15 4.9859661057052938e-14 -1.6654673351126638e-14 2.8083739838210798e-14 8.2360871430564223e-14 3.1176770448857002e-14 2.4661985226627572e-14 8.2107023181358572e-15 6.1333376293952671e-15 -1.5439396395087882e-15 -1.0815152517061672e-15 -4.7154490530330525e-15 -3.3857409079752519e-15 -5.0951464985055170e-15 -3.3863512098051534e-15 -3.9783533473995435e-15 -2.4064375051851943e-15 -4.4461539744271079e-15 -1.8916586685833075e-15 -2.2994502197087894e-14 2.3929703349162445e-15 1.8013804346508995e-15 -1.3914371875307183e-14 8.7253979827183813e-15 -1.1410349450086612e-16 5.8161226819400289e-15 2.0488742156714821e-15 1.6338749756167091e-15 7.4666607214032881e-16 -6.4678418605183318e-16 -2.2099049864086255e-16 -1.0956952719501136e-15 5.0422887453428104e-18 -8.2640348026404475e-17 1.5725604638374663e-15 3.3414820623897177e-15 4.3794596494677512e-15 1.4213292681911104e-14 -1.3525359964500271e-15 -1.6327676702264441e-14 -2.6512829037234387e-14 -1.2924550806092831e-14 -8.0499503968285493e-15 -2.7850278508019755e-15 -1.6474512713115082e-15 2.1053322236436565e-16 4.8569761207609832e-16 6.3933692716030053e-16 1.0136154636812649e-15 8.9455106046496913e-16 1.3967976946112132e-15 1.6798478650711283e-15 1.8815619602365784e-15 2.1726674461764282e-15 1.6805641346602765e-15 8.4732266568518707e-16 4.8719193573507684e-17 1.0122676155869772e-14 4.6696213186110330e-15 -1.9054519071679606e-16 1.6157777188992338e-15 -7.4050859034956491e-16 4.9580684131667624e-16 6.3154431968893352e-16 1.3318730165462148e-15 1.5370937153668671e-15 2.2046331313001792e-15 1.9625585210815709e-15 2.4690915028947762e-15 1.9109287440832997e-15 1.8890609024257940e-15 1.2643036337014367e-15 4.1086606548500379e-16 7.4572316671133073e-16 -1.7575215542183687e-15
</DataArray>
        <DataArray type="Float64" format="ascii" Name="epsilon_yy">
-6.8150952381877228e-04 -7.0715047614585064e-04 -6.8150952377465566e-04 -7.0715047616868351e-04 -6.8150952379865783e-04 -7.0715047618228439e-04 -6.8150952380525921e-04 -7.0715047618745040e-04 -6.8150952380783799e-04 -7.0715047618981060e-04 -6.8150952380955103e-04 -7.0715047619146465e-04 -6.8150952381093057e-04 -7.0715047619173538e-04 -6.8150952381202572e-04 -7.0715047618140348e-04 -6.8150952382307407e-04 -7.0715047617135444e-04 -7.5843238096339534e-04 -7.8407333332918341e-04 -7.5843238094785179e-04 -7.8407333332941554e-04 -7.5843238094625617e-04 -7.8407333333132786e-04 -7.5843238094976074e-04 -7.8407333333245825e-04 -7.5843238095189662e-04 -7.8407333333372275e-04 -7.5843238095354461e-04 -7.8407333333498888e-04 -7.5843238095501901e-04 -7.8407333333643131e-04 -7.5843238095416781e-04 -7.8407333334417489e-04 -7.5843238096700530e-04 -7.8407333334195803e-04 -8.3535523805168728e-04 -8.6099619053424360e-04 -8.3535523810336827e-04 -8.6099619048385291e-04 -8.3535523809771198e-04 -8.6099619047770755e-04 -8.3535523809579165e-04 -8.6099619047679205e-04 -8.3535523809580661e-04 -8.6099619047691944e-04 -8.3535523809629081e-04 -8.6099619047723939e-04 -8.3535523809628030e-04 -8.6099619047653423e-04 -8.3535523809443769e-04 -8.6099619047222853e-04 -8.3535523807134104e-04 -8.6099619049074627e-04 -9.1227809523364723e-04 -9.3791904758416355e-04 -9.1227809522338060e-04 -9.3791904761285491e-04 -9.1227809523630320e-04 -9.3791904761797592e-04 -9.1227809523820055e-04 -9.3791904761907909e-04 -9.1227809523849470e-04 -9.3791904761928097e-04 -9.1227809523893337e-04 -9.3791904762012491e-04 -9.1227809524011255e-04 -9.3791904762303708e-04 -9.1227809524205392e-04 -9.3791904762730483e-04 -9.1227809524222902e-04 -9.3791904762849127e-04 -9.8920095239643318e-04 -1.0148419047522051e-03 -9.8920095238584833e-04 -1.0148419047616576e-03 -9.8920095238134043e-04 -1.0148419047620991e-03 -9.8920095238084604e-04 -1.0148419047614464e-03 -9.8920095238043534e-04 -1.0148419047607538e-03 -9.8920095238048196e-04 -1.0148419047607440e-03 -9.8920095238263475e-04 -1.0148419047631926e-03 -9.8920095239056960e-04 -1.0148419047723092e-03 -9.8920095240328512e-04 -1.0148419047708006e-03 -1.0661238095123449e-03 -1.0917647618957052e-03 -1.0661238095188593e-03 -1.0917647619046965e-03 -1.0661238095232663e-03 -1.0917647619041492e-03 -1.0661238095230050e-03 -1.0917647619032582e-03 -1.0661238095219306e-03 -1.0917647619019849e-03 -1.0661238095207089e-03 -1.0917647619003862e-03 -1.0661238095194803e-03 -1.0917647618981746e-03 -1.0661238095170970e-03 -1.0917647618916802e-03 -1.0661238095141939e-03 -1.0917647619123705e-03 -1.1430466666717640e-03 -1.1686876190467824e-03 -1.1430466666712022e-03 -1.1686876190441420e-03 -1.1430466666659273e-03 -1.1686876190452479e-03 -1.1430466666647739e-03 -1.1686876190450076e-03 -1.1430466666637652e-03 -1.1686876190441832e-03 -1.1430466666624158e-03 -1.1686876190429736e-03 -1.1430466666615428e-03 -1.1686876190438889e-03 -1.1430466666669944e-03 -1.1686876190587679e-03 -1.1430466667036888e-03 -1.1686876190617498e-03 -1.2199695237970600e-03 -1.2456104761825420e-03 -1.2199695237937733e-03 -1.2456104761837509e-03 -1.2199695238044579e-03 -1.2456104761861739e-03 -1.2199695238061694e-03 -1.2456104761871759e-03 -1.2199695238062601e-03 -1.2456104761872236e-03 -1.2199695238055523e-03 -1.2456104761861871e-03 -1.2199695238034806e-03 -1.2456104761819006e-03 -1.2199695238065767e-03 -1.2456104761872453e-03 -1.2199695238324813e-03 -1.2456104762268389e-03 -1.2968923809665472e-03 -1.3225333332862390e-03 -1.2968923809578868e-03 -1.3225333333369215e-03 -1.2968923809495085e-03 -1.3225333333324054e-03 -1.2968923809493051e-03 -1.3225333333310703e-03 -1.2968923809495176e-03 -1.3225333333305898e-03 -1.2968923809494959e-03 -1.3225333333303929e-03 -1.2968923809456310e-03 -1.3225333333242309e-03 -1.2968923809315780e-03 -1.3225333332934530e-03 -1.2968923809826508e-03 -1.3225333334108921e-03 -1.2631542857312796e-03 -1.2145714285704825e-03 -1.2631542857379618e-03 -1.2145714285930894e-03 -1.2631542857185216e-03 -1.2145714285780786e-03 -1.2631542857138092e-03 -1.2145714285714099e-03 -1.2631542857129438e-03 -1.2145714285698771e-03 -1.2631542857139844e-03 -1.2145714285710400e-03 -1.2631542857164055e-03 -1.2145714285747072e-03 -1.2631542857227172e-03 -1.2145714285787636e-03 -1.2631542857355384e-03 -1.2145714285442960e-03 -1.1174057142547720e-03 -1.0688228572018491e-03 -1.1174057143244996e-03 -1.0688228571585814e-03 -1.1174057142986672e-03 -1.0688228571463848e-03 -1.1174057142870012e-03 -1.0688228571401320e-03 -1.1174057142828351e-03 -1.0688228571379948e-03 -1.1174057142822682e-03 -1.0688228571377871e-03 -1.1174057142843300e-03 -1.0688228571391020e-03 -1.1174057142887531e-03 -1.0688228571437645e-03 -1.1174057143071320e-03 -1.0688228571308475e-03 -9.7165714280530156e-04 -9.2307428573893573e-04 -9.7165714283215052e-04 -9.2307428569000417e-04 -9.7165714284519434e-04 -9.2307428569864960e-04 -9.7165714284855504e-04 -9.2307428570363509e-04 -9.7165714284921446e-04 -9.2307428570506493e-04 -9.7165714284879552e-04 -9.2307428570436421e-04 -9.7165714284707587e-04 -9.2307428570113253e-04 -9.7165714284255821e-04 -9.2307428569343849e-04 -9.7165714284024875e-04 -9.2307428571015450e-04 -8.2590857142580553e-04 -7.7732571426606322e-04 -8.2590857138932700e-04 -7.7732571425869910e-04 -8.2590857140438852e-04 -7.7732571426751638e-04 -8.2590857141397265e-04 -7.7732571427374013e-04 -8.2590857141803939e-04 -7.7732571427634135e-04 -8.2590857141893364e-04 -7.7732571427694287e-04 -8.2590857141811745e-04 -7.7732571427662931e-04 -8.2590857142016117e-04 -7.7732571427498078e-04 -8.2590857147637174e-04 -7.7732571423639305e-04 -6.8016000000861254e-04 -6.3157714285128855e-04 -6.8015999999472630e-04 -6.3157714285836709e-04 -6.8015999999115667e-04 -6.3157714285397488e-04 -6.8015999999170484e-04 -6.3157714285195610e-04 -6.8015999999276411e-04 -6.3157714285184399e-04 -6.8015999999373436e-04 -6.3157714285270712e-04 -6.8015999999546421e-04 -6.3157714285496291e-04 -6.8015999999886036e-04 -6.3157714286379667e-04 -6.8016000003429328e-04 -6.3157714283473756e-04 -5.3441142855164896e-04 -4.8582857146653961e-04 -5.3441142859257272e-04 -4.8582857144687154e-04 -5.3441142857971809e-04 -4.8582857143488145e-04 -5.3441142857213952e-04 -4.8582857142931527e-04 -5.3441142856942088e-04 -4.8582857142742090e-04 -5.3441142856915243e-04 -4.8582857142749186e-04 -5.3441142857023230e-04 -4.8582857142838410e-04 -5.3441142857036414e-04 -4.8582857142934064e-04 -5.3441142855711920e-04 -4.8582857143232404e-04 -3.8866285714198067e-04 -3.4007999998875496e-04 -3.8866285714559253e-04 -3.4007999999866772e-04 -3.8866285714770396e-04 -3.4008000000188162e-04 -3.8866285714520021e-04 -3.4008000000134960e-04 -3.8866285714345811e-04 -3.4008000000067799e-04 -3.8866285714311512e-04 -3.4008000000088122e-04 -3.8866285714392367e-04 -3.4008000000198684e-04 -3.8866285714626050e-04 -3.4008000000277576e-04 -3.8866285714967785e-04 -3.4007999999335220e-04 -2.4291428571748453e-04 -1.9433142855768251e-04 -2.4291428570422270e-04 -1.9433142856497277e-04 -2.4291428571163152e-04 -1.9433142856989936e-04 -2.4291428571457339e-04 -1.9433142857183642e-04 -2.4291428571509638e-04 -1.9433142857228170e-04 -2.4291428571531645e-04 -1.9433142857255988e-04 -2.4291428571587546e-04 -1.9433142857286638e-04 -2.4291428571577536e-04 -1.9433142857231062e-04 -2.4291428571317005e-04 -1.9433142857018404e-04 -9.7165714288693266e-05 -4.8582857146254293e-05 -9.7165714286307248e-05 -4.8582857143378684e-05 -9.7165714284792848e-05 -4.8582857142926504e-05 -9.7165714285906893e-05 -4.8582857143435347e-05 -9.7165714286496916e-05 -4.8582857143851667e-05 -9.7165714286730413e-05 -4.8582857143986400e-05 -9.7165714286757274e-05 -4.8582857143760405e-05 -9.7165714286416672e-05 -4.8582857143086675e-05 -9.7165714285864691e-05 -4.8582857141621382e-05
</DataArray>
        <DataArray type="Float64" format="ascii" Name="gamma_xy">
-2.4503462545182586e-13 6.3933101056308616e-14 -5.1322658475391024e-14 5.6998293661801898e-15 -1.1124900969733772e-14 3.2780129835762485e-15 -4.2384559305815432e-16 4.2713688871426409e-15 1.9144870989375533e-15 4.0528994630321771e-15 1.5209918123303034e-15 3.0385230840699623e-15 1.2935866765547482e-15 1.6643324867268821e-15 1.2161732644319734e-14 6.7161546285708176e-15 1.0160566319854253e-13 -1.5213169730799262e-14 7.6288870276141187e-14 1.5298528446390450e-14 4.7136196672303158e-14 3.0480118283587882e-14 1.9635328024182264e-14 1.7223684116115861e-14 1.0487415374192841e-14 1.0886859130598544e-14 8.0283720075314203e-15 9.1783010252894353e-15 7.4282076325613041e-15 9.4350701819037482e-15 7.6412831702233033e-15 1.1739542995238761e-14 7.5626390509072391e-16 1.4852919814715833e-14 -5.0231533653477530e-14 1.0905373956106635e-13 9.9418768001598991e-14 1.0964051220785277e-13 2.7064986429496789e-14 5.1403188039238084e-15 1.3450787373667396e-14 8.2888430053964557e-15 1.1208771828215017e-14 9.5768419316693710e-15 1.0365852867910358e-14 1.0172865662293376e-14 1.0595096123826489e-14 1.0530981899915030e-14 1.1228421968117134e-14 8.9604008783734501e-15 1.2665125965275397e-14 2.1342280066554940e-15 -1.7073719049204899e-14 -2.4491019301941022e-14 -2.7006839898524035e-13 4.4845984920224159e-14 -2.7507919047411714e-14 8.7685609053283551e-15 1.1571911225996889e-15 5.3137203258005264e-15 6.7707730295985089e-15 6.7320900800478390e-15 8.7587569083839428e-15 8.6589795636591694e-15 1.0100113331316509e-14 1.0687883688897528e-14 8.9771563275176606e-15 9.7076939332939130e-15 -4.7050640325277987e-16 -4.7466181959701973e-15 -2.3615810813473932e-14 -3.8196390483264821e-14 4.5336478921948286e-14 -7.1902738077796971e-14 1.3324719489999652e-14 -3.4374106208714001e-15 5.4953178198842772e-15 8.2008029860123084e-16 3.7771126639232623e-15 2.1067829557712111e-15 5.4739555414785197e-15 4.8969403998512628e-15 8.9355899472839280e-15 9.9324447330130385e-15 1.4080380606108377e-14 1.9906173343615496e-14 2.0732011959491041e-14 4.2707083179325511e-14 2.8199874659946344e-14 5.1197525111114987e-14 4.8429444611829147e-14 6.9183225977919242e-15 -1.4899264353389869e-15 -3.8728551807452224e-15 -4.6493044099918424e-15 -6.1924877160079909e-15 -2.7850123602652255e-15 -4.0867324808758214e-15 -6.6416225009486956e-17 -1.2958943866611437e-15 4.0818254677581207e-15 2.4287026729786746e-15 1.1496046161067638e-14 6.3201541809098351e-15 2.6335646010039507e-14 -1.9702149864077310e-15 6.4040276248756102e-14 -1.0094767981189690e-13 1.5844014768022155e-14 -6.6212716201609301e-14 -1.5497550524012032e-14 -2.1807879745423145e-14 -1.0562921364441485e-14 -1.1568211008806058e-14 -7.9642869929095001e-15 -8.3539768768052891e-15 -5.7067289887778002e-15 -6.4881669003925834e-15 -3.6074356069689346e-15 -4.7529913648518627e-15 -1.2909946313729732e-15 2.4533946250219383e-16 -4.6140871317809731e-15 7.6432444711460894e-15 3.3657523768703627e-15 2.5913263540206586e-14 2.5200214779156903e-15 2.8830374324822898e-14 -8.3852999219054888e-15 4.0698776295849836e-15 -1.0763257521278188e-14 -6.6350228786772970e-15 -9.1203009751825031e-15 -7.5943558772135592e-15 -7.9751603321848528e-15 -7.4732433544048874e-15 -7.4650323028885137e-15 -8.4378001156080531e-15 -3.7692978481679056e-15 -2.1137589733795149e-15 1.9128887262383466e-14 4.7061662616318384e-14 4.9131281694847407e-14 1.8846695166386525e-14 -3.3013463206650379e-14 -1.9363386527930387e-16 1.7765405382243842e-14 5.3033773050619598e-15 -7.4123081341137580e-16 -1.6869908042632639e-15 -5.0140783004650200e-15 -4.4572865247348853e-15 -6.3791707538524114e-15 -5.8244101640730840e-15 -5.7582512093927734e-15 -4.4297226424990798e-15 -6.4499004950201531e-15 -3.4877565176725108e-15 8.3766998059440045e-15 1.3576744475173862e-14 1.2384788095663468e-13 -1.0703967701237620e-13 1.0800611085687097e-13 7.3223843328128103e-15 -8.7855982931045165e-14 -3.4182410724839858e-14 -3.2340350209444417e-14 -1.0778937180722967e-14 -7.1383007106562281e-15 -1.5048752826337809e-15 -1.0576179703456603e-15 -1.3100030187299334e-15 -2.0235793969436505e-15 -4.6738678936438045e-15 -3.6283631354544224e-15 -7.2249499592226785e-15 -4.2105274672840456e-15 -9.2559988456874970e-15 -1.0671100172768017e-13 6.4446711056312979e-14 -1.0852762944679851e-13 3.8980315825010792e-14 3.3596707575717034e-14 6.7474786667831806e-14 1.8314892396037283e-14 2.7978177661553707e-14 8.0782393452875029e-15 1.0685228734842493e-14 1.7616830954724722e-15 1.3075818076612537e-15 -4.5726764697326415e-15 -7.1205221521497355e-15 -1.3966027660761233e-14 -2.0313229577252476e-14 -2.8658581929555533e-14 -4.2776536301198662e-14 -8.4424208313721205e-14 -1.5058142062994018e-14 1.9666981620000695e-13 -1.3865120652070229e-13 9.9656843512350449e-14 4.2280022557013732e-14 4.7553337643711927e-14 2.4689478120008481e-14 1.8086612705441612e-14 1.0362041801114273e-14 5.3620081030961300e-15 3.2243373347556826e-15 -1.9346486474826256e-15 -8.5090148468447014e-16 -1.0313872234597929e-14 -3.1761070212441504e-15 -2.4868235076859537e-14 1.2304838305750234e-14 -1.0180736450329768e-13 2.7385615343663429e-13 2.4191535386055101e-13 -1.2832066695623164e-13 4.6122880527383786e-15 -3.7814941909224228e-14 2.0441804462577550e-15 -1.3237785471468040e-14 2.4848124257029620e-15 -3.4061672924826502e-15 2.3194082643293853e-15 1.2300712080456974e-15 3.1917284497097554e-15 5.6903459034489399e-15 6.0614663998027518e-15 1.4275335883888902e-14 6.9512615542575066e-15 2.3137714243507810e-14 -1.7073851072275809e-13 8.7583046819107875e-14 5.6273548370682893e-15 -5.9765846915164311e-14 -7.0717865499200382e-14 -5.5693073695272078e-14 -3.7237571384802294e-14 -2.7645962637868011e-14 -1.3999490510922310e-14 -1.0335540704819779e-14 -2.7707294235587417e-15 -9.7590489114585443e-16 4.0178336351394732e-15 5.3123713624372888e-15 9.8844231437872313e-15 1.0103750623078908e-14 1.7094937668924554e-14 5.5055255935247569e-15 -4.3619461732404961e-14 -7.8958577525430609e-14 -7.7335358439967573e-14 -3.8586077993031123e-14 -3.5028822338038637e-14 -1.3511912634114978e-15 -1.9630488923671555e-14 -5.6008297485311891e-15 -1.0010280707754392e-14 -3.7040338360415509e-15 -2.6797625407824182e-15 5.9112251369050206e-17 2.6151525253079341e-15 3.5342535047092203e-15 5.9623000781971592e-15 6.1382050811789614e-15 7.4337865139336512e-15 1.1888289204038012e-14 1.5976302711988172e-14 4.3449301703200759e-14 1.4416816061976443e-13 3.1686763625524697e-14 4.8330728192553944e-14 2.6637089828272517e-14 1.2608884670523816e-14 9.8865303965026255e-15 2.2894613791655371e-15 3.2397185511552351e-15 9.7771153869678718e-16 1.7973272164749830e-15 2.0285466348579814e-15 1.8108326580276850e-15 3.2700101799729520e-15 1.5667650239153821e-15 3.1450607168362814e-15 -2.9077040407365953e-15 -1.2663702142854902e-14 -1.1903689794080269e-14 9.7945348171677489e-15 2.0961612924478361e-15 1.2695993224924203e-14 2.0995670738003694e-15 1.0020084151837751e-14 4.6548470893736358e-15 5.2021885229943832e-15 3.3643362689190602e-15 2.5242535604939181e-15 1.7577611801726371e-15 1.0148395943876168e-15 8.2050652502272243e-17 -7.4794061414239230e-16 -2.1976037998598393e-15 -3.6003337877452280e-15 -4.0119272871034386e-15 -4.8980776814833264e-15 5.5238056673350666e-16 -4.2551694089636848e-14 4.7610908504675374e-15 -1.1143108955805340e-14 -2.4750077183034741e-15 -7.6602890638833430e-16 2.3631603240980390e-16 1.9299558420680524e-15 1.0227444776528545e-15 1.4128971338025206e-15 5.6836592171223724e-16 1.4866653220914103e-16 -2.2090185683738027e-16 -1.4638011386803913e-15 -1.2392810368491504e-15 -2.9373220246684096e-15 -2.1075333827465454e-15 -3.2862504922741369e-15 -1.6922926419375558e-15
</DataArray>
        <DataArray type="Float64" format="ascii" Name="Stress" NumberOfComponents="9">
-7.8635714307318656e+00 -1.8848817342448149e-09 0.0000000000000000e+00 -1.8848817342448149e-09 -1.8348333334462495e+01 0.0000000000000000e+00 0.0000000000000000e+00 0.0000000000000000e+00 -7.8635714295583092e+00 -8.1594285730979355e+00 4.9179308504852800e-10 0.0000000000000000e+00 4.9179308504852800e-10 -1.9038666666401330e+01 0.0000000000000000e+00 0.0000000000000000e+00 0.0000000000000000e+00 -8.1594285718497801e+00 -7.8635714292822438e+00 -3.9478968057993086e-10 0.0000000000000000e+00 -3.9478968057993086e-10 -1.8348333332871633e+01 0.0000000000000000e+00 0.0000000000000000e+00 0.0000000000000000e+00 -7.8635714286461642e+00 -8.1594285720033000e+00 4.3844841278309160e-11 0.0000000000000000e+00 4.3844841278309160e-11 -1.9038666666434022e+01 0.0000000000000000e+00 0.0000000000000000e+00 0.0000000000000000e+00 -8.1594285715311958e+00 -7.8635714288827510e+00 -8.5576161305644416e-11 0.0000000000000000e+00 -8.5576161305644416e-11 -1.8348333333227945e+01 0.0000000000000000e+00 0.0000000000000000e+00 0.0000000000000000e+00 -7.8635714286332101e+00 -8.1594285716756847e+00 2.5215484489048066e-11 0.0000000000000000e+00 2.5215484489048066e-11 -1.9038666666592526e+01 0.0000000000000000e+00 0.0000000000000000e+00 0.0000000000000000e+00 -8.1594285714804649e+00 -7.8635714287361678e+00 -3.2603507158319594e-12 0.0000000000000000e+00 -3.2603507158319594e-12 -1.8348333333310208e+01 0.0000000000000000e+00 0.0000000000000000e+00 0.0000000000000000e+00 -7.8635714286139118e+00 -8.1594285715566297e+00 3.2856683747251082e-11 0.0000000000000000e+00 3.2856683747251082e-11 -1.9038666666655047e+01 0.0000000000000000e+00 0.0000000000000000e+00 0.0000000000000000e+00 -8.1594285714635024e+00 -7.8635714286704577e+00 1.4726823837981179e-11 0.0000000000000000e+00 1.4726823837981179e-11 -1.8348333333338722e+01 0.0000000000000000e+00 0.0000000000000000e+00 0.0000000000000000e+00 -7.8635714286027527e+00 -8.1594285714994914e+00 3.1176149715632130e-11 0.0000000000000000e+00 3.1176149715632130e-11 -1.9038666666682431e+01 0.0000000000000000e+00 0.0000000000000000e+00 0.0000000000000000e+00 -8.1594285714545762e+00 -7.8635714286238025e+00 1.1699937017925412e-11 0.0000000000000000e+00 1.1699937017925412e-11 -1.8348333333356376e+01 0.0000000000000000e+00 0.0000000000000000e+00 0.0000000000000000e+00 -7.8635714285940521e+00 -8.1594285714526436e+00 2.3373254492845867e-11 0.0000000000000000e+00 2.3373254492845867e-11 -1.9038666666698710e+01 0.0000000000000000e+00 0.0000000000000000e+00 0.0000000000000000e+00 -8.1594285714454031e+00 -7.8635714285794220e+00 9.9506667427288358e-12 0.0000000000000000e+00 9.9506667427288358e-12 -1.8348333333367677e+01 0.0000000000000000e+00 0.0000000000000000e+00 0.0000000000000000e+00 -7.8635714285841285e+00 -8.1594285714061954e+00 1.2802557590206784e-11 0.0000000000000000e+00 1.2802557590206784e-11 -1.9038666666684751e+01 0.0000000000000000e+00 0.0000000000000000e+00 0.0000000000000000e+00 -8.1594285714272843e+00 -7.8635714284982612e+00 9.3551789571690262e-11 0.0000000000000000e+00 9.3551789571690262e-11 -1.8348333333356965e+01 0.0000000000000000e+00 0.0000000000000000e+00 0.0000000000000000e+00 -7.8635714285565665e+00 -8.1594285714498156e+00 5.1662727912083190e-11 0.0000000000000000e+00 5.1662727912083190e-11 -1.9038666666476370e+01 0.0000000000000000e+00 0.0000000000000000e+00 0.0000000000000000e+00 -8.1594285713778554e+00 -7.8635714277345379e+00 7.8158202460417322e-10 0.0000000000000000e+00 7.8158202460417322e-10 -1.8348333333272471e+01 0.0000000000000000e+00 0.0000000000000000e+00 0.0000000000000000e+00 -7.8635714283021034e+00 -8.1594285728964557e+00 -1.1702438254460986e-10 0.0000000000000000e+00 -1.1702438254460986e-10 -1.9038666666875503e+01 0.0000000000000000e+00 0.0000000000000000e+00 0.0000000000000000e+00 -8.1594285719315849e+00 -8.7511428566999570e+00 5.8683746366262430e-10 0.0000000000000000e+00 5.8683746366262430e-10 -2.0419333333385598e+01 0.0000000000000000e+00 0.0000000000000000e+00 0.0000000000000000e+00 -8.7511428570256644e+00 -9.0470000000432140e+00 1.1768098804915733e-10 0.0000000000000000e+00 1.1768098804915733e-10 -2.1109666666593981e+01 0.0000000000000000e+00 0.0000000000000000e+00 0.0000000000000000e+00 -9.0469999999911579e+00 -8.7511428574112902e+00 3.6258612824848586e-10 0.0000000000000000e+00 3.6258612824848586e-10 -2.0419333333348835e+01 0.0000000000000000e+00 0.0000000000000000e+00 0.0000000000000000e+00 -8.7511428572280376e+00 -9.0470000000932114e+00 2.3446244833529136e-10 0.0000000000000000e+00 2.3446244833529136e-10 -2.1109666666620512e+01 0.0000000000000000e+00 0.0000000000000000e+00 0.0000000000000000e+00 -9.0470000000141173e+00 -8.7511428573117414e+00 1.5104098480140202e-10 0.0000000000000000e+00 1.5104098480140202e-10 -2.0419333333271101e+01 0.0000000000000000e+00 0.0000000000000000e+00 0.0000000000000000e+00 -8.7511428571748517e+00 -9.0470000000623667e+00 1.3248987781627589e-10 0.0000000000000000e+00 1.3248987781627589e-10 -2.1109666666649318e+01 0.0000000000000000e+00 0.0000000000000000e+00 0.0000000000000000e+00 -9.0470000000135045e+00 -8.7511428572396515e+00 8.0672425955329554e-11 0.0000000000000000e+00 8.0672425955329554e-11 -2.0419333333317230e+01 0.0000000000000000e+00 0.0000000000000000e+00 0.0000000000000000e+00 -8.7511428571670624e+00 -9.0470000000532327e+00 8.3745070235373422e-11 0.0000000000000000e+00 8.3745070235373422e-11 -2.1109666666670250e+01 0.0000000000000000e+00 0.0000000000000000e+00 0.0000000000000000e+00 -9.0470000000170430e+00 -8.7511428571988681e+00 6.1756707750241708e-11 0.0000000000000000e+00 6.1756707750241708e-11 -2.0419333333346692e+01 0.0000000000000000e+00 0.0000000000000000e+00 0.0000000000000000e+00 -8.7511428571636660e+00 -9.0470000000315718e+00 7.0602315579149516e-11 0.0000000000000000e+00 7.0602315579149516e-11 -2.1109666666688753e+01 0.0000000000000000e+00 0.0000000000000000e+00 0.0000000000000000e+00 -9.0470000000160979e+00 -8.7511428571608558e+00 5.7140058712010030e-11 0.0000000000000000e+00 5.7140058712010030e-11 -2.0419333333366620e+01 0.0000000000000000e+00 0.0000000000000000e+00 0.0000000000000000e+00 -8.7511428571582446e+00 -9.0470000000023152e+00 7.2577462937721131e-11 0.0000000000000000e+00 7.2577462937721131e-11 -2.1109666666704044e+01 0.0000000000000000e+00 0.0000000000000000e+00 0.0000000000000000e+00 -9.0470000000119057e+00 -8.7511428571093308e+00 5.8779101309410030e-11 0.0000000000000000e+00 5.8779101309410030e-11 -2.0419333333376944e+01 0.0000000000000000e+00 0.0000000000000000e+00 0.0000000000000000e+00 -8.7511428571458829e+00 -9.0469999999635036e+00 9.0304176886452001e-11 0.0000000000000000e+00 9.0304176886452001e-11 -2.1109666666719111e+01 0.0000000000000000e+00 0.0000000000000000e+00 0.0000000000000000e+00 -9.0470000000047825e+00 -8.7511428570759726e+00 5.8174146545440305e-12 0.0000000000000000e+00 5.8174146545440305e-12 -2.0419333333343939e+01 0.0000000000000000e+00 0.0000000000000000e+00 0.0000000000000000e+00 -8.7511428571259717e+00 -9.0469999998453510e+00 1.1425322934396798e-10 0.0000000000000000e+00 1.1425322934396798e-10 -2.1109666666838660e+01 0.0000000000000000e+00 0.0000000000000000e+00 0.0000000000000000e+00 -9.0470000000052035e+00 -8.7511428567347611e+00 -3.8639641271905787e-10 0.0000000000000000e+00 -3.8639641271905787e-10 -2.0419333333479845e+01 0.0000000000000000e+00 0.0000000000000000e+00 0.0000000000000000e+00 -8.7511428570643819e+00 -9.0469999988816951e+00 8.3887491970051007e-10 0.0000000000000000e+00 8.3887491970051007e-10 -2.1109666666376949e+01 0.0000000000000000e+00 0.0000000000000000e+00 0.0000000000000000e+00 -9.0469999995775918e+00 -9.6387142859828643e+00 7.6475975385845374e-10 0.0000000000000000e+00 7.6475975385845374e-10 -2.2490333332491275e+01 0.0000000000000000e+00 0.0000000000000000e+00 0.0000000000000000e+00 -9.6387142855422407e+00 -9.9345714263707290e+00 8.4338855544502130e-10 0.0000000000000000e+00 8.4338855544502130e-10 -2.3180666666999397e+01 0.0000000000000000e+00 0.0000000000000000e+00 0.0000000000000000e+00 -9.9345714280110400e+00 -9.6387142853628944e+00 2.0819220330382147e-10 0.0000000000000000e+00 2.0819220330382147e-10 -2.2490333333361420e+01 0.0000000000000000e+00 0.0000000000000000e+00 0.0000000000000000e+00 -9.6387142856172954e+00 -9.9345714283162039e+00 3.9540913876336987e-11 0.0000000000000000e+00 3.9540913876336987e-11 -2.3180666666725692e+01 0.0000000000000000e+00 0.0000000000000000e+00 0.0000000000000000e+00 -9.9345714285125695e+00 -9.6387142856375601e+00 1.0346759518205688e-10 0.0000000000000000e+00 1.0346759518205688e-10 -2.2490333333354819e+01 0.0000000000000000e+00 0.0000000000000000e+00 0.0000000000000000e+00 -9.6387142856977146e+00 -9.9345714285120650e+00 6.3760330810741979e-11 0.0000000000000000e+00 6.3760330810741979e-11 -2.3180666666674565e+01 0.0000000000000000e+00 0.0000000000000000e+00 0.0000000000000000e+00 -9.9345714285559890e+00 -9.6387142857111314e+00 8.6221321755500120e-11 0.0000000000000000e+00 8.6221321755500120e-11 -2.2490333333344143e+01 0.0000000000000000e+00 0.0000000000000000e+00 0.0000000000000000e+00 -9.6387142857165831e+00 -9.9345714285621760e+00 7.3668014858995161e-11 0.0000000000000000e+00 7.3668014858995161e-11 -2.3180666666675926e+01 0.0000000000000000e+00 0.0000000000000000e+00 0.0000000000000000e+00 -9.9345714285714291e+00 -9.6387142857262358e+00 7.9737329753156624e-11 0.0000000000000000e+00 7.9737329753156624e-11 -2.2490333333350954e+01 0.0000000000000000e+00 0.0000000000000000e+00 0.0000000000000000e+00 -9.6387142857231538e+00 -9.9345714285773372e+00 7.8252812786872110e-11 0.0000000000000000e+00 7.8252812786872110e-11 -2.3180666666685227e+01 0.0000000000000000e+00 0.0000000000000000e+00 0.0000000000000000e+00 -9.9345714285787672e+00 -9.6387142857248005e+00 8.1500739414049905e-11 0.0000000000000000e+00 8.1500739414049905e-11 -2.2490333333360979e+01 0.0000000000000000e+00 0.0000000000000000e+00 0.0000000000000000e+00 -9.6387142857257349e+00 -9.9345714285822186e+00 8.1007553076269467e-11 0.0000000000000000e+00 8.1007553076269467e-11 -2.3180666666694346e+01 0.0000000000000000e+00 0.0000000000000000e+00 0.0000000000000000e+00 -9.9345714285829665e+00 -9.6387142857289927e+00 8.6372476677824108e-11 0.0000000000000000e+00 8.6372476677824108e-11 -2.2490333333362539e+01 0.0000000000000000e+00 0.0000000000000000e+00 0.0000000000000000e+00 -9.6387142857274597e+00 -9.9345714286025313e+00 6.8926160602872696e-11 0.0000000000000000e+00 6.8926160602872696e-11 -2.3180666666687546e+01 0.0000000000000000e+00 0.0000000000000000e+00 0.0000000000000000e+00 -9.9345714285870255e+00 -9.6387142857782404e+00 9.7424045886733817e-11 0.0000000000000000e+00 9.7424045886733817e-11 -2.2490333333343152e+01 0.0000000000000000e+00 0.0000000000000000e+00 0.0000000000000000e+00 -9.6387142857364161e+00 -9.9345714287302993e+00 1.6417138512734574e-11 0.0000000000000000e+00 1.6417138512734574e-11 -2.3180666666647678e+01 0.0000000000000000e+00 0.0000000000000000e+00 0.0000000000000000e+00 -9.9345714286133919e+00 -9.6387142865860707e+00 -1.3133630037849923e-10 0.0000000000000000e+00 -1.3133630037849923e-10 -2.2490333333181741e+01 0.0000000000000000e+00 0.0000000000000000e+00 0.0000000000000000e+00 -9.6387142859303445e+00 -9.9345714288108304e+00 -1.8839245616877708e-10 0.0000000000000000e+00 -1.8839245616877708e-10 -2.3180666667089174e+01 0.0000000000000000e+00 0.0000000000000000e+00 0.0000000000000000e+00 -9.9345714287700027e+00 -1.0526285715396780e+01 -2.0774492229633873e-09 0.0000000000000000e+00 -2.0774492229633873e-09 -2.4561333333711740e+01 0.0000000000000000e+00 0.0000000000000000e+00 0.0000000000000000e+00 -1.0526285714732555e+01 -1.0822142857906316e+01 3.4496911477095507e-10 0.0000000000000000e+00 3.4496911477095507e-10 -2.5251666666227180e+01 0.0000000000000000e+00 0.0000000000000000e+00 0.0000000000000000e+00 -1.0822142857240047e+01 -1.0526285714372714e+01 -2.1159937728778236e-10 0.0000000000000000e+00 -2.1159937728778236e-10 -2.4561333333047219e+01 0.0000000000000000e+00 0.0000000000000000e+00 0.0000000000000000e+00 -1.0526285714225978e+01 -1.0822142857161582e+01 6.7450468502525828e-11 0.0000000000000000e+00 6.7450468502525828e-11 -2.5251666666538586e+01 0.0000000000000000e+00 0.0000000000000000e+00 0.0000000000000000e+00 -1.0822142857110052e+01 -1.0526285714246725e+01 8.9014701738437640e-12 0.0000000000000000e+00 8.9014701738437640e-12 -2.4561333333277236e+01 0.0000000000000000e+00 0.0000000000000000e+00 0.0000000000000000e+00 -1.0526285714257188e+01 -1.0822142857105106e+01 4.0874771736927121e-11 0.0000000000000000e+00 4.0874771736927121e-11 -2.5251666666626935e+01 0.0000000000000000e+00 0.0000000000000000e+00 0.0000000000000000e+00 -1.0822142857119609e+01 -1.0526285714256890e+01 5.2082869458450060e-11 0.0000000000000000e+00 5.2082869458450060e-11 -2.4561333333323287e+01 0.0000000000000000e+00 0.0000000000000000e+00 0.0000000000000000e+00 -1.0526285714274055e+01 -1.0822142857117887e+01 5.1785308308060305e-11 0.0000000000000000e+00 5.1785308308060305e-11 -2.5251666666656657e+01 0.0000000000000000e+00 0.0000000000000000e+00 0.0000000000000000e+00 -1.0822142857132365e+01 -1.0526285714279211e+01 6.7375053141414951e-11 0.0000000000000000e+00 6.7375053141414951e-11 -2.4561333333339320e+01 0.0000000000000000e+00 0.0000000000000000e+00 0.0000000000000000e+00 -1.0526285714285560e+01 -1.0822142857142291e+01 6.6607535105070532e-11 0.0000000000000000e+00 6.6607535105070532e-11 -2.5251666666671557e+01 0.0000000000000000e+00 0.0000000000000000e+00 0.0000000000000000e+00 -1.0822142857144152e+01 -1.0526285714292976e+01 7.7693179471665441e-11 0.0000000000000000e+00 7.7693179471665441e-11 -2.4561333333354867e+01 0.0000000000000000e+00 0.0000000000000000e+00 0.0000000000000000e+00 -1.0526285714294351e+01 -1.0822142857153821e+01 8.2214489914596368e-11 0.0000000000000000e+00 8.2214489914596368e-11 -2.5251666666695041e+01 0.0000000000000000e+00 0.0000000000000000e+00 0.0000000000000000e+00 -1.0822142857154658e+01 -1.0526285714291978e+01 6.9055048673212770e-11 0.0000000000000000e+00 6.9055048673212770e-11 -2.4561333333380350e+01 0.0000000000000000e+00 0.0000000000000000e+00 0.0000000000000000e+00 -1.0526285714301698e+01 -1.0822142857126829e+01 7.4674568717645484e-11 0.0000000000000000e+00 7.4674568717645484e-11 -2.5251666666747475e+01 0.0000000000000000e+00 0.0000000000000000e+00 0.0000000000000000e+00 -1.0822142857162289e+01 -1.0526285714262709e+01 -3.6192800250213842e-12 0.0000000000000000e+00 -3.6192800250213842e-12 -2.4561333333410477e+01 0.0000000000000000e+00 0.0000000000000000e+00 0.0000000000000000e+00 -1.0526285714301958e+01 -1.0822142857014656e+01 -3.6512447661309214e-11 0.0000000000000000e+00 -3.6512447661309214e-11 -2.5251666666793206e+01 0.0000000000000000e+00 0.0000000000000000e+00 0.0000000000000000e+00 -1.0822142857142357e+01 -1.0526285714288644e+01 -1.8166008318056869e-10 0.0000000000000000e+00 -1.8166008318056869e-10 -2.4561333333425441e+01 0.0000000000000000e+00 0.0000000000000000e+00 0.0000000000000000e+00 -1.0526285714314227e+01 -1.0822142856791841e+01 -2.9381838833280630e-10 0.0000000000000000e+00 -2.9381838833280630e-10 -2.5251666666723786e+01 0.0000000000000000e+00 0.0000000000000000e+00 0.0000000000000000e+00 -1.0822142857054684e+01 -1.1413857141304584e+01 3.4874214555344816e-10 0.0000000000000000e+00 3.4874214555344816e-10 -2.6632333333008194e+01 0.0000000000000000e+00 0.0000000000000000e+00 0.0000000000000000e+00 -1.1413857142293834e+01 -1.1709714285675796e+01 -5.5309798521382288e-10 0.0000000000000000e+00 -5.5309798521382288e-10 -2.7322666666436991e+01 0.0000000000000000e+00 0.0000000000000000e+00 0.0000000000000000e+00 -1.1709714285633835e+01 -1.1413857142638189e+01 1.0249784223076651e-10 0.0000000000000000e+00 1.0249784223076651e-10 -2.6632333333347102e+01 0.0000000000000000e+00 0.0000000000000000e+00 0.0000000000000000e+00 -1.1413857142795587e+01 -1.1709714285549834e+01 -2.6441620160549220e-11 0.0000000000000000e+00 -2.6441620160549220e-11 -2.7322666666590759e+01 0.0000000000000000e+00 0.0000000000000000e+00 0.0000000000000000e+00 -1.1709714285642177e+01 -1.1413857142760063e+01 4.2271675537571365e-11 0.0000000000000000e+00 4.2271675537571365e-11 -2.6632333333300252e+01 0.0000000000000000e+00 0.0000000000000000e+00 0.0000000000000000e+00 -1.1413857142818097e+01 -1.1709714285624965e+01 6.3083099892402347e-12 0.0000000000000000e+00 6.3083099892402347e-12 -2.7322666666632664e+01 0.0000000000000000e+00 0.0000000000000000e+00 0.0000000000000000e+00 -1.1709714285677288e+01 -1.1413857142809706e+01 2.9054712799409712e-11 0.0000000000000000e+00 2.9054712799409712e-11 -2.6632333333310665e+01 0.0000000000000000e+00 0.0000000000000000e+00 0.0000000000000000e+00 -1.1413857142836111e+01 -1.1709714285680453e+01 1.6206022736701625e-11 0.0000000000000000e+00 1.6206022736701625e-11 -2.7322666666642096e+01 0.0000000000000000e+00 0.0000000000000000e+00 0.0000000000000000e+00 -1.1709714285696768e+01 -1.1413857142850947e+01 4.2107350319065533e-11 0.0000000000000000e+00 4.2107350319065533e-11 -2.6632333333319316e+01 0.0000000000000000e+00 0.0000000000000000e+00 0.0000000000000000e+00 -1.1413857142851075e+01 -1.1709714285725646e+01 3.7668772306548178e-11 0.0000000000000000e+00 3.7668772306548178e-11 -2.7322666666646242e+01 0.0000000000000000e+00 0.0000000000000000e+00 0.0000000000000000e+00 -1.1709714285711565e+01 -1.1413857142882083e+01 6.8735307286799453e-11 0.0000000000000000e+00 6.8735307286799453e-11 -2.6632333333333673e+01 0.0000000000000000e+00 0.0000000000000000e+00 0.0000000000000000e+00 -1.1413857142864726e+01 -1.1709714285761399e+01 7.6403421023177219e-11 0.0000000000000000e+00 7.6403421023177219e-11 -2.7322666666661345e+01 0.0000000000000000e+00 0.0000000000000000e+00 0.0000000000000000e+00 -1.1709714285726822e+01 -1.1413857142880447e+01 1.0831062004698751e-10 0.0000000000000000e+00 1.0831062004698751e-10 -2.6632333333380295e+01 0.0000000000000000e+00 0.0000000000000000e+00 0.0000000000000000e+00 -1.1413857142878220e+01 -1.1709714285767035e+01 1.5312441033550385e-10 0.0000000000000000e+00 1.5312441033550385e-10 -2.7322666666717581e+01 0.0000000000000000e+00 0.0000000000000000e+00 0.0000000000000000e+00 -1.1709714285745386e+01 -1.1413857142755838e+01 1.5947701507300804e-10 0.0000000000000000e+00 1.5947701507300804e-10 -2.6632333333501283e+01 0.0000000000000000e+00 0.0000000000000000e+00 0.0000000000000000e+00 -1.1413857142877136e+01 -1.1709714285657112e+01 3.2851602445635011e-10 0.0000000000000000e+00 3.2851602445635011e-10 -2.7322666666870830e+01 0.0000000000000000e+00 0.0000000000000000e+00 0.0000000000000000e+00 -1.1709714285758382e+01 -1.1413857142219888e+01 2.1692211276881802e-10 0.0000000000000000e+00 2.1692211276881802e-10 -2.6632333333551053e+01 0.0000000000000000e+00 0.0000000000000000e+00 0.0000000000000000e+00 -1.1413857142731281e+01 -1.1709714285215373e+01 3.9382711623934599e-10 0.0000000000000000e+00 3.9382711623934599e-10 -2.7322666666648356e+01 0.0000000000000000e+00 0.0000000000000000e+00 0.0000000000000000e+00 -1.1709714285559118e+01 -1.2301428571681479e+01 3.7253418932176257e-10 0.0000000000000000e+00 3.7253418932176257e-10 -2.8703333333189747e+01 0.0000000000000000e+00 0.0000000000000000e+00 0.0000000000000000e+00 -1.2301428571461368e+01 -1.2597285714287720e+01 5.3217866136860962e-11 0.0000000000000000e+00 5.3217866136860962e-11 -2.9393666666468480e+01 0.0000000000000000e+00 0.0000000000000000e+00 0.0000000000000000e+00 -1.2597285714226862e+01 -1.2301428571320148e+01 -1.1460972579530667e-11 0.0000000000000000e+00 -1.1460972579530667e-11 -2.8703333333178062e+01 0.0000000000000000e+00 0.0000000000000000e+00 0.0000000000000000e+00 -1.2301428571349463e+01 -1.2597285714148693e+01 -2.9791193698040172e-11 0.0000000000000000e+00 -2.9791193698040172e-11 -2.9393666666606503e+01 0.0000000000000000e+00 0.0000000000000000e+00 0.0000000000000000e+00 -1.2597285714226558e+01 -1.2301428571331458e+01 -3.5763880076860329e-11 0.0000000000000000e+00 -3.5763880076860329e-11 -2.8703333333279772e+01 0.0000000000000000e+00 0.0000000000000000e+00 0.0000000000000000e+00 -1.2301428571383369e+01 -1.2597285714218208e+01 -4.7634520892369165e-11 0.0000000000000000e+00 -4.7634520892369165e-11 -2.9393666666624267e+01 0.0000000000000000e+00 0.0000000000000000e+00 0.0000000000000000e+00 -1.2597285714252743e+01 -1.2301428571385394e+01 -2.1423172002040200e-11 0.0000000000000000e+00 -2.1423172002040200e-11 -2.8703333333297149e+01 0.0000000000000000e+00 0.0000000000000000e+00 0.0000000000000000e+00 -1.2301428571404763e+01 -1.2597285714265684e+01 -3.1436403699044779e-11 0.0000000000000000e+00 -3.1436403699044779e-11 -2.9393666666625037e+01 0.0000000000000000e+00 0.0000000000000000e+00 0.0000000000000000e+00 -1.2597285714267215e+01 -1.2301428571435526e+01 -5.1089403853451241e-13 0.0000000000000000e+00 -5.1089403853451241e-13 -2.8703333333295021e+01 0.0000000000000000e+00 0.0000000000000000e+00 0.0000000000000000e+00 -1.2301428571419164e+01 -1.2597285714313605e+01 -9.9684183589318788e-12 0.0000000000000000e+00 -9.9684183589318788e-12 -2.9393666666617587e+01 0.0000000000000000e+00 0.0000000000000000e+00 0.0000000000000000e+00 -1.2597285714279355e+01 -1.2301428571489753e+01 3.1398657444293231e-11 0.0000000000000000e+00 3.1398657444293231e-11 -2.8703333333291404e+01 0.0000000000000000e+00 0.0000000000000000e+00 0.0000000000000000e+00 -1.2301428571434350e+01 -1.2597285714375314e+01 1.8682328253682106e-11 0.0000000000000000e+00 1.8682328253682106e-11 -2.9393666666608894e+01 0.0000000000000000e+00 0.0000000000000000e+00 0.0000000000000000e+00 -1.2597285714295266e+01 -1.2301428571566776e+01 8.8431124315904917e-11 0.0000000000000000e+00 8.8431124315904917e-11 -2.8703333333297419e+01 0.0000000000000000e+00 0.0000000000000000e+00 0.0000000000000000e+00 -1.2301428571459258e+01 -1.2597285714481171e+01 4.8616570622383346e-11 0.0000000000000000e+00 4.8616570622383346e-11 -2.9393666666605661e+01 0.0000000000000000e+00 0.0000000000000000e+00 0.0000000000000000e+00 -1.2597285714326048e+01 -1.2301428571743191e+01 2.0258189238491921e-10 0.0000000000000000e+00 2.0258189238491921e-10 -2.8703333333320643e+01 0.0000000000000000e+00 0.0000000000000000e+00 0.0000000000000000e+00 -1.2301428571519150e+01 -1.2597285714765137e+01 -1.5155499895444060e-11 0.0000000000000000e+00 -1.5155499895444060e-11 -2.9393666666584618e+01 0.0000000000000000e+00 0.0000000000000000e+00 0.0000000000000000e+00 -1.2597285714404926e+01 -1.2301428572257921e+01 4.9261750960581605e-10 0.0000000000000000e+00 4.9261750960581605e-10 -2.8703333333477431e+01 0.0000000000000000e+00 0.0000000000000000e+00 0.0000000000000000e+00 -1.2301428571720606e+01 -1.2597285715912996e+01 -7.7652061393766856e-10 0.0000000000000000e+00 -7.7652061393766856e-10 -2.9393666667531296e+01 0.0000000000000000e+00 0.0000000000000000e+00 0.0000000000000000e+00 -1.2597285715033285e+01 -1.3188999999013884e+01 1.2187703667709357e-10 0.0000000000000000e+00 1.2187703667709357e-10 -3.0774333333022746e+01 0.0000000000000000e+00 0.0000000000000000e+00 0.0000000000000000e+00 -1.3188999999610987e+01 -1.3484857142804552e+01 -5.0932858616622534e-10 0.0000000000000000e+00 -5.0932858616622534e-10 -3.1464666666625739e+01 0.0000000000000000e+00 0.0000000000000000e+00 0.0000000000000000e+00 -1.3484857142829087e+01 -1.3188999999827113e+01 -1.1921192710778484e-10 0.0000000000000000e+00 -1.1921192710778484e-10 -3.0774333333358921e+01 0.0000000000000000e+00 0.0000000000000000e+00 0.0000000000000000e+00 -1.3188999999955806e+01 -1.3484857142841149e+01 -1.6775292111863958e-10 0.0000000000000000e+00 -1.6775292111863958e-10 -3.1464666666583394e+01 0.0000000000000000e+00 0.0000000000000000e+00 0.0000000000000000e+00 -1.3484857142827359e+01 -1.3188999999945045e+01 -8.1253241264934506e-11 0.0000000000000000e+00 -8.1253241264934506e-11 -3.0774333333293534e+01 0.0000000000000000e+00 0.0000000000000000e+00 0.0000000000000000e+00 -1.3188999999971575e+01 -1.3484857142842717e+01 -8.8986238529277390e-11 0.0000000000000000e+00 -8.8986238529277390e-11 -3.1464666666608373e+01 0.0000000000000000e+00 0.0000000000000000e+00 0.0000000000000000e+00 -1.3484857142835329e+01 -1.3188999999982713e+01 -6.1263746099303867e-11 0.0000000000000000e+00 -6.1263746099303867e-11 -3.0774333333284321e+01 0.0000000000000000e+00 0.0000000000000000e+00 0.0000000000000000e+00 -1.3188999999980110e+01 -1.3484857142857575e+01 -6.4261360590809904e-11 0.0000000000000000e+00 -6.4261360590809904e-11 -3.1464666666609457e+01 0.0000000000000000e+00 0.0000000000000000e+00 0.0000000000000000e+00 -1.3484857142840108e+01 -1.3189000000014909e+01 -4.3897915298290774e-11 0.0000000000000000e+00 -4.3897915298290774e-11 -3.0774333333275951e+01 0.0000000000000000e+00 0.0000000000000000e+00 0.0000000000000000e+00 -1.3188999999987253e+01 -1.3484857142880468e+01 -4.9908976156866017e-11 0.0000000000000000e+00 -4.9908976156866017e-11 -3.1464666666601143e+01 0.0000000000000000e+00 0.0000000000000000e+00 0.0000000000000000e+00 -1.3484857142844483e+01 -1.3189000000056209e+01 -2.7749504668991803e-11 0.0000000000000000e+00 -2.7749504668991803e-11 -3.0774333333263993e+01 0.0000000000000000e+00 0.0000000000000000e+00 0.0000000000000000e+00 -1.3188999999996058e+01 -1.3484857142914825e+01 -3.6561472037322025e-11 0.0000000000000000e+00 -3.6561472037322025e-11 -3.1464666666589292e+01 0.0000000000000000e+00 0.0000000000000000e+00 0.0000000000000000e+00 -1.3484857142851233e+01 -1.3189000000107894e+01 -9.9307279336382561e-12 0.0000000000000000e+00 -9.9307279336382561e-12 -3.0774333333266963e+01 0.0000000000000000e+00 0.0000000000000000e+00 0.0000000000000000e+00 -1.3189000000012458e+01 -1.3484857142942698e+01 1.8872266346322556e-12 0.0000000000000000e+00 1.8872266346322556e-12 -3.1464666666621351e+01 0.0000000000000000e+00 0.0000000000000000e+00 0.0000000000000000e+00 -1.3484857142869215e+01 -1.3189000000112653e+01 -3.5492977936776704e-11 0.0000000000000000e+00 -3.5492977936776704e-11 -3.0774333333388807e+01 0.0000000000000000e+00 0.0000000000000000e+00 0.0000000000000000e+00 -1.3189000000050438e+01 -1.3484857142782658e+01 5.8794188239585302e-11 0.0000000000000000e+00 5.8794188239585302e-11 -3.1464666666879779e+01 0.0000000000000000e+00 0.0000000000000000e+00 0.0000000000000000e+00 -1.3484857142898727e+01 -1.3188999999361513e+01 2.5890402899002789e-11 0.0000000000000000e+00 2.5890402899002789e-11 -3.0774333333873372e+01 0.0000000000000000e+00 0.0000000000000000e+00 0.0000000000000000e+00 -1.3188999999970463e+01 -1.3484857142385398e+01 1.9933279646312755e-10 0.0000000000000000e+00 1.9933279646312755e-10 -3.1464666666775056e+01 0.0000000000000000e+00 0.0000000000000000e+00 0.0000000000000000e+00 -1.3484857142748139e+01 -1.4076571429647990e+01 1.9384780599351447e-11 0.0000000000000000e+00 1.9384780599351447e-11 -3.2845333333520784e+01 0.0000000000000000e+00 0.0000000000000000e+00 0.0000000000000000e+00 -1.4076571428950631e+01 -1.4372428571782097e+01 2.2177211019094536e-10 0.0000000000000000e+00 2.2177211019094536e-10 -3.3535666666643806e+01 0.0000000000000000e+00 0.0000000000000000e+00 0.0000000000000000e+00 -1.4372428571527770e+01 -1.4076571428828126e+01 -6.4502307091580672e-11 0.0000000000000000e+00 -6.4502307091580672e-11 -3.2845333333097180e+01 0.0000000000000000e+00 0.0000000000000000e+00 0.0000000000000000e+00 -1.4076571428577591e+01 -1.4372428571569941e+01 3.1306750996807566e-11 0.0000000000000000e+00 3.1306750996807566e-11 -3.3535666666579445e+01 0.0000000000000000e+00 0.0000000000000000e+00 0.0000000000000000e+00 -1.4372428571444814e+01 -1.4076571428631597e+01 -8.2794288625216840e-11 0.0000000000000000e+00 -8.2794288625216840e-11 -3.2845333333247780e+01 0.0000000000000000e+00 0.0000000000000000e+00 0.0000000000000000e+00 -1.4076571428563811e+01 -1.4372428571482576e+01 -5.1038637528286906e-11 0.0000000000000000e+00 -5.1038637528286906e-11 -3.3535666666595255e+01 0.0000000000000000e+00 0.0000000000000000e+00 0.0000000000000000e+00 -1.4372428571423347e+01 -1.4076571428590212e+01 -7.0156161347557713e-11 0.0000000000000000e+00 -7.0156161347557713e-11 -3.2845333333267661e+01 0.0000000000000000e+00 0.0000000000000000e+00 0.0000000000000000e+00 -1.4076571428557362e+01 -1.4372428571443709e+01 -5.8418122132411976e-11 0.0000000000000000e+00 -5.8418122132411976e-11 -3.3535666666600619e+01 0.0000000000000000e+00 0.0000000000000000e+00 0.0000000000000000e+00 -1.4372428571413296e+01 -1.4076571428581467e+01 -6.1347387170652722e-11 0.0000000000000000e+00 -6.1347387170652722e-11 -3.2845333333265906e+01 0.0000000000000000e+00 0.0000000000000000e+00 0.0000000000000000e+00 -1.4076571428554209e+01 -1.4372428571431241e+01 -5.7486487341576060e-11 0.0000000000000000e+00 -5.7486487341576060e-11 -3.3535666666596320e+01 0.0000000000000000e+00 0.0000000000000000e+00 0.0000000000000000e+00 -1.4372428571408269e+01 -1.4076571428586901e+01 -5.7423325406834729e-11 0.0000000000000000e+00 -5.7423325406834729e-11 -3.2845333333252682e+01 0.0000000000000000e+00 0.0000000000000000e+00 0.0000000000000000e+00 -1.4076571428551874e+01 -1.4372428571424607e+01 -6.4906154735446569e-11 0.0000000000000000e+00 -6.4906154735446569e-11 -3.3535666666570705e+01 0.0000000000000000e+00 0.0000000000000000e+00 0.0000000000000000e+00 -1.4372428571398594e+01 -1.4076571428608972e+01 -2.8994598832060820e-11 0.0000000000000000e+00 -2.8994598832060820e-11 -3.2845333333216615e+01 0.0000000000000000e+00 0.0000000000000000e+00 0.0000000000000000e+00 -1.4076571428547673e+01 -1.4372428571451485e+01 -1.6259684410611657e-11 0.0000000000000000e+00 -1.6259684410611657e-11 -3.3535666666488012e+01 0.0000000000000000e+00 0.0000000000000000e+00 0.0000000000000000e+00 -1.4372428571381848e+01 -1.4076571428607073e+01 1.4714528663371897e-10 0.0000000000000000e+00 1.4714528663371897e-10 -3.2845333333283833e+01 0.0000000000000000e+00 0.0000000000000000e+00 0.0000000000000000e+00 -1.4076571428567272e+01 -1.4372428571507923e+01 3.6201278935629533e-10 0.0000000000000000e+00 3.6201278935629533e-10 -3.3535666666629673e+01 0.0000000000000000e+00 0.0000000000000000e+00 0.0000000000000000e+00 -1.4372428571441278e+01 -1.4076571428351603e+01 3.7793293611421074e-10 0.0000000000000000e+00 3.7793293611421074e-10 -3.2845333333743682e+01 0.0000000000000000e+00 0.0000000000000000e+00 0.0000000000000000e+00 -1.4076571428628585e+01 -1.4372428571151609e+01 1.4497457820297328e-10 0.0000000000000000e+00 1.4497457820297328e-10 -3.3535666667347144e+01 0.0000000000000000e+00 0.0000000000000000e+00 0.0000000000000000e+00 -1.4372428571549623e+01 -1.4964142856947751e+01 -2.5394971697423363e-10 0.0000000000000000e+00 -2.5394971697423363e-10 -3.4916333333561056e+01 0.0000000000000000e+00 0.0000000000000000e+00 0.0000000000000000e+00 -1.4964142857152643e+01 -1.5260000001054161e+01 -1.4894912713791817e-12 0.0000000000000000e+00 -1.4894912713791817e-12 -3.5606666666083399e+01 0.0000000000000000e+00 0.0000000000000000e+00 0.0000000000000000e+00 -1.5260000000141273e+01 -1.4964142857183210e+01 1.3665696447879879e-10 0.0000000000000000e+00 1.3665696447879879e-10 -3.4916333333471634e+01 0.0000000000000000e+00 0.0000000000000000e+00 0.0000000000000000e+00 -1.4964142857196453e+01 -1.5260000000068262e+01 4.0795210038938149e-11 0.0000000000000000e+00 4.0795210038938149e-11 -3.5606666666774778e+01 0.0000000000000000e+00 0.0000000000000000e+00 0.0000000000000000e+00 -1.5260000000052914e+01 -1.4964142857185204e+01 -5.7017754877798154e-12 0.0000000000000000e+00 -5.7017754877798154e-12 -3.4916333333288357e+01 0.0000000000000000e+00 0.0000000000000000e+00 0.0000000000000000e+00 -1.4964142857142068e+01 -1.5259999999985979e+01 -1.2976852340486645e-11 0.0000000000000000e+00 -1.2976852340486645e-11 -3.5606666666640265e+01 0.0000000000000000e+00 0.0000000000000000e+00 0.0000000000000000e+00 -1.5259999999987871e+01 -1.4964142857155620e+01 -3.8569833080500147e-11 0.0000000000000000e+00 -3.8569833080500147e-11 -3.4916333333271204e+01 0.0000000000000000e+00 0.0000000000000000e+00 0.0000000000000000e+00 -1.4964142857128046e+01 -1.5259999999996296e+01 -3.4286819421037579e-11 0.0000000000000000e+00 -3.4286819421037579e-11 -3.5606666666615332e+01 0.0000000000000000e+00 0.0000000000000000e+00 0.0000000000000000e+00 -1.5259999999983490e+01 -1.4964142857132911e+01 -4.9070544260403160e-11 0.0000000000000000e+00 -4.9070544260403160e-11 -3.4916333333266138e+01 0.0000000000000000e+00 0.0000000000000000e+00 0.0000000000000000e+00 -1.4964142857119715e+01 -1.5259999999975998e+01 -4.4803155108254492e-11 0.0000000000000000e+00 -4.4803155108254492e-11 -3.5606666666596084e+01 0.0000000000000000e+00 0.0000000000000000e+00 0.0000000000000000e+00 -1.5259999999971624e+01 -1.4964142857114942e+01 -4.4294240072252095e-11 0.0000000000000000e+00 -4.4294240072252095e-11 -3.4916333333257967e+01 0.0000000000000000e+00 0.0000000000000000e+00 0.0000000000000000e+00 -1.4964142857111870e+01 -1.5259999999961803e+01 -3.4074789557685231e-11 0.0000000000000000e+00 -3.4074789557685231e-11 -3.5606666666585674e+01 0.0000000000000000e+00 0.0000000000000000e+00 0.0000000000000000e+00 -1.5259999999964242e+01 -1.4964142857079070e+01 -4.9614619192462706e-11 0.0000000000000000e+00 -4.9614619192462706e-11 -3.4916333333157638e+01 0.0000000000000000e+00 0.0000000000000000e+00 0.0000000000000000e+00 -1.4964142857071012e+01 -1.5259999999869835e+01 -2.6828896289788548e-11 0.0000000000000000e+00 -2.6828896289788548e-11 -3.5606666666410824e+01 0.0000000000000000e+00 0.0000000000000000e+00 0.0000000000000000e+00 -1.5259999999884199e+01 -1.4964142857117105e+01 6.4436152353415425e-11 0.0000000000000000e+00 6.4436152353415425e-11 -3.4916333332865086e+01 0.0000000000000000e+00 0.0000000000000000e+00 0.0000000000000000e+00 -1.4964142856994656e+01 -1.5259999999767819e+01 1.0443649596287585e-10 0.0000000000000000e+00 1.0443649596287585e-10 -3.5606666665690668e+01 0.0000000000000000e+00 0.0000000000000000e+00 0.0000000000000000e+00 -1.5259999999637548e+01 -1.4964142857157471e+01 9.5267600735872821e-10 0.0000000000000000e+00 9.5267600735872821e-10 -3.4916333334004868e+01 0.0000000000000000e+00 0.0000000000000000e+00 0.0000000000000000e+00 -1.4964142857348698e+01 -1.5260000000162385e+01 -8.2338213086443226e-10 0.0000000000000000e+00 -8.2338213086443226e-10 -3.5606666668440852e+01 0.0000000000000000e+00 0.0000000000000000e+00 0.0000000000000000e+00 -1.5260000000580972e+01 -7.2874285701915928e+00 4.1540811868027285e-10 0.0000000000000000e+00 4.1540811868027285e-10 -1.7003999999656617e+01 0.0000000000000000e+00 0.0000000000000000e+00 0.0000000000000000e+00 -7.2874285709544608e+00 -7.0071428567571097e+00 2.8163016664664653e-11 0.0000000000000000e+00 2.8163016664664653e-11 -1.6349999999824284e+01 0.0000000000000000e+00 0.0000000000000000e+00 0.0000000000000000e+00 -7.0071428569744167e+00 -7.2874285712343791e+00 -3.3790762665786608e-10 0.0000000000000000e+00 -3.3790762665786608e-10 -1.7004000000176951e+01 0.0000000000000000e+00 0.0000000000000000e+00 0.0000000000000000e+00 -7.2874285714233986e+00 -7.0071428568997858e+00 -1.3147081048015330e-10 0.0000000000000000e+00 -1.3147081048015330e-10 -1.6350000000133861e+01 0.0000000000000000e+00 0.0000000000000000e+00 0.0000000000000000e+00 -7.0071428571100922e+00 -7.2874285714197375e+00 -1.2438596234401695e-10 0.0000000000000000e+00 -1.2438596234401695e-10 -1.7004000000042765e+01 0.0000000000000000e+00 0.0000000000000000e+00 0.0000000000000000e+00 -7.2874285714387490e+00 -7.0071428571111118e+00 -4.1457450695088340e-11 0.0000000000000000e+00 -4.1457450695088340e-11 -1.6350000000059474e+01 0.0000000000000000e+00 0.0000000000000000e+00 0.0000000000000000e+00 -7.0071428571511749e+00 -7.2874285714753828e+00 -2.7455002733293182e-11 0.0000000000000000e+00 -2.7455002733293182e-11 -1.7004000000014823e+01 0.0000000000000000e+00 0.0000000000000000e+00 0.0000000000000000e+00 -7.2874285714470624e+00 -7.0071428571875520e+00 -5.7879818562837736e-12 0.0000000000000000e+00 -5.7879818562837736e-12 -1.6350000000018952e+01 0.0000000000000000e+00 0.0000000000000000e+00 0.0000000000000000e+00 -7.0071428571619494e+00 -7.2874285714835620e+00 -4.0677614244063853e-12 0.0000000000000000e+00 -4.0677614244063853e-12 -1.7004000000008819e+01 0.0000000000000000e+00 0.0000000000000000e+00 0.0000000000000000e+00 -7.2874285714477161e+00 -7.0071428572033359e+00 -5.0384731489612827e-12 0.0000000000000000e+00 -5.0384731489612827e-12 -1.6350000000008873e+01 0.0000000000000000e+00 0.0000000000000000e+00 0.0000000000000000e+00 -7.0071428571636627e+00 -7.2874285714744049e+00 -7.7829976805525005e-12 0.0000000000000000e+00 -7.7829976805525005e-12 -1.7004000000016333e+01 0.0000000000000000e+00 0.0000000000000000e+00 0.0000000000000000e+00 -7.2874285714472196e+00 -7.0071428571949355e+00 -1.7976414975553098e-11 0.0000000000000000e+00 -1.7976414975553098e-11 -1.6350000000018046e+01 0.0000000000000000e+00 0.0000000000000000e+00 0.0000000000000000e+00 -7.0071428571638954e+00 -7.2874285714534119e+00 -1.3955242828670854e-11 0.0000000000000000e+00 -1.3955242828670854e-11 -1.7004000000033940e+01 0.0000000000000000e+00 0.0000000000000000e+00 0.0000000000000000e+00 -7.2874285714462035e+00 -7.0071428571593524e+00 -2.7788269073933385e-11 0.0000000000000000e+00 -2.7788269073933385e-11 -1.6350000000043096e+01 0.0000000000000000e+00 0.0000000000000000e+00 0.0000000000000000e+00 -7.0071428571607335e+00 -7.2874285713842237e+00 -1.6194336412630945e-11 0.0000000000000000e+00 -1.6194336412630945e-11 -1.7004000000073649e+01 0.0000000000000000e+00 0.0000000000000000e+00 0.0000000000000000e+00 -7.2874285714373617e+00 -7.0071428570554906e+00 -3.5599995560336531e-11 0.0000000000000000e+00 -3.5599995560336531e-11 -1.6350000000043160e+01 0.0000000000000000e+00 0.0000000000000000e+00 0.0000000000000000e+00 -7.0071428571295957e+00 -7.2874285708685802e+00 -4.1042692972184674e-10 0.0000000000000000e+00 -4.1042692972184674e-10 -1.7003999999993550e+01 0.0000000000000000e+00 0.0000000000000000e+00 0.0000000000000000e+00 -7.2874285712586371e+00 -7.0071428574509191e+00 2.4787196560120382e-10 0.0000000000000000e+00 2.4787196560120382e-10 -1.6349999999833866e+01 0.0000000000000000e+00 0.0000000000000000e+00 0.0000000000000000e+00 -7.0071428571854355e+00 -6.4465714276553649e+00 -4.1741395941076334e-10 0.0000000000000000e+00 -4.1741395941076334e-10 -1.5041999999267373e+01 0.0000000000000000e+00 0.0000000000000000e+00 0.0000000000000000e+00 -6.4465714280768234e+00 -6.1662857131542426e+00 1.4992429163465684e-10 0.0000000000000000e+00 1.4992429163465684e-10 -1.4388000000163345e+01 0.0000000000000000e+00 0.0000000000000000e+00 0.0000000000000000e+00 -6.1662857139952765e+00 -6.4465714281015796e+00 1.2921810606045015e-10 0.0000000000000000e+00 1.2921810606045015e-10 -1.5042000000224846e+01 0.0000000000000000e+00 0.0000000000000000e+00 0.0000000000000000e+00 -6.4465714284979274e+00 -6.1662857141308614e+00 2.5951841026089152e-10 0.0000000000000000e+00 2.5951841026089152e-10 -1.4388000000106429e+01 0.0000000000000000e+00 0.0000000000000000e+00 0.0000000000000000e+00 -6.1662857142711864e+00 -6.4465714284761075e+00 7.0441893830912650e-11 0.0000000000000000e+00 7.0441893830912650e-11 -1.5042000000101485e+01 0.0000000000000000e+00 0.0000000000000000e+00 0.0000000000000000e+00 -6.4465714285732796e+00 -6.1662857142912246e+00 1.0760837562136041e-10 0.0000000000000000e+00 1.0760837562136041e-10 -1.4388000000041123e+01 0.0000000000000000e+00 0.0000000000000000e+00 0.0000000000000000e+00 -6.1662857142997050e+00 -6.4465714286072462e+00 3.1070151328028849e-11 0.0000000000000000e+00 3.1070151328028849e-11 -1.5042000000029493e+01 0.0000000000000000e+00 0.0000000000000000e+00 0.0000000000000000e+00 -6.4465714285910218e+00 -6.1662857143615168e+00 4.1097033595548055e-11 0.0000000000000000e+00 4.1097033595548055e-11 -1.4388000000002538e+01 0.0000000000000000e+00 0.0000000000000000e+00 0.0000000000000000e+00 -6.1662857143092156e+00 -6.4465714286491886e+00 6.7757042133556621e-12 0.0000000000000000e+00 6.7757042133556621e-12 -1.5042000000001684e+01 0.0000000000000000e+00 0.0000000000000000e+00 0.0000000000000000e+00 -6.4465714285952620e+00 -6.1662857143840180e+00 5.0291607986971304e-12 0.0000000000000000e+00 5.0291607986971304e-12 -1.4387999999988697e+01 0.0000000000000000e+00 0.0000000000000000e+00 0.0000000000000000e+00 -6.1662857143118144e+00 -6.4465714286577951e+00 -1.7587217191279390e-11 0.0000000000000000e+00 -1.7587217191279390e-11 -1.5041999999999144e+01 0.0000000000000000e+00 0.0000000000000000e+00 0.0000000000000000e+00 -6.4465714285970828e+00 -6.1662857143923464e+00 -2.7386623662114367e-11 0.0000000000000000e+00 -2.7386623662114367e-11 -1.4387999999989985e+01 0.0000000000000000e+00 0.0000000000000000e+00 0.0000000000000000e+00 -6.1662857143146992e+00 -6.4465714286442060e+00 -5.3715491002927830e-11 0.0000000000000000e+00 -5.3715491002927830e-11 -1.5042000000015976e+01 0.0000000000000000e+00 0.0000000000000000e+00 0.0000000000000000e+00 -6.4465714285980544e+00 -6.1662857143943581e+00 -7.8127806066355698e-11 0.0000000000000000e+00 -7.8127806066355698e-11 -1.4388000000005295e+01 0.0000000000000000e+00 0.0000000000000000e+00 0.0000000000000000e+00 -6.1662857143198959e+00 -6.4465714286036704e+00 -1.1022531511367515e-10 0.0000000000000000e+00 -1.1022531511367515e-10 -1.5042000000047214e+01 0.0000000000000000e+00 0.0000000000000000e+00 0.0000000000000000e+00 -6.4465714285952638e+00 -6.1662857143666843e+00 -1.6452513961999487e-10 0.0000000000000000e+00 -1.6452513961999487e-10 -1.4388000000044672e+01 0.0000000000000000e+00 0.0000000000000000e+00 0.0000000000000000e+00 -6.1662857143234069e+00 -6.4465714281650319e+00 -3.2470849351431235e-10 0.0000000000000000e+00 -3.2470849351431235e-10 -1.5042000000061192e+01 0.0000000000000000e+00 0.0000000000000000e+00 0.0000000000000000e+00 -6.4465714284678661e+00 -6.1662857143854382e+00 -5.7915931011515410e-11 0.0000000000000000e+00 -5.7915931011515410e-11 -1.4387999999910763e+01 0.0000000000000000e+00 0.0000000000000000e+00 0.0000000000000000e+00 -6.1662857142888612e+00 -5.6057142874487820e+00 7.5642237000002696e-10 0.0000000000000000e+00 7.5642237000002696e-10 -1.3080000000173673e+01 0.0000000000000000e+00 0.0000000000000000e+00 0.0000000000000000e+00 -5.6057142862867364e+00 -5.3254285713996179e+00 -5.3327387123347026e-10 0.0000000000000000e+00 -5.3327387123347026e-10 -1.2426000000258469e+01 0.0000000000000000e+00 0.0000000000000000e+00 0.0000000000000000e+00 -5.3254285714974259e+00 -5.6057142860430664e+00 3.8329555197057866e-10 0.0000000000000000e+00 3.8329555197057866e-10 -1.3079999999866263e+01 0.0000000000000000e+00 0.0000000000000000e+00 0.0000000000000000e+00 -5.6057142857727973e+00 -5.3254285718365253e+00 1.6261547137312973e-10 0.0000000000000000e+00 1.6261547137312973e-10 -1.2425999999908008e+01 0.0000000000000000e+00 0.0000000000000000e+00 0.0000000000000000e+00 -5.3254285715233598e+00 -5.6057142858982356e+00 1.8289745247581513e-10 0.0000000000000000e+00 1.8289745247581513e-10 -1.3079999999947535e+01 0.0000000000000000e+00 0.0000000000000000e+00 0.0000000000000000e+00 -5.6057142857537308e+00 -5.3254285716552259e+00 9.4959531230801855e-11 0.0000000000000000e+00 9.4959531230801855e-11 -1.2425999999925311e+01 0.0000000000000000e+00 0.0000000000000000e+00 0.0000000000000000e+00 -5.3254285714741609e+00 -5.6057142858538196e+00 6.9563895020929256e-11 0.0000000000000000e+00 6.9563895020929256e-11 -1.3079999999965429e+01 0.0000000000000000e+00 0.0000000000000000e+00 0.0000000000000000e+00 -5.6057142857457736e+00 -5.3254285715866496e+00 3.9854006927362585e-11 0.0000000000000000e+00 3.9854006927362585e-11 -1.2425999999950708e+01 0.0000000000000000e+00 0.0000000000000000e+00 0.0000000000000000e+00 -5.3254285714612077e+00 -5.6057142858439075e+00 2.0623108088831268e-11 0.0000000000000000e+00 2.0623108088831268e-11 -1.3079999999968427e+01 0.0000000000000000e+00 0.0000000000000000e+00 0.0000000000000000e+00 -5.6057142857436997e+00 -5.3254285715704937e+00 1.2401297441368007e-11 0.0000000000000000e+00 1.2401297441368007e-11 -1.2425999999959497e+01 0.0000000000000000e+00 0.0000000000000000e+00 0.0000000000000000e+00 -5.3254285714589980e+00 -5.6057142858530877e+00 -7.4409563364716373e-12 0.0000000000000000e+00 -7.4409563364716373e-12 -1.3079999999967757e+01 0.0000000000000000e+00 0.0000000000000000e+00 0.0000000000000000e+00 -5.6057142857462532e+00 -5.3254285715865377e+00 -3.2726980180171942e-12 0.0000000000000000e+00 -3.2726980180171942e-12 -1.2425999999958670e+01 0.0000000000000000e+00 0.0000000000000000e+00 0.0000000000000000e+00 -5.3254285714635623e+00 -5.6057142858892615e+00 -3.9668739363838184e-11 0.0000000000000000e+00 -3.9668739363838184e-11 -1.3079999999964361e+01 0.0000000000000000e+00 0.0000000000000000e+00 0.0000000000000000e+00 -5.6057142857560871e+00 -5.3254285716470635e+00 -1.2215796235554429e-11 0.0000000000000000e+00 -1.2215796235554429e-11 -1.2425999999949097e+01 0.0000000000000000e+00 0.0000000000000000e+00 0.0000000000000000e+00 -5.3254285714788496e+00 -5.6057142859973954e+00 -9.5647057987921297e-11 0.0000000000000000e+00 -9.5647057987921297e-11 -1.3079999999961061e+01 0.0000000000000000e+00 0.0000000000000000e+00 0.0000000000000000e+00 -5.6057142857875384e+00 -5.3254285717918908e+00 4.7326301175962432e-11 0.0000000000000000e+00 4.7326301175962432e-11 -1.2425999999926617e+01 0.0000000000000000e+00 0.0000000000000000e+00 0.0000000000000000e+00 -5.3254285715155536e+00 -5.6057142861235949e+00 -3.9156678655114503e-10 0.0000000000000000e+00 -3.9156678655114503e-10 -1.3079999999989770e+01 0.0000000000000000e+00 0.0000000000000000e+00 0.0000000000000000e+00 -5.6057142858340088e+00 -5.3254285723748938e+00 1.0532928978332087e-09 0.0000000000000000e+00 1.0532928978332087e-09 -1.2426000000360167e+01 0.0000000000000000e+00 0.0000000000000000e+00 0.0000000000000000e+00 -5.3254285718205185e+00 -4.7648571442602341e+00 9.3044366869442709e-10 0.0000000000000000e+00 9.3044366869442709e-10 -1.1118000000570932e+01 0.0000000000000000e+00 0.0000000000000000e+00 0.0000000000000000e+00 -4.7648571434493494e+00 -4.4845714292264676e+00 -4.9354102675473716e-10 0.0000000000000000e+00 -4.9354102675473716e-10 -1.0464000000064788e+01 0.0000000000000000e+00 0.0000000000000000e+00 0.0000000000000000e+00 -4.4845714287873752e+00 -4.7648571434974167e+00 1.7739569433609116e-11 0.0000000000000000e+00 1.7739569433609116e-11 -1.1117999999843146e+01 0.0000000000000000e+00 0.0000000000000000e+00 0.0000000000000000e+00 -4.7648571430021676e+00 -4.4845714290275955e+00 -1.4544208426624703e-10 0.0000000000000000e+00 -1.4544208426624703e-10 -1.0463999999898631e+01 0.0000000000000000e+00 0.0000000000000000e+00 0.0000000000000000e+00 -4.4845714286778673e+00 -4.7648571431955729e+00 7.8622324856067540e-12 0.0000000000000000e+00 7.8622324856067540e-12 -1.1117999999879293e+01 0.0000000000000000e+00 0.0000000000000000e+00 0.0000000000000000e+00 -4.7648571429224607e+00 -4.4845714288315870e+00 -5.0914559505646303e-11 0.0000000000000000e+00 -5.0914559505646303e-11 -1.0463999999911518e+01 0.0000000000000000e+00 0.0000000000000000e+00 0.0000000000000000e+00 -4.4845714286229317e+00 -4.7648571430582676e+00 9.5569708680883203e-12 0.0000000000000000e+00 9.5569708680883203e-12 -1.1117999999925770e+01 0.0000000000000000e+00 0.0000000000000000e+00 0.0000000000000000e+00 -4.7648571428952113e+00 -4.4845714287416998e+00 -1.3100643432625575e-11 0.0000000000000000e+00 -1.3100643432625575e-11 -1.0463999999941391e+01 0.0000000000000000e+00 0.0000000000000000e+00 0.0000000000000000e+00 -4.4845714286049256e+00 -4.7648571430097810e+00 8.9208010166514837e-12 0.0000000000000000e+00 8.9208010166514837e-12 -1.1117999999949681e+01 0.0000000000000000e+00 0.0000000000000000e+00 0.0000000000000000e+00 -4.7648571428878377e+00 -4.4845714287119307e+00 4.7310431078680674e-12 0.0000000000000000e+00 4.7310431078680674e-12 -1.0463999999957217e+01 0.0000000000000000e+00 0.0000000000000000e+00 0.0000000000000000e+00 -4.4845714286007432e+00 -4.7648571430058198e+00 1.2275878652729829e-11 0.0000000000000000e+00 1.2275878652729829e-11 -1.1117999999957810e+01 0.0000000000000000e+00 0.0000000000000000e+00 0.0000000000000000e+00 -4.7648571428890873e+00 -4.4845714287135641e+00 2.1885945782495925e-11 0.0000000000000000e+00 2.1885945782495925e-11 -1.0463999999964527e+01 0.0000000000000000e+00 0.0000000000000000e+00 0.0000000000000000e+00 -4.4845714286034282e+00 -4.7648571430334670e+00 2.3313332306933663e-11 0.0000000000000000e+00 2.3313332306933663e-11 -1.1117999999960690e+01 0.0000000000000000e+00 0.0000000000000000e+00 0.0000000000000000e+00 -4.7648571428982471e+00 -4.4845714287361185e+00 5.4905138014957311e-11 0.0000000000000000e+00 5.4905138014957311e-11 -1.0463999999970744e+01 0.0000000000000000e+00 0.0000000000000000e+00 0.0000000000000000e+00 -4.4845714286120595e+00 -4.7648571430780517e+00 2.6735621362528879e-11 0.0000000000000000e+00 2.6735621362528879e-11 -1.1118000000002253e+01 0.0000000000000000e+00 0.0000000000000000e+00 0.0000000000000000e+00 -4.7648571429240913e+00 -4.4845714287643563e+00 8.8991208628876191e-11 0.0000000000000000e+00 8.8991208628876191e-11 -1.0463999999964733e+01 0.0000000000000000e+00 0.0000000000000000e+00 0.0000000000000000e+00 -4.4845714286187262e+00 -4.7648571422715849e+00 -6.5668657970291560e-10 0.0000000000000000e+00 -6.5668657970291560e-10 -1.1118000000274323e+01 0.0000000000000000e+00 0.0000000000000000e+00 0.0000000000000000e+00 -4.7648571427637725e+00 -4.4845714297510151e+00 3.3685787238118403e-10 0.0000000000000000e+00 3.3685787238118403e-10 -1.0463999999963544e+01 0.0000000000000000e+00 0.0000000000000000e+00 0.0000000000000000e+00 -4.4845714289143688e+00 -3.9240000000101425e+00 2.1643672450262650e-11 0.0000000000000000e+00 2.1643672450262650e-11 -9.1560000000989898e+00 0.0000000000000000e+00 0.0000000000000000e+00 0.0000000000000000e+00 -3.9240000000327395e+00 -3.6437142857290836e+00 -2.2986864198140121e-10 0.0000000000000000e+00 -2.2986864198140121e-10 -8.5019999999420079e+00 0.0000000000000000e+00 0.0000000000000000e+00 0.0000000000000000e+00 -3.6437142857013276e+00 -3.9240000001830273e+00 -2.7199179038153997e-10 0.0000000000000000e+00 -2.7199179038153997e-10 -9.1560000000204838e+00 0.0000000000000000e+00 0.0000000000000000e+00 0.0000000000000000e+00 -3.9240000000610538e+00 -3.6437142857532852e+00 -2.1420412959720033e-10 0.0000000000000000e+00 -2.1420412959720033e-10 -8.5020000000301668e+00 0.0000000000000000e+00 0.0000000000000000e+00 0.0000000000000000e+00 -3.6437142857350353e+00 -3.9240000001591406e+00 -1.4322142840308573e-10 0.0000000000000000e+00 -1.4322142840308573e-10 -9.1559999999710229e+00 0.0000000000000000e+00 0.0000000000000000e+00 0.0000000000000000e+00 -3.9240000000390496e+00 -3.6437142857950415e+00 -1.0633062553026160e-10 0.0000000000000000e+00 -1.0633062553026160e-10 -8.5019999999997982e+00 0.0000000000000000e+00 0.0000000000000000e+00 0.0000000000000000e+00 -3.6437142857384512e+00 -3.9240000001302136e+00 -5.3844194272778112e-11 0.0000000000000000e+00 -5.3844194272778112e-11 -9.1559999999646511e+00 0.0000000000000000e+00 0.0000000000000000e+00 0.0000000000000000e+00 -3.9240000000284594e+00 -3.6437142858075560e+00 -3.9752079633922234e-11 0.0000000000000000e+00 -3.9752079633922234e-11 -8.5019999999829778e+00 0.0000000000000000e+00 0.0000000000000000e+00 0.0000000000000000e+00 -3.6437142857371594e+00 -3.9240000001138715e+00 -1.0656651629072085e-11 0.0000000000000000e+00 -1.0656651629072085e-11 -9.1559999999692874e+00 0.0000000000000000e+00 0.0000000000000000e+00 0.0000000000000000e+00 -3.9240000000249462e+00 -3.6437142858064324e+00 -3.7534803505609788e-12 0.0000000000000000e+00 -3.7534803505609788e-12 -8.5019999999812619e+00 0.0000000000000000e+00 0.0000000000000000e+00 0.0000000000000000e+00 -3.6437142857363085e+00 -3.9240000001068833e+00 1.5453206288997973e-11 0.0000000000000000e+00 1.5453206288997973e-11 -9.1559999999769541e+00 0.0000000000000000e+00 0.0000000000000000e+00 0.0000000000000000e+00 -3.9240000000251518e+00 -3.6437142858013805e+00 2.0432197547835728e-11 0.0000000000000000e+00 2.0432197547835728e-11 -8.5019999999885822e+00 0.0000000000000000e+00 0.0000000000000000e+00 0.0000000000000000e+00 -3.6437142857369889e+00 -3.9240000000974806e+00 3.8017012091489351e-11 0.0000000000000000e+00 3.8017012091489351e-11 -9.1559999999919324e+00 0.0000000000000000e+00 0.0000000000000000e+00 0.0000000000000000e+00 -3.9240000000268243e+00 -3.6437142857882923e+00 3.8860579319534262e-11 0.0000000000000000e+00 3.8860579319534262e-11 -8.5020000000077598e+00 0.0000000000000000e+00 0.0000000000000000e+00 0.0000000000000000e+00 -3.6437142857388158e+00 -3.9240000000922239e+00 6.5749760265094438e-11 0.0000000000000000e+00 6.5749760265094438e-11 -9.1560000000269994e+00 0.0000000000000000e+00 0.0000000000000000e+00 0.0000000000000000e+00 -3.9240000000357678e+00 -3.6437142857287808e+00 2.1175098436633683e-11 0.0000000000000000e+00 2.1175098436633683e-11 -8.5020000000793310e+00 0.0000000000000000e+00 0.0000000000000000e+00 0.0000000000000000e+00 -3.6437142857424325e+00 -3.9239999995266577e+00 -1.6776716050924984e-10 0.0000000000000000e+00 -1.6776716050924984e-10 -9.1560000001739894e+00 0.0000000000000000e+00 0.0000000000000000e+00 0.0000000000000000e+00 -3.9239999999101935e+00 -3.6437142858092209e+00 -3.0368683663627154e-10 0.0000000000000000e+00 -3.0368683663627154e-10 -8.5019999997944726e+00 0.0000000000000000e+00 0.0000000000000000e+00 0.0000000000000000e+00 -3.6437142856811087e+00 -3.0831428566506931e+00 -2.9744368630756765e-10 0.0000000000000000e+00 -2.9744368630756765e-10 -7.1939999995717150e+00 0.0000000000000000e+00 0.0000000000000000e+00 0.0000000000000000e+00 -3.0831428568667216e+00 -2.8028571419674857e+00 -1.4840799228088891e-10 0.0000000000000000e+00 -1.4840799228088891e-10 -6.5400000000359508e+00 0.0000000000000000e+00 0.0000000000000000e+00 0.0000000000000000e+00 -2.8028571426010309e+00 -3.0831428568451553e+00 -1.3472623976168705e-10 0.0000000000000000e+00 -1.3472623976168705e-10 -7.1940000001047668e+00 0.0000000000000000e+00 0.0000000000000000e+00 0.0000000000000000e+00 -3.0831428570849759e+00 -2.8028571426307316e+00 -5.1968894746596109e-12 0.0000000000000000e+00 -5.1968894746596109e-12 -6.5400000001040670e+00 0.0000000000000000e+00 0.0000000000000000e+00 0.0000000000000000e+00 -2.8028571428204399e+00 -3.0831428570801522e+00 -7.5501880475659817e-11 0.0000000000000000e+00 -7.5501880475659817e-11 -7.1940000000642197e+00 0.0000000000000000e+00 0.0000000000000000e+00 0.0000000000000000e+00 -3.0831428571433115e+00 -2.8028571428109825e+00 -2.1541652878966111e-11 0.0000000000000000e+00 -2.1541652878966111e-11 -6.5400000000495586e+00 0.0000000000000000e+00 0.0000000000000000e+00 0.0000000000000000e+00 -2.8028571428581626e+00 -3.0831428571677417e+00 -3.8501079645209200e-11 0.0000000000000000e+00 -3.8501079645209200e-11 -7.1940000000184776e+00 0.0000000000000000e+00 0.0000000000000000e+00 0.0000000000000000e+00 -3.0831428571558659e+00 -2.8028571428759932e+00 -1.4246283984775198e-11 0.0000000000000000e+00 -1.4246283984775198e-11 -6.5400000000162519e+00 0.0000000000000000e+00 0.0000000000000000e+00 0.0000000000000000e+00 -2.8028571428676736e+00 -3.0831428571947512e+00 -1.0306779003009302e-11 0.0000000000000000e+00 -1.0306779003009302e-11 -7.1940000000001785e+00 0.0000000000000000e+00 0.0000000000000000e+00 0.0000000000000000e+00 -3.0831428571584789e+00 -2.8028571428960820e+00 2.2735481295788573e-13 0.0000000000000000e+00 2.2735481295788573e-13 -6.5400000000040457e+00 0.0000000000000000e+00 0.0000000000000000e+00 0.0000000000000000e+00 -2.8028571428700380e+00 -3.0831428571983142e+00 1.0058278943492054e-11 0.0000000000000000e+00 1.0058278943492054e-11 -7.1939999999987547e+00 0.0000000000000000e+00 0.0000000000000000e+00 0.0000000000000000e+00 -3.0831428571591206e+00 -2.8028571428964999e+00 1.3593282710420078e-11 0.0000000000000000e+00 1.3593282710420078e-11 -6.5400000000050040e+00 0.0000000000000000e+00 0.0000000000000000e+00 0.0000000000000000e+00 -2.8028571428704514e+00 -3.0831428571895096e+00 2.2931923377681385e-11 0.0000000000000000e+00 2.2931923377681385e-11 -7.1940000000068478e+00 0.0000000000000000e+00 0.0000000000000000e+00 0.0000000000000000e+00 -3.0831428571589070e+00 -2.8028571428884570e+00 2.3608481081457543e-11 0.0000000000000000e+00 2.3608481081457543e-11 -6.5400000000113625e+00 0.0000000000000000e+00 0.0000000000000000e+00 0.0000000000000000e+00 -2.8028571428699456e+00 -3.0831428571965684e+00 2.8591486592052504e-11 0.0000000000000000e+00 2.8591486592052504e-11 -7.1940000000113224e+00 0.0000000000000000e+00 0.0000000000000000e+00 0.0000000000000000e+00 -3.0831428571623674e+00 -2.8028571428870452e+00 4.5724189246300045e-11 0.0000000000000000e+00 4.5724189246300045e-11 -6.5400000000212692e+00 0.0000000000000000e+00 0.0000000000000000e+00 0.0000000000000000e+00 -2.8028571428724942e+00 -3.0831428573698445e+00 6.1447318123031440e-11 0.0000000000000000e+00 6.1447318123031440e-11 -7.1939999999400346e+00 0.0000000000000000e+00 0.0000000000000000e+00 0.0000000000000000e+00 -3.0831428571929633e+00 -2.8028571428465798e+00 1.6711269885846445e-10 0.0000000000000000e+00 1.6711269885846445e-10 -6.5400000000367102e+00 0.0000000000000000e+00 0.0000000000000000e+00 0.0000000000000000e+00 -2.8028571428649873e+00 -2.2422857142564085e+00 5.5449292546063229e-10 0.0000000000000000e+00 5.5449292546063229e-10 -5.2319999999778091e+00 0.0000000000000000e+00 0.0000000000000000e+00 0.0000000000000000e+00 -2.2422857142702655e+00 -1.9620000001224336e+00 1.2187216779047957e-10 0.0000000000000000e+00 1.2187216779047957e-10 -4.5779999999288989e+00 0.0000000000000000e+00 0.0000000000000000e+00 0.0000000000000000e+00 -1.9620000000154001e+00 -2.2422857141840380e+00 1.8588741612520751e-10 0.0000000000000000e+00 1.8588741612520751e-10 -5.2319999999864821e+00 0.0000000000000000e+00 0.0000000000000000e+00 0.0000000000000000e+00 -2.2422857142511554e+00 -1.9619999999938496e+00 1.0245034549335583e-10 0.0000000000000000e+00 1.0245034549335583e-10 -4.5779999999827234e+00 0.0000000000000000e+00 0.0000000000000000e+00 0.0000000000000000e+00 -1.9619999999929718e+00 -2.2422857142353827e+00 4.8495710271245447e-11 0.0000000000000000e+00 4.8495710271245447e-11 -5.2320000000316922e+00 0.0000000000000000e+00 0.0000000000000000e+00 0.0000000000000000e+00 -2.2422857142801220e+00 -1.9619999999832740e+00 3.8025116909625480e-11 0.0000000000000000e+00 3.8025116909625480e-11 -4.5780000000135086e+00 0.0000000000000000e+00 0.0000000000000000e+00 0.0000000000000000e+00 -1.9619999999990347e+00 -2.2422857142772368e+00 8.8056206890982186e-12 0.0000000000000000e+00 8.8056206890982186e-12 -5.2320000000221150e+00 0.0000000000000000e+00 0.0000000000000000e+00 0.0000000000000000e+00 -2.2422857142898049e+00 -1.9619999999977347e+00 1.2460455965981675e-11 0.0000000000000000e+00 1.2460455965981675e-11 -4.5780000000138603e+00 0.0000000000000000e+00 0.0000000000000000e+00 0.0000000000000000e+00 -1.9620000000034783e+00 -2.2422857142978878e+00 3.7604289949876423e-12 0.0000000000000000e+00 3.7604289949876423e-12 -5.2320000000118210e+00 0.0000000000000000e+00 0.0000000000000000e+00 0.0000000000000000e+00 -2.2422857142929127e+00 -1.9620000000068860e+00 6.9127969864422425e-12 0.0000000000000000e+00 6.9127969864422425e-12 -4.5780000000104009e+00 0.0000000000000000e+00 0.0000000000000000e+00 0.0000000000000000e+00 -1.9620000000051863e+00 -2.2422857143019526e+00 7.8021024417614655e-12 0.0000000000000000e+00 7.8021024417614655e-12 -5.2320000000097933e+00 0.0000000000000000e+00 0.0000000000000000e+00 0.0000000000000000e+00 -2.2422857142935233e+00 -1.9620000000050164e+00 6.9647409924141740e-12 0.0000000000000000e+00 6.9647409924141740e-12 -4.5780000000118335e+00 0.0000000000000000e+00 0.0000000000000000e+00 0.0000000000000000e+00 -1.9620000000050553e+00 -2.2422857142929793e+00 1.2576962230665200e-11 0.0000000000000000e+00 1.2576962230665200e-11 -5.2320000000148328e+00 0.0000000000000000e+00 0.0000000000000000e+00 0.0000000000000000e+00 -2.2422857142923434e+00 -1.9619999999902931e+00 6.0260193227514681e-12 0.0000000000000000e+00 6.0260193227514681e-12 -4.5780000000176724e+00 0.0000000000000000e+00 0.0000000000000000e+00 0.0000000000000000e+00 -1.9620000000023896e+00 -2.2422857142603672e+00 1.2096387372447237e-11 0.0000000000000000e+00 1.2096387372447237e-11 -5.2320000000265381e+00 0.0000000000000000e+00 0.0000000000000000e+00 0.0000000000000000e+00 -2.2422857142860710e+00 -1.9619999999570594e+00 -1.1183477079756134e-11 0.0000000000000000e+00 -1.1183477079756134e-11 -4.5780000000120999e+00 0.0000000000000000e+00 0.0000000000000000e+00 0.0000000000000000e+00 -1.9619999999907476e+00 -2.2422857141337316e+00 -4.8706546703288100e-11 0.0000000000000000e+00 -4.8706546703288100e-11 -5.2320000000098172e+00 0.0000000000000000e+00 0.0000000000000000e+00 0.0000000000000000e+00 -2.2422857142430641e+00 -1.9619999999798536e+00 -4.5783422284924114e-11 0.0000000000000000e+00 -4.5783422284924114e-11 -4.5779999999183127e+00 0.0000000000000000e+00 0.0000000000000000e+00 0.0000000000000000e+00 -1.9619999999694495e+00 -1.4014285716668216e+00 3.7671287758337495e-11 0.0000000000000000e+00 3.7671287758337495e-11 -3.2700000001372587e+00 0.0000000000000000e+00 0.0000000000000000e+00 0.0000000000000000e+00 -1.4014285715412240e+00 -1.1211428574204565e+00 8.0621588171070593e-12 0.0000000000000000e+00 8.0621588171070593e-12 -2.6159999999679155e+00 0.0000000000000000e+00 0.0000000000000000e+00 0.0000000000000000e+00 -1.1211428572165116e+00 -1.4014285715444998e+00 4.8830743172785393e-11 0.0000000000000000e+00 4.8830743172785393e-11 -3.2699999999391007e+00 0.0000000000000000e+00 0.0000000000000000e+00 0.0000000000000000e+00 -1.4014285714450803e+00 -1.1211428572139768e+00 8.0752579761552641e-12 0.0000000000000000e+00 8.0752579761552641e-12 -2.6159999999595369e+00 0.0000000000000000e+00 0.0000000000000000e+00 0.0000000000000000e+00 -1.1211428571520541e+00 -1.4014285714507493e+00 3.8538785199375963e-11 0.0000000000000000e+00 3.8538785199375963e-11 -3.2699999999803380e+00 0.0000000000000000e+00 0.0000000000000000e+00 0.0000000000000000e+00 -1.4014285714293264e+00 -1.1211428571562119e+00 1.7903258036052445e-11 0.0000000000000000e+00 1.7903258036052445e-11 -2.6159999999889187e+00 0.0000000000000000e+00 0.0000000000000000e+00 0.0000000000000000e+00 -1.1211428571435393e+00 -1.4014285714273971e+00 2.0008417396132237e-11 0.0000000000000000e+00 2.0008417396132237e-11 -3.2700000000026579e+00 0.0000000000000000e+00 0.0000000000000000e+00 0.0000000000000000e+00 -1.4014285714290162e+00 -1.1211428571386719e+00 1.2939754880457926e-11 0.0000000000000000e+00 1.2939754880457926e-11 -2.6160000000026882e+00 0.0000000000000000e+00 0.0000000000000000e+00 0.0000000000000000e+00 -1.1211428571424078e+00 -1.4014285714246415e+00 9.7086675403612224e-12 0.0000000000000000e+00 9.7086675403612224e-12 -3.2700000000072245e+00 0.0000000000000000e+00 0.0000000000000000e+00 0.0000000000000000e+00 -1.4014285714295596e+00 -1.1211428571341342e+00 6.7606199237409110e-12 0.0000000000000000e+00 6.7606199237409110e-12 -2.6160000000056369e+00 0.0000000000000000e+00 0.0000000000000000e+00 0.0000000000000000e+00 -1.1211428571419315e+00 -1.4014285714224759e+00 3.9032292091831407e-12 0.0000000000000000e+00 3.9032292091831407e-12 -3.2700000000087148e+00 0.0000000000000000e+00 0.0000000000000000e+00 0.0000000000000000e+00 -1.4014285714293571e+00 -1.1211428571305808e+00 3.1557943270104678e-13 0.0000000000000000e+00 3.1557943270104678e-13 -2.6160000000071704e+00 0.0000000000000000e+00 0.0000000000000000e+00 0.0000000000000000e+00 -1.1211428571413253e+00 -1.4014285714151296e+00 -2.8766946697784315e-12 0.0000000000000000e+00 -2.8766946697784315e-12 -3.2700000000117089e+00 0.0000000000000000e+00 0.0000000000000000e+00 0.0000000000000000e+00 -1.4014285714280517e+00 -1.1211428571258233e+00 -8.4523223071532271e-12 0.0000000000000000e+00 -8.4523223071532271e-12 -2.6160000000085000e+00 0.0000000000000000e+00 0.0000000000000000e+00 0.0000000000000000e+00 -1.1211428571402968e+00 -1.4014285714079180e+00 -1.3847437645173952e-11 0.0000000000000000e+00 -1.3847437645173952e-11 -3.2700000000075184e+00 0.0000000000000000e+00 0.0000000000000000e+00 0.0000000000000000e+00 -1.4014285714246306e+00 -1.1211428571253230e+00 -1.5430489565782459e-11 0.0000000000000000e+00 -1.5430489565782459e-11 -2.6160000000021788e+00 0.0000000000000000e+00 0.0000000000000000e+00 0.0000000000000000e+00 -1.1211428571382505e+00 -1.4014285714107286e+00 -1.8838760313397406e-11 0.0000000000000000e+00 -1.8838760313397406e-11 -3.2699999999800928e+00 0.0000000000000000e+00 0.0000000000000000e+00 0.0000000000000000e+00 -1.4014285714172463e+00 -1.1211428571350213e+00 2.1245406412827173e-12 0.0000000000000000e+00 2.1245406412827173e-12 -2.6159999999829653e+00 0.0000000000000000e+00 0.0000000000000000e+00 0.0000000000000000e+00 -1.1211428571353959e+00 -5.6057142845234809e-01 -1.6366036188321866e-10 0.0000000000000000e+00 -1.6366036188321866e-10 -1.3079999999817016e+00 0.0000000000000000e+00 0.0000000000000000e+00 0.0000000000000000e+00 -5.6057142853021491e-01 -2.8028571424245291e-01 1.8311887886413604e-11 0.0000000000000000e+00 1.8311887886413604e-11 -6.5400000001879077e-01 0.0000000000000000e+00 0.0000000000000000e+00 0.0000000000000000e+00 -2.8028571427837312e-01 -5.6057142857741449e-01 -4.2858111368482076e-11 0.0000000000000000e+00 -4.2858111368482076e-11 -1.3080000000090815e+00 0.0000000000000000e+00 0.0000000000000000e+00 0.0000000000000000e+00 -5.6057142857594888e-01 -2.8028571426697235e-01 -9.5192604550133618e-12 0.0000000000000000e+00 -9.5192604550133618e-12 -6.5399999999769898e-01 0.0000000000000000e+00 0.0000000000000000e+00 0.0000000000000000e+00 -2.8028571427940135e-01 -5.6057142857608089e-01 -2.9462650245705160e-12 0.0000000000000000e+00 -2.9462650245705160e-12 -1.3079999999918683e+00 0.0000000000000000e+00 0.0000000000000000e+00 0.0000000000000000e+00 -5.6057142857038467e-01 -2.8028571427944010e-01 9.0890781696078396e-13 0.0000000000000000e+00 9.0890781696078396e-13 -6.5399999999807312e-01 0.0000000000000000e+00 0.0000000000000000e+00 0.0000000000000000e+00 -2.8028571428325399e-01 -5.6057142856403819e-01 7.4229070848771269e-12 0.0000000000000000e+00 7.4229070848771269e-12 -1.3079999999989496e+00 0.0000000000000000e+00 0.0000000000000000e+00 0.0000000000000000e+00 -5.6057142856889630e-01 -2.8028571427112103e-01 3.9336326063571346e-12 0.0000000000000000e+00 3.9336326063571346e-12 -6.5400000000009972e-01 0.0000000000000000e+00 0.0000000000000000e+00 0.0000000000000000e+00 -2.8028571428136623e-01 -5.6057142855525222e-01 5.4342197453943097e-12 0.0000000000000000e+00 5.4342197453943097e-12 -1.3080000000016678e+00 0.0000000000000000e+00 0.0000000000000000e+00 0.0000000000000000e+00 -5.6057142856707598e-01 -2.8028571426177418e-01 2.1860227758162968e-12 0.0000000000000000e+00 2.1860227758162968e-12 -6.5400000000066871e-01 0.0000000000000000e+00 0.0000000000000000e+00 0.0000000000000000e+00 -2.8028571427873283e-01 -5.6057142855087161e-01 5.7179435465054271e-13 0.0000000000000000e+00 5.7179435465054271e-13 -1.3080000000023562e+00 0.0000000000000000e+00 0.0000000000000000e+00 0.0000000000000000e+00 -5.6057142856596820e-01 -2.8028571425899151e-01 -8.4962252629761648e-13 0.0000000000000000e+00 -8.4962252629761648e-13 -6.5400000000095670e-01 0.0000000000000000e+00 0.0000000000000000e+00 0.0000000000000000e+00 -2.8028571427798449e-01 -5.6057142855172160e-01 -5.6300043795399672e-12 0.0000000000000000e+00 -5.6300043795399672e-12 -1.3080000000030154e+00 0.0000000000000000e+00 0.0000000000000000e+00 0.0000000000000000e+00 -5.6057142856642106e-01 -2.8028571426549581e-01 -4.7664655263428859e-12 0.0000000000000000e+00 -4.7664655263428859e-12 -6.5400000000126102e-01 0.0000000000000000e+00 0.0000000000000000e+00 0.0000000000000000e+00 -2.8028571428002702e-01 -5.6057142855846120e-01 -1.1297392402570807e-11 0.0000000000000000e+00 -1.1297392402570807e-11 -1.3080000000021612e+00 0.0000000000000000e+00 0.0000000000000000e+00 0.0000000000000000e+00 -5.6057142856818654e-01 -2.8028571428150756e-01 -8.1058976259482522e-12 0.0000000000000000e+00 -8.1058976259482522e-12 -6.5400000000071934e-01 0.0000000000000000e+00 0.0000000000000000e+00 0.0000000000000000e+00 -2.8028571428466814e-01 -5.6057142856225750e-01 -1.2639424970285143e-11 0.0000000000000000e+00 -1.2639424970285143e-11 -1.3079999999977223e+00 0.0000000000000000e+00 0.0000000000000000e+00 0.0000000000000000e+00 -5.6057142856799391e-01 -2.8028571430224380e-01 -6.5088178536059837e-12 0.0000000000000000e+00 -6.5088178536059837e-12 -6.5399999999350433e-01 0.0000000000000000e+00 0.0000000000000000e+00 0.0000000000000000e+00 -2.8028571428872440e-01
</DataArray>
        <DataArray type="Float64" format="ascii" Name="sigma_xx">
-7.8635714307318656e+00 -8.1594285730979355e+00 -7.8635714292822438e+00 -8.1594285720033000e+00 -7.8635714288827510e+00 -8.1594285716756847e+00 -7.8635714287361678e+00 -8.1594285715566297e+00 -7.8635714286704577e+00 -8.1594285714994914e+00 -7.8635714286238025e+00 -8.1594285714526436e+00 -7.8635714285794220e+00 -8.1594285714061954e+00 -7.8635714284982612e+00 -8.1594285714498156e+00 -7.8635714277345379e+00 -8.1594285728964557e+00 -8.7511428566999570e+00 -9.0470000000432140e+00 -8.7511428574112902e+00 -9.0470000000932114e+00 -8.7511428573117414e+00 -9.0470000000623667e+00 -8.7511428572396515e+00 -9.0470000000532327e+00 -8.7511428571988681e+00 -9.0470000000315718e+00 -8.7511428571608558e+00 -9.0470000000023152e+00 -8.7511428571093308e+00 -9.0469999999635036e+00 -8.7511428570759726e+00 -9.0469999998453510e+00 -8.7511428567347611e+00 -9.0469999988816951e+00 -9.6387142859828643e+00 -9.9345714263707290e+00 -9.6387142853628944e+00 -9.9345714283162039e+00 -9.6387142856375601e+00 -9.9345714285120650e+00 -9.6387142857111314e+00 -9.9345714285621760e+00 -9.6387142857262358e+00 -9.9345714285773372e+00 -9.6387142857248005e+00 -9.9345714285822186e+00 -9.6387142857289927e+00 -9.9345714286025313e+00 -9.6387142857782404e+00 -9.9345714287302993e+00 -9.6387142865860707e+00 -9.9345714288108304e+00 -1.0526285715396780e+01 -1.0822142857906316e+01 -1.0526285714372714e+01 -1.0822142857161582e+01 -1.0526285714246725e+01 -1.0822142857105106e+01 -1.0526285714256890e+01 -1.0822142857117887e+01 -1.0526285714279211e+01 -1.0822142857142291e+01 -1.0526285714292976e+01 -1.0822142857153821e+01 -1.0526285714291978e+01 -1.0822142857126829e+01 -1.0526285714262709e+01 -1.0822142857014656e+01 -1.0526285714288644e+01 -1.0822142856791841e+01 -1.1413857141304584e+01 -1.1709714285675796e+01 -1.1413857142638189e+01 -1.1709714285549834e+01 -1.1413857142760063e+01 -1.1709714285624965e+01 -1.1413857142809706e+01 -1.1709714285680453e+01 -1.1413857142850947e+01 -1.1709714285725646e+01 -1.1413857142882083e+01 -1.1709714285761399e+01 -1.1413857142880447e+01 -1.1709714285767035e+01 -1.1413857142755838e+01 -1.1709714285657112e+01 -1.1413857142219888e+01 -1.1709714285215373e+01 -1.2301428571681479e+01 -1.2597285714287720e+01 -1.2301428571320148e+01 -1.2597285714148693e+01 -1.2301428571331458e+01 -1.2597285714218208e+01 -1.2301428571385394e+01 -1.2597285714265684e+01 -1.2301428571435526e+01 -1.2597285714313605e+01 -1.2301428571489753e+01 -1.2597285714375314e+01 -1.2301428571566776e+01 -1.2597285714481171e+01 -1.2301428571743191e+01 -1.2597285714765137e+01 -1.2301428572257921e+01 -1.2597285715912996e+01 -1.3188999999013884e+01 -1.3484857142804552e+01 -1.3188999999827113e+01 -1.3484857142841149e+01 -1.3188999999945045e+01 -1.3484857142842717e+01 -1.3188999999982713e+01 -1.3484857142857575e+01 -1.3189000000014909e+01 -1.3484857142880468e+01 -1.3189000000056209e+01 -1.3484857142914825e+01 -1.3189000000107894e+01 -1.3484857142942698e+01 -1.3189000000112653e+01 -1.3484857142782658e+01 -1.3188999999361513e+01 -1.3484857142385398e+01 -1.4076571429647990e+01 -1.4372428571782097e+01 -1.4076571428828126e+01 -1.4372428571569941e+01 -1.4076571428631597e+01 -1.4372428571482576e+01 -1.4076571428590212e+01 -1.4372428571443709e+01 -1.4076571428581467e+01 -1.4372428571431241e+01 -1.4076571428586901e+01 -1.4372428571424607e+01 -1.4076571428608972e+01 -1.4372428571451485e+01 -1.4076571428607073e+01 -1.4372428571507923e+01 -1.4076571428351603e+01 -1.4372428571151609e+01 -1.4964142856947751e+01 -1.5260000001054161e+01 -1.4964142857183210e+01 -1.5260000000068262e+01 -1.4964142857185204e+01 -1.5259999999985979e+01 -1.4964142857155620e+01 -1.5259999999996296e+01 -1.4964142857132911e+01 -1.5259999999975998e+01 -1.4964142857114942e+01 -1.5259999999961803e+01 -1.4964142857079070e+01 -1.5259999999869835e+01 -1.4964142857117105e+01 -1.5259999999767819e+01 -1.4964142857157471e+01 -1.5260000000162385e+01 -7.2874285701915928e+00 -7.0071428567571097e+00 -7.2874285712343791e+00 -7.0071428568997858e+00 -7.2874285714197375e+00 -7.0071428571111118e+00 -7.2874285714753828e+00 -7.0071428571875520e+00 -7.2874285714835620e+00 -7.0071428572033359e+00 -7.2874285714744049e+00 -7.0071428571949355e+00 -7.2874285714534119e+00 -7.0071428571593524e+00 -7.2874285713842237e+00 -7.0071428570554906e+00 -7.2874285708685802e+00 -7.0071428574509191e+00 -6.4465714276553649e+00 -6.1662857131542426e+00 -6.4465714281015796e+00 -6.1662857141308614e+00 -6.4465714284761075e+00 -6.1662857142912246e+00 -6.4465714286072462e+00 -6.1662857143615168e+00 -6.4465714286491886e+00 -6.1662857143840180e+00 -6.4465714286577951e+00 -6.1662857143923464e+00 -6.4465714286442060e+00 -6.1662857143943581e+00 -6.4465714286036704e+00 -6.1662857143666843e+00 -6.4465714281650319e+00 -6.1662857143854382e+00 -5.6057142874487820e+00 -5.3254285713996179e+00 -5.6057142860430664e+00 -5.3254285718365253e+00 -5.6057142858982356e+00 -5.3254285716552259e+00 -5.6057142858538196e+00 -5.3254285715866496e+00 -5.6057142858439075e+00 -5.3254285715704937e+00 -5.6057142858530877e+00 -5.3254285715865377e+00 -5.6057142858892615e+00 -5.3254285716470635e+00 -5.6057142859973954e+00 -5.3254285717918908e+00 -5.6057142861235949e+00 -5.3254285723748938e+00 -4.7648571442602341e+00 -4.4845714292264676e+00 -4.7648571434974167e+00 -4.4845714290275955e+00 -4.7648571431955729e+00 -4.4845714288315870e+00 -4.7648571430582676e+00 -4.4845714287416998e+00 -4.7648571430097810e+00 -4.4845714287119307e+00 -4.7648571430058198e+00 -4.4845714287135641e+00 -4.7648571430334670e+00 -4.4845714287361185e+00 -4.7648571430780517e+00 -4.4845714287643563e+00 -4.7648571422715849e+00 -4.4845714297510151e+00 -3.9240000000101425e+00 -3.6437142857290836e+00 -3.9240000001830273e+00 -3.6437142857532852e+00 -3.9240000001591406e+00 -3.6437142857950415e+00 -3.9240000001302136e+00 -3.6437142858075560e+00 -3.9240000001138715e+00 -3.6437142858064324e+00 -3.9240000001068833e+00 -3.6437142858013805e+00 -3.9240000000974806e+00 -3.6437142857882923e+00 -3.9240000000922239e+00 -3.6437142857287808e+00 -3.9239999995266577e+00 -3.6437142858092209e+00 -3.0831428566506931e+00 -2.8028571419674857e+00 -3.0831428568451553e+00 -2.8028571426307316e+00 -3.0831428570801522e+00 -2.8028571428109825e+00 -3.0831428571677417e+00 -2.8028571428759932e+00 -3.0831428571947512e+00 -2.8028571428960820e+00 -3.0831428571983142e+00 -2.8028571428964999e+00 -3.0831428571895096e+00 -2.8028571428884570e+00 -3.0831428571965684e+00 -2.8028571428870452e+00 -3.0831428573698445e+00 -2.8028571428465798e+00 -2.2422857142564085e+00 -1.9620000001224336e+00 -2.2422857141840380e+00 -1.9619999999938496e+00 -2.2422857142353827e+00 -1.9619999999832740e+00 -2.2422857142772368e+00 -1.9619999999977347e+00 -2.2422857142978878e+00 -1.9620000000068860e+00 -2.2422857143019526e+00 -1.9620000000050164e+00 -2.2422857142929793e+00 -1.9619999999902931e+00 -2.2422857142603672e+00 -1.9619999999570594e+00 -2.2422857141337316e+00 -1.9619999999798536e+00 -1.4014285716668216e+00 -1.1211428574204565e+00 -1.4014285715444998e+00 -1.1211428572139768e+00 -1.4014285714507493e+00 -1.1211428571562119e+00 -1.4014285714273971e+00 -1.1211428571386719e+00 -1.4014285714246415e+00 -1.1211428571341342e+00 -1.4014285714224759e+00 -1.1211428571305808e+00 -1.4014285714151296e+00 -1.1211428571258233e+00 -1.4014285714079180e+00 -1.1211428571253230e+00 -1.4014285714107286e+00 -1.1211428571350213e+00 -5.6057142845234809e-01 -2.8028571424245291e-01 -5.6057142857741449e-01 -2.8028571426697235e-01 -5.6057142857608089e-01 -2.8028571427944010e-01 -5.6057142856403819e-01 -2.8028571427112103e-01 -5.6057142855525222e-01 -2.8028571426177418e-01 -5.6057142855087161e-01 -2.8028571425899151e-01 -5.6057142855172160e-01 -2.8028571426549581e-01 -5.6057142855846120e-01 -2.8028571428150756e-01 -5.6057142856225750e-01 -2.8028571430224380e-01
</DataArray>
        <DataArray type="Float64" format="ascii" Name="tau_xy">
-1.8848817342448149e-09 4.9179308504852800e-10 -3.9478968057993086e-10 4.3844841278309160e-11 -8.5576161305644416e-11 2.5215484489048066e-11 -3.2603507158319594e-12 3.2856683747251082e-11 1.4726823837981179e-11 3.1176149715632130e-11 1.1699937017925412e-11 2.3373254492845867e-11 9.9506667427288358e-12 1.2802557590206784e-11 9.3551789571690262e-11 5.1662727912083190e-11 7.8158202460417322e-10 -1.1702438254460986e-10 5.8683746366262430e-10 1.1768098804915733e-10 3.6258612824848586e-10 2.3446244833529136e-10 1.5104098480140202e-10 1.3248987781627589e-10 8.0672425955329554e-11 8.3745070235373422e-11 6.1756707750241708e-11 7.0602315579149516e-11 5.7140058712010030e-11 7.2577462937721131e-11 5.8779101309410030e-11 9.0304176886452001e-11 5.8174146545440305e-12 1.1425322934396798e-10 -3.8639641271905787e-10 8.3887491970051007e-10 7.6475975385845374e-10 8.4338855544502130e-10 2.0819220330382147e-10 3.9540913876336987e-11 1.0346759518205688e-10 6.3760330810741979e-11 8.6221321755500120e-11 7.3668014858995161e-11 7.9737329753156624e-11 7.8252812786872110e-11 8.1500739414049905e-11 8.1007553076269467e-11 8.6372476677824108e-11 6.8926160602872696e-11 9.7424045886733817e-11 1.6417138512734574e-11 -1.3133630037849923e-10 -1.8839245616877708e-10 -2.0774492229633873e-09 3.4496911477095507e-10 -2.1159937728778236e-10 6.7450468502525828e-11 8.9014701738437640e-12 4.0874771736927121e-11 5.2082869458450060e-11 5.1785308308060305e-11 6.7375053141414951e-11 6.6607535105070532e-11 7.7693179471665441e-11 8.2214489914596368e-11 6.9055048673212770e-11 7.4674568717645484e-11 -3.6192800250213842e-12 -3.6512447661309214e-11 -1.8166008318056869e-10 -2.9381838833280630e-10 3.4874214555344816e-10 -5.5309798521382288e-10 1.0249784223076651e-10 -2.6441620160549220e-11 4.2271675537571365e-11 6.3083099892402347e-12 2.9054712799409712e-11 1.6206022736701625e-11 4.2107350319065533e-11 3.7668772306548178e-11 6.8735307286799453e-11 7.6403421023177219e-11 1.0831062004698751e-10 1.5312441033550385e-10 1.5947701507300804e-10 3.2851602445635011e-10 2.1692211276881802e-10 3.9382711623934599e-10 3.7253418932176257e-10 5.3217866136860962e-11 -1.1460972579530667e-11 -2.9791193698040172e-11 -3.5763880076860329e-11 -4.7634520892369165e-11 -2.1423172002040200e-11 -3.1436403699044779e-11 -5.1089403853451241e-13 -9.9684183589318788e-12 3.1398657444293231e-11 1.8682328253682106e-11 8.8431124315904917e-11 4.8616570622383346e-11 2.0258189238491921e-10 -1.5155499895444060e-11 4.9261750960581605e-10 -7.7652061393766856e-10 1.2187703667709357e-10 -5.0932858616622534e-10 -1.1921192710778484e-10 -1.6775292111863958e-10 -8.1253241264934506e-11 -8.8986238529277390e-11 -6.1263746099303867e-11 -6.4261360590809904e-11 -4.3897915298290774e-11 -4.9908976156866017e-11 -2.7749504668991803e-11 -3.6561472037322025e-11 -9.9307279336382561e-12 1.8872266346322556e-12 -3.5492977936776704e-11 5.8794188239585302e-11 2.5890402899002789e-11 1.9933279646312755e-10 1.9384780599351447e-11 2.2177211019094536e-10 -6.4502307091580672e-11 3.1306750996807566e-11 -8.2794288625216840e-11 -5.1038637528286906e-11 -7.0156161347557713e-11 -5.8418122132411976e-11 -6.1347387170652722e-11 -5.7486487341576060e-11 -5.7423325406834729e-11 -6.4906154735446569e-11 -2.8994598832060820e-11 -1.6259684410611657e-11 1.4714528663371897e-10 3.6201278935629533e-10 3.7793293611421074e-10 1.4497457820297328e-10 -2.5394971697423363e-10 -1.4894912713791817e-12 1.3665696447879879e-10 4.0795210038938149e-11 -5.7017754877798154e-12 -1.2976852340486645e-11 -3.8569833080500147e-11 -3.4286819421037579e-11 -4.9070544260403160e-11 -4.4803155108254492e-11 -4.4294240072252095e-11 -3.4074789557685231e-11 -4.9614619192462706e-11 -2.6828896289788548e-11 6.4436152353415425e-11 1.0443649596287585e-10 9.5267600735872821e-10 -8.2338213086443226e-10 4.1540811868027285e-10 2.8163016664664653e-11 -3.3790762665786608e-10 -1.3147081048015330e-10 -1.2438596234401695e-10 -4.1457450695088340e-11 -2.7455002733293182e-11 -5.7879818562837736e-12 -4.0677614244063853e-12 -5.0384731489612827e-12 -7.7829976805525005e-12 -1.7976414975553098e-11 -1.3955242828670854e-11 -2.7788269073933385e-11 -1.6194336412630945e-11 -3.5599995560336531e-11 -4.1042692972184674e-10 2.4787196560120382e-10 -4.1741395941076334e-10 1.4992429163465684e-10 1.2921810606045015e-10 2.5951841026089152e-10 7.0441893830912650e-11 1.0760837562136041e-10 3.1070151328028849e-11 4.1097033595548055e-11 6.7757042133556621e-12 5.0291607986971304e-12 -1.7587217191279390e-11 -2.7386623662114367e-11 -5.3715491002927830e-11 -7.8127806066355698e-11 -1.1022531511367515e-10 -1.6452513961999487e-10 -3.2470849351431235e-10 -5.7915931011515410e-11 7.5642237000002696e-10 -5.3327387123347026e-10 3.8329555197057866e-10 1.6261547137312973e-10 1.8289745247581513e-10 9.4959531230801855e-11 6.9563895020929256e-11 3.9854006927362585e-11 2.0623108088831268e-11 1.2401297441368007e-11 -7.4409563364716373e-12 -3.2726980180171942e-12 -3.9668739363838184e-11 -1.2215796235554429e-11 -9.5647057987921297e-11 4.7326301175962432e-11 -3.9156678655114503e-10 1.0532928978332087e-09 9.3044366869442709e-10 -4.9354102675473716e-10 1.7739569433609116e-11 -1.4544208426624703e-10 7.8622324856067540e-12 -5.0914559505646303e-11 9.5569708680883203e-12 -1.3100643432625575e-11 8.9208010166514837e-12 4.7310431078680674e-12 1.2275878652729829e-11 2.1885945782495925e-11 2.3313332306933663e-11 5.4905138014957311e-11 2.6735621362528879e-11 8.8991208628876191e-11 -6.5668657970291560e-10 3.3685787238118403e-10 2.1643672450262650e-11 -2.2986864198140121e-10 -2.7199179038153997e-10 -2.1420412959720033e-10 -1.4322142840308573e-10 -1.0633062553026160e-10 -5.3844194272778112e-11 -3.9752079633922234e-11 -1.0656651629072085e-11 -3.7534803505609788e-12 1.5453206288997973e-11 2.0432197547835728e-11 3.8017012091489351e-11 3.8860579319534262e-11 6.5749760265094438e-11 2.1175098436633683e-11 -1.6776716050924984e-10 -3.0368683663627154e-10 -2.9744368630756765e-10 -1.4840799228088891e-10 -1.3472623976168705e-10 -5.1968894746596109e-12 -7.5501880475659817e-11 -2.1541652878966111e-11 -3.8501079645209200e-11 -1.4246283984775198e-11 -1.0306779003009302e-11 2.2735481295788573e-13 1.0058278943492054e-11 1.3593282710420078e-11 2.2931923377681385e-11 2.3608481081457543e-11 2.8591486592052504e-11 4.5724189246300045e-11 6.1447318123031440e-11 1.6711269885846445e-10 5.5449292546063229e-10 1.2187216779047957e-10 1.8588741612520751e-10 1.0245034549335583e-10 4.8495710271245447e-11 3.8025116909625480e-11 8.8056206890982186e-12 1.2460455965981675e-11 3.7604289949876423e-12 6.9127969864422425e-12 7.8021024417614655e-12 6.9647409924141740e-12 1.2576962230665200e-11 6.0260193227514681e-12 1.2096387372447237e-11 -1.1183477079756134e-11 -4.8706546703288100e-11 -4.5783422284924114e-11 3.7671287758337495e-11 8.0621588171070593e-12 4.8830743172785393e-11 8.0752579761552641e-12 3.8538785199375963e-11 1.7903258036052445e-11 2.0008417396132237e-11 1.2939754880457926e-11 9.7086675403612224e-12 6.7606199237409110e-12 3.9032292091831407e-12 3.1557943270104678e-13 -2.8766946697784315e-12 -8.4523223071532271e-12 -1.3847437645173952e-11 -1.5430489565782459e-11 -1.8838760313397406e-11 2.1245406412827173e-12 -1.6366036188321866e-10 1.8311887886413604e-11 -4.2858111368482076e-11 -9.5192604550133618e-12 -2.9462650245705160e-12 9.0890781696078396e-13 7.4229070848771269e-12 3.9336326063571346e-12 5.4342197453943097e-12 2.1860227758162968e-12 5.7179435465054271e-13 -8.4962252629761648e-13 -5.6300043795399672e-12 -4.7664655263428859e-12 -1.1297392402570807e-11 -8.1058976259482522e-12 -1.2639424970285143e-11 -6.5088178536059837e-12
</DataArray>
        <DataArray type="Float64" format="ascii" Name="sigma_yy">
-1.8348333334462495e+01 -1.9038666666401330e+01 -1.8348333332871633e+01 -1.9038666666434022e+01 -1.8348333333227945e+01 -1.9038666666592526e+01 -1.8348333333310208e+01 -1.9038666666655047e+01 -1.8348333333338722e+01 -1.9038666666682431e+01 -1.8348333333356376e+01 -1.9038666666698710e+01 -1.8348333333367677e+01 -1.9038666666684751e+01 -1.8348333333356965e+01 -1.9038666666476370e+01 -1.8348333333272471e+01 -1.9038666666875503e+01 -2.0419333333385598e+01 -2.1109666666593981e+01 -2.0419333333348835e+01 -2.1109666666620512e+01 -2.0419333333271101e+01 -2.1109666666649318e+01 -2.0419333333317230e+01 -2.1109666666670250e+01 -2.0419333333346692e+01 -2.1109666666688753e+01 -2.0419333333366620e+01 -2.1109666666704044e+01 -2.0419333333376944e+01 -2.1109666666719111e+01 -2.0419333333343939e+01 -2.1109666666838660e+01 -2.0419333333479845e+01 -2.1109666666376949e+01 -2.2490333332491275e+01 -2.3180666666999397e+01 -2.2490333333361420e+01 -2.3180666666725692e+01 -2.2490333333354819e+01 -2.3180666666674565e+01 -2.2490333333344143e+01 -2.3180666666675926e+01 -2.2490333333350954e+01 -2.3180666666685227e+01 -2.2490333333360979e+01 -2.3180666666694346e+01 -2.2490333333362539e+01 -2.3180666666687546e+01 -2.2490333333343152e+01 -2.3180666666647678e+01 -2.2490333333181741e+01 -2.3180666667089174e+01 -2.4561333333711740e+01 -2.5251666666227180e+01 -2.4561333333047219e+01 -2.5251666666538586e+01 -2.4561333333277236e+01 -2.5251666666626935e+01 -2.4561333333323287e+01 -2.5251666666656657e+01 -2.4561333333339320e+01 -2.5251666666671557e+01 -2.4561333333354867e+01 -2.5251666666695041e+01 -2.4561333333380350e+01 -2.5251666666747475e+01 -2.4561333333410477e+01 -2.5251666666793206e+01 -2.4561333333425441e+01 -2.5251666666723786e+01 -2.6632333333008194e+01 -2.7322666666436991e+01 -2.6632333333347102e+01 -2.7322666666590759e+01 -2.6632333333300252e+01 -2.7322666666632664e+01 -2.6632333333310665e+01 -2.7322666666642096e+01 -2.6632333333319316e+01 -2.7322666666646242e+01 -2.6632333333333673e+01 -2.7322666666661345e+01 -2.6632333333380295e+01 -2.7322666666717581e+01 -2.6632333333501283e+01 -2.7322666666870830e+01 -2.6632333333551053e+01 -2.7322666666648356e+01 -2.8703333333189747e+01 -2.9393666666468480e+01 -2.8703333333178062e+01 -2.9393666666606503e+01 -2.8703333333279772e+01 -2.9393666666624267e+01 -2.8703333333297149e+01 -2.9393666666625037e+01 -2.8703333333295021e+01 -2.9393666666617587e+01 -2.8703333333291404e+01 -2.9393666666608894e+01 -2.8703333333297419e+01 -2.9393666666605661e+01 -2.8703333333320643e+01 -2.9393666666584618e+01 -2.8703333333477431e+01 -2.9393666667531296e+01 -3.0774333333022746e+01 -3.1464666666625739e+01 -3.0774333333358921e+01 -3.1464666666583394e+01 -3.0774333333293534e+01 -3.1464666666608373e+01 -3.0774333333284321e+01 -3.1464666666609457e+01 -3.0774333333275951e+01 -3.1464666666601143e+01 -3.0774333333263993e+01 -3.1464666666589292e+01 -3.0774333333266963e+01 -3.1464666666621351e+01 -3.0774333333388807e+01 -3.1464666666879779e+01 -3.0774333333873372e+01 -3.1464666666775056e+01 -3.2845333333520784e+01 -3.3535666666643806e+01 -3.2845333333097180e+01 -3.3535666666579445e+01 -3.2845333333247780e+01 -3.3535666666595255e+01 -3.2845333333267661e+01 -3.3535666666600619e+01 -3.2845333333265906e+01 -3.3535666666596320e+01 -3.2845333333252682e+01 -3.3535666666570705e+01 -3.2845333333216615e+01 -3.3535666666488012e+01 -3.2845333333283833e+01 -3.3535666666629673e+01 -3.2845333333743682e+01 -3.3535666667347144e+01 -3.4916333333561056e+01 -3.5606666666083399e+01 -3.4916333333471634e+01 -3.5606666666774778e+01 -3.4916333333288357e+01 -3.5606666666640265e+01 -3.4916333333271204e+01 -3.5606666666615332e+01 -3.4916333333266138e+01 -3.5606666666596084e+01 -3.4916333333257967e+01 -3.5606666666585674e+01 -3.4916333333157638e+01 -3.5606666666410824e+01 -3.4916333332865086e+01 -3.5606666665690668e+01 -3.4916333334004868e+01 -3.5606666668440852e+01 -1.7003999999656617e+01 -1.6349999999824284e+01 -1.7004000000176951e+01 -1.6350000000133861e+01 -1.7004000000042765e+01 -1.6350000000059474e+01 -1.7004000000014823e+01 -1.6350000000018952e+01 -1.7004000000008819e+01 -1.6350000000008873e+01 -1.7004000000016333e+01 -1.6350000000018046e+01 -1.7004000000033940e+01 -1.6350000000043096e+01 -1.7004000000073649e+01 -1.6350000000043160e+01 -1.7003999999993550e+01 -1.6349999999833866e+01 -1.5041999999267373e+01 -1.4388000000163345e+01 -1.5042000000224846e+01 -1.4388000000106429e+01 -1.5042000000101485e+01 -1.4388000000041123e+01 -1.5042000000029493e+01 -1.4388000000002538e+01 -1.5042000000001684e+01 -1.4387999999988697e+01 -1.5041999999999144e+01 -1.4387999999989985e+01 -1.5042000000015976e+01 -1.4388000000005295e+01 -1.5042000000047214e+01 -1.4388000000044672e+01 -1.5042000000061192e+01 -1.4387999999910763e+01 -1.3080000000173673e+01 -1.2426000000258469e+01 -1.3079999999866263e+01 -1.2425999999908008e+01 -1.3079999999947535e+01 -1.2425999999925311e+01 -1.3079999999965429e+01 -1.2425999999950708e+01 -1.3079999999968427e+01 -1.2425999999959497e+01 -1.3079999999967757e+01 -1.2425999999958670e+01 -1.3079999999964361e+01 -1.2425999999949097e+01 -1.3079999999961061e+01 -1.2425999999926617e+01 -1.3079999999989770e+01 -1.2426000000360167e+01 -1.1118000000570932e+01 -1.0464000000064788e+01 -1.1117999999843146e+01 -1.0463999999898631e+01 -1.1117999999879293e+01 -1.0463999999911518e+01 -1.1117999999925770e+01 -1.0463999999941391e+01 -1.1117999999949681e+01 -1.0463999999957217e+01 -1.1117999999957810e+01 -1.0463999999964527e+01 -1.1117999999960690e+01 -1.0463999999970744e+01 -1.1118000000002253e+01 -1.0463999999964733e+01 -1.1118000000274323e+01 -1.0463999999963544e+01 -9.1560000000989898e+00 -8.5019999999420079e+00 -9.1560000000204838e+00 -8.5020000000301668e+00 -9.1559999999710229e+00 -8.5019999999997982e+00 -9.1559999999646511e+00 -8.5019999999829778e+00 -9.1559999999692874e+00 -8.5019999999812619e+00 -9.1559999999769541e+00 -8.5019999999885822e+00 -9.1559999999919324e+00 -8.5020000000077598e+00 -9.1560000000269994e+00 -8.5020000000793310e+00 -9.1560000001739894e+00 -8.5019999997944726e+00 -7.1939999995717150e+00 -6.5400000000359508e+00 -7.1940000001047668e+00 -6.5400000001040670e+00 -7.1940000000642197e+00 -6.5400000000495586e+00 -7.1940000000184776e+00 -6.5400000000162519e+00 -7.1940000000001785e+00 -6.5400000000040457e+00 -7.1939999999987547e+00 -6.5400000000050040e+00 -7.1940000000068478e+00 -6.5400000000113625e+00 -7.1940000000113224e+00 -6.5400000000212692e+00 -7.1939999999400346e+00 -6.5400000000367102e+00 -5.2319999999778091e+00 -4.5779999999288989e+00 -5.2319999999864821e+00 -4.5779999999827234e+00 -5.2320000000316922e+00 -4.5780000000135086e+00 -5.2320000000221150e+00 -4.5780000000138603e+00 -5.2320000000118210e+00 -4.5780000000104009e+00 -5.2320000000097933e+00 -4.5780000000118335e+00 -5.2320000000148328e+00 -4.5780000000176724e+00 -5.2320000000265381e+00 -4.5780000000120999e+00 -5.2320000000098172e+00 -4.5779999999183127e+00 -3.2700000001372587e+00 -2.6159999999679155e+00 -3.2699999999391007e+00 -2.6159999999595369e+00 -3.2699999999803380e+00 -2.6159999999889187e+00 -3.2700000000026579e+00 -2.6160000000026882e+00 -3.2700000000072245e+00 -2.6160000000056369e+00 -3.2700000000087148e+00 -2.6160000000071704e+00 -3.2700000000117089e+00 -2.6160000000085000e+00 -3.2700000000075184e+00 -2.6160000000021788e+00 -3.2699999999800928e+00 -2.6159999999829653e+00 -1.3079999999817016e+00 -6.5400000001879077e-01 -1.3080000000090815e+00 -6.5399999999769898e-01 -1.3079999999918683e+00 -6.5399999999807312e-01 -1.3079999999989496e+00 -6.5400000000009972e-01 -1.3080000000016678e+00 -6.5400000000066871e-01 -1.3080000000023562e+00 -6.5400000000095670e-01 -1.3080000000030154e+00 -6.5400000000126102e-01 -1.3080000000021612e+00 -6.5400000000071934e-01 -1.3079999999977223e+00 -6.5399999999350433e-01
</DataArray>
        <DataArray type="Float64" format="ascii" Name="sigma_zz">
-7.8635714295583092e+00 -8.1594285718497801e+00 -7.8635714286461642e+00 -8.1594285715311958e+00 -7.8635714286332101e+00 -8.1594285714804649e+00 -7.8635714286139118e+00 -8.1594285714635024e+00 -7.8635714286027527e+00 -8.1594285714545762e+00 -7.8635714285940521e+00 -8.1594285714454031e+00 -7.8635714285841285e+00 -8.1594285714272843e+00 -7.8635714285565665e+00 -8.1594285713778554e+00 -7.8635714283021034e+00 -8.1594285719315849e+00 -8.7511428570256644e+00 -9.0469999999911579e+00 -8.7511428572280376e+00 -9.0470000000141173e+00 -8.7511428571748517e+00 -9.0470000000135045e+00 -8.7511428571670624e+00 -9.0470000000170430e+00 -8.7511428571636660e+00 -9.0470000000160979e+00 -8.7511428571582446e+00 -9.0470000000119057e+00 -8.7511428571458829e+00 -9.0470000000047825e+00 -8.7511428571259717e+00 -9.0470000000052035e+00 -8.7511428570643819e+00 -9.0469999995775918e+00 -9.6387142855422407e+00 -9.9345714280110400e+00 -9.6387142856172954e+00 -9.9345714285125695e+00 -9.6387142856977146e+00 -9.9345714285559890e+00 -9.6387142857165831e+00 -9.9345714285714291e+00 -9.6387142857231538e+00 -9.9345714285787672e+00 -9.6387142857257349e+00 -9.9345714285829665e+00 -9.6387142857274597e+00 -9.9345714285870255e+00 -9.6387142857364161e+00 -9.9345714286133919e+00 -9.6387142859303445e+00 -9.9345714287700027e+00 -1.0526285714732555e+01 -1.0822142857240047e+01 -1.0526285714225978e+01 -1.0822142857110052e+01 -1.0526285714257188e+01 -1.0822142857119609e+01 -1.0526285714274055e+01 -1.0822142857132365e+01 -1.0526285714285560e+01 -1.0822142857144152e+01 -1.0526285714294351e+01 -1.0822142857154658e+01 -1.0526285714301698e+01 -1.0822142857162289e+01 -1.0526285714301958e+01 -1.0822142857142357e+01 -1.0526285714314227e+01 -1.0822142857054684e+01 -1.1413857142293834e+01 -1.1709714285633835e+01 -1.1413857142795587e+01 -1.1709714285642177e+01 -1.1413857142818097e+01 -1.1709714285677288e+01 -1.1413857142836111e+01 -1.1709714285696768e+01 -1.1413857142851075e+01 -1.1709714285711565e+01 -1.1413857142864726e+01 -1.1709714285726822e+01 -1.1413857142878220e+01 -1.1709714285745386e+01 -1.1413857142877136e+01 -1.1709714285758382e+01 -1.1413857142731281e+01 -1.1709714285559118e+01 -1.2301428571461368e+01 -1.2597285714226862e+01 -1.2301428571349463e+01 -1.2597285714226558e+01 -1.2301428571383369e+01 -1.2597285714252743e+01 -1.2301428571404763e+01 -1.2597285714267215e+01 -1.2301428571419164e+01 -1.2597285714279355e+01 -1.2301428571434350e+01 -1.2597285714295266e+01 -1.2301428571459258e+01 -1.2597285714326048e+01 -1.2301428571519150e+01 -1.2597285714404926e+01 -1.2301428571720606e+01 -1.2597285715033285e+01 -1.3188999999610987e+01 -1.3484857142829087e+01 -1.3188999999955806e+01 -1.3484857142827359e+01 -1.3188999999971575e+01 -1.3484857142835329e+01 -1.3188999999980110e+01 -1.3484857142840108e+01 -1.3188999999987253e+01 -1.3484857142844483e+01 -1.3188999999996058e+01 -1.3484857142851233e+01 -1.3189000000012458e+01 -1.3484857142869215e+01 -1.3189000000050438e+01 -1.3484857142898727e+01 -1.3188999999970463e+01 -1.3484857142748139e+01 -1.4076571428950631e+01 -1.4372428571527770e+01 -1.4076571428577591e+01 -1.4372428571444814e+01 -1.4076571428563811e+01 -1.4372428571423347e+01 -1.4076571428557362e+01 -1.4372428571413296e+01 -1.4076571428554209e+01 -1.4372428571408269e+01 -1.4076571428551874e+01 -1.4372428571398594e+01 -1.4076571428547673e+01 -1.4372428571381848e+01 -1.4076571428567272e+01 -1.4372428571441278e+01 -1.4076571428628585e+01 -1.4372428571549623e+01 -1.4964142857152643e+01 -1.5260000000141273e+01 -1.4964142857196453e+01 -1.5260000000052914e+01 -1.4964142857142068e+01 -1.5259999999987871e+01 -1.4964142857128046e+01 -1.5259999999983490e+01 -1.4964142857119715e+01 -1.5259999999971624e+01 -1.4964142857111870e+01 -1.5259999999964242e+01 -1.4964142857071012e+01 -1.5259999999884199e+01 -1.4964142856994656e+01 -1.5259999999637548e+01 -1.4964142857348698e+01 -1.5260000000580972e+01 -7.2874285709544608e+00 -7.0071428569744167e+00 -7.2874285714233986e+00 -7.0071428571100922e+00 -7.2874285714387490e+00 -7.0071428571511749e+00 -7.2874285714470624e+00 -7.0071428571619494e+00 -7.2874285714477161e+00 -7.0071428571636627e+00 -7.2874285714472196e+00 -7.0071428571638954e+00 -7.2874285714462035e+00 -7.0071428571607335e+00 -7.2874285714373617e+00 -7.0071428571295957e+00 -7.2874285712586371e+00 -7.0071428571854355e+00 -6.4465714280768234e+00 -6.1662857139952765e+00 -6.4465714284979274e+00 -6.1662857142711864e+00 -6.4465714285732796e+00 -6.1662857142997050e+00 -6.4465714285910218e+00 -6.1662857143092156e+00 -6.4465714285952620e+00 -6.1662857143118144e+00 -6.4465714285970828e+00 -6.1662857143146992e+00 -6.4465714285980544e+00 -6.1662857143198959e+00 -6.4465714285952638e+00 -6.1662857143234069e+00 -6.4465714284678661e+00 -6.1662857142888612e+00 -5.6057142862867364e+00 -5.3254285714974259e+00 -5.6057142857727973e+00 -5.3254285715233598e+00 -5.6057142857537308e+00 -5.3254285714741609e+00 -5.6057142857457736e+00 -5.3254285714612077e+00 -5.6057142857436997e+00 -5.3254285714589980e+00 -5.6057142857462532e+00 -5.3254285714635623e+00 -5.6057142857560871e+00 -5.3254285714788496e+00 -5.6057142857875384e+00 -5.3254285715155536e+00 -5.6057142858340088e+00 -5.3254285718205185e+00 -4.7648571434493494e+00 -4.4845714287873752e+00 -4.7648571430021676e+00 -4.4845714286778673e+00 -4.7648571429224607e+00 -4.4845714286229317e+00 -4.7648571428952113e+00 -4.4845714286049256e+00 -4.7648571428878377e+00 -4.4845714286007432e+00 -4.7648571428890873e+00 -4.4845714286034282e+00 -4.7648571428982471e+00 -4.4845714286120595e+00 -4.7648571429240913e+00 -4.4845714286187262e+00 -4.7648571427637725e+00 -4.4845714289143688e+00 -3.9240000000327395e+00 -3.6437142857013276e+00 -3.9240000000610538e+00 -3.6437142857350353e+00 -3.9240000000390496e+00 -3.6437142857384512e+00 -3.9240000000284594e+00 -3.6437142857371594e+00 -3.9240000000249462e+00 -3.6437142857363085e+00 -3.9240000000251518e+00 -3.6437142857369889e+00 -3.9240000000268243e+00 -3.6437142857388158e+00 -3.9240000000357678e+00 -3.6437142857424325e+00 -3.9239999999101935e+00 -3.6437142856811087e+00 -3.0831428568667216e+00 -2.8028571426010309e+00 -3.0831428570849759e+00 -2.8028571428204399e+00 -3.0831428571433115e+00 -2.8028571428581626e+00 -3.0831428571558659e+00 -2.8028571428676736e+00 -3.0831428571584789e+00 -2.8028571428700380e+00 -3.0831428571591206e+00 -2.8028571428704514e+00 -3.0831428571589070e+00 -2.8028571428699456e+00 -3.0831428571623674e+00 -2.8028571428724942e+00 -3.0831428571929633e+00 -2.8028571428649873e+00 -2.2422857142702655e+00 -1.9620000000154001e+00 -2.2422857142511554e+00 -1.9619999999929718e+00 -2.2422857142801220e+00 -1.9619999999990347e+00 -2.2422857142898049e+00 -1.9620000000034783e+00 -2.2422857142929127e+00 -1.9620000000051863e+00 -2.2422857142935233e+00 -1.9620000000050553e+00 -2.2422857142923434e+00 -1.9620000000023896e+00 -2.2422857142860710e+00 -1.9619999999907476e+00 -2.2422857142430641e+00 -1.9619999999694495e+00 -1.4014285715412240e+00 -1.1211428572165116e+00 -1.4014285714450803e+00 -1.1211428571520541e+00 -1.4014285714293264e+00 -1.1211428571435393e+00 -1.4014285714290162e+00 -1.1211428571424078e+00 -1.4014285714295596e+00 -1.1211428571419315e+00 -1.4014285714293571e+00 -1.1211428571413253e+00 -1.4014285714280517e+00 -1.1211428571402968e+00 -1.4014285714246306e+00 -1.1211428571382505e+00 -1.4014285714172463e+00 -1.1211428571353959e+00 -5.6057142853021491e-01 -2.8028571427837312e-01 -5.6057142857594888e-01 -2.8028571427940135e-01 -5.6057142857038467e-01 -2.8028571428325399e-01 -5.6057142856889630e-01 -2.8028571428136623e-01 -5.6057142856707598e-01 -2.8028571427873283e-01 -5.6057142856596820e-01 -2.8028571427798449e-01 -5.6057142856642106e-01 -2.8028571428002702e-01 -5.6057142856818654e-01 -2.8028571428466814e-01 -5.6057142856799391e-01 -2.8028571428872440e-01
</DataArray>
        <DataArray type="Float64" format="ascii" Name="sigma1">
-7.8635714295583092e+00 -8.1594285718497801e+00 -7.8635714286461642e+00 -8.1594285715311958e+00 -7.8635714286332101e+00 -8.1594285714804649e+00 -7.8635714286139118e+00 -8.1594285714635024e+00 -7.8635714286027527e+00 -8.1594285714545762e+00 -7.8635714285940521e+00 -8.1594285714454031e+00 -7.8635714285794220e+00 -8.1594285714061954e+00 -7.8635714284982612e+00 -8.1594285713778554e+00 -7.8635714277345379e+00 -8.1594285719315849e+00 -8.7511428566999570e+00 -9.0469999999911579e+00 -8.7511428572280376e+00 -9.0470000000141173e+00 -8.7511428571748517e+00 -9.0470000000135045e+00 -8.7511428571670624e+00 -9.0470000000170430e+00 -8.7511428571636660e+00 -9.0470000000160979e+00 -8.7511428571582446e+00 -9.0470000000023152e+00 -8.7511428571093308e+00 -9.0469999999635036e+00 -8.7511428570759726e+00 -9.0469999998453510e+00 -8.7511428567347611e+00 -9.0469999988816951e+00 -9.6387142855422407e+00 -9.9345714263707290e+00 -9.6387142853628944e+00 -9.9345714283162039e+00 -9.6387142856375601e+00 -9.9345714285120668e+00 -9.6387142857111332e+00 -9.9345714285621760e+00 -9.6387142857231538e+00 -9.9345714285773372e+00 -9.6387142857248005e+00 -9.9345714285822186e+00 -9.6387142857274597e+00 -9.9345714285870255e+00 -9.6387142857364161e+00 -9.9345714286133919e+00 -9.6387142859303445e+00 -9.9345714287700027e+00 -1.0526285714732555e+01 -1.0822142857240047e+01 -1.0526285714225978e+01 -1.0822142857110052e+01 -1.0526285714246727e+01 -1.0822142857105108e+01 -1.0526285714256890e+01 -1.0822142857117887e+01 -1.0526285714279211e+01 -1.0822142857142291e+01 -1.0526285714292976e+01 -1.0822142857153819e+01 -1.0526285714291978e+01 -1.0822142857126829e+01 -1.0526285714262709e+01 -1.0822142857014656e+01 -1.0526285714288644e+01 -1.0822142856791841e+01 -1.1413857141304584e+01 -1.1709714285633835e+01 -1.1413857142638189e+01 -1.1709714285549834e+01 -1.1413857142760063e+01 -1.1709714285624965e+01 -1.1413857142809706e+01 -1.1709714285680453e+01 -1.1413857142850947e+01 -1.1709714285711565e+01 -1.1413857142864726e+01 -1.1709714285726822e+01 -1.1413857142878220e+01 -1.1709714285745386e+01 -1.1413857142755836e+01 -1.1709714285657112e+01 -1.1413857142219888e+01 -1.1709714285215373e+01 -1.2301428571461368e+01 -1.2597285714226862e+01 -1.2301428571320148e+01 -1.2597285714148693e+01 -1.2301428571331458e+01 -1.2597285714218208e+01 -1.2301428571385397e+01 -1.2597285714265684e+01 -1.2301428571419164e+01 -1.2597285714279355e+01 -1.2301428571434350e+01 -1.2597285714295266e+01 -1.2301428571459258e+01 -1.2597285714326048e+01 -1.2301428571519150e+01 -1.2597285714404926e+01 -1.2301428571720606e+01 -1.2597285715033285e+01 -1.3188999999013884e+01 -1.3484857142804552e+01 -1.3188999999827113e+01 -1.3484857142827359e+01 -1.3188999999945045e+01 -1.3484857142835329e+01 -1.3188999999980110e+01 -1.3484857142840108e+01 -1.3188999999987253e+01 -1.3484857142844483e+01 -1.3188999999996058e+01 -1.3484857142851233e+01 -1.3189000000012458e+01 -1.3484857142869215e+01 -1.3189000000050438e+01 -1.3484857142782658e+01 -1.3188999999361513e+01 -1.3484857142385398e+01 -1.4076571428950631e+01 -1.4372428571527770e+01 -1.4076571428577591e+01 -1.4372428571444814e+01 -1.4076571428563811e+01 -1.4372428571423347e+01 -1.4076571428557362e+01 -1.4372428571413296e+01 -1.4076571428554209e+01 -1.4372428571408269e+01 -1.4076571428551874e+01 -1.4372428571398594e+01 -1.4076571428547673e+01 -1.4372428571381848e+01 -1.4076571428567272e+01 -1.4372428571441278e+01 -1.4076571428351603e+01 -1.4372428571151609e+01 -1.4964142856947751e+01 -1.5260000000141273e+01 -1.4964142857183210e+01 -1.5260000000052914e+01 -1.4964142857142068e+01 -1.5259999999985979e+01 -1.4964142857128046e+01 -1.5259999999983490e+01 -1.4964142857119715e+01 -1.5259999999971624e+01 -1.4964142857111870e+01 -1.5259999999961803e+01 -1.4964142857071012e+01 -1.5259999999869835e+01 -1.4964142856994656e+01 -1.5259999999637548e+01 -1.4964142857157471e+01 -1.5260000000162385e+01 -7.2874285701915928e+00 -7.0071428567571097e+00 -7.2874285712343791e+00 -7.0071428568997858e+00 -7.2874285714197375e+00 -7.0071428571111118e+00 -7.2874285714470624e+00 -7.0071428571619494e+00 -7.2874285714477161e+00 -7.0071428571636627e+00 -7.2874285714472196e+00 -7.0071428571638954e+00 -7.2874285714462035e+00 -7.0071428571593524e+00 -7.2874285713842237e+00 -7.0071428570554906e+00 -7.2874285708685802e+00 -7.0071428571854355e+00 -6.4465714276553649e+00 -6.1662857131542426e+00 -6.4465714281015796e+00 -6.1662857141308631e+00 -6.4465714284761075e+00 -6.1662857142912246e+00 -6.4465714285910218e+00 -6.1662857143092156e+00 -6.4465714285952620e+00 -6.1662857143118144e+00 -6.4465714285970828e+00 -6.1662857143146992e+00 -6.4465714285980544e+00 -6.1662857143198959e+00 -6.4465714285952638e+00 -6.1662857143234069e+00 -6.4465714281650319e+00 -6.1662857142888612e+00 -5.6057142862867364e+00 -5.3254285713996179e+00 -5.6057142857727973e+00 -5.3254285715233598e+00 -5.6057142857537308e+00 -5.3254285714741609e+00 -5.6057142857457736e+00 -5.3254285714612077e+00 -5.6057142857436997e+00 -5.3254285714589980e+00 -5.6057142857462532e+00 -5.3254285714635623e+00 -5.6057142857560871e+00 -5.3254285714788496e+00 -5.6057142857875384e+00 -5.3254285715155536e+00 -5.6057142858340088e+00 -5.3254285718205185e+00 -4.7648571434493494e+00 -4.4845714287873752e+00 -4.7648571430021676e+00 -4.4845714286778673e+00 -4.7648571429224607e+00 -4.4845714286229317e+00 -4.7648571428952113e+00 -4.4845714286049256e+00 -4.7648571428878377e+00 -4.4845714286007432e+00 -4.7648571428890873e+00 -4.4845714286034282e+00 -4.7648571428982471e+00 -4.4845714286120595e+00 -4.7648571429240913e+00 -4.4845714286187262e+00 -4.7648571422715849e+00 -4.4845714289143688e+00 -3.9240000000101425e+00 -3.6437142857013276e+00 -3.9240000000610538e+00 -3.6437142857350353e+00 -3.9240000000390496e+00 -3.6437142857384512e+00 -3.9240000000284594e+00 -3.6437142857371594e+00 -3.9240000000249462e+00 -3.6437142857363085e+00 -3.9240000000251518e+00 -3.6437142857369889e+00 -3.9240000000268243e+00 -3.6437142857388158e+00 -3.9240000000357678e+00 -3.6437142857287808e+00 -3.9239999995266577e+00 -3.6437142856811087e+00 -3.0831428566506931e+00 -2.8028571419674857e+00 -3.0831428568451553e+00 -2.8028571426307316e+00 -3.0831428570801522e+00 -2.8028571428109825e+00 -3.0831428571558659e+00 -2.8028571428676736e+00 -3.0831428571584789e+00 -2.8028571428700380e+00 -3.0831428571591206e+00 -2.8028571428704514e+00 -3.0831428571589070e+00 -2.8028571428699456e+00 -3.0831428571623674e+00 -2.8028571428724942e+00 -3.0831428571929633e+00 -2.8028571428465798e+00 -2.2422857142564085e+00 -1.9620000000154001e+00 -2.2422857141840380e+00 -1.9619999999929718e+00 -2.2422857142353827e+00 -1.9619999999832740e+00 -2.2422857142772368e+00 -1.9619999999977347e+00 -2.2422857142929127e+00 -1.9620000000051863e+00 -2.2422857142935233e+00 -1.9620000000050164e+00 -2.2422857142923434e+00 -1.9619999999902931e+00 -2.2422857142603672e+00 -1.9619999999570594e+00 -2.2422857141337316e+00 -1.9619999999694495e+00 -1.4014285715412240e+00 -1.1211428572165116e+00 -1.4014285714450803e+00 -1.1211428571520541e+00 -1.4014285714293264e+00 -1.1211428571435393e+00 -1.4014285714273971e+00 -1.1211428571386719e+00 -1.4014285714246415e+00 -1.1211428571341342e+00 -1.4014285714224759e+00 -1.1211428571305808e+00 -1.4014285714151293e+00 -1.1211428571258233e+00 -1.4014285714079180e+00 -1.1211428571253230e+00 -1.4014285714107286e+00 -1.1211428571350213e+00 -5.6057142845234809e-01 -2.8028571424245291e-01 -5.6057142857594888e-01 -2.8028571426697235e-01 -5.6057142857038467e-01 -2.8028571427944010e-01 -5.6057142856403819e-01 -2.8028571427112103e-01 -5.6057142855525222e-01 -2.8028571426177418e-01 -5.6057142855087161e-01 -2.8028571425899151e-01 -5.6057142855172160e-01 -2.8028571426549581e-01 -5.6057142855846120e-01 -2.8028571428150756e-01 -5.6057142856225750e-01 -2.8028571428872440e-01
</DataArray>
        <DataArray type="Float64" format="ascii" Name="sigma2">
-7.8635714307318656e+00 -8.1594285730979355e+00 -7.8635714292822438e+00 -8.1594285720033000e+00 -7.8635714288827510e+00 -8.1594285716756847e+00 -7.8635714287361678e+00 -8.1594285715566297e+00 -7.8635714286704577e+00 -8.1594285714994914e+00 -7.8635714286238025e+00 -8.1594285714526436e+00 -7.8635714285841285e+00 -8.1594285714272843e+00 -7.8635714285565665e+00 -8.1594285714498156e+00 -7.8635714283021034e+00 -8.1594285728964557e+00 -8.7511428570256644e+00 -9.0470000000432140e+00 -8.7511428574112902e+00 -9.0470000000932114e+00 -8.7511428573117414e+00 -9.0470000000623667e+00 -8.7511428572396515e+00 -9.0470000000532327e+00 -8.7511428571988681e+00 -9.0470000000315718e+00 -8.7511428571608558e+00 -9.0470000000119057e+00 -8.7511428571458829e+00 -9.0470000000047825e+00 -8.7511428571259717e+00 -9.0470000000052035e+00 -8.7511428570643819e+00 -9.0469999995775918e+00 -9.6387142859828643e+00 -9.9345714280110400e+00 -9.6387142856172954e+00 -9.9345714285125695e+00 -9.6387142856977146e+00 -9.9345714285559890e+00 -9.6387142857165831e+00 -9.9345714285714291e+00 -9.6387142857262358e+00 -9.9345714285787672e+00 -9.6387142857257349e+00 -9.9345714285829665e+00 -9.6387142857289927e+00 -9.9345714286025295e+00 -9.6387142857782404e+00 -9.9345714287302993e+00 -9.6387142865860707e+00 -9.9345714288108304e+00 -1.0526285715396780e+01 -1.0822142857906316e+01 -1.0526285714372714e+01 -1.0822142857161582e+01 -1.0526285714257188e+01 -1.0822142857119609e+01 -1.0526285714274055e+01 -1.0822142857132365e+01 -1.0526285714285560e+01 -1.0822142857144152e+01 -1.0526285714294351e+01 -1.0822142857154658e+01 -1.0526285714301698e+01 -1.0822142857162289e+01 -1.0526285714301958e+01 -1.0822142857142357e+01 -1.0526285714314227e+01 -1.0822142857054684e+01 -1.1413857142293834e+01 -1.1709714285675796e+01 -1.1413857142795587e+01 -1.1709714285642177e+01 -1.1413857142818097e+01 -1.1709714285677288e+01 -1.1413857142836111e+01 -1.1709714285696768e+01 -1.1413857142851075e+01 -1.1709714285725646e+01 -1.1413857142882083e+01 -1.1709714285761399e+01 -1.1413857142880447e+01 -1.1709714285767035e+01 -1.1413857142877136e+01 -1.1709714285758382e+01 -1.1413857142731281e+01 -1.1709714285559118e+01 -1.2301428571681479e+01 -1.2597285714287720e+01 -1.2301428571349463e+01 -1.2597285714226558e+01 -1.2301428571383369e+01 -1.2597285714252743e+01 -1.2301428571404763e+01 -1.2597285714267215e+01 -1.2301428571435526e+01 -1.2597285714313605e+01 -1.2301428571489753e+01 -1.2597285714375314e+01 -1.2301428571566776e+01 -1.2597285714481171e+01 -1.2301428571743191e+01 -1.2597285714765137e+01 -1.2301428572257921e+01 -1.2597285715912994e+01 -1.3188999999610987e+01 -1.3484857142829087e+01 -1.3188999999955806e+01 -1.3484857142841149e+01 -1.3188999999971575e+01 -1.3484857142842717e+01 -1.3188999999982716e+01 -1.3484857142857575e+01 -1.3189000000014909e+01 -1.3484857142880468e+01 -1.3189000000056209e+01 -1.3484857142914825e+01 -1.3189000000107894e+01 -1.3484857142942698e+01 -1.3189000000112653e+01 -1.3484857142898727e+01 -1.3188999999970463e+01 -1.3484857142748139e+01 -1.4076571429647990e+01 -1.4372428571782097e+01 -1.4076571428828126e+01 -1.4372428571569941e+01 -1.4076571428631597e+01 -1.4372428571482576e+01 -1.4076571428590212e+01 -1.4372428571443709e+01 -1.4076571428581467e+01 -1.4372428571431241e+01 -1.4076571428586901e+01 -1.4372428571424607e+01 -1.4076571428608972e+01 -1.4372428571451485e+01 -1.4076571428607073e+01 -1.4372428571507923e+01 -1.4076571428628585e+01 -1.4372428571549623e+01 -1.4964142857152643e+01 -1.5260000001054161e+01 -1.4964142857196453e+01 -1.5260000000068262e+01 -1.4964142857185204e+01 -1.5259999999987871e+01 -1.4964142857155620e+01 -1.5259999999996296e+01 -1.4964142857132911e+01 -1.5259999999975998e+01 -1.4964142857114942e+01 -1.5259999999964242e+01 -1.4964142857079070e+01 -1.5259999999884199e+01 -1.4964142857117105e+01 -1.5259999999767819e+01 -1.4964142857348698e+01 -1.5260000000580972e+01 -7.2874285709544608e+00 -7.0071428569744167e+00 -7.2874285714233986e+00 -7.0071428571100922e+00 -7.2874285714387490e+00 -7.0071428571511749e+00 -7.2874285714753828e+00 -7.0071428571875520e+00 -7.2874285714835620e+00 -7.0071428572033359e+00 -7.2874285714744049e+00 -7.0071428571949355e+00 -7.2874285714534119e+00 -7.0071428571607335e+00 -7.2874285714373617e+00 -7.0071428571295957e+00 -7.2874285712586371e+00 -7.0071428574509191e+00 -6.4465714280768234e+00 -6.1662857139952765e+00 -6.4465714284979274e+00 -6.1662857142711864e+00 -6.4465714285732796e+00 -6.1662857142997050e+00 -6.4465714286072462e+00 -6.1662857143615168e+00 -6.4465714286491886e+00 -6.1662857143840180e+00 -6.4465714286577951e+00 -6.1662857143923464e+00 -6.4465714286442060e+00 -6.1662857143943581e+00 -6.4465714286036704e+00 -6.1662857143666843e+00 -6.4465714284678661e+00 -6.1662857143854399e+00 -5.6057142874487820e+00 -5.3254285714974259e+00 -5.6057142860430664e+00 -5.3254285718365253e+00 -5.6057142858982356e+00 -5.3254285716552259e+00 -5.6057142858538196e+00 -5.3254285715866496e+00 -5.6057142858439075e+00 -5.3254285715704937e+00 -5.6057142858530877e+00 -5.3254285715865377e+00 -5.6057142858892615e+00 -5.3254285716470635e+00 -5.6057142859973954e+00 -5.3254285717918908e+00 -5.6057142861235949e+00 -5.3254285723748938e+00 -4.7648571442602341e+00 -4.4845714292264676e+00 -4.7648571434974167e+00 -4.4845714290275955e+00 -4.7648571431955729e+00 -4.4845714288315870e+00 -4.7648571430582676e+00 -4.4845714287416998e+00 -4.7648571430097810e+00 -4.4845714287119307e+00 -4.7648571430058198e+00 -4.4845714287135641e+00 -4.7648571430334670e+00 -4.4845714287361185e+00 -4.7648571430780517e+00 -4.4845714287643563e+00 -4.7648571427637725e+00 -4.4845714297510151e+00 -3.9240000000327395e+00 -3.6437142857290836e+00 -3.9240000001830273e+00 -3.6437142857532852e+00 -3.9240000001591406e+00 -3.6437142857950415e+00 -3.9240000001302136e+00 -3.6437142858075560e+00 -3.9240000001138715e+00 -3.6437142858064324e+00 -3.9240000001068833e+00 -3.6437142858013805e+00 -3.9240000000974806e+00 -3.6437142857882923e+00 -3.9240000000922239e+00 -3.6437142857424325e+00 -3.9239999999101935e+00 -3.6437142858092209e+00 -3.0831428568667216e+00 -2.8028571426010309e+00 -3.0831428570849759e+00 -2.8028571428204399e+00 -3.0831428571433115e+00 -2.8028571428581626e+00 -3.0831428571677413e+00 -2.8028571428759927e+00 -3.0831428571947512e+00 -2.8028571428960820e+00 -3.0831428571983142e+00 -2.8028571428964999e+00 -3.0831428571895096e+00 -2.8028571428884570e+00 -3.0831428571965680e+00 -2.8028571428870452e+00 -3.0831428573698445e+00 -2.8028571428649873e+00 -2.2422857142702655e+00 -1.9620000001224336e+00 -2.2422857142511554e+00 -1.9619999999938496e+00 -2.2422857142801220e+00 -1.9619999999990347e+00 -2.2422857142898049e+00 -1.9620000000034783e+00 -2.2422857142978878e+00 -1.9620000000068860e+00 -2.2422857143019526e+00 -1.9620000000050553e+00 -2.2422857142929793e+00 -1.9620000000023896e+00 -2.2422857142860710e+00 -1.9619999999907476e+00 -2.2422857142430641e+00 -1.9619999999798536e+00 -1.4014285716668216e+00 -1.1211428574204565e+00 -1.4014285715444998e+00 -1.1211428572139768e+00 -1.4014285714507493e+00 -1.1211428571562119e+00 -1.4014285714290162e+00 -1.1211428571424078e+00 -1.4014285714295596e+00 -1.1211428571419315e+00 -1.4014285714293571e+00 -1.1211428571413253e+00 -1.4014285714280517e+00 -1.1211428571402968e+00 -1.4014285714246306e+00 -1.1211428571382505e+00 -1.4014285714172463e+00 -1.1211428571353959e+00 -5.6057142853021491e-01 -2.8028571427837312e-01 -5.6057142857741449e-01 -2.8028571427940135e-01 -5.6057142857608089e-01 -2.8028571428325399e-01 -5.6057142856889630e-01 -2.8028571428136623e-01 -5.6057142856707598e-01 -2.8028571427873283e-01 -5.6057142856596820e-01 -2.8028571427798449e-01 -5.6057142856642106e-01 -2.8028571428002702e-01 -5.6057142856818654e-01 -2.8028571428466814e-01 -5.6057142856799391e-01 -2.8028571430224380e-01
</DataArray>
        <DataArray type="Float64" format="ascii" Name="sigma3">
-1.8348333334462495e+01 -1.9038666666401330e+01 -1.8348333332871633e+01 -1.9038666666434022e+01 -1.8348333333227945e+01 -1.9038666666592526e+01 -1.8348333333310208e+01 -1.9038666666655047e+01 -1.8348333333338722e+01 -1.9038666666682431e+01 -1.8348333333356376e+01 -1.9038666666698710e+01 -1.8348333333367677e+01 -1.9038666666684751e+01 -1.8348333333356965e+01 -1.9038666666476370e+01 -1.8348333333272471e+01 -1.9038666666875503e+01 -2.0419333333385598e+01 -2.1109666666593981e+01 -2.0419333333348835e+01 -2.1109666666620512e+01 -2.0419333333271101e+01 -2.1109666666649318e+01 -2.0419333333317230e+01 -2.1109666666670250e+01 -2.0419333333346692e+01 -2.1109666666688753e+01 -2.0419333333366620e+01 -2.1109666666704044e+01 -2.0419333333376944e+01 -2.1109666666719111e+01 -2.0419333333343939e+01 -2.1109666666838660e+01 -2.0419333333479845e+01 -2.1109666666376949e+01 -2.2490333332491275e+01 -2.3180666666999397e+01 -2.2490333333361420e+01 -2.3180666666725692e+01 -2.2490333333354819e+01 -2.3180666666674561e+01 -2.2490333333344140e+01 -2.3180666666675926e+01 -2.2490333333350954e+01 -2.3180666666685227e+01 -2.2490333333360979e+01 -2.3180666666694346e+01 -2.2490333333362539e+01 -2.3180666666687550e+01 -2.2490333333343152e+01 -2.3180666666647678e+01 -2.2490333333181741e+01 -2.3180666667089174e+01 -2.4561333333711740e+01 -2.5251666666227180e+01 -2.4561333333047219e+01 -2.5251666666538586e+01 -2.4561333333277233e+01 -2.5251666666626932e+01 -2.4561333333323287e+01 -2.5251666666656657e+01 -2.4561333333339320e+01 -2.5251666666671557e+01 -2.4561333333354867e+01 -2.5251666666695044e+01 -2.4561333333380350e+01 -2.5251666666747475e+01 -2.4561333333410477e+01 -2.5251666666793206e+01 -2.4561333333425441e+01 -2.5251666666723786e+01 -2.6632333333008194e+01 -2.7322666666436991e+01 -2.6632333333347102e+01 -2.7322666666590759e+01 -2.6632333333300252e+01 -2.7322666666632664e+01 -2.6632333333310665e+01 -2.7322666666642096e+01 -2.6632333333319316e+01 -2.7322666666646242e+01 -2.6632333333333673e+01 -2.7322666666661345e+01 -2.6632333333380295e+01 -2.7322666666717581e+01 -2.6632333333501286e+01 -2.7322666666870830e+01 -2.6632333333551053e+01 -2.7322666666648356e+01 -2.8703333333189747e+01 -2.9393666666468480e+01 -2.8703333333178062e+01 -2.9393666666606503e+01 -2.8703333333279772e+01 -2.9393666666624267e+01 -2.8703333333297145e+01 -2.9393666666625037e+01 -2.8703333333295021e+01 -2.9393666666617587e+01 -2.8703333333291404e+01 -2.9393666666608894e+01 -2.8703333333297419e+01 -2.9393666666605661e+01 -2.8703333333320643e+01 -2.9393666666584618e+01 -2.8703333333477431e+01 -2.9393666667531299e+01 -3.0774333333022746e+01 -3.1464666666625739e+01 -3.0774333333358921e+01 -3.1464666666583394e+01 -3.0774333333293534e+01 -3.1464666666608373e+01 -3.0774333333284318e+01 -3.1464666666609457e+01 -3.0774333333275951e+01 -3.1464666666601143e+01 -3.0774333333263993e+01 -3.1464666666589292e+01 -3.0774333333266963e+01 -3.1464666666621351e+01 -3.0774333333388807e+01 -3.1464666666879779e+01 -3.0774333333873372e+01 -3.1464666666775056e+01 -3.2845333333520784e+01 -3.3535666666643806e+01 -3.2845333333097180e+01 -3.3535666666579445e+01 -3.2845333333247780e+01 -3.3535666666595255e+01 -3.2845333333267661e+01 -3.3535666666600619e+01 -3.2845333333265906e+01 -3.3535666666596320e+01 -3.2845333333252682e+01 -3.3535666666570705e+01 -3.2845333333216615e+01 -3.3535666666488012e+01 -3.2845333333283833e+01 -3.3535666666629673e+01 -3.2845333333743682e+01 -3.3535666667347144e+01 -3.4916333333561056e+01 -3.5606666666083399e+01 -3.4916333333471634e+01 -3.5606666666774778e+01 -3.4916333333288357e+01 -3.5606666666640265e+01 -3.4916333333271204e+01 -3.5606666666615332e+01 -3.4916333333266138e+01 -3.5606666666596084e+01 -3.4916333333257967e+01 -3.5606666666585674e+01 -3.4916333333157638e+01 -3.5606666666410824e+01 -3.4916333332865086e+01 -3.5606666665690668e+01 -3.4916333334004868e+01 -3.5606666668440852e+01 -1.7003999999656617e+01 -1.6349999999824284e+01 -1.7004000000176951e+01 -1.6350000000133861e+01 -1.7004000000042765e+01 -1.6350000000059474e+01 -1.7004000000014823e+01 -1.6350000000018952e+01 -1.7004000000008819e+01 -1.6350000000008873e+01 -1.7004000000016333e+01 -1.6350000000018046e+01 -1.7004000000033940e+01 -1.6350000000043096e+01 -1.7004000000073649e+01 -1.6350000000043160e+01 -1.7003999999993550e+01 -1.6349999999833866e+01 -1.5041999999267373e+01 -1.4388000000163345e+01 -1.5042000000224846e+01 -1.4388000000106427e+01 -1.5042000000101485e+01 -1.4388000000041123e+01 -1.5042000000029493e+01 -1.4388000000002538e+01 -1.5042000000001684e+01 -1.4387999999988697e+01 -1.5041999999999144e+01 -1.4387999999989985e+01 -1.5042000000015976e+01 -1.4388000000005295e+01 -1.5042000000047214e+01 -1.4388000000044672e+01 -1.5042000000061192e+01 -1.4387999999910761e+01 -1.3080000000173673e+01 -1.2426000000258469e+01 -1.3079999999866263e+01 -1.2425999999908008e+01 -1.3079999999947535e+01 -1.2425999999925311e+01 -1.3079999999965429e+01 -1.2425999999950708e+01 -1.3079999999968427e+01 -1.2425999999959497e+01 -1.3079999999967757e+01 -1.2425999999958670e+01 -1.3079999999964361e+01 -1.2425999999949097e+01 -1.3079999999961061e+01 -1.2425999999926617e+01 -1.3079999999989770e+01 -1.2426000000360167e+01 -1.1118000000570932e+01 -1.0464000000064788e+01 -1.1117999999843146e+01 -1.0463999999898631e+01 -1.1117999999879293e+01 -1.0463999999911518e+01 -1.1117999999925770e+01 -1.0463999999941391e+01 -1.1117999999949681e+01 -1.0463999999957217e+01 -1.1117999999957810e+01 -1.0463999999964527e+01 -1.1117999999960690e+01 -1.0463999999970744e+01 -1.1118000000002253e+01 -1.0463999999964733e+01 -1.1118000000274323e+01 -1.0463999999963544e+01 -9.1560000000989898e+00 -8.5019999999420079e+00 -9.1560000000204838e+00 -8.5020000000301668e+00 -9.1559999999710229e+00 -8.5019999999997982e+00 -9.1559999999646511e+00 -8.5019999999829778e+00 -9.1559999999692874e+00 -8.5019999999812619e+00 -9.1559999999769541e+00 -8.5019999999885822e+00 -9.1559999999919324e+00 -8.5020000000077598e+00 -9.1560000000269994e+00 -8.5020000000793310e+00 -9.1560000001739894e+00 -8.5019999997944726e+00 -7.1939999995717150e+00 -6.5400000000359508e+00 -7.1940000001047668e+00 -6.5400000001040670e+00 -7.1940000000642197e+00 -6.5400000000495586e+00 -7.1940000000184785e+00 -6.5400000000162528e+00 -7.1940000000001785e+00 -6.5400000000040457e+00 -7.1939999999987547e+00 -6.5400000000050040e+00 -7.1940000000068478e+00 -6.5400000000113625e+00 -7.1940000000113233e+00 -6.5400000000212692e+00 -7.1939999999400346e+00 -6.5400000000367102e+00 -5.2319999999778091e+00 -4.5779999999288989e+00 -5.2319999999864821e+00 -4.5779999999827234e+00 -5.2320000000316922e+00 -4.5780000000135086e+00 -5.2320000000221150e+00 -4.5780000000138603e+00 -5.2320000000118210e+00 -4.5780000000104009e+00 -5.2320000000097933e+00 -4.5780000000118335e+00 -5.2320000000148328e+00 -4.5780000000176724e+00 -5.2320000000265381e+00 -4.5780000000120999e+00 -5.2320000000098172e+00 -4.5779999999183127e+00 -3.2700000001372587e+00 -2.6159999999679155e+00 -3.2699999999391007e+00 -2.6159999999595369e+00 -3.2699999999803380e+00 -2.6159999999889187e+00 -3.2700000000026579e+00 -2.6160000000026882e+00 -3.2700000000072245e+00 -2.6160000000056369e+00 -3.2700000000087148e+00 -2.6160000000071704e+00 -3.2700000000117093e+00 -2.6160000000085000e+00 -3.2700000000075184e+00 -2.6160000000021788e+00 -3.2699999999800928e+00 -2.6159999999829653e+00 -1.3079999999817016e+00 -6.5400000001879077e-01 -1.3080000000090815e+00 -6.5399999999769898e-01 -1.3079999999918683e+00 -6.5399999999807312e-01 -1.3079999999989496e+00 -6.5400000000009972e-01 -1.3080000000016678e+00 -6.5400000000066871e-01 -1.3080000000023562e+00 -6.5400000000095670e-01 -1.3080000000030154e+00 -6.5400000000126102e-01 -1.3080000000021612e+00 -6.5400000000071934e-01 -1.3079999999977223e+00 -6.5399999999350433e-01
</DataArray>
        <DataArray type="Float64" format="ascii" Name="EffectiveStress" NumberOfComponents="9">
-2.5952380973970199e+00 -1.8848817342448149e-09 0.0000000000000000e+00 -1.8848817342448149e-09 -1.3080000001127649e+01 0.0000000000000000e+00 0.0000000000000000e+00 0.0000000000000000e+00 -2.5952380962234622e+00 -2.5277619064283052e+00 4.9179308504852800e-10 0.0000000000000000e+00 4.9179308504852800e-10 -1.3406999999731696e+01 0.0000000000000000e+00 0.0000000000000000e+00 0.0000000000000000e+00 -2.5277619051801481e+00 -2.5952380959474604e+00 -3.9478968057993086e-10 0.0000000000000000e+00 -3.9478968057993086e-10 -1.3079999999536851e+01 0.0000000000000000e+00 0.0000000000000000e+00 0.0000000000000000e+00 -2.5952380953113803e+00 -2.5277619053337950e+00 4.3844841278309160e-11 0.0000000000000000e+00 4.3844841278309160e-11 -1.3406999999764516e+01 0.0000000000000000e+00 0.0000000000000000e+00 0.0000000000000000e+00 -2.5277619048616904e+00 -2.5952380955480288e+00 -8.5576161305644416e-11 0.0000000000000000e+00 -8.5576161305644416e-11 -1.3079999999893221e+01 0.0000000000000000e+00 0.0000000000000000e+00 0.0000000000000000e+00 -2.5952380952984861e+00 -2.5277619050063005e+00 2.5215484489048066e-11 0.0000000000000000e+00 2.5215484489048066e-11 -1.3406999999923144e+01 0.0000000000000000e+00 0.0000000000000000e+00 0.0000000000000000e+00 -2.5277619048110798e+00 -2.5952380954015073e+00 -3.2603507158319594e-12 0.0000000000000000e+00 -3.2603507158319594e-12 -1.3079999999975549e+01 0.0000000000000000e+00 0.0000000000000000e+00 0.0000000000000000e+00 -2.5952380952792513e+00 -2.5277619048873667e+00 3.2856683747251082e-11 0.0000000000000000e+00 3.2856683747251082e-11 -1.3406999999985786e+01 0.0000000000000000e+00 0.0000000000000000e+00 0.0000000000000000e+00 -2.5277619047942408e+00 -2.5952380953358567e+00 1.4726823837981179e-11 0.0000000000000000e+00 1.4726823837981179e-11 -1.3080000000004123e+01 0.0000000000000000e+00 0.0000000000000000e+00 0.0000000000000000e+00 -2.5952380952681535e+00 -2.5277619048303519e+00 3.1176149715632130e-11 0.0000000000000000e+00 3.1176149715632130e-11 -1.3407000000013296e+01 0.0000000000000000e+00 0.0000000000000000e+00 0.0000000000000000e+00 -2.5277619047854385e+00 -2.5952380952892655e+00 1.1699937017925412e-11 0.0000000000000000e+00 1.1699937017925412e-11 -1.3080000000021840e+01 0.0000000000000000e+00 0.0000000000000000e+00 0.0000000000000000e+00 -2.5952380952595164e+00 -2.5277619047836302e+00 2.3373254492845867e-11 0.0000000000000000e+00 2.3373254492845867e-11 -1.3407000000029694e+01 0.0000000000000000e+00 0.0000000000000000e+00 0.0000000000000000e+00 -2.5277619047763893e+00 -2.5952380952449463e+00 9.9506667427288358e-12 0.0000000000000000e+00 9.9506667427288358e-12 -1.3080000000033200e+01 0.0000000000000000e+00 0.0000000000000000e+00 0.0000000000000000e+00 -2.5952380952496528e+00 -2.5277619047373054e+00 1.2802557590206784e-11 0.0000000000000000e+00 1.2802557590206784e-11 -1.3407000000015861e+01 0.0000000000000000e+00 0.0000000000000000e+00 0.0000000000000000e+00 -2.5277619047583921e+00 -2.5952380951638476e+00 9.3551789571690262e-11 0.0000000000000000e+00 9.3551789571690262e-11 -1.3080000000022551e+01 0.0000000000000000e+00 0.0000000000000000e+00 0.0000000000000000e+00 -2.5952380952221543e+00 -2.5277619047810509e+00 5.1662727912083190e-11 0.0000000000000000e+00 5.1662727912083190e-11 -1.3406999999807606e+01 0.0000000000000000e+00 0.0000000000000000e+00 0.0000000000000000e+00 -2.5277619047090893e+00 -2.5952380944001865e+00 7.8158202460417322e-10 0.0000000000000000e+00 7.8158202460417322e-10 -1.3079999999938117e+01 0.0000000000000000e+00 0.0000000000000000e+00 0.0000000000000000e+00 -2.5952380949677507e+00 -2.5277619062278105e+00 -1.1702438254460986e-10 0.0000000000000000e+00 -1.1702438254460986e-10 -1.3407000000206855e+01 0.0000000000000000e+00 0.0000000000000000e+00 0.0000000000000000e+00 -2.5277619052629414e+00 -2.3928095233641637e+00 5.8683746366262430e-10 0.0000000000000000e+00 5.8683746366262430e-10 -1.4061000000049802e+01 0.0000000000000000e+00 0.0000000000000000e+00 0.0000000000000000e+00 -2.3928095236898699e+00 -2.3253333333758355e+00 1.1768098804915733e-10 0.0000000000000000e+00 1.1768098804915733e-10 -1.4387999999926603e+01 0.0000000000000000e+00 0.0000000000000000e+00 0.0000000000000000e+00 -2.3253333333237798e+00 -2.3928095240753517e+00 3.6258612824848586e-10 0.0000000000000000e+00 3.6258612824848586e-10 -1.4061000000012895e+01 0.0000000000000000e+00 0.0000000000000000e+00 0.0000000000000000e+00 -2.3928095238920983e+00 -2.3253333334253572e+00 2.3446244833529136e-10 0.0000000000000000e+00 2.3446244833529136e-10 -1.4387999999952656e+01 0.0000000000000000e+00 0.0000000000000000e+00 0.0000000000000000e+00 -2.3253333333462631e+00 -2.3928095239756568e+00 1.5104098480140202e-10 0.0000000000000000e+00 1.5104098480140202e-10 -1.4060999999935015e+01 0.0000000000000000e+00 0.0000000000000000e+00 0.0000000000000000e+00 -2.3928095238387672e+00 -2.3253333333940334e+00 1.3248987781627589e-10 0.0000000000000000e+00 1.3248987781627589e-10 -1.4387999999980986e+01 0.0000000000000000e+00 0.0000000000000000e+00 0.0000000000000000e+00 -2.3253333333451720e+00 -2.3928095239034204e+00 8.0672425955329554e-11 0.0000000000000000e+00 8.0672425955329554e-11 -1.4060999999980998e+01 0.0000000000000000e+00 0.0000000000000000e+00 0.0000000000000000e+00 -2.3928095238308327e+00 -2.3253333333844255e+00 8.3745070235373422e-11 0.0000000000000000e+00 8.3745070235373422e-11 -1.4388000000001442e+01 0.0000000000000000e+00 0.0000000000000000e+00 0.0000000000000000e+00 -2.3253333333482362e+00 -2.3928095238624940e+00 6.1756707750241708e-11 0.0000000000000000e+00 6.1756707750241708e-11 -1.4061000000010321e+01 0.0000000000000000e+00 0.0000000000000000e+00 0.0000000000000000e+00 -2.3928095238272920e+00 -2.3253333333622876e+00 7.0602315579149516e-11 0.0000000000000000e+00 7.0602315579149516e-11 -1.4388000000019469e+01 0.0000000000000000e+00 0.0000000000000000e+00 0.0000000000000000e+00 -2.3253333333468138e+00 -2.3928095238243339e+00 5.7140058712010030e-11 0.0000000000000000e+00 5.7140058712010030e-11 -1.4061000000030099e+01 0.0000000000000000e+00 0.0000000000000000e+00 0.0000000000000000e+00 -2.3928095238217217e+00 -2.3253333333325541e+00 7.2577462937721131e-11 0.0000000000000000e+00 7.2577462937721131e-11 -1.4388000000034284e+01 0.0000000000000000e+00 0.0000000000000000e+00 0.0000000000000000e+00 -2.3253333333421464e+00 -2.3928095237726636e+00 5.8779101309410030e-11 0.0000000000000000e+00 5.8779101309410030e-11 -1.4061000000040277e+01 0.0000000000000000e+00 0.0000000000000000e+00 0.0000000000000000e+00 -2.3928095238092157e+00 -2.3253333332932669e+00 9.0304176886452001e-11 0.0000000000000000e+00 9.0304176886452001e-11 -1.4388000000048876e+01 0.0000000000000000e+00 0.0000000000000000e+00 0.0000000000000000e+00 -2.3253333333345476e+00 -2.3928095237391607e+00 5.8174146545440305e-12 0.0000000000000000e+00 5.8174146545440305e-12 -1.4061000000007127e+01 0.0000000000000000e+00 0.0000000000000000e+00 0.0000000000000000e+00 -2.3928095237891602e+00 -2.3253333331746386e+00 1.1425322934396798e-10 0.0000000000000000e+00 1.1425322934396798e-10 -1.4388000000167947e+01 0.0000000000000000e+00 0.0000000000000000e+00 0.0000000000000000e+00 -2.3253333333344925e+00 -2.3928095233978026e+00 -3.8639641271905787e-10 0.0000000000000000e+00 -3.8639641271905787e-10 -1.4061000000142887e+01 0.0000000000000000e+00 0.0000000000000000e+00 0.0000000000000000e+00 -2.3928095237274234e+00 -2.3253333322105063e+00 8.3887491970051007e-10 0.0000000000000000e+00 8.3887491970051007e-10 -1.4387999999705755e+01 0.0000000000000000e+00 0.0000000000000000e+00 0.0000000000000000e+00 -2.3253333329064021e+00 -2.1903809526532982e+00 7.6475975385845374e-10 0.0000000000000000e+00 7.6475975385845374e-10 -1.5041999999161707e+01 0.0000000000000000e+00 0.0000000000000000e+00 0.0000000000000000e+00 -2.1903809522126747e+00 -2.1229047597096944e+00 8.4338855544502130e-10 0.0000000000000000e+00 8.4338855544502130e-10 -1.5369000000338367e+01 0.0000000000000000e+00 0.0000000000000000e+00 0.0000000000000000e+00 -2.1229047613500036e+00 -2.1903809520321338e+00 2.0819220330382147e-10 0.0000000000000000e+00 2.0819220330382147e-10 -1.5042000000030660e+01 0.0000000000000000e+00 0.0000000000000000e+00 0.0000000000000000e+00 -2.1903809522865330e+00 -2.1229047616535861e+00 3.9540913876336987e-11 0.0000000000000000e+00 3.9540913876336987e-11 -1.5369000000063073e+01 0.0000000000000000e+00 0.0000000000000000e+00 0.0000000000000000e+00 -2.1229047618499495e+00 -2.1903809523056053e+00 1.0346759518205688e-10 0.0000000000000000e+00 1.0346759518205688e-10 -1.5042000000022863e+01 0.0000000000000000e+00 0.0000000000000000e+00 0.0000000000000000e+00 -2.1903809523657585e+00 -2.1229047618478689e+00 6.3760330810741979e-11 0.0000000000000000e+00 6.3760330810741979e-11 -1.5369000000010370e+01 0.0000000000000000e+00 0.0000000000000000e+00 0.0000000000000000e+00 -2.1229047618917920e+00 -2.1903809523779838e+00 8.6221321755500120e-11 0.0000000000000000e+00 8.6221321755500120e-11 -1.5042000000010999e+01 0.0000000000000000e+00 0.0000000000000000e+00 0.0000000000000000e+00 -2.1903809523834346e+00 -2.1229047618963990e+00 7.3668014858995161e-11 0.0000000000000000e+00 7.3668014858995161e-11 -1.5369000000010145e+01 0.0000000000000000e+00 0.0000000000000000e+00 0.0000000000000000e+00 -2.1229047619056520e+00 -2.1903809523918922e+00 7.9737329753156624e-11 0.0000000000000000e+00 7.9737329753156624e-11 -1.5042000000016611e+01 0.0000000000000000e+00 0.0000000000000000e+00 0.0000000000000000e+00 -2.1903809523888125e+00 -2.1229047619099797e+00 7.8252812786872110e-11 0.0000000000000000e+00 7.8252812786872110e-11 -1.5369000000017863e+01 0.0000000000000000e+00 0.0000000000000000e+00 0.0000000000000000e+00 -2.1229047619114092e+00 -2.1903809523892650e+00 8.1500739414049905e-11 0.0000000000000000e+00 8.1500739414049905e-11 -1.5042000000025443e+01 0.0000000000000000e+00 0.0000000000000000e+00 0.0000000000000000e+00 -2.1903809523901963e+00 -2.1229047619132819e+00 8.1007553076269467e-11 0.0000000000000000e+00 8.1007553076269467e-11 -1.5369000000025409e+01 0.0000000000000000e+00 0.0000000000000000e+00 0.0000000000000000e+00 -2.1229047619140302e+00 -2.1903809523922639e+00 8.6372476677824108e-11 0.0000000000000000e+00 8.6372476677824108e-11 -1.5042000000025810e+01 0.0000000000000000e+00 0.0000000000000000e+00 0.0000000000000000e+00 -2.1903809523907305e+00 -2.1229047619320141e+00 6.8926160602872696e-11 0.0000000000000000e+00 6.8926160602872696e-11 -1.5369000000017030e+01 0.0000000000000000e+00 0.0000000000000000e+00 0.0000000000000000e+00 -2.1229047619165069e+00 -2.1903809524403175e+00 9.7424045886733817e-11 0.0000000000000000e+00 9.7424045886733817e-11 -1.5042000000005226e+01 0.0000000000000000e+00 0.0000000000000000e+00 0.0000000000000000e+00 -2.1903809523984923e+00 -2.1229047620582020e+00 1.6417138512734574e-11 0.0000000000000000e+00 1.6417138512734574e-11 -1.5368999999975578e+01 0.0000000000000000e+00 0.0000000000000000e+00 0.0000000000000000e+00 -2.1229047619412946e+00 -2.1903809532469540e+00 -1.3133630037849923e-10 0.0000000000000000e+00 -1.3133630037849923e-10 -1.5041999999842627e+01 0.0000000000000000e+00 0.0000000000000000e+00 0.0000000000000000e+00 -2.1903809525912274e+00 -2.1229047621371535e+00 -1.8839245616877708e-10 0.0000000000000000e+00 -1.8839245616877708e-10 -1.5369000000415497e+01 0.0000000000000000e+00 0.0000000000000000e+00 0.0000000000000000e+00 -2.1229047620963239e+00 -1.9879523820743843e+00 -2.0774492229633873e-09 0.0000000000000000e+00 -2.0774492229633873e-09 -1.6023000000389349e+01 0.0000000000000000e+00 0.0000000000000000e+00 0.0000000000000000e+00 -1.9879523814101605e+00 -1.9204761912520680e+00 3.4496911477095507e-10 0.0000000000000000e+00 3.4496911477095507e-10 -1.6349999999572930e+01 0.0000000000000000e+00 0.0000000000000000e+00 0.0000000000000000e+00 -1.9204761905858001e+00 -1.9879523810479660e+00 -2.1159937728778236e-10 0.0000000000000000e+00 -2.1159937728778236e-10 -1.6022999999722472e+01 0.0000000000000000e+00 0.0000000000000000e+00 0.0000000000000000e+00 -1.9879523809012314e+00 -1.9204761905045948e+00 6.7450468502525828e-11 0.0000000000000000e+00 6.7450468502525828e-11 -1.6349999999881597e+01 0.0000000000000000e+00 0.0000000000000000e+00 0.0000000000000000e+00 -1.9204761904530627e+00 -1.9879523809196231e+00 8.9014701738437640e-12 0.0000000000000000e+00 8.9014701738437640e-12 -1.6022999999950137e+01 0.0000000000000000e+00 0.0000000000000000e+00 0.0000000000000000e+00 -1.9879523809300863e+00 -1.9204761904453791e+00 4.0874771736927121e-11 0.0000000000000000e+00 4.0874771736927121e-11 -1.6349999999967206e+01 0.0000000000000000e+00 0.0000000000000000e+00 0.0000000000000000e+00 -1.9204761904598846e+00 -1.9879523809274382e+00 5.2082869458450060e-11 0.0000000000000000e+00 5.2082869458450060e-11 -1.6022999999993836e+01 0.0000000000000000e+00 0.0000000000000000e+00 0.0000000000000000e+00 -1.9879523809446034e+00 -1.9204761904554202e+00 5.1785308308060305e-11 0.0000000000000000e+00 5.1785308308060305e-11 -1.6349999999994193e+01 0.0000000000000000e+00 0.0000000000000000e+00 0.0000000000000000e+00 -1.9204761904698955e+00 -1.9879523809474051e+00 6.7375053141414951e-11 0.0000000000000000e+00 6.7375053141414951e-11 -1.6023000000007517e+01 0.0000000000000000e+00 0.0000000000000000e+00 0.0000000000000000e+00 -1.9879523809537532e+00 -1.9204761904770848e+00 6.6607535105070532e-11 0.0000000000000000e+00 6.6607535105070532e-11 -1.6350000000006347e+01 0.0000000000000000e+00 0.0000000000000000e+00 0.0000000000000000e+00 -1.9204761904789465e+00 -1.9879523809588169e+00 7.7693179471665441e-11 0.0000000000000000e+00 7.7693179471665441e-11 -1.6023000000020708e+01 0.0000000000000000e+00 0.0000000000000000e+00 0.0000000000000000e+00 -1.9879523809601929e+00 -1.9204761904858731e+00 8.2214489914596368e-11 0.0000000000000000e+00 8.2214489914596368e-11 -1.6350000000027091e+01 0.0000000000000000e+00 0.0000000000000000e+00 0.0000000000000000e+00 -1.9204761904867094e+00 -1.9879523809554651e+00 6.9055048673212770e-11 0.0000000000000000e+00 6.9055048673212770e-11 -1.6023000000043840e+01 0.0000000000000000e+00 0.0000000000000000e+00 0.0000000000000000e+00 -1.9879523809651867e+00 -1.9204761904561412e+00 7.4674568717645484e-11 0.0000000000000000e+00 7.4674568717645484e-11 -1.6350000000076786e+01 0.0000000000000000e+00 0.0000000000000000e+00 0.0000000000000000e+00 -1.9204761904916030e+00 -1.9879523809238431e+00 -3.6192800250213842e-12 0.0000000000000000e+00 -3.6192800250213842e-12 -1.6023000000071615e+01 0.0000000000000000e+00 0.0000000000000000e+00 0.0000000000000000e+00 -1.9879523809630903e+00 -1.9204761903412304e+00 -3.6512447661309214e-11 0.0000000000000000e+00 -3.6512447661309214e-11 -1.6350000000119778e+01 0.0000000000000000e+00 0.0000000000000000e+00 0.0000000000000000e+00 -1.9204761904689309e+00 -1.9879523809474287e+00 -1.8166008318056869e-10 0.0000000000000000e+00 -1.8166008318056869e-10 -1.6023000000084220e+01 0.0000000000000000e+00 0.0000000000000000e+00 0.0000000000000000e+00 -1.9879523809730104e+00 -1.9204761901156771e+00 -2.9381838833280630e-10 0.0000000000000000e+00 -2.9381838833280630e-10 -1.6350000000047622e+01 0.0000000000000000e+00 0.0000000000000000e+00 0.0000000000000000e+00 -1.9204761903785212e+00 -1.7855238079873497e+00 3.4874214555344816e-10 0.0000000000000000e+00 3.4874214555344816e-10 -1.7003999999690954e+01 0.0000000000000000e+00 0.0000000000000000e+00 0.0000000000000000e+00 -1.7855238089765972e+00 -1.7180476190246388e+00 -5.5309798521382288e-10 0.0000000000000000e+00 -5.5309798521382288e-10 -1.7330999999785831e+01 0.0000000000000000e+00 0.0000000000000000e+00 0.0000000000000000e+00 -1.7180476189826772e+00 -1.7855238093177779e+00 1.0249784223076651e-10 0.0000000000000000e+00 1.0249784223076651e-10 -1.7004000000026686e+01 0.0000000000000000e+00 0.0000000000000000e+00 0.0000000000000000e+00 -1.7855238094751757e+00 -1.7180476188954490e+00 -2.6441620160549220e-11 0.0000000000000000e+00 -2.6441620160549220e-11 -1.7330999999936374e+01 0.0000000000000000e+00 0.0000000000000000e+00 0.0000000000000000e+00 -1.7180476189877920e+00 -1.7855238094364740e+00 4.2271675537571365e-11 0.0000000000000000e+00 4.2271675537571365e-11 -1.7003999999976667e+01 0.0000000000000000e+00 0.0000000000000000e+00 0.0000000000000000e+00 -1.7855238094945076e+00 -1.7180476189673548e+00 6.3083099892402347e-12 0.0000000000000000e+00 6.3083099892402347e-12 -1.7330999999975052e+01 0.0000000000000000e+00 0.0000000000000000e+00 0.0000000000000000e+00 -1.7180476190196765e+00 -1.7855238094829406e+00 2.9054712799409712e-11 0.0000000000000000e+00 2.9054712799409712e-11 -1.7003999999983897e+01 0.0000000000000000e+00 0.0000000000000000e+00 0.0000000000000000e+00 -1.7855238095093484e+00 -1.7180476190196174e+00 1.6206022736701625e-11 0.0000000000000000e+00 1.6206022736701625e-11 -1.7330999999981259e+01 0.0000000000000000e+00 0.0000000000000000e+00 0.0000000000000000e+00 -1.7180476190359291e+00 -1.7855238095210044e+00 4.2107350319065533e-11 0.0000000000000000e+00 4.2107350319065533e-11 -1.7003999999989368e+01 0.0000000000000000e+00 0.0000000000000000e+00 0.0000000000000000e+00 -1.7855238095211341e+00 -1.7180476190615792e+00 3.7668772306548178e-11 0.0000000000000000e+00 3.7668772306548178e-11 -1.7330999999982176e+01 0.0000000000000000e+00 0.0000000000000000e+00 0.0000000000000000e+00 -1.7180476190474998e+00 -1.7855238095489649e+00 6.8735307286799453e-11 0.0000000000000000e+00 6.8735307286799453e-11 -1.7004000000000559e+01 0.0000000000000000e+00 0.0000000000000000e+00 0.0000000000000000e+00 -1.7855238095316099e+00 -1.7180476190941063e+00 7.6403421023177219e-11 0.0000000000000000e+00 7.6403421023177219e-11 -1.7330999999994056e+01 0.0000000000000000e+00 0.0000000000000000e+00 0.0000000000000000e+00 -1.7180476190595304e+00 -1.7855238095441532e+00 1.0831062004698751e-10 0.0000000000000000e+00 1.0831062004698751e-10 -1.7004000000044002e+01 0.0000000000000000e+00 0.0000000000000000e+00 0.0000000000000000e+00 -1.7855238095419275e+00 -1.7180476190965173e+00 1.5312441033550385e-10 0.0000000000000000e+00 1.5312441033550385e-10 -1.7331000000047062e+01 0.0000000000000000e+00 0.0000000000000000e+00 0.0000000000000000e+00 -1.7180476190748670e+00 -1.7855238094163659e+00 1.5947701507300804e-10 0.0000000000000000e+00 1.5947701507300804e-10 -1.7004000000161813e+01 0.0000000000000000e+00 0.0000000000000000e+00 0.0000000000000000e+00 -1.7855238095376642e+00 -1.7180476189833669e+00 3.2851602445635011e-10 0.0000000000000000e+00 3.2851602445635011e-10 -1.7331000000197086e+01 0.0000000000000000e+00 0.0000000000000000e+00 0.0000000000000000e+00 -1.7180476190846374e+00 -1.7855238088772403e+00 2.1692211276881802e-10 0.0000000000000000e+00 2.1692211276881802e-10 -1.7004000000208404e+01 0.0000000000000000e+00 0.0000000000000000e+00 0.0000000000000000e+00 -1.7855238093886348e+00 -1.7180476185383997e+00 3.9382711623934599e-10 0.0000000000000000e+00 3.9382711623934599e-10 -1.7330999999971382e+01 0.0000000000000000e+00 0.0000000000000000e+00 0.0000000000000000e+00 -1.7180476188821456e+00 -1.5830952383636880e+00 3.7253418932176257e-10 0.0000000000000000e+00 3.7253418932176257e-10 -1.7984999999871960e+01 0.0000000000000000e+00 0.0000000000000000e+00 0.0000000000000000e+00 -1.5830952381435779e+00 -1.5156190476342755e+00 5.3217866136860962e-11 0.0000000000000000e+00 5.3217866136860962e-11 -1.8311999999815036e+01 0.0000000000000000e+00 0.0000000000000000e+00 0.0000000000000000e+00 -1.5156190475734170e+00 -1.5830952379993648e+00 -1.1460972579530667e-11 0.0000000000000000e+00 -1.1460972579530667e-11 -1.7984999999857283e+01 0.0000000000000000e+00 0.0000000000000000e+00 0.0000000000000000e+00 -1.5830952380286807e+00 -1.5156190474925439e+00 -2.9791193698040172e-11 0.0000000000000000e+00 -2.9791193698040172e-11 -1.8311999999950356e+01 0.0000000000000000e+00 0.0000000000000000e+00 0.0000000000000000e+00 -1.5156190475704074e+00 -1.5830952380076835e+00 -3.5763880076860329e-11 0.0000000000000000e+00 -3.5763880076860329e-11 -1.7984999999955996e+01 0.0000000000000000e+00 0.0000000000000000e+00 0.0000000000000000e+00 -1.5830952380595953e+00 -1.5156190475593552e+00 -4.7634520892369165e-11 0.0000000000000000e+00 -4.7634520892369165e-11 -1.8311999999965415e+01 0.0000000000000000e+00 0.0000000000000000e+00 0.0000000000000000e+00 -1.5156190475938904e+00 -1.5830952380586301e+00 -2.1423172002040200e-11 0.0000000000000000e+00 -2.1423172002040200e-11 -1.7984999999970384e+01 0.0000000000000000e+00 0.0000000000000000e+00 0.0000000000000000e+00 -1.5830952380779975e+00 -1.5156190476041260e+00 -3.1436403699044779e-11 0.0000000000000000e+00 -3.1436403699044779e-11 -1.8311999999963476e+01 0.0000000000000000e+00 0.0000000000000000e+00 0.0000000000000000e+00 -1.5156190476056564e+00 -1.5830952381057699e+00 -5.1089403853451241e-13 0.0000000000000000e+00 -5.1089403853451241e-13 -1.7984999999965265e+01 0.0000000000000000e+00 0.0000000000000000e+00 0.0000000000000000e+00 -1.5830952380894050e+00 -1.5156190476493405e+00 -9.9684183589318788e-12 0.0000000000000000e+00 -9.9684183589318788e-12 -1.8311999999953322e+01 0.0000000000000000e+00 0.0000000000000000e+00 0.0000000000000000e+00 -1.5156190476150919e+00 -1.5830952381570049e+00 3.1398657444293231e-11 0.0000000000000000e+00 3.1398657444293231e-11 -1.7984999999958660e+01 0.0000000000000000e+00 0.0000000000000000e+00 0.0000000000000000e+00 -1.5830952381016004e+00 -1.5156190477083444e+00 1.8682328253682106e-11 0.0000000000000000e+00 1.8682328253682106e-11 -1.8311999999941921e+01 0.0000000000000000e+00 0.0000000000000000e+00 0.0000000000000000e+00 -1.5156190476282936e+00 -1.5830952382310379e+00 8.8431124315904917e-11 0.0000000000000000e+00 8.8431124315904917e-11 -1.7984999999961683e+01 0.0000000000000000e+00 0.0000000000000000e+00 0.0000000000000000e+00 -1.5830952381235195e+00 -1.5156190478114955e+00 4.8616570622383346e-11 0.0000000000000000e+00 4.8616570622383346e-11 -1.8311999999935985e+01 0.0000000000000000e+00 0.0000000000000000e+00 0.0000000000000000e+00 -1.5156190476563740e+00 -1.5830952384044608e+00 2.0258189238491921e-10 0.0000000000000000e+00 2.0258189238491921e-10 -1.7984999999981909e+01 0.0000000000000000e+00 0.0000000000000000e+00 0.0000000000000000e+00 -1.5830952381804182e+00 -1.5156190480927552e+00 -1.5155499895444060e-11 0.0000000000000000e+00 -1.5155499895444060e-11 -1.8311999999912238e+01 0.0000000000000000e+00 0.0000000000000000e+00 0.0000000000000000e+00 -1.5156190477325435e+00 -1.5830952389162021e+00 4.9261750960581605e-10 0.0000000000000000e+00 4.9261750960581605e-10 -1.7985000000135710e+01 0.0000000000000000e+00 0.0000000000000000e+00 0.0000000000000000e+00 -1.5830952383788865e+00 -1.5156190492379100e+00 -7.7652061393766856e-10 0.0000000000000000e+00 -7.7652061393766856e-10 -1.8312000000856209e+01 0.0000000000000000e+00 0.0000000000000000e+00 0.0000000000000000e+00 -1.5156190483581995e+00 -1.3806666656918403e+00 1.2187703667709357e-10 0.0000000000000000e+00 1.2187703667709357e-10 -1.8965999999700696e+01 0.0000000000000000e+00 0.0000000000000000e+00 0.0000000000000000e+00 -1.3806666662889449e+00 -1.3131904761471418e+00 -5.0932858616622534e-10 0.0000000000000000e+00 -5.0932858616622534e-10 -1.9292999999968330e+01 0.0000000000000000e+00 0.0000000000000000e+00 0.0000000000000000e+00 -1.3131904761716771e+00 -1.3806666665029370e+00 -1.1921192710778484e-10 0.0000000000000000e+00 -1.1921192710778484e-10 -1.8966000000034747e+01 0.0000000000000000e+00 0.0000000000000000e+00 0.0000000000000000e+00 -1.3806666666316318e+00 -1.3131904761818918e+00 -1.6775292111863958e-10 0.0000000000000000e+00 -1.6775292111863958e-10 -1.9292999999924135e+01 0.0000000000000000e+00 0.0000000000000000e+00 0.0000000000000000e+00 -1.3131904761681035e+00 -1.3806666666187333e+00 -8.1253241264934506e-11 0.0000000000000000e+00 -8.1253241264934506e-11 -1.8965999999967224e+01 0.0000000000000000e+00 0.0000000000000000e+00 0.0000000000000000e+00 -1.3806666666452627e+00 -1.3131904761816102e+00 -8.8986238529277390e-11 0.0000000000000000e+00 -8.8986238529277390e-11 -1.9292999999947270e+01 0.0000000000000000e+00 0.0000000000000000e+00 0.0000000000000000e+00 -1.3131904761742224e+00 -1.3806666666542693e+00 -6.1263746099303867e-11 0.0000000000000000e+00 -6.1263746099303867e-11 -1.8965999999955876e+01 0.0000000000000000e+00 0.0000000000000000e+00 0.0000000000000000e+00 -1.3806666666516676e+00 -1.3131904761946234e+00 -6.4261360590809904e-11 0.0000000000000000e+00 -6.4261360590809904e-11 -1.9292999999946506e+01 0.0000000000000000e+00 0.0000000000000000e+00 0.0000000000000000e+00 -1.3131904761771571e+00 -1.3806666666843337e+00 -4.3897915298290774e-11 0.0000000000000000e+00 -4.3897915298290774e-11 -1.8965999999945378e+01 0.0000000000000000e+00 0.0000000000000000e+00 0.0000000000000000e+00 -1.3806666666566796e+00 -1.3131904762156676e+00 -4.9908976156866017e-11 0.0000000000000000e+00 -4.9908976156866017e-11 -1.9292999999936345e+01 0.0000000000000000e+00 0.0000000000000000e+00 0.0000000000000000e+00 -1.3131904761796835e+00 -1.3806666667234981e+00 -2.7749504668991803e-11 0.0000000000000000e+00 -2.7749504668991803e-11 -1.8965999999931284e+01 0.0000000000000000e+00 0.0000000000000000e+00 0.0000000000000000e+00 -1.3806666666633494e+00 -1.3131904762481781e+00 -3.6561472037322025e-11 0.0000000000000000e+00 -3.6561472037322025e-11 -1.9292999999922646e+01 0.0000000000000000e+00 0.0000000000000000e+00 0.0000000000000000e+00 -1.3131904761845863e+00 -1.3806666667730516e+00 -9.9307279336382561e-12 0.0000000000000000e+00 -9.9307279336382561e-12 -1.8965999999932119e+01 0.0000000000000000e+00 0.0000000000000000e+00 0.0000000000000000e+00 -1.3806666666776146e+00 -1.3131904762742030e+00 1.8872266346322556e-12 0.0000000000000000e+00 1.8872266346322556e-12 -1.9292999999952862e+01 0.0000000000000000e+00 0.0000000000000000e+00 0.0000000000000000e+00 -1.3131904762007196e+00 -1.3806666667756762e+00 -3.5492977936776704e-11 0.0000000000000000e+00 -3.5492977936776704e-11 -1.8966000000051835e+01 0.0000000000000000e+00 0.0000000000000000e+00 0.0000000000000000e+00 -1.3806666667134628e+00 -1.3131904761123170e+00 5.8794188239585302e-11 0.0000000000000000e+00 5.8794188239585302e-11 -1.9293000000209435e+01 0.0000000000000000e+00 0.0000000000000000e+00 0.0000000000000000e+00 -1.3131904762283866e+00 -1.3806666660224032e+00 2.5890402899002789e-11 0.0000000000000000e+00 2.5890402899002789e-11 -1.8966000000534258e+01 0.0000000000000000e+00 0.0000000000000000e+00 0.0000000000000000e+00 -1.3806666666313536e+00 -1.3131904757132085e+00 1.9933279646312755e-10 0.0000000000000000e+00 1.9933279646312755e-10 -1.9293000000102872e+01 0.0000000000000000e+00 0.0000000000000000e+00 0.0000000000000000e+00 -1.3131904760759476e+00 -1.1782380963216958e+00 1.9384780599351447e-11 0.0000000000000000e+00 1.9384780599351447e-11 -1.9947000000194489e+01 0.0000000000000000e+00 0.0000000000000000e+00 0.0000000000000000e+00 -1.1782380956243390e+00 -1.1107619051207163e+00 2.2177211019094536e-10 0.0000000000000000e+00 2.2177211019094536e-10 -2.0273999999982419e+01 0.0000000000000000e+00 0.0000000000000000e+00 0.0000000000000000e+00 -1.1107619048663888e+00 -1.1782380955005483e+00 -6.4502307091580672e-11 0.0000000000000000e+00 -6.4502307091580672e-11 -1.9946999999769602e+01 0.0000000000000000e+00 0.0000000000000000e+00 0.0000000000000000e+00 -1.1782380952500138e+00 -1.1107619049075563e+00 3.1306750996807566e-11 0.0000000000000000e+00 3.1306750996807566e-11 -2.0273999999917063e+01 0.0000000000000000e+00 0.0000000000000000e+00 0.0000000000000000e+00 -1.1107619047824309e+00 -1.1782380953027367e+00 -8.2794288625216840e-11 0.0000000000000000e+00 -8.2794288625216840e-11 -1.9946999999918923e+01 0.0000000000000000e+00 0.0000000000000000e+00 0.0000000000000000e+00 -1.1782380952349534e+00 -1.1107619048191884e+00 -5.1038637528286906e-11 0.0000000000000000e+00 -5.1038637528286906e-11 -2.0273999999931867e+01 0.0000000000000000e+00 0.0000000000000000e+00 0.0000000000000000e+00 -1.1107619047599582e+00 -1.1782380952600697e+00 -7.0156161347557713e-11 0.0000000000000000e+00 -7.0156161347557713e-11 -1.9946999999937518e+01 0.0000000000000000e+00 0.0000000000000000e+00 0.0000000000000000e+00 -1.1782380952272196e+00 -1.1107619047793145e+00 -5.8418122132411976e-11 0.0000000000000000e+00 -5.8418122132411976e-11 -2.0273999999936230e+01 0.0000000000000000e+00 0.0000000000000000e+00 0.0000000000000000e+00 -1.1107619047489041e+00 -1.1782380952500413e+00 -6.1347387170652722e-11 0.0000000000000000e+00 -6.1347387170652722e-11 -1.9946999999934480e+01 0.0000000000000000e+00 0.0000000000000000e+00 0.0000000000000000e+00 -1.1782380952227842e+00 -1.1107619047658448e+00 -5.7486487341576060e-11 0.0000000000000000e+00 -5.7486487341576060e-11 -2.0273999999930922e+01 0.0000000000000000e+00 0.0000000000000000e+00 0.0000000000000000e+00 -1.1107619047428716e+00 -1.1782380952541931e+00 -5.7423325406834729e-11 0.0000000000000000e+00 -5.7423325406834729e-11 -1.9946999999919971e+01 0.0000000000000000e+00 0.0000000000000000e+00 0.0000000000000000e+00 -1.1782380952191658e+00 -1.1107619047582056e+00 -6.4906154735446569e-11 0.0000000000000000e+00 -6.4906154735446569e-11 -2.0273999999904301e+01 0.0000000000000000e+00 0.0000000000000000e+00 0.0000000000000000e+00 -1.1107619047321926e+00 -1.1782380952749807e+00 -2.8994598832060820e-11 0.0000000000000000e+00 -2.8994598832060820e-11 -1.9946999999882618e+01 0.0000000000000000e+00 0.0000000000000000e+00 0.0000000000000000e+00 -1.1782380952136804e+00 -1.1107619047840782e+00 -1.6259684410611657e-11 0.0000000000000000e+00 -1.6259684410611657e-11 -2.0273999999820607e+01 0.0000000000000000e+00 0.0000000000000000e+00 0.0000000000000000e+00 -1.1107619047144437e+00 -1.1782380952718008e+00 1.4714528663371897e-10 0.0000000000000000e+00 1.4714528663371897e-10 -1.9946999999948563e+01 0.0000000000000000e+00 0.0000000000000000e+00 0.0000000000000000e+00 -1.1782380952319993e+00 -1.1107619048395148e+00 3.6201278935629533e-10 0.0000000000000000e+00 3.6201278935629533e-10 -2.0273999999961259e+01 0.0000000000000000e+00 0.0000000000000000e+00 0.0000000000000000e+00 -1.1107619047728690e+00 -1.1782380950150473e+00 3.7793293611421074e-10 0.0000000000000000e+00 3.7793293611421074e-10 -1.9947000000407126e+01 0.0000000000000000e+00 0.0000000000000000e+00 0.0000000000000000e+00 -1.1782380952920275e+00 -1.1107619044821950e+00 1.4497457820297328e-10 0.0000000000000000e+00 1.4497457820297328e-10 -2.0274000000677731e+01 0.0000000000000000e+00 0.0000000000000000e+00 0.0000000000000000e+00 -1.1107619048802109e+00 -9.7580952361720108e-01 -2.5394971697423363e-10 0.0000000000000000e+00 -2.5394971697423363e-10 -2.0928000000230515e+01 0.0000000000000000e+00 0.0000000000000000e+00 0.0000000000000000e+00 -9.7580952382209318e-01 -9.0833333438876451e-01 -1.4894912713791817e-12 0.0000000000000000e+00 -1.4894912713791817e-12 -2.1254999999418011e+01 0.0000000000000000e+00 0.0000000000000000e+00 0.0000000000000000e+00 -9.0833333347587519e-01 -9.7580952385217634e-01 1.3665696447879879e-10 0.0000000000000000e+00 1.3665696447879879e-10 -2.0928000000140603e+01 0.0000000000000000e+00 0.0000000000000000e+00 0.0000000000000000e+00 -9.7580952386541742e-01 -9.0833333340262401e-01 4.0795210038938149e-11 0.0000000000000000e+00 4.0795210038938149e-11 -2.1255000000109142e+01 0.0000000000000000e+00 0.0000000000000000e+00 0.0000000000000000e+00 -9.0833333338727462e-01 -9.7580952385368458e-01 -5.7017754877798154e-12 0.0000000000000000e+00 -5.7017754877798154e-12 -2.0927999999956839e+01 0.0000000000000000e+00 0.0000000000000000e+00 0.0000000000000000e+00 -9.7580952381054797e-01 -9.0833333332009991e-01 -1.2976852340486645e-11 0.0000000000000000e+00 -1.2976852340486645e-11 -2.1254999999974380e+01 0.0000000000000000e+00 0.0000000000000000e+00 0.0000000000000000e+00 -9.0833333332199051e-01 -9.7580952382361963e-01 -3.8569833080500147e-11 0.0000000000000000e+00 -3.8569833080500147e-11 -2.0927999999939203e+01 0.0000000000000000e+00 0.0000000000000000e+00 0.0000000000000000e+00 -9.7580952379604458e-01 -9.0833333333017274e-01 -3.4286819421037579e-11 0.0000000000000000e+00 -3.4286819421037579e-11 -2.1254999999949209e+01 0.0000000000000000e+00 0.0000000000000000e+00 0.0000000000000000e+00 -9.0833333331736621e-01 -9.7580952380042685e-01 -4.9070544260403160e-11 0.0000000000000000e+00 -4.9070544260403160e-11 -2.0927999999933654e+01 0.0000000000000000e+00 0.0000000000000000e+00 0.0000000000000000e+00 -9.7580952378723029e-01 -9.0833333330963484e-01 -4.4803155108254492e-11 0.0000000000000000e+00 -4.4803155108254492e-11 -2.1254999999929719e+01 0.0000000000000000e+00 0.0000000000000000e+00 0.0000000000000000e+00 -9.0833333330526023e-01 -9.7580952378197006e-01 -4.4294240072252095e-11 0.0000000000000000e+00 -4.4294240072252095e-11 -2.0927999999924992e+01 0.0000000000000000e+00 0.0000000000000000e+00 0.0000000000000000e+00 -9.7580952377890051e-01 -9.0833333329519661e-01 -3.4074789557685231e-11 0.0000000000000000e+00 -3.4074789557685231e-11 -2.1254999999919075e+01 0.0000000000000000e+00 0.0000000000000000e+00 0.0000000000000000e+00 -9.0833333329763610e-01 -9.7580952374561680e-01 -4.9614619192462706e-11 0.0000000000000000e+00 -4.9614619192462706e-11 -2.0927999999824188e+01 0.0000000000000000e+00 0.0000000000000000e+00 0.0000000000000000e+00 -9.7580952373756169e-01 -9.0833333320298781e-01 -2.6828896289788548e-11 0.0000000000000000e+00 -2.6828896289788548e-11 -2.1254999999743976e+01 0.0000000000000000e+00 0.0000000000000000e+00 0.0000000000000000e+00 -9.0833333321735066e-01 -9.7580952378316910e-01 6.4436152353415425e-11 0.0000000000000000e+00 6.4436152353415425e-11 -2.0927999999531149e+01 0.0000000000000000e+00 0.0000000000000000e+00 0.0000000000000000e+00 -9.7580952366071838e-01 -9.0833333310073172e-01 1.0443649596287585e-10 0.0000000000000000e+00 1.0443649596287585e-10 -2.1254999999023578e+01 0.0000000000000000e+00 0.0000000000000000e+00 0.0000000000000000e+00 -9.0833333297045893e-01 -9.7580952382305242e-01 9.5267600735872821e-10 0.0000000000000000e+00 9.5267600735872821e-10 -2.0928000000670444e+01 0.0000000000000000e+00 0.0000000000000000e+00 0.0000000000000000e+00 -9.7580952401428078e-01 -9.0833333349505441e-01 -8.2338213086443226e-10 0.0000000000000000e+00 -8.2338213086443226e-10 -2.1255000001773521e+01 0.0000000000000000e+00 0.0000000000000000e+00 0.0000000000000000e+00 -9.0833333391364157e-01 -2.7457619035249263e+00 4.1540811868027285e-10 0.0000000000000000e+00 4.1540811868027285e-10 -1.2462333332989951e+01 0.0000000000000000e+00 0.0000000000000000e+00 0.0000000000000000e+00 -2.7457619042877952e+00 -2.8288095234237769e+00 2.8163016664664653e-11 0.0000000000000000e+00 2.8163016664664653e-11 -1.2171666666490951e+01 0.0000000000000000e+00 0.0000000000000000e+00 0.0000000000000000e+00 -2.8288095236410848e+00 -2.7457619045677135e+00 -3.3790762665786608e-10 0.0000000000000000e+00 -3.3790762665786608e-10 -1.2462333333510285e+01 0.0000000000000000e+00 0.0000000000000000e+00 0.0000000000000000e+00 -2.7457619047567330e+00 -2.8288095235664530e+00 -1.3147081048015330e-10 0.0000000000000000e+00 -1.3147081048015330e-10 -1.2171666666800526e+01 0.0000000000000000e+00 0.0000000000000000e+00 0.0000000000000000e+00 -2.8288095237767599e+00 -2.7457619047530692e+00 -1.2438596234401695e-10 0.0000000000000000e+00 -1.2438596234401695e-10 -1.2462333333376096e+01 0.0000000000000000e+00 0.0000000000000000e+00 0.0000000000000000e+00 -2.7457619047720816e+00 -2.8288095237777755e+00 -4.1457450695088340e-11 0.0000000000000000e+00 -4.1457450695088340e-11 -1.2171666666726138e+01 0.0000000000000000e+00 0.0000000000000000e+00 0.0000000000000000e+00 -2.8288095238178403e+00 -2.7457619048087176e+00 -2.7455002733293182e-11 0.0000000000000000e+00 -2.7455002733293182e-11 -1.2462333333348161e+01 0.0000000000000000e+00 0.0000000000000000e+00 0.0000000000000000e+00 -2.7457619047803963e+00 -2.8288095238542192e+00 -5.7879818562837736e-12 0.0000000000000000e+00 -5.7879818562837736e-12 -1.2171666666685615e+01 0.0000000000000000e+00 0.0000000000000000e+00 0.0000000000000000e+00 -2.8288095238286175e+00 -2.7457619048168964e+00 -4.0677614244063853e-12 0.0000000000000000e+00 -4.0677614244063853e-12 -1.2462333333342155e+01 0.0000000000000000e+00 0.0000000000000000e+00 0.0000000000000000e+00 -2.7457619047810495e+00 -2.8288095238700031e+00 -5.0384731489612827e-12 0.0000000000000000e+00 -5.0384731489612827e-12 -1.2171666666675538e+01 0.0000000000000000e+00 0.0000000000000000e+00 0.0000000000000000e+00 -2.8288095238303295e+00 -2.7457619048077393e+00 -7.7829976805525005e-12 0.0000000000000000e+00 -7.7829976805525005e-12 -1.2462333333349665e+01 0.0000000000000000e+00 0.0000000000000000e+00 0.0000000000000000e+00 -2.7457619047805539e+00 -2.8288095238616031e+00 -1.7976414975553098e-11 0.0000000000000000e+00 -1.7976414975553098e-11 -1.2171666666684709e+01 0.0000000000000000e+00 0.0000000000000000e+00 0.0000000000000000e+00 -2.8288095238305622e+00 -2.7457619047867463e+00 -1.3955242828670854e-11 0.0000000000000000e+00 -1.3955242828670854e-11 -1.2462333333367274e+01 0.0000000000000000e+00 0.0000000000000000e+00 0.0000000000000000e+00 -2.7457619047795396e+00 -2.8288095238260205e+00 -2.7788269073933385e-11 0.0000000000000000e+00 -2.7788269073933385e-11 -1.2171666666709765e+01 0.0000000000000000e+00 0.0000000000000000e+00 0.0000000000000000e+00 -2.8288095238274020e+00 -2.7457619047175585e+00 -1.6194336412630945e-11 0.0000000000000000e+00 -1.6194336412630945e-11 -1.2462333333406983e+01 0.0000000000000000e+00 0.0000000000000000e+00 0.0000000000000000e+00 -2.7457619047706965e+00 -2.8288095237221582e+00 -3.5599995560336531e-11 0.0000000000000000e+00 -3.5599995560336531e-11 -1.2171666666709829e+01 0.0000000000000000e+00 0.0000000000000000e+00 0.0000000000000000e+00 -2.8288095237962629e+00 -2.7457619042019141e+00 -4.1042692972184674e-10 0.0000000000000000e+00 -4.1042692972184674e-10 -1.2462333333326882e+01 0.0000000000000000e+00 0.0000000000000000e+00 0.0000000000000000e+00 -2.7457619045919719e+00 -2.8288095241175859e+00 2.4787196560120382e-10 0.0000000000000000e+00 2.4787196560120382e-10 -1.2171666666500533e+01 0.0000000000000000e+00 0.0000000000000000e+00 0.0000000000000000e+00 -2.8288095238521018e+00 -2.9949047609886983e+00 -4.1741395941076334e-10 0.0000000000000000e+00 -4.1741395941076334e-10 -1.1590333332600709e+01 0.0000000000000000e+00 0.0000000000000000e+00 0.0000000000000000e+00 -2.9949047614101563e+00 -3.0779523798209101e+00 1.4992429163465684e-10 0.0000000000000000e+00 1.4992429163465684e-10 -1.1299666666830015e+01 0.0000000000000000e+00 0.0000000000000000e+00 0.0000000000000000e+00 -3.0779523806619440e+00 -2.9949047614349134e+00 1.2921810606045015e-10 0.0000000000000000e+00 1.2921810606045015e-10 -1.1590333333558183e+01 0.0000000000000000e+00 0.0000000000000000e+00 0.0000000000000000e+00 -2.9949047618312612e+00 -3.0779523807975293e+00 2.5951841026089152e-10 0.0000000000000000e+00 2.5951841026089152e-10 -1.1299666666773097e+01 0.0000000000000000e+00 0.0000000000000000e+00 0.0000000000000000e+00 -3.0779523809378539e+00 -2.9949047618094413e+00 7.0441893830912650e-11 0.0000000000000000e+00 7.0441893830912650e-11 -1.1590333333434819e+01 0.0000000000000000e+00 0.0000000000000000e+00 0.0000000000000000e+00 -2.9949047619066125e+00 -3.0779523809578917e+00 1.0760837562136041e-10 0.0000000000000000e+00 1.0760837562136041e-10 -1.1299666666707791e+01 0.0000000000000000e+00 0.0000000000000000e+00 0.0000000000000000e+00 -3.0779523809663720e+00 -2.9949047619405800e+00 3.1070151328028849e-11 0.0000000000000000e+00 3.1070151328028849e-11 -1.1590333333362828e+01 0.0000000000000000e+00 0.0000000000000000e+00 0.0000000000000000e+00 -2.9949047619243561e+00 -3.0779523810281844e+00 4.1097033595548055e-11 0.0000000000000000e+00 4.1097033595548055e-11 -1.1299666666669205e+01 0.0000000000000000e+00 0.0000000000000000e+00 0.0000000000000000e+00 -3.0779523809758844e+00 -2.9949047619825215e+00 6.7757042133556621e-12 0.0000000000000000e+00 6.7757042133556621e-12 -1.1590333333335019e+01 0.0000000000000000e+00 0.0000000000000000e+00 0.0000000000000000e+00 -2.9949047619285949e+00 -3.0779523810506855e+00 5.0291607986971304e-12 0.0000000000000000e+00 5.0291607986971304e-12 -1.1299666666655366e+01 0.0000000000000000e+00 0.0000000000000000e+00 0.0000000000000000e+00 -3.0779523809784828e+00 -2.9949047619911298e+00 -1.7587217191279390e-11 0.0000000000000000e+00 -1.7587217191279390e-11 -1.1590333333332479e+01 0.0000000000000000e+00 0.0000000000000000e+00 0.0000000000000000e+00 -2.9949047619304157e+00 -3.0779523810590144e+00 -2.7386623662114367e-11 0.0000000000000000e+00 -2.7386623662114367e-11 -1.1299666666656652e+01 0.0000000000000000e+00 0.0000000000000000e+00 0.0000000000000000e+00 -3.0779523809813671e+00 -2.9949047619775402e+00 -5.3715491002927830e-11 0.0000000000000000e+00 -5.3715491002927830e-11 -1.1590333333349310e+01 0.0000000000000000e+00 0.0000000000000000e+00 0.0000000000000000e+00 -2.9949047619313887e+00 -3.0779523810610252e+00 -7.8127806066355698e-11 0.0000000000000000e+00 -7.8127806066355698e-11 -1.1299666666671962e+01 0.0000000000000000e+00 0.0000000000000000e+00 0.0000000000000000e+00 -3.0779523809865625e+00 -2.9949047619370033e+00 -1.1022531511367515e-10 0.0000000000000000e+00 -1.1022531511367515e-10 -1.1590333333380546e+01 0.0000000000000000e+00 0.0000000000000000e+00 0.0000000000000000e+00 -2.9949047619285980e+00 -3.0779523810333522e+00 -1.6452513961999487e-10 0.0000000000000000e+00 -1.6452513961999487e-10 -1.1299666666711337e+01 0.0000000000000000e+00 0.0000000000000000e+00 0.0000000000000000e+00 -3.0779523809900744e+00 -2.9949047614983657e+00 -3.2470849351431235e-10 0.0000000000000000e+00 -3.2470849351431235e-10 -1.1590333333394526e+01 0.0000000000000000e+00 0.0000000000000000e+00 0.0000000000000000e+00 -2.9949047618012004e+00 -3.0779523810521070e+00 -5.7915931011515410e-11 0.0000000000000000e+00 -5.7915931011515410e-11 -1.1299666666577432e+01 0.0000000000000000e+00 0.0000000000000000e+00 0.0000000000000000e+00 -3.0779523809555291e+00 -3.2440476207821143e+00 7.5642237000002696e-10 0.0000000000000000e+00 7.5642237000002696e-10 -1.0718333333507003e+01 0.0000000000000000e+00 0.0000000000000000e+00 0.0000000000000000e+00 -3.2440476196200687e+00 -3.3270952380662822e+00 -5.3327387123347026e-10 0.0000000000000000e+00 -5.3327387123347026e-10 -1.0427666666925134e+01 0.0000000000000000e+00 0.0000000000000000e+00 0.0000000000000000e+00 -3.3270952381640915e+00 -3.2440476193763987e+00 3.8329555197057866e-10 0.0000000000000000e+00 3.8329555197057866e-10 -1.0718333333199595e+01 0.0000000000000000e+00 0.0000000000000000e+00 0.0000000000000000e+00 -3.2440476191061305e+00 -3.3270952385031909e+00 1.6261547137312973e-10 0.0000000000000000e+00 1.6261547137312973e-10 -1.0427666666574671e+01 0.0000000000000000e+00 0.0000000000000000e+00 0.0000000000000000e+00 -3.3270952381900254e+00 -3.2440476192315684e+00 1.8289745247581513e-10 0.0000000000000000e+00 1.8289745247581513e-10 -1.0718333333280869e+01 0.0000000000000000e+00 0.0000000000000000e+00 0.0000000000000000e+00 -3.2440476190870635e+00 -3.3270952383218910e+00 9.4959531230801855e-11 0.0000000000000000e+00 9.4959531230801855e-11 -1.0427666666591977e+01 0.0000000000000000e+00 0.0000000000000000e+00 0.0000000000000000e+00 -3.3270952381408270e+00 -3.2440476191871523e+00 6.9563895020929256e-11 0.0000000000000000e+00 6.9563895020929256e-11 -1.0718333333298760e+01 0.0000000000000000e+00 0.0000000000000000e+00 0.0000000000000000e+00 -3.2440476190791072e+00 -3.3270952382533170e+00 3.9854006927362585e-11 0.0000000000000000e+00 3.9854006927362585e-11 -1.0427666666617371e+01 0.0000000000000000e+00 0.0000000000000000e+00 0.0000000000000000e+00 -3.3270952381278729e+00 -3.2440476191772394e+00 2.0623108088831268e-11 0.0000000000000000e+00 2.0623108088831268e-11 -1.0718333333301759e+01 0.0000000000000000e+00 0.0000000000000000e+00 0.0000000000000000e+00 -3.2440476190770315e+00 -3.3270952382371588e+00 1.2401297441368007e-11 0.0000000000000000e+00 1.2401297441368007e-11 -1.0427666666626164e+01 0.0000000000000000e+00 0.0000000000000000e+00 0.0000000000000000e+00 -3.3270952381256627e+00 -3.2440476191864192e+00 -7.4409563364716373e-12 0.0000000000000000e+00 -7.4409563364716373e-12 -1.0718333333301091e+01 0.0000000000000000e+00 0.0000000000000000e+00 0.0000000000000000e+00 -3.2440476190795864e+00 -3.3270952382532029e+00 -3.2726980180171942e-12 0.0000000000000000e+00 -3.2726980180171942e-12 -1.0427666666625335e+01 0.0000000000000000e+00 0.0000000000000000e+00 0.0000000000000000e+00 -3.3270952381302279e+00 -3.2440476192225942e+00 -3.9668739363838184e-11 0.0000000000000000e+00 -3.9668739363838184e-11 -1.0718333333297693e+01 0.0000000000000000e+00 0.0000000000000000e+00 0.0000000000000000e+00 -3.2440476190894194e+00 -3.3270952383137304e+00 -1.2215796235554429e-11 0.0000000000000000e+00 -1.2215796235554429e-11 -1.0427666666615766e+01 0.0000000000000000e+00 0.0000000000000000e+00 0.0000000000000000e+00 -3.3270952381455157e+00 -3.2440476193307304e+00 -9.5647057987921297e-11 0.0000000000000000e+00 -9.5647057987921297e-11 -1.0718333333294398e+01 0.0000000000000000e+00 0.0000000000000000e+00 0.0000000000000000e+00 -3.2440476191208725e+00 -3.3270952384585568e+00 4.7326301175962432e-11 0.0000000000000000e+00 4.7326301175962432e-11 -1.0427666666593282e+01 0.0000000000000000e+00 0.0000000000000000e+00 0.0000000000000000e+00 -3.3270952381822183e+00 -3.2440476194569268e+00 -3.9156678655114503e-10 0.0000000000000000e+00 -3.9156678655114503e-10 -1.0718333333323100e+01 0.0000000000000000e+00 0.0000000000000000e+00 0.0000000000000000e+00 -3.2440476191673406e+00 -3.3270952390415589e+00 1.0532928978332087e-09 0.0000000000000000e+00 1.0532928978332087e-09 -1.0427666667026834e+01 0.0000000000000000e+00 0.0000000000000000e+00 0.0000000000000000e+00 -3.3270952384871850e+00 -3.4931904775935667e+00 9.3044366869442709e-10 0.0000000000000000e+00 9.3044366869442709e-10 -9.8463333339042638e+00 0.0000000000000000e+00 0.0000000000000000e+00 0.0000000000000000e+00 -3.4931904767826820e+00 -3.5762380958931330e+00 -4.9354102675473716e-10 0.0000000000000000e+00 -4.9354102675473716e-10 -9.5556666667314527e+00 0.0000000000000000e+00 0.0000000000000000e+00 0.0000000000000000e+00 -3.5762380954540407e+00 -3.4931904768307476e+00 1.7739569433609116e-11 0.0000000000000000e+00 1.7739569433609116e-11 -9.8463333331764762e+00 0.0000000000000000e+00 0.0000000000000000e+00 0.0000000000000000e+00 -3.4931904763354988e+00 -3.5762380956942592e+00 -1.4544208426624703e-10 0.0000000000000000e+00 -1.4544208426624703e-10 -9.5556666665652923e+00 0.0000000000000000e+00 0.0000000000000000e+00 0.0000000000000000e+00 -3.5762380953445310e+00 -3.4931904765289050e+00 7.8622324856067540e-12 0.0000000000000000e+00 7.8622324856067540e-12 -9.8463333332126268e+00 0.0000000000000000e+00 0.0000000000000000e+00 0.0000000000000000e+00 -3.4931904762557919e+00 -3.5762380954982520e+00 -5.0914559505646303e-11 0.0000000000000000e+00 -5.0914559505646303e-11 -9.5556666665781833e+00 0.0000000000000000e+00 0.0000000000000000e+00 0.0000000000000000e+00 -3.5762380952895962e+00 -3.4931904763915993e+00 9.5569708680883203e-12 0.0000000000000000e+00 9.5569708680883203e-12 -9.8463333332591017e+00 0.0000000000000000e+00 0.0000000000000000e+00 0.0000000000000000e+00 -3.4931904762285431e+00 -3.5762380954083701e+00 -1.3100643432625575e-11 0.0000000000000000e+00 -1.3100643432625575e-11 -9.5556666666080616e+00 0.0000000000000000e+00 0.0000000000000000e+00 0.0000000000000000e+00 -3.5762380952715969e+00 -3.4931904763431154e+00 8.9208010166514837e-12 0.0000000000000000e+00 8.9208010166514837e-12 -9.8463333332830150e+00 0.0000000000000000e+00 0.0000000000000000e+00 0.0000000000000000e+00 -3.4931904762211721e+00 -3.5762380953786002e+00 4.7310431078680674e-12 0.0000000000000000e+00 4.7310431078680674e-12 -9.5556666666238836e+00 0.0000000000000000e+00 0.0000000000000000e+00 0.0000000000000000e+00 -3.5762380952674131e+00 -3.4931904763391515e+00 1.2275878652729829e-11 0.0000000000000000e+00 1.2275878652729829e-11 -9.8463333332911418e+00 0.0000000000000000e+00 0.0000000000000000e+00 0.0000000000000000e+00 -3.4931904762224200e+00 -3.5762380953802304e+00 2.1885945782495925e-11 0.0000000000000000e+00 2.1885945782495925e-11 -9.5556666666311934e+00 0.0000000000000000e+00 0.0000000000000000e+00 0.0000000000000000e+00 -3.5762380952700932e+00 -3.4931904763667982e+00 2.3313332306933663e-11 0.0000000000000000e+00 2.3313332306933663e-11 -9.8463333332940195e+00 0.0000000000000000e+00 0.0000000000000000e+00 0.0000000000000000e+00 -3.4931904762315784e+00 -3.5762380954027853e+00 5.4905138014957311e-11 0.0000000000000000e+00 5.4905138014957311e-11 -9.5556666666374124e+00 0.0000000000000000e+00 0.0000000000000000e+00 0.0000000000000000e+00 -3.5762380952787258e+00 -3.4931904764113844e+00 2.6735621362528879e-11 0.0000000000000000e+00 2.6735621362528879e-11 -9.8463333333355862e+00 0.0000000000000000e+00 0.0000000000000000e+00 0.0000000000000000e+00 -3.4931904762574248e+00 -3.5762380954310218e+00 8.8991208628876191e-11 0.0000000000000000e+00 8.8991208628876191e-11 -9.5556666666313994e+00 0.0000000000000000e+00 0.0000000000000000e+00 0.0000000000000000e+00 -3.5762380952853916e+00 -3.4931904756049170e+00 -6.5668657970291560e-10 0.0000000000000000e+00 -6.5668657970291560e-10 -9.8463333336076566e+00 0.0000000000000000e+00 0.0000000000000000e+00 0.0000000000000000e+00 -3.4931904760971046e+00 -3.5762380964176814e+00 3.3685787238118403e-10 0.0000000000000000e+00 3.3685787238118403e-10 -9.5556666666302092e+00 0.0000000000000000e+00 0.0000000000000000e+00 0.0000000000000000e+00 -3.5762380955810338e+00 -3.6817777777879854e+00 2.1643672450262650e-11 0.0000000000000000e+00 2.1643672450262650e-11 -8.9137777778768328e+00 0.0000000000000000e+00 0.0000000000000000e+00 0.0000000000000000e+00 -3.6817777778105820e+00 -3.5831587301735275e+00 -2.2986864198140121e-10 0.0000000000000000e+00 -2.2986864198140121e-10 -8.4414444443864536e+00 0.0000000000000000e+00 0.0000000000000000e+00 0.0000000000000000e+00 -3.5831587301457715e+00 -3.6817777779608036e+00 -2.7199179038153997e-10 0.0000000000000000e+00 -2.7199179038153997e-10 -8.9137777777982627e+00 0.0000000000000000e+00 0.0000000000000000e+00 0.0000000000000000e+00 -3.6817777778388305e+00 -3.5831587301977299e+00 -2.1420412959720033e-10 0.0000000000000000e+00 -2.1420412959720033e-10 -8.4414444444746124e+00 0.0000000000000000e+00 0.0000000000000000e+00 0.0000000000000000e+00 -3.5831587301794805e+00 -3.6817777779369165e+00 -1.4322142840308573e-10 0.0000000000000000e+00 -1.4322142840308573e-10 -8.9137777777488001e+00 0.0000000000000000e+00 0.0000000000000000e+00 0.0000000000000000e+00 -3.6817777778168259e+00 -3.5831587302394863e+00 -1.0633062553026160e-10 0.0000000000000000e+00 -1.0633062553026160e-10 -8.4414444444442420e+00 0.0000000000000000e+00 0.0000000000000000e+00 0.0000000000000000e+00 -3.5831587301828955e+00 -3.6817777779079921e+00 -5.3844194272778112e-11 0.0000000000000000e+00 -5.3844194272778112e-11 -8.9137777777424301e+00 0.0000000000000000e+00 0.0000000000000000e+00 0.0000000000000000e+00 -3.6817777778062379e+00 -3.5831587302520020e+00 -3.9752079633922234e-11 0.0000000000000000e+00 -3.9752079633922234e-11 -8.4414444444274235e+00 0.0000000000000000e+00 0.0000000000000000e+00 0.0000000000000000e+00 -3.5831587301816050e+00 -3.6817777778916523e+00 -1.0656651629072085e-11 0.0000000000000000e+00 -1.0656651629072085e-11 -8.9137777777470664e+00 0.0000000000000000e+00 0.0000000000000000e+00 0.0000000000000000e+00 -3.6817777778027274e+00 -3.5831587302508772e+00 -3.7534803505609788e-12 0.0000000000000000e+00 -3.7534803505609788e-12 -8.4414444444257075e+00 0.0000000000000000e+00 0.0000000000000000e+00 0.0000000000000000e+00 -3.5831587301807528e+00 -3.6817777778846601e+00 1.5453206288997973e-11 0.0000000000000000e+00 1.5453206288997973e-11 -8.9137777777547296e+00 0.0000000000000000e+00 0.0000000000000000e+00 0.0000000000000000e+00 -3.6817777778029277e+00 -3.5831587302458248e+00 2.0432197547835728e-11 0.0000000000000000e+00 2.0432197547835728e-11 -8.4414444444330261e+00 0.0000000000000000e+00 0.0000000000000000e+00 0.0000000000000000e+00 -3.5831587301814327e+00 -3.6817777778752570e+00 3.8017012091489351e-11 0.0000000000000000e+00 3.8017012091489351e-11 -8.9137777777697096e+00 0.0000000000000000e+00 0.0000000000000000e+00 0.0000000000000000e+00 -3.6817777778046001e+00 -3.5831587302327366e+00 3.8860579319534262e-11 0.0000000000000000e+00 3.8860579319534262e-11 -8.4414444444522054e+00 0.0000000000000000e+00 0.0000000000000000e+00 0.0000000000000000e+00 -3.5831587301832601e+00 -3.6817777778699998e+00 6.5749760265094438e-11 0.0000000000000000e+00 6.5749760265094438e-11 -8.9137777778047766e+00 0.0000000000000000e+00 0.0000000000000000e+00 0.0000000000000000e+00 -3.6817777778135437e+00 -3.5831587301732251e+00 2.1175098436633683e-11 0.0000000000000000e+00 2.1175098436633683e-11 -8.4414444445237748e+00 0.0000000000000000e+00 0.0000000000000000e+00 0.0000000000000000e+00 -3.5831587301868772e+00 -3.6817777773044345e+00 -1.6776716050924984e-10 0.0000000000000000e+00 -1.6776716050924984e-10 -8.9137777779517648e+00 0.0000000000000000e+00 0.0000000000000000e+00 0.0000000000000000e+00 -3.6817777776879694e+00 -3.5831587302537318e+00 -3.0368683663627154e-10 0.0000000000000000e+00 -3.0368683663627154e-10 -8.4414444442389840e+00 0.0000000000000000e+00 0.0000000000000000e+00 0.0000000000000000e+00 -3.5831587301256191e+00 -3.0831428566506931e+00 -2.9744368630756765e-10 0.0000000000000000e+00 -2.9744368630756765e-10 -7.1939999995717150e+00 0.0000000000000000e+00 0.0000000000000000e+00 0.0000000000000000e+00 -3.0831428568667216e+00 -2.8028571419674857e+00 -1.4840799228088891e-10 0.0000000000000000e+00 -1.4840799228088891e-10 -6.5400000000359508e+00 0.0000000000000000e+00 0.0000000000000000e+00 0.0000000000000000e+00 -2.8028571426010309e+00 -3.0831428568451553e+00 -1.3472623976168705e-10 0.0000000000000000e+00 -1.3472623976168705e-10 -7.1940000001047668e+00 0.0000000000000000e+00 0.0000000000000000e+00 0.0000000000000000e+00 -3.0831428570849759e+00 -2.8028571426307316e+00 -5.1968894746596109e-12 0.0000000000000000e+00 -5.1968894746596109e-12 -6.5400000001040670e+00 0.0000000000000000e+00 0.0000000000000000e+00 0.0000000000000000e+00 -2.8028571428204399e+00 -3.0831428570801522e+00 -7.5501880475659817e-11 0.0000000000000000e+00 -7.5501880475659817e-11 -7.1940000000642197e+00 0.0000000000000000e+00 0.0000000000000000e+00 0.0000000000000000e+00 -3.0831428571433115e+00 -2.8028571428109825e+00 -2.1541652878966111e-11 0.0000000000000000e+00 -2.1541652878966111e-11 -6.5400000000495586e+00 0.0000000000000000e+00 0.0000000000000000e+00 0.0000000000000000e+00 -2.8028571428581626e+00 -3.0831428571677417e+00 -3.8501079645209200e-11 0.0000000000000000e+00 -3.8501079645209200e-11 -7.1940000000184776e+00 0.0000000000000000e+00 0.0000000000000000e+00 0.0000000000000000e+00 -3.0831428571558659e+00 -2.8028571428759932e+00 -1.4246283984775198e-11 0.0000000000000000e+00 -1.4246283984775198e-11 -6.5400000000162519e+00 0.0000000000000000e+00 0.0000000000000000e+00 0.0000000000000000e+00 -2.8028571428676736e+00 -3.0831428571947512e+00 -1.0306779003009302e-11 0.0000000000000000e+00 -1.0306779003009302e-11 -7.1940000000001785e+00 0.0000000000000000e+00 0.0000000000000000e+00 0.0000000000000000e+00 -3.0831428571584789e+00 -2.8028571428960820e+00 2.2735481295788573e-13 0.0000000000000000e+00 2.2735481295788573e-13 -6.5400000000040457e+00 0.0000000000000000e+00 0.0000000000000000e+00 0.0000000000000000e+00 -2.8028571428700380e+00 -3.0831428571983142e+00 1.0058278943492054e-11 0.0000000000000000e+00 1.0058278943492054e-11 -7.1939999999987547e+00 0.0000000000000000e+00 0.0000000000000000e+00 0.0000000000000000e+00 -3.0831428571591206e+00 -2.8028571428964999e+00 1.3593282710420078e-11 0.0000000000000000e+00 1.3593282710420078e-11 -6.5400000000050040e+00 0.0000000000000000e+00 0.0000000000000000e+00 0.0000000000000000e+00 -2.8028571428704514e+00 -3.0831428571895096e+00 2.2931923377681385e-11 0.0000000000000000e+00 2.2931923377681385e-11 -7.1940000000068478e+00 0.0000000000000000e+00 0.0000000000000000e+00 0.0000000000000000e+00 -3.0831428571589070e+00 -2.8028571428884570e+00 2.3608481081457543e-11 0.0000000000000000e+00 2.3608481081457543e-11 -6.5400000000113625e+00 0.0000000000000000e+00 0.0000000000000000e+00 0.0000000000000000e+00 -2.8028571428699456e+00 -3.0831428571965684e+00 2.8591486592052504e-11 0.0000000000000000e+00 2.8591486592052504e-11 -7.1940000000113224e+00 0.0000000000000000e+00 0.0000000000000000e+00 0.0000000000000000e+00 -3.0831428571623674e+00 -2.8028571428870452e+00 4.5724189246300045e-11 0.0000000000000000e+00 4.5724189246300045e-11 -6.5400000000212692e+00 0.0000000000000000e+00 0.0000000000000000e+00 0.0000000000000000e+00 -2.8028571428724942e+00 -3.0831428573698445e+00 6.1447318123031440e-11 0.0000000000000000e+00 6.1447318123031440e-11 -7.1939999999400346e+00 0.0000000000000000e+00 0.0000000000000000e+00 0.0000000000000000e+00 -3.0831428571929633e+00 -2.8028571428465798e+00 1.6711269885846445e-10 0.0000000000000000e+00 1.6711269885846445e-10 -6.5400000000367102e+00 0.0000000000000000e+00 0.0000000000000000e+00 0.0000000000000000e+00 -2.8028571428649873e+00 -2.2422857142564085e+00 5.5449292546063229e-10 0.0000000000000000e+00 5.5449292546063229e-10 -5.2319999999778091e+00 0.0000000000000000e+00 0.0000000000000000e+00 0.0000000000000000e+00 -2.2422857142702655e+00 -1.9620000001224336e+00 1.2187216779047957e-10 0.0000000000000000e+00 1.2187216779047957e-10 -4.5779999999288989e+00 0.0000000000000000e+00 0.0000000000000000e+00 0.0000000000000000e+00 -1.9620000000154001e+00 -2.2422857141840380e+00 1.8588741612520751e-10 0.0000000000000000e+00 1.8588741612520751e-10 -5.2319999999864821e+00 0.0000000000000000e+00 0.0000000000000000e+00 0.0000000000000000e+00 -2.2422857142511554e+00 -1.9619999999938496e+00 1.0245034549335583e-10 0.0000000000000000e+00 1.0245034549335583e-10 -4.5779999999827234e+00 0.0000000000000000e+00 0.0000000000000000e+00 0.0000000000000000e+00 -1.9619999999929718e+00 -2.2422857142353827e+00 4.8495710271245447e-11 0.0000000000000000e+00 4.8495710271245447e-11 -5.2320000000316922e+00 0.0000000000000000e+00 0.0000000000000000e+00 0.0000000000000000e+00 -2.2422857142801220e+00 -1.9619999999832740e+00 3.8025116909625480e-11 0.0000000000000000e+00 3.8025116909625480e-11 -4.5780000000135086e+00 0.0000000000000000e+00 0.0000000000000000e+00 0.0000000000000000e+00 -1.9619999999990347e+00 -2.2422857142772368e+00 8.8056206890982186e-12 0.0000000000000000e+00 8.8056206890982186e-12 -5.2320000000221150e+00 0.0000000000000000e+00 0.0000000000000000e+00 0.0000000000000000e+00 -2.2422857142898049e+00 -1.9619999999977347e+00 1.2460455965981675e-11 0.0000000000000000e+00 1.2460455965981675e-11 -4.5780000000138603e+00 0.0000000000000000e+00 0.0000000000000000e+00 0.0000000000000000e+00 -1.9620000000034783e+00 -2.2422857142978878e+00 3.7604289949876423e-12 0.0000000000000000e+00 3.7604289949876423e-12 -5.2320000000118210e+00 0.0000000000000000e+00 0.0000000000000000e+00 0.0000000000000000e+00 -2.2422857142929127e+00 -1.9620000000068860e+00 6.9127969864422425e-12 0.0000000000000000e+00 6.9127969864422425e-12 -4.5780000000104009e+00 0.0000000000000000e+00 0.0000000000000000e+00 0.0000000000000000e+00 -1.9620000000051863e+00 -2.2422857143019526e+00 7.8021024417614655e-12 0.0000000000000000e+00 7.8021024417614655e-12 -5.2320000000097933e+00 0.0000000000000000e+00 0.0000000000000000e+00 0.0000000000000000e+00 -2.2422857142935233e+00 -1.9620000000050164e+00 6.9647409924141740e-12 0.0000000000000000e+00 6.9647409924141740e-12 -4.5780000000118335e+00 0.0000000000000000e+00 0.0000000000000000e+00 0.0000000000000000e+00 -1.9620000000050553e+00 -2.2422857142929793e+00 1.2576962230665200e-11 0.0000000000000000e+00 1.2576962230665200e-11 -5.2320000000148328e+00 0.0000000000000000e+00 0.0000000000000000e+00 0.0000000000000000e+00 -2.2422857142923434e+00 -1.9619999999902931e+00 6.0260193227514681e-12 0.0000000000000000e+00 6.0260193227514681e-12 -4.5780000000176724e+00 0.0000000000000000e+00 0.0000000000000000e+00 0.0000000000000000e+00 -1.9620000000023896e+00 -2.2422857142603672e+00 1.2096387372447237e-11 0.0000000000000000e+00 1.2096387372447237e-11 -5.2320000000265381e+00 0.0000000000000000e+00 0.0000000000000000e+00 0.0000000000000000e+00 -2.2422857142860710e+00 -1.9619999999570594e+00 -1.1183477079756134e-11 0.0000000000000000e+00 -1.1183477079756134e-11 -4.5780000000120999e+00 0.0000000000000000e+00 0.0000000000000000e+00 0.0000000000000000e+00 -1.9619999999907476e+00 -2.2422857141337316e+00 -4.8706546703288100e-11 0.0000000000000000e+00 -4.8706546703288100e-11 -5.2320000000098172e+00 0.0000000000000000e+00 0.0000000000000000e+00 0.0000000000000000e+00 -2.2422857142430641e+00 -1.9619999999798536e+00 -4.5783422284924114e-11 0.0000000000000000e+00 -4.5783422284924114e-11 -4.5779999999183127e+00 0.0000000000000000e+00 0.0000000000000000e+00 0.0000000000000000e+00 -1.9619999999694495e+00 -1.4014285716668216e+00 3.7671287758337495e-11 0.0000000000000000e+00 3.7671287758337495e-11 -3.2700000001372587e+00 0.0000000000000000e+00 0.0000000000000000e+00 0.0000000000000000e+00 -1.4014285715412240e+00 -1.1211428574204565e+00 8.0621588171070593e-12 0.0000000000000000e+00 8.0621588171070593e-12 -2.6159999999679155e+00 0.0000000000000000e+00 0.0000000000000000e+00 0.0000000000000000e+00 -1.1211428572165116e+00 -1.4014285715444998e+00 4.8830743172785393e-11 0.0000000000000000e+00 4.8830743172785393e-11 -3.2699999999391007e+00 0.0000000000000000e+00 0.0000000000000000e+00 0.0000000000000000e+00 -1.4014285714450803e+00 -1.1211428572139768e+00 8.0752579761552641e-12 0.0000000000000000e+00 8.0752579761552641e-12 -2.6159999999595369e+00 0.0000000000000000e+00 0.0000000000000000e+00 0.0000000000000000e+00 -1.1211428571520541e+00 -1.4014285714507493e+00 3.8538785199375963e-11 0.0000000000000000e+00 3.8538785199375963e-11 -3.2699999999803380e+00 0.0000000000000000e+00 0.0000000000000000e+00 0.0000000000000000e+00 -1.4014285714293264e+00 -1.1211428571562119e+00 1.7903258036052445e-11 0.0000000000000000e+00 1.7903258036052445e-11 -2.6159999999889187e+00 0.0000000000000000e+00 0.0000000000000000e+00 0.0000000000000000e+00 -1.1211428571435393e+00 -1.4014285714273971e+00 2.0008417396132237e-11 0.0000000000000000e+00 2.0008417396132237e-11 -3.2700000000026579e+00 0.0000000000000000e+00 0.0000000000000000e+00 0.0000000000000000e+00 -1.4014285714290162e+00 -1.1211428571386719e+00 1.2939754880457926e-11 0.0000000000000000e+00 1.2939754880457926e-11 -2.6160000000026882e+00 0.0000000000000000e+00 0.0000000000000000e+00 0.0000000000000000e+00 -1.1211428571424078e+00 -1.4014285714246415e+00 9.7086675403612224e-12 0.0000000000000000e+00 9.7086675403612224e-12 -3.2700000000072245e+00 0.0000000000000000e+00 0.0000000000000000e+00 0.0000000000000000e+00 -1.4014285714295596e+00 -1.1211428571341342e+00 6.7606199237409110e-12 0.0000000000000000e+00 6.7606199237409110e-12 -2.6160000000056369e+00 0.0000000000000000e+00 0.0000000000000000e+00 0.0000000000000000e+00 -1.1211428571419315e+00 -1.4014285714224759e+00 3.9032292091831407e-12 0.0000000000000000e+00 3.9032292091831407e-12 -3.2700000000087148e+00 0.0000000000000000e+00 0.0000000000000000e+00 0.0000000000000000e+00 -1.4014285714293571e+00 -1.1211428571305808e+00 3.1557943270104678e-13 0.0000000000000000e+00 3.1557943270104678e-13 -2.6160000000071704e+00 0.0000000000000000e+00 0.0000000000000000e+00 0.0000000000000000e+00 -1.1211428571413253e+00 -1.4014285714151296e+00 -2.8766946697784315e-12 0.0000000000000000e+00 -2.8766946697784315e-12 -3.2700000000117089e+00 0.0000000000000000e+00 0.0000000000000000e+00 0.0000000000000000e+00 -1.4014285714280517e+00 -1.1211428571258233e+00 -8.4523223071532271e-12 0.0000000000000000e+00 -8.4523223071532271e-12 -2.6160000000085000e+00 0.0000000000000000e+00 0.0000000000000000e+00 0.0000000000000000e+00 -1.1211428571402968e+00 -1.4014285714079180e+00 -1.3847437645173952e-11 0.0000000000000000e+00 -1.3847437645173952e-11 -3.2700000000075184e+00 0.0000000000000000e+00 0.0000000000000000e+00 0.0000000000000000e+00 -1.4014285714246306e+00 -1.1211428571253230e+00 -1.5430489565782459e-11 0.0000000000000000e+00 -1.5430489565782459e-11 -2.6160000000021788e+00 0.0000000000000000e+00 0.0000000000000000e+00 0.0000000000000000e+00 -1.1211428571382505e+00 -1.4014285714107286e+00 -1.8838760313397406e-11 0.0000000000000000e+00 -1.8838760313397406e-11 -3.2699999999800928e+00 0.0000000000000000e+00 0.0000000000000000e+00 0.0000000000000000e+00 -1.4014285714172463e+00 -1.1211428571350213e+00 2.1245406412827173e-12 0.0000000000000000e+00 2.1245406412827173e-12 -2.6159999999829653e+00 0.0000000000000000e+00 0.0000000000000000e+00 0.0000000000000000e+00 -1.1211428571353959e+00 -5.6057142845234809e-01 -1.6366036188321866e-10 0.0000000000000000e+00 -1.6366036188321866e-10 -1.3079999999817016e+00 0.0000000000000000e+00 0.0000000000000000e+00 0.0000000000000000e+00 -5.6057142853021491e-01 -2.8028571424245291e-01 1.8311887886413604e-11 0.0000000000000000e+00 1.8311887886413604e-11 -6.5400000001879077e-01 0.0000000000000000e+00 0.0000000000000000e+00 0.0000000000000000e+00 -2.8028571427837312e-01 -5.6057142857741449e-01 -4.2858111368482076e-11 0.0000000000000000e+00 -4.2858111368482076e-11 -1.3080000000090815e+00 0.0000000000000000e+00 0.0000000000000000e+00 0.0000000000000000e+00 -5.6057142857594888e-01 -2.8028571426697235e-01 -9.5192604550133618e-12 0.0000000000000000e+00 -9.5192604550133618e-12 -6.5399999999769898e-01 0.0000000000000000e+00 0.0000000000000000e+00 0.0000000000000000e+00 -2.8028571427940135e-01 -5.6057142857608089e-01 -2.9462650245705160e-12 0.0000000000000000e+00 -2.9462650245705160e-12 -1.3079999999918683e+00 0.0000000000000000e+00 0.0000000000000000e+00 0.0000000000000000e+00 -5.6057142857038467e-01 -2.8028571427944010e-01 9.0890781696078396e-13 0.0000000000000000e+00 9.0890781696078396e-13 -6.5399999999807312e-01 0.0000000000000000e+00 0.0000000000000000e+00 0.0000000000000000e+00 -2.8028571428325399e-01 -5.6057142856403819e-01 7.4229070848771269e-12 0.0000000000000000e+00 7.4229070848771269e-12 -1.3079999999989496e+00 0.0000000000000000e+00 0.0000000000000000e+00 0.0000000000000000e+00 -5.6057142856889630e-01 -2.8028571427112103e-01 3.9336326063571346e-12 0.0000000000000000e+00 3.9336326063571346e-12 -6.5400000000009972e-01 0.0000000000000000e+00 0.0000000000000000e+00 0.0000000000000000e+00 -2.8028571428136623e-01 -5.6057142855525222e-01 5.4342197453943097e-12 0.0000000000000000e+00 5.4342197453943097e-12 -1.3080000000016678e+00 0.0000000000000000e+00 0.0000000000000000e+00 0.0000000000000000e+00 -5.6057142856707598e-01 -2.8028571426177418e-01 2.1860227758162968e-12 0.0000000000000000e+00 2.1860227758162968e-12 -6.5400000000066871e-01 0.0000000000000000e+00 0.0000000000000000e+00 0.0000000000000000e+00 -2.8028571427873283e-01 -5.6057142855087161e-01 5.7179435465054271e-13 0.0000000000000000e+00 5.7179435465054271e-13 -1.3080000000023562e+00 0.0000000000000000e+00 0.0000000000000000e+00 0.0000000000000000e+00 -5.6057142856596820e-01 -2.8028571425899151e-01 -8.4962252629761648e-13 0.0000000000000000e+00 -8.4962252629761648e-13 -6.5400000000095670e-01 0.0000000000000000e+00 0.0000000000000000e+00 0.0000000000000000e+00 -2.8028571427798449e-01 -5.6057142855172160e-01 -5.6300043795399672e-12 0.0000000000000000e+00 -5.6300043795399672e-12 -1.3080000000030154e+00 0.0000000000000000e+00 0.0000000000000000e+00 0.0000000000000000e+00 -5.6057142856642106e-01 -2.8028571426549581e-01 -4.7664655263428859e-12 0.0000000000000000e+00 -4.7664655263428859e-12 -6.5400000000126102e-01 0.0000000000000000e+00 0.0000000000000000e+00 0.0000000000000000e+00 -2.8028571428002702e-01 -5.6057142855846120e-01 -1.1297392402570807e-11 0.0000000000000000e+00 -1.1297392402570807e-11 -1.3080000000021612e+00 0.0000000000000000e+00 0.0000000000000000e+00 0.0000000000000000e+00 -5.6057142856818654e-01 -2.8028571428150756e-01 -8.1058976259482522e-12 0.0000000000000000e+00 -8.1058976259482522e-12 -6.5400000000071934e-01 0.0000000000000000e+00 0.0000000000000000e+00 0.0000000000000000e+00 -2.8028571428466814e-01 -5.6057142856225750e-01 -1.2639424970285143e-11 0.0000000000000000e+00 -1.2639424970285143e-11 -1.3079999999977223e+00 0.0000000000000000e+00 0.0000000000000000e+00 0.0000000000000000e+00 -5.6057142856799391e-01 -2.8028571430224380e-01 -6.5088178536059837e-12 0.0000000000000000e+00 -6.5088178536059837e-12 -6.5399999999350433e-01 0.0000000000000000e+00 0.0000000000000000e+00 0.0000000000000000e+00 -2.8028571428872440e-01
</DataArray>
        <DataArray type="Float64" format="ascii" Name="sigma_eff_xx">
-2.5952380973970199e+00 -2.5277619064283052e+00 -2.5952380959474604e+00 -2.5277619053337950e+00 -2.5952380955480288e+00 -2.5277619050063005e+00 -2.5952380954015073e+00 -2.5277619048873667e+00 -2.5952380953358567e+00 -2.5277619048303519e+00 -2.5952380952892655e+00 -2.5277619047836302e+00 -2.5952380952449463e+00 -2.5277619047373054e+00 -2.5952380951638476e+00 -2.5277619047810509e+00 -2.5952380944001865e+00 -2.5277619062278105e+00 -2.3928095233641637e+00 -2.3253333333758355e+00 -2.3928095240753517e+00 -2.3253333334253572e+00 -2.3928095239756568e+00 -2.3253333333940334e+00 -2.3928095239034204e+00 -2.3253333333844255e+00 -2.3928095238624940e+00 -2.3253333333622876e+00 -2.3928095238243339e+00 -2.3253333333325541e+00 -2.3928095237726636e+00 -2.3253333332932669e+00 -2.3928095237391607e+00 -2.3253333331746386e+00 -2.3928095233978026e+00 -2.3253333322105063e+00 -2.1903809526532982e+00 -2.1229047597096944e+00 -2.1903809520321338e+00 -2.1229047616535861e+00 -2.1903809523056053e+00 -2.1229047618478689e+00 -2.1903809523779838e+00 -2.1229047618963990e+00 -2.1903809523918922e+00 -2.1229047619099797e+00 -2.1903809523892650e+00 -2.1229047619132819e+00 -2.1903809523922639e+00 -2.1229047619320141e+00 -2.1903809524403175e+00 -2.1229047620582020e+00 -2.1903809532469540e+00 -2.1229047621371535e+00 -1.9879523820743843e+00 -1.9204761912520680e+00 -1.9879523810479660e+00 -1.9204761905045948e+00 -1.9879523809196231e+00 -1.9204761904453791e+00 -1.9879523809274382e+00 -1.9204761904554202e+00 -1.9879523809474051e+00 -1.9204761904770848e+00 -1.9879523809588169e+00 -1.9204761904858731e+00 -1.9879523809554651e+00 -1.9204761904561412e+00 -1.9879523809238431e+00 -1.9204761903412304e+00 -1.9879523809474287e+00 -1.9204761901156771e+00 -1.7855238079873497e+00 -1.7180476190246388e+00 -1.7855238093177779e+00 -1.7180476188954490e+00 -1.7855238094364740e+00 -1.7180476189673548e+00 -1.7855238094829406e+00 -1.7180476190196174e+00 -1.7855238095210044e+00 -1.7180476190615792e+00 -1.7855238095489649e+00 -1.7180476190941063e+00 -1.7855238095441532e+00 -1.7180476190965173e+00 -1.7855238094163659e+00 -1.7180476189833669e+00 -1.7855238088772403e+00 -1.7180476185383997e+00 -1.5830952383636880e+00 -1.5156190476342755e+00 -1.5830952379993648e+00 -1.5156190474925439e+00 -1.5830952380076835e+00 -1.5156190475593552e+00 -1.5830952380586301e+00 -1.5156190476041260e+00 -1.5830952381057699e+00 -1.5156190476493405e+00 -1.5830952381570049e+00 -1.5156190477083444e+00 -1.5830952382310379e+00 -1.5156190478114955e+00 -1.5830952384044608e+00 -1.5156190480927552e+00 -1.5830952389162021e+00 -1.5156190492379100e+00 -1.3806666656918403e+00 -1.3131904761471418e+00 -1.3806666665029370e+00 -1.3131904761818918e+00 -1.3806666666187333e+00 -1.3131904761816102e+00 -1.3806666666542693e+00 -1.3131904761946234e+00 -1.3806666666843337e+00 -1.3131904762156676e+00 -1.3806666667234981e+00 -1.3131904762481781e+00 -1.3806666667730516e+00 -1.3131904762742030e+00 -1.3806666667756762e+00 -1.3131904761123170e+00 -1.3806666660224032e+00 -1.3131904757132085e+00 -1.1782380963216958e+00 -1.1107619051207163e+00 -1.1782380955005483e+00 -1.1107619049075563e+00 -1.1782380953027367e+00 -1.1107619048191884e+00 -1.1782380952600697e+00 -1.1107619047793145e+00 -1.1782380952500413e+00 -1.1107619047658448e+00 -1.1782380952541931e+00 -1.1107619047582056e+00 -1.1782380952749807e+00 -1.1107619047840782e+00 -1.1782380952718008e+00 -1.1107619048395148e+00 -1.1782380950150473e+00 -1.1107619044821950e+00 -9.7580952361720108e-01 -9.0833333438876451e-01 -9.7580952385217634e-01 -9.0833333340262401e-01 -9.7580952385368458e-01 -9.0833333332009991e-01 -9.7580952382361963e-01 -9.0833333333017274e-01 -9.7580952380042685e-01 -9.0833333330963484e-01 -9.7580952378197006e-01 -9.0833333329519661e-01 -9.7580952374561680e-01 -9.0833333320298781e-01 -9.7580952378316910e-01 -9.0833333310073172e-01 -9.7580952382305242e-01 -9.0833333349505441e-01 -2.7457619035249263e+00 -2.8288095234237769e+00 -2.7457619045677135e+00 -2.8288095235664530e+00 -2.7457619047530692e+00 -2.8288095237777755e+00 -2.7457619048087176e+00 -2.8288095238542192e+00 -2.7457619048168964e+00 -2.8288095238700031e+00 -2.7457619048077393e+00 -2.8288095238616031e+00 -2.7457619047867463e+00 -2.8288095238260205e+00 -2.7457619047175585e+00 -2.8288095237221582e+00 -2.7457619042019141e+00 -2.8288095241175859e+00 -2.9949047609886983e+00 -3.0779523798209101e+00 -2.9949047614349134e+00 -3.0779523807975293e+00 -2.9949047618094413e+00 -3.0779523809578917e+00 -2.9949047619405800e+00 -3.0779523810281844e+00 -2.9949047619825215e+00 -3.0779523810506855e+00 -2.9949047619911298e+00 -3.0779523810590144e+00 -2.9949047619775402e+00 -3.0779523810610252e+00 -2.9949047619370033e+00 -3.0779523810333522e+00 -2.9949047614983657e+00 -3.0779523810521070e+00 -3.2440476207821143e+00 -3.3270952380662822e+00 -3.2440476193763987e+00 -3.3270952385031909e+00 -3.2440476192315684e+00 -3.3270952383218910e+00 -3.2440476191871523e+00 -3.3270952382533170e+00 -3.2440476191772394e+00 -3.3270952382371588e+00 -3.2440476191864192e+00 -3.3270952382532029e+00 -3.2440476192225942e+00 -3.3270952383137304e+00 -3.2440476193307304e+00 -3.3270952384585568e+00 -3.2440476194569268e+00 -3.3270952390415589e+00 -3.4931904775935667e+00 -3.5762380958931330e+00 -3.4931904768307476e+00 -3.5762380956942592e+00 -3.4931904765289050e+00 -3.5762380954982520e+00 -3.4931904763915993e+00 -3.5762380954083701e+00 -3.4931904763431154e+00 -3.5762380953786002e+00 -3.4931904763391515e+00 -3.5762380953802304e+00 -3.4931904763667982e+00 -3.5762380954027853e+00 -3.4931904764113844e+00 -3.5762380954310218e+00 -3.4931904756049170e+00 -3.5762380964176814e+00 -3.6817777777879854e+00 -3.5831587301735275e+00 -3.6817777779608036e+00 -3.5831587301977299e+00 -3.6817777779369165e+00 -3.5831587302394863e+00 -3.6817777779079921e+00 -3.5831587302520020e+00 -3.6817777778916523e+00 -3.5831587302508772e+00 -3.6817777778846601e+00 -3.5831587302458248e+00 -3.6817777778752570e+00 -3.5831587302327366e+00 -3.6817777778699998e+00 -3.5831587301732251e+00 -3.6817777773044345e+00 -3.5831587302537318e+00 -3.0831428566506931e+00 -2.8028571419674857e+00 -3.0831428568451553e+00 -2.8028571426307316e+00 -3.0831428570801522e+00 -2.8028571428109825e+00 -3.0831428571677417e+00 -2.8028571428759932e+00 -3.0831428571947512e+00 -2.8028571428960820e+00 -3.0831428571983142e+00 -2.8028571428964999e+00 -3.0831428571895096e+00 -2.8028571428884570e+00 -3.0831428571965684e+00 -2.8028571428870452e+00 -3.0831428573698445e+00 -2.8028571428465798e+00 -2.2422857142564085e+00 -1.9620000001224336e+00 -2.2422857141840380e+00 -1.9619999999938496e+00 -2.2422857142353827e+00 -1.9619999999832740e+00 -2.2422857142772368e+00 -1.9619999999977347e+00 -2.2422857142978878e+00 -1.9620000000068860e+00 -2.2422857143019526e+00 -1.9620000000050164e+00 -2.2422857142929793e+00 -1.9619999999902931e+00 -2.2422857142603672e+00 -1.9619999999570594e+00 -2.2422857141337316e+00 -1.9619999999798536e+00 -1.4014285716668216e+00 -1.1211428574204565e+00 -1.4014285715444998e+00 -1.1211428572139768e+00 -1.4014285714507493e+00 -1.1211428571562119e+00 -1.4014285714273971e+00 -1.1211428571386719e+00 -1.4014285714246415e+00 -1.1211428571341342e+00 -1.4014285714224759e+00 -1.1211428571305808e+00 -1.4014285714151296e+00 -1.1211428571258233e+00 -1.4014285714079180e+00 -1.1211428571253230e+00 -1.4014285714107286e+00 -1.1211428571350213e+00 -5.6057142845234809e-01 -2.8028571424245291e-01 -5.6057142857741449e-01 -2.8028571426697235e-01 -5.6057142857608089e-01 -2.8028571427944010e-01 -5.6057142856403819e-01 -2.8028571427112103e-01 -5.6057142855525222e-01 -2.8028571426177418e-01 -5.6057142855087161e-01 -2.8028571425899151e-01 -5.6057142855172160e-01 -2.8028571426549581e-01 -5.6057142855846120e-01 -2.8028571428150756e-01 -5.6057142856225750e-01 -2.8028571430224380e-01
</DataArray>
        <DataArray type="Float64" format="ascii" Name="tau_eff_xy">
-1.8848817342448149e-09 4.9179308504852800e-10 -3.9478968057993086e-10 4.3844841278309160e-11 -8.5576161305644416e-11 2.5215484489048066e-11 -3.2603507158319594e-12 3.2856683747251082e-11 1.4726823837981179e-11 3.1176149715632130e-11 1.1699937017925412e-11 2.3373254492845867e-11 9.9506667427288358e-12 1.2802557590206784e-11 9.3551789571690262e-11 5.1662727912083190e-11 7.8158202460417322e-10 -1.1702438254460986e-10 5.8683746366262430e-10 1.1768098804915733e-10 3.6258612824848586e-10 2.3446244833529136e-10 1.5104098480140202e-10 1.3248987781627589e-10 8.0672425955329554e-11 8.3745070235373422e-11 6.1756707750241708e-11 7.0602315579149516e-11 5.7140058712010030e-11 7.2577462937721131e-11 5.8779101309410030e-11 9.0304176886452001e-11 5.8174146545440305e-12 1.1425322934396798e-10 -3.8639641271905787e-10 8.3887491970051007e-10 7.6475975385845374e-10 8.4338855544502130e-10 2.0819220330382147e-10 3.9540913876336987e-11 1.0346759518205688e-10 6.3760330810741979e-11 8.6221321755500120e-11 7.3668014858995161e-11 7.9737329753156624e-11 7.8252812786872110e-11 8.1500739414049905e-11 8.1007553076269467e-11 8.6372476677824108e-11 6.8926160602872696e-11 9.7424045886733817e-11 1.6417138512734574e-11 -1.3133630037849923e-10 -1.8839245616877708e-10 -2.0774492229633873e-09 3.4496911477095507e-10 -2.1159937728778236e-10 6.7450468502525828e-11 8.9014701738437640e-12 4.0874771736927121e-11 5.2082869458450060e-11 5.1785308308060305e-11 6.7375053141414951e-11 6.6607535105070532e-11 7.7693179471665441e-11 8.2214489914596368e-11 6.9055048673212770e-11 7.4674568717645484e-11 -3.6192800250213842e-12 -3.6512447661309214e-11 -1.8166008318056869e-10 -2.9381838833280630e-10 3.4874214555344816e-10 -5.5309798521382288e-10 1.0249784223076651e-10 -2.6441620160549220e-11 4.2271675537571365e-11 6.3083099892402347e-12 2.9054712799409712e-11 1.6206022736701625e-11 4.2107350319065533e-11 3.7668772306548178e-11 6.8735307286799453e-11 7.6403421023177219e-11 1.0831062004698751e-10 1.5312441033550385e-10 1.5947701507300804e-10 3.2851602445635011e-10 2.1692211276881802e-10 3.9382711623934599e-10 3.7253418932176257e-10 5.3217866136860962e-11 -1.1460972579530667e-11 -2.9791193698040172e-11 -3.5763880076860329e-11 -4.7634520892369165e-11 -2.1423172002040200e-11 -3.1436403699044779e-11 -5.1089403853451241e-13 -9.9684183589318788e-12 3.1398657444293231e-11 1.8682328253682106e-11 8.8431124315904917e-11 4.8616570622383346e-11 2.0258189238491921e-10 -1.5155499895444060e-11 4.9261750960581605e-10 -7.7652061393766856e-10 1.2187703667709357e-10 -5.0932858616622534e-10 -1.1921192710778484e-10 -1.6775292111863958e-10 -8.1253241264934506e-11 -8.8986238529277390e-11 -6.1263746099303867e-11 -6.4261360590809904e-11 -4.3897915298290774e-11 -4.9908976156866017e-11 -2.7749504668991803e-11 -3.6561472037322025e-11 -9.9307279336382561e-12 1.8872266346322556e-12 -3.5492977936776704e-11 5.8794188239585302e-11 2.5890402899002789e-11 1.9933279646312755e-10 1.9384780599351447e-11 2.2177211019094536e-10 -6.4502307091580672e-11 3.1306750996807566e-11 -8.2794288625216840e-11 -5.1038637528286906e-11 -7.0156161347557713e-11 -5.8418122132411976e-11 -6.1347387170652722e-11 -5.7486487341576060e-11 -5.7423325406834729e-11 -6.4906154735446569e-11 -2.8994598832060820e-11 -1.6259684410611657e-11 1.4714528663371897e-10 3.6201278935629533e-10 3.7793293611421074e-10 1.4497457820297328e-10 -2.5394971697423363e-10 -1.4894912713791817e-12 1.3665696447879879e-10 4.0795210038938149e-11 -5.7017754877798154e-12 -1.2976852340486645e-11 -3.8569833080500147e-11 -3.4286819421037579e-11 -4.9070544260403160e-11 -4.4803155108254492e-11 -4.4294240072252095e-11 -3.4074789557685231e-11 -4.9614619192462706e-11 -2.6828896289788548e-11 6.4436152353415425e-11 1.0443649596287585e-10 9.5267600735872821e-10 -8.2338213086443226e-10 4.1540811868027285e-10 2.8163016664664653e-11 -3.3790762665786608e-10 -1.3147081048015330e-10 -1.2438596234401695e-10 -4.1457450695088340e-11 -2.7455002733293182e-11 -5.7879818562837736e-12 -4.0677614244063853e-12 -5.0384731489612827e-12 -7.7829976805525005e-12 -1.7976414975553098e-11 -1.3955242828670854e-11 -2.7788269073933385e-11 -1.6194336412630945e-11 -3.5599995560336531e-11 -4.1042692972184674e-10 2.4787196560120382e-10 -4.1741395941076334e-10 1.4992429163465684e-10 1.2921810606045015e-10 2.5951841026089152e-10 7.0441893830912650e-11 1.0760837562136041e-10 3.1070151328028849e-11 4.1097033595548055e-11 6.7757042133556621e-12 5.0291607986971304e-12 -1.7587217191279390e-11 -2.7386623662114367e-11 -5.3715491002927830e-11 -7.8127806066355698e-11 -1.1022531511367515e-10 -1.6452513961999487e-10 -3.2470849351431235e-10 -5.7915931011515410e-11 7.5642237000002696e-10 -5.3327387123347026e-10 3.8329555197057866e-10 1.6261547137312973e-10 1.8289745247581513e-10 9.4959531230801855e-11 6.9563895020929256e-11 3.9854006927362585e-11 2.0623108088831268e-11 1.2401297441368007e-11 -7.4409563364716373e-12 -3.2726980180171942e-12 -3.9668739363838184e-11 -1.2215796235554429e-11 -9.5647057987921297e-11 4.7326301175962432e-11 -3.9156678655114503e-10 1.0532928978332087e-09 9.3044366869442709e-10 -4.9354102675473716e-10 1.7739569433609116e-11 -1.4544208426624703e-10 7.8622324856067540e-12 -5.0914559505646303e-11 9.5569708680883203e-12 -1.3100643432625575e-11 8.9208010166514837e-12 4.7310431078680674e-12 1.2275878652729829e-11 2.1885945782495925e-11 2.3313332306933663e-11 5.4905138014957311e-11 2.6735621362528879e-11 8.8991208628876191e-11 -6.5668657970291560e-10 3.3685787238118403e-10 2.1643672450262650e-11 -2.2986864198140121e-10 -2.7199179038153997e-10 -2.1420412959720033e-10 -1.4322142840308573e-10 -1.0633062553026160e-10 -5.3844194272778112e-11 -3.9752079633922234e-11 -1.0656651629072085e-11 -3.7534803505609788e-12 1.5453206288997973e-11 2.0432197547835728e-11 3.8017012091489351e-11 3.8860579319534262e-11 6.5749760265094438e-11 2.1175098436633683e-11 -1.6776716050924984e-10 -3.0368683663627154e-10 -2.9744368630756765e-10 -1.4840799228088891e-10 -1.3472623976168705e-10 -5.1968894746596109e-12 -7.5501880475659817e-11 -2.1541652878966111e-11 -3.8501079645209200e-11 -1.4246283984775198e-11 -1.0306779003009302e-11 2.2735481295788573e-13 1.0058278943492054e-11 1.3593282710420078e-11 2.2931923377681385e-11 2.3608481081457543e-11 2.8591486592052504e-11 4.5724189246300045e-11 6.1447318123031440e-11 1.6711269885846445e-10 5.5449292546063229e-10 1.2187216779047957e-10 1.8588741612520751e-10 1.0245034549335583e-10 4.8495710271245447e-11 3.8025116909625480e-11 8.8056206890982186e-12 1.2460455965981675e-11 3.7604289949876423e-12 6.9127969864422425e-12 7.8021024417614655e-12 6.9647409924141740e-12 1.2576962230665200e-11 6.0260193227514681e-12 1.2096387372447237e-11 -1.1183477079756134e-11 -4.8706546703288100e-11 -4.5783422284924114e-11 3.7671287758337495e-11 8.0621588171070593e-12 4.8830743172785393e-11 8.0752579761552641e-12 3.8538785199375963e-11 1.7903258036052445e-11 2.0008417396132237e-11 1.2939754880457926e-11 9.7086675403612224e-12 6.7606199237409110e-12 3.9032292091831407e-12 3.1557943270104678e-13 -2.8766946697784315e-12 -8.4523223071532271e-12 -1.3847437645173952e-11 -1.5430489565782459e-11 -1.8838760313397406e-11 2.1245406412827173e-12 -1.6366036188321866e-10 1.8311887886413604e-11 -4.2858111368482076e-11 -9.5192604550133618e-12 -2.9462650245705160e-12 9.0890781696078396e-13 7.4229070848771269e-12 3.9336326063571346e-12 5.4342197453943097e-12 2.1860227758162968e-12 5.7179435465054271e-13 -8.4962252629761648e-13 -5.6300043795399672e-12 -4.7664655263428859e-12 -1.1297392402570807e-11 -8.1058976259482522e-12 -1.2639424970285143e-11 -6.5088178536059837e-12
</DataArray>
        <DataArray type="Float64" format="ascii" Name="sigma_eff_yy">
-1.3080000001127649e+01 -1.3406999999731696e+01 -1.3079999999536851e+01 -1.3406999999764516e+01 -1.3079999999893221e+01 -1.3406999999923144e+01 -1.3079999999975549e+01 -1.3406999999985786e+01 -1.3080000000004123e+01 -1.3407000000013296e+01 -1.3080000000021840e+01 -1.3407000000029694e+01 -1.3080000000033200e+01 -1.3407000000015861e+01 -1.3080000000022551e+01 -1.3406999999807606e+01 -1.3079999999938117e+01 -1.3407000000206855e+01 -1.4061000000049802e+01 -1.4387999999926603e+01 -1.4061000000012895e+01 -1.4387999999952656e+01 -1.4060999999935015e+01 -1.4387999999980986e+01 -1.4060999999980998e+01 -1.4388000000001442e+01 -1.4061000000010321e+01 -1.4388000000019469e+01 -1.4061000000030099e+01 -1.4388000000034284e+01 -1.4061000000040277e+01 -1.4388000000048876e+01 -1.4061000000007127e+01 -1.4388000000167947e+01 -1.4061000000142887e+01 -1.4387999999705755e+01 -1.5041999999161707e+01 -1.5369000000338367e+01 -1.5042000000030660e+01 -1.5369000000063073e+01 -1.5042000000022863e+01 -1.5369000000010370e+01 -1.5042000000010999e+01 -1.5369000000010145e+01 -1.5042000000016611e+01 -1.5369000000017863e+01 -1.5042000000025443e+01 -1.5369000000025409e+01 -1.5042000000025810e+01 -1.5369000000017030e+01 -1.5042000000005226e+01 -1.5368999999975578e+01 -1.5041999999842627e+01 -1.5369000000415497e+01 -1.6023000000389349e+01 -1.6349999999572930e+01 -1.6022999999722472e+01 -1.6349999999881597e+01 -1.6022999999950137e+01 -1.6349999999967206e+01 -1.6022999999993836e+01 -1.6349999999994193e+01 -1.6023000000007517e+01 -1.6350000000006347e+01 -1.6023000000020708e+01 -1.6350000000027091e+01 -1.6023000000043840e+01 -1.6350000000076786e+01 -1.6023000000071615e+01 -1.6350000000119778e+01 -1.6023000000084220e+01 -1.6350000000047622e+01 -1.7003999999690954e+01 -1.7330999999785831e+01 -1.7004000000026686e+01 -1.7330999999936374e+01 -1.7003999999976667e+01 -1.7330999999975052e+01 -1.7003999999983897e+01 -1.7330999999981259e+01 -1.7003999999989368e+01 -1.7330999999982176e+01 -1.7004000000000559e+01 -1.7330999999994056e+01 -1.7004000000044002e+01 -1.7331000000047062e+01 -1.7004000000161813e+01 -1.7331000000197086e+01 -1.7004000000208404e+01 -1.7330999999971382e+01 -1.7984999999871960e+01 -1.8311999999815036e+01 -1.7984999999857283e+01 -1.8311999999950356e+01 -1.7984999999955996e+01 -1.8311999999965415e+01 -1.7984999999970384e+01 -1.8311999999963476e+01 -1.7984999999965265e+01 -1.8311999999953322e+01 -1.7984999999958660e+01 -1.8311999999941921e+01 -1.7984999999961683e+01 -1.8311999999935985e+01 -1.7984999999981909e+01 -1.8311999999912238e+01 -1.7985000000135710e+01 -1.8312000000856209e+01 -1.8965999999700696e+01 -1.9292999999968330e+01 -1.8966000000034747e+01 -1.9292999999924135e+01 -1.8965999999967224e+01 -1.9292999999947270e+01 -1.8965999999955876e+01 -1.9292999999946506e+01 -1.8965999999945378e+01 -1.9292999999936345e+01 -1.8965999999931284e+01 -1.9292999999922646e+01 -1.8965999999932119e+01 -1.9292999999952862e+01 -1.8966000000051835e+01 -1.9293000000209435e+01 -1.8966000000534258e+01 -1.9293000000102872e+01 -1.9947000000194489e+01 -2.0273999999982419e+01 -1.9946999999769602e+01 -2.0273999999917063e+01 -1.9946999999918923e+01 -2.0273999999931867e+01 -1.9946999999937518e+01 -2.0273999999936230e+01 -1.9946999999934480e+01 -2.0273999999930922e+01 -1.9946999999919971e+01 -2.0273999999904301e+01 -1.9946999999882618e+01 -2.0273999999820607e+01 -1.9946999999948563e+01 -2.0273999999961259e+01 -1.9947000000407126e+01 -2.0274000000677731e+01 -2.0928000000230515e+01 -2.1254999999418011e+01 -2.0928000000140603e+01 -2.1255000000109142e+01 -2.0927999999956839e+01 -2.1254999999974380e+01 -2.0927999999939203e+01 -2.1254999999949209e+01 -2.0927999999933654e+01 -2.1254999999929719e+01 -2.0927999999924992e+01 -2.1254999999919075e+01 -2.0927999999824188e+01 -2.1254999999743976e+01 -2.0927999999531149e+01 -2.1254999999023578e+01 -2.0928000000670444e+01 -2.1255000001773521e+01 -1.2462333332989951e+01 -1.2171666666490951e+01 -1.2462333333510285e+01 -1.2171666666800526e+01 -1.2462333333376096e+01 -1.2171666666726138e+01 -1.2462333333348161e+01 -1.2171666666685615e+01 -1.2462333333342155e+01 -1.2171666666675538e+01 -1.2462333333349665e+01 -1.2171666666684709e+01 -1.2462333333367274e+01 -1.2171666666709765e+01 -1.2462333333406983e+01 -1.2171666666709829e+01 -1.2462333333326882e+01 -1.2171666666500533e+01 -1.1590333332600709e+01 -1.1299666666830015e+01 -1.1590333333558183e+01 -1.1299666666773097e+01 -1.1590333333434819e+01 -1.1299666666707791e+01 -1.1590333333362828e+01 -1.1299666666669205e+01 -1.1590333333335019e+01 -1.1299666666655366e+01 -1.1590333333332479e+01 -1.1299666666656652e+01 -1.1590333333349310e+01 -1.1299666666671962e+01 -1.1590333333380546e+01 -1.1299666666711337e+01 -1.1590333333394526e+01 -1.1299666666577432e+01 -1.0718333333507003e+01 -1.0427666666925134e+01 -1.0718333333199595e+01 -1.0427666666574671e+01 -1.0718333333280869e+01 -1.0427666666591977e+01 -1.0718333333298760e+01 -1.0427666666617371e+01 -1.0718333333301759e+01 -1.0427666666626164e+01 -1.0718333333301091e+01 -1.0427666666625335e+01 -1.0718333333297693e+01 -1.0427666666615766e+01 -1.0718333333294398e+01 -1.0427666666593282e+01 -1.0718333333323100e+01 -1.0427666667026834e+01 -9.8463333339042638e+00 -9.5556666667314527e+00 -9.8463333331764762e+00 -9.5556666665652923e+00 -9.8463333332126268e+00 -9.5556666665781833e+00 -9.8463333332591017e+00 -9.5556666666080616e+00 -9.8463333332830150e+00 -9.5556666666238836e+00 -9.8463333332911418e+00 -9.5556666666311934e+00 -9.8463333332940195e+00 -9.5556666666374124e+00 -9.8463333333355862e+00 -9.5556666666313994e+00 -9.8463333336076566e+00 -9.5556666666302092e+00 -8.9137777778768328e+00 -8.4414444443864536e+00 -8.9137777777982627e+00 -8.4414444444746124e+00 -8.9137777777488001e+00 -8.4414444444442420e+00 -8.9137777777424301e+00 -8.4414444444274235e+00 -8.9137777777470664e+00 -8.4414444444257075e+00 -8.9137777777547296e+00 -8.4414444444330261e+00 -8.9137777777697096e+00 -8.4414444444522054e+00 -8.9137777778047766e+00 -8.4414444445237748e+00 -8.9137777779517648e+00 -8.4414444442389840e+00 -7.1939999995717150e+00 -6.5400000000359508e+00 -7.1940000001047668e+00 -6.5400000001040670e+00 -7.1940000000642197e+00 -6.5400000000495586e+00 -7.1940000000184776e+00 -6.5400000000162519e+00 -7.1940000000001785e+00 -6.5400000000040457e+00 -7.1939999999987547e+00 -6.5400000000050040e+00 -7.1940000000068478e+00 -6.5400000000113625e+00 -7.1940000000113224e+00 -6.5400000000212692e+00 -7.1939999999400346e+00 -6.5400000000367102e+00 -5.2319999999778091e+00 -4.5779999999288989e+00 -5.2319999999864821e+00 -4.5779999999827234e+00 -5.2320000000316922e+00 -4.5780000000135086e+00 -5.2320000000221150e+00 -4.5780000000138603e+00 -5.2320000000118210e+00 -4.5780000000104009e+00 -5.2320000000097933e+00 -4.5780000000118335e+00 -5.2320000000148328e+00 -4.5780000000176724e+00 -5.2320000000265381e+00 -4.5780000000120999e+00 -5.2320000000098172e+00 -4.5779999999183127e+00 -3.2700000001372587e+00 -2.6159999999679155e+00 -3.2699999999391007e+00 -2.6159999999595369e+00 -3.2699999999803380e+00 -2.6159999999889187e+00 -3.2700000000026579e+00 -2.6160000000026882e+00 -3.2700000000072245e+00 -2.6160000000056369e+00 -3.2700000000087148e+00 -2.6160000000071704e+00 -3.2700000000117089e+00 -2.6160000000085000e+00 -3.2700000000075184e+00 -2.6160000000021788e+00 -3.2699999999800928e+00 -2.6159999999829653e+00 -1.3079999999817016e+00 -6.5400000001879077e-01 -1.3080000000090815e+00 -6.5399999999769898e-01 -1.3079999999918683e+00 -6.5399999999807312e-01 -1.3079999999989496e+00 -6.5400000000009972e-01 -1.3080000000016678e+00 -6.5400000000066871e-01 -1.3080000000023562e+00 -6.5400000000095670e-01 -1.3080000000030154e+00 -6.5400000000126102e-01 -1.3080000000021612e+00 -6.5400000000071934e-01 -1.3079999999977223e+00 -6.5399999999350433e-01
</DataArray>
        <DataArray type="Float64" format="ascii" Name="sigma_eff_zz">
-2.5952380962234622e+00 -2.5277619051801481e+00 -2.5952380953113803e+00 -2.5277619048616904e+00 -2.5952380952984861e+00 -2.5277619048110798e+00 -2.5952380952792513e+00 -2.5277619047942408e+00 -2.5952380952681535e+00 -2.5277619047854385e+00 -2.5952380952595164e+00 -2.5277619047763893e+00 -2.5952380952496528e+00 -2.5277619047583921e+00 -2.5952380952221543e+00 -2.5277619047090893e+00 -2.5952380949677507e+00 -2.5277619052629414e+00 -2.3928095236898699e+00 -2.3253333333237798e+00 -2.3928095238920983e+00 -2.3253333333462631e+00 -2.3928095238387672e+00 -2.3253333333451720e+00 -2.3928095238308327e+00 -2.3253333333482362e+00 -2.3928095238272920e+00 -2.3253333333468138e+00 -2.3928095238217217e+00 -2.3253333333421464e+00 -2.3928095238092157e+00 -2.3253333333345476e+00 -2.3928095237891602e+00 -2.3253333333344925e+00 -2.3928095237274234e+00 -2.3253333329064021e+00 -2.1903809522126747e+00 -2.1229047613500036e+00 -2.1903809522865330e+00 -2.1229047618499495e+00 -2.1903809523657585e+00 -2.1229047618917920e+00 -2.1903809523834346e+00 -2.1229047619056520e+00 -2.1903809523888125e+00 -2.1229047619114092e+00 -2.1903809523901963e+00 -2.1229047619140302e+00 -2.1903809523907305e+00 -2.1229047619165069e+00 -2.1903809523984923e+00 -2.1229047619412946e+00 -2.1903809525912274e+00 -2.1229047620963239e+00 -1.9879523814101605e+00 -1.9204761905858001e+00 -1.9879523809012314e+00 -1.9204761904530627e+00 -1.9879523809300863e+00 -1.9204761904598846e+00 -1.9879523809446034e+00 -1.9204761904698955e+00 -1.9879523809537532e+00 -1.9204761904789465e+00 -1.9879523809601929e+00 -1.9204761904867094e+00 -1.9879523809651867e+00 -1.9204761904916030e+00 -1.9879523809630903e+00 -1.9204761904689309e+00 -1.9879523809730104e+00 -1.9204761903785212e+00 -1.7855238089765972e+00 -1.7180476189826772e+00 -1.7855238094751757e+00 -1.7180476189877920e+00 -1.7855238094945076e+00 -1.7180476190196765e+00 -1.7855238095093484e+00 -1.7180476190359291e+00 -1.7855238095211341e+00 -1.7180476190474998e+00 -1.7855238095316099e+00 -1.7180476190595304e+00 -1.7855238095419275e+00 -1.7180476190748670e+00 -1.7855238095376642e+00 -1.7180476190846374e+00 -1.7855238093886348e+00 -1.7180476188821456e+00 -1.5830952381435779e+00 -1.5156190475734170e+00 -1.5830952380286807e+00 -1.5156190475704074e+00 -1.5830952380595953e+00 -1.5156190475938904e+00 -1.5830952380779975e+00 -1.5156190476056564e+00 -1.5830952380894050e+00 -1.5156190476150919e+00 -1.5830952381016004e+00 -1.5156190476282936e+00 -1.5830952381235195e+00 -1.5156190476563740e+00 -1.5830952381804182e+00 -1.5156190477325435e+00 -1.5830952383788865e+00 -1.5156190483581995e+00 -1.3806666662889449e+00 -1.3131904761716771e+00 -1.3806666666316318e+00 -1.3131904761681035e+00 -1.3806666666452627e+00 -1.3131904761742224e+00 -1.3806666666516676e+00 -1.3131904761771571e+00 -1.3806666666566796e+00 -1.3131904761796835e+00 -1.3806666666633494e+00 -1.3131904761845863e+00 -1.3806666666776146e+00 -1.3131904762007196e+00 -1.3806666667134628e+00 -1.3131904762283866e+00 -1.3806666666313536e+00 -1.3131904760759476e+00 -1.1782380956243390e+00 -1.1107619048663888e+00 -1.1782380952500138e+00 -1.1107619047824309e+00 -1.1782380952349534e+00 -1.1107619047599582e+00 -1.1782380952272196e+00 -1.1107619047489041e+00 -1.1782380952227842e+00 -1.1107619047428716e+00 -1.1782380952191658e+00 -1.1107619047321926e+00 -1.1782380952136804e+00 -1.1107619047144437e+00 -1.1782380952319993e+00 -1.1107619047728690e+00 -1.1782380952920275e+00 -1.1107619048802109e+00 -9.7580952382209318e-01 -9.0833333347587519e-01 -9.7580952386541742e-01 -9.0833333338727462e-01 -9.7580952381054797e-01 -9.0833333332199051e-01 -9.7580952379604458e-01 -9.0833333331736621e-01 -9.7580952378723029e-01 -9.0833333330526023e-01 -9.7580952377890051e-01 -9.0833333329763610e-01 -9.7580952373756169e-01 -9.0833333321735066e-01 -9.7580952366071838e-01 -9.0833333297045893e-01 -9.7580952401428078e-01 -9.0833333391364157e-01 -2.7457619042877952e+00 -2.8288095236410848e+00 -2.7457619047567330e+00 -2.8288095237767599e+00 -2.7457619047720816e+00 -2.8288095238178403e+00 -2.7457619047803963e+00 -2.8288095238286175e+00 -2.7457619047810495e+00 -2.8288095238303295e+00 -2.7457619047805539e+00 -2.8288095238305622e+00 -2.7457619047795396e+00 -2.8288095238274020e+00 -2.7457619047706965e+00 -2.8288095237962629e+00 -2.7457619045919719e+00 -2.8288095238521018e+00 -2.9949047614101563e+00 -3.0779523806619440e+00 -2.9949047618312612e+00 -3.0779523809378539e+00 -2.9949047619066125e+00 -3.0779523809663720e+00 -2.9949047619243561e+00 -3.0779523809758844e+00 -2.9949047619285949e+00 -3.0779523809784828e+00 -2.9949047619304157e+00 -3.0779523809813671e+00 -2.9949047619313887e+00 -3.0779523809865625e+00 -2.9949047619285980e+00 -3.0779523809900744e+00 -2.9949047618012004e+00 -3.0779523809555291e+00 -3.2440476196200687e+00 -3.3270952381640915e+00 -3.2440476191061305e+00 -3.3270952381900254e+00 -3.2440476190870635e+00 -3.3270952381408270e+00 -3.2440476190791072e+00 -3.3270952381278729e+00 -3.2440476190770315e+00 -3.3270952381256627e+00 -3.2440476190795864e+00 -3.3270952381302279e+00 -3.2440476190894194e+00 -3.3270952381455157e+00 -3.2440476191208725e+00 -3.3270952381822183e+00 -3.2440476191673406e+00 -3.3270952384871850e+00 -3.4931904767826820e+00 -3.5762380954540407e+00 -3.4931904763354988e+00 -3.5762380953445310e+00 -3.4931904762557919e+00 -3.5762380952895962e+00 -3.4931904762285431e+00 -3.5762380952715969e+00 -3.4931904762211721e+00 -3.5762380952674131e+00 -3.4931904762224200e+00 -3.5762380952700932e+00 -3.4931904762315784e+00 -3.5762380952787258e+00 -3.4931904762574248e+00 -3.5762380952853916e+00 -3.4931904760971046e+00 -3.5762380955810338e+00 -3.6817777778105820e+00 -3.5831587301457715e+00 -3.6817777778388305e+00 -3.5831587301794805e+00 -3.6817777778168259e+00 -3.5831587301828955e+00 -3.6817777778062379e+00 -3.5831587301816050e+00 -3.6817777778027274e+00 -3.5831587301807528e+00 -3.6817777778029277e+00 -3.5831587301814327e+00 -3.6817777778046001e+00 -3.5831587301832601e+00 -3.6817777778135437e+00 -3.5831587301868772e+00 -3.6817777776879694e+00 -3.5831587301256191e+00 -3.0831428568667216e+00 -2.8028571426010309e+00 -3.0831428570849759e+00 -2.8028571428204399e+00 -3.0831428571433115e+00 -2.8028571428581626e+00 -3.0831428571558659e+00 -2.8028571428676736e+00 -3.0831428571584789e+00 -2.8028571428700380e+00 -3.0831428571591206e+00 -2.8028571428704514e+00 -3.0831428571589070e+00 -2.8028571428699456e+00 -3.0831428571623674e+00 -2.8028571428724942e+00 -3.0831428571929633e+00 -2.8028571428649873e+00 -2.2422857142702655e+00 -1.9620000000154001e+00 -2.2422857142511554e+00 -1.9619999999929718e+00 -2.2422857142801220e+00 -1.9619999999990347e+00 -2.2422857142898049e+00 -1.9620000000034783e+00 -2.2422857142929127e+00 -1.9620000000051863e+00 -2.2422857142935233e+00 -1.9620000000050553e+00 -2.2422857142923434e+00 -1.9620000000023896e+00 -2.2422857142860710e+00 -1.9619999999907476e+00 -2.2422857142430641e+00 -1.9619999999694495e+00 -1.4014285715412240e+00 -1.1211428572165116e+00 -1.4014285714450803e+00 -1.1211428571520541e+00 -1.4014285714293264e+00 -1.1211428571435393e+00 -1.4014285714290162e+00 -1.1211428571424078e+00 -1.4014285714295596e+00 -1.1211428571419315e+00 -1.4014285714293571e+00 -1.1211428571413253e+00 -1.4014285714280517e+00 -1.1211428571402968e+00 -1.4014285714246306e+00 -1.1211428571382505e+00 -1.4014285714172463e+00 -1.1211428571353959e+00 -5.6057142853021491e-01 -2.8028571427837312e-01 -5.6057142857594888e-01 -2.8028571427940135e-01 -5.6057142857038467e-01 -2.8028571428325399e-01 -5.6057142856889630e-01 -2.8028571428136623e-01 -5.6057142856707598e-01 -2.8028571427873283e-01 -5.6057142856596820e-01 -2.8028571427798449e-01 -5.6057142856642106e-01 -2.8028571428002702e-01 -5.6057142856818654e-01 -2.8028571428466814e-01 -5.6057142856799391e-01 -2.8028571428872440e-01
</DataArray>
        <DataArray type="Float64" format="ascii" Name="sigma_eff_1">
-2.5952380962234622e+00 -2.5277619051801481e+00 -2.5952380953113803e+00 -2.5277619048616904e+00 -2.5952380952984861e+00 -2.5277619048110798e+00 -2.5952380952792513e+00 -2.5277619047942408e+00 -2.5952380952681535e+00 -2.5277619047854385e+00 -2.5952380952595164e+00 -2.5277619047763893e+00 -2.5952380952449463e+00 -2.5277619047373054e+00 -2.5952380951638476e+00 -2.5277619047090893e+00 -2.5952380944001865e+00 -2.5277619052629414e+00 -2.3928095233641637e+00 -2.3253333333237798e+00 -2.3928095238920983e+00 -2.3253333333462631e+00 -2.3928095238387672e+00 -2.3253333333451720e+00 -2.3928095238308327e+00 -2.3253333333482362e+00 -2.3928095238272920e+00 -2.3253333333468138e+00 -2.3928095238217217e+00 -2.3253333333325541e+00 -2.3928095237726636e+00 -2.3253333332932669e+00 -2.3928095237391607e+00 -2.3253333331746386e+00 -2.3928095233978026e+00 -2.3253333322105063e+00 -2.1903809522126747e+00 -2.1229047597096944e+00 -2.1903809520321338e+00 -2.1229047616535865e+00 -2.1903809523056053e+00 -2.1229047618478689e+00 -2.1903809523779838e+00 -2.1229047618963990e+00 -2.1903809523888125e+00 -2.1229047619099797e+00 -2.1903809523892650e+00 -2.1229047619132819e+00 -2.1903809523907305e+00 -2.1229047619165069e+00 -2.1903809523984923e+00 -2.1229047619412946e+00 -2.1903809525912274e+00 -2.1229047620963239e+00 -1.9879523814101605e+00 -1.9204761905858001e+00 -1.9879523809012314e+00 -1.9204761904530627e+00 -1.9879523809196231e+00 -1.9204761904453791e+00 -1.9879523809274382e+00 -1.9204761904554202e+00 -1.9879523809474051e+00 -1.9204761904770848e+00 -1.9879523809588169e+00 -1.9204761904858731e+00 -1.9879523809554651e+00 -1.9204761904561412e+00 -1.9879523809238431e+00 -1.9204761903412304e+00 -1.9879523809474287e+00 -1.9204761901156771e+00 -1.7855238079873497e+00 -1.7180476189826772e+00 -1.7855238093177779e+00 -1.7180476188954490e+00 -1.7855238094364740e+00 -1.7180476189673548e+00 -1.7855238094829406e+00 -1.7180476190196174e+00 -1.7855238095210044e+00 -1.7180476190474998e+00 -1.7855238095316099e+00 -1.7180476190595304e+00 -1.7855238095419275e+00 -1.7180476190748670e+00 -1.7855238094163659e+00 -1.7180476189833669e+00 -1.7855238088772403e+00 -1.7180476185383997e+00 -1.5830952381435779e+00 -1.5156190475734170e+00 -1.5830952379993648e+00 -1.5156190474925439e+00 -1.5830952380076835e+00 -1.5156190475593552e+00 -1.5830952380586301e+00 -1.5156190476041260e+00 -1.5830952380894050e+00 -1.5156190476150919e+00 -1.5830952381016004e+00 -1.5156190476282936e+00 -1.5830952381235195e+00 -1.5156190476563740e+00 -1.5830952381804182e+00 -1.5156190477325435e+00 -1.5830952383788865e+00 -1.5156190483581995e+00 -1.3806666656918403e+00 -1.3131904761471418e+00 -1.3806666665029370e+00 -1.3131904761681035e+00 -1.3806666666187333e+00 -1.3131904761742224e+00 -1.3806666666516676e+00 -1.3131904761771571e+00 -1.3806666666566796e+00 -1.3131904761796835e+00 -1.3806666666633494e+00 -1.3131904761845863e+00 -1.3806666666776146e+00 -1.3131904762007196e+00 -1.3806666667134628e+00 -1.3131904761123170e+00 -1.3806666660224032e+00 -1.3131904757132085e+00 -1.1782380956243390e+00 -1.1107619048663888e+00 -1.1782380952500138e+00 -1.1107619047824309e+00 -1.1782380952349534e+00 -1.1107619047599582e+00 -1.1782380952272196e+00 -1.1107619047489041e+00 -1.1782380952227842e+00 -1.1107619047428716e+00 -1.1782380952191658e+00 -1.1107619047321926e+00 -1.1782380952136804e+00 -1.1107619047144437e+00 -1.1782380952319993e+00 -1.1107619047728690e+00 -1.1782380950150473e+00 -1.1107619044821950e+00 -9.7580952361720108e-01 -9.0833333347587519e-01 -9.7580952385217634e-01 -9.0833333338727462e-01 -9.7580952381054797e-01 -9.0833333332009991e-01 -9.7580952379604458e-01 -9.0833333331736621e-01 -9.7580952378723029e-01 -9.0833333330526023e-01 -9.7580952377890051e-01 -9.0833333329519661e-01 -9.7580952373756169e-01 -9.0833333320298781e-01 -9.7580952366071838e-01 -9.0833333297045893e-01 -9.7580952382305242e-01 -9.0833333349505441e-01 -2.7457619035249263e+00 -2.8288095234237769e+00 -2.7457619045677135e+00 -2.8288095235664530e+00 -2.7457619047530692e+00 -2.8288095237777755e+00 -2.7457619047803963e+00 -2.8288095238286175e+00 -2.7457619047810495e+00 -2.8288095238303295e+00 -2.7457619047805539e+00 -2.8288095238305622e+00 -2.7457619047795396e+00 -2.8288095238260205e+00 -2.7457619047175585e+00 -2.8288095237221582e+00 -2.7457619042019141e+00 -2.8288095238521018e+00 -2.9949047609886983e+00 -3.0779523798209101e+00 -2.9949047614349134e+00 -3.0779523807975293e+00 -2.9949047618094413e+00 -3.0779523809578917e+00 -2.9949047619243561e+00 -3.0779523809758844e+00 -2.9949047619285949e+00 -3.0779523809784828e+00 -2.9949047619304157e+00 -3.0779523809813671e+00 -2.9949047619313887e+00 -3.0779523809865625e+00 -2.9949047619285980e+00 -3.0779523809900744e+00 -2.9949047614983657e+00 -3.0779523809555291e+00 -3.2440476196200687e+00 -3.3270952380662822e+00 -3.2440476191061305e+00 -3.3270952381900254e+00 -3.2440476190870635e+00 -3.3270952381408270e+00 -3.2440476190791072e+00 -3.3270952381278729e+00 -3.2440476190770315e+00 -3.3270952381256627e+00 -3.2440476190795864e+00 -3.3270952381302279e+00 -3.2440476190894194e+00 -3.3270952381455157e+00 -3.2440476191208725e+00 -3.3270952381822183e+00 -3.2440476191673406e+00 -3.3270952384871850e+00 -3.4931904767826820e+00 -3.5762380954540407e+00 -3.4931904763354988e+00 -3.5762380953445310e+00 -3.4931904762557919e+00 -3.5762380952895962e+00 -3.4931904762285431e+00 -3.5762380952715969e+00 -3.4931904762211721e+00 -3.5762380952674131e+00 -3.4931904762224200e+00 -3.5762380952700932e+00 -3.4931904762315784e+00 -3.5762380952787258e+00 -3.4931904762574248e+00 -3.5762380952853916e+00 -3.4931904756049170e+00 -3.5762380955810338e+00 -3.6817777777879854e+00 -3.5831587301457715e+00 -3.6817777778388305e+00 -3.5831587301794805e+00 -3.6817777778168259e+00 -3.5831587301828955e+00 -3.6817777778062379e+00 -3.5831587301816050e+00 -3.6817777778027274e+00 -3.5831587301807528e+00 -3.6817777778029277e+00 -3.5831587301814327e+00 -3.6817777778046001e+00 -3.5831587301832601e+00 -3.6817777778135437e+00 -3.5831587301732251e+00 -3.6817777773044345e+00 -3.5831587301256191e+00 -3.0831428566506931e+00 -2.8028571419674857e+00 -3.0831428568451553e+00 -2.8028571426307316e+00 -3.0831428570801522e+00 -2.8028571428109825e+00 -3.0831428571558659e+00 -2.8028571428676736e+00 -3.0831428571584789e+00 -2.8028571428700380e+00 -3.0831428571591206e+00 -2.8028571428704514e+00 -3.0831428571589070e+00 -2.8028571428699456e+00 -3.0831428571623674e+00 -2.8028571428724942e+00 -3.0831428571929633e+00 -2.8028571428465798e+00 -2.2422857142564085e+00 -1.9620000000154001e+00 -2.2422857141840380e+00 -1.9619999999929718e+00 -2.2422857142353827e+00 -1.9619999999832740e+00 -2.2422857142772368e+00 -1.9619999999977347e+00 -2.2422857142929127e+00 -1.9620000000051863e+00 -2.2422857142935233e+00 -1.9620000000050164e+00 -2.2422857142923434e+00 -1.9619999999902931e+00 -2.2422857142603672e+00 -1.9619999999570594e+00 -2.2422857141337316e+00 -1.9619999999694495e+00 -1.4014285715412240e+00 -1.1211428572165116e+00 -1.4014285714450803e+00 -1.1211428571520541e+00 -1.4014285714293264e+00 -1.1211428571435393e+00 -1.4014285714273971e+00 -1.1211428571386719e+00 -1.4014285714246415e+00 -1.1211428571341342e+00 -1.4014285714224759e+00 -1.1211428571305808e+00 -1.4014285714151293e+00 -1.1211428571258233e+00 -1.4014285714079180e+00 -1.1211428571253230e+00 -1.4014285714107286e+00 -1.1211428571350213e+00 -5.6057142845234809e-01 -2.8028571424245291e-01 -5.6057142857594888e-01 -2.8028571426697235e-01 -5.6057142857038467e-01 -2.8028571427944010e-01 -5.6057142856403819e-01 -2.8028571427112103e-01 -5.6057142855525222e-01 -2.8028571426177418e-01 -5.6057142855087161e-01 -2.8028571425899151e-01 -5.6057142855172160e-01 -2.8028571426549581e-01 -5.6057142855846120e-01 -2.8028571428150756e-01 -5.6057142856225750e-01 -2.8028571428872440e-01
</DataArray>
        <DataArray type="Float64" format="ascii" Name="sigma_eff_2">
-2.5952380973970199e+00 -2.5277619064283052e+00 -2.5952380959474604e+00 -2.5277619053337950e+00 -2.5952380955480288e+00 -2.5277619050063005e+00 -2.5952380954015073e+00 -2.5277619048873667e+00 -2.5952380953358567e+00 -2.5277619048303519e+00 -2.5952380952892655e+00 -2.5277619047836302e+00 -2.5952380952496528e+00 -2.5277619047583921e+00 -2.5952380952221543e+00 -2.5277619047810509e+00 -2.5952380949677507e+00 -2.5277619062278105e+00 -2.3928095236898699e+00 -2.3253333333758355e+00 -2.3928095240753517e+00 -2.3253333334253572e+00 -2.3928095239756573e+00 -2.3253333333940334e+00 -2.3928095239034199e+00 -2.3253333333844255e+00 -2.3928095238624940e+00 -2.3253333333622881e+00 -2.3928095238243339e+00 -2.3253333333421464e+00 -2.3928095238092157e+00 -2.3253333333345476e+00 -2.3928095237891602e+00 -2.3253333333344925e+00 -2.3928095237274234e+00 -2.3253333329064021e+00 -2.1903809526532982e+00 -2.1229047613500036e+00 -2.1903809522865330e+00 -2.1229047618499495e+00 -2.1903809523657585e+00 -2.1229047618917920e+00 -2.1903809523834346e+00 -2.1229047619056520e+00 -2.1903809523918922e+00 -2.1229047619114092e+00 -2.1903809523901963e+00 -2.1229047619140302e+00 -2.1903809523922635e+00 -2.1229047619320141e+00 -2.1903809524403179e+00 -2.1229047620582020e+00 -2.1903809532469540e+00 -2.1229047621371535e+00 -1.9879523820743843e+00 -1.9204761912520680e+00 -1.9879523810479660e+00 -1.9204761905045948e+00 -1.9879523809300863e+00 -1.9204761904598846e+00 -1.9879523809446034e+00 -1.9204761904698955e+00 -1.9879523809537532e+00 -1.9204761904789465e+00 -1.9879523809601929e+00 -1.9204761904867094e+00 -1.9879523809651867e+00 -1.9204761904916030e+00 -1.9879523809630903e+00 -1.9204761904689309e+00 -1.9879523809730104e+00 -1.9204761903785212e+00 -1.7855238089765972e+00 -1.7180476190246388e+00 -1.7855238094751757e+00 -1.7180476189877920e+00 -1.7855238094945076e+00 -1.7180476190196765e+00 -1.7855238095093484e+00 -1.7180476190359291e+00 -1.7855238095211341e+00 -1.7180476190615792e+00 -1.7855238095489649e+00 -1.7180476190941063e+00 -1.7855238095441532e+00 -1.7180476190965173e+00 -1.7855238095376642e+00 -1.7180476190846374e+00 -1.7855238093886348e+00 -1.7180476188821456e+00 -1.5830952383636880e+00 -1.5156190476342755e+00 -1.5830952380286807e+00 -1.5156190475704074e+00 -1.5830952380595953e+00 -1.5156190475938904e+00 -1.5830952380779975e+00 -1.5156190476056564e+00 -1.5830952381057699e+00 -1.5156190476493405e+00 -1.5830952381570049e+00 -1.5156190477083444e+00 -1.5830952382310379e+00 -1.5156190478114955e+00 -1.5830952384044608e+00 -1.5156190480927552e+00 -1.5830952389162021e+00 -1.5156190492379100e+00 -1.3806666662889449e+00 -1.3131904761716771e+00 -1.3806666666316318e+00 -1.3131904761818918e+00 -1.3806666666452627e+00 -1.3131904761816102e+00 -1.3806666666542693e+00 -1.3131904761946234e+00 -1.3806666666843337e+00 -1.3131904762156676e+00 -1.3806666667234981e+00 -1.3131904762481781e+00 -1.3806666667730516e+00 -1.3131904762742030e+00 -1.3806666667756762e+00 -1.3131904762283866e+00 -1.3806666666313536e+00 -1.3131904760759476e+00 -1.1782380963216958e+00 -1.1107619051207163e+00 -1.1782380955005483e+00 -1.1107619049075563e+00 -1.1782380953027367e+00 -1.1107619048191884e+00 -1.1782380952600697e+00 -1.1107619047793145e+00 -1.1782380952500413e+00 -1.1107619047658448e+00 -1.1782380952541931e+00 -1.1107619047582056e+00 -1.1782380952749807e+00 -1.1107619047840782e+00 -1.1782380952718008e+00 -1.1107619048395148e+00 -1.1782380952920275e+00 -1.1107619048802109e+00 -9.7580952382209318e-01 -9.0833333438876451e-01 -9.7580952386541742e-01 -9.0833333340262401e-01 -9.7580952385368458e-01 -9.0833333332199051e-01 -9.7580952382361963e-01 -9.0833333333017274e-01 -9.7580952380042685e-01 -9.0833333330963484e-01 -9.7580952378197006e-01 -9.0833333329763610e-01 -9.7580952374561680e-01 -9.0833333321735066e-01 -9.7580952378316910e-01 -9.0833333310073172e-01 -9.7580952401428078e-01 -9.0833333391364157e-01 -2.7457619042877952e+00 -2.8288095236410848e+00 -2.7457619047567330e+00 -2.8288095237767599e+00 -2.7457619047720816e+00 -2.8288095238178403e+00 -2.7457619048087176e+00 -2.8288095238542192e+00 -2.7457619048168964e+00 -2.8288095238700031e+00 -2.7457619048077393e+00 -2.8288095238616031e+00 -2.7457619047867463e+00 -2.8288095238274020e+00 -2.7457619047706965e+00 -2.8288095237962629e+00 -2.7457619045919719e+00 -2.8288095241175859e+00 -2.9949047614101563e+00 -3.0779523806619440e+00 -2.9949047618312612e+00 -3.0779523809378539e+00 -2.9949047619066125e+00 -3.0779523809663720e+00 -2.9949047619405800e+00 -3.0779523810281844e+00 -2.9949047619825215e+00 -3.0779523810506855e+00 -2.9949047619911298e+00 -3.0779523810590144e+00 -2.9949047619775402e+00 -3.0779523810610252e+00 -2.9949047619370033e+00 -3.0779523810333522e+00 -2.9949047618012004e+00 -3.0779523810521070e+00 -3.2440476207821143e+00 -3.3270952381640915e+00 -3.2440476193763987e+00 -3.3270952385031909e+00 -3.2440476192315684e+00 -3.3270952383218910e+00 -3.2440476191871523e+00 -3.3270952382533170e+00 -3.2440476191772394e+00 -3.3270952382371588e+00 -3.2440476191864192e+00 -3.3270952382532029e+00 -3.2440476192225942e+00 -3.3270952383137304e+00 -3.2440476193307304e+00 -3.3270952384585568e+00 -3.2440476194569268e+00 -3.3270952390415589e+00 -3.4931904775935667e+00 -3.5762380958931330e+00 -3.4931904768307476e+00 -3.5762380956942592e+00 -3.4931904765289050e+00 -3.5762380954982520e+00 -3.4931904763915993e+00 -3.5762380954083701e+00 -3.4931904763431154e+00 -3.5762380953786002e+00 -3.4931904763391515e+00 -3.5762380953802304e+00 -3.4931904763667982e+00 -3.5762380954027853e+00 -3.4931904764113844e+00 -3.5762380954310218e+00 -3.4931904760971046e+00 -3.5762380964176814e+00 -3.6817777778105820e+00 -3.5831587301735275e+00 -3.6817777779608036e+00 -3.5831587301977299e+00 -3.6817777779369165e+00 -3.5831587302394863e+00 -3.6817777779079921e+00 -3.5831587302520020e+00 -3.6817777778916523e+00 -3.5831587302508772e+00 -3.6817777778846601e+00 -3.5831587302458248e+00 -3.6817777778752570e+00 -3.5831587302327366e+00 -3.6817777778699998e+00 -3.5831587301868772e+00 -3.6817777776879694e+00 -3.5831587302537318e+00 -3.0831428568667216e+00 -2.8028571426010309e+00 -3.0831428570849759e+00 -2.8028571428204399e+00 -3.0831428571433115e+00 -2.8028571428581626e+00 -3.0831428571677413e+00 -2.8028571428759927e+00 -3.0831428571947512e+00 -2.8028571428960820e+00 -3.0831428571983142e+00 -2.8028571428964999e+00 -3.0831428571895096e+00 -2.8028571428884570e+00 -3.0831428571965680e+00 -2.8028571428870452e+00 -3.0831428573698445e+00 -2.8028571428649873e+00 -2.2422857142702655e+00 -1.9620000001224336e+00 -2.2422857142511554e+00 -1.9619999999938496e+00 -2.2422857142801220e+00 -1.9619999999990347e+00 -2.2422857142898049e+00 -1.9620000000034783e+00 -2.2422857142978878e+00 -1.9620000000068860e+00 -2.2422857143019526e+00 -1.9620000000050553e+00 -2.2422857142929793e+00 -1.9620000000023896e+00 -2.2422857142860710e+00 -1.9619999999907476e+00 -2.2422857142430641e+00 -1.9619999999798536e+00 -1.4014285716668216e+00 -1.1211428574204565e+00 -1.4014285715444998e+00 -1.1211428572139768e+00 -1.4014285714507493e+00 -1.1211428571562119e+00 -1.4014285714290162e+00 -1.1211428571424078e+00 -1.4014285714295596e+00 -1.1211428571419315e+00 -1.4014285714293571e+00 -1.1211428571413253e+00 -1.4014285714280517e+00 -1.1211428571402968e+00 -1.4014285714246306e+00 -1.1211428571382505e+00 -1.4014285714172463e+00 -1.1211428571353959e+00 -5.6057142853021491e-01 -2.8028571427837312e-01 -5.6057142857741449e-01 -2.8028571427940135e-01 -5.6057142857608089e-01 -2.8028571428325399e-01 -5.6057142856889630e-01 -2.8028571428136623e-01 -5.6057142856707598e-01 -2.8028571427873283e-01 -5.6057142856596820e-01 -2.8028571427798449e-01 -5.6057142856642106e-01 -2.8028571428002702e-01 -5.6057142856818654e-01 -2.8028571428466814e-01 -5.6057142856799391e-01 -2.8028571430224380e-01
</DataArray>
        <DataArray type="Float64" format="ascii" Name="sigma_eff_3">
-1.3080000001127649e+01 -1.3406999999731696e+01 -1.3079999999536851e+01 -1.3406999999764516e+01 -1.3079999999893221e+01 -1.3406999999923144e+01 -1.3079999999975549e+01 -1.3406999999985786e+01 -1.3080000000004123e+01 -1.3407000000013296e+01 -1.3080000000021840e+01 -1.3407000000029694e+01 -1.3080000000033200e+01 -1.3407000000015861e+01 -1.3080000000022551e+01 -1.3406999999807606e+01 -1.3079999999938117e+01 -1.3407000000206855e+01 -1.4061000000049802e+01 -1.4387999999926603e+01 -1.4061000000012895e+01 -1.4387999999952656e+01 -1.4060999999935014e+01 -1.4387999999980986e+01 -1.4060999999981000e+01 -1.4388000000001442e+01 -1.4061000000010321e+01 -1.4388000000019467e+01 -1.4061000000030099e+01 -1.4388000000034284e+01 -1.4061000000040277e+01 -1.4388000000048876e+01 -1.4061000000007127e+01 -1.4388000000167947e+01 -1.4061000000142887e+01 -1.4387999999705755e+01 -1.5041999999161707e+01 -1.5369000000338367e+01 -1.5042000000030660e+01 -1.5369000000063071e+01 -1.5042000000022863e+01 -1.5369000000010370e+01 -1.5042000000010999e+01 -1.5369000000010145e+01 -1.5042000000016611e+01 -1.5369000000017863e+01 -1.5042000000025443e+01 -1.5369000000025409e+01 -1.5042000000025812e+01 -1.5369000000017030e+01 -1.5042000000005224e+01 -1.5368999999975578e+01 -1.5041999999842627e+01 -1.5369000000415497e+01 -1.6023000000389349e+01 -1.6349999999572930e+01 -1.6022999999722472e+01 -1.6349999999881597e+01 -1.6022999999950137e+01 -1.6349999999967206e+01 -1.6022999999993836e+01 -1.6349999999994193e+01 -1.6023000000007517e+01 -1.6350000000006347e+01 -1.6023000000020708e+01 -1.6350000000027091e+01 -1.6023000000043840e+01 -1.6350000000076786e+01 -1.6023000000071615e+01 -1.6350000000119778e+01 -1.6023000000084220e+01 -1.6350000000047622e+01 -1.7003999999690954e+01 -1.7330999999785831e+01 -1.7004000000026686e+01 -1.7330999999936374e+01 -1.7003999999976667e+01 -1.7330999999975052e+01 -1.7003999999983897e+01 -1.7330999999981259e+01 -1.7003999999989368e+01 -1.7330999999982176e+01 -1.7004000000000559e+01 -1.7330999999994056e+01 -1.7004000000044002e+01 -1.7331000000047062e+01 -1.7004000000161813e+01 -1.7331000000197086e+01 -1.7004000000208404e+01 -1.7330999999971382e+01 -1.7984999999871960e+01 -1.8311999999815036e+01 -1.7984999999857283e+01 -1.8311999999950356e+01 -1.7984999999955996e+01 -1.8311999999965415e+01 -1.7984999999970384e+01 -1.8311999999963476e+01 -1.7984999999965265e+01 -1.8311999999953322e+01 -1.7984999999958660e+01 -1.8311999999941921e+01 -1.7984999999961683e+01 -1.8311999999935985e+01 -1.7984999999981909e+01 -1.8311999999912238e+01 -1.7985000000135710e+01 -1.8312000000856209e+01 -1.8965999999700696e+01 -1.9292999999968330e+01 -1.8966000000034747e+01 -1.9292999999924135e+01 -1.8965999999967224e+01 -1.9292999999947270e+01 -1.8965999999955876e+01 -1.9292999999946506e+01 -1.8965999999945378e+01 -1.9292999999936345e+01 -1.8965999999931284e+01 -1.9292999999922646e+01 -1.8965999999932119e+01 -1.9292999999952862e+01 -1.8966000000051835e+01 -1.9293000000209435e+01 -1.8966000000534258e+01 -1.9293000000102872e+01 -1.9947000000194489e+01 -2.0273999999982419e+01 -1.9946999999769602e+01 -2.0273999999917063e+01 -1.9946999999918923e+01 -2.0273999999931867e+01 -1.9946999999937518e+01 -2.0273999999936230e+01 -1.9946999999934480e+01 -2.0273999999930922e+01 -1.9946999999919971e+01 -2.0273999999904301e+01 -1.9946999999882618e+01 -2.0273999999820607e+01 -1.9946999999948563e+01 -2.0273999999961259e+01 -1.9947000000407126e+01 -2.0274000000677731e+01 -2.0928000000230515e+01 -2.1254999999418011e+01 -2.0928000000140603e+01 -2.1255000000109142e+01 -2.0927999999956839e+01 -2.1254999999974380e+01 -2.0927999999939203e+01 -2.1254999999949209e+01 -2.0927999999933654e+01 -2.1254999999929719e+01 -2.0927999999924992e+01 -2.1254999999919075e+01 -2.0927999999824188e+01 -2.1254999999743976e+01 -2.0927999999531149e+01 -2.1254999999023578e+01 -2.0928000000670444e+01 -2.1255000001773521e+01 -1.2462333332989951e+01 -1.2171666666490951e+01 -1.2462333333510285e+01 -1.2171666666800526e+01 -1.2462333333376096e+01 -1.2171666666726138e+01 -1.2462333333348161e+01 -1.2171666666685615e+01 -1.2462333333342155e+01 -1.2171666666675538e+01 -1.2462333333349665e+01 -1.2171666666684709e+01 -1.2462333333367274e+01 -1.2171666666709765e+01 -1.2462333333406983e+01 -1.2171666666709829e+01 -1.2462333333326882e+01 -1.2171666666500533e+01 -1.1590333332600709e+01 -1.1299666666830015e+01 -1.1590333333558183e+01 -1.1299666666773097e+01 -1.1590333333434819e+01 -1.1299666666707791e+01 -1.1590333333362828e+01 -1.1299666666669205e+01 -1.1590333333335019e+01 -1.1299666666655366e+01 -1.1590333333332479e+01 -1.1299666666656652e+01 -1.1590333333349310e+01 -1.1299666666671962e+01 -1.1590333333380546e+01 -1.1299666666711337e+01 -1.1590333333394526e+01 -1.1299666666577432e+01 -1.0718333333507003e+01 -1.0427666666925134e+01 -1.0718333333199595e+01 -1.0427666666574671e+01 -1.0718333333280869e+01 -1.0427666666591977e+01 -1.0718333333298760e+01 -1.0427666666617371e+01 -1.0718333333301759e+01 -1.0427666666626164e+01 -1.0718333333301091e+01 -1.0427666666625335e+01 -1.0718333333297693e+01 -1.0427666666615766e+01 -1.0718333333294398e+01 -1.0427666666593282e+01 -1.0718333333323100e+01 -1.0427666667026834e+01 -9.8463333339042638e+00 -9.5556666667314527e+00 -9.8463333331764762e+00 -9.5556666665652923e+00 -9.8463333332126268e+00 -9.5556666665781833e+00 -9.8463333332591017e+00 -9.5556666666080616e+00 -9.8463333332830150e+00 -9.5556666666238836e+00 -9.8463333332911418e+00 -9.5556666666311934e+00 -9.8463333332940195e+00 -9.5556666666374124e+00 -9.8463333333355862e+00 -9.5556666666313994e+00 -9.8463333336076566e+00 -9.5556666666302092e+00 -8.9137777778768328e+00 -8.4414444443864536e+00 -8.9137777777982627e+00 -8.4414444444746124e+00 -8.9137777777488001e+00 -8.4414444444442420e+00 -8.9137777777424301e+00 -8.4414444444274235e+00 -8.9137777777470664e+00 -8.4414444444257075e+00 -8.9137777777547296e+00 -8.4414444444330261e+00 -8.9137777777697096e+00 -8.4414444444522054e+00 -8.9137777778047766e+00 -8.4414444445237748e+00 -8.9137777779517648e+00 -8.4414444442389840e+00 -7.1939999995717150e+00 -6.5400000000359508e+00 -7.1940000001047668e+00 -6.5400000001040670e+00 -7.1940000000642197e+00 -6.5400000000495586e+00 -7.1940000000184785e+00 -6.5400000000162528e+00 -7.1940000000001785e+00 -6.5400000000040457e+00 -7.1939999999987547e+00 -6.5400000000050040e+00 -7.1940000000068478e+00 -6.5400000000113625e+00 -7.1940000000113233e+00 -6.5400000000212692e+00 -7.1939999999400346e+00 -6.5400000000367102e+00 -5.2319999999778091e+00 -4.5779999999288989e+00 -5.2319999999864821e+00 -4.5779999999827234e+00 -5.2320000000316922e+00 -4.5780000000135086e+00 -5.2320000000221150e+00 -4.5780000000138603e+00 -5.2320000000118210e+00 -4.5780000000104009e+00 -5.2320000000097933e+00 -4.5780000000118335e+00 -5.2320000000148328e+00 -4.5780000000176724e+00 -5.2320000000265381e+00 -4.5780000000120999e+00 -5.2320000000098172e+00 -4.5779999999183127e+00 -3.2700000001372587e+00 -2.6159999999679155e+00 -3.2699999999391007e+00 -2.6159999999595369e+00 -3.2699999999803380e+00 -2.6159999999889187e+00 -3.2700000000026579e+00 -2.6160000000026882e+00 -3.2700000000072245e+00 -2.6160000000056369e+00 -3.2700000000087148e+00 -2.6160000000071704e+00 -3.2700000000117093e+00 -2.6160000000085000e+00 -3.2700000000075184e+00 -2.6160000000021788e+00 -3.2699999999800928e+00 -2.6159999999829653e+00 -1.3079999999817016e+00 -6.5400000001879077e-01 -1.3080000000090815e+00 -6.5399999999769898e-01 -1.3079999999918683e+00 -6.5399999999807312e-01 -1.3079999999989496e+00 -6.5400000000009972e-01 -1.3080000000016678e+00 -6.5400000000066871e-01 -1.3080000000023562e+00 -6.5400000000095670e-01 -1.3080000000030154e+00 -6.5400000000126102e-01 -1.3080000000021612e+00 -6.5400000000071934e-01 -1.3079999999977223e+00 -6.5399999999350433e-01
</DataArray>
        <DataArray type="Float64" format="ascii" Name="K0">
0.0000000000000000e+00 0.0000000000000000e+00 0.0000000000000000e+00 0.0000000000000000e+00 0.0000000000000000e+00 0.0000000000000000e+00 0.0000000000000000e+00 0.0000000000000000e+00 0.0000000000000000e+00 0.0000000000000000e+00 0.0000000000000000e+00 0.0000000000000000e+00 0.0000000000000000e+00 0.0000000000000000e+00 0.0000000000000000e+00 0.0000000000000000e+00 0.0000000000000000e+00 0.0000000000000000e+00 0.0000000000000000e+00 0.0000000000000000e+00 0.0000000000000000e+00 0.0000000000000000e+00 0.0000000000000000e+00 0.0000000000000000e+00 0.0000000000000000e+00 0.0000000000000000e+00 0.0000000000000000e+00 0.0000000000000000e+00 0.0000000000000000e+00 0.0000000000000000e+00 0.0000000000000000e+00 0.0000000000000000e+00 0.0000000000000000e+00 0.0000000000000000e+00 0.0000000000000000e+00 0.0000000000000000e+00 0.0000000000000000e+00 0.0000000000000000e+00 0.0000000000000000e+00 0.0000000000000000e+00 0.0000000000000000e+00 0.0000000000000000e+00 0.0000000000000000e+00 0.0000000000000000e+00 0.0000000000000000e+00 0.0000000000000000e+00 0.0000000000000000e+00 0.0000000000000000e+00 0.0000000000000000e+00 0.0000000000000000e+00 0.0000000000000000e+00 0.0000000000000000e+00 0.0000000000000000e+00 0.0000000000000000e+00 0.0000000000000000e+00 0.0000000000000000e+00 0.0000000000000000e+00 0.0000000000000000e+00 0.0000000000000000e+00 0.0000000000000000e+00 0.0000000000000000e+00 0.0000000000000000e+00 0.0000000000000000e+00 0.0000000000000000e+00 0.0000000000000000e+00 0.0000000000000000e+00 0.0000000000000000e+00 0.0000000000000000e+00 0.0000000000000000e+00 0.0000000000000000e+00 0.0000000000000000e+00 0.0000000000000000e+00 0.0000000000000000e+00 0.0000000000000000e+00 0.0000000000000000e+00 0.0000000000000000e+00 0.0000000000000000e+00 0.0000000000000000e+00 0.0000000000000000e+00 0.0000000000000000e+00 0.0000000000000000e+00 0.0000000000000000e+00 0.0000000000000000e+00 0.0000000000000000e+00 0.0000000000000000e+00 0.0000000000000000e+00 0.0000000000000000e+00 0.0000000000000000e+00 0.0000000000000000e+00 0.0000000000000000e+00 0.0000000000000000e+00 0.0000000000000000e+00 0.0000000000000000e+00 0.0000000000000000e+00 0.0000000000000000e+00 0.0000000000000000e+00 0.0000000000000000e+00 0.0000000000000000e+00 0.0000000000000000e+00 0.0000000000000000e+00 0.0000000000000000e+00 0.0000000000000000e+00 0.0000000000000000e+00 0.0000000000000000e+00 0.0000000000000000e+00 0.0000000000000000e+00 0.0000000000000000e+00 0.0000000000000000e+00 0.0000000000000000e+00 0.0000000000000000e+00 0.0000000000000000e+00 0.0000000000000000e+00 0.0000000000000000e+00 0.0000000000000000e+00 0.0000000000000000e+00 0.0000000000000000e+00 0.0000000000000000e+00 0.0000000000000000e+00 0.0000000000000000e+00 0.0000000000000000e+00 0.0000000000000000e+00 0.0000000000000000e+00 0.0000000000000000e+00 0.0000000000000000e+00 0.0000000000000000e+00 0.0000000000000000e+00 0.0000000000000000e+00 0.0000000000000000e+00 0.0000000000000000e+00 0.0000000000000000e+00 0.0000000000000000e+00 0.0000000000000000e+00 0.0000000000000000e+00 0.0000000000000000e+00 0.0000000000000000e+00 0.0000000000000000e+00 0.0000000000000000e+00 0.0000000000000000e+00 0.0000000000000000e+00 0.0000000000000000e+00 0.0000000000000000e+00 0.0000000000000000e+00 0.0000000000000000e+00 0.0000000000000000e+00 0.0000000000000000e+00 0.0000000000000000e+00 0.0000000000000000e+00 0.0000000000000000e+00 0.0000000000000000e+00 0.0000000000000000e+00 0.0000000000000000e+00 0.0000000000000000e+00 0.0000000000000000e+00 0.0000000000000000e+00 0.0000000000000000e+00 0.0000000000000000e+00 0.0000000000000000e+00 0.0000000000000000e+00 0.0000000000000000e+00 0.0000000000000000e+00 0.0000000000000000e+00 0.0000000000000000e+00 0.0000000000000000e+00 0.0000000000000000e+00 0.0000000000000000e+00 0.0000000000000000e+00 0.0000000000000000e+00 0.0000000000000000e+00 0.0000000000000000e+00 0.0000000000000000e+00 0.0000000000000000e+00 0.0000000000000000e+00 0.0000000000000000e+00 0.0000000000000000e+00 0.0000000000000000e+00 0.0000000000000000e+00 0.0000000000000000e+00 0.0000000000000000e+00 0.0000000000000000e+00 0.0000000000000000e+00 0.0000000000000000e+00 0.0000000000000000e+00 0.0000000000000000e+00 0.0000000000000000e+00 0.0000000000000000e+00 0.0000000000000000e+00 0.0000000000000000e+00 0.0000000000000000e+00 0.0000000000000000e+00 0.0000000000000000e+00 0.0000000000000000e+00 0.0000000000000000e+00 0.0000000000000000e+00 0.0000000000000000e+00 0.0000000000000000e+00 0.0000000000000000e+00 0.0000000000000000e+00 0.0000000000000000e+00 0.0000000000000000e+00 0.0000000000000000e+00 0.0000000000000000e+00 0.0000000000000000e+00 0.0000000000000000e+00 0.0000000000000000e+00 0.0000000000000000e+00 0.0000000000000000e+00 0.0000000000000000e+00 0.0000000000000000e+00 0.0000000000000000e+00 0.0000000000000000e+00 0.0000000000000000e+00 0.0000000000000000e+00 0.0000000000000000e+00 0.0000000000000000e+00 0.0000000000000000e+00 0.0000000000000000e+00 0.0000000000000000e+00 0.0000000000000000e+00 0.0000000000000000e+00 0.0000000000000000e+00 0.0000000000000000e+00 0.0000000000000000e+00 0.0000000000000000e+00 0.0000000000000000e+00 0.0000000000000000e+00 0.0000000000000000e+00 0.0000000000000000e+00 0.0000000000000000e+00 0.0000000000000000e+00 0.0000000000000000e+00 0.0000000000000000e+00 0.0000000000000000e+00 0.0000000000000000e+00 0.0000000000000000e+00 0.0000000000000000e+00 0.0000000000000000e+00 0.0000000000000000e+00 0.0000000000000000e+00 0.0000000000000000e+00 0.0000000000000000e+00 0.0000000000000000e+00 0.0000000000000000e+00 0.0000000000000000e+00 0.0000000000000000e+00 0.0000000000000000e+00 0.0000000000000000e+00 0.0000000000000000e+00 0.0000000000000000e+00 0.0000000000000000e+00 0.0000000000000000e+00 0.0000000000000000e+00 0.0000000000000000e+00 0.0000000000000000e+00 0.0000000000000000e+00 0.0000000000000000e+00 0.0000000000000000e+00 0.0000000000000000e+00 0.0000000000000000e+00 0.0000000000000000e+00 0.0000000000000000e+00 0.0000000000000000e+00 0.0000000000000000e+00 0.0000000000000000e+00 0.0000000000000000e+00 0.0000000000000000e+00 0.0000000000000000e+00 0.0000000000000000e+00 0.0000000000000000e+00 0.0000000000000000e+00 0.0000000000000000e+00 0.0000000000000000e+00 0.0000000000000000e+00 0.0000000000000000e+00 0.0000000000000000e+00 0.0000000000000000e+00 0.0000000000000000e+00 0.0000000000000000e+00 0.0000000000000000e+00 0.0000000000000000e+00 0.0000000000000000e+00 0.0000000000000000e+00 0.0000000000000000e+00 0.0000000000000000e+00 0.0000000000000000e+00 0.0000000000000000e+00 0.0000000000000000e+00 0.0000000000000000e+00 0.0000000000000000e+00 0.0000000000000000e+00 0.0000000000000000e+00 0.0000000000000000e+00 0.0000000000000000e+00 0.0000000000000000e+00 0.0000000000000000e+00 0.0000000000000000e+00 0.0000000000000000e+00 0.0000000000000000e+00 0.0000000000000000e+00 0.0000000000000000e+00 0.0000000000000000e+00 0.0000000000000000e+00 0.0000000000000000e+00 0.0000000000000000e+00 0.0000000000000000e+00 0.0000000000000000e+00 0.0000000000000000e+00 0.0000000000000000e+00 0.0000000000000000e+00 0.0000000000000000e+00 0.0000000000000000e+00 0.0000000000000000e+00 0.0000000000000000e+00 0.0000000000000000e+00 0.0000000000000000e+00 0.0000000000000000e+00 0.0000000000000000e+00 0.0000000000000000e+00 0.0000000000000000e+00 0.0000000000000000e+00 0.0000000000000000e+00 0.0000000000000000e+00 0.0000000000000000e+00 0.0000000000000000e+00 0.0000000000000000e+00
</DataArray>
        <DataArray type="Float64" format="ascii" Name="PlasticStrain" NumberOfComponents="9">
0.0000000000000000e+00 0.0000000000000000e+00 0.0000000000000000e+00 0.0000000000000000e+00 0.0000000000000000e+00 0.0000000000000000e+00 0.0000000000000000e+00 0.0000000000000000e+00 0.0000000000000000e+00 0.0000000000000000e+00 0.0000000000000000e+00 0.0000000000000000e+00 0.0000000000000000e+00 0.0000000000000000e+00 0.0000000000000000e+00 0.0000000000000000e+00 0.0000000000000000e+00 0.0000000000000000e+00 0.0000000000000000e+00 0.0000000000000000e+00 0.0000000000000000e+00 0.0000000000000000e+00 0.0000000000000000e+00 0.0000000000000000e+00 0.0000000000000000e+00 0.0000000000000000e+00 0.0000000000000000e+00 0.0000000000000000e+00 0.0000000000000000e+00 0.0000000000000000e+00 0.0000000000000000e+00 0.0000000000000000e+00 0.0000000000000000e+00 0.0000000000000000e+00 0.0000000000000000e+00 0.0000000000000000e+00 0.0000000000000000e+00 0.0000000000000000e+00 0.0000000000000000e+00 0.0000000000000000e+00 0.0000000000000000e+00 0.0000000000000000e+00 0.0000000000000000e+00 0.0000000000000000e+00 0.0000000000000000e+00 0.0000000000000000e+00 0.0000000000000000e+00 0.0000000000000000e+00 0.0000000000000000e+00 0.0000000000000000e+00 0.0000000000000000e+00 0.0000000000000000e+00 0.0000000000000000e+00 0.0000000000000000e+00 0.0000000000000000e+00 0.0000000000000000e+00 0.0000000000000000e+00 0.0000000000000000e+00 0.0000000000000000e+00 0.0000000000000000e+00 0.0000000000000000e+00 0.0000000000000000e+00 0.0000000000000000e+00 0.0000000000000000e+00 0.0000000000000000e+00 0.0000000000000000e+00 0.0000000000000000e+00 0.0000000000000000e+00 0.0000000000000000e+00 0.0000000000000000e+00 0.0000000000000000e+00 0.0000000000000000e+00 0.0000000000000000e+00 0.0000000000000000e+00 0.0000000000000000e+00 0.0000000000000000e+00 0.0000000000000000e+00 0.0000000000000000e+00 0.0000000000000000e+00 0.0000000000000000e+00 0.0000000000000000e+00 0.0000000000000000e+00 0.0000000000000000e+00 0.0000000000000000e+00 0.0000000000000000e+00 0.0000000000000000e+00 0.0000000000000000e+00 0.0000000000000000e+00 0.0000000000000000e+00 0.0000000000000000e+00 0.0000000000000000e+00 0.0000000000000000e+00 0.0000000000000000e+00 0.0000000000000000e+00 0.0000000000000000e+00 0.0000000000000000e+00 0.0000000000000000e+00 0.0000000000000000e+00 0.0000000000000000e+00 0.0000000000000000e+00 0.0000000000000000e+00 0.0000000000000000e+00 0.0000000000000000e+00 0.0000000000000000e+00 0.0000000000000000e+00 0.0000000000000000e+00 0.0000000000000000e+00 0.0000000000000000e+00 0.0000000000000000e+00 0.0000000000000000e+00 0.0000000000000000e+00 0.0000000000000000e+00 0.0000000000000000e+00 0.0000000000000000e+00 0.0000000000000000e+00 0.0000000000000000e+00 0.0000000000000000e+00 0.0000000000000000e+00 0.0000000000000000e+00 0.0000000000000000e+00 0.0000000000000000e+00 0.0000000000000000e+00 0.0000000000000000e+00 0.0000000000000000e+00 0.0000000000000000e+00 0.0000000000000000e+00 0.0000000000000000e+00 0.0000000000000000e+00 0.0000000000000000e+00 0.0000000000000000e+00 0.0000000000000000e+00 0.0000000000000000e+00 0.0000000000000000e+00 0.0000000000000000e+00 0.0000000000000000e+00 0.0000000000000000e+00 0.0000000000000000e+00 0.0000000000000000e+00 0.0000000000000000e+00 0.0000000000000000e+00 0.0000000000000000e+00 0.0000000000000000e+00 0.0000000000000000e+00 0.0000000000000000e+00 0.0000000000000000e+00 0.0000000000000000e+00 0.0000000000000000e+00 0.0000000000000000e+00 0.0000000000000000e+00 0.0000000000000000e+00 0.0000000000000000e+00 0.0000000000000000e+00 0.0000000000000000e+00 0.0000000000000000e+00 0.0000000000000000e+00 0.0000000000000000e+00 0.0000000000000000e+00 0.0000000000000000e+00 0.0000000000000000e+00 0.0000000000000000e+00 0.0000000000000000e+00 0.0000000000000000e+00 0.0000000000000000e+00 0.0000000000000000e+00 0.0000000000000000e+00 0.0000000000000000e+00 0.0000000000000000e+00 0.0000000000000000e+00 0.0000000000000000e+00 0.0000000000000000e+00 0.0000000000000000e+00 0.0000000000000000e+00 0.0000000000000000e+00 0.0000000000000000e+00 0.0000000000000000e+00 0.0000000000000000e+00 0.0000000000000000e+00 0.0000000000000000e+00 0.0000000000000000e+00 0.0000000000000000e+00 0.0000000000000000e+00 0.0000000000000000e+00 0.0000000000000000e+00 0.0000000000000000e+00 0.0000000000000000e+00 0.0000000000000000e+00 0.0000000000000000e+00 0.0000000000000000e+00 0.0000000000000000e+00 0.0000000000000000e+00 0.0000000000000000e+00 0.0000000000000000e+00 0.0000000000000000e+00 0.0000000000000000e+00 0.0000000000000000e+00 0.0000000000000000e+00 0.0000000000000000e+00 0.0000000000000000e+00 0.0000000000000000e+00 0.0000000000000000e+00 0.0000000000000000e+00 0.0000000000000000e+00 0.0000000000000000e+00 0.0000000000000000e+00 0.0000000000000000e+00 0.0000000000000000e+00 0.0000000000000000e+00 0.0000000000000000e+00 0.0000000000000000e+00 0.0000000000000000e+00 0.0000000000000000e+00 0.0000000000000000e+00 0.0000000000000000e+00 0.0000000000000000e+00 0.0000000000000000e+00 0.0000000000000000e+00 0.0000000000000000e+00 0.0000000000000000e+00 0.0000000000000000e+00 0.0000000000000000e+00 0.0000000000000000e+00 0.0000000000000000e+00 0.0000000000000000e+00 0.0000000000000000e+00 0.0000000000000000e+00 0.0000000000000000e+00 0.0000000000000000e+00 0.0000000000000000e+00 0.0000000000000000e+00 0.0000000000000000e+00 0.0000000000000000e+00 0.0000000000000000e+00 0.0000000000000000e+00 0.0000000000000000e+00 0.0000000000000000e+00 0.0000000000000000e+00 0.0000000000000000e+00 0.0000000000000000e+00 0.0000000000000000e+00 0.0000000000000000e+00 0.0000000000000000e+00 0.0000000000000000e+00 0.0000000000000000e+00 0.0000000000000000e+00 0.0000000000000000e+00 0.0000000000000000e+00 0.0000000000000000e+00 0.0000000000000000e+00 0.0000000000000000e+00 0.0000000000000000e+00 0.0000000000000000e+00 0.0000000000000000e+00 0.0000000000000000e+00 0.0000000000000000e+00 0.0000000000000000e+00 0.0000000000000000e+00 0.0000000000000000e+00 0.0000000000000000e+00 0.0000000000000000e+00 0.0000000000000000e+00 0.0000000000000000e+00 0.0000000000000000e+00 0.0000000000000000e+00 0.0000000000000000e+00 0.0000000000000000e+00 0.0000000000000000e+00 0.0000000000000000e+00 0.0000000000000000e+00 0.0000000000000000e+00 0.0000000000000000e+00 0.0000000000000000e+00 0.0000000000000000e+00 0.0000000000000000e+00 0.0000000000000000e+00 0.0000000000000000e+00 0.0000000000000000e+00 0.0000000000000000e+00 0.0000000000000000e+00 0.0000000000000000e+00 0.0000000000000000e+00 0.0000000000000000e+00 0.0000000000000000e+00 0.0000000000000000e+00 0.0000000000000000e+00 0.0000000000000000e+00 0.0000000000000000e+00 0.0000000000000000e+00 0.0000000000000000e+00 0.0000000000000000e+00 0.0000000000000000e+00 0.0000000000000000e+00 0.0000000000000000e+00 0.0000000000000000e+00 0.0000000000000000e+00 0.0000000000000000e+00 0.0000000000000000e+00 0.0000000000000000e+00 0.0000000000000000e+00 0.0000000000000000e+00 0.0000000000000000e+00 0.0000000000000000e+00 0.0000000000000000e+00 0.0000000000000000e+00 0.0000000000000000e+00 0.0000000000000000e+00 0.0000000000000000e+00 0.0000000000000000e+00 0.0000000000000000e+00 0.0000000000000000e+00 0.0000000000000000e+00 0.0000000000000000e+00 0.0000000000000000e+00 0.0000000000000000e+00 0.0000000000000000e+00 0.0000000000000000e+00 0.0000000000000000e+00 0.0000000000000000e+00 0.0000000000000000e+00 0.0000000000000000e+00 0.0000000000000000e+00 0.0000000000000000e+00 0.0000000000000000e+00 0.0000000000000000e+00 0.0000000000000000e+00 0.0000000000000000e+00 0.0000000000000000e+00 0.0000000000000000e+00 0.0000000000000000e+00 0.0000000000000000e+00 0.0000000000000000e+00 0.0000000000000000e+00 0.0000000000000000e+00 0.0000000000000000e+00 0.0000000000000000e+00 0.0000000000000000e+00 0.0000000000000000e+00 0.0000000000000000e+00 0.0000000000000000e+00 0.0000000000000000e+00 0.0000000000000000e+00 0.0000000000000000e+00 0.0000000000000000e+00 0.0000000000000000e+00 0.0000000000000000e+00 0.0000000000000000e+00 0.0000000000000000e+00 0.0000000000000000e+00 0.0000000000000000e+00 0.0000000000000000e+00 0.0000000000000000e+00 0.0000000000000000e+00 0.0000000000000000e+00 0.0000000000000000e+00 0.0000000000000000e+00 0.0000000000000000e+00 0.0000000000000000e+00 0.0000000000000000e+00 0.0000000000000000e+00 0.0000000000000000e+00 0.0000000000000000e+00 0.0000000000000000e+00 0.0000000000000000e+00 0.0000000000000000e+00 0.0000000000000000e+00 0.0000000000000000e+00 0.0000000000000000e+00 0.0000000000000000e+00 0.0000000000000000e+00 0.0000000000000000e+00 0.0000000000000000e+00 0.0000000000000000e+00 0.0000000000000000e+00 0.0000000000000000e+00 0.0000000000000000e+00 0.0000000000000000e+00 0.0000000000000000e+00 0.0000000000000000e+00 0.0000000000000000e+00 0.0000000000000000e+00 0.0000000000000000e+00 0.0000000000000000e+00 0.0000000000000000e+00 0.0000000000000000e+00 0.0000000000000000e+00 0.0000000000000000e+00 0.0000000000000000e+00 0.0000000000000000e+00 0.0000000000000000e+00 0.0000000000000000e+00 0.0000000000000000e+00 0.0000000000000000e+00 0.0000000000000000e+00 0.0000000000000000e+00 0.0000000000000000e+00 0.0000000000000000e+00 0.0000000000000000e+00 0.0000000000000000e+00 0.0000000000000000e+00 0.0000000000000000e+00 0.0000000000000000e+00 0.0000000000000000e+00 0.0000000000000000e+00 0.0000000000000000e+00 0.0000000000000000e+00 0.0000000000000000e+00 0.0000000000000000e+00 0.0000000000000000e+00 0.0000000000000000e+00 0.0000000000000000e+00 0.0000000000000000e+00 0.0000000000000000e+00 0.0000000000000000e+00 0.0000000000000000e+00 0.0000000000000000e+00 0.0000000000000000e+00 0.0000000000000000e+00 0.0000000000000000e+00 0.0000000000000000e+00 0.0000000000000000e+00 0.0000000000000000e+00 0.0000000000000000e+00 0.0000000000000000e+00 0.0000000000000000e+00 0.0000000000000000e+00 0.0000000000000000e+00 0.0000000000000000e+00 0.0000000000000000e+00 0.0000000000000000e+00 0.0000000000000000e+00 0.0000000000000000e+00 0.0000000000000000e+00 0.0000000000000000e+00 0.0000000000000000e+00 0.0000000000000000e+00 0.0000000000000000e+00 0.0000000000000000e+00 0.0000000000000000e+00 0.0000000000000000e+00 0.0000000000000000e+00 0.0000000000000000e+00 0.0000000000000000e+00 0.0000000000000000e+00 0.0000000000000000e+00 0.0000000000000000e+00 0.0000000000000000e+00 0.0000000000000000e+00 0.0000000000000000e+00 0.0000000000000000e+00 0.0000000000000000e+00 0.0000000000000000e+00 0.0000000000000000e+00 0.0000000000000000e+00 0.0000000000000000e+00 0.0000000000000000e+00 0.0000000000000000e+00 0.0000000000000000e+00 0.0000000000000000e+00 0.0000000000000000e+00 0.0000000000000000e+00 0.0000000000000000e+00 0.0000000000000000e+00 0.0000000000000000e+00 0.0000000000000000e+00 0.0000000000000000e+00 0.0000000000000000e+00 0.0000000000000000e+00 0.0000000000000000e+00 0.0000000000000000e+00 0.0000000000000000e+00 0.0000000000000000e+00 0.0000000000000000e+00 0.0000000000000000e+00 0.0000000000000000e+00 0.0000000000000000e+00 0.0000000000000000e+00 0.0000000000000000e+00 0.0000000000000000e+00 0.0000000000000000e+00 0.0000000000000000e+00 0.0000000000000000e+00 0.0000000000000000e+00 0.0000000000000000e+00 0.0000000000000000e+00 0.0000000000000000e+00 0.0000000000000000e+00 0.0000000000000000e+00 0.0000000000000000e+00 0.0000000000000000e+00 0.0000000000000000e+00 0.0000000000000000e+00 0.0000000000000000e+00 0.0000000000000000e+00 0.0000000000000000e+00 0.0000000000000000e+00 0.0000000000000000e+00 0.0000000000000000e+00 0.0000000000000000e+00 0.0000000000000000e+00 0.0000000000000000e+00 0.0000000000000000e+00 0.0000000000000000e+00 0.0000000000000000e+00 0.0000000000000000e+00 0.0000000000000000e+00 0.0000000000000000e+00 0.0000000000000000e+00 0.0000000000000000e+00 0.0000000000000000e+00 0.0000000000000000e+00 0.0000000000000000e+00 0.0000000000000000e+00 0.0000000000000000e+00 0.0000000000000000e+00 0.0000000000000000e+00 0.0000000000000000e+00 0.0000000000000000e+00 0.0000000000000000e+00 0.0000000000000000e+00 0.0000000000000000e+00 0.0000000000000000e+00 0.0000000000000000e+00 0.0000000000000000e+00 0.0000000000000000e+00 0.0000000000000000e+00 0.0000000000000000e+00 0.0000000000000000e+00 0.0000000000000000e+00 0.0000000000000000e+00 0.0000000000000000e+00 0.0000000000000000e+00 0.0000000000000000e+00 0.0000000000000000e+00 0.0000000000000000e+00 0.0000000000000000e+00 0.0000000000000000e+00 0.0000000000000000e+00 0.0000000000000000e+00 0.0000000000000000e+00 0.0000000000000000e+00 0.0000000000000000e+00 0.0000000000000000e+00 0.0000000000000000e+00 0.0000000000000000e+00 0.0000000000000000e+00 0.0000000000000000e+00 0.0000000000000000e+00 0.0000000000000000e+00 0.0000000000000000e+00 0.0000000000000000e+00 0.0000000000000000e+00 0.0000000000000000e+00 0.0000000000000000e+00 0.0000000000000000e+00 0.0000000000000000e+00 0.0000000000000000e+00 0.0000000000000000e+00 0.0000000000000000e+00 0.0000000000000000e+00 0.0000000000000000e+00 0.0000000000000000e+00 0.0000000000000000e+00 0.0000000000000000e+00 0.0000000000000000e+00 0.0000000000000000e+00 0.0000000000000000e+00 0.0000000000000000e+00 0.0000000000000000e+00 0.0000000000000000e+00 0.0000000000000000e+00 0.0000000000000000e+00 0.0000000000000000e+00 0.0000000000000000e+00 0.0000000000000000e+00 0.0000000000000000e+00 0.0000000000000000e+00 0.0000000000000000e+00 0.0000000000000000e+00 0.0000000000000000e+00 0.0000000000000000e+00 0.0000000000000000e+00 0.0000000000000000e+00 0.0000000000000000e+00 0.0000000000000000e+00 0.0000000000000000e+00 0.0000000000000000e+00 0.0000000000000000e+00 0.0000000000000000e+00 0.0000000000000000e+00 0.0000000000000000e+00 0.0000000000000000e+00 0.0000000000000000e+00 0.0000000000000000e+00 0.0000000000000000e+00 0.0000000000000000e+00 0.0000000000000000e+00 0.0000000000000000e+00 0.0000000000000000e+00 0.0000000000000000e+00 0.0000000000000000e+00 0.0000000000000000e+00 0.0000000000000000e+00 0.0000000000000000e+00 0.0000000000000000e+00 0.0000000000000000e+00 0.0000000000000000e+00 0.0000000000000000e+00 0.0000000000000000e+00 0.0000000000000000e+00 0.0000000000000000e+00 0.0000000000000000e+00 0.0000000000000000e+00 0.0000000000000000e+00 0.0000000000000000e+00 0.0000000000000000e+00 0.0000000000000000e+00 0.0000000000000000e+00 0.0000000000000000e+00 0.0000000000000000e+00 0.0000000000000000e+00 0.0000000000000000e+00 0.0000000000000000e+00 0.0000000000000000e+00 0.0000000000000000e+00 0.0000000000000000e+00 0.0000000000000000e+00 0.0000000000000000e+00 0.0000000000000000e+00 0.0000000000000000e+00 0.0000000000000000e+00 0.0000000000000000e+00 0.0000000000000000e+00 0.0000000000000000e+00 0.0000000000000000e+00 0.0000000000000000e+00 0.0000000000000000e+00 0.0000000000000000e+00 0.0000000000000000e+00 0.0000000000000000e+00 0.0000000000000000e+00 0.0000000000000000e+00 0.0000000000000000e+00 0.0000000000000000e+00 0.0000000000000000e+00 0.0000000000000000e+00 0.0000000000000000e+00 0.0000000000000000e+00 0.0000000000000000e+00 0.0000000000000000e+00 0.0000000000000000e+00 0.0000000000000000e+00 0.0000000000000000e+00 0.0000000000000000e+00 0.0000000000000000e+00 0.0000000000000000e+00 0.0000000000000000e+00 0.0000000000000000e+00 0.0000000000000000e+00 0.0000000000000000e+00 0.0000000000000000e+00 0.0000000000000000e+00 0.0000000000000000e+00 0.0000000000000000e+00 0.0000000000000000e+00 0.0000000000000000e+00 0.0000000000000000e+00 0.0000000000000000e+00 0.0000000000000000e+00 0.0000000000000000e+00 0.0000000000000000e+00 0.0000000000000000e+00 0.0000000000000000e+00 0.0000000000000000e+00 0.0000000000000000e+00 0.0000000000000000e+00 0.0000000000000000e+00 0.0000000000000000e+00 0.0000000000000000e+00 0.0000000000000000e+00 0.0000000000000000e+00 0.0000000000000000e+00 0.0000000000000000e+00 0.0000000000000000e+00 0.0000000000000000e+00 0.0000000000000000e+00 0.0000000000000000e+00 0.0000000000000000e+00 0.0000000000000000e+00 0.0000000000000000e+00 0.0000000000000000e+00 0.0000000000000000e+00 0.0000000000000000e+00 0.0000000000000000e+00 0.0000000000000000e+00 0.0000000000000000e+00 0.0000000000000000e+00 0.0000000000000000e+00 0.0000000000000000e+00 0.0000000000000000e+00 0.0000000000000000e+00 0.0000000000000000e+00 0.0000000000000000e+00 0.0000000000000000e+00 0.0000000000000000e+00 0.0000000000000000e+00 0.0000000000000000e+00 0.0000000000000000e+00 0.0000000000000000e+00 0.0000000000000000e+00 0.0000000000000000e+00 0.0000000000000000e+00 0.0000000000000000e+00 0.0000000000000000e+00 0.0000000000000000e+00 0.0000000000000000e+00 0.0000000000000000e+00 0.0000000000000000e+00 0.0000000000000000e+00 0.0000000000000000e+00 0.0000000000000000e+00 0.0000000000000000e+00 0.0000000000000000e+00 0.0000000000000000e+00 0.0000000000000000e+00 0.0000000000000000e+00 0.0000000000000000e+00 0.0000000000000000e+00 0.0000000000000000e+00 0.0000000000000000e+00 0.0000000000000000e+00 0.0000000000000000e+00 0.0000000000000000e+00 0.0000000000000000e+00 0.0000000000000000e+00 0.0000000000000000e+00 0.0000000000000000e+00 0.0000000000000000e+00 0.0000000000000000e+00 0.0000000000000000e+00 0.0000000000000000e+00 0.0000000000000000e+00 0.0000000000000000e+00 0.0000000000000000e+00 0.0000000000000000e+00 0.0000000000000000e+00 0.0000000000000000e+00 0.0000000000000000e+00 0.0000000000000000e+00 0.0000000000000000e+00 0.0000000000000000e+00 0.0000000000000000e+00 0.0000000000000000e+00 0.0000000000000000e+00 0.0000000000000000e+00 0.0000000000000000e+00 0.0000000000000000e+00 0.0000000000000000e+00 0.0000000000000000e+00 0.0000000000000000e+00 0.0000000000000000e+00 0.0000000000000000e+00 0.0000000000000000e+00 0.0000000000000000e+00 0.0000000000000000e+00 0.0000000000000000e+00 0.0000000000000000e+00 0.0000000000000000e+00 0.0000000000000000e+00 0.0000000000000000e+00 0.0000000000000000e+00 0.0000000000000000e+00 0.0000000000000000e+00 0.0000000000000000e+00 0.0000000000000000e+00 0.0000000000000000e+00 0.0000000000000000e+00 0.0000000000000000e+00 0.0000000000000000e+00 0.0000000000000000e+00 0.0000000000000000e+00 0.0000000000000000e+00 0.0000000000000000e+00 0.0000000000000000e+00 0.0000000000000000e+00 0.0000000000000000e+00 0.0000000000000000e+00 0.0000000000000000e+00 0.0000000000000000e+00 0.0000000000000000e+00 0.0000000000000000e+00 0.0000000000000000e+00 0.0000000000000000e+00 0.0000000000000000e+00 0.0000000000000000e+00 0.0000000000000000e+00 0.0000000000000000e+00 0.0000000000000000e+00 0.0000000000000000e+00 0.0000000000000000e+00 0.0000000000000000e+00 0.0000000000000000e+00 0.0000000000000000e+00 0.0000000000000000e+00 0.0000000000000000e+00 0.0000000000000000e+00 0.0000000000000000e+00 0.0000000000000000e+00 0.0000000000000000e+00 0.0000000000000000e+00 0.0000000000000000e+00 0.0000000000000000e+00 0.0000000000000000e+00 0.0000000000000000e+00 0.0000000000000000e+00 0.0000000000000000e+00 0.0000000000000000e+00 0.0000000000000000e+00 0.0000000000000000e+00 0.0000000000000000e+00 0.0000000000000000e+00 0.0000000000000000e+00 0.0000000000000000e+00 0.0000000000000000e+00 0.0000000000000000e+00 0.0000000000000000e+00 0.0000000000000000e+00 0.0000000000000000e+00 0.0000000000000000e+00 0.0000000000000000e+00 0.0000000000000000e+00 0.0000000000000000e+00 0.0000000000000000e+00 0.0000000000000000e+00 0.0000000000000000e+00 0.0000000000000000e+00 0.0000000000000000e+00 0.0000000000000000e+00 0.0000000000000000e+00 0.0000000000000000e+00 0.0000000000000000e+00 0.0000000000000000e+00 0.0000000000000000e+00 0.0000000000000000e+00 0.0000000000000000e+00 0.0000000000000000e+00 0.0000000000000000e+00 0.0000000000000000e+00 0.0000000000000000e+00 0.0000000000000000e+00 0.0000000000000000e+00 0.0000000000000000e+00 0.0000000000000000e+00 0.0000000000000000e+00 0.0000000000000000e+00 0.0000000000000000e+00 0.0000000000000000e+00 0.0000000000000000e+00 0.0000000000000000e+00 0.0000000000000000e+00 0.0000000000000000e+00 0.0000000000000000e+00 0.0000000000000000e+00 0.0000000000000000e+00 0.0000000000000000e+00 0.0000000000000000e+00 0.0000000000000000e+00 0.0000000000000000e+00 0.0000000000000000e+00 0.0000000000000000e+00 0.0000000000000000e+00 0.0000000000000000e+00 0.0000000000000000e+00 0.0000000000000000e+00 0.0000000000000000e+00 0.0000000000000000e+00 0.0000000000000000e+00 0.0000000000000000e+00 0.0000000000000000e+00 0.0000000000000000e+00 0.0000000000000000e+00 0.0000000000000000e+00 0.0000000000000000e+00 0.0000000000000000e+00 0.0000000000000000e+00 0.0000000000000000e+00 0.0000000000000000e+00 0.0000000000000000e+00 0.0000000000000000e+00 0.0000000000000000e+00 0.0000000000000000e+00 0.0000000000000000e+00 0.0000000000000000e+00 0.0000000000000000e+00 0.0000000000000000e+00 0.0000000000000000e+00 0.0000000000000000e+00 0.0000000000000000e+00 0.0000000000000000e+00 0.0000000000000000e+00 0.0000000000000000e+00 0.0000000000000000e+00 0.0000000000000000e+00 0.0000000000000000e+00 0.0000000000000000e+00 0.0000000000000000e+00 0.0000000000000000e+00 0.0000000000000000e+00 0.0000000000000000e+00 0.0000000000000000e+00 0.0000000000000000e+00 0.0000000000000000e+00 0.0000000000000000e+00 0.0000000000000000e+00 0.0000000000000000e+00 0.0000000000000000e+00 0.0000000000000000e+00 0.0000000000000000e+00 0.0000000000000000e+00 0.0000000000000000e+00 0.0000000000000000e+00 0.0000000000000000e+00 0.0000000000000000e+00 0.0000000000000000e+00 0.0000000000000000e+00 0.0000000000000000e+00 0.0000000000000000e+00 0.0000000000000000e+00 0.0000000000000000e+00 0.0000000000000000e+00 0.0000000000000000e+00 0.0000000000000000e+00 0.0000000000000000e+00 0.0000000000000000e+00 0.0000000000000000e+00 0.0000000000000000e+00 0.0000000000000000e+00 0.0000000000000000e+00 0.0000000000000000e+00 0.0000000000000000e+00 0.0000000000000000e+00 0.0000000000000000e+00 0.0000000000000000e+00 0.0000000000000000e+00 0.0000000000000000e+00 0.0000000000000000e+00 0.0000000000000000e+00 0.0000000000000000e+00 0.0000000000000000e+00 0.0000000000000000e+00 0.0000000000000000e+00 0.0000000000000000e+00 0.0000000000000000e+00 0.0000000000000000e+00 0.0000000000000000e+00 0.0000000000000000e+00 0.0000000000000000e+00 0.0000000000000000e+00 0.0000000000000000e+00 0.0000000000000000e+00 0.0000000000000000e+00 0.0000000000000000e+00 0.0000000000000000e+00 0.0000000000000000e+00 0.0000000000000000e+00 0.0000000000000000e+00 0.0000000000000000e+00 0.0000000000000000e+00 0.0000000000000000e+00 0.0000000000000000e+00 0.0000000000000000e+00 0.0000000000000000e+00 0.0000000000000000e+00 0.0000000000000000e+00 0.0000000000000000e+00 0.0000000000000000e+00 0.0000000000000000e+00 0.0000000000000000e+00 0.0000000000000000e+00 0.0000000000000000e+00 0.0000000000000000e+00 0.0000000000000000e+00 0.0000000000000000e+00 0.0000000000000000e+00 0.0000000000000000e+00 0.0000000000000000e+00 0.0000000000000000e+00 0.0000000000000000e+00 0.0000000000000000e+00 0.0000000000000000e+00 0.0000000000000000e+00 0.0000000000000000e+00 0.0000000000000000e+00 0.0000000000000000e+00 0.0000000000000000e+00 0.0000000000000000e+00 0.0000000000000000e+00 0.0000000000000000e+00 0.0000000000000000e+00 0.0000000000000000e+00 0.0000000000000000e+00 0.0000000000000000e+00 0.0000000000000000e+00 0.0000000000000000e+00 0.0000000000000000e+00 0.0000000000000000e+00 0.0000000000000000e+00 0.0000000000000000e+00 0.0000000000000000e+00 0.0000000000000000e+00 0.0000000000000000e+00 0.0000000000000000e+00 0.0000000000000000e+00 0.0000000000000000e+00 0.0000000000000000e+00 0.0000000000000000e+00 0.0000000000000000e+00 0.0000000000000000e+00 0.0000000000000000e+00 0.0000000000000000e+00 0.0000000000000000e+00 0.0000000000000000e+00 0.0000000000000000e+00 0.0000000000000000e+00 0.0000000000000000e+00 0.0000000000000000e+00 0.0000000000000000e+00 0.0000000000000000e+00 0.0000000000000000e+00 0.0000000000000000e+00 0.0000000000000000e+00 0.0000000000000000e+00 0.0000000000000000e+00 0.0000000000000000e+00 0.0000000000000000e+00 0.0000000000000000e+00 0.0000000000000000e+00 0.0000000000000000e+00 0.0000000000000000e+00 0.0000000000000000e+00 0.0000000000000000e+00 0.0000000000000000e+00 0.0000000000000000e+00 0.0000000000000000e+00 0.0000000000000000e+00 0.0000000000000000e+00 0.0000000000000000e+00 0.0000000000000000e+00 0.0000000000000000e+00 0.0000000000000000e+00 0.0000000000000000e+00 0.0000000000000000e+00 0.0000000000000000e+00 0.0000000000000000e+00 0.0000000000000000e+00 0.0000000000000000e+00 0.0000000000000000e+00 0.0000000000000000e+00 0.0000000000000000e+00 0.0000000000000000e+00 0.0000000000000000e+00 0.0000000000000000e+00 0.0000000000000000e+00 0.0000000000000000e+00 0.0000000000000000e+00 0.0000000000000000e+00 0.0000000000000000e+00 0.0000000000000000e+00 0.0000000000000000e+00 0.0000000000000000e+00 0.0000000000000000e+00 0.0000000000000000e+00 0.0000000000000000e+00 0.0000000000000000e+00 0.0000000000000000e+00 0.0000000000000000e+00 0.0000000000000000e+00 0.0000000000000000e+00 0.0000000000000000e+00 0.0000000000000000e+00 0.0000000000000000e+00 0.0000000000000000e+00 0.0000000000000000e+00 0.0000000000000000e+00 0.0000000000000000e+00 0.0000000000000000e+00 0.0000000000000000e+00 0.0000000000000000e+00 0.0000000000000000e+00 0.0000000000000000e+00 0.0000000000000000e+00 0.0000000000000000e+00 0.0000000000000000e+00 0.0000000000000000e+00 0.0000000000000000e+00 0.0000000000000000e+00 0.0000000000000000e+00 0.0000000000000000e+00 0.0000000000000000e+00 0.0000000000000000e+00 0.0000000000000000e+00 0.0000000000000000e+00 0.0000000000000000e+00 0.0000000000000000e+00 0.0000000000000000e+00 0.0000000000000000e+00 0.0000000000000000e+00 0.0000000000000000e+00 0.0000000000000000e+00 0.0000000000000000e+00 0.0000000000000000e+00 0.0000000000000000e+00 0.0000000000000000e+00 0.0000000000000000e+00 0.0000000000000000e+00 0.0000000000000000e+00 0.0000000000000000e+00 0.0000000000000000e+00 0.0000000000000000e+00 0.0000000000000000e+00 0.0000000000000000e+00 0.0000000000000000e+00 0.0000000000000000e+00 0.0000000000000000e+00 0.0000000000000000e+00 0.0000000000000000e+00 0.0000000000000000e+00 0.0000000000000000e+00 0.0000000000000000e+00 0.0000000000000000e+00 0.0000000000000000e+00 0.0000000000000000e+00 0.0000000000000000e+00 0.0000000000000000e+00 0.0000000000000000e+00 0.0000000000000000e+00 0.0000000000000000e+00 0.0000000000000000e+00 0.0000000000000000e+00 0.0000000000000000e+00 0.0000000000000000e+00 0.0000000000000000e+00 0.0000000000000000e+00 0.0000000000000000e+00 0.0000000000000000e+00 0.0000000000000000e+00 0.0000000000000000e+00 0.0000000000000000e+00 0.0000000000000000e+00 0.0000000000000000e+00 0.0000000000000000e+00 0.0000000000000000e+00 0.0000000000000000e+00 0.0000000000000000e+00 0.0000000000000000e+00 0.0000000000000000e+00 0.0000000000000000e+00 0.0000000000000000e+00 0.0000000000000000e+00 0.0000000000000000e+00 0.0000000000000000e+00 0.0000000000000000e+00 0.0000000000000000e+00 0.0000000000000000e+00 0.0000000000000000e+00 0.0000000000000000e+00 0.0000000000000000e+00 0.0000000000000000e+00 0.0000000000000000e+00 0.0000000000000000e+00 0.0000000000000000e+00 0.0000000000000000e+00 0.0000000000000000e+00 0.0000000000000000e+00 0.0000000000000000e+00 0.0000000000000000e+00 0.0000000000000000e+00 0.0000000000000000e+00 0.0000000000000000e+00 0.0000000000000000e+00 0.0000000000000000e+00 0.0000000000000000e+00 0.0000000000000000e+00 0.0000000000000000e+00 0.0000000000000000e+00 0.0000000000000000e+00 0.0000000000000000e+00 0.0000000000000000e+00 0.0000000000000000e+00 0.0000000000000000e+00 0.0000000000000000e+00 0.0000000000000000e+00 0.0000000000000000e+00 0.0000000000000000e+00 0.0000000000000000e+00 0.0000000000000000e+00 0.0000000000000000e+00 0.0000000000000000e+00 0.0000000000000000e+00 0.0000000000000000e+00 0.0000000000000000e+00 0.0000000000000000e+00 0.0000000000000000e+00 0.0000000000000000e+00 0.0000000000000000e+00 0.0000000000000000e+00 0.0000000000000000e+00 0.0000000000000000e+00 0.0000000000000000e+00 0.0000000000000000e+00 0.0000000000000000e+00 0.0000000000000000e+00 0.0000000000000000e+00 0.0000000000000000e+00 0.0000000000000000e+00 0.0000000000000000e+00 0.0000000000000000e+00 0.0000000000000000e+00 0.0000000000000000e+00 0.0000000000000000e+00 0.0000000000000000e+00 0.0000000000000000e+00 0.0000000000000000e+00 0.0000000000000000e+00 0.0000000000000000e+00 0.0000000000000000e+00 0.0000000000000000e+00 0.0000000000000000e+00 0.0000000000000000e+00 0.0000000000000000e+00 0.0000000000000000e+00 0.0000000000000000e+00 0.0000000000000000e+00 0.0000000000000000e+00 0.0000000000000000e+00 0.0000000000000000e+00 0.0000000000000000e+00 0.0000000000000000e+00 0.0000000000000000e+00 0.0000000000000000e+00 0.0000000000000000e+00 0.0000000000000000e+00 0.0000000000000000e+00 0.0000000000000000e+00 0.0000000000000000e+00 0.0000000000000000e+00 0.0000000000000000e+00 0.0000000000000000e+00 0.0000000000000000e+00 0.0000000000000000e+00 0.0000000000000000e+00 0.0000000000000000e+00 0.0000000000000000e+00 0.0000000000000000e+00 0.0000000000000000e+00 0.0000000000000000e+00 0.0000000000000000e+00 0.0000000000000000e+00 0.0000000000000000e+00 0.0000000000000000e+00 0.0000000000000000e+00 0.0000000000000000e+00 0.0000000000000000e+00 0.0000000000000000e+00 0.0000000000000000e+00 0.0000000000000000e+00 0.0000000000000000e+00 0.0000000000000000e+00 0.0000000000000000e+00 0.0000000000000000e+00 0.0000000000000000e+00 0.0000000000000000e+00 0.0000000000000000e+00 0.0000000000000000e+00 0.0000000000000000e+00 0.0000000000000000e+00 0.0000000000000000e+00 0.0000000000000000e+00 0.0000000000000000e+00 0.0000000000000000e+00 0.0000000000000000e+00 0.0000000000000000e+00 0.0000000000000000e+00 0.0000000000000000e+00 0.0000000000000000e+00 0.0000000000000000e+00 0.0000000000000000e+00 0.0000000000000000e+00 0.0000000000000000e+00 0.0000000000000000e+00 0.0000000000000000e+00 0.0000000000000000e+00 0.0000000000000000e+00 0.0000000000000000e+00 0.0000000000000000e+00 0.0000000000000000e+00 0.0000000000000000e+00 0.0000000000000000e+00 0.0000000000000000e+00 0.0000000000000000e+00 0.0000000000000000e+00 0.0000000000000000e+00 0.0000000000000000e+00 0.0000000000000000e+00 0.0000000000000000e+00 0.0000000000000000e+00 0.0000000000000000e+00 0.0000000000000000e+00 0.0000000000000000e+00 0.0000000000000000e+00 0.0000000000000000e+00 0.0000000000000000e+00 0.0000000000000000e+00 0.0000000000000000e+00 0.0000000000000000e+00 0.0000000000000000e+00 0.0000000000000000e+00 0.0000000000000000e+00 0.0000000000000000e+00 0.0000000000000000e+00 0.0000000000000000e+00 0.0000000000000000e+00 0.0000000000000000e+00 0.0000000000000000e+00 0.0000000000000000e+00 0.0000000000000000e+00 0.0000000000000000e+00 0.0000000000000000e+00 0.0000000000000000e+00 0.0000000000000000e+00 0.0000000000000000e+00 0.0000000000000000e+00 0.0000000000000000e+00 0.0000000000000000e+00 0.0000000000000000e+00 0.0000000000000000e+00 0.0000000000000000e+00 0.0000000000000000e+00 0.0000000000000000e+00 0.0000000000000000e+00 0.0000000000000000e+00 0.0000000000000000e+00 0.0000000000000000e+00 0.0000000000000000e+00 0.0000000000000000e+00 0.0000000000000000e+00 0.0000000000000000e+00 0.0000000000000000e+00 0.0000000000000000e+00 0.0000000000000000e+00 0.0000000000000000e+00 0.0000000000000000e+00 0.0000000000000000e+00 0.0000000000000000e+00 0.0000000000000000e+00 0.0000000000000000e+00 0.0000000000000000e+00 0.0000000000000000e+00 0.0000000000000000e+00 0.0000000000000000e+00 0.0000000000000000e+00 0.0000000000000000e+00 0.0000000000000000e+00 0.0000000000000000e+00 0.0000000000000000e+00 0.0000000000000000e+00 0.0000000000000000e+00 0.0000000000000000e+00 0.0000000000000000e+00 0.0000000000000000e+00 0.0000000000000000e+00 0.0000000000000000e+00 0.0000000000000000e+00 0.0000000000000000e+00 0.0000000000000000e+00 0.0000000000000000e+00 0.0000000000000000e+00 0.0000000000000000e+00 0.0000000000000000e+00 0.0000000000000000e+00 0.0000000000000000e+00 0.0000000000000000e+00 0.0000000000000000e+00 0.0000000000000000e+00 0.0000000000000000e+00 0.0000000000000000e+00 0.0000000000000000e+00 0.0000000000000000e+00 0.0000000000000000e+00 0.0000000000000000e+00 0.0000000000000000e+00 0.0000000000000000e+00 0.0000000000000000e+00 0.0000000000000000e+00 0.0000000000000000e+00 0.0000000000000000e+00 0.0000000000000000e+00 0.0000000000000000e+00 0.0000000000000000e+00 0.0000000000000000e+00 0.0000000000000000e+00 0.0000000000000000e+00 0.0000000000000000e+00 0.0000000000000000e+00 0.0000000000000000e+00 0.0000000000000000e+00 0.0000000000000000e+00 0.0000000000000000e+00 0.0000000000000000e+00 0.0000000000000000e+00 0.0000000000000000e+00 0.0000000000000000e+00 0.0000000000000000e+00 0.0000000000000000e+00 0.0000000000000000e+00 0.0000000000000000e+00 0.0000000000000000e+00 0.0000000000000000e+00 0.0000000000000000e+00 0.0000000000000000e+00 0.0000000000000000e+00 0.0000000000000000e+00 0.0000000000000000e+00 0.0000000000000000e+00 0.0000000000000000e+00 0.0000000000000000e+00 0.0000000000000000e+00 0.0000000000000000e+00 0.0000000000000000e+00 0.0000000000000000e+00 0.0000000000000000e+00 0.0000000000000000e+00 0.0000000000000000e+00 0.0000000000000000e+00 0.0000000000000000e+00 0.0000000000000000e+00 0.0000000000000000e+00 0.0000000000000000e+00 0.0000000000000000e+00 0.0000000000000000e+00 0.0000000000000000e+00 0.0000000000000000e+00 0.0000000000000000e+00 0.0000000000000000e+00 0.0000000000000000e+00 0.0000000000000000e+00 0.0000000000000000e+00 0.0000000000000000e+00 0.0000000000000000e+00 0.0000000000000000e+00 0.0000000000000000e+00 0.0000000000000000e+00 0.0000000000000000e+00 0.0000000000000000e+00 0.0000000000000000e+00 0.0000000000000000e+00 0.0000000000000000e+00 0.0000000000000000e+00 0.0000000000000000e+00 0.0000000000000000e+00 0.0000000000000000e+00 0.0000000000000000e+00 0.0000000000000000e+00 0.0000000000000000e+00 0.0000000000000000e+00 0.0000000000000000e+00 0.0000000000000000e+00 0.0000000000000000e+00 0.0000000000000000e+00 0.0000000000000000e+00 0.0000000000000000e+00 0.0000000000000000e+00 0.0000000000000000e+00 0.0000000000000000e+00 0.0000000000000000e+00 0.0000000000000000e+00 0.0000000000000000e+00 0.0000000000000000e+00 0.0000000000000000e+00 0.0000000000000000e+00 0.0000000000000000e+00 0.0000000000000000e+00 0.0000000000000000e+00 0.0000000000000000e+00 0.0000000000000000e+00 0.0000000000000000e+00 0.0000000000000000e+00 0.0000000000000000e+00 0.0000000000000000e+00 0.0000000000000000e+00 0.0000000000000000e+00 0.0000000000000000e+00 0.0000000000000000e+00 0.0000000000000000e+00 0.0000000000000000e+00 0.0000000000000000e+00 0.0000000000000000e+00 0.0000000000000000e+00 0.0000000000000000e+00 0.0000000000000000e+00 0.0000000000000000e+00 0.0000000000000000e+00 0.0000000000000000e+00 0.0000000000000000e+00 0.0000000000000000e+00 0.0000000000000000e+00 0.0000000000000000e+00 0.0000000000000000e+00 0.0000000000000000e+00 0.0000000000000000e+00 0.0000000000000000e+00 0.0000000000000000e+00 0.0000000000000000e+00 0.0000000000000000e+00 0.0000000000000000e+00 0.0000000000000000e+00 0.0000000000000000e+00 0.0000000000000000e+00 0.0000000000000000e+00 0.0000000000000000e+00 0.0000000000000000e+00 0.0000000000000000e+00 0.0000000000000000e+00 0.0000000000000000e+00 0.0000000000000000e+00 0.0000000000000000e+00 0.0000000000000000e+00 0.0000000000000000e+00 0.0000000000000000e+00 0.0000000000000000e+00 0.0000000000000000e+00 0.0000000000000000e+00 0.0000000000000000e+00 0.0000000000000000e+00 0.0000000000000000e+00 0.0000000000000000e+00 0.0000000000000000e+00 0.0000000000000000e+00 0.0000000000000000e+00 0.0000000000000000e+00 0.0000000000000000e+00 0.0000000000000000e+00 0.0000000000000000e+00 0.0000000000000000e+00 0.0000000000000000e+00 0.0000000000000000e+00 0.0000000000000000e+00 0.0000000000000000e+00 0.0000000000000000e+00 0.0000000000000000e+00 0.0000000000000000e+00 0.0000000000000000e+00 0.0000000000000000e+00 0.0000000000000000e+00 0.0000000000000000e+00 0.0000000000000000e+00 0.0000000000000000e+00 0.0000000000000000e+00 0.0000000000000000e+00 0.0000000000000000e+00 0.0000000000000000e+00 0.0000000000000000e+00 0.0000000000000000e+00 0.0000000000000000e+00 0.0000000000000000e+00 0.0000000000000000e+00 0.0000000000000000e+00 0.0000000000000000e+00 0.0000000000000000e+00 0.0000000000000000e+00 0.0000000000000000e+00 0.0000000000000000e+00 0.0000000000000000e+00 0.0000000000000000e+00 0.0000000000000000e+00 0.0000000000000000e+00 0.0000000000000000e+00 0.0000000000000000e+00 0.0000000000000000e+00 0.0000000000000000e+00 0.0000000000000000e+00 0.0000000000000000e+00 0.0000000000000000e+00 0.0000000000000000e+00 0.0000000000000000e+00 0.0000000000000000e+00 0.0000000000000000e+00 0.0000000000000000e+00 0.0000000000000000e+00 0.0000000000000000e+00 0.0000000000000000e+00 0.0000000000000000e+00 0.0000000000000000e+00 0.0000000000000000e+00 0.0000000000000000e+00 0.0000000000000000e+00 0.0000000000000000e+00 0.0000000000000000e+00 0.0000000000000000e+00 0.0000000000000000e+00 0.0000000000000000e+00 0.0000000000000000e+00 0.0000000000000000e+00 0.0000000000000000e+00 0.0000000000000000e+00 0.0000000000000000e+00 0.0000000000000000e+00 0.0000000000000000e+00 0.0000000000000000e+00 0.0000000000000000e+00 0.0000000000000000e+00 0.0000000000000000e+00 0.0000000000000000e+00 0.0000000000000000e+00 0.0000000000000000e+00 0.0000000000000000e+00 0.0000000000000000e+00 0.0000000000000000e+00 0.0000000000000000e+00 0.0000000000000000e+00 0.0000000000000000e+00 0.0000000000000000e+00 0.0000000000000000e+00 0.0000000000000000e+00 0.0000000000000000e+00 0.0000000000000000e+00 0.0000000000000000e+00 0.0000000000000000e+00 0.0000000000000000e+00 0.0000000000000000e+00 0.0000000000000000e+00 0.0000000000000000e+00 0.0000000000000000e+00 0.0000000000000000e+00 0.0000000000000000e+00 0.0000000000000000e+00 0.0000000000000000e+00 0.0000000000000000e+00 0.0000000000000000e+00 0.0000000000000000e+00 0.0000000000000000e+00 0.0000000000000000e+00 0.0000000000000000e+00 0.0000000000000000e+00 0.0000000000000000e+00 0.0000000000000000e+00 0.0000000000000000e+00 0.0000000000000000e+00 0.0000000000000000e+00 0.0000000000000000e+00 0.0000000000000000e+00 0.0000000000000000e+00 0.0000000000000000e+00 0.0000000000000000e+00 0.0000000000000000e+00 0.0000000000000000e+00 0.0000000000000000e+00 0.0000000000000000e+00 0.0000000000000000e+00 0.0000000000000000e+00 0.0000000000000000e+00 0.0000000000000000e+00 0.0000000000000000e+00 0.0000000000000000e+00 0.0000000000000000e+00 0.0000000000000000e+00 0.0000000000000000e+00 0.0000000000000000e+00 0.0000000000000000e+00 0.0000000000000000e+00 0.0000000000000000e+00 0.0000000000000000e+00 0.0000000000000000e+00 0.0000000000000000e+00 0.0000000000000000e+00 0.0000000000000000e+00 0.0000000000000000e+00 0.0000000000000000e+00 0.0000000000000000e+00 0.0000000000000000e+00 0.0000000000000000e+00 0.0000000000000000e+00 0.0000000000000000e+00 0.0000000000000000e+00 0.0000000000000000e+00 0.0000000000000000e+00 0.0000000000000000e+00 0.0000000000000000e+00 0.0000000000000000e+00 0.0000000000000000e+00 0.0000000000000000e+00 0.0000000000000000e+00 0.0000000000000000e+00 0.0000000000000000e+00 0.0000000000000000e+00 0.0000000000000000e+00 0.0000000000000000e+00 0.0000000000000000e+00 0.0000000000000000e+00 0.0000000000000000e+00 0.0000000000000000e+00 0.0000000000000000e+00 0.0000000000000000e+00 0.0000000000000000e+00 0.0000000000000000e+00 0.0000000000000000e+00 0.0000000000000000e+00 0.0000000000000000e+00 0.0000000000000000e+00 0.0000000000000000e+00 0.0000000000000000e+00 0.0000000000000000e+00 0.0000000000000000e+00 0.0000000000000000e+00 0.0000000000000000e+00 0.0000000000000000e+00 0.0000000000000000e+00 0.0000000000000000e+00 0.0000000000000000e+00 0.0000000000000000e+00 0.0000000000000000e+00 0.0000000000000000e+00 0.0000000000000000e+00 0.0000000000000000e+00 0.0000000000000000e+00 0.0000000000000000e+00 0.0000000000000000e+00 0.0000000000000000e+00 0.0000000000000000e+00 0.0000000000000000e+00 0.0000000000000000e+00 0.0000000000000000e+00 0.0000000000000000e+00 0.0000000000000000e+00 0.0000000000000000e+00 0.0000000000000000e+00 0.0000000000000000e+00 0.0000000000000000e+00 0.0000000000000000e+00 0.0000000000000000e+00 0.0000000000000000e+00 0.0000000000000000e+00 0.0000000000000000e+00 0.0000000000000000e+00 0.0000000000000000e+00 0.0000000000000000e+00 0.0000000000000000e+00 0.0000000000000000e+00 0.0000000000000000e+00 0.0000000000000000e+00 0.0000000000000000e+00 0.0000000000000000e+00 0.0000000000000000e+00 0.0000000000000000e+00 0.0000000000000000e+00 0.0000000000000000e+00 0.0000000000000000e+00 0.0000000000000000e+00 0.0000000000000000e+00 0.0000000000000000e+00 0.0000000000000000e+00 0.0000000000000000e+00 0.0000000000000000e+00 0.0000000000000000e+00 0.0000000000000000e+00 0.0000000000000000e+00 0.0000000000000000e+00 0.0000000000000000e+00 0.0000000000000000e+00 0.0000000000000000e+00 0.0000000000000000e+00 0.0000000000000000e+00 0.0000000000000000e+00 0.0000000000000000e+00 0.0000000000000000e+00 0.0000000000000000e+00 0.0000000000000000e+00 0.0000000000000000e+00 0.0000000000000000e+00 0.0000000000000000e+00 0.0000000000000000e+00 0.0000000000000000e+00 0.0000000000000000e+00 0.0000000000000000e+00 0.0000000000000000e+00 0.0000000000000000e+00 0.0000000000000000e+00 0.0000000000000000e+00 0.0000000000000000e+00 0.0000000000000000e+00 0.0000000000000000e+00 0.0000000000000000e+00 0.0000000000000000e+00 0.0000000000000000e+00 0.0000000000000000e+00 0.0000000000000000e+00 0.0000000000000000e+00 0.0000000000000000e+00 0.0000000000000000e+00 0.0000000000000000e+00 0.0000000000000000e+00 0.0000000000000000e+00 0.0000000000000000e+00 0.0000000000000000e+00 0.0000000000000000e+00 0.0000000000000000e+00 0.0000000000000000e+00 0.0000000000000000e+00 0.0000000000000000e+00 0.0000000000000000e+00 0.0000000000000000e+00 0.0000000000000000e+00 0.0000000000000000e+00 0.0000000000000000e+00 0.0000000000000000e+00 0.0000000000000000e+00 0.0000000000000000e+00 0.0000000000000000e+00 0.0000000000000000e+00 0.0000000000000000e+00 0.0000000000000000e+00 0.0000000000000000e+00 0.0000000000000000e+00 0.0000000000000000e+00 0.0000000000000000e+00 0.0000000000000000e+00 0.0000000000000000e+00 0.0000000000000000e+00 0.0000000000000000e+00 0.0000000000000000e+00 0.0000000000000000e+00 0.0000000000000000e+00 0.0000000000000000e+00 0.0000000000000000e+00 0.0000000000000000e+00 0.0000000000000000e+00 0.0000000000000000e+00 0.0000000000000000e+00 0.0000000000000000e+00 0.0000000000000000e+00 0.0000000000000000e+00 0.0000000000000000e+00 0.0000000000000000e+00 0.0000000000000000e+00 0.0000000000000000e+00 0.0000000000000000e+00 0.0000000000000000e+00 0.0000000000000000e+00 0.0000000000000000e+00 0.0000000000000000e+00 0.0000000000000000e+00 0.0000000000000000e+00 0.0000000000000000e+00 0.0000000000000000e+00 0.0000000000000000e+00 0.0000000000000000e+00 0.0000000000000000e+00 0.0000000000000000e+00 0.0000000000000000e+00 0.0000000000000000e+00 0.0000000000000000e+00 0.0000000000000000e+00 0.0000000000000000e+00 0.0000000000000000e+00 0.0000000000000000e+00 0.0000000000000000e+00 0.0000000000000000e+00 0.0000000000000000e+00 0.0000000000000000e+00 0.0000000000000000e+00 0.0000000000000000e+00 0.0000000000000000e+00 0.0000000000000000e+00 0.0000000000000000e+00 0.0000000000000000e+00 0.0000000000000000e+00 0.0000000000000000e+00 0.0000000000000000e+00 0.0000000000000000e+00 0.0000000000000000e+00 0.0000000000000000e+00 0.0000000000000000e+00 0.0000000000000000e+00 0.0000000000000000e+00 0.0000000000000000e+00 0.0000000000000000e+00 0.0000000000000000e+00 0.0000000000000000e+00 0.0000000000000000e+00 0.0000000000000000e+00 0.0000000000000000e+00 0.0000000000000000e+00 0.0000000000000000e+00 0.0000000000000000e+00 0.0000000000000000e+00 0.0000000000000000e+00 0.0000000000000000e+00 0.0000000000000000e+00 0.0000000000000000e+00 0.0000000000000000e+00 0.0000000000000000e+00 0.0000000000000000e+00 0.0000000000000000e+00 0.0000000000000000e+00 0.0000000000000000e+00 0.0000000000000000e+00 0.0000000000000000e+00 0.0000000000000000e+00 0.0000000000000000e+00 0.0000000000000000e+00 0.0000000000000000e+00 0.0000000000000000e+00 0.0000000000000000e+00 0.0000000000000000e+00 0.0000000000000000e+00 0.0000000000000000e+00 0.0000000000000000e+00 0.0000000000000000e+00 0.0000000000000000e+00 0.0000000000000000e+00 0.0000000000000000e+00 0.0000000000000000e+00 0.0000000000000000e+00 0.0000000000000000e+00 0.0000000000000000e+00 0.0000000000000000e+00 0.0000000000000000e+00 0.0000000000000000e+00 0.0000000000000000e+00 0.0000000000000000e+00 0.0000000000000000e+00 0.0000000000000000e+00 0.0000000000000000e+00 0.0000000000000000e+00 0.0000000000000000e+00 0.0000000000000000e+00 0.0000000000000000e+00 0.0000000000000000e+00 0.0000000000000000e+00 0.0000000000000000e+00 0.0000000000000000e+00 0.0000000000000000e+00 0.0000000000000000e+00 0.0000000000000000e+00 0.0000000000000000e+00 0.0000000000000000e+00 0.0000000000000000e+00 0.0000000000000000e+00 0.0000000000000000e+00 0.0000000000000000e+00 0.0000000000000000e+00 0.0000000000000000e+00 0.0000000000000000e+00 0.0000000000000000e+00 0.0000000000000000e+00 0.0000000000000000e+00 0.0000000000000000e+00 0.0000000000000000e+00 0.0000000000000000e+00 0.0000000000000000e+00 0.0000000000000000e+00 0.0000000000000000e+00 0.0000000000000000e+00 0.0000000000000000e+00 0.0000000000000000e+00 0.0000000000000000e+00 0.0000000000000000e+00 0.0000000000000000e+00 0.0000000000000000e+00 0.0000000000000000e+00 0.0000000000000000e+00 0.0000000000000000e+00 0.0000000000000000e+00 0.0000000000000000e+00 0.0000000000000000e+00 0.0000000000000000e+00 0.0000000000000000e+00 0.0000000000000000e+00 0.0000000000000000e+00 0.0000000000000000e+00 0.0000000000000000e+00 0.0000000000000000e+00 0.0000000000000000e+00 0.0000000000000000e+00 0.0000000000000000e+00 0.0000000000000000e+00 0.0000000000000000e+00 0.0000000000000000e+00 0.0000000000000000e+00 0.0000000000000000e+00 0.0000000000000000e+00 0.0000000000000000e+00 0.0000000000000000e+00 0.0000000000000000e+00 0.0000000000000000e+00 0.0000000000000000e+00 0.0000000000000000e+00 0.0000000000000000e+00 0.0000000000000000e+00 0.0000000000000000e+00 0.0000000000000000e+00 0.0000000000000000e+00 0.0000000000000000e+00 0.0000000000000000e+00 0.0000000000000000e+00 0.0000000000000000e+00 0.0000000000000000e+00 0.0000000000000000e+00 0.0000000000000000e+00 0.0000000000000000e+00 0.0000000000000000e+00 0.0000000000000000e+00 0.0000000000000000e+00 0.0000000000000000e+00 0.0000000000000000e+00 0.0000000000000000e+00 0.0000000000000000e+00 0.0000000000000000e+00 0.0000000000000000e+00 0.0000000000000000e+00 0.0000000000000000e+00 0.0000000000000000e+00 0.0000000000000000e+00 0.0000000000000000e+00 0.0000000000000000e+00 0.0000000000000000e+00 0.0000000000000000e+00 0.0000000000000000e+00 0.0000000000000000e+00 0.0000000000000000e+00 0.0000000000000000e+00 0.0000000000000000e+00 0.0000000000000000e+00 0.0000000000000000e+00 0.0000000000000000e+00 0.0000000000000000e+00 0.0000000000000000e+00 0.0000000000000000e+00 0.0000000000000000e+00 0.0000000000000000e+00 0.0000000000000000e+00 0.0000000000000000e+00 0.0000000000000000e+00 0.0000000000000000e+00 0.0000000000000000e+00 0.0000000000000000e+00 0.0000000000000000e+00 0.0000000000000000e+00 0.0000000000000000e+00 0.0000000000000000e+00 0.0000000000000000e+00 0.0000000000000000e+00 0.0000000000000000e+00 0.0000000000000000e+00 0.0000000000000000e+00 0.0000000000000000e+00 0.0000000000000000e+00 0.0000000000000000e+00 0.0000000000000000e+00 0.0000000000000000e+00 0.0000000000000000e+00 0.0000000000000000e+00 0.0000000000000000e+00 0.0000000000000000e+00 0.0000000000000000e+00 0.0000000000000000e+00 0.0000000000000000e+00 0.0000000000000000e+00 0.0000000000000000e+00 0.0000000000000000e+00 0.0000000000000000e+00 0.0000000000000000e+00 0.0000000000000000e+00 0.0000000000000000e+00 0.0000000000000000e+00 0.0000000000000000e+00 0.0000000000000000e+00 0.0000000000000000e+00 0.0000000000000000e+00 0.0000000000000000e+00 0.0000000000000000e+00 0.0000000000000000e+00 0.0000000000000000e+00 0.0000000000000000e+00 0.0000000000000000e+00 0.0000000000000000e+00 0.0000000000000000e+00 0.0000000000000000e+00 0.0000000000000000e+00 0.0000000000000000e+00 0.0000000000000000e+00 0.0000000000000000e+00 0.0000000000000000e+00 0.0000000000000000e+00 0.0000000000000000e+00 0.0000000000000000e+00 0.0000000000000000e+00 0.0000000000000000e+00 0.0000000000000000e+00 0.0000000000000000e+00 0.0000000000000000e+00 0.0000000000000000e+00 0.0000000000000000e+00 0.0000000000000000e+00 0.0000000000000000e+00 0.0000000000000000e+00 0.0000000000000000e+00 0.0000000000000000e+00 0.0000000000000000e+00 0.0000000000000000e+00 0.0000000000000000e+00 0.0000000000000000e+00 0.0000000000000000e+00 0.0000000000000000e+00 0.0000000000000000e+00 0.0000000000000000e+00 0.0000000000000000e+00 0.0000000000000000e+00 0.0000000000000000e+00 0.0000000000000000e+00 0.0000000000000000e+00 0.0000000000000000e+00 0.0000000000000000e+00 0.0000000000000000e+00 0.0000000000000000e+00 0.0000000000000000e+00 0.0000000000000000e+00 0.0000000000000000e+00 0.0000000000000000e+00 0.0000000000000000e+00 0.0000000000000000e+00 0.0000000000000000e+00 0.0000000000000000e+00 0.0000000000000000e+00 0.0000000000000000e+00 0.0000000000000000e+00 0.0000000000000000e+00 0.0000000000000000e+00 0.0000000000000000e+00 0.0000000000000000e+00 0.0000000000000000e+00 0.0000000000000000e+00 0.0000000000000000e+00 0.0000000000000000e+00 0.0000000000000000e+00 0.0000000000000000e+00 0.0000000000000000e+00 0.0000000000000000e+00 0.0000000000000000e+00 0.0000000000000000e+00 0.0000000000000000e+00 0.0000000000000000e+00 0.0000000000000000e+00 0.0000000000000000e+00 0.0000000000000000e+00 0.0000000000000000e+00 0.0000000000000000e+00 0.0000000000000000e+00 0.0000000000000000e+00 0.0000000000000000e+00 0.0000000000000000e+00 0.0000000000000000e+00 0.0000000000000000e+00 0.0000000000000000e+00 0.0000000000000000e+00 0.0000000000000000e+00 0.0000000000000000e+00 0.0000000000000000e+00 0.0000000000000000e+00 0.0000000000000000e+00 0.0000000000000000e+00 0.0000000000000000e+00 0.0000000000000000e+00 0.0000000000000000e+00 0.0000000000000000e+00 0.0000000000000000e+00 0.0000000000000000e+00 0.0000000000000000e+00 0.0000000000000000e+00 0.0000000000000000e+00 0.0000000000000000e+00 0.0000000000000000e+00 0.0000000000000000e+00 0.0000000000000000e+00 0.0000000000000000e+00 0.0000000000000000e+00 0.0000000000000000e+00 0.0000000000000000e+00 0.0000000000000000e+00 0.0000000000000000e+00 0.0000000000000000e+00 0.0000000000000000e+00 0.0000000000000000e+00 0.0000000000000000e+00 0.0000000000000000e+00 0.0000000000000000e+00 0.0000000000000000e+00 0.0000000000000000e+00 0.0000000000000000e+00 0.0000000000000000e+00 0.0000000000000000e+00 0.0000000000000000e+00 0.0000000000000000e+00 0.0000000000000000e+00 0.0000000000000000e+00 0.0000000000000000e+00 0.0000000000000000e+00 0.0000000000000000e+00 0.0000000000000000e+00 0.0000000000000000e+00 0.0000000000000000e+00 0.0000000000000000e+00 0.0000000000000000e+00 0.0000000000000000e+00 0.0000000000000000e+00 0.0000000000000000e+00 0.0000000000000000e+00 0.0000000000000000e+00 0.0000000000000000e+00 0.0000000000000000e+00 0.0000000000000000e+00 0.0000000000000000e+00 0.0000000000000000e+00 0.0000000000000000e+00 0.0000000000000000e+00 0.0000000000000000e+00 0.0000000000000000e+00 0.0000000000000000e+00 0.0000000000000000e+00 0.0000000000000000e+00 0.0000000000000000e+00 0.0000000000000000e+00 0.0000000000000000e+00 0.0000000000000000e+00 0.0000000000000000e+00 0.0000000000000000e+00 0.0000000000000000e+00 0.0000000000000000e+00 0.0000000000000000e+00 0.0000000000000000e+00 0.0000000000000000e+00 0.0000000000000000e+00 0.0000000000000000e+00 0.0000000000000000e+00 0.0000000000000000e+00 0.0000000000000000e+00 0.0000000000000000e+00 0.0000000000000000e+00 0.0000000000000000e+00 0.0000000000000000e+00 0.0000000000000000e+00 0.0000000000000000e+00 0.0000000000000000e+00 0.0000000000000000e+00 0.0000000000000000e+00 0.0000000000000000e+00 0.0000000000000000e+00 0.0000000000000000e+00 0.0000000000000000e+00 0.0000000000000000e+00 0.0000000000000000e+00 0.0000000000000000e+00 0.0000000000000000e+00 0.0000000000000000e+00 0.0000000000000000e+00 0.0000000000000000e+00 0.0000000000000000e+00 0.0000000000000000e+00 0.0000000000000000e+00 0.0000000000000000e+00 0.0000000000000000e+00 0.0000000000000000e+00 0.0000000000000000e+00 0.0000000000000000e+00 0.0000000000000000e+00 0.0000000000000000e+00 0.0000000000000000e+00 0.0000000000000000e+00 0.0000000000000000e+00 0.0000000000000000e+00 0.0000000000000000e+00 0.0000000000000000e+00 0.0000000000000000e+00 0.0000000000000000e+00 0.0000000000000000e+00 0.0000000000000000e+00 0.0000000000000000e+00 0.0000000000000000e+00 0.0000000000000000e+00 0.0000000000000000e+00 0.0000000000000000e+00 0.0000000000000000e+00 0.0000000000000000e+00 0.0000000000000000e+00 0.0000000000000000e+00 0.0000000000000000e+00 0.0000000000000000e+00 0.0000000000000000e+00 0.0000000000000000e+00 0.0000000000000000e+00 0.0000000000000000e+00 0.0000000000000000e+00 0.0000000000000000e+00 0.0000000000000000e+00 0.0000000000000000e+00 0.0000000000000000e+00 0.0000000000000000e+00 0.0000000000000000e+00 0.0000000000000000e+00 0.0000000000000000e+00 0.0000000000000000e+00 0.0000000000000000e+00 0.0000000000000000e+00 0.0000000000000000e+00 0.0000000000000000e+00 0.0000000000000000e+00 0.0000000000000000e+00 0.0000000000000000e+00 0.0000000000000000e+00 0.0000000000000000e+00 0.0000000000000000e+00 0.0000000000000000e+00 0.0000000000000000e+00 0.0000000000000000e+00 0.0000000000000000e+00 0.0000000000000000e+00 0.0000000000000000e+00 0.0000000000000000e+00 0.0000000000000000e+00 0.0000000000000000e+00 0.0000000000000000e+00 0.0000000000000000e+00 0.0000000000000000e+00 0.0000000000000000e+00 0.0000000000000000e+00 0.0000000000000000e+00 0.0000000000000000e+00 0.0000000000000000e+00 0.0000000000000000e+00 0.0000000000000000e+00 0.0000000000000000e+00 0.0000000000000000e+00 0.0000000000000000e+00 0.0000000000000000e+00 0.0000000000000000e+00 0.0000000000000000e+00 0.0000000000000000e+00 0.0000000000000000e+00 0.0000000000000000e+00 0.0000000000000000e+00 0.0000000000000000e+00 0.0000000000000000e+00 0.0000000000000000e+00 0.0000000000000000e+00 0.0000000000000000e+00 0.0000000000000000e+00 0.0000000000000000e+00 0.0000000000000000e+00 0.0000000000000000e+00 0.0000000000000000e+00 0.0000000000000000e+00 0.0000000000000000e+00 0.0000000000000000e+00 0.0000000000000000e+00 0.0000000000000000e+00 0.0000000000000000e+00 0.0000000000000000e+00 0.0000000000000000e+00 0.0000000000000000e+00 0.0000000000000000e+00 0.0000000000000000e+00 0.0000000000000000e+00 0.0000000000000000e+00 0.0000000000000000e+00 0.0000000000000000e+00 0.0000000000000000e+00 0.0000000000000000e+00 0.0000000000000000e+00 0.0000000000000000e+00 0.0000000000000000e+00 0.0000000000000000e+00 0.0000000000000000e+00 0.0000000000000000e+00 0.0000000000000000e+00 0.0000000000000000e+00 0.0000000000000000e+00 0.0000000000000000e+00 0.0000000000000000e+00 0.0000000000000000e+00 0.0000000000000000e+00 0.0000000000000000e+00 0.0000000000000000e+00 0.0000000000000000e+00 0.0000000000000000e+00 0.0000000000000000e+00 0.0000000000000000e+00 0.0000000000000000e+00 0.0000000000000000e+00 0.0000000000000000e+00 0.0000000000000000e+00 0.0000000000000000e+00 0.0000000000000000e+00 0.0000000000000000e+00 0.0000000000000000e+00 0.0000000000000000e+00 0.0000000000000000e+00 0.0000000000000000e+00 0.0000000000000000e+00 0.0000000000000000e+00 0.0000000000000000e+00 0.0000000000000000e+00 0.0000000000000000e+00 0.0000000000000000e+00 0.0000000000000000e+00 0.0000000000000000e+00 0.0000000000000000e+00 0.0000000000000000e+00 0.0000000000000000e+00 0.0000000000000000e+00 0.0000000000000000e+00 0.0000000000000000e+00 0.0000000000000000e+00 0.0000000000000000e+00 0.0000000000000000e+00 0.0000000000000000e+00 0.0000000000000000e+00 0.0000000000000000e+00 0.0000000000000000e+00 0.0000000000000000e+00 0.0000000000000000e+00 0.0000000000000000e+00 0.0000000000000000e+00 0.0000000000000000e+00 0.0000000000000000e+00 0.0000000000000000e+00 0.0000000000000000e+00 0.0000000000000000e+00 0.0000000000000000e+00 0.0000000000000000e+00 0.0000000000000000e+00 0.0000000000000000e+00 0.0000000000000000e+00 0.0000000000000000e+00 0.0000000000000000e+00 0.0000000000000000e+00 0.0000000000000000e+00 0.0000000000000000e+00 0.0000000000000000e+00 0.0000000000000000e+00 0.0000000000000000e+00 0.0000000000000000e+00 0.0000000000000000e+00 0.0000000000000000e+00 0.0000000000000000e+00 0.0000000000000000e+00 0.0000000000000000e+00 0.0000000000000000e+00 0.0000000000000000e+00 0.0000000000000000e+00 0.0000000000000000e+00 0.0000000000000000e+00 0.0000000000000000e+00 0.0000000000000000e+00 0.0000000000000000e+00 0.0000000000000000e+00 0.0000000000000000e+00 0.0000000000000000e+00 0.0000000000000000e+00 0.0000000000000000e+00 0.0000000000000000e+00 0.0000000000000000e+00 0.0000000000000000e+00 0.0000000000000000e+00 0.0000000000000000e+00 0.0000000000000000e+00 0.0000000000000000e+00 0.0000000000000000e+00 0.0000000000000000e+00 0.0000000000000000e+00 0.0000000000000000e+00 0.0000000000000000e+00 0.0000000000000000e+00 0.0000000000000000e+00 0.0000000000000000e+00 0.0000000000000000e+00 0.0000000000000000e+00 0.0000000000000000e+00 0.0000000000000000e+00 0.0000000000000000e+00 0.0000000000000000e+00 0.0000000000000000e+00 0.0000000000000000e+00 0.0000000000000000e+00 0.0000000000000000e+00 0.0000000000000000e+00 0.0000000000000000e+00 0.0000000000000000e+00 0.0000000000000000e+00 0.0000000000000000e+00 0.0000000000000000e+00 0.0000000000000000e+00 0.0000000000000000e+00 0.0000000000000000e+00 0.0000000000000000e+00 0.0000000000000000e+00 0.0000000000000000e+00 0.0000000000000000e+00 0.0000000000000000e+00 0.0000000000000000e+00 0.0000000000000000e+00 0.0000000000000000e+00 0.0000000000000000e+00 0.0000000000000000e+00 0.0000000000000000e+00 0.0000000000000000e+00 0.0000000000000000e+00 0.0000000000000000e+00 0.0000000000000000e+00 0.0000000000000000e+00 0.0000000000000000e+00 0.0000000000000000e+00 0.0000000000000000e+00 0.0000000000000000e+00 0.0000000000000000e+00 0.0000000000000000e+00 0.0000000000000000e+00 0.0000000000000000e+00 0.0000000000000000e+00 0.0000000000000000e+00 0.0000000000000000e+00 0.0000000000000000e+00 0.0000000000000000e+00 0.0000000000000000e+00 0.0000000000000000e+00 0.0000000000000000e+00 0.0000000000000000e+00 0.0000000000000000e+00 0.0000000000000000e+00 0.0000000000000000e+00 0.0000000000000000e+00 0.0000000000000000e+00 0.0000000000000000e+00 0.0000000000000000e+00 0.0000000000000000e+00 0.0000000000000000e+00 0.0000000000000000e+00 0.0000000000000000e+00 0.0000000000000000e+00 0.0000000000000000e+00 0.0000000000000000e+00 0.0000000000000000e+00 0.0000000000000000e+00 0.0000000000000000e+00 0.0000000000000000e+00 0.0000000000000000e+00 0.0000000000000000e+00 0.0000000000000000e+00 0.0000000000000000e+00 0.0000000000000000e+00 0.0000000000000000e+00 0.0000000000000000e+00 0.0000000000000000e+00 0.0000000000000000e+00 0.0000000000000000e+00 0.0000000000000000e+00 0.0000000000000000e+00 0.0000000000000000e+00 0.0000000000000000e+00 0.0000000000000000e+00 0.0000000000000000e+00 0.0000000000000000e+00 0.0000000000000000e+00 0.0000000000000000e+00 0.0000000000000000e+00 0.0000000000000000e+00 0.0000000000000000e+00 0.0000000000000000e+00 0.0000000000000000e+00 0.0000000000000000e+00 0.0000000000000000e+00 0.0000000000000000e+00 0.0000000000000000e+00 0.0000000000000000e+00 0.0000000000000000e+00 0.0000000000000000e+00 0.0000000000000000e+00 0.0000000000000000e+00 0.0000000000000000e+00 0.0000000000000000e+00 0.0000000000000000e+00 0.0000000000000000e+00 0.0000000000000000e+00 0.0000000000000000e+00 0.0000000000000000e+00 0.0000000000000000e+00 0.0000000000000000e+00 0.0000000000000000e+00 0.0000000000000000e+00 0.0000000000000000e+00 0.0000000000000000e+00 0.0000000000000000e+00 0.0000000000000000e+00 0.0000000000000000e+00 0.0000000000000000e+00 0.0000000000000000e+00 0.0000000000000000e+00 0.0000000000000000e+00 0.0000000000000000e+00 0.0000000000000000e+00 0.0000000000000000e+00 0.0000000000000000e+00 0.0000000000000000e+00 0.0000000000000000e+00 0.0000000000000000e+00 0.0000000000000000e+00 0.0000000000000000e+00 0.0000000000000000e+00 0.0000000000000000e+00 0.0000000000000000e+00 0.0000000000000000e+00 0.0000000000000000e+00 0.0000000000000000e+00 0.0000000000000000e+00 0.0000000000000000e+00 0.0000000000000000e+00 0.0000000000000000e+00 0.0000000000000000e+00 0.0000000000000000e+00 0.0000000000000000e+00 0.0000000000000000e+00 0.0000000000000000e+00 0.0000000000000000e+00 0.0000000000000000e+00 0.0000000000000000e+00 0.0000000000000000e+00 0.0000000000000000e+00 0.0000000000000000e+00 0.0000000000000000e+00 0.0000000000000000e+00 0.0000000000000000e+00 0.0000000000000000e+00 0.0000000000000000e+00 0.0000000000000000e+00 0.0000000000000000e+00 0.0000000000000000e+00 0.0000000000000000e+00 0.0000000000000000e+00 0.0000000000000000e+00 0.0000000000000000e+00 0.0000000000000000e+00 0.0000000000000000e+00 0.0000000000000000e+00 0.0000000000000000e+00 0.0000000000000000e+00 0.0000000000000000e+00 0.0000000000000000e+00 0.0000000000000000e+00 0.0000000000000000e+00 0.0000000000000000e+00 0.0000000000000000e+00 0.0000000000000000e+00 0.0000000000000000e+00 0.0000000000000000e+00 0.0000000000000000e+00 0.0000000000000000e+00 0.0000000000000000e+00 0.0000000000000000e+00 0.0000000000000000e+00 0.0000000000000000e+00 0.0000000000000000e+00 0.0000000000000000e+00 0.0000000000000000e+00 0.0000000000000000e+00 0.0000000000000000e+00 0.0000000000000000e+00 0.0000000000000000e+00 0.0000000000000000e+00 0.0000000000000000e+00 0.0000000000000000e+00 0.0000000000000000e+00 0.0000000000000000e+00 0.0000000000000000e+00 0.0000000000000000e+00 0.0000000000000000e+00 0.0000000000000000e+00 0.0000000000000000e+00 0.0000000000000000e+00 0.0000000000000000e+00 0.0000000000000000e+00 0.0000000000000000e+00 0.0000000000000000e+00 0.0000000000000000e+00 0.0000000000000000e+00 0.0000000000000000e+00 0.0000000000000000e+00 0.0000000000000000e+00 0.0000000000000000e+00 0.0000000000000000e+00 0.0000000000000000e+00 0.0000000000000000e+00 0.0000000000000000e+00 0.0000000000000000e+00 0.0000000000000000e+00 0.0000000000000000e+00 0.0000000000000000e+00 0.0000000000000000e+00 0.0000000000000000e+00 0.0000000000000000e+00 0.0000000000000000e+00 0.0000000000000000e+00 0.0000000000000000e+00 0.0000000000000000e+00 0.0000000000000000e+00 0.0000000000000000e+00 0.0000000000000000e+00 0.0000000000000000e+00 0.0000000000000000e+00 0.0000000000000000e+00 0.0000000000000000e+00 0.0000000000000000e+00 0.0000000000000000e+00 0.0000000000000000e+00 0.0000000000000000e+00 0.0000000000000000e+00 0.0000000000000000e+00 0.0000000000000000e+00 0.0000000000000000e+00 0.0000000000000000e+00 0.0000000000000000e+00 0.0000000000000000e+00 0.0000000000000000e+00 0.0000000000000000e+00 0.0000000000000000e+00 0.0000000000000000e+00 0.0000000000000000e+00 0.0000000000000000e+00 0.0000000000000000e+00 0.0000000000000000e+00 0.0000000000000000e+00 0.0000000000000000e+00 0.0000000000000000e+00 0.0000000000000000e+00 0.0000000000000000e+00 0.0000000000000000e+00 0.0000000000000000e+00 0.0000000000000000e+00 0.0000000000000000e+00 0.0000000000000000e+00 0.0000000000000000e+00 0.0000000000000000e+00 0.0000000000000000e+00 0.0000000000000000e+00 0.0000000000000000e+00 0.0000000000000000e+00 0.0000000000000000e+00 0.0000000000000000e+00 0.0000000000000000e+00 0.0000000000000000e+00 0.0000000000000000e+00 0.0000000000000000e+00 0.0000000000000000e+00 0.0000000000000000e+00 0.0000000000000000e+00 0.0000000000000000e+00 0.0000000000000000e+00 0.0000000000000000e+00 0.0000000000000000e+00 0.0000000000000000e+00 0.0000000000000000e+00 0.0000000000000000e+00 0.0000000000000000e+00 0.0000000000000000e+00 0.0000000000000000e+00 0.0000000000000000e+00 0.0000000000000000e+00 0.0000000000000000e+00 0.0000000000000000e+00 0.0000000000000000e+00 0.0000000000000000e+00 0.0000000000000000e+00 0.0000000000000000e+00 0.0000000000000000e+00 0.0000000000000000e+00 0.0000000000000000e+00 0.0000000000000000e+00 0.0000000000000000e+00 0.0000000000000000e+00 0.0000000000000000e+00 0.0000000000000000e+00 0.0000000000000000e+00 0.0000000000000000e+00 0.0000000000000000e+00 0.0000000000000000e+00 0.0000000000000000e+00 0.0000000000000000e+00 0.0000000000000000e+00 0.0000000000000000e+00 0.0000000000000000e+00 0.0000000000000000e+00 0.0000000000000000e+00 0.0000000000000000e+00 0.0000000000000000e+00 0.0000000000000000e+00 0.0000000000000000e+00 0.0000000000000000e+00 0.0000000000000000e+00 0.0000000000000000e+00 0.0000000000000000e+00 0.0000000000000000e+00 0.0000000000000000e+00 0.0000000000000000e+00 0.0000000000000000e+00 0.0000000000000000e+00 0.0000000000000000e+00 0.0000000000000000e+00 0.0000000000000000e+00 0.0000000000000000e+00 0.0000000000000000e+00 0.0000000000000000e+00 0.0000000000000000e+00 0.0000000000000000e+00 0.0000000000000000e+00 0.0000000000000000e+00 0.0000000000000000e+00 0.0000000000000000e+00 0.0000000000000000e+00 0.0000000000000000e+00 0.0000000000000000e+00 0.0000000000000000e+00 0.0000000000000000e+00 0.0000000000000000e+00 0.0000000000000000e+00 0.0000000000000000e+00 0.0000000000000000e+00 0.0000000000000000e+00 0.0000000000000000e+00 0.0000000000000000e+00 0.0000000000000000e+00 0.0000000000000000e+00 0.0000000000000000e+00 0.0000000000000000e+00 0.0000000000000000e+00 0.0000000000000000e+00 0.0000000000000000e+00 0.0000000000000000e+00 0.0000000000000000e+00 0.0000000000000000e+00 0.0000000000000000e+00 0.0000000000000000e+00 0.0000000000000000e+00 0.0000000000000000e+00 0.0000000000000000e+00 0.0000000000000000e+00 0.0000000000000000e+00 0.0000000000000000e+00 0.0000000000000000e+00 0.0000000000000000e+00 0.0000000000000000e+00 0.0000000000000000e+00 0.0000000000000000e+00 0.0000000000000000e+00 0.0000000000000000e+00 0.0000000000000000e+00 0.0000000000000000e+00 0.0000000000000000e+00 0.0000000000000000e+00 0.0000000000000000e+00 0.0000000000000000e+00 0.0000000000000000e+00 0.0000000000000000e+00 0.0000000000000000e+00 0.0000000000000000e+00 0.0000000000000000e+00 0.0000000000000000e+00 0.0000000000000000e+00 0.0000000000000000e+00 0.0000000000000000e+00 0.0000000000000000e+00 0.0000000000000000e+00 0.0000000000000000e+00 0.0000000000000000e+00 0.0000000000000000e+00 0.0000000000000000e+00 0.0000000000000000e+00 0.0000000000000000e+00 0.0000000000000000e+00 0.0000000000000000e+00 0.0000000000000000e+00 0.0000000000000000e+00 0.0000000000000000e+00 0.0000000000000000e+00 0.0000000000000000e+00 0.0000000000000000e+00 0.0000000000000000e+00 0.0000000000000000e+00 0.0000000000000000e+00 0.0000000000000000e+00 0.0000000000000000e+00 0.0000000000000000e+00 0.0000000000000000e+00 0.0000000000000000e+00 0.0000000000000000e+00 0.0000000000000000e+00 0.0000000000000000e+00 0.0000000000000000e+00 0.0000000000000000e+00 0.0000000000000000e+00 0.0000000000000000e+00 0.0000000000000000e+00 0.0000000000000000e+00 0.0000000000000000e+00 0.0000000000000000e+00 0.0000000000000000e+00 0.0000000000000000e+00 0.0000000000000000e+00 0.0000000000000000e+00 0.0000000000000000e+00 0.0000000000000000e+00
</DataArray>
        <DataArray type="Float64" format="ascii" Name="equivalent_plastic_strain">
0.0000000000000000e+00 0.0000000000000000e+00 0.0000000000000000e+00 0.0000000000000000e+00 0.0000000000000000e+00 0.0000000000000000e+00 0.0000000000000000e+00 0.0000000000000000e+00 0.0000000000000000e+00 0.0000000000000000e+00 0.0000000000000000e+00 0.0000000000000000e+00 0.0000000000000000e+00 0.0000000000000000e+00 0.0000000000000000e+00 0.0000000000000000e+00 0.0000000000000000e+00 0.0000000000000000e+00 0.0000000000000000e+00 0.0000000000000000e+00 0.0000000000000000e+00 0.0000000000000000e+00 0.0000000000000000e+00 0.0000000000000000e+00 0.0000000000000000e+00 0.0000000000000000e+00 0.0000000000000000e+00 0.0000000000000000e+00 0.0000000000000000e+00 0.0000000000000000e+00 0.0000000000000000e+00 0.0000000000000000e+00 0.0000000000000000e+00 0.0000000000000000e+00 0.0000000000000000e+00 0.0000000000000000e+00 0.0000000000000000e+00 0.0000000000000000e+00 0.0000000000000000e+00 0.0000000000000000e+00 0.0000000000000000e+00 0.0000000000000000e+00 0.0000000000000000e+00 0.0000000000000000e+00 0.0000000000000000e+00 0.0000000000000000e+00 0.0000000000000000e+00 0.0000000000000000e+00 0.0000000000000000e+00 0.0000000000000000e+00 0.0000000000000000e+00 0.0000000000000000e+00 0.0000000000000000e+00 0.0000000000000000e+00 0.0000000000000000e+00 0.0000000000000000e+00 0.0000000000000000e+00 0.0000000000000000e+00 0.0000000000000000e+00 0.0000000000000000e+00 0.0000000000000000e+00 0.0000000000000000e+00 0.0000000000000000e+00 0.0000000000000000e+00 0.0000000000000000e+00 0.0000000000000000e+00 0.0000000000000000e+00 0.0000000000000000e+00 0.0000000000000000e+00 0.0000000000000000e+00 0.0000000000000000e+00 0.0000000000000000e+00 0.0000000000000000e+00 0.0000000000000000e+00 0.0000000000000000e+00 0.0000000000000000e+00 0.0000000000000000e+00 0.0000000000000000e+00 0.0000000000000000e+00 0.0000000000000000e+00 0.0000000000000000e+00 0.0000000000000000e+00 0.0000000000000000e+00 0.0000000000000000e+00 0.0000000000000000e+00 0.0000000000000000e+00 0.0000000000000000e+00 0.0000000000000000e+00 0.0000000000000000e+00 0.0000000000000000e+00 0.0000000000000000e+00 0.0000000000000000e+00 0.0000000000000000e+00 0.0000000000000000e+00 0.0000000000000000e+00 0.0000000000000000e+00 0.0000000000000000e+00 0.0000000000000000e+00 0.0000000000000000e+00 0.0000000000000000e+00 0.0000000000000000e+00 0.0000000000000000e+00 0.0000000000000000e+00 0.0000000000000000e+00 0.0000000000000000e+00 0.0000000000000000e+00 0.0000000000000000e+00 0.0000000000000000e+00 0.0000000000000000e+00 0.0000000000000000e+00 0.0000000000000000e+00 0.0000000000000000e+00 0.0000000000000000e+00 0.0000000000000000e+00 0.0000000000000000e+00 0.0000000000000000e+00 0.0000000000000000e+00 0.0000000000000000e+00 0.0000000000000000e+00 0.0000000000000000e+00 0.0000000000000000e+00 0.0000000000000000e+00 0.0000000000000000e+00 0.0000000000000000e+00 0.0000000000000000e+00 0.0000000000000000e+00 0.0000000000000000e+00 0.0000000000000000e+00 0.0000000000000000e+00 0.0000000000000000e+00 0.0000000000000000e+00 0.0000000000000000e+00 0.0000000000000000e+00 0.0000000000000000e+00 0.0000000000000000e+00 0.0000000000000000e+00 0.0000000000000000e+00 0.0000000000000000e+00 0.0000000000000000e+00 0.0000000000000000e+00 0.0000000000000000e+00 0.0000000000000000e+00 0.0000000000000000e+00 0.0000000000000000e+00 0.0000000000000000e+00 0.0000000000000000e+00 0.0000000000000000e+00 0.0000000000000000e+00 0.0000000000000000e+00 0.0000000000000000e+00 0.0000000000000000e+00 0.0000000000000000e+00 0.0000000000000000e+00 0.0000000000000000e+00 0.0000000000000000e+00 0.0000000000000000e+00 0.0000000000000000e+00 0.0000000000000000e+00 0.0000000000000000e+00 0.0000000000000000e+00 0.0000000000000000e+00 0.0000000000000000e+00 0.0000000000000000e+00 0.0000000000000000e+00 0.0000000000000000e+00 0.0000000000000000e+00 0.0000000000000000e+00 0.0000000000000000e+00 0.0000000000000000e+00 0.0000000000000000e+00 0.0000000000000000e+00 0.0000000000000000e+00 0.0000000000000000e+00 0.0000000000000000e+00 0.0000000000000000e+00 0.0000000000000000e+00 0.0000000000000000e+00 0.0000000000000000e+00 0.0000000000000000e+00 0.0000000000000000e+00 0.0000000000000000e+00 0.0000000000000000e+00 0.0000000000000000e+00 0.0000000000000000e+00 0.0000000000000000e+00 0.0000000000000000e+00 0.0000000000000000e+00 0.0000000000000000e+00 0.0000000000000000e+00 0.0000000000000000e+00 0.0000000000000000e+00 0.0000000000000000e+00 0.0000000000000000e+00 0.0000000000000000e+00 0.0000000000000000e+00 0.0000000000000000e+00 0.0000000000000000e+00 0.0000000000000000e+00 0.0000000000000000e+00 0.0000000000000000e+00 0.0000000000000000e+00 0.0000000000000000e+00 0.0000000000000000e+00 0.0000000000000000e+00 0.0000000000000000e+00 0.0000000000000000e+00 0.0000000000000000e+00 0.0000000000000000e+00 0.0000000000000000e+00 0.0000000000000000e+00 0.0000000000000000e+00 0.0000000000000000e+00 0.0000000000000000e+00 0.0000000000000000e+00 0.0000000000000000e+00 0.0000000000000000e+00 0.0000000000000000e+00 0.0000000000000000e+00 0.0000000000000000e+00 0.0000000000000000e+00 0.0000000000000000e+00 0.0000000000000000e+00 0.0000000000000000e+00 0.0000000000000000e+00 0.0000000000000000e+00 0.0000000000000000e+00 0.0000000000000000e+00 0.0000000000000000e+00 0.0000000000000000e+00 0.0000000000000000e+00 0.0000000000000000e+00 0.0000000000000000e+00 0.0000000000000000e+00 0.0000000000000000e+00 0.0000000000000000e+00 0.0000000000000000e+00 0.0000000000000000e+00 0.0000000000000000e+00 0.0000000000000000e+00 0.0000000000000000e+00 0.0000000000000000e+00 0.0000000000000000e+00 0.0000000000000000e+00 0.0000000000000000e+00 0.0000000000000000e+00 0.0000000000000000e+00 0.0000000000000000e+00 0.0000000000000000e+00 0.0000000000000000e+00 0.0000000000000000e+00 0.0000000000000000e+00 0.0000000000000000e+00 0.0000000000000000e+00 0.0000000000000000e+00 0.0000000000000000e+00 0.0000000000000000e+00 0.0000000000000000e+00 0.0000000000000000e+00 0.0000000000000000e+00 0.0000000000000000e+00 0.0000000000000000e+00 0.0000000000000000e+00 0.0000000000000000e+00 0.0000000000000000e+00 0.0000000000000000e+00 0.0000000000000000e+00 0.0000000000000000e+00 0.0000000000000000e+00 0.0000000000000000e+00 0.0000000000000000e+00 0.0000000000000000e+00 0.0000000000000000e+00 0.0000000000000000e+00 0.0000000000000000e+00 0.0000000000000000e+00 0.0000000000000000e+00 0.0000000000000000e+00 0.0000000000000000e+00 0.0000000000000000e+00 0.0000000000000000e+00 0.0000000000000000e+00 0.0000000000000000e+00 0.0000000000000000e+00 0.0000000000000000e+00 0.0000000000000000e+00 0.0000000000000000e+00 0.0000000000000000e+00 0.0000000000000000e+00 0.0000000000000000e+00 0.0000000000000000e+00 0.0000000000000000e+00 0.0000000000000000e+00 0.0000000000000000e+00 0.0000000000000000e+00 0.0000000000000000e+00 0.0000000000000000e+00 0.0000000000000000e+00 0.0000000000000000e+00 0.0000000000000000e+00 0.0000000000000000e+00 0.0000000000000000e+00 0.0000000000000000e+00 0.0000000000000000e+00 0.0000000000000000e+00 0.0000000000000000e+00 0.0000000000000000e+00 0.0000000000000000e+00 0.0000000000000000e+00 0.0000000000000000e+00 0.0000000000000000e+00 0.0000000000000000e+00 0.0000000000000000e+00 0.0000000000000000e+00 0.0000000000000000e+00 0.0000000000000000e+00 0.0000000000000000e+00 0.0000000000000000e+00 0.0000000000000000e+00 0.0000000000000000e+00 0.0000000000000000e+00 0.0000000000000000e+00 0.0000000000000000e+00 0.0000000000000000e+00 0.0000000000000000e+00
</DataArray>
        <DataArray type="Int64" format="ascii" Name="yielded">
0 0 0 0 0 0 0 0 0 0 0 0 0 0 0 0 0 0 0 0 0 0 0 0 0 0 0 0 0 0 0 0 0 0 0 0 0 0 0 0 0 0 0 0 0 0 0 0 0 0 0 0 0 0 0 0 0 0 0 0 0 0 0 0 0 0 0 0 0 0 0 0 0 0 0 0 0 0 0 0 0 0 0 0 0 0 0 0 0 0 0 0 0 0 0 0 0 0 0 0 0 0 0 0 0 0 0 0 0 0 0 0 0 0 0 0 0 0 0 0 0 0 0 0 0 0 0 0 0 0 0 0 0 0 0 0 0 0 0 0 0 0 0 0 0 0 0 0 0 0 0 0 0 0 0 0 0 0 0 0 0 0 0 0 0 0 0 0 0 0 0 0 0 0 0 0 0 0 0 0 0 0 0 0 0 0 0 0 0 0 0 0 0 0 0 0 0 0 0 0 0 0 0 0 0 0 0 0 0 0 0 0 0 0 0 0 0 0 0 0 0 0 0 0 0 0 0 0 0 0 0 0 0 0 0 0 0 0 0 0 0 0 0 0 0 0 0 0 0 0 0 0 0 0 0 0 0 0 0 0 0 0 0 0 0 0 0 0 0 0 0 0 0 0 0 0 0 0 0 0 0 0 0 0 0 0 0 0 0 0 0 0 0 0 0 0 0 0 0 0 0 0 0 0 0 0 0 0 0 0 0 0 0 0 0 0 0 0 0 0 0 0 0 0
</DataArray>
        <DataArray type="Float64" format="ascii" Name="pore_pressure">
5.2683333333348461e+00 5.6316666666696298e+00 5.2683333333347839e+00 5.6316666666695063e+00 5.2683333333347226e+00 5.6316666666693855e+00 5.2683333333346614e+00 5.6316666666692621e+00 5.2683333333345992e+00 5.6316666666691386e+00 5.2683333333345361e+00 5.6316666666690134e+00 5.2683333333344766e+00 5.6316666666688899e+00 5.2683333333344136e+00 5.6316666666687656e+00 5.2683333333343523e+00 5.6316666666686439e+00 6.3583333333357945e+00 6.7216666666673781e+00 6.3583333333359393e+00 6.7216666666678551e+00 6.3583333333360850e+00 6.7216666666683329e+00 6.3583333333362306e+00 6.7216666666688072e+00 6.3583333333363754e+00 6.7216666666692833e+00 6.3583333333365220e+00 6.7216666666697602e+00 6.3583333333366658e+00 6.7216666666702345e+00 6.3583333333368115e+00 6.7216666666707123e+00 6.3583333333369580e+00 6.7216666666711893e+00 7.4483333333295683e+00 7.8116666666610364e+00 7.4483333333307620e+00 7.8116666666626191e+00 7.4483333333319557e+00 7.8116666666641956e+00 7.4483333333331485e+00 7.8116666666657757e+00 7.4483333333343431e+00 7.8116666666673584e+00 7.4483333333355377e+00 7.8116666666689349e+00 7.4483333333367288e+00 7.8116666666705177e+00 7.4483333333379234e+00 7.8116666666720977e+00 7.4483333333391171e+00 7.8116666666736787e+00 8.5383333333223934e+00 8.9016666666542488e+00 8.5383333333247471e+00 8.9016666666569879e+00 8.5383333333271008e+00 8.9016666666597271e+00 8.5383333333294527e+00 8.9016666666624680e+00 8.5383333333318063e+00 8.9016666666652053e+00 8.5383333333341582e+00 8.9016666666679480e+00 8.5383333333365137e+00 8.9016666666706872e+00 8.5383333333388656e+00 8.9016666666734263e+00 8.5383333333412175e+00 8.9016666666761655e+00 9.6283333333172347e+00 9.9916666666511578e+00 9.6283333333204109e+00 9.9916666666543854e+00 9.6283333333235870e+00 9.9916666666576113e+00 9.6283333333267631e+00 9.9916666666608371e+00 9.6283333333299428e+00 9.9916666666640648e+00 9.6283333333331171e+00 9.9916666666672924e+00 9.6283333333362933e+00 9.9916666666705183e+00 9.6283333333394694e+00 9.9916666666737441e+00 9.6283333333426473e+00 9.9916666666769736e+00 1.0718333333317792e+01 1.1081666666653444e+01 1.0718333333320782e+01 1.1081666666656149e+01 1.0718333333323773e+01 1.1081666666658853e+01 1.0718333333326765e+01 1.1081666666661560e+01 1.0718333333329758e+01 1.1081666666664265e+01 1.0718333333332749e+01 1.1081666666666971e+01 1.0718333333335741e+01 1.1081666666669676e+01 1.0718333333338730e+01 1.1081666666672382e+01 1.0718333333341720e+01 1.1081666666675087e+01 1.1808333333322041e+01 1.2171666666657408e+01 1.1808333333324175e+01 1.2171666666659256e+01 1.1808333333326312e+01 1.2171666666661105e+01 1.1808333333328443e+01 1.2171666666662951e+01 1.1808333333330577e+01 1.2171666666664800e+01 1.1808333333332710e+01 1.2171666666666647e+01 1.1808333333334843e+01 1.2171666666668495e+01 1.1808333333336977e+01 1.2171666666670340e+01 1.1808333333339110e+01 1.2171666666672191e+01 1.2898333333326294e+01 1.3261666666661382e+01 1.2898333333327578e+01 1.3261666666662384e+01 1.2898333333328861e+01 1.3261666666663389e+01 1.2898333333330140e+01 1.3261666666664393e+01 1.2898333333331426e+01 1.3261666666665397e+01 1.2898333333332710e+01 1.3261666666666400e+01 1.2898333333333992e+01 1.3261666666667402e+01 1.2898333333335273e+01 1.3261666666668409e+01 1.2898333333336558e+01 1.3261666666669413e+01 1.3988333333330552e+01 1.4351666666665398e+01 1.3988333333331035e+01 1.4351666666665638e+01 1.3988333333331520e+01 1.4351666666665881e+01 1.3988333333332001e+01 1.4351666666666121e+01 1.3988333333332484e+01 1.4351666666666363e+01 1.3988333333332971e+01 1.4351666666666606e+01 1.3988333333333452e+01 1.4351666666666848e+01 1.3988333333333939e+01 1.4351666666667089e+01 1.3988333333334419e+01 1.4351666666667331e+01 4.5416666666666661e+00 4.1783333333333328e+00 4.5416666666666652e+00 4.1783333333333337e+00 4.5416666666666679e+00 4.1783333333333355e+00 4.5416666666666652e+00 4.1783333333333328e+00 4.5416666666666652e+00 4.1783333333333328e+00 4.5416666666666652e+00 4.1783333333333337e+00 4.5416666666666652e+00 4.1783333333333319e+00 4.5416666666666652e+00 4.1783333333333328e+00 4.5416666666666661e+00 4.1783333333333337e+00 3.4516666666666667e+00 3.0883333333333329e+00 3.4516666666666662e+00 3.0883333333333320e+00 3.4516666666666667e+00 3.0883333333333320e+00 3.4516666666666667e+00 3.0883333333333320e+00 3.4516666666666662e+00 3.0883333333333325e+00 3.4516666666666667e+00 3.0883333333333329e+00 3.4516666666666662e+00 3.0883333333333329e+00 3.4516666666666667e+00 3.0883333333333329e+00 3.4516666666666658e+00 3.0883333333333320e+00 2.3616666666666672e+00 1.9983333333333342e+00 2.3616666666666677e+00 1.9983333333333342e+00 2.3616666666666677e+00 1.9983333333333342e+00 2.3616666666666668e+00 1.9983333333333342e+00 2.3616666666666681e+00 1.9983333333333340e+00 2.3616666666666677e+00 1.9983333333333346e+00 2.3616666666666677e+00 1.9983333333333329e+00 2.3616666666666646e+00 1.9983333333333348e+00 2.3616666666666677e+00 1.9983333333333333e+00 1.2716666666666678e+00 9.0833333333333466e-01 1.2716666666666698e+00 9.0833333333333632e-01 1.2716666666666678e+00 9.0833333333333466e-01 1.2716666666666678e+00 9.0833333333332900e-01 1.2716666666666661e+00 9.0833333333333022e-01 1.2716666666666678e+00 9.0833333333333455e-01 1.2716666666666685e+00 9.0833333333333310e-01 1.2716666666666667e+00 9.0833333333333421e-01 1.2716666666666681e+00 9.0833333333333466e-01 2.4222222222215731e-01 6.0555555555556147e-02 2.4222222222222378e-01 6.0555555555555203e-02 2.4222222222222364e-01 6.0555555555555626e-02 2.4222222222222067e-01 6.0555555555554488e-02 2.4222222222221901e-01 6.0555555555555585e-02 2.4222222222222375e-01 6.0555555555555966e-02 2.4222222222222359e-01 6.0555555555555682e-02 2.4222222222222367e-01 6.0555555555555939e-02 2.4222222222222373e-01 6.0555555555489644e-02 0.0000000000000000e+00 0.0000000000000000e+00 0.0000000000000000e+00 0.0000000000000000e+00 0.0000000000000000e+00 0.0000000000000000e+00 0.0000000000000000e+00 0.0000000000000000e+00 0.0000000000000000e+00 0.0000000000000000e+00 0.0000000000000000e+00 0.0000000000000000e+00 0.0000000000000000e+00 0.0000000000000000e+00 0.0000000000000000e+00 0.0000000000000000e+00 0.0000000000000000e+00 0.0000000000000000e+00 0.0000000000000000e+00 0.0000000000000000e+00 0.0000000000000000e+00 0.0000000000000000e+00 0.0000000000000000e+00 0.0000000000000000e+00 0.0000000000000000e+00 0.0000000000000000e+00 0.0000000000000000e+00 0.0000000000000000e+00 0.0000000000000000e+00 0.0000000000000000e+00 0.0000000000000000e+00 0.0000000000000000e+00 0.0000000000000000e+00 0.0000000000000000e+00 0.0000000000000000e+00 0.0000000000000000e+00 0.0000000000000000e+00 0.0000000000000000e+00 0.0000000000000000e+00 0.0000000000000000e+00 0.0000000000000000e+00 0.0000000000000000e+00 0.0000000000000000e+00 0.0000000000000000e+00 0.0000000000000000e+00 0.0000000000000000e+00 0.0000000000000000e+00 0.0000000000000000e+00 0.0000000000000000e+00 0.0000000000000000e+00 0.0000000000000000e+00 0.0000000000000000e+00 0.0000000000000000e+00 0.0000000000000000e+00 0.0000000000000000e+00 0.0000000000000000e+00 0.0000000000000000e+00 0.0000000000000000e+00 0.0000000000000000e+00 0.0000000000000000e+00 0.0000000000000000e+00 0.0000000000000000e+00 0.0000000000000000e+00 0.0000000000000000e+00 0.0000000000000000e+00 0.0000000000000000e+00 0.0000000000000000e+00 0.0000000000000000e+00 0.0000000000000000e+00 0.0000000000000000e+00 0.0000000000000000e+00 0.0000000000000000e+00
</DataArray>
        <DataArray type="Float64" format="ascii" Name="q">
1.0484761904317411e+01 1.0879238093927469e+01 1.0484761903907430e+01 1.0879238094666771e+01 1.0484761904469964e+01 1.0879238095014456e+01 1.0484761904635167e+01 1.0879238095144983e+01 1.0484761904702117e+01 1.0879238095205398e+01 1.0484761904747447e+01 1.0879238095249686e+01 1.0484761904785900e+01 1.0879238095268011e+01 1.0484761904829551e+01 1.0879238095062535e+01 1.0484761905254151e+01 1.0879238094461479e+01 1.1668190476522785e+01 1.2062666666576796e+01 1.1668190476029169e+01 1.2062666666566846e+01 1.1668190476027805e+01 1.2062666666611381e+01 1.1668190476113871e+01 1.2062666666635112e+01 1.1668190476165430e+01 1.2062666666664919e+01 1.1668190476207071e+01 1.2062666666696934e+01 1.1668190476249338e+01 1.2062666666734968e+01 1.1668190476242966e+01 1.2062666666913382e+01 1.1668190476580273e+01 1.2062666667147303e+01 1.2851619046728723e+01 1.3246095239808518e+01 1.2851619047871326e+01 1.3246095238311305e+01 1.2851619047687183e+01 1.3246095238140542e+01 1.2851619047630290e+01 1.3246095238109120e+01 1.2851619047626258e+01 1.3246095238107170e+01 1.2851619047635710e+01 1.3246095238111753e+01 1.2851619047634312e+01 1.3246095238092767e+01 1.2851619047585821e+01 1.3246095237975830e+01 1.2851619046923535e+01 1.3246095238298759e+01 1.4035047618647077e+01 1.4429523808653993e+01 1.4035047618747873e+01 1.4429523809402770e+01 1.4035047619025281e+01 1.4429523809514578e+01 1.4035047619057819e+01 1.4429523809531531e+01 1.4035047619056938e+01 1.4429523809528334e+01 1.4035047619061205e+01 1.4429523809540802e+01 1.4035047619083512e+01 1.4429523809602912e+01 1.4035047619128147e+01 1.4429523809714699e+01 1.4035047619124001e+01 1.4429523809800527e+01 1.5218476191208982e+01 1.5612952380782174e+01 1.5218476190630211e+01 1.5612952380994756e+01 1.5218476190511177e+01 1.5612952380981536e+01 1.5218476190487756e+01 1.5612952380953486e+01 1.5218476190468300e+01 1.5612952380927632e+01 1.5218476190460271e+01 1.5612952380917235e+01 1.5218476190500958e+01 1.5612952380961369e+01 1.5218476190684797e+01 1.5612952381163081e+01 1.5218476191075467e+01 1.5612952381261106e+01 1.6401904761618326e+01 1.6796380952211187e+01 1.6401904761843262e+01 1.6796380952418875e+01 1.6401904761922360e+01 1.6796380952388795e+01 1.6401904761902067e+01 1.6796380952358586e+01 1.6401904761867673e+01 1.6796380952321105e+01 1.6401904761829353e+01 1.6796380952273601e+01 1.6401904761784401e+01 1.6796380952202050e+01 1.6401904761689469e+01 1.6796380951999591e+01 1.6401904761488165e+01 1.6796380952058154e+01 1.7585333333710306e+01 1.7979809523808921e+01 1.7585333333467464e+01 1.7979809523749140e+01 1.7585333333335228e+01 1.7979809523769351e+01 1.7585333333302909e+01 1.7979809523760615e+01 1.7585333333274871e+01 1.7979809523738670e+01 1.7585333333237859e+01 1.7979809523706265e+01 1.7585333333206783e+01 1.7979809523715396e+01 1.7585333333307268e+01 1.7979809524039084e+01 1.7585333334207380e+01 1.7979809524208296e+01 1.8768761904221474e+01 1.9163238094988866e+01 1.8768761904394321e+01 1.9163238095072071e+01 1.8768761904650077e+01 1.9163238095142297e+01 1.8768761904693871e+01 1.9163238095172122e+01 1.8768761904698067e+01 1.9163238095176563e+01 1.8768761904683295e+01 1.9163238095159105e+01 1.8768761904638289e+01 1.9163238095071343e+01 1.8768761904696660e+01 1.9163238095155066e+01 1.8768761905253584e+01 1.9163238095996533e+01 1.9952190476510868e+01 2.0346666665485689e+01 1.9952190476281803e+01 2.0346666666714189e+01 1.9952190476124724e+01 2.0346666666653334e+01 1.9952190476129370e+01 2.0346666666625438e+01 1.9952190476139826e+01 2.0346666666622269e+01 1.9952190476144558e+01 2.0346666666622653e+01 1.9952190476082599e+01 2.0346666666533807e+01 1.9952190475809207e+01 2.0346666665987978e+01 1.9952190476751781e+01 2.0346666668069172e+01 9.7165714290835883e+00 9.3428571429585219e+00 9.7165714288480629e+00 9.3428571431289207e+00 9.7165714286135216e+00 9.3428571429283291e+00 9.7165714285536051e+00 9.3428571428441973e+00 9.7165714285431832e+00 9.3428571428253715e+00 9.7165714285555200e+00 9.3428571428386302e+00 9.7165714285841318e+00 9.3428571428830551e+00 9.7165714286628564e+00 9.3428571429506171e+00 9.7165714289299405e+00 9.3428571425156868e+00 8.5954285714012819e+00 8.2217142865885862e+00 8.5954285719250922e+00 8.2217142859054029e+00 8.5954285715767913e+00 8.2217142857456604e+00 8.5954285714303591e+00 8.2217142856671721e+00 8.5954285713794611e+00 8.2217142856407808e+00 8.5954285713717056e+00 8.2217142856364607e+00 8.5954285713948479e+00 8.2217142856481704e+00 8.5954285714477443e+00 8.2217142856996261e+00 8.5954285717447423e+00 8.2217142855736149e+00 7.4742857133059131e+00 7.1005714288099471e+00 7.4742857139583316e+00 7.1005714282280650e+00 7.4742857141215531e+00 7.1005714283606167e+00 7.4742857141656307e+00 7.1005714284267789e+00 7.4742857141746244e+00 7.1005714284447530e+00 7.4742857141680883e+00 7.1005714284336197e+00 7.4742857141416872e+00 7.1005714283861430e+00 7.4742857140685945e+00 7.1005714282728949e+00 7.4742857140109669e+00 7.1005714282624623e+00 6.3531428567161399e+00 5.9794285710578645e+00 6.3531428565933528e+00 5.9794285710458981e+00 6.3531428568202788e+00 5.9794285711842594e+00 6.3531428569490300e+00 5.9794285712680777e+00 6.3531428570008712e+00 5.9794285713008790e+00 6.3531428570103552e+00 5.9794285713060296e+00 6.3531428569948325e+00 5.9794285712966575e+00 6.3531428570011830e+00 5.9794285712731918e+00 6.3531428577566462e+00 5.9794285706308523e+00 5.2320000000775471e+00 4.8582857142268034e+00 5.2319999998984450e+00 4.8582857142860068e+00 5.2319999998719284e+00 4.8582857142330518e+00 5.2319999998853151e+00 4.8582857142106182e+00 5.2319999998998776e+00 4.8582857142098916e+00 5.2319999999109355e+00 4.8582857142193969e+00 5.2319999999297808e+00 4.8582857142442073e+00 5.2319999999630049e+00 4.8582857143437241e+00 5.2320000004555629e+00 4.8582857140493090e+00 4.1108571428130070e+00 3.7371428577516923e+00 4.1108571431397012e+00 3.7371428573784811e+00 4.1108571429524865e+00 3.7371428572149865e+00 4.1108571428566734e+00 3.7371428571444190e+00 4.1108571428235630e+00 3.7371428571209848e+00 4.1108571428200378e+00 3.7371428571215288e+00 4.1108571428326393e+00 3.7371428571321603e+00 4.1108571428318541e+00 3.7371428571414982e+00 4.1108571426586309e+00 3.7371428571809271e+00 2.9897142857144723e+00 2.6159999998599828e+00 2.9897142857688856e+00 2.6159999999893127e+00 2.9897142857739394e+00 2.6160000000223547e+00 2.9897142857385939e+00 2.6160000000132531e+00 2.9897142857164205e+00 2.6160000000043646e+00 2.9897142857120560e+00 2.6160000000067973e+00 2.9897142857221715e+00 2.6160000000213310e+00 2.9897142857533181e+00 2.6160000000381971e+00 2.9897142858214192e+00 2.6159999999436612e+00 1.8685714285332360e+00 1.4948571426494317e+00 1.8685714284443100e+00 1.4948571427765214e+00 1.8685714285403001e+00 1.4948571428390434e+00 1.8685714285744519e+00 1.4948571428621482e+00 1.8685714285801234e+00 1.4948571428676041e+00 1.8685714285827979e+00 1.4948571428712176e+00 1.8685714285901180e+00 1.4948571428754396e+00 1.8685714285912436e+00 1.4948571428703921e+00 1.8685714285661055e+00 1.4948571428477566e+00 7.4742857149041986e-01 3.7371428575837773e-01 7.4742857143239994e-01 3.7371428572451210e-01 7.4742857141863539e-01 3.7371428571672610e-01 7.4742857143248231e-01 3.7371428572385612e-01 7.4742857144050368e-01 3.7371428573041521e-01 7.4742857144393615e-01 3.7371428573246879e-01 7.4742857144394403e-01 3.7371428572849952e-01 7.4742857143883712e-01 3.7371428571763166e-01 7.4742857143259667e-01 3.7371428569802018e-01
</DataArray>
        <DataArray type="Float64" format="ascii" Name="current_yield_stress">
1.2000000000000000e+03 1.2000000000000000e+03 1.2000000000000002e+03 1.2000000000000000e+03 1.2000000000000000e+03 1.2000000000000000e+03 1.1999999999999998e+03 1.2000000000000002e+03 1.2000000000000000e+03 1.2000000000000000e+03 1.2000000000000000e+03 1.2000000000000000e+03 1.2000000000000002e+03 1.2000000000000000e+03 1.1999999999999998e+03 1.2000000000000000e+03 1.2000000000000002e+03 1.2000000000000000e+03 1.2000000000000002e+03 1.2000000000000000e+03 1.2000000000000000e+03 1.2000000000000000e+03 1.2000000000000000e+03 1.2000000000000000e+03 1.1999999999999998e+03 1.1999999999999998e+03 1.2000000000000002e+03 1.2000000000000000e+03 1.2000000000000000e+03 1.2000000000000000e+03 1.2000000000000000e+03 1.2000000000000000e+03 1.2000000000000000e+03 1.2000000000000000e+03 1.2000000000000000e+03 1.2000000000000000e+03 1.2000000000000000e+03 1.2000000000000000e+03 1.2000000000000000e+03 1.2000000000000002e+03 1.2000000000000000e+03 1.2000000000000000e+03 1.2000000000000000e+03 1.2000000000000000e+03 1.2000000000000000e+03 1.2000000000000000e+03 1.2000000000000000e+03 1.2000000000000000e+03 1.2000000000000000e+03 1.2000000000000002e+03 1.2000000000000002e+03 1.2000000000000002e+03 1.2000000000000000e+03 1.2000000000000000e+03 1.2000000000000000e+03 1.2000000000000000e+03 1.2000000000000002e+03 1.2000000000000002e+03 1.2000000000000000e+03 1.2000000000000002e+03 1.1999999999999998e+03 1.2000000000000000e+03 1.2000000000000000e+03 1.2000000000000000e+03 1.2000000000000000e+03 1.2000000000000002e+03 1.2000000000000000e+03 1.1999999999999998e+03 1.2000000000000000e+03 1.2000000000000000e+03 1.2000000000000000e+03 1.1999999999999998e+03 1.1999999999999998e+03 1.2000000000000002e+03 1.2000000000000000e+03 1.2000000000000000e+03 1.2000000000000000e+03 1.2000000000000000e+03 1.2000000000000002e+03 1.2000000000000000e+03 1.2000000000000000e+03 1.2000000000000000e+03 1.2000000000000000e+03 1.2000000000000000e+03 1.2000000000000000e+03 1.2000000000000000e+03 1.2000000000000000e+03 1.2000000000000000e+03 1.2000000000000000e+03 1.2000000000000000e+03 1.1999999999999998e+03 1.2000000000000002e+03 1.2000000000000000e+03 1.2000000000000000e+03 1.2000000000000000e+03 1.1999999999999998e+03 1.2000000000000000e+03 1.2000000000000000e+03 1.2000000000000000e+03 1.2000000000000000e+03 1.2000000000000000e+03 1.2000000000000000e+03 1.2000000000000000e+03 1.2000000000000000e+03 1.2000000000000000e+03 1.2000000000000000e+03 1.1999999999999998e+03 1.2000000000000000e+03 1.2000000000000000e+03 1.2000000000000002e+03 1.2000000000000000e+03 1.2000000000000000e+03 1.2000000000000002e+03 1.2000000000000000e+03 1.2000000000000000e+03 1.2000000000000000e+03 1.2000000000000000e+03 1.2000000000000000e+03 1.2000000000000000e+03 1.2000000000000000e+03 1.1999999999999998e+03 1.2000000000000000e+03 1.2000000000000000e+03 1.2000000000000000e+03 1.2000000000000000e+03 1.2000000000000000e+03 1.2000000000000002e+03 1.2000000000000000e+03 1.2000000000000000e+03 1.2000000000000000e+03 1.2000000000000000e+03 1.2000000000000000e+03 1.2000000000000000e+03 1.2000000000000000e+03 1.2000000000000000e+03 1.2000000000000000e+03 1.1999999999999998e+03 1.2000000000000000e+03 1.2000000000000000e+03 1.1999999999999998e+03 1.1999999999999998e+03 1.2000000000000000e+03 1.2000000000000002e+03 1.2000000000000000e+03 1.2000000000000000e+03 1.2000000000000000e+03 1.2000000000000000e+03 1.2000000000000000e+03 1.2000000000000000e+03 1.2000000000000000e+03 1.2000000000000000e+03 1.2000000000000000e+03 1.1999999999999998e+03 1.2000000000000000e+03 1.2000000000000002e+03 1.2000000000000000e+03 1.2000000000000000e+03 1.2000000000000000e+03 1.2000000000000002e+03 1.1999999999999998e+03 1.2000000000000000e+03 1.2000000000000000e+03 8.0000000000000011e+02 8.0000000000000000e+02 8.0000000000000000e+02 8.0000000000000011e+02 8.0000000000000000e+02 8.0000000000000000e+02 8.0000000000000000e+02 8.0000000000000000e+02 7.9999999999999989e+02 8.0000000000000011e+02 8.0000000000000000e+02 8.0000000000000000e+02 8.0000000000000000e+02 8.0000000000000000e+02 7.9999999999999989e+02 8.0000000000000000e+02 8.0000000000000000e+02 7.9999999999999989e+02 8.0000000000000000e+02 8.0000000000000000e+02 7.9999999999999989e+02 8.0000000000000000e+02 8.0000000000000000e+02 8.0000000000000011e+02 8.0000000000000000e+02 8.0000000000000000e+02 8.0000000000000011e+02 7.9999999999999989e+02 8.0000000000000000e+02 8.0000000000000000e+02 7.9999999999999989e+02 8.0000000000000000e+02 8.0000000000000000e+02 8.0000000000000000e+02 7.9999999999999989e+02 8.0000000000000011e+02 8.0000000000000000e+02 7.9999999999999989e+02 8.0000000000000011e+02 8.0000000000000000e+02 7.9999999999999989e+02 8.0000000000000000e+02 7.9999999999999989e+02 7.9999999999999989e+02 8.0000000000000000e+02 7.9999999999999989e+02 7.9999999999999989e+02 7.9999999999999989e+02 7.9999999999999989e+02 8.0000000000000011e+02 8.0000000000000000e+02 7.9999999999999989e+02 7.9999999999999989e+02 8.0000000000000000e+02 8.0000000000000000e+02 8.0000000000000000e+02 8.0000000000000000e+02 8.0000000000000000e+02 8.0000000000000000e+02 7.9999999999999989e+02 7.9999999999999989e+02 7.9999999999999989e+02 7.9999999999999989e+02 8.0000000000000000e+02 8.0000000000000011e+02 7.9999999999999989e+02 8.0000000000000000e+02 8.0000000000000000e+02 8.0000000000000011e+02 8.0000000000000000e+02 7.9999999999999989e+02 7.9999999999999989e+02 8.0000000000000000e+02 8.0000000000000011e+02 7.9999999999999989e+02 8.0000000000000000e+02 7.9999999999999989e+02 8.0000000000000000e+02 8.0000000000000000e+02 8.0000000000000011e+02 8.0000000000000011e+02 8.0000000000000011e+02 8.0000000000000000e+02 8.0000000000000000e+02 8.0000000000000000e+02 8.0000000000000023e+02 8.0000000000000000e+02 8.0000000000000000e+02 8.0000000000000000e+02 8.0000000000000000e+02 8.0000000000000000e+02 7.9999999999999989e+02 7.9999999999999989e+02 7.9999999999999989e+02 8.0000000000000000e+02 7.9999999999999989e+02 7.9999999999999989e+02 7.9999999999999989e+02 8.0000000000000000e+02 8.0000000000000000e+02 8.0000000000000000e+02 8.0000000000000000e+02 8.0000000000000000e+02 8.0000000000000011e+02 8.0000000000000000e+02 7.9999999999999989e+02 8.0000000000000000e+02 8.0000000000000011e+02 8.0000000000000000e+02 8.0000000000000000e+02 8.0000000000000000e+02 8.0000000000000000e+02 8.0000000000000011e+02 8.0000000000000000e+02 8.0000000000000011e+02 7.9999999999999989e+02 8.0000000000000000e+02 7.9999999999999989e+02 8.0000000000000011e+02 7.9999999999999989e+02 7.9999999999999989e+02 8.0000000000000000e+02 7.9999999999999989e+02 8.0000000000000000e+02 8.0000000000000000e+02 7.9999999999999977e+02 8.0000000000000000e+02 8.0000000000000000e+02 8.0000000000000011e+02 7.9999999999999989e+02 8.0000000000000000e+02 8.0000000000000011e+02 8.0000000000000000e+02 8.0000000000000000e+02 8.0000000000000000e+02 8.0000000000000000e+02 8.0000000000000000e+02 8.0000000000000000e+02 8.0000000000000011e+02 8.0000000000000000e+02 7.9999999999999989e+02 8.0000000000000000e+02 7.9999999999999989e+02 7.9999999999999989e+02 8.0000000000000000e+02 7.9999999999999989e+02 7.9999999999999989e+02 8.0000000000000011e+02 8.0000000000000011e+02 7.9999999999999989e+02 8.0000000000000011e+02 7.9999999999999989e+02 7.9999999999999989e+02 8.0000000000000011e+02 8.0000000000000000e+02 8.0000000000000000e+02 8.0000000000000000e+02 7.9999999999999989e+02 8.0000000000000011e+02 8.0000000000000011e+02 8.0000000000000000e+02 8.0000000000000000e+02
</DataArray>
        <DataArray type="Float64" format="ascii" Name="yield_function">
-1.1895152380956827e+03 -1.1891207619060724e+03 -1.1895152380960926e+03 -1.1891207619053332e+03 -1.1895152380955299e+03 -1.1891207619049856e+03 -1.1895152380953648e+03 -1.1891207619048553e+03 -1.1895152380952979e+03 -1.1891207619047948e+03 -1.1895152380952525e+03 -1.1891207619047502e+03 -1.1895152380952143e+03 -1.1891207619047320e+03 -1.1895152380951704e+03 -1.1891207619049376e+03 -1.1895152380947459e+03 -1.1891207619055385e+03 -1.1883318095234774e+03 -1.1879373333334233e+03 -1.1883318095239711e+03 -1.1879373333334331e+03 -1.1883318095239722e+03 -1.1879373333333890e+03 -1.1883318095238860e+03 -1.1879373333333647e+03 -1.1883318095238344e+03 -1.1879373333333351e+03 -1.1883318095237930e+03 -1.1879373333333031e+03 -1.1883318095237505e+03 -1.1879373333332651e+03 -1.1883318095237571e+03 -1.1879373333330866e+03 -1.1883318095234197e+03 -1.1879373333328529e+03 -1.1871483809532713e+03 -1.1867539047601913e+03 -1.1871483809521285e+03 -1.1867539047616890e+03 -1.1871483809523129e+03 -1.1867539047618593e+03 -1.1871483809523697e+03 -1.1867539047618909e+03 -1.1871483809523736e+03 -1.1867539047618930e+03 -1.1871483809523643e+03 -1.1867539047618882e+03 -1.1871483809523659e+03 -1.1867539047619073e+03 -1.1871483809524141e+03 -1.1867539047620241e+03 -1.1871483809530766e+03 -1.1867539047617013e+03 -1.1859649523813530e+03 -1.1855704761913460e+03 -1.1859649523812520e+03 -1.1855704761905972e+03 -1.1859649523809746e+03 -1.1855704761904854e+03 -1.1859649523809421e+03 -1.1855704761904685e+03 -1.1859649523809430e+03 -1.1855704761904717e+03 -1.1859649523809387e+03 -1.1855704761904592e+03 -1.1859649523809164e+03 -1.1855704761903971e+03 -1.1859649523808719e+03 -1.1855704761902853e+03 -1.1859649523808757e+03 -1.1855704761901995e+03 -1.1847815238087910e+03 -1.1843870476192178e+03 -1.1847815238093699e+03 -1.1843870476190054e+03 -1.1847815238094888e+03 -1.1843870476190186e+03 -1.1847815238095120e+03 -1.1843870476190466e+03 -1.1847815238095318e+03 -1.1843870476190723e+03 -1.1847815238095397e+03 -1.1843870476190828e+03 -1.1847815238094988e+03 -1.1843870476190389e+03 -1.1847815238093153e+03 -1.1843870476188370e+03 -1.1847815238089245e+03 -1.1843870476187390e+03 -1.1835980952383816e+03 -1.1832036190477888e+03 -1.1835980952381567e+03 -1.1832036190475812e+03 -1.1835980952380776e+03 -1.1832036190476113e+03 -1.1835980952380978e+03 -1.1832036190476415e+03 -1.1835980952381326e+03 -1.1832036190476790e+03 -1.1835980952381706e+03 -1.1832036190477265e+03 -1.1835980952382156e+03 -1.1832036190477979e+03 -1.1835980952383106e+03 -1.1832036190480003e+03 -1.1835980952385119e+03 -1.1832036190479419e+03 -1.1824146666662898e+03 -1.1820201904761911e+03 -1.1824146666665324e+03 -1.1820201904762507e+03 -1.1824146666666650e+03 -1.1820201904762307e+03 -1.1824146666666970e+03 -1.1820201904762391e+03 -1.1824146666667252e+03 -1.1820201904762614e+03 -1.1824146666667621e+03 -1.1820201904762937e+03 -1.1824146666667932e+03 -1.1820201904762846e+03 -1.1824146666666927e+03 -1.1820201904759608e+03 -1.1824146666657928e+03 -1.1820201904757917e+03 -1.1812312380957787e+03 -1.1808367619050114e+03 -1.1812312380956057e+03 -1.1808367619049277e+03 -1.1812312380953499e+03 -1.1808367619048579e+03 -1.1812312380953063e+03 -1.1808367619048279e+03 -1.1812312380953019e+03 -1.1808367619048233e+03 -1.1812312380953167e+03 -1.1808367619048408e+03 -1.1812312380953617e+03 -1.1808367619049284e+03 -1.1812312380953033e+03 -1.1808367619048449e+03 -1.1812312380947465e+03 -1.1808367619040034e+03 -1.1800478095234889e+03 -1.1796533333345144e+03 -1.1800478095237183e+03 -1.1796533333332859e+03 -1.1800478095238752e+03 -1.1796533333333466e+03 -1.1800478095238707e+03 -1.1796533333333746e+03 -1.1800478095238602e+03 -1.1796533333333775e+03 -1.1800478095238557e+03 -1.1796533333333775e+03 -1.1800478095239175e+03 -1.1796533333334662e+03 -1.1800478095241908e+03 -1.1796533333340117e+03 -1.1800478095232484e+03 -1.1796533333319310e+03 -7.9028342857091639e+02 -7.9065714285704155e+02 -7.9028342857115183e+02 -7.9065714285687113e+02 -7.9028342857138637e+02 -7.9065714285707156e+02 -7.9028342857144628e+02 -7.9065714285715580e+02 -7.9028342857145674e+02 -7.9065714285717456e+02 -7.9028342857144446e+02 -7.9065714285716149e+02 -7.9028342857141581e+02 -7.9065714285711681e+02 -7.9028342857133714e+02 -7.9065714285704928e+02 -7.9028342857107020e+02 -7.9065714285748436e+02 -7.9140457142859862e+02 -7.9177828571341138e+02 -7.9140457142807486e+02 -7.9177828571409452e+02 -7.9140457142842331e+02 -7.9177828571425425e+02 -7.9140457142856974e+02 -7.9177828571433281e+02 -7.9140457142862056e+02 -7.9177828571435930e+02 -7.9140457142862829e+02 -7.9177828571436351e+02 -7.9140457142860521e+02 -7.9177828571435191e+02 -7.9140457142855234e+02 -7.9177828571430041e+02 -7.9140457142825517e+02 -7.9177828571442637e+02 -7.9252571428669410e+02 -7.9289942857119013e+02 -7.9252571428604165e+02 -7.9289942857177198e+02 -7.9252571428587839e+02 -7.9289942857163942e+02 -7.9252571428583428e+02 -7.9289942857157314e+02 -7.9252571428582542e+02 -7.9289942857155518e+02 -7.9252571428583178e+02 -7.9289942857156620e+02 -7.9252571428585827e+02 -7.9289942857161395e+02 -7.9252571428593137e+02 -7.9289942857172707e+02 -7.9252571428598901e+02 -7.9289942857173753e+02 -7.9364685714328380e+02 -7.9402057142894228e+02 -7.9364685714340669e+02 -7.9402057142895399e+02 -7.9364685714317977e+02 -7.9402057142881563e+02 -7.9364685714305085e+02 -7.9402057142873196e+02 -7.9364685714299901e+02 -7.9402057142869921e+02 -7.9364685714298969e+02 -7.9402057142869398e+02 -7.9364685714300504e+02 -7.9402057142870342e+02 -7.9364685714299901e+02 -7.9402057142872684e+02 -7.9364685714224333e+02 -7.9402057142936928e+02 -7.9476799999992238e+02 -7.9514171428577311e+02 -7.9476800000010155e+02 -7.9514171428571387e+02 -7.9476800000012804e+02 -7.9514171428576697e+02 -7.9476800000011474e+02 -7.9514171428578936e+02 -7.9476800000010019e+02 -7.9514171428579016e+02 -7.9476800000008893e+02 -7.9514171428578061e+02 -7.9476800000007006e+02 -7.9514171428575594e+02 -7.9476800000003698e+02 -7.9514171428565624e+02 -7.9476799999954449e+02 -7.9514171428595080e+02 -7.9588914285718704e+02 -7.9626285714224832e+02 -7.9588914285686042e+02 -7.9626285714262144e+02 -7.9588914285704743e+02 -7.9626285714278492e+02 -7.9588914285714327e+02 -7.9626285714285552e+02 -7.9588914285717647e+02 -7.9626285714287894e+02 -7.9588914285717999e+02 -7.9626285714287837e+02 -7.9588914285716737e+02 -7.9626285714286792e+02 -7.9588914285716805e+02 -7.9626285714285837e+02 -7.9588914285734143e+02 -7.9626285714281903e+02 -7.9701028571428560e+02 -7.9738400000013996e+02 -7.9701028571423103e+02 -7.9738400000001070e+02 -7.9701028571422603e+02 -7.9738399999997762e+02 -7.9701028571426161e+02 -7.9738399999998671e+02 -7.9701028571428367e+02 -7.9738399999999569e+02 -7.9701028571428799e+02 -7.9738399999999319e+02 -7.9701028571427764e+02 -7.9738399999997864e+02 -7.9701028571424661e+02 -7.9738399999996182e+02 -7.9701028571417862e+02 -7.9738400000005629e+02 -7.9813142857146659e+02 -7.9850514285735062e+02 -7.9813142857155583e+02 -7.9850514285722340e+02 -7.9813142857145976e+02 -7.9850514285716099e+02 -7.9813142857142554e+02 -7.9850514285713780e+02 -7.9813142857141986e+02 -7.9850514285713234e+02 -7.9813142857141702e+02 -7.9850514285712882e+02 -7.9813142857141008e+02 -7.9850514285712461e+02 -7.9813142857140883e+02 -7.9850514285712950e+02 -7.9813142857143373e+02 -7.9850514285715224e+02 -7.9925257142850955e+02 -7.9962628571424159e+02 -7.9925257142856753e+02 -7.9962628571427547e+02 -7.9925257142858140e+02 -7.9962628571428309e+02 -7.9925257142856742e+02 -7.9962628571427592e+02 -7.9925257142855946e+02 -7.9962628571426956e+02 -7.9925257142855605e+02 -7.9962628571426751e+02 -7.9925257142855605e+02 -7.9962628571427138e+02 -7.9925257142856117e+02 -7.9962628571428252e+02 -7.9925257142856742e+02 -7.9962628571430184e+02
</DataArray>
        <DataArray type="Float64" format="ascii" Name="plastic_multiplier">
0.0000000000000000e+00 0.0000000000000000e+00 0.0000000000000000e+00 0.0000000000000000e+00 0.0000000000000000e+00 0.0000000000000000e+00 0.0000000000000000e+00 0.0000000000000000e+00 0.0000000000000000e+00 0.0000000000000000e+00 0.0000000000000000e+00 0.0000000000000000e+00 0.0000000000000000e+00 0.0000000000000000e+00 0.0000000000000000e+00 0.0000000000000000e+00 0.0000000000000000e+00 0.0000000000000000e+00 0.0000000000000000e+00 0.0000000000000000e+00 0.0000000000000000e+00 0.0000000000000000e+00 0.0000000000000000e+00 0.0000000000000000e+00 0.0000000000000000e+00 0.0000000000000000e+00 0.0000000000000000e+00 0.0000000000000000e+00 0.0000000000000000e+00 0.0000000000000000e+00 0.0000000000000000e+00 0.0000000000000000e+00 0.0000000000000000e+00 0.0000000000000000e+00 0.0000000000000000e+00 0.0000000000000000e+00 0.0000000000000000e+00 0.0000000000000000e+00 0.0000000000000000e+00 0.0000000000000000e+00 0.0000000000000000e+00 0.0000000000000000e+00 0.0000000000000000e+00 0.0000000000000000e+00 0.0000000000000000e+00 0.0000000000000000e+00 0.0000000000000000e+00 0.0000000000000000e+00 0.0000000000000000e+00 0.0000000000000000e+00 0.0000000000000000e+00 0.0000000000000000e+00 0.0000000000000000e+00 0.0000000000000000e+00 0.0000000000000000e+00 0.0000000000000000e+00 0.0000000000000000e+00 0.0000000000000000e+00 0.0000000000000000e+00 0.0000000000000000e+00 0.0000000000000000e+00 0.0000000000000000e+00 0.0000000000000000e+00 0.0000000000000000e+00 0.0000000000000000e+00 0.0000000000000000e+00 0.0000000000000000e+00 0.0000000000000000e+00 0.0000000000000000e+00 0.0000000000000000e+00 0.0000000000000000e+00 0.0000000000000000e+00 0.0000000000000000e+00 0.0000000000000000e+00 0.0000000000000000e+00 0.0000000000000000e+00 0.0000000000000000e+00 0.0000000000000000e+00 0.0000000000000000e+00 0.0000000000000000e+00 0.0000000000000000e+00 0.0000000000000000e+00 0.0000000000000000e+00 0.0000000000000000e+00 0.0000000000000000e+00 0.0000000000000000e+00 0.0000000000000000e+00 0.0000000000000000e+00 0.0000000000000000e+00 0.0000000000000000e+00 0.0000000000000000e+00 0.0000000000000000e+00 0.0000000000000000e+00 0.0000000000000000e+00 0.0000000000000000e+00 0.0000000000000000e+00 0.0000000000000000e+00 0.0000000000000000e+00 0.0000000000000000e+00 0.0000000000000000e+00 0.0000000000000000e+00 0.0000000000000000e+00 0.0000000000000000e+00 0.0000000000000000e+00 0.0000000000000000e+00 0.0000000000000000e+00 0.0000000000000000e+00 0.0000000000000000e+00 0.0000000000000000e+00 0.0000000000000000e+00 0.0000000000000000e+00 0.0000000000000000e+00 0.0000000000000000e+00 0.0000000000000000e+00 0.0000000000000000e+00 0.0000000000000000e+00 0.0000000000000000e+00 0.0000000000000000e+00 0.0000000000000000e+00 0.0000000000000000e+00 0.0000000000000000e+00 0.0000000000000000e+00 0.0000000000000000e+00 0.0000000000000000e+00 0.0000000000000000e+00 0.0000000000000000e+00 0.0000000000000000e+00 0.0000000000000000e+00 0.0000000000000000e+00 0.0000000000000000e+00 0.0000000000000000e+00 0.0000000000000000e+00 0.0000000000000000e+00 0.0000000000000000e+00 0.0000000000000000e+00 0.0000000000000000e+00 0.0000000000000000e+00 0.0000000000000000e+00 0.0000000000000000e+00 0.0000000000000000e+00 0.0000000000000000e+00 0.0000000000000000e+00 0.0000000000000000e+00 0.0000000000000000e+00 0.0000000000000000e+00 0.0000000000000000e+00 0.0000000000000000e+00 0.0000000000000000e+00 0.0000000000000000e+00 0.0000000000000000e+00 0.0000000000000000e+00 0.0000000000000000e+00 0.0000000000000000e+00 0.0000000000000000e+00 0.0000000000000000e+00 0.0000000000000000e+00 0.0000000000000000e+00 0.0000000000000000e+00 0.0000000000000000e+00 0.0000000000000000e+00 0.0000000000000000e+00 0.0000000000000000e+00 0.0000000000000000e+00 0.0000000000000000e+00 0.0000000000000000e+00 0.0000000000000000e+00 0.0000000000000000e+00 0.0000000000000000e+00 0.0000000000000000e+00 0.0000000000000000e+00 0.0000000000000000e+00 0.0000000000000000e+00 0.0000000000000000e+00 0.0000000000000000e+00 0.0000000000000000e+00 0.0000000000000000e+00 0.0000000000000000e+00 0.0000000000000000e+00 0.0000000000000000e+00 0.0000000000000000e+00 0.0000000000000000e+00 0.0000000000000000e+00 0.0000000000000000e+00 0.0000000000000000e+00 0.0000000000000000e+00 0.0000000000000000e+00 0.0000000000000000e+00 0.0000000000000000e+00 0.0000000000000000e+00 0.0000000000000000e+00 0.0000000000000000e+00 0.0000000000000000e+00 0.0000000000000000e+00 0.0000000000000000e+00 0.0000000000000000e+00 0.0000000000000000e+00 0.0000000000000000e+00 0.0000000000000000e+00 0.0000000000000000e+00 0.0000000000000000e+00 0.0000000000000000e+00 0.0000000000000000e+00 0.0000000000000000e+00 0.0000000000000000e+00 0.0000000000000000e+00 0.0000000000000000e+00 0.0000000000000000e+00 0.0000000000000000e+00 0.0000000000000000e+00 0.0000000000000000e+00 0.0000000000000000e+00 0.0000000000000000e+00 0.0000000000000000e+00 0.0000000000000000e+00 0.0000000000000000e+00 0.0000000000000000e+00 0.0000000000000000e+00 0.0000000000000000e+00 0.0000000000000000e+00 0.0000000000000000e+00 0.0000000000000000e+00 0.0000000000000000e+00 0.0000000000000000e+00 0.0000000000000000e+00 0.0000000000000000e+00 0.0000000000000000e+00 0.0000000000000000e+00 0.0000000000000000e+00 0.0000000000000000e+00 0.0000000000000000e+00 0.0000000000000000e+00 0.0000000000000000e+00 0.0000000000000000e+00 0.0000000000000000e+00 0.0000000000000000e+00 0.0000000000000000e+00 0.0000000000000000e+00 0.0000000000000000e+00 0.0000000000000000e+00 0.0000000000000000e+00 0.0000000000000000e+00 0.0000000000000000e+00 0.0000000000000000e+00 0.0000000000000000e+00 0.0000000000000000e+00 0.0000000000000000e+00 0.0000000000000000e+00 0.0000000000000000e+00 0.0000000000000000e+00 0.0000000000000000e+00 0.0000000000000000e+00 0.0000000000000000e+00 0.0000000000000000e+00 0.0000000000000000e+00 0.0000000000000000e+00 0.0000000000000000e+00 0.0000000000000000e+00 0.0000000000000000e+00 0.0000000000000000e+00 0.0000000000000000e+00 0.0000000000000000e+00 0.0000000000000000e+00 0.0000000000000000e+00 0.0000000000000000e+00 0.0000000000000000e+00 0.0000000000000000e+00 0.0000000000000000e+00 0.0000000000000000e+00 0.0000000000000000e+00 0.0000000000000000e+00 0.0000000000000000e+00 0.0000000000000000e+00 0.0000000000000000e+00 0.0000000000000000e+00 0.0000000000000000e+00 0.0000000000000000e+00 0.0000000000000000e+00 0.0000000000000000e+00 0.0000000000000000e+00 0.0000000000000000e+00 0.0000000000000000e+00 0.0000000000000000e+00 0.0000000000000000e+00 0.0000000000000000e+00 0.0000000000000000e+00 0.0000000000000000e+00 0.0000000000000000e+00 0.0000000000000000e+00 0.0000000000000000e+00 0.0000000000000000e+00 0.0000000000000000e+00 0.0000000000000000e+00 0.0000000000000000e+00 0.0000000000000000e+00 0.0000000000000000e+00 0.0000000000000000e+00 0.0000000000000000e+00 0.0000000000000000e+00 0.0000000000000000e+00 0.0000000000000000e+00 0.0000000000000000e+00 0.0000000000000000e+00 0.0000000000000000e+00 0.0000000000000000e+00 0.0000000000000000e+00 0.0000000000000000e+00 0.0000000000000000e+00 0.0000000000000000e+00 0.0000000000000000e+00 0.0000000000000000e+00 0.0000000000000000e+00 0.0000000000000000e+00 0.0000000000000000e+00 0.0000000000000000e+00 0.0000000000000000e+00 0.0000000000000000e+00 0.0000000000000000e+00 0.0000000000000000e+00 0.0000000000000000e+00 0.0000000000000000e+00 0.0000000000000000e+00 0.0000000000000000e+00 0.0000000000000000e+00 0.0000000000000000e+00
</DataArray>
      </CellData>
      <Points>
        <DataArray type="Float64" format="ascii" NumberOfComponents="3">
0.0000000000000000e+00 0.0000000000000000e+00 0.0000000000000000e+00 1.0000000000000000e+00 0.0000000000000000e+00 0.0000000000000000e+00 1.0000000000000000e+00 2.0000000000000000e+00 0.0000000000000000e+00 0.0000000000000000e+00 2.0000000000000000e+00 0.0000000000000000e+00 1.0000000000000000e+00 1.0000000000000000e+00 0.0000000000000000e+00 0.0000000000000000e+00 1.0000000000000000e+00 0.0000000000000000e+00 1.1111111111090820e-01 0.0000000000000000e+00 0.0000000000000000e+00 2.2222222222171431e-01 0.0000000000000000e+00 0.0000000000000000e+00 3.3333333333250098e-01 0.0000000000000000e+00 0.0000000000000000e+00 4.4444444444328779e-01 0.0000000000000000e+00 0.0000000000000000e+00 5.5555555555438330e-01 0.0000000000000000e+00 0.0000000000000000e+00 6.6666666666578744e-01 0.0000000000000000e+00 0.0000000000000000e+00 7.7777777777719159e-01 0.0000000000000000e+00 0.0000000000000000e+00 8.8888888888859585e-01 0.0000000000000000e+00 0.0000000000000000e+00 5.5555555555441602e-02 0.0000000000000000e+00 0.0000000000000000e+00 1.6666666666631960e-01 0.0000000000000000e+00 0.0000000000000000e+00 2.7777777777710772e-01 0.0000000000000000e+00 0.0000000000000000e+00 3.8888888888789441e-01 0.0000000000000000e+00 0.0000000000000000e+00 4.9999999999868139e-01 0.0000000000000000e+00 0.0000000000000000e+00 6.1111111111008543e-01 0.0000000000000000e+00 0.0000000000000000e+00 7.2222222222148957e-01 0.0000000000000000e+00 0.0000000000000000e+00 8.3333333333289372e-01 0.0000000000000000e+00 0.0000000000000000e+00 9.4444444444429798e-01 0.0000000000000000e+00 0.0000000000000000e+00 1.0000000000000000e+00 1.1111111111090820e-01 0.0000000000000000e+00 1.0000000000000000e+00 2.2222222222171431e-01 0.0000000000000000e+00 1.0000000000000000e+00 3.3333333333250098e-01 0.0000000000000000e+00 1.0000000000000000e+00 4.4444444444328779e-01 0.0000000000000000e+00 1.0000000000000000e+00 5.5555555555438330e-01 0.0000000000000000e+00 1.0000000000000000e+00 6.6666666666578744e-01 0.0000000000000000e+00 1.0000000000000000e+00 7.7777777777719159e-01 0.0000000000000000e+00 1.0000000000000000e+00 8.8888888888859585e-01 0.0000000000000000e+00 1.0000000000000000e+00 5.5555555555441602e-02 0.0000000000000000e+00 1.0000000000000000e+00 1.6666666666631960e-01 0.0000000000000000e+00 1.0000000000000000e+00 2.7777777777710772e-01 0.0000000000000000e+00 1.0000000000000000e+00 3.8888888888789441e-01 0.0000000000000000e+00 1.0000000000000000e+00 4.9999999999868139e-01 0.0000000000000000e+00 1.0000000000000000e+00 6.1111111111008543e-01 0.0000000000000000e+00 1.0000000000000000e+00 7.2222222222148957e-01 0.0000000000000000e+00 1.0000000000000000e+00 8.3333333333289372e-01 0.0000000000000000e+00 1.0000000000000000e+00 9.4444444444429798e-01 0.0000000000000000e+00 8.8888888888842621e-01 1.0000000000000000e+00 0.0000000000000000e+00 7.7777777777793200e-01 1.0000000000000000e+00 0.0000000000000000e+00 6.6666666666759178e-01 1.0000000000000000e+00 0.0000000000000000e+00 5.5555555555725133e-01 1.0000000000000000e+00 0.0000000000000000e+00 4.4444444444629427e-01 1.0000000000000000e+00 0.0000000000000000e+00 3.3333333333472071e-01 1.0000000000000000e+00 0.0000000000000000e+00 2.2222222222314711e-01 1.0000000000000000e+00 0.0000000000000000e+00 1.1111111111157360e-01 1.0000000000000000e+00 0.0000000000000000e+00 9.4444444444424491e-01 1.0000000000000000e+00 0.0000000000000000e+00 8.3333333333318171e-01 1.0000000000000000e+00 0.0000000000000000e+00 7.2222222222279631e-01 1.0000000000000000e+00 0.0000000000000000e+00 6.1111111111232574e-01 1.0000000000000000e+00 0.0000000000000000e+00 5.0000000000198208e-01 1.0000000000000000e+00 0.0000000000000000e+00 3.8888888889050749e-01 1.0000000000000000e+00 0.0000000000000000e+00 2.7777777777893392e-01 1.0000000000000000e+00 0.0000000000000000e+00 1.6666666666736041e-01 1.0000000000000000e+00 0.0000000000000000e+00 5.5555555555786729e-02 1.0000000000000000e+00 0.0000000000000000e+00 0.0000000000000000e+00 8.8888888888842621e-01 0.0000000000000000e+00 0.0000000000000000e+00 7.7777777777793200e-01 0.0000000000000000e+00 0.0000000000000000e+00 6.6666666666759178e-01 0.0000000000000000e+00 0.0000000000000000e+00 5.5555555555725133e-01 0.0000000000000000e+00 0.0000000000000000e+00 4.4444444444629427e-01 0.0000000000000000e+00 0.0000000000000000e+00 3.3333333333472071e-01 0.0000000000000000e+00 0.0000000000000000e+00 2.2222222222314711e-01 0.0000000000000000e+00 0.0000000000000000e+00 1.1111111111157360e-01 0.0000000000000000e+00 0.0000000000000000e+00 9.4444444444424491e-01 0.0000000000000000e+00 0.0000000000000000e+00 8.3333333333318171e-01 0.0000000000000000e+00 0.0000000000000000e+00 7.2222222222279631e-01 0.0000000000000000e+00 0.0000000000000000e+00 6.1111111111232574e-01 0.0000000000000000e+00 0.0000000000000000e+00 5.0000000000198208e-01 0.0000000000000000e+00 0.0000000000000000e+00 3.8888888889050749e-01 0.0000000000000000e+00 0.0000000000000000e+00 2.7777777777893392e-01 0.0000000000000000e+00 0.0000000000000000e+00 1.6666666666736041e-01 0.0000000000000000e+00 0.0000000000000000e+00 5.5555555555786729e-02 0.0000000000000000e+00 0.0000000000000000e+00 1.1111111111111109e+00 0.0000000000000000e+00 0.0000000000000000e+00 1.2222222222222221e+00 0.0000000000000000e+00 0.0000000000000000e+00 1.3333333333333330e+00 0.0000000000000000e+00 0.0000000000000000e+00 1.4444444444444440e+00 0.0000000000000000e+00 0.0000000000000000e+00 1.5555555555555560e+00 0.0000000000000000e+00 0.0000000000000000e+00 1.6666666666666670e+00 0.0000000000000000e+00 0.0000000000000000e+00 1.7777777777777779e+00 0.0000000000000000e+00 0.0000000000000000e+00 1.8888888888888891e+00 0.0000000000000000e+00 0.0000000000000000e+00 1.0555555555555229e+00 0.0000000000000000e+00 0.0000000000000000e+00 1.1666666666666441e+00 0.0000000000000000e+00 0.0000000000000000e+00 1.2777777777778541e+00 0.0000000000000000e+00 0.0000000000000000e+00 1.3888888888889610e+00 0.0000000000000000e+00 0.0000000000000000e+00 1.4999999999998170e+00 0.0000000000000000e+00 0.0000000000000000e+00 1.6111111111110770e+00 0.0000000000000000e+00 0.0000000000000000e+00 1.7222222222222030e+00 0.0000000000000000e+00 0.0000000000000000e+00 1.8333333333332540e+00 0.0000000000000000e+00 0.0000000000000000e+00 1.9444444444443749e+00 0.0000000000000000e+00 1.1111111111090820e-01 2.0000000000000000e+00 0.0000000000000000e+00 2.2222222222171431e-01 2.0000000000000000e+00 0.0000000000000000e+00 3.3333333333250098e-01 2.0000000000000000e+00 0.0000000000000000e+00 4.4444444444328779e-01 2.0000000000000000e+00 0.0000000000000000e+00 5.5555555555438330e-01 2.0000000000000000e+00 0.0000000000000000e+00 6.6666666666578744e-01 2.0000000000000000e+00 0.0000000000000000e+00 7.7777777777719159e-01 2.0000000000000000e+00 0.0000000000000000e+00 8.8888888888859585e-01 2.0000000000000000e+00 0.0000000000000000e+00 5.5555555555441602e-02 2.0000000000000000e+00 0.0000000000000000e+00 1.6666666666631960e-01 2.0000000000000000e+00 0.0000000000000000e+00 2.7777777777710772e-01 2.0000000000000000e+00 0.0000000000000000e+00 3.8888888888789441e-01 2.0000000000000000e+00 0.0000000000000000e+00 4.9999999999868139e-01 2.0000000000000000e+00 0.0000000000000000e+00 6.1111111111008543e-01 2.0000000000000000e+00 0.0000000000000000e+00 7.2222222222148957e-01 2.0000000000000000e+00 0.0000000000000000e+00 8.3333333333289372e-01 2.0000000000000000e+00 0.0000000000000000e+00 9.4444444444429798e-01 2.0000000000000000e+00 0.0000000000000000e+00 1.0000000000000000e+00 1.8888888888888891e+00 0.0000000000000000e+00 1.0000000000000000e+00 1.7777777777777779e+00 0.0000000000000000e+00 1.0000000000000000e+00 1.6666666666666670e+00 0.0000000000000000e+00 1.0000000000000000e+00 1.5555555555555560e+00 0.0000000000000000e+00 1.0000000000000000e+00 1.4444444444444440e+00 0.0000000000000000e+00 1.0000000000000000e+00 1.3333333333333330e+00 0.0000000000000000e+00 1.0000000000000000e+00 1.2222222222222221e+00 0.0000000000000000e+00 1.0000000000000000e+00 1.1111111111111109e+00 0.0000000000000000e+00 1.0000000000000000e+00 1.9444444444444771e+00 0.0000000000000000e+00 1.0000000000000000e+00 1.8333333333333559e+00 0.0000000000000000e+00 1.0000000000000000e+00 1.7222222222221459e+00 0.0000000000000000e+00 1.0000000000000000e+00 1.6111111111110390e+00 0.0000000000000000e+00 1.0000000000000000e+00 1.5000000000001830e+00 0.0000000000000000e+00 1.0000000000000000e+00 1.3888888888889230e+00 0.0000000000000000e+00 1.0000000000000000e+00 1.2777777777777970e+00 0.0000000000000000e+00 1.0000000000000000e+00 1.1666666666667460e+00 0.0000000000000000e+00 1.0000000000000000e+00 1.0555555555556251e+00 0.0000000000000000e+00 1.1111111111149960e-01 8.8888888888844508e-01 0.0000000000000000e+00 2.2222222222298790e-01 8.8888888888846396e-01 0.0000000000000000e+00 3.3333333333447412e-01 8.8888888888848250e-01 0.0000000000000000e+00 4.4444444444596021e-01 8.8888888888850170e-01 0.0000000000000000e+00 5.5555555555693259e-01 8.8888888888852058e-01 0.0000000000000000e+00 6.6666666666739127e-01 8.8888888888853923e-01 0.0000000000000000e+00 7.7777777777784962e-01 8.8888888888855844e-01 0.0000000000000000e+00 8.8888888888844497e-01 8.8888888888857698e-01 0.0000000000000000e+00 1.1111111111142570e-01 7.7777777777784973e-01 0.0000000000000000e+00 2.2222222222282870e-01 7.7777777777776747e-01 0.0000000000000000e+00 3.3333333333422738e-01 7.7777777777768509e-01 0.0000000000000000e+00 4.4444444444562609e-01 7.7777777777760293e-01 0.0000000000000000e+00 5.5555555555661418e-01 7.7777777777752055e-01 0.0000000000000000e+00 6.6666666666719099e-01 7.7777777777743839e-01 0.0000000000000000e+00 7.7777777777776747e-01 7.7777777777735624e-01 0.0000000000000000e+00 8.8888888888846407e-01 7.7777777777727386e-01 0.0000000000000000e+00 1.1111111111135180e-01 6.6666666666739127e-01 0.0000000000000000e+00 2.2222222222266949e-01 6.6666666666719077e-01 0.0000000000000000e+00 3.3333333333398091e-01 6.6666666666699048e-01 0.0000000000000000e+00 4.4444444444529219e-01 6.6666666666678998e-01 0.0000000000000000e+00 5.5555555555629532e-01 6.6666666666658925e-01 0.0000000000000000e+00 6.6666666666699026e-01 6.6666666666638896e-01 0.0000000000000000e+00 7.7777777777768531e-01 6.6666666666618823e-01 0.0000000000000000e+00 8.8888888888848272e-01 6.6666666666598795e-01 0.0000000000000000e+00 1.1111111111127790e-01 5.5555555555693270e-01 0.0000000000000000e+00 2.2222222222251031e-01 5.5555555555661407e-01 0.0000000000000000e+00 3.3333333333373422e-01 5.5555555555629543e-01 0.0000000000000000e+00 4.4444444444495812e-01 5.5555555555597658e-01 0.0000000000000000e+00 5.5555555555597658e-01 5.5555555555565794e-01 0.0000000000000000e+00 6.6666666666678998e-01 5.5555555555533931e-01 0.0000000000000000e+00 7.7777777777760293e-01 5.5555555555502067e-01 0.0000000000000000e+00 8.8888888888850159e-01 5.5555555555470204e-01 0.0000000000000000e+00 1.1111111111120391e-01 4.4444444444596032e-01 0.0000000000000000e+00 2.2222222222235111e-01 4.4444444444562609e-01 0.0000000000000000e+00 3.3333333333348752e-01 4.4444444444529219e-01 0.0000000000000000e+00 4.4444444444462411e-01 4.4444444444495801e-01 0.0000000000000000e+00 5.5555555555565805e-01 4.4444444444462411e-01 0.0000000000000000e+00 6.6666666666658925e-01 4.4444444444428999e-01 0.0000000000000000e+00 7.7777777777752055e-01 4.4444444444395592e-01 0.0000000000000000e+00 8.8888888888852047e-01 4.4444444444362202e-01 0.0000000000000000e+00 1.1111111111113001e-01 3.3333333333447401e-01 0.0000000000000000e+00 2.2222222222219190e-01 3.3333333333422738e-01 0.0000000000000000e+00 3.3333333333324089e-01 3.3333333333398091e-01 0.0000000000000000e+00 4.4444444444428999e-01 3.3333333333373422e-01 0.0000000000000000e+00 5.5555555555533920e-01 3.3333333333348758e-01 0.0000000000000000e+00 6.6666666666638896e-01 3.3333333333324089e-01 0.0000000000000000e+00 7.7777777777743839e-01 3.3333333333299420e-01 0.0000000000000000e+00 8.8888888888853934e-01 3.3333333333274773e-01 0.0000000000000000e+00 1.1111111111105609e-01 2.2222222222298799e-01 0.0000000000000000e+00 2.2222222222203269e-01 2.2222222222282870e-01 0.0000000000000000e+00 3.3333333333299442e-01 2.2222222222266949e-01 0.0000000000000000e+00 4.4444444444395592e-01 2.2222222222251031e-01 0.0000000000000000e+00 5.5555555555502079e-01 2.2222222222235111e-01 0.0000000000000000e+00 6.6666666666618846e-01 2.2222222222219190e-01 0.0000000000000000e+00 7.7777777777735602e-01 2.2222222222203269e-01 0.0000000000000000e+00 8.8888888888855822e-01 2.2222222222187349e-01 0.0000000000000000e+00 1.1111111111098219e-01 1.1111111111149960e-01 0.0000000000000000e+00 2.2222222222187349e-01 1.1111111111142570e-01 0.0000000000000000e+00 3.3333333333274773e-01 1.1111111111135180e-01 0.0000000000000000e+00 4.4444444444362191e-01 1.1111111111127790e-01 0.0000000000000000e+00 5.5555555555470193e-01 1.1111111111120391e-01 0.0000000000000000e+00 6.6666666666598795e-01 1.1111111111113001e-01 0.0000000000000000e+00 7.7777777777727386e-01 1.1111111111105609e-01 0.0000000000000000e+00 8.8888888888857709e-01 1.1111111111098219e-01 0.0000000000000000e+00 5.5555555555786777e-02 9.4444444444421305e-01 0.0000000000000000e+00 5.5555555555749807e-02 8.8888888888843565e-01 0.0000000000000000e+00 1.1111111111153660e-01 9.4444444444422260e-01 0.0000000000000000e+00 1.6666666666732341e-01 9.4444444444422260e-01 0.0000000000000000e+00 1.6666666666724381e-01 8.8888888888845452e-01 0.0000000000000000e+00 2.2222222222306751e-01 9.4444444444423192e-01 0.0000000000000000e+00 2.7777777777885432e-01 9.4444444444423192e-01 0.0000000000000000e+00 2.7777777777873103e-01 8.8888888888847317e-01 0.0000000000000000e+00 3.3333333333459741e-01 9.4444444444424125e-01 0.0000000000000000e+00 3.8888888889038420e-01 9.4444444444424125e-01 0.0000000000000000e+00 3.8888888889021722e-01 8.8888888888849205e-01 0.0000000000000000e+00 4.4444444444612718e-01 9.4444444444425080e-01 0.0000000000000000e+00 5.0000000000160583e-01 9.4444444444425080e-01 0.0000000000000000e+00 5.0000000000144640e-01 8.8888888888851114e-01 0.0000000000000000e+00 5.5555555555709191e-01 9.4444444444426034e-01 0.0000000000000000e+00 6.1111111111226224e-01 9.4444444444426034e-01 0.0000000000000000e+00 6.1111111111216188e-01 8.8888888888852990e-01 0.0000000000000000e+00 6.6666666666749153e-01 9.4444444444426967e-01 0.0000000000000000e+00 7.2222222222266164e-01 9.4444444444426967e-01 0.0000000000000000e+00 7.2222222222262045e-01 8.8888888888854889e-01 0.0000000000000000e+00 7.7777777777789081e-01 9.4444444444427922e-01 0.0000000000000000e+00 8.3333333333313786e-01 9.4444444444427922e-01 0.0000000000000000e+00 8.3333333333314730e-01 8.8888888888856776e-01 0.0000000000000000e+00 8.8888888888843565e-01 9.4444444444428854e-01 0.0000000000000000e+00 9.4444444444422249e-01 9.4444444444428854e-01 0.0000000000000000e+00 9.4444444444422249e-01 8.8888888888858641e-01 0.0000000000000000e+00 5.5555555555749807e-02 8.3333333333318849e-01 0.0000000000000000e+00 5.5555555555712857e-02 7.7777777777789092e-01 0.0000000000000000e+00 1.1111111111146270e-01 8.3333333333314741e-01 0.0000000000000000e+00 1.6666666666720681e-01 8.3333333333315684e-01 0.0000000000000000e+00 1.6666666666712721e-01 7.7777777777780854e-01 0.0000000000000000e+00 2.2222222222290830e-01 8.3333333333311566e-01 0.0000000000000000e+00 2.7777777777865142e-01 8.3333333333312498e-01 0.0000000000000000e+00 2.7777777777852808e-01 7.7777777777772628e-01 0.0000000000000000e+00 3.3333333333435078e-01 8.3333333333308379e-01 0.0000000000000000e+00 3.8888888889009382e-01 8.3333333333309345e-01 0.0000000000000000e+00 3.8888888888992668e-01 7.7777777777764401e-01 0.0000000000000000e+00 4.4444444444579312e-01 8.3333333333305237e-01 0.0000000000000000e+00 5.0000000000127931e-01 8.3333333333306170e-01 0.0000000000000000e+00 5.0000000000112010e-01 7.7777777777756174e-01 0.0000000000000000e+00 5.5555555555677338e-01 8.3333333333302062e-01 0.0000000000000000e+00 6.1111111111200267e-01 8.3333333333302995e-01 0.0000000000000000e+00 6.1111111111190253e-01 7.7777777777747947e-01 0.0000000000000000e+00 6.6666666666729113e-01 8.3333333333298887e-01 0.0000000000000000e+00 7.2222222222252030e-01 8.3333333333299842e-01 0.0000000000000000e+00 7.2222222222247923e-01 7.7777777777739732e-01 0.0000000000000000e+00 7.7777777777780854e-01 8.3333333333295734e-01 0.0000000000000000e+00 8.3333333333310622e-01 8.3333333333296666e-01 0.0000000000000000e+00 8.3333333333311577e-01 7.7777777777731505e-01 0.0000000000000000e+00 8.8888888888845452e-01 8.3333333333292536e-01 0.0000000000000000e+00 9.4444444444423203e-01 8.3333333333293491e-01 0.0000000000000000e+00 9.4444444444423203e-01 7.7777777777723278e-01 0.0000000000000000e+00 5.5555555555712857e-02 7.2222222222272081e-01 0.0000000000000000e+00 5.5555555555675901e-02 6.6666666666749153e-01 0.0000000000000000e+00 1.1111111111138880e-01 7.2222222222262045e-01 0.0000000000000000e+00 1.6666666666709029e-01 7.2222222222257937e-01 0.0000000000000000e+00 1.6666666666701069e-01 6.6666666666729102e-01 0.0000000000000000e+00 2.2222222222274909e-01 7.2222222222247912e-01 0.0000000000000000e+00 2.7777777777844848e-01 7.2222222222243793e-01 0.0000000000000000e+00 2.7777777777832519e-01 6.6666666666709062e-01 0.0000000000000000e+00 3.3333333333410409e-01 7.2222222222233778e-01 0.0000000000000000e+00 3.8888888888980350e-01 7.2222222222229671e-01 0.0000000000000000e+00 3.8888888888963657e-01 6.6666666666689023e-01 0.0000000000000000e+00 4.4444444444545922e-01 7.2222222222219645e-01 0.0000000000000000e+00 5.0000000000095324e-01 7.2222222222215526e-01 0.0000000000000000e+00 5.0000000000079381e-01 6.6666666666668961e-01 0.0000000000000000e+00 5.5555555555645475e-01 7.2222222222205490e-01 0.0000000000000000e+00 6.1111111111174310e-01 7.2222222222201382e-01 0.0000000000000000e+00 6.1111111111164274e-01 6.6666666666648910e-01 0.0000000000000000e+00 6.6666666666709062e-01 7.2222222222191368e-01 0.0000000000000000e+00 7.2222222222237886e-01 7.2222222222187260e-01 0.0000000000000000e+00 7.2222222222233778e-01 6.6666666666628860e-01 0.0000000000000000e+00 7.7777777777772639e-01 7.2222222222177224e-01 0.0000000000000000e+00 8.3333333333307469e-01 7.2222222222173105e-01 0.0000000000000000e+00 8.3333333333308401e-01 6.6666666666608809e-01 0.0000000000000000e+00 8.8888888888847339e-01 7.2222222222163091e-01 0.0000000000000000e+00 9.4444444444424136e-01 7.2222222222158972e-01 0.0000000000000000e+00 9.4444444444424136e-01 6.6666666666588770e-01 0.0000000000000000e+00 5.5555555555675901e-02 6.1111111111232130e-01 0.0000000000000000e+00 5.5555555555638930e-02 5.5555555555709202e-01 0.0000000000000000e+00 1.1111111111131480e-01 6.1111111111216199e-01 0.0000000000000000e+00 1.6666666666697369e-01 6.1111111111206173e-01 0.0000000000000000e+00 1.6666666666689409e-01 5.5555555555677338e-01 0.0000000000000000e+00 2.2222222222258989e-01 6.1111111111190242e-01 0.0000000000000000e+00 2.7777777777824558e-01 6.1111111111180227e-01 0.0000000000000000e+00 2.7777777777812218e-01 5.5555555555645475e-01 0.0000000000000000e+00 3.3333333333385751e-01 6.1111111111164296e-01 0.0000000000000000e+00 3.8888888888951317e-01 6.1111111111154270e-01 0.0000000000000000e+00 3.8888888888934608e-01 5.5555555555613600e-01 0.0000000000000000e+00 4.4444444444512521e-01 6.1111111111138328e-01 0.0000000000000000e+00 5.0000000000062672e-01 6.1111111111128291e-01 0.0000000000000000e+00 5.0000000000046740e-01 5.5555555555581726e-01 0.0000000000000000e+00 5.5555555555613600e-01 6.1111111111112359e-01 0.0000000000000000e+00 6.1111111111148342e-01 6.1111111111102345e-01 0.0000000000000000e+00 6.1111111111138328e-01 5.5555555555549863e-01 0.0000000000000000e+00 6.6666666666689012e-01 6.1111111111086414e-01 0.0000000000000000e+00 7.2222222222223764e-01 6.1111111111076377e-01 0.0000000000000000e+00 7.2222222222219645e-01 5.5555555555517999e-01 0.0000000000000000e+00 7.7777777777764412e-01 6.1111111111060445e-01 0.0000000000000000e+00 8.3333333333304282e-01 6.1111111111050431e-01 0.0000000000000000e+00 8.3333333333305226e-01 5.5555555555486136e-01 0.0000000000000000e+00 8.8888888888849216e-01 6.1111111111034500e-01 0.0000000000000000e+00 9.4444444444425080e-01 6.1111111111024474e-01 0.0000000000000000e+00 9.4444444444425080e-01 5.5555555555454261e-01 0.0000000000000000e+00 5.5555555555638930e-02 5.0000000000161349e-01 0.0000000000000000e+00 5.5555555555601960e-02 4.4444444444612730e-01 0.0000000000000000e+00 1.1111111111124090e-01 5.0000000000144651e-01 0.0000000000000000e+00 1.6666666666685709e-01 5.0000000000128719e-01 0.0000000000000000e+00 1.6666666666677751e-01 4.4444444444579317e-01 0.0000000000000000e+00 2.2222222222243071e-01 5.0000000000112010e-01 0.0000000000000000e+00 2.7777777777804258e-01 5.0000000000096079e-01 0.0000000000000000e+00 2.7777777777791929e-01 4.4444444444545922e-01 0.0000000000000000e+00 3.3333333333361082e-01 5.0000000000079381e-01 0.0000000000000000e+00 3.8888888888922279e-01 5.0000000000063438e-01 0.0000000000000000e+00 3.8888888888905582e-01 4.4444444444512510e-01 0.0000000000000000e+00 4.4444444444479109e-01 5.0000000000046729e-01 0.0000000000000000e+00 5.0000000000030032e-01 5.0000000000030798e-01 0.0000000000000000e+00 5.0000000000014100e-01 4.4444444444479098e-01 0.0000000000000000e+00 5.5555555555581737e-01 5.0000000000014100e-01 0.0000000000000000e+00 6.1111111111122396e-01 4.9999999999998168e-01 0.0000000000000000e+00 6.1111111111112359e-01 4.4444444444445702e-01 0.0000000000000000e+00 6.6666666666668961e-01 4.9999999999981459e-01 0.0000000000000000e+00 7.2222222222209609e-01 4.9999999999965528e-01 0.0000000000000000e+00 7.2222222222205490e-01 4.4444444444412301e-01 0.0000000000000000e+00 7.7777777777756174e-01 4.9999999999948830e-01 0.0000000000000000e+00 8.3333333333301107e-01 4.9999999999932898e-01 0.0000000000000000e+00 8.3333333333302051e-01 4.4444444444378889e-01 0.0000000000000000e+00 8.8888888888851103e-01 4.9999999999916200e-01 0.0000000000000000e+00 9.4444444444426023e-01 4.9999999999900258e-01 0.0000000000000000e+00 9.4444444444426023e-01 4.4444444444345488e-01 0.0000000000000000e+00 5.5555555555601960e-02 3.8888888889034051e-01 0.0000000000000000e+00 5.5555555555565003e-02 3.3333333333459741e-01 0.0000000000000000e+00 1.1111111111116700e-01 3.8888888889021711e-01 0.0000000000000000e+00 1.6666666666674060e-01 3.8888888889005002e-01 0.0000000000000000e+00 1.6666666666666100e-01 3.3333333333435072e-01 0.0000000000000000e+00 2.2222222222227150e-01 3.8888888888992679e-01 0.0000000000000000e+00 2.7777777777783969e-01 3.8888888888975981e-01 0.0000000000000000e+00 2.7777777777771639e-01 3.3333333333410409e-01 0.0000000000000000e+00 3.3333333333336418e-01 3.8888888888963652e-01 0.0000000000000000e+00 3.8888888888893253e-01 3.8888888888946938e-01 0.0000000000000000e+00 3.8888888888876549e-01 3.3333333333385751e-01 0.0000000000000000e+00 4.4444444444445702e-01 3.8888888888934608e-01 0.0000000000000000e+00 4.9999999999997402e-01 3.8888888888917911e-01 0.0000000000000000e+00 4.9999999999981459e-01 3.3333333333361093e-01 0.0000000000000000e+00 5.5555555555549863e-01 3.8888888888905582e-01 0.0000000000000000e+00 6.1111111111096417e-01 3.8888888888888878e-01 0.0000000000000000e+00 6.1111111111086402e-01 3.3333333333336418e-01 0.0000000000000000e+00 6.6666666666648910e-01 3.8888888888876538e-01 0.0000000000000000e+00 7.2222222222195476e-01 3.8888888888859841e-01 0.0000000000000000e+00 7.2222222222191368e-01 3.3333333333311749e-01 0.0000000000000000e+00 7.7777777777747947e-01 3.8888888888847511e-01 0.0000000000000000e+00 8.3333333333297943e-01 3.8888888888830808e-01 0.0000000000000000e+00 8.3333333333298887e-01 3.3333333333287102e-01 0.0000000000000000e+00 8.8888888888852990e-01 3.8888888888818479e-01 0.0000000000000000e+00 9.4444444444426967e-01 3.8888888888801781e-01 0.0000000000000000e+00 9.4444444444426967e-01 3.3333333333262438e-01 0.0000000000000000e+00 5.5555555555565003e-02 2.7777777777881052e-01 0.0000000000000000e+00 5.5555555555528047e-02 2.2222222222306759e-01 0.0000000000000000e+00 1.1111111111109299e-01 2.7777777777873103e-01 0.0000000000000000e+00 1.6666666666662400e-01 2.7777777777860768e-01 0.0000000000000000e+00 1.6666666666654439e-01 2.2222222222290830e-01 0.0000000000000000e+00 2.2222222222211230e-01 2.7777777777852808e-01 0.0000000000000000e+00 2.7777777777763679e-01 2.7777777777840468e-01 0.0000000000000000e+00 2.7777777777751361e-01 2.2222222222274909e-01 0.0000000000000000e+00 3.3333333333311771e-01 2.7777777777832519e-01 0.0000000000000000e+00 3.8888888888864209e-01 2.7777777777820178e-01 0.0000000000000000e+00 3.8888888888847523e-01 2.2222222222258989e-01 0.0000000000000000e+00 4.4444444444412301e-01 2.7777777777812218e-01 0.0000000000000000e+00 4.9999999999964762e-01 2.7777777777799889e-01 0.0000000000000000e+00 4.9999999999948841e-01 2.2222222222243071e-01 0.0000000000000000e+00 5.5555555555517999e-01 2.7777777777791929e-01 0.0000000000000000e+00 6.1111111111070482e-01 2.7777777777779600e-01 0.0000000000000000e+00 6.1111111111060468e-01 2.2222222222227150e-01 0.0000000000000000e+00 6.6666666666628871e-01 2.7777777777771639e-01 0.0000000000000000e+00 7.2222222222181343e-01 2.7777777777759299e-01 0.0000000000000000e+00 7.2222222222177224e-01 2.2222222222211230e-01 0.0000000000000000e+00 7.7777777777739721e-01 2.7777777777751339e-01 0.0000000000000000e+00 8.3333333333294768e-01 2.7777777777739021e-01 0.0000000000000000e+00 8.3333333333295712e-01 2.2222222222195309e-01 0.0000000000000000e+00 8.8888888888854878e-01 2.7777777777731061e-01 0.0000000000000000e+00 9.4444444444427911e-01 2.7777777777718732e-01 0.0000000000000000e+00 9.4444444444427911e-01 2.2222222222179391e-01 0.0000000000000000e+00 5.5555555555528047e-02 1.6666666666728081e-01 0.0000000000000000e+00 5.5555555555491083e-02 1.1111111111153660e-01 0.0000000000000000e+00 1.1111111111101910e-01 1.6666666666724381e-01 0.0000000000000000e+00 1.6666666666650740e-01 1.6666666666716409e-01 0.0000000000000000e+00 1.6666666666642779e-01 1.1111111111146270e-01 0.0000000000000000e+00 2.2222222222195309e-01 1.6666666666712721e-01 0.0000000000000000e+00 2.7777777777743401e-01 1.6666666666704760e-01 0.0000000000000000e+00 2.7777777777731061e-01 1.1111111111138870e-01 0.0000000000000000e+00 3.3333333333287107e-01 1.6666666666701069e-01 0.0000000000000000e+00 3.8888888888835182e-01 1.6666666666693111e-01 0.0000000000000000e+00 3.8888888888818479e-01 1.1111111111131480e-01 0.0000000000000000e+00 4.4444444444378889e-01 1.6666666666689409e-01 0.0000000000000000e+00 4.9999999999932132e-01 1.6666666666681451e-01 0.0000000000000000e+00 4.9999999999916189e-01 1.1111111111124090e-01 0.0000000000000000e+00 5.5555555555486136e-01 1.6666666666677751e-01 0.0000000000000000e+00 6.1111111111044525e-01 1.6666666666669791e-01 0.0000000000000000e+00 6.1111111111034488e-01 1.1111111111116700e-01 0.0000000000000000e+00 6.6666666666608820e-01 1.6666666666666100e-01 0.0000000000000000e+00 7.2222222222167198e-01 1.6666666666658139e-01 0.0000000000000000e+00 7.2222222222163091e-01 1.1111111111109299e-01 0.0000000000000000e+00 7.7777777777731494e-01 1.6666666666654439e-01 0.0000000000000000e+00 8.3333333333291604e-01 1.6666666666646479e-01 0.0000000000000000e+00 8.3333333333292547e-01 1.1111111111101910e-01 0.0000000000000000e+00 8.8888888888856765e-01 1.6666666666642779e-01 0.0000000000000000e+00 9.4444444444428854e-01 1.6666666666634819e-01 0.0000000000000000e+00 9.4444444444428854e-01 1.1111111111094520e-01 0.0000000000000000e+00 5.5555555555491083e-02 5.5555555555749821e-02 0.0000000000000000e+00 1.1111111111094520e-01 5.5555555555749821e-02 0.0000000000000000e+00 1.6666666666639091e-01 5.5555555555712843e-02 0.0000000000000000e+00 2.2222222222179391e-01 5.5555555555712843e-02 0.0000000000000000e+00 2.7777777777723101e-01 5.5555555555675901e-02 0.0000000000000000e+00 3.3333333333262438e-01 5.5555555555675901e-02 0.0000000000000000e+00 3.8888888888806139e-01 5.5555555555638930e-02 0.0000000000000000e+00 4.4444444444345488e-01 5.5555555555638930e-02 0.0000000000000000e+00 4.9999999999899492e-01 5.5555555555601967e-02 0.0000000000000000e+00 5.5555555555454261e-01 5.5555555555601967e-02 0.0000000000000000e+00 6.1111111111018568e-01 5.5555555555565003e-02 0.0000000000000000e+00 6.6666666666588770e-01 5.5555555555565003e-02 0.0000000000000000e+00 7.2222222222153065e-01 5.5555555555528047e-02 0.0000000000000000e+00 7.7777777777723278e-01 5.5555555555528047e-02 0.0000000000000000e+00 8.3333333333288429e-01 5.5555555555491083e-02 0.0000000000000000e+00 8.8888888888858641e-01 5.5555555555491083e-02 0.0000000000000000e+00 9.4444444444429787e-01 5.5555555555454113e-02 0.0000000000000000e+00 1.1111111111149960e-01 1.1111111111111109e+00 0.0000000000000000e+00 2.2222222222298790e-01 1.1111111111111109e+00 0.0000000000000000e+00 3.3333333333447412e-01 1.1111111111111109e+00 0.0000000000000000e+00 4.4444444444596021e-01 1.1111111111111109e+00 0.0000000000000000e+00 5.5555555555693259e-01 1.1111111111111109e+00 0.0000000000000000e+00 6.6666666666739127e-01 1.1111111111111109e+00 0.0000000000000000e+00 7.7777777777784962e-01 1.1111111111111109e+00 0.0000000000000000e+00 8.8888888888844497e-01 1.1111111111111109e+00 0.0000000000000000e+00 1.1111111111142570e-01 1.2222222222222221e+00 0.0000000000000000e+00 2.2222222222282870e-01 1.2222222222222221e+00 0.0000000000000000e+00 3.3333333333422738e-01 1.2222222222222221e+00 0.0000000000000000e+00 4.4444444444562609e-01 1.2222222222222221e+00 0.0000000000000000e+00 5.5555555555661396e-01 1.2222222222222221e+00 0.0000000000000000e+00 6.6666666666719099e-01 1.2222222222222221e+00 0.0000000000000000e+00 7.7777777777776747e-01 1.2222222222222221e+00 0.0000000000000000e+00 8.8888888888846385e-01 1.2222222222222221e+00 0.0000000000000000e+00 1.1111111111135180e-01 1.3333333333333330e+00 0.0000000000000000e+00 2.2222222222266949e-01 1.3333333333333330e+00 0.0000000000000000e+00 3.3333333333398091e-01 1.3333333333333330e+00 0.0000000000000000e+00 4.4444444444529219e-01 1.3333333333333330e+00 0.0000000000000000e+00 5.5555555555629532e-01 1.3333333333333330e+00 0.0000000000000000e+00 6.6666666666699026e-01 1.3333333333333330e+00 0.0000000000000000e+00 7.7777777777768531e-01 1.3333333333333339e+00 0.0000000000000000e+00 8.8888888888848272e-01 1.3333333333333330e+00 0.0000000000000000e+00 1.1111111111127790e-01 1.4444444444444440e+00 0.0000000000000000e+00 2.2222222222251031e-01 1.4444444444444440e+00 0.0000000000000000e+00 3.3333333333373422e-01 1.4444444444444440e+00 0.0000000000000000e+00 4.4444444444495812e-01 1.4444444444444451e+00 0.0000000000000000e+00 5.5555555555597669e-01 1.4444444444444440e+00 0.0000000000000000e+00 6.6666666666678998e-01 1.4444444444444440e+00 0.0000000000000000e+00 7.7777777777760293e-01 1.4444444444444440e+00 0.0000000000000000e+00 8.8888888888850159e-01 1.4444444444444440e+00 0.0000000000000000e+00 1.1111111111120391e-01 1.5555555555555549e+00 0.0000000000000000e+00 2.2222222222235111e-01 1.5555555555555560e+00 0.0000000000000000e+00 3.3333333333348752e-01 1.5555555555555549e+00 0.0000000000000000e+00 4.4444444444462411e-01 1.5555555555555549e+00 0.0000000000000000e+00 5.5555555555565805e-01 1.5555555555555560e+00 0.0000000000000000e+00 6.6666666666658925e-01 1.5555555555555560e+00 0.0000000000000000e+00 7.7777777777752055e-01 1.5555555555555560e+00 0.0000000000000000e+00 8.8888888888852047e-01 1.5555555555555560e+00 0.0000000000000000e+00 1.1111111111113001e-01 1.6666666666666670e+00 0.0000000000000000e+00 2.2222222222219190e-01 1.6666666666666670e+00 0.0000000000000000e+00 3.3333333333324089e-01 1.6666666666666670e+00 0.0000000000000000e+00 4.4444444444428999e-01 1.6666666666666670e+00 0.0000000000000000e+00 5.5555555555533920e-01 1.6666666666666661e+00 0.0000000000000000e+00 6.6666666666638896e-01 1.6666666666666670e+00 0.0000000000000000e+00 7.7777777777743839e-01 1.6666666666666670e+00 0.0000000000000000e+00 8.8888888888853934e-01 1.6666666666666661e+00 0.0000000000000000e+00 1.1111111111105609e-01 1.7777777777777770e+00 0.0000000000000000e+00 2.2222222222203269e-01 1.7777777777777779e+00 0.0000000000000000e+00 3.3333333333299442e-01 1.7777777777777779e+00 0.0000000000000000e+00 4.4444444444395592e-01 1.7777777777777779e+00 0.0000000000000000e+00 5.5555555555502079e-01 1.7777777777777779e+00 0.0000000000000000e+00 6.6666666666618823e-01 1.7777777777777779e+00 0.0000000000000000e+00 7.7777777777735624e-01 1.7777777777777779e+00 0.0000000000000000e+00 8.8888888888855822e-01 1.7777777777777779e+00 0.0000000000000000e+00 1.1111111111098219e-01 1.8888888888888891e+00 0.0000000000000000e+00 2.2222222222187349e-01 1.8888888888888891e+00 0.0000000000000000e+00 3.3333333333274773e-01 1.8888888888888891e+00 0.0000000000000000e+00 4.4444444444362202e-01 1.8888888888888891e+00 0.0000000000000000e+00 5.5555555555470193e-01 1.8888888888888891e+00 0.0000000000000000e+00 6.6666666666598795e-01 1.8888888888888891e+00 0.0000000000000000e+00 7.7777777777727386e-01 1.8888888888888891e+00 0.0000000000000000e+00 8.8888888888857687e-01 1.8888888888888891e+00 0.0000000000000000e+00 5.5555555555786777e-02 1.0555555555555560e+00 0.0000000000000000e+00 5.5555555555749807e-02 1.1111111111111109e+00 0.0000000000000000e+00 1.1111111111153660e-01 1.0555555555555560e+00 0.0000000000000000e+00 1.6666666666732341e-01 1.0555555555555560e+00 0.0000000000000000e+00 1.6666666666724381e-01 1.1111111111111109e+00 0.0000000000000000e+00 2.2222222222306751e-01 1.0555555555555549e+00 0.0000000000000000e+00 2.7777777777885432e-01 1.0555555555555549e+00 0.0000000000000000e+00 2.7777777777873103e-01 1.1111111111111109e+00 0.0000000000000000e+00 3.3333333333459741e-01 1.0555555555555560e+00 0.0000000000000000e+00 3.8888888889038420e-01 1.0555555555555560e+00 0.0000000000000000e+00 3.8888888889021711e-01 1.1111111111111109e+00 0.0000000000000000e+00 4.4444444444612718e-01 1.0555555555555560e+00 0.0000000000000000e+00 5.0000000000160583e-01 1.0555555555555560e+00 0.0000000000000000e+00 5.0000000000144640e-01 1.1111111111111109e+00 0.0000000000000000e+00 5.5555555555709191e-01 1.0555555555555560e+00 0.0000000000000000e+00 6.1111111111226224e-01 1.0555555555555560e+00 0.0000000000000000e+00 6.1111111111216188e-01 1.1111111111111109e+00 0.0000000000000000e+00 6.6666666666749153e-01 1.0555555555555560e+00 0.0000000000000000e+00 7.2222222222266164e-01 1.0555555555555560e+00 0.0000000000000000e+00 7.2222222222262045e-01 1.1111111111111109e+00 0.0000000000000000e+00 7.7777777777789081e-01 1.0555555555555560e+00 0.0000000000000000e+00 8.3333333333313786e-01 1.0555555555555560e+00 0.0000000000000000e+00 8.3333333333314730e-01 1.1111111111111109e+00 0.0000000000000000e+00 8.8888888888843565e-01 1.0555555555555560e+00 0.0000000000000000e+00 9.4444444444422249e-01 1.0555555555555560e+00 0.0000000000000000e+00 9.4444444444422249e-01 1.1111111111111109e+00 0.0000000000000000e+00 5.5555555555749807e-02 1.1666666666666670e+00 0.0000000000000000e+00 5.5555555555712857e-02 1.2222222222222221e+00 0.0000000000000000e+00 1.1111111111146270e-01 1.1666666666666670e+00 0.0000000000000000e+00 1.6666666666720681e-01 1.1666666666666670e+00 0.0000000000000000e+00 1.6666666666712721e-01 1.2222222222222221e+00 0.0000000000000000e+00 2.2222222222290830e-01 1.1666666666666670e+00 0.0000000000000000e+00 2.7777777777865142e-01 1.1666666666666670e+00 0.0000000000000000e+00 2.7777777777852808e-01 1.2222222222222221e+00 0.0000000000000000e+00 3.3333333333435072e-01 1.1666666666666670e+00 0.0000000000000000e+00 3.8888888889009382e-01 1.1666666666666670e+00 0.0000000000000000e+00 3.8888888888992679e-01 1.2222222222222221e+00 0.0000000000000000e+00 4.4444444444579317e-01 1.1666666666666670e+00 0.0000000000000000e+00 5.0000000000127942e-01 1.1666666666666670e+00 0.0000000000000000e+00 5.0000000000111999e-01 1.2222222222222221e+00 0.0000000000000000e+00 5.5555555555677327e-01 1.1666666666666670e+00 0.0000000000000000e+00 6.1111111111200267e-01 1.1666666666666670e+00 0.0000000000000000e+00 6.1111111111190253e-01 1.2222222222222221e+00 0.0000000000000000e+00 6.6666666666729113e-01 1.1666666666666670e+00 0.0000000000000000e+00 7.2222222222252030e-01 1.1666666666666670e+00 0.0000000000000000e+00 7.2222222222247923e-01 1.2222222222222221e+00 0.0000000000000000e+00 7.7777777777780854e-01 1.1666666666666670e+00 0.0000000000000000e+00 8.3333333333310622e-01 1.1666666666666670e+00 0.0000000000000000e+00 8.3333333333311566e-01 1.2222222222222221e+00 0.0000000000000000e+00 8.8888888888845441e-01 1.1666666666666670e+00 0.0000000000000000e+00 9.4444444444423192e-01 1.1666666666666670e+00 0.0000000000000000e+00 9.4444444444423192e-01 1.2222222222222221e+00 0.0000000000000000e+00 5.5555555555712857e-02 1.2777777777777779e+00 0.0000000000000000e+00 5.5555555555675901e-02 1.3333333333333330e+00 0.0000000000000000e+00 1.1111111111138880e-01 1.2777777777777779e+00 0.0000000000000000e+00 1.6666666666709029e-01 1.2777777777777779e+00 0.0000000000000000e+00 1.6666666666701069e-01 1.3333333333333330e+00 0.0000000000000000e+00 2.2222222222274909e-01 1.2777777777777779e+00 0.0000000000000000e+00 2.7777777777844848e-01 1.2777777777777779e+00 0.0000000000000000e+00 2.7777777777832519e-01 1.3333333333333330e+00 0.0000000000000000e+00 3.3333333333410409e-01 1.2777777777777779e+00 0.0000000000000000e+00 3.8888888888980361e-01 1.2777777777777779e+00 0.0000000000000000e+00 3.8888888888963657e-01 1.3333333333333330e+00 0.0000000000000000e+00 4.4444444444545922e-01 1.2777777777777779e+00 0.0000000000000000e+00 5.0000000000095302e-01 1.2777777777777779e+00 0.0000000000000000e+00 5.0000000000079381e-01 1.3333333333333330e+00 0.0000000000000000e+00 5.5555555555645464e-01 1.2777777777777779e+00 0.0000000000000000e+00 6.1111111111174310e-01 1.2777777777777779e+00 0.0000000000000000e+00 6.1111111111164274e-01 1.3333333333333330e+00 0.0000000000000000e+00 6.6666666666709062e-01 1.2777777777777779e+00 0.0000000000000000e+00 7.2222222222237886e-01 1.2777777777777779e+00 0.0000000000000000e+00 7.2222222222233778e-01 1.3333333333333330e+00 0.0000000000000000e+00 7.7777777777772639e-01 1.2777777777777779e+00 0.0000000000000000e+00 8.3333333333307458e-01 1.2777777777777779e+00 0.0000000000000000e+00 8.3333333333308401e-01 1.3333333333333330e+00 0.0000000000000000e+00 8.8888888888847328e-01 1.2777777777777779e+00 0.0000000000000000e+00 9.4444444444424136e-01 1.2777777777777779e+00 0.0000000000000000e+00 9.4444444444424136e-01 1.3333333333333330e+00 0.0000000000000000e+00 5.5555555555675901e-02 1.3888888888888891e+00 0.0000000000000000e+00 5.5555555555638930e-02 1.4444444444444440e+00 0.0000000000000000e+00 1.1111111111131480e-01 1.3888888888888891e+00 0.0000000000000000e+00 1.6666666666697369e-01 1.3888888888888880e+00 0.0000000000000000e+00 1.6666666666689409e-01 1.4444444444444440e+00 0.0000000000000000e+00 2.2222222222258989e-01 1.3888888888888891e+00 0.0000000000000000e+00 2.7777777777824558e-01 1.3888888888888891e+00 0.0000000000000000e+00 2.7777777777812229e-01 1.4444444444444440e+00 0.0000000000000000e+00 3.3333333333385762e-01 1.3888888888888891e+00 0.0000000000000000e+00 3.8888888888951317e-01 1.3888888888888891e+00 0.0000000000000000e+00 3.8888888888934608e-01 1.4444444444444451e+00 0.0000000000000000e+00 4.4444444444512521e-01 1.3888888888888891e+00 0.0000000000000000e+00 5.0000000000062672e-01 1.3888888888888891e+00 0.0000000000000000e+00 5.0000000000046740e-01 1.4444444444444451e+00 0.0000000000000000e+00 5.5555555555613600e-01 1.3888888888888891e+00 0.0000000000000000e+00 6.1111111111148353e-01 1.3888888888888891e+00 0.0000000000000000e+00 6.1111111111138339e-01 1.4444444444444440e+00 0.0000000000000000e+00 6.6666666666689012e-01 1.3888888888888891e+00 0.0000000000000000e+00 7.2222222222223764e-01 1.3888888888888891e+00 0.0000000000000000e+00 7.2222222222219645e-01 1.4444444444444440e+00 0.0000000000000000e+00 7.7777777777764412e-01 1.3888888888888891e+00 0.0000000000000000e+00 8.3333333333304282e-01 1.3888888888888891e+00 0.0000000000000000e+00 8.3333333333305226e-01 1.4444444444444440e+00 0.0000000000000000e+00 8.8888888888849216e-01 1.3888888888888891e+00 0.0000000000000000e+00 9.4444444444425080e-01 1.3888888888888891e+00 0.0000000000000000e+00 9.4444444444425080e-01 1.4444444444444440e+00 0.0000000000000000e+00 5.5555555555638930e-02 1.5000000000000000e+00 0.0000000000000000e+00 5.5555555555601960e-02 1.5555555555555549e+00 0.0000000000000000e+00 1.1111111111124090e-01 1.5000000000000000e+00 0.0000000000000000e+00 1.6666666666685709e-01 1.5000000000000000e+00 0.0000000000000000e+00 1.6666666666677751e-01 1.5555555555555560e+00 0.0000000000000000e+00 2.2222222222243071e-01 1.5000000000000000e+00 0.0000000000000000e+00 2.7777777777804269e-01 1.5000000000000000e+00 0.0000000000000000e+00 2.7777777777791929e-01 1.5555555555555560e+00 0.0000000000000000e+00 3.3333333333361093e-01 1.5000000000000000e+00 0.0000000000000000e+00 3.8888888888922279e-01 1.5000000000000000e+00 0.0000000000000000e+00 3.8888888888905582e-01 1.5555555555555549e+00 0.0000000000000000e+00 4.4444444444479109e-01 1.5000000000000000e+00 0.0000000000000000e+00 5.0000000000030043e-01 1.5000000000000000e+00 0.0000000000000000e+00 5.0000000000014100e-01 1.5555555555555549e+00 0.0000000000000000e+00 5.5555555555581737e-01 1.5000000000000000e+00 0.0000000000000000e+00 6.1111111111122396e-01 1.5000000000000000e+00 0.0000000000000000e+00 6.1111111111112359e-01 1.5555555555555560e+00 0.0000000000000000e+00 6.6666666666668961e-01 1.5000000000000000e+00 0.0000000000000000e+00 7.2222222222209609e-01 1.5000000000000000e+00 0.0000000000000000e+00 7.2222222222205490e-01 1.5555555555555560e+00 0.0000000000000000e+00 7.7777777777756174e-01 1.5000000000000000e+00 0.0000000000000000e+00 8.3333333333301107e-01 1.5000000000000000e+00 0.0000000000000000e+00 8.3333333333302051e-01 1.5555555555555560e+00 0.0000000000000000e+00 8.8888888888851103e-01 1.5000000000000000e+00 0.0000000000000000e+00 9.4444444444426023e-01 1.5000000000000000e+00 0.0000000000000000e+00 9.4444444444426023e-01 1.5555555555555560e+00 0.0000000000000000e+00 5.5555555555601960e-02 1.6111111111111109e+00 0.0000000000000000e+00 5.5555555555565003e-02 1.6666666666666670e+00 0.0000000000000000e+00 1.1111111111116700e-01 1.6111111111111109e+00 0.0000000000000000e+00 1.6666666666674060e-01 1.6111111111111109e+00 0.0000000000000000e+00 1.6666666666666100e-01 1.6666666666666670e+00 0.0000000000000000e+00 2.2222222222227150e-01 1.6111111111111109e+00 0.0000000000000000e+00 2.7777777777783969e-01 1.6111111111111109e+00 0.0000000000000000e+00 2.7777777777771639e-01 1.6666666666666670e+00 0.0000000000000000e+00 3.3333333333336418e-01 1.6111111111111109e+00 0.0000000000000000e+00 3.8888888888893253e-01 1.6111111111111109e+00 0.0000000000000000e+00 3.8888888888876549e-01 1.6666666666666670e+00 0.0000000000000000e+00 4.4444444444445702e-01 1.6111111111111109e+00 0.0000000000000000e+00 4.9999999999997402e-01 1.6111111111111109e+00 0.0000000000000000e+00 4.9999999999981459e-01 1.6666666666666670e+00 0.0000000000000000e+00 5.5555555555549863e-01 1.6111111111111109e+00 0.0000000000000000e+00 6.1111111111096417e-01 1.6111111111111109e+00 0.0000000000000000e+00 6.1111111111086402e-01 1.6666666666666670e+00 0.0000000000000000e+00 6.6666666666648910e-01 1.6111111111111109e+00 0.0000000000000000e+00 7.2222222222195476e-01 1.6111111111111109e+00 0.0000000000000000e+00 7.2222222222191368e-01 1.6666666666666670e+00 0.0000000000000000e+00 7.7777777777747947e-01 1.6111111111111109e+00 0.0000000000000000e+00 8.3333333333297943e-01 1.6111111111111109e+00 0.0000000000000000e+00 8.3333333333298887e-01 1.6666666666666670e+00 0.0000000000000000e+00 8.8888888888852990e-01 1.6111111111111109e+00 0.0000000000000000e+00 9.4444444444426967e-01 1.6111111111111109e+00 0.0000000000000000e+00 9.4444444444426967e-01 1.6666666666666670e+00 0.0000000000000000e+00 5.5555555555565003e-02 1.7222222222222221e+00 0.0000000000000000e+00 5.5555555555528047e-02 1.7777777777777779e+00 0.0000000000000000e+00 1.1111111111109299e-01 1.7222222222222221e+00 0.0000000000000000e+00 1.6666666666662400e-01 1.7222222222222221e+00 0.0000000000000000e+00 1.6666666666654439e-01 1.7777777777777779e+00 0.0000000000000000e+00 2.2222222222211230e-01 1.7222222222222221e+00 0.0000000000000000e+00 2.7777777777763679e-01 1.7222222222222221e+00 0.0000000000000000e+00 2.7777777777751361e-01 1.7777777777777779e+00 0.0000000000000000e+00 3.3333333333311771e-01 1.7222222222222221e+00 0.0000000000000000e+00 3.8888888888864209e-01 1.7222222222222221e+00 0.0000000000000000e+00 3.8888888888847523e-01 1.7777777777777779e+00 0.0000000000000000e+00 4.4444444444412301e-01 1.7222222222222221e+00 0.0000000000000000e+00 4.9999999999964762e-01 1.7222222222222221e+00 0.0000000000000000e+00 4.9999999999948841e-01 1.7777777777777779e+00 0.0000000000000000e+00 5.5555555555517999e-01 1.7222222222222221e+00 0.0000000000000000e+00 6.1111111111070482e-01 1.7222222222222221e+00 0.0000000000000000e+00 6.1111111111060445e-01 1.7777777777777779e+00 0.0000000000000000e+00 6.6666666666628860e-01 1.7222222222222221e+00 0.0000000000000000e+00 7.2222222222181331e-01 1.7222222222222221e+00 0.0000000000000000e+00 7.2222222222177224e-01 1.7777777777777779e+00 0.0000000000000000e+00 7.7777777777739732e-01 1.7222222222222221e+00 0.0000000000000000e+00 8.3333333333294779e-01 1.7222222222222221e+00 0.0000000000000000e+00 8.3333333333295723e-01 1.7777777777777779e+00 0.0000000000000000e+00 8.8888888888854878e-01 1.7222222222222221e+00 0.0000000000000000e+00 9.4444444444427911e-01 1.7222222222222221e+00 0.0000000000000000e+00 9.4444444444427911e-01 1.7777777777777779e+00 0.0000000000000000e+00 5.5555555555528047e-02 1.8333333333333330e+00 0.0000000000000000e+00 5.5555555555491083e-02 1.8888888888888891e+00 0.0000000000000000e+00 1.1111111111101910e-01 1.8333333333333330e+00 0.0000000000000000e+00 1.6666666666650740e-01 1.8333333333333330e+00 0.0000000000000000e+00 1.6666666666642779e-01 1.8888888888888891e+00 0.0000000000000000e+00 2.2222222222195309e-01 1.8333333333333330e+00 0.0000000000000000e+00 2.7777777777743401e-01 1.8333333333333330e+00 0.0000000000000000e+00 2.7777777777731061e-01 1.8888888888888891e+00 0.0000000000000000e+00 3.3333333333287102e-01 1.8333333333333330e+00 0.0000000000000000e+00 3.8888888888835182e-01 1.8333333333333330e+00 0.0000000000000000e+00 3.8888888888818479e-01 1.8888888888888891e+00 0.0000000000000000e+00 4.4444444444378889e-01 1.8333333333333330e+00 0.0000000000000000e+00 4.9999999999932138e-01 1.8333333333333330e+00 0.0000000000000000e+00 4.9999999999916189e-01 1.8888888888888891e+00 0.0000000000000000e+00 5.5555555555486136e-01 1.8333333333333330e+00 0.0000000000000000e+00 6.1111111111044503e-01 1.8333333333333330e+00 0.0000000000000000e+00 6.1111111111034488e-01 1.8888888888888891e+00 0.0000000000000000e+00 6.6666666666608809e-01 1.8333333333333330e+00 0.0000000000000000e+00 7.2222222222167209e-01 1.8333333333333330e+00 0.0000000000000000e+00 7.2222222222163091e-01 1.8888888888888891e+00 0.0000000000000000e+00 7.7777777777731505e-01 1.8333333333333330e+00 0.0000000000000000e+00 8.3333333333291604e-01 1.8333333333333330e+00 0.0000000000000000e+00 8.3333333333292536e-01 1.8888888888888891e+00 0.0000000000000000e+00 8.8888888888856754e-01 1.8333333333333330e+00 0.0000000000000000e+00 9.4444444444428843e-01 1.8333333333333330e+00 0.0000000000000000e+00 9.4444444444428843e-01 1.8888888888888891e+00 0.0000000000000000e+00 5.5555555555491083e-02 1.9444444444444440e+00 0.0000000000000000e+00 1.1111111111094520e-01 1.9444444444444440e+00 0.0000000000000000e+00 1.6666666666639091e-01 1.9444444444444440e+00 0.0000000000000000e+00 2.2222222222179391e-01 1.9444444444444440e+00 0.0000000000000000e+00 2.7777777777723101e-01 1.9444444444444440e+00 0.0000000000000000e+00 3.3333333333262438e-01 1.9444444444444440e+00 0.0000000000000000e+00 3.8888888888806150e-01 1.9444444444444440e+00 0.0000000000000000e+00 4.4444444444345488e-01 1.9444444444444440e+00 0.0000000000000000e+00 4.9999999999899492e-01 1.9444444444444440e+00 0.0000000000000000e+00 5.5555555555454261e-01 1.9444444444444440e+00 0.0000000000000000e+00 6.1111111111018568e-01 1.9444444444444440e+00 0.0000000000000000e+00 6.6666666666588770e-01 1.9444444444444440e+00 0.0000000000000000e+00 7.2222222222153065e-01 1.9444444444444451e+00 0.0000000000000000e+00 7.7777777777723278e-01 1.9444444444444451e+00 0.0000000000000000e+00 8.3333333333288429e-01 1.9444444444444440e+00 0.0000000000000000e+00 8.8888888888858641e-01 1.9444444444444440e+00 0.0000000000000000e+00 9.4444444444429787e-01 1.9444444444444440e+00 0.0000000000000000e+00
</DataArray>
      </Points>
      <Cells>
        <DataArray type="Int64" format="ascii" Name="connectivity">
5 57 47 65 189 56 47 57 125 189 190 191 47 125 46 191 192 55 46 125 126 192 193 194 46 126 45 194 195 54 45 126 127 195 196 197 45 127 44 197 198 53 44 127 128 198 199 200 44 128 43 200 201 52 43 128 129 201 202 203 43 129 42 203 204 51 42 129 130 204 205 206 42 130 41 206 207 50 41 130 131 207 208 209 41 131 40 209 210 49 40 131 132 210 211 212 40 132 4 212 213 48 4 132 30 213 214 39 57 58 125 66 215 190 125 58 133 215 216 217 125 133 126 217 218 193 126 133 134 218 219 220 126 134 127 220 221 196 127 134 135 221 222 223 127 135 128 223 224 199 128 135 136 224 225 226 128 136 129 226 227 202 129 136 137 227 228 229 129 137 130 229 230 205 130 137 138 230 231 232 130 138 131 232 233 208 131 138 139 233 234 235 131 139 132 235 236 211 132 139 140 236 237 238 132 140 30 238 239 214 30 140 29 239 240 38 58 59 133 67 241 216 133 59 141 241 242 243 133 141 134 243 244 219 134 141 142 244 245 246 134 142 135 246 247 222 135 142 143 247 248 249 135 143 136 249 250 225 136 143 144 250 251 252 136 144 137 252 253 228 137 144 145 253 254 255 137 145 138 255 256 231 138 145 146 256 257 258 138 146 139 258 259 234 139 146 147 259 260 261 139 147 140 261 262 237 140 147 148 262 263 264 140 148 29 264 265 240 29 148 28 265 266 37 59 60 141 68 267 242 141 60 149 267 268 269 141 149 142 269 270 245 142 149 150 270 271 272 142 150 143 272 273 248 143 150 151 273 274 275 143 151 144 275 276 251 144 151 152 276 277 278 144 152 145 278 279 254 145 152 153 279 280 281 145 153 146 281 282 257 146 153 154 282 283 284 146 154 147 284 285 260 147 154 155 285 286 287 147 155 148 287 288 263 148 155 156 288 289 290 148 156 28 290 291 266 28 156 27 291 292 36 60 61 149 69 293 268 149 61 157 293 294 295 149 157 150 295 296 271 150 157 158 296 297 298 150 158 151 298 299 274 151 158 159 299 300 301 151 159 152 301 302 277 152 159 160 302 303 304 152 160 153 304 305 280 153 160 161 305 306 307 153 161 154 307 308 283 154 161 162 308 309 310 154 162 155 310 311 286 155 162 163 311 312 313 155 163 156 313 314 289 156 163 164 314 315 316 156 164 27 316 317 292 27 164 26 317 318 35 61 62 157 70 319 294 157 62 165 319 320 321 157 165 158 321 322 297 158 165 166 322 323 324 158 166 159 324 325 300 159 166 167 325 326 327 159 167 160 327 328 303 160 167 168 328 329 330 160 168 161 330 331 306 161 168 169 331 332 333 161 169 162 333 334 309 162 169 170 334 335 336 162 170 163 336 337 312 163 170 171 337 338 339 163 171 164 339 340 315 164 171 172 340 341 342 164 172 26 342 343 318 26 172 25 343 344 34 62 63 165 71 345 320 165 63 173 345 346 347 165 173 166 347 348 323 166 173 174 348 349 350 166 174 167 350 351 326 167 174 175 351 352 353 167 175 168 353 354 329 168 175 176 354 355 356 168 176 169 356 357 332 169 176 177 357 358 359 169 177 170 359 360 335 170 177 178 360 361 362 170 178 171 362 363 338 171 178 179 363 364 365 171 179 172 365 366 341 172 179 180 366 367 368 172 180 25 368 369 344 25 180 24 369 370 33 63 64 173 72 371 346 173 64 181 371 372 373 173 181 174 373 374 349 174 181 182 374 375 376 174 182 175 376 377 352 175 182 183 377 378 379 175 183 176 379 380 355 176 183 184 380 381 382 176 184 177 382 383 358 177 184 185 383 384 385 177 185 178 385 386 361 178 185 186 386 387 388 178 186 179 388 389 364 179 186 187 389 390 391 179 187 180 391 392 367 180 187 188 392 393 394 180 188 24 394 395 370 24 188 23 395 396 32 64 0 181 73 397 372 181 0 6 397 14 398 181 6 182 398 399 375 182 6 7 399 15 400 182 7 183 400 401 378 183 7 8 401 16 402 183 8 184 402 403 381 184 8 9 403 17 404 184 9 185 404 405 384 185 9 10 405 18 406 185 10 186 406 407 387 186 10 11 407 19 408 186 11 187 408 409 390 187 11 12 409 20 410 187 12 188 410 411 393 188 12 13 411 21 412 188 13 23 412 413 396 23 13 1 413 22 31 5 47 74 56 478 82 47 414 74 480 479 478 47 46 414 55 481 480 46 415 414 483 482 481 46 45 415 54 484 483 45 416 415 486 485 484 45 44 416 53 487 486 44 417 416 489 488 487 44 43 417 52 490 489 43 418 417 492 491 490 43 42 418 51 493 492 42 419 418 495 494 493 42 41 419 50 496 495 41 420 419 498 497 496 41 40 420 49 499 498 40 421 420 501 500 499 40 4 421 48 502 501 4 115 421 124 503 502 74 414 75 479 504 83 414 422 75 506 505 504 414 415 422 482 507 506 415 423 422 509 508 507 415 416 423 485 510 509 416 424 423 512 511 510 416 417 424 488 513 512 417 425 424 515 514 513 417 418 425 491 516 515 418 426 425 518 517 516 418 419 426 494 519 518 419 427 426 521 520 519 419 420 427 497 522 521 420 428 427 524 523 522 420 421 428 500 525 524 421 429 428 527 526 525 421 115 429 503 528 527 115 114 429 123 529 528 75 422 76 505 530 84 422 430 76 532 531 530 422 423 430 508 533 532 423 431 430 535 534 533 423 424 431 511 536 535 424 432 431 538 537 536 424 425 432 514 539 538 425 433 432 541 540 539 425 426 433 517 542 541 426 434 433 544 543 542 426 427 434 520 545 544 427 435 434 547 546 545 427 428 435 523 548 547 428 436 435 550 549 548 428 429 436 526 551 550 429 437 436 553 552 551 429 114 437 529 554 553 114 113 437 122 555 554 76 430 77 531 556 85 430 438 77 558 557 556 430 431 438 534 559 558 431 439 438 561 560 559 431 432 439 537 562 561 432 440 439 564 563 562 432 433 440 540 565 564 433 441 440 567 566 565 433 434 441 543 568 567 434 442 441 570 569 568 434 435 442 546 571 570 435 443 442 573 572 571 435 436 443 549 574 573 436 444 443 576 575 574 436 437 444 552 577 576 437 445 444 579 578 577 437 113 445 555 580 579 113 112 445 121 581 580 77 438 78 557 582 86 438 446 78 584 583 582 438 439 446 560 585 584 439 447 446 587 586 585 439 440 447 563 588 587 440 448 447 590 589 588 440 441 448 566 591 590 441 449 448 593 592 591 441 442 449 569 594 593 442 450 449 596 595 594 442 443 450 572 597 596 443 451 450 599 598 597 443 444 451 575 600 599 444 452 451 602 601 600 444 445 452 578 603 602 445 453 452 605 604 603 445 112 453 581 606 605 112 111 453 120 607 606 78 446 79 583 608 87 446 454 79 610 609 608 446 447 454 586 611 610 447 455 454 613 612 611 447 448 455 589 614 613 448 456 455 616 615 614 448 449 456 592 617 616 449 457 456 619 618 617 449 450 457 595 620 619 450 458 457 622 621 620 450 451 458 598 623 622 451 459 458 625 624 623 451 452 459 601 626 625 452 460 459 628 627 626 452 453 460 604 629 628 453 461 460 631 630 629 453 111 461 607 632 631 111 110 461 119 633 632 79 454 80 609 634 88 454 462 80 636 635 634 454 455 462 612 637 636 455 463 462 639 638 637 455 456 463 615 640 639 456 464 463 642 641 640 456 457 464 618 643 642 457 465 464 645 644 643 457 458 465 621 646 645 458 466 465 648 647 646 458 459 466 624 649 648 459 467 466 651 650 649 459 460 467 627 652 651 460 468 467 654 653 652 460 461 468 630 655 654 461 469 468 657 656 655 461 110 469 633 658 657 110 109 469 118 659 658 80 462 81 635 660 89 462 470 81 662 661 660 462 463 470 638 663 662 463 471 470 665 664 663 463 464 471 641 666 665 464 472 471 668 667 666 464 465 472 644 669 668 465 473 472 671 670 669 465 466 473 647 672 671 466 474 473 674 673 672 466 467 474 650 675 674 467 475 474 677 676 675 467 468 475 653 678 677 468 476 475 680 679 678 468 469 476 656 681 680 469 477 476 683 682 681 469 109 477 659 684 683 109 108 477 117 685 684 81 470 3 661 686 90 470 91 3 687 99 686 470 471 91 664 688 687 471 92 91 689 100 688 471 472 92 667 690 689 472 93 92 691 101 690 472 473 93 670 692 691 473 94 93 693 102 692 473 474 94 673 694 693 474 95 94 695 103 694 474 475 95 676 696 695 475 96 95 697 104 696 475 476 96 679 698 697 476 97 96 699 105 698 476 477 97 682 700 699 477 98 97 701 106 700 477 108 98 685 702 701 108 2 98 116 107 702
</DataArray>
        <DataArray type="Int64" format="ascii" Name="offsets">
6 12 18 24 30 36 42 48 54 60 66 72 78 84 90 96 102 108 114 120 126 132 138 144 150 156 162 168 174 180 186 192 198 204 210 216 222 228 234 240 246 252 258 264 270 276 282 288 294 300 306 312 318 324 330 336 342 348 354 360 366 372 378 384 390 396 402 408 414 420 426 432 438 444 450 456 462 468 474 480 486 492 498 504 510 516 522 528 534 540 546 552 558 564 570 576 582 588 594 600 606 612 618 624 630 636 642 648 654 660 666 672 678 684 690 696 702 708 714 720 726 732 738 744 750 756 762 768 774 780 786 792 798 804 810 816 822 828 834 840 846 852 858 864 870 876 882 888 894 900 906 912 918 924 930 936 942 948 954 960 966 972 978 984 990 996 1002 1008 1014 1020 1026 1032 1038 1044 1050 1056 1062 1068 1074 1080 1086 1092 1098 1104 1110 1116 1122 1128 1134 1140 1146 1152 1158 1164 1170 1176 1182 1188 1194 1200 1206 1212 1218 1224 1230 1236 1242 1248 1254 1260 1266 1272 1278 1284 1290 1296 1302 1308 1314 1320 1326 1332 1338 1344 1350 1356 1362 1368 1374 1380 1386 1392 1398 1404 1410 1416 1422 1428 1434 1440 1446 1452 1458 1464 1470 1476 1482 1488 1494 1500 1506 1512 1518 1524 1530 1536 1542 1548 1554 1560 1566 1572 1578 1584 1590 1596 1602 1608 1614 1620 1626 1632 1638 1644 1650 1656 1662 1668 1674 1680 1686 1692 1698 1704 1710 1716 1722 1728 1734 1740 1746 1752 1758 1764 1770 1776 1782 1788 1794 1800 1806 1812 1818 1824 1830 1836 1842 1848 1854 1860 1866 1872 1878 1884 1890 1896 1902 1908 1914 1920 1926 1932 1938 1944
</DataArray>
        <DataArray type="UInt8" format="ascii" Name="types">
22 22 22 22 22 22 22 22 22 22 22 22 22 22 22 22 22 22 22 22 22 22 22 22 22 22 22 22 22 22 22 22 22 22 22 22 22 22 22 22 22 22 22 22 22 22 22 22 22 22 22 22 22 22 22 22 22 22 22 22 22 22 22 22 22 22 22 22 22 22 22 22 22 22 22 22 22 22 22 22 22 22 22 22 22 22 22 22 22 22 22 22 22 22 22 22 22 22 22 22 22 22 22 22 22 22 22 22 22 22 22 22 22 22 22 22 22 22 22 22 22 22 22 22 22 22 22 22 22 22 22 22 22 22 22 22 22 22 22 22 22 22 22 22 22 22 22 22 22 22 22 22 22 22 22 22 22 22 22 22 22 22 22 22 22 22 22 22 22 22 22 22 22 22 22 22 22 22 22 22 22 22 22 22 22 22 22 22 22 22 22 22 22 22 22 22 22 22 22 22 22 22 22 22 22 22 22 22 22 22 22 22 22 22 22 22 22 22 22 22 22 22 22 22 22 22 22 22 22 22 22 22 22 22 22 22 22 22 22 22 22 22 22 22 22 22 22 22 22 22 22 22 22 22 22 22 22 22 22 22 22 22 22 22 22 22 22 22 22 22 22 22 22 22 22 22 22 22 22 22 22 22 22 22 22 22 22 22 22 22 22 22 22 22 22 22 22 22 22 22 22 22 22 22 22 22 22 22 22 22 22 22 22 22 22 22 22 22 22 22 22 22 22 22
</DataArray>
      </Cells>
    </Piece>
  </UnstructuredGrid>
</VTKFile>