<?xml version='1.0' encoding='utf-8'?>
<VTKFile type="UnstructuredGrid" version="0.1" byte_order="LittleEndian">
  <UnstructuredGrid>
    <Piece NumberOfPoints="703" NumberOfCells="324">
      <PointData Vectors="U">
        <DataArray type="Float64" format="ascii" Name="U" NumberOfComponents="3">
9.0341447976396533e-16 -7.9680625401007977e-14 0.0000000000000000e+00 3.8682289896909691e-14 -3.1479445493504877e-14 0.0000000000000000e+00 -3.3151641632343957e-02 1.5824438492441259e-01 0.0000000000000000e+00 3.3195125626544517e-02 1.5814946124031024e-01 0.0000000000000000e+00 -1.4919451521953892e-02 4.8606137203442576e-02 0.0000000000000000e+00 1.5419143198763256e-02 4.8955197412800432e-02 0.0000000000000000e+00 8.0910145521523554e-15 -2.1576022485961726e-14 0.0000000000000000e+00 -4.6265353907572265e-15 2.3103154903622789e-15 0.0000000000000000e+00 -1.9053499714380183e-14 2.2843973153695431e-14 0.0000000000000000e+00 -7.6993961564011120e-15 2.6722454454442032e-14 0.0000000000000000e+00 -4.1578652494231967e-15 -1.6654932701489908e-14 0.0000000000000000e+00 -2.3324090909350281e-14 -2.1260029758974342e-14 0.0000000000000000e+00 -3.1748155966819546e-14 -8.5552505459269883e-15 0.0000000000000000e+00 1.0564281967461780e-13 6.5147024961469917e-14 0.0000000000000000e+00 -1.2324863621801394e-13 1.1187173576854402e-13 0.0000000000000000e+00 2.2697312989987570e-13 -3.5719617974125511e-14 0.0000000000000000e+00 -9.2309786560670343e-14 4.9738994443073928e-13 0.0000000000000000e+00 -1.0531785811411806e-14 -6.1541887895665064e-14 0.0000000000000000e+00 1.5462256464036161e-12 -1.0484593050670100e-13 0.0000000000000000e+00 -8.5950287273261258e-15 -1.0759011168744198e-13 0.0000000000000000e+00 -5.5755258475786897e-13 -8.2174201180346615e-14 0.0000000000000000e+00 -5.5715860274699718e-15 -6.8894281320077496e-15 0.0000000000000000e+00 1.4612339388606664e-13 8.6877984124879573e-13 0.0000000000000000e+00 -5.1484637180763968e-03 6.4059746273402544e-03 0.0000000000000000e+00 -7.3745512799212667e-03 1.1077336611087488e-02 0.0000000000000000e+00 -8.5134721030665234e-03 1.5647360185122118e-02 0.0000000000000000e+00 -9.1118875918267082e-03 2.0391670756522064e-02 0.0000000000000000e+00 -9.4643066522684619e-03 2.5374682299307064e-02 0.0000000000000000e+00 -9.7963204645589042e-03 3.0635673921616442e-02 0.0000000000000000e+00 -1.0351560283676993e-02 3.6224395042148833e-02 0.0000000000000000e+00 -1.1544952302669116e-02 4.2242115060800563e-02 0.0000000000000000e+00 -3.1238144464947057e-03 3.3723360389987184e-03 0.0000000000000000e+00 -6.4062351269829777e-03 8.7949904909363497e-03 0.0000000000000000e+00 -8.0278846692869252e-03 1.3358686922256171e-02 0.0000000000000000e+00 -8.8603677462309599e-03 1.7999269787506069e-02 0.0000000000000000e+00 -9.3084766648870668e-03 2.2855821740555043e-02 0.0000000000000000e+00 -9.6253953670082885e-03 2.7973121374045215e-02 0.0000000000000000e+00 -1.0038544558897612e-02 3.3392368529624933e-02 0.0000000000000000e+00 -1.0852494897383267e-02 3.9186805566207489e-02 0.0000000000000000e+00 -1.2777144777811290e-02 4.5457140814885624e-02 0.0000000000000000e+00 -1.1455443581712854e-02 4.5637748691088914e-02 0.0000000000000000e+00 -8.1107560052737452e-03 4.4410718050791963e-02 0.0000000000000000e+00 -4.8227437896765299e-03 4.3742754460430196e-02 0.0000000000000000e+00 -1.5344543056125082e-03 4.3433276635892415e-02 0.0000000000000000e+00 1.7605092176225306e-03 4.3443467766882592e-02 0.0000000000000000e+00 5.0499520494267898e-03 4.3775228973629766e-02 0.0000000000000000e+00 8.3396849786437806e-03 4.4471153395812882e-02 0.0000000000000000e+00 1.1711045663088226e-02 4.5705676833263258e-02 0.0000000000000000e+00 -1.3184692524342814e-02 4.6816797336975975e-02 0.0000000000000000e+00 -9.7761921457651009e-03 4.4952675079978507e-02 0.0000000000000000e+00 -6.4670772448958717e-03 4.4034245963621724e-02 0.0000000000000000e+00 -3.1807822405598239e-03 4.3548654181848376e-02 0.0000000000000000e+00 1.1207166207659211e-04 4.3397178019912455e-02 0.0000000000000000e+00 3.4042658549245952e-03 4.3561115758161809e-02 0.0000000000000000e+00 6.6880476225772388e-03 4.4057357901469509e-02 0.0000000000000000e+00 1.0000815323131036e-02 4.4981408073416537e-02 0.0000000000000000e+00 1.3464412433384750e-02 4.6909858751669649e-02 0.0000000000000000e+00 1.1765184463770591e-02 4.2377080926799419e-02 0.0000000000000000e+00 1.0545120839250927e-02 3.6329522749057083e-02 0.0000000000000000e+00 9.9676765640025148e-03 3.0727715252780671e-02 0.0000000000000000e+00 9.6157903809131577e-03 2.5462350199427868e-02 0.0000000000000000e+00 9.2449654629890299e-03 2.0477134675562093e-02 0.0000000000000000e+00 8.6289087600596431e-03 1.5730705546740550e-02 0.0000000000000000e+00 7.4703848848043661e-03 1.1158786544945131e-02 0.0000000000000000e+00 5.2211894073963937e-03 6.5299216030517346e-03 0.0000000000000000e+00 1.3054357230467674e-02 4.5537767767877310e-02 0.0000000000000000e+00 1.1036494611218596e-02 3.9310352536396094e-02 0.0000000000000000e+00 1.0202880679048627e-02 3.3490749731611133e-02 0.0000000000000000e+00 9.7734600886940047e-03 2.8062146570840229e-02 0.0000000000000000e+00 9.4395558252161425e-03 2.2941186463608682e-02 0.0000000000000000e+00 8.9750197269139412e-03 1.8081180290775885e-02 0.0000000000000000e+00 8.1306201043228211e-03 1.3434764962213549e-02 0.0000000000000000e+00 6.5256204542652593e-03 8.8844286218591109e-03 0.0000000000000000e+00 3.4443695343148255e-03 3.7513385165262926e-03 0.0000000000000000e+00 2.2490893202042037e-02 6.1210716607640318e-02 0.0000000000000000e+00 2.6413396557406450e-02 7.2527457433865308e-02 0.0000000000000000e+00 2.9086790674914449e-02 8.3793263412597602e-02 0.0000000000000000e+00 3.0983977936402101e-02 9.5297291191137765e-02 0.0000000000000000e+00 3.2241845773608224e-02 1.0715484129607264e-01 0.0000000000000000e+00 3.2963059042162506e-02 1.1941517521649217e-01 0.0000000000000000e+00 3.3271138982129911e-02 1.3206259549614757e-01 0.0000000000000000e+00 3.3306701656046885e-02 1.4501660745969081e-01 0.0000000000000000e+00 1.9442685948640809e-02 5.4915454107859078e-02 0.0000000000000000e+00 2.4554861844430384e-02 6.6948478539336748e-02 0.0000000000000000e+00 2.7856882400632957e-02 7.8162284358944831e-02 0.0000000000000000e+00 3.0130839395378993e-02 8.9513410267316296e-02 0.0000000000000000e+00 3.1693763674175653e-02 1.0118040941516730e-01 0.0000000000000000e+00 3.2668166453693068e-02 1.1323566350358302e-01 0.0000000000000000e+00 3.3165538054695562e-02 1.2569449843052330e-01 0.0000000000000000e+00 3.3318767840457321e-02 1.3850766968525541e-01 0.0000000000000000e+00 3.3265152050769312e-02 1.5156791772583852e-01 0.0000000000000000e+00 2.6008301095772426e-02 1.5830272075159929e-01 0.0000000000000000e+00 1.8707886386016743e-02 1.5847879417424668e-01 0.0000000000000000e+00 1.1294362708397003e-02 1.5864540061763618e-01 0.0000000000000000e+00 3.8033091941559838e-03 1.5874888471866361e-01 0.0000000000000000e+00 -3.7177394535235298e-03 1.5875247069139195e-01 0.0000000000000000e+00 -1.1215811682893080e-02 1.5865915644765341e-01 0.0000000000000000e+00 -1.8638223783194179e-02 1.5850981289601673e-01 0.0000000000000000e+00 -2.5948177829114041e-02 1.5835928560170501e-01 0.0000000000000000e+00 2.9615229304585471e-02 1.5822557594305256e-01 0.0000000000000000e+00 2.2374170907948229e-02 1.5839158351099636e-01 0.0000000000000000e+00 1.5013206871543989e-02 1.5856888497577207e-01 0.0000000000000000e+00 7.5544998952752221e-03 1.5870838335176249e-01 0.0000000000000000e+00 4.1209616922024856e-05 1.5876151344876233e-01 0.0000000000000000e+00 -7.4755155944348272e-03 1.5871147855838375e-01 0.0000000000000000e+00 -1.4941230973996016e-02 1.5858323003967575e-01 0.0000000000000000e+00 -2.2308824343603890e-02 1.5842841079840764e-01 0.0000000000000000e+00 -2.9559927112363528e-02 1.5829525690098717e-01 0.0000000000000000e+00 -3.3218489317802941e-02 1.4510037751620875e-01 0.0000000000000000e+00 -3.3156948795865622e-02 1.3214125246786509e-01 0.0000000000000000e+00 -3.2830602350845596e-02 1.1948820718156601e-01 0.0000000000000000e+00 -3.2096906841988772e-02 1.0722007579569393e-01 0.0000000000000000e+00 -3.0829055094738982e-02 9.5351249464344076e-02 0.0000000000000000e+00 -2.8924576563102305e-02 8.3824175311400642e-02 0.0000000000000000e+00 -2.6260286818143155e-02 7.2530459190326663e-02 0.0000000000000000e+00 -2.2409164040723208e-02 6.1341367234517524e-02 0.0000000000000000e+00 -3.3188910529764457e-02 1.5166094590496176e-01 0.0000000000000000e+00 -3.3203311441384678e-02 1.3859441377724349e-01 0.0000000000000000e+00 -3.3026296667820573e-02 1.2577491991108367e-01 0.0000000000000000e+00 -3.2515446812381700e-02 1.1330660627433997e-01 0.0000000000000000e+00 -3.1532033098975135e-02 1.0123868392701420e-01 0.0000000000000000e+00 -2.9959565815509508e-02 8.9549987121638447e-02 0.0000000000000000e+00 -2.7690125423136536e-02 7.8154265089734082e-02 0.0000000000000000e+00 -2.4500110704193830e-02 6.6937284387667412e-02 0.0000000000000000e+00 -1.9656577117076846e-02 5.5450798192204581e-02 0.0000000000000000e+00 9.3640210650585889e-03 4.0425378186753770e-02 0.0000000000000000e+00 6.8996719445300232e-03 3.9186168304387710e-02 0.0000000000000000e+00 4.2470126110264747e-03 3.8475698884973611e-02 0.0000000000000000e+00 1.4949243085254963e-03 3.8135513626545381e-02 0.0000000000000000e+00 -1.2874945819083496e-03 3.8128214956751789e-02 0.0000000000000000e+00 -4.0389731435874019e-03 3.8454639650497259e-02 0.0000000000000000e+00 -6.6874603469250019e-03 3.9154448905656843e-02 0.0000000000000000e+00 -9.1457581677662370e-03 4.0373690243174727e-02 0.0000000000000000e+00 8.2011298138431488e-03 3.5232309283533964e-02 0.0000000000000000e+00 5.9768147873003686e-03 3.4153853594393227e-02 0.0000000000000000e+00 3.6788821833273321e-03 3.3422672893962016e-02 0.0000000000000000e+00 1.2991356495787782e-03 3.3057587970381427e-02 0.0000000000000000e+00 -1.1105066260197523e-03 3.3049811171993050e-02 0.0000000000000000e+00 -3.4899442236955478e-03 3.3399028106448056e-02 0.0000000000000000e+00 -5.7892244485737484e-03 3.4112555245015927e-02 0.0000000000000000e+00 -8.0255049412224760e-03 3.5168512912434544e-02 0.0000000000000000e+00 7.6955280948004558e-03 3.0029040415648554e-02 0.0000000000000000e+00 5.5203368965230067e-03 2.9146609641052562e-02 0.0000000000000000e+00 3.3597298128359284e-03 2.8453992599093911e-02 0.0000000000000000e+00 1.1796108272182282e-03 2.8085906121125704e-02 0.0000000000000000e+00 -1.0111423880927758e-03 2.8077323978375094e-02 0.0000000000000000e+00 -3.1924476492426576e-03 2.8427799896991610e-02 0.0000000000000000e+00 -5.3572654799271448e-03 2.9101640537140115e-02 0.0000000000000000e+00 -7.5375160410955351e-03 2.9962198590856574e-02 0.0000000000000000e+00 7.4226969213376523e-03 2.4888907908190445e-02 0.0000000000000000e+00 5.2748307538011087e-03 2.4115837953371803e-02 0.0000000000000000e+00 3.1739496005189702e-03 2.3476998045421020e-02 0.0000000000000000e+00 1.1037105853005905e-03 2.3127956345481447e-02 0.0000000000000000e+00 -9.5629573531186946e-04 2.3119110965497718e-02 0.0000000000000000e+00 -3.0277137740976497e-03 2.3449943572117646e-02 0.0000000000000000e+00 -5.1316869679614904e-03 2.4069241359252869e-02 0.0000000000000000e+00 -7.2813325765454196e-03 2.4821393440673554e-02 0.0000000000000000e+00 7.1210497988415814e-03 1.9826657900901171e-02 0.0000000000000000e+00 5.0091224988943325e-03 1.9065465320627570e-02 0.0000000000000000e+00 2.9767613342134153e-03 1.8474002531538920e-02 0.0000000000000000e+00 1.0235924865445191e-03 1.8159642700963954e-02 0.0000000000000000e+00 -8.9805255333445214e-04 1.8151086395510756e-02 0.0000000000000000e+00 -2.8505736930780172e-03 1.8447541109110604e-02 0.0000000000000000e+00 -4.8834589517801810e-03 1.9018884159292041e-02 0.0000000000000000e+00 -6.9970482178440879e-03 1.9759038274152752e-02 0.0000000000000000e+00 6.5523498565609713e-03 1.4812539910793321e-02 0.0000000000000000e+00 4.5097078713630242e-03 1.4010987205857008e-02 0.0000000000000000e+00 2.6281699925785672e-03 1.3487330278986309e-02 0.0000000000000000e+00 8.9140006351009777e-04 1.3230995880491982e-02 0.0000000000000000e+00 -7.9028666117948775e-04 1.3223360948563084e-02 0.0000000000000000e+00 -2.5226955621942492e-03 1.3463241881200591e-02 0.0000000000000000e+00 -4.3986165882718064e-03 1.3966887103749362e-02 0.0000000000000000e+00 -6.4436059109907462e-03 1.4744820959269905e-02 0.0000000000000000e+00 5.4111743800394968e-03 9.7736425321503680e-03 0.0000000000000000e+00 3.5523882644084548e-03 9.0050332621960019e-03 0.0000000000000000e+00 2.0082991558039429e-03 8.6252393788864706e-03 0.0000000000000000e+00 6.7033890126432330e-04 8.4599821046646515e-03 0.0000000000000000e+00 -5.9898310094827815e-04 8.4541232661791907e-03 0.0000000000000000e+00 -1.9288844289739194e-03 8.6059142389946913e-03 0.0000000000000000e+00 -3.4543191327427968e-03 8.9673026548499415e-03 0.0000000000000000e+00 -5.3044492305922746e-03 9.7088719379870986e-03 0.0000000000000000e+00 3.2846932743931636e-03 4.6849978955292634e-03 0.0000000000000000e+00 1.9670436345343941e-03 4.2234671292252519e-03 0.0000000000000000e+00 1.0817186756085918e-03 4.0664113224680868e-03 0.0000000000000000e+00 3.5712868571262206e-04 4.0052538715133253e-03 0.0000000000000000e+00 -3.2115293064376247e-04 4.0024283459967067e-03 0.0000000000000000e+00 -1.0406712372247940e-03 4.0565668785745232e-03 0.0000000000000000e+00 -1.9072088128524684e-03 4.2008348802580302e-03 0.0000000000000000e+00 -3.1232797309572063e-03 4.6111559852488847e-03 0.0000000000000000e+00 1.1692905530973229e-02 4.4068229394774019e-02 0.0000000000000000e+00 1.0541430390253077e-02 4.1310241959202534e-02 0.0000000000000000e+00 1.0360855348348429e-02 4.3024624825559625e-02 0.0000000000000000e+00 8.9877907396234327e-03 4.2309459701029589e-02 0.0000000000000000e+00 8.1542477855235662e-03 3.9726729340070842e-02 0.0000000000000000e+00 7.5630834332143550e-03 4.1781674495586972e-02 0.0000000000000000e+00 6.1061856916489795e-03 4.1381073658446121e-02 0.0000000000000000e+00 5.5898128849209677e-03 3.8783148414957530e-02 0.0000000000000000e+00 4.6252601324109468e-03 4.1086477192769526e-02 0.0000000000000000e+00 3.1283400015658649e-03 4.0877587757617913e-02 0.0000000000000000e+00 2.8786501022491995e-03 3.8264216217020107e-02 0.0000000000000000e+00 1.6210144584235830e-03 4.0754386607938994e-02 0.0000000000000000e+00 1.0854346361683402e-04 4.0709914724525169e-02 0.0000000000000000e+00 1.0384689862968207e-04 3.8091013340605516e-02 0.0000000000000000e+00 -1.4036824999568338e-03 4.0745793137268602e-02 0.0000000000000000e+00 -2.9110338603431361e-03 4.0861829258637038e-02 0.0000000000000000e+00 -2.6708616412587350e-03 3.8247983130984965e-02 0.0000000000000000e+00 -4.4073231869833675e-03 4.1059510249942581e-02 0.0000000000000000e+00 -5.8882633096058084e-03 4.1347347548735536e-02 0.0000000000000000e+00 -5.3813213629740090e-03 3.8749664929406243e-02 0.0000000000000000e+00 -7.3431010616107776e-03 4.1732220702602046e-02 0.0000000000000000e+00 -8.7663127835746722e-03 4.2253208410340304e-02 0.0000000000000000e+00 -7.9451875545147946e-03 3.9674471209354613e-02 0.0000000000000000e+00 -1.0131263767309003e-02 4.2951374186039358e-02 0.0000000000000000e+00 -1.1450059458223439e-02 4.3987665021845389e-02 0.0000000000000000e+00 -1.0299644924625633e-02 4.1239259366106014e-02 0.0000000000000000e+00 9.8188919357041615e-03 3.8557687416269297e-02 0.0000000000000000e+00 9.3468191945539434e-03 3.5815777401757662e-02 0.0000000000000000e+00 8.6705631992680336e-03 3.7828243471126573e-02 0.0000000000000000e+00 7.5298887657844950e-03 3.7184270430085875e-02 0.0000000000000000e+00 7.0921443754380746e-03 3.4650956117403479e-02 0.0000000000000000e+00 6.3633421250168737e-03 3.6657939042607404e-02 0.0000000000000000e+00 5.1611399183393095e-03 3.6245696689601106e-02 0.0000000000000000e+00 4.8390930485719113e-03 3.3741988065451700e-02 0.0000000000000000e+00 3.9257315428349177e-03 3.5930193940283357e-02 0.0000000000000000e+00 2.6644315800017958e-03 3.5709572616931133e-02 0.0000000000000000e+00 2.4958734099574413e-03 3.3195677305695358e-02 0.0000000000000000e+00 1.3860064461341853e-03 3.5575822094229673e-02 0.0000000000000000e+00 9.8934170482089558e-05 3.5529086276560345e-02 0.0000000000000000e+00 9.4119832501247082e-05 3.3009263960662873e-02 0.0000000000000000e+00 -1.1881793162638070e-03 3.5567839405822442e-02 0.0000000000000000e+00 -2.4667100684140249e-03 3.5692531094518108e-02 0.0000000000000000e+00 -2.3076271763337432e-03 3.3178695840806717e-02 0.0000000000000000e+00 -3.7282324048993364e-03 3.5906563253162840e-02 0.0000000000000000e+00 -4.9630362764898940e-03 3.6212138080790615e-02 0.0000000000000000e+00 -4.6512458406020220e-03 3.3708820165319647e-02 0.0000000000000000e+00 -6.1646019249250259e-03 3.6620576130156055e-02 0.0000000000000000e+00 -7.3268761760844330e-03 3.7137332559378886e-02 0.0000000000000000e+00 -6.9072420775976992e-03 3.4604071269166446e-02 0.0000000000000000e+00 -8.4627895979589741e-03 3.7776660496313695e-02 0.0000000000000000e+00 -9.6123404734585645e-03 3.8482383912331324e-02 0.0000000000000000e+00 -9.1552839029953870e-03 3.5734782129109341e-02 0.0000000000000000e+00 9.0328541674966206e-03 3.3104829067826358e-02 0.0000000000000000e+00 8.8182281028454743e-03 3.0434402744004548e-02 0.0000000000000000e+00 7.9042202711535232e-03 3.2624123287097954e-02 0.0000000000000000e+00 6.8029494684898138e-03 3.2114617223967273e-02 0.0000000000000000e+00 6.6030596496746861e-03 2.9575689033808888e-02 0.0000000000000000e+00 5.7080954645042604e-03 3.1650771126464819e-02 0.0000000000000000e+00 4.6071400576143491e-03 3.1251823568498725e-02 0.0000000000000000e+00 4.4418661365263285e-03 2.8762821590874624e-02 0.0000000000000000e+00 3.4934686373823583e-03 3.0935087307751727e-02 0.0000000000000000e+00 2.3670225784622259e-03 3.0705755239312779e-02 0.0000000000000000e+00 2.2717977710275542e-03 2.8225659591103104e-02 0.0000000000000000e+00 1.2305572890113766e-03 3.0565513817305073e-02 0.0000000000000000e+00 8.8845879031842589e-05 3.0516118237085305e-02 0.0000000000000000e+00 8.3984006876225705e-05 2.8035999155791646e-02 0.0000000000000000e+00 -1.0529478161033772e-03 3.0557276100139540e-02 0.0000000000000000e+00 -2.1892607188651290e-03 3.0688737322532408e-02 0.0000000000000000e+00 -2.1041817087328746e-03 2.8208414309220171e-02 0.0000000000000000e+00 -3.3157278705941585e-03 3.0910378624742722e-02 0.0000000000000000e+00 -4.4290405765416976e-03 3.1218509940838367e-02 0.0000000000000000e+00 -4.2759270308668704e-03 2.8728579675676134e-02 0.0000000000000000e+00 -5.5300227992585421e-03 3.1608848536282284e-02 0.0000000000000000e+00 -6.6253251557258398e-03 3.2064390455925240e-02 0.0000000000000000e+00 -6.4399542561924088e-03 2.9522642525249016e-02 0.0000000000000000e+00 -7.7299825554660723e-03 3.2559941091690699e-02 0.0000000000000000e+00 -8.8616719568648909e-03 3.3024070576792193e-02 0.0000000000000000e+00 -8.6523700942251862e-03 3.0353682007589797e-02 0.0000000000000000e+00 8.6542605475390562e-03 2.7808913085885956e-02 0.0000000000000000e+00 8.5168111812747062e-03 2.5227905425747588e-02 0.0000000000000000e+00 7.5503300521977713e-03 2.7448729925756803e-02 0.0000000000000000e+00 6.4635189202349097e-03 2.7036179048199282e-02 0.0000000000000000e+00 6.3436054556181426e-03 2.4499483898562709e-02 0.0000000000000000e+00 5.3887340815943832e-03 2.6633348220666625e-02 0.0000000000000000e+00 4.3223192766219084e-03 2.6267970972127266e-02 0.0000000000000000e+00 4.2197409161789396e-03 2.3765290817955947e-02 0.0000000000000000e+00 3.2597228834948420e-03 2.5968578219951535e-02 0.0000000000000000e+00 2.1990035935348391e-03 2.5745788038281411e-02 0.0000000000000000e+00 2.1360642927699242e-03 2.3261111475535189e-02 0.0000000000000000e+00 1.1387214510046111e-03 2.5608238870696905e-02 0.0000000000000000e+00 7.8628908297996339e-05 2.5559171555739064e-02 0.0000000000000000e+00 7.3453335382832972e-05 2.3079954290531307e-02 0.0000000000000000e+00 -9.8147669164260669e-04 2.5599538178584583e-02 0.0000000000000000e+00 -2.0415746172621823e-03 2.5728272153302752e-02 0.0000000000000000e+00 -1.9893944432473206e-03 2.3243299057258689e-02 0.0000000000000000e+00 -3.1023103692633066e-03 2.5942076176196652e-02 0.0000000000000000e+00 -4.1648664832047060e-03 2.6232485901628962e-02 0.0000000000000000e+00 -4.0741328532697347e-03 2.3728636249071809e-02 0.0000000000000000e+00 -5.2321399282361444e-03 2.6587793750335938e-02 0.0000000000000000e+00 -6.3076526396217275e-03 2.6980690458045790e-02 0.0000000000000000e+00 -6.1995283072091532e-03 2.4442092032039758e-02 0.0000000000000000e+00 -7.3973271268922332e-03 2.7381297758770282e-02 0.0000000000000000e+00 -8.5031319923876327e-03 2.7729566517496768e-02 0.0000000000000000e+00 -8.3697637792857441e-03 2.5149319520332090e-02 0.0000000000000000e+00 8.3679580277348006e-03 2.2690054848691271e-02 0.0000000000000000e+00 8.1899086718958663e-03 2.0189964424392831e-02 0.0000000000000000e+00 7.2910992816279507e-03 2.2349008349400019e-02 0.0000000000000000e+00 6.2195617067521154e-03 2.1965982168958856e-02 0.0000000000000000e+00 6.0589881233392697e-03 1.9436300923676902e-02 0.0000000000000000e+00 5.1593353727614850e-03 2.1592114627388914e-02 0.0000000000000000e+00 4.1147585393021754e-03 2.1254580160679722e-02 0.0000000000000000e+00 3.9816121615386469e-03 1.8738862491259528e-02 0.0000000000000000e+00 3.0860506795603220e-03 2.0977257676499435e-02 0.0000000000000000e+00 2.0713646045544300e-03 2.0771057239905501e-02 0.0000000000000000e+00 1.9923811596344152e-03 1.8279299538891826e-02 0.0000000000000000e+00 1.0668773603411156e-03 2.0643534386756434e-02 0.0000000000000000e+00 6.7865149590573112e-05 2.0597835091207280e-02 0.0000000000000000e+00 6.2385634933113539e-05 1.8116647864063053e-02 0.0000000000000000e+00 -9.3103259506350838e-04 2.0634694749502303e-02 0.0000000000000000e+00 -1.9350432099885415e-03 2.0753161452530051e-02 0.0000000000000000e+00 -1.8670251359261419e-03 1.8261754582871482e-02 0.0000000000000000e+00 -2.9492370104387986e-03 2.0950025036230953e-02 0.0000000000000000e+00 -3.9772942765858273e-03 2.1217126309653785e-02 0.0000000000000000e+00 -3.8552394775992951e-03 1.8701282187246246e-02 0.0000000000000000e+00 -5.0219689341600435e-03 2.1544735896971309e-02 0.0000000000000000e+00 -6.0821551816551004e-03 2.1907195292113154e-02 0.0000000000000000e+00 -5.9322012849429007e-03 1.9376215621381025e-02 0.0000000000000000e+00 -7.1555136133025325e-03 2.2280807135102870e-02 0.0000000000000000e+00 -8.2337761040108138e-03 2.2611908185395043e-02 0.0000000000000000e+00 -8.0596172155754046e-03 2.0112098922308176e-02 0.0000000000000000e+00 7.9433952961249828e-03 1.7722853018371804e-02 0.0000000000000000e+00 7.6056261408736529e-03 1.5277328576964382e-02 0.0000000000000000e+00 6.8887709417843231e-03 1.7317191782724166e-02 0.0000000000000000e+00 5.8360910846752658e-03 1.6908093045740244e-02 0.0000000000000000e+00 5.5154953461882331e-03 1.4380690381134972e-02 0.0000000000000000e+00 4.8031471496224366e-03 1.6537109857265402e-02 0.0000000000000000e+00 3.8000158168927317e-03 1.6222731158017617e-02 0.0000000000000000e+00 3.5467340961569090e-03 1.3714499001183870e-02 0.0000000000000000e+00 2.8294130349029827e-03 1.5973712344923018e-02 0.0000000000000000e+00 1.8873533053200154e-03 1.5793964013708684e-02 0.0000000000000000e+00 1.7463861426620236e-03 1.3327087388817762e-02 0.0000000000000000e+00 9.6614213856613949e-04 1.5684426263982049e-02 0.0000000000000000e+00 5.6067416063427719e-05 1.5645333847920422e-02 0.0000000000000000e+00 5.0019875694523252e-05 1.3196689239099607e-02 0.0000000000000000e+00 -8.5367320366282532e-04 1.5676138635277000e-02 0.0000000000000000e+00 -1.7737137797228242e-03 1.5777305777041943e-02 0.0000000000000000e+00 -1.6442316661429981e-03 1.3312148904301499e-02 0.0000000000000000e+00 -2.7140462925399687e-03 1.5947590672295960e-02 0.0000000000000000e+00 -3.6823531050417390e-03 1.6186054293511727e-02 0.0000000000000000e+00 -3.4393428540587588e-03 1.3680350792007552e-02 0.0000000000000000e+00 -4.6832162458567052e-03 1.6489952359437971e-02 0.0000000000000000e+00 -5.7143876883290626e-03 1.6847267892397697e-02 0.0000000000000000e+00 -5.4037254480628219e-03 1.4319504495029986e-02 0.0000000000000000e+00 -6.7674667086568031e-03 1.7247726383784072e-02 0.0000000000000000e+00 -7.8232744881431768e-03 1.7643711964234473e-02 0.0000000000000000e+00 -7.4879866951482969e-03 1.5196377263032707e-02 0.0000000000000000e+00 7.1241115481092201e-03 1.2841536810596438e-02 0.0000000000000000e+00 6.4544683699248335e-03 1.0391034599251470e-02 0.0000000000000000e+00 6.0825874164321106e-03 1.2302725458868766e-02 0.0000000000000000e+00 5.0637524795629782e-03 1.1851665913037181e-02 0.0000000000000000e+00 4.4388942563545640e-03 9.3274665813408222e-03 0.0000000000000000e+00 4.1010567177018238e-03 1.1495776547493879e-02 0.0000000000000000e+00 3.2003078258897649e-03 1.1227269692857035e-02 0.0000000000000000e+00 2.7457311051254595e-03 8.7798716544710328e-03 0.0000000000000000e+00 2.3569793924348749e-03 1.1031012646750632e-02 0.0000000000000000e+00 1.5595457487950952e-03 1.0895658688355066e-02 0.0000000000000000e+00 1.3227136498263445e-03 8.5198025725186782e-03 0.0000000000000000e+00 7.9301193504041471e-04 1.0816176187599093e-02 0.0000000000000000e+00 4.2595064506905617e-05 1.0787907030080342e-02 0.0000000000000000e+00 3.5298276267890068e-05 8.4383638479167151e-03 0.0000000000000000e+00 -7.0727121809928894e-04 1.0809571903331818e-02 0.0000000000000000e+00 -1.4718849654308357e-03 1.0883190552083725e-02 0.0000000000000000e+00 -1.2487058604176700e-03 8.5103586791862185e-03 0.0000000000000000e+00 -2.2662017735508161e-03 1.1009164117967745e-02 0.0000000000000000e+00 -3.1047275407146465e-03 1.1197564794270554e-02 0.0000000000000000e+00 -2.6601093667104202e-03 8.7571956988129439e-03 0.0000000000000000e+00 -3.9991599548654753e-03 1.1452683999469688e-02 0.0000000000000000e+00 -4.9555730643893762e-03 1.1793075043838147e-02 0.0000000000000000e+00 -4.3382385053160185e-03 9.2747069738218814e-03 0.0000000000000000e+00 -5.9678064040780566e-03 1.2230427329342649e-02 0.0000000000000000e+00 -7.0088518303877897e-03 1.2754543245170429e-02 0.0000000000000000e+00 -6.3380239609881423e-03 1.0294816747284587e-02 0.0000000000000000e+00 5.5061742926565483e-03 7.8956797422569756e-03 0.0000000000000000e+00 4.1634032030274026e-03 5.3072304395362204e-03 0.0000000000000000e+00 4.4983396184132916e-03 7.2291605138044479e-03 0.0000000000000000e+00 3.6069162449940970e-03 6.8240002549455250e-03 0.0000000000000000e+00 2.5451425072333242e-03 4.3744324362383954e-03 0.0000000000000000e+00 2.8385597716099839e-03 6.5677228752116998e-03 0.0000000000000000e+00 2.1736568665265848e-03 6.4007690705905063e-03 0.0000000000000000e+00 1.4957521748731010e-03 4.1252577917682163e-03 0.0000000000000000e+00 1.5804916033457801e-03 6.2935933627262805e-03 0.0000000000000000e+00 1.0371190692113029e-03 6.2224746589035667e-03 0.0000000000000000e+00 7.0854458783045800e-04 4.0268460510796151e-03 0.0000000000000000e+00 5.2451580784770716e-04 6.1828708017624846e-03 0.0000000000000000e+00 2.7124094526204064e-05 6.1685819789856775e-03 0.0000000000000000e+00 1.8209690001407364e-05 3.9974104171894044e-03 0.0000000000000000e+00 -4.6958619456676355e-04 6.1792118384121908e-03 0.0000000000000000e+00 -9.8045401297277061e-04 6.2166471859957948e-03 0.0000000000000000e+00 -6.6975195065316676e-04 4.0231779631602219e-03 0.0000000000000000e+00 -1.5204441701528117e-03 6.2813060995630804e-03 0.0000000000000000e+00 -2.1082522849352101e-03 6.3870334155305096e-03 0.0000000000000000e+00 -1.4470060539259534e-03 4.1180135135632893e-03 0.0000000000000000e+00 -2.7640128438285077e-03 6.5386655284307800e-03 0.0000000000000000e+00 -3.5139398883545464e-03 6.7844126274831332e-03 0.0000000000000000e+00 -2.4565201741826993e-03 4.3651843572312058e-03 0.0000000000000000e+00 -4.3825246272868341e-03 7.1542305471686595e-03 0.0000000000000000e+00 -5.3748476564269530e-03 7.7874106699745375e-03 0.0000000000000000e+00 -4.0521097746698612e-03 5.1975449766968008e-03 0.0000000000000000e+00 2.2056664145186566e-03 2.5105995984562087e-03 0.0000000000000000e+00 1.6528299551129802e-03 2.2039190347455133e-03 0.0000000000000000e+00 1.2817469382037032e-03 2.0788093422129806e-03 0.0000000000000000e+00 9.9416189683798465e-04 2.0218475790461216e-03 0.0000000000000000e+00 7.5505807490685976e-04 1.9853997654874049e-03 0.0000000000000000e+00 5.4645464605998474e-04 1.9640154027441687e-03 0.0000000000000000e+00 3.5762771040144206e-04 1.9494874567921583e-03 0.0000000000000000e+00 1.8085351184803691e-04 1.9417463288682341e-03 0.0000000000000000e+00 9.8797140254418827e-06 1.9387401981877193e-03 0.0000000000000000e+00 -1.6066178345275662e-04 1.9407226482110601e-03 0.0000000000000000e+00 -3.3673749155195608e-04 1.9480954345781954e-03 0.0000000000000000e+00 -5.2389259441560699e-04 1.9608132570684699e-03 0.0000000000000000e+00 -7.3137708487208913e-04 1.9837465904665344e-03 0.0000000000000000e+00 -9.6917613977413745e-04 2.0172190023869212e-03 0.0000000000000000e+00 -1.2618230089188661e-03 2.0863817846565025e-03 0.0000000000000000e+00 -1.6445960810469692e-03 2.2028635015159531e-03 0.0000000000000000e+00 -2.2061322625818265e-03 2.5379274484054661e-03 0.0000000000000000e+00 1.6192243751304815e-02 5.6961745477473485e-02 0.0000000000000000e+00 1.0961448481367920e-02 5.4809403633984011e-02 0.0000000000000000e+00 6.4417740802472255e-03 5.3802214687654400e-02 0.0000000000000000e+00 2.2013958244440648e-03 5.3391504990941148e-02 0.0000000000000000e+00 -1.9733701537487914e-03 5.3388206182685520e-02 0.0000000000000000e+00 -6.2095470370500516e-03 5.3790537115397927e-02 0.0000000000000000e+00 -1.0709612980977485e-02 5.4781084207610332e-02 0.0000000000000000e+00 -1.6123361501434272e-02 5.6970891021600710e-02 0.0000000000000000e+00 2.0318989883318615e-02 6.9284914838596431e-02 0.0000000000000000e+00 1.4010976724681060e-02 6.6677512669280500e-02 0.0000000000000000e+00 8.1663808214084629e-03 6.5133289644650039e-02 0.0000000000000000e+00 2.7476065672361345e-03 6.4463664364099477e-02 0.0000000000000000e+00 -2.5170315120582065e-03 6.4458298095850616e-02 0.0000000000000000e+00 -7.9401316057311697e-03 6.5119230119994001e-02 0.0000000000000000e+00 -1.3881543927025048e-02 6.6711246662250742e-02 0.0000000000000000e+00 -2.0234249512671051e-02 6.9414027873511988e-02 0.0000000000000000e+00 2.3077833690122049e-02 8.1493463002098906e-02 0.0000000000000000e+00 1.6515814331257289e-02 7.9284676033250220e-02 0.0000000000000000e+00 9.8437398767739232e-03 7.7616412245804123e-02 0.0000000000000000e+00 3.3244435466097295e-03 7.6754187898721335e-02 0.0000000000000000e+00 -3.1129211399121095e-03 7.6754859408032436e-02 0.0000000000000000e+00 -9.6842874455877366e-03 7.7647530750083266e-02 0.0000000000000000e+00 -1.6397337274059596e-02 7.9374296709139924e-02 0.0000000000000000e+00 -2.2910501910209064e-02 8.1562496867006312e-02 0.0000000000000000e+00 2.4802038391163402e-02 9.3723033251797275e-02 0.0000000000000000e+00 1.8100030343426186e-02 9.2145279956658069e-02 0.0000000000000000e+00 1.1010698559264745e-02 9.0798413685975965e-02 0.0000000000000000e+00 3.7404315021765679e-03 9.0023958403417231e-02 0.0000000000000000e+00 -3.5853888592631005e-03 9.0047338732391735e-02 0.0000000000000000e+00 -1.0872600095643708e-02 9.0864294200218035e-02 0.0000000000000000e+00 -1.7946210166316881e-02 9.2216275729406980e-02 0.0000000000000000e+00 -2.4626930788911046e-02 9.3772333335263733e-02 0.0000000000000000e+00 2.5785873825192974e-02 1.0617251631181530e-01 0.0000000000000000e+00 1.8887012562544700e-02 1.0518603216896341e-01 0.0000000000000000e+00 1.1563574345223033e-02 1.0432260339828699e-01 0.0000000000000000e+00 3.9278869039112273e-03 1.0381326651686586e-01 0.0000000000000000e+00 -3.8151109054894270e-03 1.0383842302916836e-01 0.0000000000000000e+00 -1.1429096051386266e-02 1.0437696204490522e-01 0.0000000000000000e+00 -1.8727759859620809e-02 1.0523965448743525e-01 0.0000000000000000e+00 -2.5623426217502195e-02 1.0622700067459417e-01 0.0000000000000000e+00 2.6223027085157970e-02 1.1890928329676277e-01 0.0000000000000000e+00 1.9127904307752807e-02 1.1840148226405958e-01 0.0000000000000000e+00 1.1680944372614558e-02 1.1796783110252886e-01 0.0000000000000000e+00 3.9585888858702277e-03 1.1771646412204806e-01 0.0000000000000000e+00 -3.8600043017945453e-03 1.1772829735430451e-01 0.0000000000000000e+00 -1.1560387803706419e-02 1.1799770528714369e-01 0.0000000000000000e+00 -1.8987550552693910e-02 1.1844491991490821e-01 0.0000000000000000e+00 -2.6077678890488391e-02 1.1896837998959425e-01 0.0000000000000000e+00 2.6295067436437062e-02 1.3190118655249233e-01 0.0000000000000000e+00 1.9067617631387090e-02 1.3173489128608865e-01 0.0000000000000000e+00 1.1590340146117270e-02 1.3160027450972026e-01 0.0000000000000000e+00 3.9186588996305786e-03 1.3152675023805563e-01 0.0000000000000000e+00 -3.8239699236852749e-03 1.3152996753588903e-01 0.0000000000000000e+00 -1.1486867451659838e-02 1.3161435644644581e-01 0.0000000000000000e+00 -1.8953232860413789e-02 1.3176826695517260e-01 0.0000000000000000e+00 -2.6172709119603621e-02 1.3195861941940004e-01 0.0000000000000000e+00 2.6177707080580911e-02 1.4506350056303849e-01 0.0000000000000000e+00 1.8893209101365431e-02 1.4510934532267111e-01 0.0000000000000000e+00 1.1441309152552596e-02 1.4516100404593799e-01 0.0000000000000000e+00 3.8599036705882083e-03 1.4519731802084601e-01 0.0000000000000000e+00 -3.7701754309684291e-03 1.4519830814549442e-01 0.0000000000000000e+00 -1.1351783727082100e-02 1.4516965056402600e-01 0.0000000000000000e+00 -1.8802745509882333e-02 1.4513640193749783e-01 0.0000000000000000e+00 -2.6084508008716079e-02 1.4511679059298146e-01 0.0000000000000000e+00 1.6500657001052511e-02 5.2641592983762898e-02 0.0000000000000000e+00 1.9295016681234994e-02 5.8754859618129221e-02 0.0000000000000000e+00 1.3935883201647922e-02 5.1098691304800652e-02 0.0000000000000000e+00 1.1640257199828499e-02 5.0150907925586741e-02 0.0000000000000000e+00 1.3471148044766616e-02 5.5747238985296307e-02 0.0000000000000000e+00 9.5566424014070818e-03 4.9451825459470147e-02 0.0000000000000000e+00 7.5985481369903679e-03 4.8974218232335574e-02 0.0000000000000000e+00 8.6444061583673352e-03 5.4233179772883437e-02 0.0000000000000000e+00 5.6924294947830372e-03 4.8642337577697051e-02 0.0000000000000000e+00 3.8238497590425374e-03 4.8414796225689713e-02 0.0000000000000000e+00 4.3004171955252166e-03 5.3543555995464447e-02 0.0000000000000000e+00 1.9638000750859660e-03 4.8289564580742537e-02 0.0000000000000000e+00 1.1068238029745453e-04 4.8242808663832459e-02 0.0000000000000000e+00 1.1144319591615969e-04 5.3341733202101817e-02 0.0000000000000000e+00 -1.7444575988013954e-03 4.8283889256763739e-02 0.0000000000000000e+00 -3.6028661640556841e-03 4.8405896955147930e-02 0.0000000000000000e+00 -4.0771301146919270e-03 5.3533032447630045e-02 0.0000000000000000e+00 -5.4757751081090118e-03 4.8622866412645696e-02 0.0000000000000000e+00 -7.3704144839092742e-03 4.8942932576665203e-02 0.0000000000000000e+00 -8.4073736689766546e-03 5.4190015765241108e-02 0.0000000000000000e+00 -9.3252805453672080e-03 4.9399920438955081e-02 0.0000000000000000e+00 -1.1366716572282162e-02 5.0024293027715841e-02 0.0000000000000000e+00 -1.3237660414263004e-02 5.5631476428432192e-02 0.0000000000000000e+00 -1.3610700378775072e-02 5.0953991616506419e-02 0.0000000000000000e+00 -1.6173379424632310e-02 5.2428886242490008e-02 0.0000000000000000e+00 -1.9365112916325804e-02 5.8949129446022951e-02 0.0000000000000000e+00 2.1561900118579738e-02 6.4852296002611484e-02 0.0000000000000000e+00 2.3443486067180667e-02 7.0838213863203242e-02 0.0000000000000000e+00 1.8438197908851518e-02 6.3089717483491153e-02 0.0000000000000000e+00 1.5401662303254212e-02 6.1695330209294047e-02 0.0000000000000000e+00 1.7140616762100977e-02 6.7838247143080024e-02 0.0000000000000000e+00 1.2536803374021365e-02 6.0606778336453213e-02 0.0000000000000000e+00 9.8412992597260197e-03 5.9858037205294375e-02 0.0000000000000000e+00 1.1032886688775445e-02 6.5797215166520567e-02 0.0000000000000000e+00 7.2901184081508802e-03 5.9313082944347173e-02 0.0000000000000000e+00 4.8454685714054441e-03 5.8975291126892863e-02 0.0000000000000000e+00 5.4211564182946254e-03 6.4721148470764309e-02 0.0000000000000000e+00 2.4608017399380959e-03 5.8779707623893875e-02 0.0000000000000000e+00 1.1230936503747354e-04 5.8714970284515063e-02 0.0000000000000000e+00 1.1315796256081480e-04 6.4389334683833982e-02 0.0000000000000000e+00 -2.2375384122321502e-03 5.8773115010612019e-02 0.0000000000000000e+00 -4.6102746298563174e-03 5.8952837666971500e-02 0.0000000000000000e+00 -5.1890766400809335e-03 6.4693409487676712e-02 0.0000000000000000e+00 -7.0451559173027988e-03 5.9284037926575515e-02 0.0000000000000000e+00 -9.5832383792602595e-03 5.9795547433623246e-02 0.0000000000000000e+00 -1.0824116673524856e-02 6.5765172701792260e-02 0.0000000000000000e+00 -1.2286634079448395e-02 6.0572233103296680e-02 0.0000000000000000e+00 -1.5243486392446683e-02 6.1710500948072358e-02 0.0000000000000000e+00 -1.7054130610634457e-02 6.7963201336758677e-02 0.0000000000000000e+00 -1.8431529122802590e-02 6.3254926765051664e-02 0.0000000000000000e+00 -2.1595018158788934e-02 6.5025868417091640e-02 0.0000000000000000e+00 -2.3349758502471236e-02 7.0944939646079133e-02 0.0000000000000000e+00 2.4927060227087492e-02 7.6756454845410660e-02 0.0000000000000000e+00 2.6157407867953796e-02 8.2646618731591640e-02 0.0000000000000000e+00 2.1825328221877591e-02 7.5392130686483011e-02 0.0000000000000000e+00 1.8612681619229139e-02 7.4069749979241262e-02 0.0000000000000000e+00 1.9835043178621392e-02 8.0327235517465900e-02 0.0000000000000000e+00 1.5377594522818415e-02 7.2923472909756593e-02 0.0000000000000000e+00 1.2180444127297289e-02 7.1988541840540418e-02 0.0000000000000000e+00 1.3173684173156314e-02 7.8352988405458110e-02 0.0000000000000000e+00 9.0618048121705406e-03 7.1260908637255690e-02 0.0000000000000000e+00 6.0243068185435230e-03 7.0771001590446039e-02 0.0000000000000000e+00 6.5680261880004540e-03 7.7085406501033155e-02 0.0000000000000000e+00 3.0528423461653876e-03 7.0468660979606093e-02 0.0000000000000000e+00 1.1977487936354905e-04 7.0372195731426265e-02 0.0000000000000000e+00 1.1110327553398155e-04 7.6652011565128839e-02 0.0000000000000000e+00 -2.8157827895567006e-03 7.0459368951216392e-02 0.0000000000000000e+00 -5.7920882566188025e-03 7.0749920227545393e-02 0.0000000000000000e+00 -6.3693203761677492e-03 7.7089908390200967e-02 0.0000000000000000e+00 -8.8481709855037852e-03 7.1260174071207577e-02 0.0000000000000000e+00 -1.2014190306268437e-02 7.2019311612355780e-02 0.0000000000000000e+00 -1.3039277301175357e-02 7.8429389334418662e-02 0.0000000000000000e+00 -1.5266462906302031e-02 7.3014352150379505e-02 0.0000000000000000e+00 -1.8526824931936744e-02 7.4200581933150350e-02 0.0000000000000000e+00 -1.9709560620006870e-02 8.0443528448498655e-02 0.0000000000000000e+00 -2.1724937332113579e-02 7.5504051240568790e-02 0.0000000000000000e+00 -2.4792548395059386e-02 7.6820568545449941e-02 0.0000000000000000e+00 -2.5990028782505080e-02 8.2689850534668652e-02 0.0000000000000000e+00 2.7155340641183592e-02 8.8553117802366813e-02 0.0000000000000000e+00 2.7956454133402035e-02 9.4516869737571410e-02 0.0000000000000000e+00 2.4034169514364247e-02 8.7590191736731576e-02 0.0000000000000000e+00 2.0774057781344023e-02 8.6607341299582682e-02 0.0000000000000000e+00 2.1505898636819558e-02 9.2916414768931879e-02 0.0000000000000000e+00 1.7409990843528657e-02 8.5686021449856556e-02 0.0000000000000000e+00 1.3973867506382905e-02 8.4840663117677864e-02 0.0000000000000000e+00 1.4588850853670185e-02 9.1409508616994553e-02 0.0000000000000000e+00 1.0509048281198604e-02 8.4141480591143403e-02 0.0000000000000000e+00 7.0357935419519749e-03 8.3620197798684875e-02 0.0000000000000000e+00 7.3908193764973002e-03 9.0316723344082514e-02 0.0000000000000000e+00 3.5699105650486684e-03 8.3293081937175467e-02 0.0000000000000000e+00 1.0438145840638973e-04 8.3193370732588368e-02 0.0000000000000000e+00 8.3793537951654687e-05 8.9932424916318102e-02 0.0000000000000000e+00 -3.3679891572664118e-03 8.3307884273191274e-02 0.0000000000000000e+00 -6.8584707798805345e-03 8.3656872975703706e-02 0.0000000000000000e+00 -7.2410187360797216e-03 9.0374333963096784e-02 0.0000000000000000e+00 -1.0360888555176256e-02 8.4205105995674184e-02 0.0000000000000000e+00 -1.3846534232125873e-02 8.4931356375773592e-02 0.0000000000000000e+00 -1.4450467924773554e-02 9.1500740549381232e-02 0.0000000000000000e+00 -1.7286144496733206e-02 8.5778306894833609e-02 0.0000000000000000e+00 -2.0634569172297355e-02 8.6694255909963408e-02 0.0000000000000000e+00 -2.1344710080530526e-02 9.2985623600808753e-02 0.0000000000000000e+00 -2.3871763976199101e-02 8.7644955799342283e-02 0.0000000000000000e+00 -2.6983031327641960e-02 8.8598352751263459e-02 0.0000000000000000e+00 -2.7790166888396424e-02 9.4564146690143874e-02 0.0000000000000000e+00 2.8591825451213818e-02 1.0054969142184154e-01 0.0000000000000000e+00 2.9067747301610585e-02 1.0666789044081314e-01 0.0000000000000000e+00 2.5370010675333642e-02 9.9914310827465116e-02 0.0000000000000000e+00 2.2027474768890810e-02 9.9266789727088814e-02 0.0000000000000000e+00 2.2389496945289990e-02 1.0567293750461748e-01 0.0000000000000000e+00 1.8569643521130670e-02 9.8640527591299473e-02 0.0000000000000000e+00 1.5003753716276992e-02 9.8040978705364171e-02 0.0000000000000000e+00 1.5271536909988653e-02 1.0471881210569241e-01 0.0000000000000000e+00 1.1351873177271630e-02 9.7529720505002512e-02 0.0000000000000000e+00 7.6290025411464152e-03 9.7128090509227091e-02 0.0000000000000000e+00 7.7737504355049197e-03 1.0400251935101965e-01 0.0000000000000000e+00 3.8626819531909799e-03 9.6880316738174183e-02 0.0000000000000000e+00 6.9134277092920514e-05 9.6808565831114704e-02 0.0000000000000000e+00 5.6675320688900953e-05 1.0375369186695030e-01 0.0000000000000000e+00 -3.7249117164017786e-03 9.6911359563579463e-02 0.0000000000000000e+00 -7.4953616576248243e-03 9.7188537697200636e-02 0.0000000000000000e+00 -7.6508920425282425e-03 1.0405542189684985e-01 0.0000000000000000e+00 -1.1217112704121445e-02 9.7599972243915881e-02 0.0000000000000000e+00 -1.4862810481962762e-02 9.8119924051280338e-02 0.0000000000000000e+00 -1.5125433070734173e-02 1.0478402787554654e-01 0.0000000000000000e+00 -1.8417102777497224e-02 9.8704914249327494e-02 0.0000000000000000e+00 -2.1865446364440950e-02 9.9327681572701401e-02 0.0000000000000000e+00 -2.2228415775844879e-02 1.0572917527281571e-01 0.0000000000000000e+00 -2.5203698630188971e-02 9.9965370109852514e-02 0.0000000000000000e+00 -2.8426436502858383e-02 1.0060486544844936e-01 0.0000000000000000e+00 -2.8913587095785134e-02 1.0672804877947055e-01 0.0000000000000000e+00 2.9412983234580983e-02 1.1287332586431037e-01 0.0000000000000000e+00 2.9636231945636617e-02 1.1916531129110466e-01 0.0000000000000000e+00 2.6060699605660605e-02 1.1250581890212112e-01 0.0000000000000000e+00 2.2608918546099002e-02 1.1213404254102387e-01 0.0000000000000000e+00 2.2719497456283839e-02 1.1865165352307107e-01 0.0000000000000000e+00 1.9055863373533169e-02 1.1177395615337980e-01 0.0000000000000000e+00 1.5402004625076888e-02 1.1143093128406421e-01 0.0000000000000000e+00 1.5444636054940565e-02 1.1816658608456904e-01 0.0000000000000000e+00 1.1657045362127912e-02 1.1113855287545477e-01 0.0000000000000000e+00 7.8327555556776916e-03 1.1090609693436977e-01 0.0000000000000000e+00 7.8438660190876565e-03 1.1780900315657901e-01 0.0000000000000000e+00 3.9548416550553474e-03 1.1076635699302277e-01 0.0000000000000000e+00 4.8461228017533378e-05 1.1072387350077738e-01 0.0000000000000000e+00 4.7355960547992311e-05 1.1768452221890736e-01 0.0000000000000000e+00 -3.8532331260553118e-03 1.1078593789688632e-01 0.0000000000000000e+00 -7.7218812289388200e-03 1.1094443878468084e-01 0.0000000000000000e+00 -7.7362301231658440e-03 1.1783316163612091e-01 0.0000000000000000e+00 -1.1531320944710292e-02 1.1118193070222861e-01 0.0000000000000000e+00 -1.5263506475849217e-02 1.1148268331911605e-01 0.0000000000000000e+00 -1.5313426419255032e-02 1.1820536847245715e-01 0.0000000000000000e+00 -1.8906699951246695e-02 1.1182326717569324e-01 0.0000000000000000e+00 -2.2454735945784104e-02 1.1218934348699949e-01 0.0000000000000000e+00 -2.2575859776189585e-02 1.1870378048073815e-01 0.0000000000000000e+00 -2.5906253537676976e-02 1.1256408823084969e-01 0.0000000000000000e+00 -2.9259320287575205e-02 1.1293836752954875e-01 0.0000000000000000e+00 -2.9496115647772599e-02 1.1923322211406329e-01 0.0000000000000000e+00 2.9764995999414848e-02 1.2553947266512622e-01 0.0000000000000000e+00 2.9813446338214002e-02 1.3198453702070698e-01 0.0000000000000000e+00 2.6292922959840582e-02 1.2537833056689834e-01 0.0000000000000000e+00 2.2745546817526132e-02 1.2521528455926650e-01 0.0000000000000000e+00 2.2713064319646630e-02 1.3181680941183024e-01 0.0000000000000000e+00 1.9120592476599738e-02 1.2505866655938783e-01 0.0000000000000000e+00 1.5419346396187601e-02 1.2491264940876036e-01 0.0000000000000000e+00 1.5357611718938340e-02 1.3166122661218813e-01 0.0000000000000000e+00 1.1647229541329998e-02 1.2479076609232376e-01 0.0000000000000000e+00 7.8149371455721681e-03 1.2469406558103388e-01 0.0000000000000000e+00 7.7712549166001326e-03 1.3155309661185963e-01 0.0000000000000000e+00 3.9403915322068677e-03 1.2463778050503865e-01 0.0000000000000000e+00 4.4175099008550073e-05 1.2461795782293257e-01 0.0000000000000000e+00 4.5874627612178063e-05 1.3151572165829617e-01 0.0000000000000000e+00 -3.8484459282390180e-03 1.2464386280222825e-01 0.0000000000000000e+00 -7.7163615394140826e-03 1.2470810204770003e-01 0.0000000000000000e+00 -7.6740059637215568e-03 1.3155986668793312e-01 0.0000000000000000e+00 -1.1538157651853332e-02 1.2481027910091104e-01 0.0000000000000000e+00 -1.5301086904911705e-02 1.2494212891910256e-01 0.0000000000000000e+00 -1.5248958188816998e-02 1.3168243743996835e-01 0.0000000000000000e+00 -1.8994058934259438e-02 1.2509633054606173e-01 0.0000000000000000e+00 -2.2613482619613566e-02 1.2526419808705863e-01 0.0000000000000000e+00 -2.2594464900360350e-02 1.3186064752032065e-01 0.0000000000000000e+00 -2.6157924654226460e-02 1.2543785858857193e-01 0.0000000000000000e+00 -2.9627827435138636e-02 1.2560854181527950e-01 0.0000000000000000e+00 -2.9693507672968397e-02 1.3205357910688023e-01 0.0000000000000000e+00 2.9806934029904093e-02 1.3849085677568015e-01 0.0000000000000000e+00 2.9760244059460362e-02 1.4504240381762276e-01 0.0000000000000000e+00 2.6250258383326626e-02 1.3846752992286832e-01 0.0000000000000000e+00 2.2644212909824209e-02 1.3844364020913988e-01 0.0000000000000000e+00 2.2556675908527498e-02 1.4508649823083397e-01 0.0000000000000000e+00 1.8985534404524326e-02 1.3842133447651944e-01 0.0000000000000000e+00 1.5275244642830005e-02 1.3840300529065863e-01 0.0000000000000000e+00 1.5186781095618615e-02 1.4513563588020245e-01 0.0000000000000000e+00 1.1516067928210930e-02 1.3839091107051948e-01 0.0000000000000000e+00 7.7163713480464975e-03 1.3838155686598147e-01 0.0000000000000000e+00 7.6616119459710494e-03 1.4518219287026121e-01 0.0000000000000000e+00 3.8875344948876077e-03 1.3837860315399231e-01 0.0000000000000000e+00 4.3632142092076005e-05 1.3837570901249074e-01 0.0000000000000000e+00 4.3923079005723546e-05 1.4520113449916933e-01 0.0000000000000000e+00 -3.7990128172281606e-03 1.3837965538315763e-01 0.0000000000000000e+00 -7.6260426044930446e-03 1.3838546497223397e-01 0.0000000000000000e+00 -7.5735086313158508e-03 1.4518450212881290e-01 0.0000000000000000e+00 -1.1422157581774350e-02 1.3840002841762997e-01 0.0000000000000000e+00 -1.5177988399076792e-02 1.3842012940361245e-01 0.0000000000000000e+00 -1.5097418341520976e-02 1.4515009509818458e-01 0.0000000000000000e+00 -1.8884375962568554e-02 1.3844940389514701e-01 0.0000000000000000e+00 -2.2539247766481325e-02 1.3848320684480331e-01 0.0000000000000000e+00 -2.2465144999494108e-02 1.4512274140189468e-01 0.0000000000000000e+00 -2.6141815821184928e-02 1.3852268284340083e-01 0.0000000000000000e+00 -2.9694859688282015e-02 1.3855859085672140e-01 0.0000000000000000e+00 -2.9668222419427723e-02 1.4510855968065398e-01 0.0000000000000000e+00 2.9691739457563347e-02 1.5162666516863960e-01 0.0000000000000000e+00 2.6094312980604672e-02 1.5167875117278068e-01 0.0000000000000000e+00 2.2464910381682475e-02 1.5173707685557619e-01 0.0000000000000000e+00 1.8799175119868027e-02 1.5179597013518276e-01 0.0000000000000000e+00 1.5098639996594009e-02 1.5185680936638260e-01 0.0000000000000000e+00 1.1365308229365897e-02 1.5191211758626522e-01 0.0000000000000000e+00 7.6068568939273934e-03 1.5195593527170406e-01 0.0000000000000000e+00 3.8291096344448411e-03 1.5198631745873184e-01 0.0000000000000000e+00 4.2227551744183071e-05 1.5199439670122053e-01 0.0000000000000000e+00 -3.7453019557580143e-03 1.5198788278915396e-01 0.0000000000000000e+00 -7.5237316496427498e-03 1.5195849615596910e-01 0.0000000000000000e+00 -1.1283460727341314e-02 1.5192151317420577e-01 0.0000000000000000e+00 -1.5017872074626053e-02 1.5187092449633444e-01 0.0000000000000000e+00 -1.8719087048227220e-02 1.5182273734372562e-01 0.0000000000000000e+00 -2.2386085625364559e-02 1.5177255294491968e-01 0.0000000000000000e+00 -2.6016560950442490e-02 1.5173126523090330e-01 0.0000000000000000e+00 -2.9615443986334967e-02 1.5169232674608890e-01 0.0000000000000000e+00
</DataArray>
        <DataArray type="Float64" format="ascii" Name="ux">
9.0341447976396533e-16 3.8682289896909691e-14 -3.3151641632343957e-02 3.3195125626544517e-02 -1.4919451521953892e-02 1.5419143198763256e-02 8.0910145521523554e-15 -4.6265353907572265e-15 -1.9053499714380183e-14 -7.6993961564011120e-15 -4.1578652494231967e-15 -2.3324090909350281e-14 -3.1748155966819546e-14 1.0564281967461780e-13 -1.2324863621801394e-13 2.2697312989987570e-13 -9.2309786560670343e-14 -1.0531785811411806e-14 1.5462256464036161e-12 -8.5950287273261258e-15 -5.5755258475786897e-13 -5.5715860274699718e-15 1.4612339388606664e-13 -5.1484637180763968e-03 -7.3745512799212667e-03 -8.5134721030665234e-03 -9.1118875918267082e-03 -9.4643066522684619e-03 -9.7963204645589042e-03 -1.0351560283676993e-02 -1.1544952302669116e-02 -3.1238144464947057e-03 -6.4062351269829777e-03 -8.0278846692869252e-03 -8.8603677462309599e-03 -9.3084766648870668e-03 -9.6253953670082885e-03 -1.0038544558897612e-02 -1.0852494897383267e-02 -1.2777144777811290e-02 -1.1455443581712854e-02 -8.1107560052737452e-03 -4.8227437896765299e-03 -1.5344543056125082e-03 1.7605092176225306e-03 5.0499520494267898e-03 8.3396849786437806e-03 1.1711045663088226e-02 -1.3184692524342814e-02 -9.7761921457651009e-03 -6.4670772448958717e-03 -3.1807822405598239e-03 1.1207166207659211e-04 3.4042658549245952e-03 6.6880476225772388e-03 1.0000815323131036e-02 1.3464412433384750e-02 1.1765184463770591e-02 1.0545120839250927e-02 9.9676765640025148e-03 9.6157903809131577e-03 9.2449654629890299e-03 8.6289087600596431e-03 7.4703848848043661e-03 5.2211894073963937e-03 1.3054357230467674e-02 1.1036494611218596e-02 1.0202880679048627e-02 9.7734600886940047e-03 9.4395558252161425e-03 8.9750197269139412e-03 8.1306201043228211e-03 6.5256204542652593e-03 3.4443695343148255e-03 2.2490893202042037e-02 2.6413396557406450e-02 2.9086790674914449e-02 3.0983977936402101e-02 3.2241845773608224e-02 3.2963059042162506e-02 3.3271138982129911e-02 3.3306701656046885e-02 1.9442685948640809e-02 2.4554861844430384e-02 2.7856882400632957e-02 3.0130839395378993e-02 3.1693763674175653e-02 3.2668166453693068e-02 3.3165538054695562e-02 3.3318767840457321e-02 3.3265152050769312e-02 2.6008301095772426e-02 1.8707886386016743e-02 1.1294362708397003e-02 3.8033091941559838e-03 -3.7177394535235298e-03 -1.1215811682893080e-02 -1.8638223783194179e-02 -2.5948177829114041e-02 2.9615229304585471e-02 2.2374170907948229e-02 1.5013206871543989e-02 7.5544998952752221e-03 4.1209616922024856e-05 -7.4755155944348272e-03 -1.4941230973996016e-02 -2.2308824343603890e-02 -2.9559927112363528e-02 -3.3218489317802941e-02 -3.3156948795865622e-02 -3.2830602350845596e-02 -3.2096906841988772e-02 -3.0829055094738982e-02 -2.8924576563102305e-02 -2.6260286818143155e-02 -2.2409164040723208e-02 -3.3188910529764457e-02 -3.3203311441384678e-02 -3.3026296667820573e-02 -3.2515446812381700e-02 -3.1532033098975135e-02 -2.9959565815509508e-02 -2.7690125423136536e-02 -2.4500110704193830e-02 -1.9656577117076846e-02 9.3640210650585889e-03 6.8996719445300232e-03 4.2470126110264747e-03 1.4949243085254963e-03 -1.2874945819083496e-03 -4.0389731435874019e-03 -6.6874603469250019e-03 -9.1457581677662370e-03 8.2011298138431488e-03 5.9768147873003686e-03 3.6788821833273321e-03 1.2991356495787782e-03 -1.1105066260197523e-03 -3.4899442236955478e-03 -5.7892244485737484e-03 -8.0255049412224760e-03 7.6955280948004558e-03 5.5203368965230067e-03 3.3597298128359284e-03 1.1796108272182282e-03 -1.0111423880927758e-03 -3.1924476492426576e-03 -5.3572654799271448e-03 -7.5375160410955351e-03 7.4226969213376523e-03 5.2748307538011087e-03 3.1739496005189702e-03 1.1037105853005905e-03 -9.5629573531186946e-04 -3.0277137740976497e-03 -5.1316869679614904e-03 -7.2813325765454196e-03 7.1210497988415814e-03 5.0091224988943325e-03 2.9767613342134153e-03 1.0235924865445191e-03 -8.9805255333445214e-04 -2.8505736930780172e-03 -4.8834589517801810e-03 -6.9970482178440879e-03 6.5523498565609713e-03 4.5097078713630242e-03 2.6281699925785672e-03 8.9140006351009777e-04 -7.9028666117948775e-04 -2.5226955621942492e-03 -4.3986165882718064e-03 -6.4436059109907462e-03 5.4111743800394968e-03 3.5523882644084548e-03 2.0082991558039429e-03 6.7033890126432330e-04 -5.9898310094827815e-04 -1.9288844289739194e-03 -3.4543191327427968e-03 -5.3044492305922746e-03 3.2846932743931636e-03 1.9670436345343941e-03 1.0817186756085918e-03 3.5712868571262206e-04 -3.2115293064376247e-04 -1.0406712372247940e-03 -1.9072088128524684e-03 -3.1232797309572063e-03 1.1692905530973229e-02 1.0541430390253077e-02 1.0360855348348429e-02 8.9877907396234327e-03 8.1542477855235662e-03 7.5630834332143550e-03 6.1061856916489795e-03 5.5898128849209677e-03 4.6252601324109468e-03 3.1283400015658649e-03 2.8786501022491995e-03 1.6210144584235830e-03 1.0854346361683402e-04 1.0384689862968207e-04 -1.4036824999568338e-03 -2.9110338603431361e-03 -2.6708616412587350e-03 -4.4073231869833675e-03 -5.8882633096058084e-03 -5.3813213629740090e-03 -7.3431010616107776e-03 -8.7663127835746722e-03 -7.9451875545147946e-03 -1.0131263767309003e-02 -1.1450059458223439e-02 -1.0299644924625633e-02 9.8188919357041615e-03 9.3468191945539434e-03 8.6705631992680336e-03 7.5298887657844950e-03 7.0921443754380746e-03 6.3633421250168737e-03 5.1611399183393095e-03 4.8390930485719113e-03 3.9257315428349177e-03 2.6644315800017958e-03 2.4958734099574413e-03 1.3860064461341853e-03 9.8934170482089558e-05 9.4119832501247082e-05 -1.1881793162638070e-03 -2.4667100684140249e-03 -2.3076271763337432e-03 -3.7282324048993364e-03 -4.9630362764898940e-03 -4.6512458406020220e-03 -6.1646019249250259e-03 -7.3268761760844330e-03 -6.9072420775976992e-03 -8.4627895979589741e-03 -9.6123404734585645e-03 -9.1552839029953870e-03 9.0328541674966206e-03 8.8182281028454743e-03 7.9042202711535232e-03 6.8029494684898138e-03 6.6030596496746861e-03 5.7080954645042604e-03 4.6071400576143491e-03 4.4418661365263285e-03 3.4934686373823583e-03 2.3670225784622259e-03 2.2717977710275542e-03 1.2305572890113766e-03 8.8845879031842589e-05 8.3984006876225705e-05 -1.0529478161033772e-03 -2.1892607188651290e-03 -2.1041817087328746e-03 -3.3157278705941585e-03 -4.4290405765416976e-03 -4.2759270308668704e-03 -5.5300227992585421e-03 -6.6253251557258398e-03 -6.4399542561924088e-03 -7.7299825554660723e-03 -8.8616719568648909e-03 -8.6523700942251862e-03 8.6542605475390562e-03 8.5168111812747062e-03 7.5503300521977713e-03 6.4635189202349097e-03 6.3436054556181426e-03 5.3887340815943832e-03 4.3223192766219084e-03 4.2197409161789396e-03 3.2597228834948420e-03 2.1990035935348391e-03 2.1360642927699242e-03 1.1387214510046111e-03 7.8628908297996339e-05 7.3453335382832972e-05 -9.8147669164260669e-04 -2.0415746172621823e-03 -1.9893944432473206e-03 -3.1023103692633066e-03 -4.1648664832047060e-03 -4.0741328532697347e-03 -5.2321399282361444e-03 -6.3076526396217275e-03 -6.1995283072091532e-03 -7.3973271268922332e-03 -8.5031319923876327e-03 -8.3697637792857441e-03 8.3679580277348006e-03 8.1899086718958663e-03 7.2910992816279507e-03 6.2195617067521154e-03 6.0589881233392697e-03 5.1593353727614850e-03 4.1147585393021754e-03 3.9816121615386469e-03 3.0860506795603220e-03 2.0713646045544300e-03 1.9923811596344152e-03 1.0668773603411156e-03 6.7865149590573112e-05 6.2385634933113539e-05 -9.3103259506350838e-04 -1.9350432099885415e-03 -1.8670251359261419e-03 -2.9492370104387986e-03 -3.9772942765858273e-03 -3.8552394775992951e-03 -5.0219689341600435e-03 -6.0821551816551004e-03 -5.9322012849429007e-03 -7.1555136133025325e-03 -8.2337761040108138e-03 -8.0596172155754046e-03 7.9433952961249828e-03 7.6056261408736529e-03 6.8887709417843231e-03 5.8360910846752658e-03 5.5154953461882331e-03 4.8031471496224366e-03 3.8000158168927317e-03 3.5467340961569090e-03 2.8294130349029827e-03 1.8873533053200154e-03 1.7463861426620236e-03 9.6614213856613949e-04 5.6067416063427719e-05 5.0019875694523252e-05 -8.5367320366282532e-04 -1.7737137797228242e-03 -1.6442316661429981e-03 -2.7140462925399687e-03 -3.6823531050417390e-03 -3.4393428540587588e-03 -4.6832162458567052e-03 -5.7143876883290626e-03 -5.4037254480628219e-03 -6.7674667086568031e-03 -7.8232744881431768e-03 -7.4879866951482969e-03 7.1241115481092201e-03 6.4544683699248335e-03 6.0825874164321106e-03 5.0637524795629782e-03 4.4388942563545640e-03 4.1010567177018238e-03 3.2003078258897649e-03 2.7457311051254595e-03 2.3569793924348749e-03 1.5595457487950952e-03 1.3227136498263445e-03 7.9301193504041471e-04 4.2595064506905617e-05 3.5298276267890068e-05 -7.0727121809928894e-04 -1.4718849654308357e-03 -1.2487058604176700e-03 -2.2662017735508161e-03 -3.1047275407146465e-03 -2.6601093667104202e-03 -3.9991599548654753e-03 -4.9555730643893762e-03 -4.3382385053160185e-03 -5.9678064040780566e-03 -7.0088518303877897e-03 -6.3380239609881423e-03 5.5061742926565483e-03 4.1634032030274026e-03 4.4983396184132916e-03 3.6069162449940970e-03 2.5451425072333242e-03 2.8385597716099839e-03 2.1736568665265848e-03 1.4957521748731010e-03 1.5804916033457801e-03 1.0371190692113029e-03 7.0854458783045800e-04 5.2451580784770716e-04 2.7124094526204064e-05 1.8209690001407364e-05 -4.6958619456676355e-04 -9.8045401297277061e-04 -6.6975195065316676e-04 -1.5204441701528117e-03 -2.1082522849352101e-03 -1.4470060539259534e-03 -2.7640128438285077e-03 -3.5139398883545464e-03 -2.4565201741826993e-03 -4.3825246272868341e-03 -5.3748476564269530e-03 -4.0521097746698612e-03 2.2056664145186566e-03 1.6528299551129802e-03 1.2817469382037032e-03 9.9416189683798465e-04 7.5505807490685976e-04 5.4645464605998474e-04 3.5762771040144206e-04 1.8085351184803691e-04 9.8797140254418827e-06 -1.6066178345275662e-04 -3.3673749155195608e-04 -5.2389259441560699e-04 -7.3137708487208913e-04 -9.6917613977413745e-04 -1.2618230089188661e-03 -1.6445960810469692e-03 -2.2061322625818265e-03 1.6192243751304815e-02 1.0961448481367920e-02 6.4417740802472255e-03 2.2013958244440648e-03 -1.9733701537487914e-03 -6.2095470370500516e-03 -1.0709612980977485e-02 -1.6123361501434272e-02 2.0318989883318615e-02 1.4010976724681060e-02 8.1663808214084629e-03 2.7476065672361345e-03 -2.5170315120582065e-03 -7.9401316057311697e-03 -1.3881543927025048e-02 -2.0234249512671051e-02 2.3077833690122049e-02 1.6515814331257289e-02 9.8437398767739232e-03 3.3244435466097295e-03 -3.1129211399121095e-03 -9.6842874455877366e-03 -1.6397337274059596e-02 -2.2910501910209064e-02 2.4802038391163402e-02 1.8100030343426186e-02 1.1010698559264745e-02 3.7404315021765679e-03 -3.5853888592631005e-03 -1.0872600095643708e-02 -1.7946210166316881e-02 -2.4626930788911046e-02 2.5785873825192974e-02 1.8887012562544700e-02 1.1563574345223033e-02 3.9278869039112273e-03 -3.8151109054894270e-03 -1.1429096051386266e-02 -1.8727759859620809e-02 -2.5623426217502195e-02 2.6223027085157970e-02 1.9127904307752807e-02 1.1680944372614558e-02 3.9585888858702277e-03 -3.8600043017945453e-03 -1.1560387803706419e-02 -1.8987550552693910e-02 -2.6077678890488391e-02 2.6295067436437062e-02 1.9067617631387090e-02 1.1590340146117270e-02 3.9186588996305786e-03 -3.8239699236852749e-03 -1.1486867451659838e-02 -1.8953232860413789e-02 -2.6172709119603621e-02 2.6177707080580911e-02 1.8893209101365431e-02 1.1441309152552596e-02 3.8599036705882083e-03 -3.7701754309684291e-03 -1.1351783727082100e-02 -1.8802745509882333e-02 -2.6084508008716079e-02 1.6500657001052511e-02 1.9295016681234994e-02 1.3935883201647922e-02 1.1640257199828499e-02 1.3471148044766616e-02 9.5566424014070818e-03 7.5985481369903679e-03 8.6444061583673352e-03 5.6924294947830372e-03 3.8238497590425374e-03 4.3004171955252166e-03 1.9638000750859660e-03 1.1068238029745453e-04 1.1144319591615969e-04 -1.7444575988013954e-03 -3.6028661640556841e-03 -4.0771301146919270e-03 -5.4757751081090118e-03 -7.3704144839092742e-03 -8.4073736689766546e-03 -9.3252805453672080e-03 -1.1366716572282162e-02 -1.3237660414263004e-02 -1.3610700378775072e-02 -1.6173379424632310e-02 -1.9365112916325804e-02 2.1561900118579738e-02 2.3443486067180667e-02 1.8438197908851518e-02 1.5401662303254212e-02 1.7140616762100977e-02 1.2536803374021365e-02 9.8412992597260197e-03 1.1032886688775445e-02 7.2901184081508802e-03 4.8454685714054441e-03 5.4211564182946254e-03 2.4608017399380959e-03 1.1230936503747354e-04 1.1315796256081480e-04 -2.2375384122321502e-03 -4.6102746298563174e-03 -5.1890766400809335e-03 -7.0451559173027988e-03 -9.5832383792602595e-03 -1.0824116673524856e-02 -1.2286634079448395e-02 -1.5243486392446683e-02 -1.7054130610634457e-02 -1.8431529122802590e-02 -2.1595018158788934e-02 -2.3349758502471236e-02 2.4927060227087492e-02 2.6157407867953796e-02 2.1825328221877591e-02 1.8612681619229139e-02 1.9835043178621392e-02 1.5377594522818415e-02 1.2180444127297289e-02 1.3173684173156314e-02 9.0618048121705406e-03 6.0243068185435230e-03 6.5680261880004540e-03 3.0528423461653876e-03 1.1977487936354905e-04 1.1110327553398155e-04 -2.8157827895567006e-03 -5.7920882566188025e-03 -6.3693203761677492e-03 -8.8481709855037852e-03 -1.2014190306268437e-02 -1.3039277301175357e-02 -1.5266462906302031e-02 -1.8526824931936744e-02 -1.9709560620006870e-02 -2.1724937332113579e-02 -2.4792548395059386e-02 -2.5990028782505080e-02 2.7155340641183592e-02 2.7956454133402035e-02 2.4034169514364247e-02 2.0774057781344023e-02 2.1505898636819558e-02 1.7409990843528657e-02 1.3973867506382905e-02 1.4588850853670185e-02 1.0509048281198604e-02 7.0357935419519749e-03 7.3908193764973002e-03 3.5699105650486684e-03 1.0438145840638973e-04 8.3793537951654687e-05 -3.3679891572664118e-03 -6.8584707798805345e-03 -7.2410187360797216e-03 -1.0360888555176256e-02 -1.3846534232125873e-02 -1.4450467924773554e-02 -1.7286144496733206e-02 -2.0634569172297355e-02 -2.1344710080530526e-02 -2.3871763976199101e-02 -2.6983031327641960e-02 -2.7790166888396424e-02 2.8591825451213818e-02 2.9067747301610585e-02 2.5370010675333642e-02 2.2027474768890810e-02 2.2389496945289990e-02 1.8569643521130670e-02 1.5003753716276992e-02 1.5271536909988653e-02 1.1351873177271630e-02 7.6290025411464152e-03 7.7737504355049197e-03 3.8626819531909799e-03 6.9134277092920514e-05 5.6675320688900953e-05 -3.7249117164017786e-03 -7.4953616576248243e-03 -7.6508920425282425e-03 -1.1217112704121445e-02 -1.4862810481962762e-02 -1.5125433070734173e-02 -1.8417102777497224e-02 -2.1865446364440950e-02 -2.2228415775844879e-02 -2.5203698630188971e-02 -2.8426436502858383e-02 -2.8913587095785134e-02 2.9412983234580983e-02 2.9636231945636617e-02 2.6060699605660605e-02 2.2608918546099002e-02 2.2719497456283839e-02 1.9055863373533169e-02 1.5402004625076888e-02 1.5444636054940565e-02 1.1657045362127912e-02 7.8327555556776916e-03 7.8438660190876565e-03 3.9548416550553474e-03 4.8461228017533378e-05 4.7355960547992311e-05 -3.8532331260553118e-03 -7.7218812289388200e-03 -7.7362301231658440e-03 -1.1531320944710292e-02 -1.5263506475849217e-02 -1.5313426419255032e-02 -1.8906699951246695e-02 -2.2454735945784104e-02 -2.2575859776189585e-02 -2.5906253537676976e-02 -2.9259320287575205e-02 -2.9496115647772599e-02 2.9764995999414848e-02 2.9813446338214002e-02 2.6292922959840582e-02 2.2745546817526132e-02 2.2713064319646630e-02 1.9120592476599738e-02 1.5419346396187601e-02 1.5357611718938340e-02 1.1647229541329998e-02 7.8149371455721681e-03 7.7712549166001326e-03 3.9403915322068677e-03 4.4175099008550073e-05 4.5874627612178063e-05 -3.8484459282390180e-03 -7.7163615394140826e-03 -7.6740059637215568e-03 -1.1538157651853332e-02 -1.5301086904911705e-02 -1.5248958188816998e-02 -1.8994058934259438e-02 -2.2613482619613566e-02 -2.2594464900360350e-02 -2.6157924654226460e-02 -2.9627827435138636e-02 -2.9693507672968397e-02 2.9806934029904093e-02 2.9760244059460362e-02 2.6250258383326626e-02 2.2644212909824209e-02 2.2556675908527498e-02 1.8985534404524326e-02 1.5275244642830005e-02 1.5186781095618615e-02 1.1516067928210930e-02 7.7163713480464975e-03 7.6616119459710494e-03 3.8875344948876077e-03 4.3632142092076005e-05 4.3923079005723546e-05 -3.7990128172281606e-03 -7.6260426044930446e-03 -7.5735086313158508e-03 -1.1422157581774350e-02 -1.5177988399076792e-02 -1.5097418341520976e-02 -1.8884375962568554e-02 -2.2539247766481325e-02 -2.2465144999494108e-02 -2.6141815821184928e-02 -2.9694859688282015e-02 -2.9668222419427723e-02 2.9691739457563347e-02 2.6094312980604672e-02 2.2464910381682475e-02 1.8799175119868027e-02 1.5098639996594009e-02 1.1365308229365897e-02 7.6068568939273934e-03 3.8291096344448411e-03 4.2227551744183071e-05 -3.7453019557580143e-03 -7.5237316496427498e-03 -1.1283460727341314e-02 -1.5017872074626053e-02 -1.8719087048227220e-02 -2.2386085625364559e-02 -2.6016560950442490e-02 -2.9615443986334967e-02
</DataArray>
        <DataArray type="Float64" format="ascii" Name="uy">
-7.9680625401007977e-14 -3.1479445493504877e-14 1.5824438492441259e-01 1.5814946124031024e-01 4.8606137203442576e-02 4.8955197412800432e-02 -2.1576022485961726e-14 2.3103154903622789e-15 2.2843973153695431e-14 2.6722454454442032e-14 -1.6654932701489908e-14 -2.1260029758974342e-14 -8.5552505459269883e-15 6.5147024961469917e-14 1.1187173576854402e-13 -3.5719617974125511e-14 4.9738994443073928e-13 -6.1541887895665064e-14 -1.0484593050670100e-13 -1.0759011168744198e-13 -8.2174201180346615e-14 -6.8894281320077496e-15 8.6877984124879573e-13 6.4059746273402544e-03 1.1077336611087488e-02 1.5647360185122118e-02 2.0391670756522064e-02 2.5374682299307064e-02 3.0635673921616442e-02 3.6224395042148833e-02 4.2242115060800563e-02 3.3723360389987184e-03 8.7949904909363497e-03 1.3358686922256171e-02 1.7999269787506069e-02 2.2855821740555043e-02 2.7973121374045215e-02 3.3392368529624933e-02 3.9186805566207489e-02 4.5457140814885624e-02 4.5637748691088914e-02 4.4410718050791963e-02 4.3742754460430196e-02 4.3433276635892415e-02 4.3443467766882592e-02 4.3775228973629766e-02 4.4471153395812882e-02 4.5705676833263258e-02 4.6816797336975975e-02 4.4952675079978507e-02 4.4034245963621724e-02 4.3548654181848376e-02 4.3397178019912455e-02 4.3561115758161809e-02 4.4057357901469509e-02 4.4981408073416537e-02 4.6909858751669649e-02 4.2377080926799419e-02 3.6329522749057083e-02 3.0727715252780671e-02 2.5462350199427868e-02 2.0477134675562093e-02 1.5730705546740550e-02 1.1158786544945131e-02 6.5299216030517346e-03 4.5537767767877310e-02 3.9310352536396094e-02 3.3490749731611133e-02 2.8062146570840229e-02 2.2941186463608682e-02 1.8081180290775885e-02 1.3434764962213549e-02 8.8844286218591109e-03 3.7513385165262926e-03 6.1210716607640318e-02 7.2527457433865308e-02 8.3793263412597602e-02 9.5297291191137765e-02 1.0715484129607264e-01 1.1941517521649217e-01 1.3206259549614757e-01 1.4501660745969081e-01 5.4915454107859078e-02 6.6948478539336748e-02 7.8162284358944831e-02 8.9513410267316296e-02 1.0118040941516730e-01 1.1323566350358302e-01 1.2569449843052330e-01 1.3850766968525541e-01 1.5156791772583852e-01 1.5830272075159929e-01 1.5847879417424668e-01 1.5864540061763618e-01 1.5874888471866361e-01 1.5875247069139195e-01 1.5865915644765341e-01 1.5850981289601673e-01 1.5835928560170501e-01 1.5822557594305256e-01 1.5839158351099636e-01 1.5856888497577207e-01 1.5870838335176249e-01 1.5876151344876233e-01 1.5871147855838375e-01 1.5858323003967575e-01 1.5842841079840764e-01 1.5829525690098717e-01 1.4510037751620875e-01 1.3214125246786509e-01 1.1948820718156601e-01 1.0722007579569393e-01 9.5351249464344076e-02 8.3824175311400642e-02 7.2530459190326663e-02 6.1341367234517524e-02 1.5166094590496176e-01 1.3859441377724349e-01 1.2577491991108367e-01 1.1330660627433997e-01 1.0123868392701420e-01 8.9549987121638447e-02 7.8154265089734082e-02 6.6937284387667412e-02 5.5450798192204581e-02 4.0425378186753770e-02 3.9186168304387710e-02 3.8475698884973611e-02 3.8135513626545381e-02 3.8128214956751789e-02 3.8454639650497259e-02 3.9154448905656843e-02 4.0373690243174727e-02 3.5232309283533964e-02 3.4153853594393227e-02 3.3422672893962016e-02 3.3057587970381427e-02 3.3049811171993050e-02 3.3399028106448056e-02 3.4112555245015927e-02 3.5168512912434544e-02 3.0029040415648554e-02 2.9146609641052562e-02 2.8453992599093911e-02 2.8085906121125704e-02 2.8077323978375094e-02 2.8427799896991610e-02 2.9101640537140115e-02 2.9962198590856574e-02 2.4888907908190445e-02 2.4115837953371803e-02 2.3476998045421020e-02 2.3127956345481447e-02 2.3119110965497718e-02 2.3449943572117646e-02 2.4069241359252869e-02 2.4821393440673554e-02 1.9826657900901171e-02 1.9065465320627570e-02 1.8474002531538920e-02 1.8159642700963954e-02 1.8151086395510756e-02 1.8447541109110604e-02 1.9018884159292041e-02 1.9759038274152752e-02 1.4812539910793321e-02 1.4010987205857008e-02 1.3487330278986309e-02 1.3230995880491982e-02 1.3223360948563084e-02 1.3463241881200591e-02 1.3966887103749362e-02 1.4744820959269905e-02 9.7736425321503680e-03 9.0050332621960019e-03 8.6252393788864706e-03 8.4599821046646515e-03 8.4541232661791907e-03 8.6059142389946913e-03 8.9673026548499415e-03 9.7088719379870986e-03 4.6849978955292634e-03 4.2234671292252519e-03 4.0664113224680868e-03 4.0052538715133253e-03 4.0024283459967067e-03 4.0565668785745232e-03 4.2008348802580302e-03 4.6111559852488847e-03 4.4068229394774019e-02 4.1310241959202534e-02 4.3024624825559625e-02 4.2309459701029589e-02 3.9726729340070842e-02 4.1781674495586972e-02 4.1381073658446121e-02 3.8783148414957530e-02 4.1086477192769526e-02 4.0877587757617913e-02 3.8264216217020107e-02 4.0754386607938994e-02 4.0709914724525169e-02 3.8091013340605516e-02 4.0745793137268602e-02 4.0861829258637038e-02 3.8247983130984965e-02 4.1059510249942581e-02 4.1347347548735536e-02 3.8749664929406243e-02 4.1732220702602046e-02 4.2253208410340304e-02 3.9674471209354613e-02 4.2951374186039358e-02 4.3987665021845389e-02 4.1239259366106014e-02 3.8557687416269297e-02 3.5815777401757662e-02 3.7828243471126573e-02 3.7184270430085875e-02 3.4650956117403479e-02 3.6657939042607404e-02 3.6245696689601106e-02 3.3741988065451700e-02 3.5930193940283357e-02 3.5709572616931133e-02 3.3195677305695358e-02 3.5575822094229673e-02 3.5529086276560345e-02 3.3009263960662873e-02 3.5567839405822442e-02 3.5692531094518108e-02 3.3178695840806717e-02 3.5906563253162840e-02 3.6212138080790615e-02 3.3708820165319647e-02 3.6620576130156055e-02 3.7137332559378886e-02 3.4604071269166446e-02 3.7776660496313695e-02 3.8482383912331324e-02 3.5734782129109341e-02 3.3104829067826358e-02 3.0434402744004548e-02 3.2624123287097954e-02 3.2114617223967273e-02 2.9575689033808888e-02 3.1650771126464819e-02 3.1251823568498725e-02 2.8762821590874624e-02 3.0935087307751727e-02 3.0705755239312779e-02 2.8225659591103104e-02 3.0565513817305073e-02 3.0516118237085305e-02 2.8035999155791646e-02 3.0557276100139540e-02 3.0688737322532408e-02 2.8208414309220171e-02 3.0910378624742722e-02 3.1218509940838367e-02 2.8728579675676134e-02 3.1608848536282284e-02 3.2064390455925240e-02 2.9522642525249016e-02 3.2559941091690699e-02 3.3024070576792193e-02 3.0353682007589797e-02 2.7808913085885956e-02 2.5227905425747588e-02 2.7448729925756803e-02 2.7036179048199282e-02 2.4499483898562709e-02 2.6633348220666625e-02 2.6267970972127266e-02 2.3765290817955947e-02 2.5968578219951535e-02 2.5745788038281411e-02 2.3261111475535189e-02 2.5608238870696905e-02 2.5559171555739064e-02 2.3079954290531307e-02 2.5599538178584583e-02 2.5728272153302752e-02 2.3243299057258689e-02 2.5942076176196652e-02 2.6232485901628962e-02 2.3728636249071809e-02 2.6587793750335938e-02 2.6980690458045790e-02 2.4442092032039758e-02 2.7381297758770282e-02 2.7729566517496768e-02 2.5149319520332090e-02 2.2690054848691271e-02 2.0189964424392831e-02 2.2349008349400019e-02 2.1965982168958856e-02 1.9436300923676902e-02 2.1592114627388914e-02 2.1254580160679722e-02 1.8738862491259528e-02 2.0977257676499435e-02 2.0771057239905501e-02 1.8279299538891826e-02 2.0643534386756434e-02 2.0597835091207280e-02 1.8116647864063053e-02 2.0634694749502303e-02 2.0753161452530051e-02 1.8261754582871482e-02 2.0950025036230953e-02 2.1217126309653785e-02 1.8701282187246246e-02 2.1544735896971309e-02 2.1907195292113154e-02 1.9376215621381025e-02 2.2280807135102870e-02 2.2611908185395043e-02 2.0112098922308176e-02 1.7722853018371804e-02 1.5277328576964382e-02 1.7317191782724166e-02 1.6908093045740244e-02 1.4380690381134972e-02 1.6537109857265402e-02 1.6222731158017617e-02 1.3714499001183870e-02 1.5973712344923018e-02 1.5793964013708684e-02 1.3327087388817762e-02 1.5684426263982049e-02 1.5645333847920422e-02 1.3196689239099607e-02 1.5676138635277000e-02 1.5777305777041943e-02 1.3312148904301499e-02 1.5947590672295960e-02 1.6186054293511727e-02 1.3680350792007552e-02 1.6489952359437971e-02 1.6847267892397697e-02 1.4319504495029986e-02 1.7247726383784072e-02 1.7643711964234473e-02 1.5196377263032707e-02 1.2841536810596438e-02 1.0391034599251470e-02 1.2302725458868766e-02 1.1851665913037181e-02 9.3274665813408222e-03 1.1495776547493879e-02 1.1227269692857035e-02 8.7798716544710328e-03 1.1031012646750632e-02 1.0895658688355066e-02 8.5198025725186782e-03 1.0816176187599093e-02 1.0787907030080342e-02 8.4383638479167151e-03 1.0809571903331818e-02 1.0883190552083725e-02 8.5103586791862185e-03 1.1009164117967745e-02 1.1197564794270554e-02 8.7571956988129439e-03 1.1452683999469688e-02 1.1793075043838147e-02 9.2747069738218814e-03 1.2230427329342649e-02 1.2754543245170429e-02 1.0294816747284587e-02 7.8956797422569756e-03 5.3072304395362204e-03 7.2291605138044479e-03 6.8240002549455250e-03 4.3744324362383954e-03 6.5677228752116998e-03 6.4007690705905063e-03 4.1252577917682163e-03 6.2935933627262805e-03 6.2224746589035667e-03 4.0268460510796151e-03 6.1828708017624846e-03 6.1685819789856775e-03 3.9974104171894044e-03 6.1792118384121908e-03 6.2166471859957948e-03 4.0231779631602219e-03 6.2813060995630804e-03 6.3870334155305096e-03 4.1180135135632893e-03 6.5386655284307800e-03 6.7844126274831332e-03 4.3651843572312058e-03 7.1542305471686595e-03 7.7874106699745375e-03 5.1975449766968008e-03 2.5105995984562087e-03 2.2039190347455133e-03 2.0788093422129806e-03 2.0218475790461216e-03 1.9853997654874049e-03 1.9640154027441687e-03 1.9494874567921583e-03 1.9417463288682341e-03 1.9387401981877193e-03 1.9407226482110601e-03 1.9480954345781954e-03 1.9608132570684699e-03 1.9837465904665344e-03 2.0172190023869212e-03 2.0863817846565025e-03 2.2028635015159531e-03 2.5379274484054661e-03 5.6961745477473485e-02 5.4809403633984011e-02 5.3802214687654400e-02 5.3391504990941148e-02 5.3388206182685520e-02 5.3790537115397927e-02 5.4781084207610332e-02 5.6970891021600710e-02 6.9284914838596431e-02 6.6677512669280500e-02 6.5133289644650039e-02 6.4463664364099477e-02 6.4458298095850616e-02 6.5119230119994001e-02 6.6711246662250742e-02 6.9414027873511988e-02 8.1493463002098906e-02 7.9284676033250220e-02 7.7616412245804123e-02 7.6754187898721335e-02 7.6754859408032436e-02 7.7647530750083266e-02 7.9374296709139924e-02 8.1562496867006312e-02 9.3723033251797275e-02 9.2145279956658069e-02 9.0798413685975965e-02 9.0023958403417231e-02 9.0047338732391735e-02 9.0864294200218035e-02 9.2216275729406980e-02 9.3772333335263733e-02 1.0617251631181530e-01 1.0518603216896341e-01 1.0432260339828699e-01 1.0381326651686586e-01 1.0383842302916836e-01 1.0437696204490522e-01 1.0523965448743525e-01 1.0622700067459417e-01 1.1890928329676277e-01 1.1840148226405958e-01 1.1796783110252886e-01 1.1771646412204806e-01 1.1772829735430451e-01 1.1799770528714369e-01 1.1844491991490821e-01 1.1896837998959425e-01 1.3190118655249233e-01 1.3173489128608865e-01 1.3160027450972026e-01 1.3152675023805563e-01 1.3152996753588903e-01 1.3161435644644581e-01 1.3176826695517260e-01 1.3195861941940004e-01 1.4506350056303849e-01 1.4510934532267111e-01 1.4516100404593799e-01 1.4519731802084601e-01 1.4519830814549442e-01 1.4516965056402600e-01 1.4513640193749783e-01 1.4511679059298146e-01 5.2641592983762898e-02 5.8754859618129221e-02 5.1098691304800652e-02 5.0150907925586741e-02 5.5747238985296307e-02 4.9451825459470147e-02 4.8974218232335574e-02 5.4233179772883437e-02 4.8642337577697051e-02 4.8414796225689713e-02 5.3543555995464447e-02 4.8289564580742537e-02 4.8242808663832459e-02 5.3341733202101817e-02 4.8283889256763739e-02 4.8405896955147930e-02 5.3533032447630045e-02 4.8622866412645696e-02 4.8942932576665203e-02 5.4190015765241108e-02 4.9399920438955081e-02 5.0024293027715841e-02 5.5631476428432192e-02 5.0953991616506419e-02 5.2428886242490008e-02 5.8949129446022951e-02 6.4852296002611484e-02 7.0838213863203242e-02 6.3089717483491153e-02 6.1695330209294047e-02 6.7838247143080024e-02 6.0606778336453213e-02 5.9858037205294375e-02 6.5797215166520567e-02 5.9313082944347173e-02 5.8975291126892863e-02 6.4721148470764309e-02 5.8779707623893875e-02 5.8714970284515063e-02 6.4389334683833982e-02 5.8773115010612019e-02 5.8952837666971500e-02 6.4693409487676712e-02 5.9284037926575515e-02 5.9795547433623246e-02 6.5765172701792260e-02 6.0572233103296680e-02 6.1710500948072358e-02 6.7963201336758677e-02 6.3254926765051664e-02 6.5025868417091640e-02 7.0944939646079133e-02 7.6756454845410660e-02 8.2646618731591640e-02 7.5392130686483011e-02 7.4069749979241262e-02 8.0327235517465900e-02 7.2923472909756593e-02 7.1988541840540418e-02 7.8352988405458110e-02 7.1260908637255690e-02 7.0771001590446039e-02 7.7085406501033155e-02 7.0468660979606093e-02 7.0372195731426265e-02 7.6652011565128839e-02 7.0459368951216392e-02 7.0749920227545393e-02 7.7089908390200967e-02 7.1260174071207577e-02 7.2019311612355780e-02 7.8429389334418662e-02 7.3014352150379505e-02 7.4200581933150350e-02 8.0443528448498655e-02 7.5504051240568790e-02 7.6820568545449941e-02 8.2689850534668652e-02 8.8553117802366813e-02 9.4516869737571410e-02 8.7590191736731576e-02 8.6607341299582682e-02 9.2916414768931879e-02 8.5686021449856556e-02 8.4840663117677864e-02 9.1409508616994553e-02 8.4141480591143403e-02 8.3620197798684875e-02 9.0316723344082514e-02 8.3293081937175467e-02 8.3193370732588368e-02 8.9932424916318102e-02 8.3307884273191274e-02 8.3656872975703706e-02 9.0374333963096784e-02 8.4205105995674184e-02 8.4931356375773592e-02 9.1500740549381232e-02 8.5778306894833609e-02 8.6694255909963408e-02 9.2985623600808753e-02 8.7644955799342283e-02 8.8598352751263459e-02 9.4564146690143874e-02 1.0054969142184154e-01 1.0666789044081314e-01 9.9914310827465116e-02 9.9266789727088814e-02 1.0567293750461748e-01 9.8640527591299473e-02 9.8040978705364171e-02 1.0471881210569241e-01 9.7529720505002512e-02 9.7128090509227091e-02 1.0400251935101965e-01 9.6880316738174183e-02 9.6808565831114704e-02 1.0375369186695030e-01 9.6911359563579463e-02 9.7188537697200636e-02 1.0405542189684985e-01 9.7599972243915881e-02 9.8119924051280338e-02 1.0478402787554654e-01 9.8704914249327494e-02 9.9327681572701401e-02 1.0572917527281571e-01 9.9965370109852514e-02 1.0060486544844936e-01 1.0672804877947055e-01 1.1287332586431037e-01 1.1916531129110466e-01 1.1250581890212112e-01 1.1213404254102387e-01 1.1865165352307107e-01 1.1177395615337980e-01 1.1143093128406421e-01 1.1816658608456904e-01 1.1113855287545477e-01 1.1090609693436977e-01 1.1780900315657901e-01 1.1076635699302277e-01 1.1072387350077738e-01 1.1768452221890736e-01 1.1078593789688632e-01 1.1094443878468084e-01 1.1783316163612091e-01 1.1118193070222861e-01 1.1148268331911605e-01 1.1820536847245715e-01 1.1182326717569324e-01 1.1218934348699949e-01 1.1870378048073815e-01 1.1256408823084969e-01 1.1293836752954875e-01 1.1923322211406329e-01 1.2553947266512622e-01 1.3198453702070698e-01 1.2537833056689834e-01 1.2521528455926650e-01 1.3181680941183024e-01 1.2505866655938783e-01 1.2491264940876036e-01 1.3166122661218813e-01 1.2479076609232376e-01 1.2469406558103388e-01 1.3155309661185963e-01 1.2463778050503865e-01 1.2461795782293257e-01 1.3151572165829617e-01 1.2464386280222825e-01 1.2470810204770003e-01 1.3155986668793312e-01 1.2481027910091104e-01 1.2494212891910256e-01 1.3168243743996835e-01 1.2509633054606173e-01 1.2526419808705863e-01 1.3186064752032065e-01 1.2543785858857193e-01 1.2560854181527950e-01 1.3205357910688023e-01 1.3849085677568015e-01 1.4504240381762276e-01 1.3846752992286832e-01 1.3844364020913988e-01 1.4508649823083397e-01 1.3842133447651944e-01 1.3840300529065863e-01 1.4513563588020245e-01 1.3839091107051948e-01 1.3838155686598147e-01 1.4518219287026121e-01 1.3837860315399231e-01 1.3837570901249074e-01 1.4520113449916933e-01 1.3837965538315763e-01 1.3838546497223397e-01 1.4518450212881290e-01 1.3840002841762997e-01 1.3842012940361245e-01 1.4515009509818458e-01 1.3844940389514701e-01 1.3848320684480331e-01 1.4512274140189468e-01 1.3852268284340083e-01 1.3855859085672140e-01 1.4510855968065398e-01 1.5162666516863960e-01 1.5167875117278068e-01 1.5173707685557619e-01 1.5179597013518276e-01 1.5185680936638260e-01 1.5191211758626522e-01 1.5195593527170406e-01 1.5198631745873184e-01 1.5199439670122053e-01 1.5198788278915396e-01 1.5195849615596910e-01 1.5192151317420577e-01 1.5187092449633444e-01 1.5182273734372562e-01 1.5177255294491968e-01 1.5173126523090330e-01 1.5169232674608890e-01
</DataArray>
        <DataArray type="Float64" format="ascii" Name="U_magnitude">
7.9685746667882858e-14 4.9872588064457876e-14 1.6167967312876724e-01 1.6159569442272420e-01 5.0844337025432999e-02 5.1326029757913567e-02 2.3043204264985960e-14 5.1713042249452912e-15 2.9746982381623908e-14 2.7809535653134034e-14 1.7166089441789558e-14 3.1559500663035068e-14 3.2880658740315461e-14 1.2411502813976315e-13 1.6644972692518081e-13 2.2976660506862897e-13 5.0588324099113073e-13 6.2436547615479672e-14 1.5497762479597163e-12 1.0793288030873539e-13 5.6357562412670821e-13 8.8604057947476875e-15 8.8098266657242762e-13 8.2184663765495890e-03 1.3307569010736996e-02 1.7813452445066252e-02 2.2334877025147970e-02 2.7082237762026614e-02 3.2163837011089727e-02 3.7674415675312815e-02 4.3791348557458455e-02 4.5968322849608721e-03 1.0880795294363893e-02 1.5585295908330713e-02 2.0061899946961122e-02 2.4678661334374997e-02 2.9582828725094729e-02 3.4868648566861012e-02 4.0661804878552553e-02 4.7218715354586792e-02 4.7053493953635304e-02 4.5145279274405016e-02 4.4007810959491606e-02 4.3460373552766093e-02 4.3479124695852613e-02 4.4065549893258171e-02 4.5246368140403670e-02 4.7182173384760849e-02 4.8637934062344200e-02 4.6003444759246455e-02 4.4506605191546408e-02 4.3664661417582080e-02 4.3397322730203226e-02 4.3693933584732086e-02 4.4562100110520364e-02 4.6079750209767789e-02 4.8803947076828565e-02 4.3979956268089399e-02 3.7829007344743537e-02 3.2303979023342227e-02 2.7217544017195349e-02 2.2467363684530665e-02 1.7941938674170300e-02 1.3428520673654342e-02 8.3606635484218608e-03 4.7371980494610832e-02 4.0830234261380376e-02 3.5010414046913449e-02 2.9715393187178505e-02 2.4807322518470919e-02 2.0186135336067595e-02 1.5703499382963636e-02 1.1023465618853015e-02 5.0927617413825494e-03 6.5211901556744334e-02 7.7187431616293309e-02 8.8698096851619418e-02 1.0020768731555457e-01 1.1190038709528959e-01 1.2388118232162065e-01 1.3618919861115014e-01 1.4879231436577281e-01 5.8255687591597882e-02 7.1309466544990333e-02 8.2978000658555554e-02 9.4448494431383131e-02 1.0602815619096359e-01 1.1785382721211425e-01 1.2999638398877977e-01 1.4245881809156677e-01 1.5517539761414295e-01 1.6042500778633978e-01 1.5957917538311617e-01 1.5904692944574286e-01 1.5879443806458052e-01 1.5879599660339536e-01 1.5905509220514469e-01 1.5960183009640791e-01 1.6047109169234719e-01 1.6097327321413910e-01 1.5996404987039747e-01 1.5927802002482139e-01 1.5888807826516660e-01 1.5876151879713821e-01 1.5888743424069426e-01 1.5928553365838033e-01 1.5999139036742815e-01 1.6103160450122134e-01 1.4885424947882167e-01 1.3623763744732115e-01 1.2391642387586962e-01 1.1192120479362995e-01 1.0021123396329390e-01 8.8674254978495279e-02 7.7137994361603582e-02 6.5306461910013019e-02 1.5524994780978332e-01 1.4251621458953842e-01 1.3003871250604723e-01 1.1787977479965392e-01 1.0603556117939276e-01 9.4428680904370677e-02 8.2914607866560283e-02 7.1280119708886688e-02 5.8831726509700422e-02 4.1495735829708197e-02 3.9788959012795680e-02 3.8709385435645678e-02 3.8164803133890902e-02 3.8149946501754288e-02 3.8666168865097252e-02 3.9721442509020072e-02 4.1396615276071608e-02 3.6174219378918189e-02 3.4672871677277319e-02 3.3624533268070599e-02 3.3083105595689069e-02 3.3068462974121283e-02 3.3580869392256851e-02 3.4600311343400185e-02 3.6072607752055598e-02 3.0999426138922596e-02 2.9664776638616570e-02 2.8651657530491141e-02 2.8110667091842144e-02 2.8095525101261856e-02 2.8606494524435373e-02 2.9590636616594376e-02 3.0895752013305973e-02 2.5972180625592846e-02 2.4685977389492478e-02 2.3690576043890046e-02 2.3154276965057667e-02 2.3138880555644271e-02 2.3644595666523088e-02 2.4610213139002163e-02 2.5867341889474722e-02 2.1066696792733038e-02 1.9712515722276086e-02 1.8712292151849663e-02 1.8188467901535409e-02 1.8173289072863124e-02 1.8666481815060761e-02 1.9635837797208750e-02 2.0961351990801274e-02 1.6197056129174200e-02 1.4718873175882805e-02 1.3741009990693963e-02 1.3260989633614138e-02 1.3246955415597254e-02 1.3697549957975265e-02 1.4643147313999820e-02 1.6091295853879511e-02 1.1171611187176829e-02 9.6803970184266338e-03 8.8559595664330307e-03 8.4864981855765683e-03 8.4753159796537338e-03 8.8194305388312692e-03 9.6096221348454577e-03 1.1063425145413346e-02 5.7217493118763346e-03 4.6590702132301536e-03 4.2078279832541941e-03 4.0211440503209166e-03 4.0152922520906263e-03 4.1879268695065378e-03 4.6135083339054047e-03 5.5693478790702893e-03 4.5593123184825682e-02 4.2633998702917938e-02 4.4254555301455258e-02 4.3253563582348997e-02 4.0554960004997677e-02 4.2460670680912992e-02 4.1829161607981606e-02 3.9183907526751986e-02 4.1345999073724660e-02 4.0997118094411845e-02 3.8372345108346508e-02 4.0786611965984321e-02 4.0710059427144112e-02 3.8091154898382149e-02 4.0769964225465909e-02 4.0965390374047096e-02 3.8341123033824372e-02 4.1295373586391744e-02 4.1764515968932006e-02 3.9121543320181744e-02 4.2373333335621786e-02 4.3153005234712417e-02 4.0462200521206519e-02 4.4130069680343317e-02 4.5453476607086200e-02 4.2505990150075661e-02 3.9788263316407363e-02 3.7015306833091857e-02 3.8809208576101255e-02 3.7939019389578936e-02 3.5369298433702068e-02 3.7206136830522117e-02 3.6611308277241829e-02 3.4087220187950532e-02 3.6144020317789551e-02 3.5808836509001359e-02 3.3289373317357450e-02 3.5602810725404894e-02 3.5529224022167405e-02 3.3009398143068087e-02 3.5587680032364753e-02 3.5777666699978596e-02 3.3258848459946998e-02 3.6099598356745262e-02 3.6550659001774517e-02 3.4028203667069733e-02 3.7135817117674205e-02 3.7853197805807329e-02 3.5286707717213955e-02 3.8712980846649751e-02 3.9664731953635415e-02 3.6888939767352476e-02 3.4315042794979322e-02 3.1686180225108947e-02 3.3567992468223076e-02 3.2827256371996141e-02 3.0303824487376594e-02 3.2161369167554937e-02 3.1589590308629310e-02 2.9103781208690099e-02 3.1131719352753329e-02 3.0796853746828331e-02 2.8316937060093143e-02 3.0590274698953038e-02 3.0516247571580474e-02 2.8036124945808059e-02 3.0575412045687887e-02 3.0766726523089184e-02 2.8286785227451764e-02 3.1087707506935704e-02 3.1531123724898816e-02 2.9045048496343914e-02 3.2088946039874132e-02 3.2741717559241199e-02 3.0216873307731432e-02 3.3464942764065475e-02 3.4192374403250174e-02 3.1562786943888886e-02 2.9124420554631644e-02 2.6626740034558314e-02 2.8468232443098006e-02 2.7798058463830249e-02 2.5307430558483838e-02 2.7173032448466677e-02 2.6621208517300224e-02 2.4137010193097570e-02 2.6172368025131412e-02 2.5839528217761511e-02 2.3358982806195167e-02 2.5633544128770995e-02 2.5559292500398383e-02 2.3080071175052588e-02 2.5618345993702392e-02 2.5809145954724326e-02 2.3328279861918367e-02 2.6126914206596012e-02 2.6561050984516485e-02 2.4075853811378247e-02 2.7097713275091050e-02 2.7708196249756317e-02 2.5216066587288925e-02 2.8362932069458089e-02 2.9004001670946095e-02 2.6505494110783904e-02 2.4183906024266420e-02 2.1787823836084300e-02 2.3508260312837002e-02 2.2829527381685231e-02 2.0358809657602527e-02 2.2199958458765868e-02 2.1649212818103114e-02 1.9157197155931911e-02 2.1203043376437008e-02 2.0874083696977734e-02 1.8387560314457083e-02 2.0671084617871500e-02 2.0597946890967046e-02 1.8116755277861055e-02 2.0655688056760747e-02 2.0843178800252660e-02 1.8356945914372782e-02 2.1156595850052192e-02 2.1586693090938344e-02 1.9094523478648370e-02 2.2122292305407968e-02 2.2735826732725572e-02 2.0263976507372095e-02 2.3401618355613971e-02 2.4064360800065205e-02 2.1666886087352497e-02 1.9421561418725093e-02 1.7065823081330509e-02 1.8637067803922949e-02 1.7886966472603332e-02 1.5402108451504033e-02 1.7220517558197566e-02 1.6661846429311206e-02 1.4165691144533518e-02 1.6222363089279716e-02 1.5906332127974297e-02 1.3441023875749473e-02 1.5714154697666783e-02 1.5645434310623291e-02 1.3196784034806808e-02 1.5699365606643992e-02 1.5876694812040057e-02 1.3413307057629114e-02 1.6176887696004786e-02 1.6599640899209837e-02 1.4106065257900473e-02 1.7142083981301400e-02 1.7790015797933996e-02 1.5305177480226282e-02 1.8527889007187496e-02 1.9300367757991106e-02 1.6941069230338897e-02 1.4685299895058544e-02 1.2232487971839633e-02 1.3724245822442702e-02 1.2888117554108810e-02 1.0329831317360772e-02 1.2205389982778819e-02 1.1674483069352466e-02 9.1991948327360355e-03 1.1280008504834340e-02 1.1006705283403934e-02 8.6218679689573554e-03 1.0845207939468112e-02 1.0787991121111345e-02 8.4384376751941038e-03 1.0832685600037154e-02 1.0982271256184934e-02 8.6014807547445931e-03 1.1239989548695914e-02 1.1620016799641874e-02 9.1523034450442277e-03 1.2130838847182359e-02 1.2791963234238113e-02 1.0239165140736172e-02 1.3608749609530136e-02 1.4553431807420988e-02 1.2089408570737901e-02 9.6259915818267278e-03 6.7454148255921709e-03 8.5144477834405690e-03 7.7186024821789406e-03 5.0609692274642924e-03 7.1548868154976122e-03 6.7597802381753674e-03 4.3880549697083325e-03 6.4890115675346740e-03 6.3083125195585212e-03 4.0887069535538159e-03 6.2050792246327686e-03 6.1686416128650823e-03 3.9974518929268323e-03 6.1970291380710049e-03 6.2934880874363974e-03 4.0785449119338816e-03 6.4627050676137176e-03 6.7259886669572876e-03 4.3648438480646968e-03 7.0988670852142263e-03 7.6404206846823397e-03 5.0089246189958395e-03 8.3898472471682570e-03 9.4621748172728018e-03 6.5904527470243791e-03 3.3418669446738992e-03 2.7548332022524287e-03 2.4421964488686274e-03 2.2530480487595382e-03 2.1241292157680746e-03 2.0386194305011623e-03 1.9820189008778232e-03 1.9501504553292889e-03 1.9387653712654817e-03 1.9473614471745020e-03 1.9769845625196751e-03 2.0295940676842198e-03 2.1142759932098729e-03 2.2379622189613443e-03 2.4382752628002262e-03 2.7490550878631324e-03 3.3627511494867248e-03 5.9218487025101720e-02 5.5894758962917644e-02 5.4186481326963833e-02 5.3436868815206352e-02 5.3424664240111483e-02 5.4147764104977958e-02 5.5818124271276047e-02 5.9208489339798540e-02 7.2202913889052742e-02 6.8133678636498246e-02 6.5643241812498448e-02 6.4522192810656923e-02 6.4507423146845919e-02 6.5601523010804130e-02 6.8140206141672238e-02 7.2303057466235318e-02 8.4698116389347142e-02 8.0986616034515263e-02 7.8238140728625449e-02 7.6826149746598751e-02 7.6817958322062535e-02 7.8249117917800801e-02 8.1050303193447984e-02 8.4719135931370940e-02 9.6949203556678284e-02 9.3906143125590244e-02 9.1463585161815200e-02 9.0101631030978957e-02 9.0118689660126691e-02 9.1512476708608251e-02 9.3946303645942503e-02 9.6952236793287183e-02 1.0925893331399250e-01 1.0686823946799127e-01 1.0496152548164388e-01 1.0388754786032703e-01 1.0390848458333760e-01 1.0500083067421609e-01 1.0689300195052236e-01 1.0927367314886056e-01 1.2176643545599385e-01 1.1993659877423973e-01 1.1854473263907971e-01 1.1778300535885797e-01 1.1779156010153451e-01 1.1856264596914032e-01 1.1995718456866236e-01 1.2179294221613958e-01 1.3449666756259115e-01 1.3310768431722633e-01 1.3210968259645628e-01 1.3158511281963289e-01 1.3158554292158875e-01 1.3211467347219269e-01 1.3312438248581926e-01 1.3452913417447332e-01 1.4740655190187227e-01 1.4633412264445408e-01 1.4561119685913274e-01 1.4524861450903040e-01 1.4524724751641330e-01 1.4561281000883081e-01 1.4634930271809404e-01 1.4744247851302555e-01 5.5167100642815541e-02 6.1841985717433171e-02 5.2964942119040237e-02 5.1484066986193289e-02 5.7351778386792507e-02 5.0366779282204170e-02 4.9560185484505505e-02 5.4917788976876269e-02 4.8974286708187126e-02 4.8565567231885480e-02 5.3715975060451115e-02 4.8329479183337076e-02 4.8242935631701109e-02 5.3341849617257624e-02 4.8315391896097050e-02 4.8539793001500298e-02 5.3688067137969669e-02 4.8930228399391061e-02 4.9494784158218279e-02 5.4838323649131382e-02 5.0272388013947539e-02 5.1299436045217625e-02 5.7184760407389595e-02 5.2740500817263711e-02 5.4866805216278791e-02 6.2048428350007533e-02 6.8342781868562727e-02 7.4616684342786330e-02 6.5728833811902573e-02 6.3588717327347569e-02 6.9970197358810007e-02 6.1889845848594971e-02 6.0661650069791948e-02 6.6715801069587424e-02 5.9759414611991205e-02 5.9174010588925324e-02 6.4947794391236519e-02 5.8831195581542706e-02 5.8715077696490890e-02 6.4389434115787014e-02 5.8815692006443675e-02 5.9132830992190716e-02 6.4901184484698379e-02 5.9701184031631660e-02 6.0558615825664429e-02 6.6649977061201168e-02 6.1805799081658772e-02 6.3565319197332340e-02 7.0070251225647640e-02 6.5885560070904528e-02 6.8517941976356370e-02 7.4688658332504126e-02 8.0702612671464447e-02 8.6687216901545322e-02 7.8487695350547906e-02 7.6372506696101711e-02 8.2739916024710897e-02 7.4527198488392260e-02 7.3011734505252307e-02 7.9452732783460142e-02 7.1834764607821885e-02 7.1026945159980426e-02 7.7364713296410426e-02 7.0534757578439300e-02 7.0372297660968086e-02 7.6652092084420503e-02 7.0515610369063675e-02 7.0986614925466748e-02 7.7352583781434503e-02 7.1807398911585121e-02 7.3014532894711021e-02 7.9505923451694910e-02 7.4593300701933846e-02 7.6478556480080034e-02 8.2822871533641831e-02 7.8567389264393273e-02 8.0722179155220619e-02 8.6678099757443255e-02 9.2623254088045143e-02 9.8564709671880302e-02 9.0827765538532307e-02 8.9063982864483554e-02 9.5372762409869097e-02 8.7436846083770822e-02 8.5983760625674241e-02 9.2566369891181513e-02 8.4795217151949820e-02 8.3915671186353250e-02 9.0618622405483226e-02 8.3369549357277167e-02 8.3193436215477659e-02 8.9932463953158737e-02 8.3375937374274206e-02 8.3937542360445011e-02 9.0663954202370889e-02 8.4840131349471090e-02 8.6052668791096146e-02 9.2634775027146732e-02 8.7502735530417555e-02 8.9116100973441095e-02 9.5403998054867614e-02 9.0837764131466922e-02 9.2616154583667648e-02 9.8563031684906960e-02 1.0453579735028681e-01 1.1055755417104525e-01 1.0308495016147534e-01 1.0168139056590535e-01 1.0801879139445110e-01 1.0037323021598829e-01 9.9182388210227970e-02 1.0582650636027090e-01 9.8188142901354275e-02 9.7427242831465921e-02 1.0429264224859168e-01 9.6957289994927462e-02 9.6808590516676452e-02 1.0375370734635965e-01 9.6982919010289506e-02 9.7477137350759233e-02 1.0433631666480202e-01 9.8242446017137178e-02 9.9239219219277225e-02 1.0587006764615092e-01 1.0040841484499190e-01 1.0170588021999617e-01 1.0804055244107934e-01 1.0309365473122574e-01 1.0454377668781456e-01 1.1057518670578222e-01 1.1664266489766315e-01 1.2279526725017316e-01 1.1548471479279565e-01 1.1439058831222212e-01 1.2080724501628613e-01 1.1338669764610147e-01 1.1249032933236852e-01 1.1917163609580694e-01 1.1174821985975868e-01 1.1118234750539685e-01 1.1806984144510503e-01 1.1083693704727826e-01 1.1072388410594515e-01 1.1768453174686765e-01 1.1085292707554673e-01 1.1121284074674845e-01 1.1808684616705950e-01 1.1177832114236230e-01 1.1252272352715521e-01 1.1919316324524366e-01 1.1341034514052474e-01 1.1441443946652381e-01 1.2083152297746415e-01 1.1550674409574929e-01 1.1666697340691727e-01 1.2282744845517360e-01 1.2901982089540798e-01 1.3530986510647305e-01 1.2810559540283378e-01 1.2726439952825125e-01 1.3375931569166755e-01 1.2651192488563420e-01 1.2586074139937958e-01 1.3255389406100307e-01 1.2533312913151690e-01 1.2493871791288888e-01 1.3178243293833991e-01 1.2470005218382742e-01 1.2461796565261998e-01 1.3151572965916999e-01 1.2470326006293211e-01 1.2494660040091732e-01 1.3178349248095517e-01 1.2534247026146539e-01 1.2587556887382598e-01 1.3256241947088726e-01 1.2653009994024211e-01 1.2728899763365814e-01 1.3378243609910778e-01 1.2813622980836745e-01 1.2905546844472407e-01 1.3535084836402655e-01 1.4166217112103360e-01 1.4806407745186878e-01 1.4093378909307677e-01 1.4028329156625610e-01 1.4682947795632911e-01 1.3971727292960540e-01 1.3924340189892084e-01 1.4592803405239496e-01 1.3886923376851906e-01 1.3859652833831668e-01 1.4538421311899161e-01 1.3843319954150823e-01 1.3837571589145739e-01 1.4520114114249491e-01 1.3843179375543369e-01 1.3859543080991860e-01 1.4538190290190831e-01 1.3887056401492603e-01 1.3924978835156385e-01 1.4593314273183772e-01 1.3973137476750591e-01 1.4030543919570407e-01 1.4685126084528349e-01 1.4096782681364628e-01 1.4170486156835649e-01 1.4811042338107927e-01 1.5450645611811362e-01 1.5390697426453445e-01 1.5339104501610276e-01 1.5295563256862679e-01 1.5260556831480498e-01 1.5233667221221475e-01 1.5214621433378817e-01 1.5203454467738248e-01 1.5199440256711469e-01 1.5203402185520651e-01 1.5214463872223533e-01 1.5233995750007884e-01 1.5261164499808377e-01 1.5297237591951365e-01 1.5341461682983340e-01 1.5394556925179373e-01 1.5455625680039595e-01
</DataArray>
      </PointData>
      <CellData>
        <DataArray type="Int64" format="ascii" Name="element_id">
0 1 2 3 4 5 6 7 8 9 10 11 12 13 14 15 16 17 18 19 20 21 22 23 24 25 26 27 28 29 30 31 32 33 34 35 36 37 38 39 40 41 42 43 44 45 46 47 48 49 50 51 52 53 54 55 56 57 58 59 60 61 62 63 64 65 66 67 68 69 70 71 72 73 74 75 76 77 78 79 80 81 82 83 84 85 86 87 88 89 90 91 92 93 94 95 96 97 98 99 100 101 102 103 104 105 106 107 108 109 110 111 112 113 114 115 116 117 118 119 120 121 122 123 124 125 126 127 128 129 130 131 132 133 134 135 136 137 138 139 140 141 142 143 144 145 146 147 148 149 150 151 152 153 154 155 156 157 158 159 160 161 162 163 164 165 166 167 168 169 170 171 172 173 174 175 176 177 178 179 180 181 182 183 184 185 186 187 188 189 190 191 192 193 194 195 196 197 198 199 200 201 202 203 204 205 206 207 208 209 210 211 212 213 214 215 216 217 218 219 220 221 222 223 224 225 226 227 228 229 230 231 232 233 234 235 236 237 238 239 240 241 242 243 244 245 246 247 248 249 250 251 252 253 254 255 256 257 258 259 260 261 262 263 264 265 266 267 268 269 270 271 272 273 274 275 276 277 278 279 280 281 282 283 284 285 286 287 288 289 290 291 292 293 294 295 296 297 298 299 300 301 302 303 304 305 306 307 308 309 310 311 312 313 314 315 316 317 318 319 320 321 322 323
</DataArray>
        <DataArray type="Int64" format="ascii" Name="material_id">
2 2 2 2 2 2 2 2 2 2 2 2 2 2 2 2 2 2 2 2 2 2 2 2 2 2 2 2 2 2 2 2 2 2 2 2 2 2 2 2 2 2 2 2 2 2 2 2 2 2 2 2 2 2 2 2 2 2 2 2 2 2 2 2 2 2 2 2 2 2 2 2 2 2 2 2 2 2 2 2 2 2 2 2 2 2 2 2 2 2 2 2 2 2 2 2 2 2 2 2 2 2 2 2 2 2 2 2 2 2 2 2 2 2 2 2 2 2 2 2 2 2 2 2 2 2 2 2 2 2 2 2 2 2 2 2 2 2 2 2 2 2 2 2 2 2 2 2 2 2 2 2 2 2 2 2 2 2 2 2 2 2 1 1 1 1 1 1 1 1 1 1 1 1 1 1 1 1 1 1 1 1 1 1 1 1 1 1 1 1 1 1 1 1 1 1 1 1 1 1 1 1 1 1 1 1 1 1 1 1 1 1 1 1 1 1 1 1 1 1 1 1 1 1 1 1 1 1 1 1 1 1 1 1 1 1 1 1 1 1 1 1 1 1 1 1 1 1 1 1 1 1 1 1 1 1 1 1 1 1 1 1 1 1 1 1 1 1 1 1 1 1 1 1 1 1 1 1 1 1 1 1 1 1 1 1 1 1 1 1 1 1 1 1 1 1 1 1 1 1 1 1 1 1 1 1 1 1 1 1 1 1 1 1 1 1 1 1 1 1 1 1 1 1
</DataArray>
        <DataArray type="Float64" format="ascii" Name="Strain" NumberOfComponents="9">
-2.7461713000831559e-02 2.4184684090338454e-03 0.0000000000000000e+00 2.4184684090338454e-03 5.3833901740526414e-02 0.0000000000000000e+00 0.0000000000000000e+00 0.0000000000000000e+00 0.0000000000000000e+00 -2.3188092387556151e-02 1.2402062160045252e-03 0.0000000000000000e+00 1.2402062160045252e-03 4.8936745166203138e-02 0.0000000000000000e+00 0.0000000000000000e+00 0.0000000000000000e+00 0.0000000000000000e+00 -2.6590857357922593e-02 3.4559084947303818e-03 0.0000000000000000e+00 3.4559084947303818e-03 4.7904276407988805e-02 0.0000000000000000e+00 0.0000000000000000e+00 0.0000000000000000e+00 0.0000000000000000e+00 -2.4489535038413945e-02 2.1357512195683201e-03 0.0000000000000000e+00 2.1357512195683201e-03 4.6847719605615651e-02 0.0000000000000000e+00 0.0000000000000000e+00 0.0000000000000000e+00 0.0000000000000000e+00 -2.7351971686321617e-02 2.2036994806327731e-03 0.0000000000000000e+00 2.2036994806327731e-03 4.7970366190382564e-02 0.0000000000000000e+00 0.0000000000000000e+00 0.0000000000000000e+00 0.0000000000000000e+00 -2.5729084711281606e-02 1.4693630748062688e-03 0.0000000000000000e+00 1.4693630748062688e-03 4.7073693187671982e-02 0.0000000000000000e+00 0.0000000000000000e+00 0.0000000000000000e+00 0.0000000000000000e+00 -2.7831370065437913e-02 1.1089858567501071e-03 0.0000000000000000e+00 1.1089858567501071e-03 4.8100926272327135e-02 0.0000000000000000e+00 0.0000000000000000e+00 0.0000000000000000e+00 0.0000000000000000e+00 -2.6344171425122073e-02 6.4703197386283267e-04 0.0000000000000000e+00 6.4703197386283267e-04 4.7284320908028053e-02 0.0000000000000000e+00 0.0000000000000000e+00 0.0000000000000000e+00 0.0000000000000000e+00 -2.8034542507424948e-02 1.3742855751340449e-04 0.0000000000000000e+00 1.3742855751340449e-04 4.8171021965493152e-02 0.0000000000000000e+00 0.0000000000000000e+00 0.0000000000000000e+00 0.0000000000000000e+00 -2.6493968234218557e-02 -1.3793772382779071e-04 0.0000000000000000e+00 -1.3793772382779071e-04 4.7342001644299622e-02 0.0000000000000000e+00 0.0000000000000000e+00 0.0000000000000000e+00 0.0000000000000000e+00 -2.7953084777021523e-02 -8.2849640180136254e-04 0.0000000000000000e+00 -8.2849640180136254e-04 4.8157084115794897e-02 0.0000000000000000e+00 0.0000000000000000e+00 0.0000000000000000e+00 0.0000000000000000e+00 -2.6209907604872948e-02 -9.4096629515083813e-04 0.0000000000000000e+00 -9.4096629515083813e-04 4.7230497961468949e-02 0.0000000000000000e+00 0.0000000000000000e+00 0.0000000000000000e+00 0.0000000000000000e+00 -2.7635318118452670e-02 -1.9195704025090994e-03 0.0000000000000000e+00 -1.9195704025090994e-03 4.8107125408269447e-02 0.0000000000000000e+00 0.0000000000000000e+00 0.0000000000000000e+00 0.0000000000000000e+00 -2.5403514634219915e-02 -1.8176423613349617e-03 0.0000000000000000e+00 -1.8176423613349617e-03 4.6940998867212314e-02 0.0000000000000000e+00 0.0000000000000000e+00 0.0000000000000000e+00 0.0000000000000000e+00 -2.7112603393034639e-02 -3.2277474537282073e-03 0.0000000000000000e+00 -3.2277474537282073e-03 4.8162407470912778e-02 0.0000000000000000e+00 0.0000000000000000e+00 0.0000000000000000e+00 0.0000000000000000e+00 -2.3754305267443099e-02 -2.3734228347625148e-03 0.0000000000000000e+00 -2.3734228347625148e-03 4.6737021755441727e-02 0.0000000000000000e+00 0.0000000000000000e+00 0.0000000000000000e+00 0.0000000000000000e+00 -2.6217572111587220e-02 -3.2019987342712464e-03 0.0000000000000000e+00 -3.2019987342712464e-03 4.9741763125163499e-02 0.0000000000000000e+00 0.0000000000000000e+00 0.0000000000000000e+00 0.0000000000000000e+00 -2.3122606239666402e-02 -3.4474404585312790e-04 0.0000000000000000e+00 -3.4474404585312790e-04 5.2072934296661225e-02 0.0000000000000000e+00 0.0000000000000000e+00 0.0000000000000000e+00 0.0000000000000000e+00 -2.1814722302234694e-02 -1.2782186666994435e-03 0.0000000000000000e+00 -1.2782186666994435e-03 5.1173329048710040e-02 0.0000000000000000e+00 0.0000000000000000e+00 0.0000000000000000e+00 0.0000000000000000e+00 -2.0811917913391143e-02 -1.4457105453533794e-03 0.0000000000000000e+00 -1.4457105453533794e-03 4.8482126884032153e-02 0.0000000000000000e+00 0.0000000000000000e+00 0.0000000000000000e+00 0.0000000000000000e+00 -2.1081140563318473e-02 -2.3216207448768230e-04 0.0000000000000000e+00 -2.3216207448768230e-04 4.6088713629700566e-02 0.0000000000000000e+00 0.0000000000000000e+00 0.0000000000000000e+00 0.0000000000000000e+00 -2.0671504768779575e-02 -7.6491978059978964e-04 0.0000000000000000e+00 -7.6491978059978964e-04 4.5496715882355605e-02 0.0000000000000000e+00 0.0000000000000000e+00 0.0000000000000000e+00 0.0000000000000000e+00 -2.2384404480567149e-02 4.1716528821450407e-04 0.0000000000000000e+00 4.1716528821450407e-04 4.5546364834440675e-02 0.0000000000000000e+00 0.0000000000000000e+00 0.0000000000000000e+00 0.0000000000000000e+00 -2.1718698317911490e-02 -2.0531068634377858e-04 0.0000000000000000e+00 -2.0531068634377858e-04 4.5203581462968573e-02 0.0000000000000000e+00 0.0000000000000000e+00 0.0000000000000000e+00 0.0000000000000000e+00 -2.3391864461422194e-02 3.0350094731167876e-04 0.0000000000000000e+00 3.0350094731167876e-04 4.5814801174240048e-02 0.0000000000000000e+00 0.0000000000000000e+00 0.0000000000000000e+00 0.0000000000000000e+00 -2.2480341207596895e-02 -4.5098512836925887e-05 0.0000000000000000e+00 -4.5098512836925887e-05 4.5400520703416027e-02 0.0000000000000000e+00 0.0000000000000000e+00 0.0000000000000000e+00 0.0000000000000000e+00 -2.3792123979156508e-02 3.1796446631454929e-05 0.0000000000000000e+00 3.1796446631454929e-05 4.5976901737123564e-02 0.0000000000000000e+00 0.0000000000000000e+00 0.0000000000000000e+00 0.0000000000000000e+00 -2.2674288667771807e-02 -1.5742327908484700e-05 0.0000000000000000e+00 -1.5742327908484700e-05 4.5473079145090106e-02 0.0000000000000000e+00 0.0000000000000000e+00 0.0000000000000000e+00 0.0000000000000000e+00 -2.3596804710977817e-02 -2.5260419807323525e-04 0.0000000000000000e+00 -2.5260419807323525e-04 4.5900635791917270e-02 0.0000000000000000e+00 0.0000000000000000e+00 0.0000000000000000e+00 0.0000000000000000e+00 -2.2276580830960881e-02 2.9977621276794721e-05 0.0000000000000000e+00 2.9977621276794721e-05 4.5332857676681992e-02 0.0000000000000000e+00 0.0000000000000000e+00 0.0000000000000000e+00 0.0000000000000000e+00 -2.2763108069232107e-02 -4.5009105020317615e-04 0.0000000000000000e+00 -4.5009105020317615e-04 4.5617156815528970e-02 0.0000000000000000e+00 0.0000000000000000e+00 0.0000000000000000e+00 0.0000000000000000e+00 -2.1316628455963504e-02 3.0282254123448665e-04 0.0000000000000000e+00 3.0282254123448665e-04 4.5165495967532061e-02 0.0000000000000000e+00 0.0000000000000000e+00 0.0000000000000000e+00 0.0000000000000000e+00 -2.1322184476533876e-02 -1.2782153646419083e-04 0.0000000000000000e+00 -1.2782153646419083e-04 4.5571344781586885e-02 0.0000000000000000e+00 0.0000000000000000e+00 0.0000000000000000e+00 0.0000000000000000e+00 -2.0339802540522738e-02 1.2217196920435156e-03 0.0000000000000000e+00 1.2217196920435156e-03 4.6014667474692190e-02 0.0000000000000000e+00 0.0000000000000000e+00 0.0000000000000000e+00 0.0000000000000000e+00 -2.0992192910617848e-02 1.2327711757023397e-03 0.0000000000000000e+00 1.2327711757023397e-03 4.8698037437435206e-02 0.0000000000000000e+00 0.0000000000000000e+00 0.0000000000000000e+00 0.0000000000000000e+00 -2.1860019114383143e-02 1.2779256665698278e-03 0.0000000000000000e+00 1.2779256665698278e-03 5.1024381454484416e-02 0.0000000000000000e+00 0.0000000000000000e+00 0.0000000000000000e+00 0.0000000000000000e+00 -2.1072291214781505e-02 -1.2113876057178183e-03 0.0000000000000000e+00 -1.2113876057178183e-03 4.9336802496347275e-02 0.0000000000000000e+00 0.0000000000000000e+00 0.0000000000000000e+00 0.0000000000000000e+00 -2.0360052163671847e-02 -1.8860879735273597e-03 0.0000000000000000e+00 -1.8860879735273597e-03 4.7654922489803062e-02 0.0000000000000000e+00 0.0000000000000000e+00 0.0000000000000000e+00 0.0000000000000000e+00 -1.9888194711536925e-02 -2.1811478921910238e-03 0.0000000000000000e+00 -2.1811478921910238e-03 4.6045873325167429e-02 0.0000000000000000e+00 0.0000000000000000e+00 0.0000000000000000e+00 0.0000000000000000e+00 -1.9663821642615646e-02 -2.2226669977800729e-03 0.0000000000000000e+00 -2.2226669977800729e-03 4.5488870142153220e-02 0.0000000000000000e+00 0.0000000000000000e+00 0.0000000000000000e+00 0.0000000000000000e+00 -2.0105262694542908e-02 -1.4140216164818832e-03 0.0000000000000000e+00 -1.4140216164818832e-03 4.4903705823683686e-02 0.0000000000000000e+00 0.0000000000000000e+00 0.0000000000000000e+00 0.0000000000000000e+00 -1.9845878293804069e-02 -1.4689710450816120e-03 0.0000000000000000e+00 -1.4689710450816120e-03 4.4774064616274457e-02 0.0000000000000000e+00 0.0000000000000000e+00 0.0000000000000000e+00 0.0000000000000000e+00 -2.0656592308231903e-02 -6.7178625124702954e-04 0.0000000000000000e+00 -6.7178625124702954e-04 4.4785105681371749e-02 0.0000000000000000e+00 0.0000000000000000e+00 0.0000000000000000e+00 0.0000000000000000e+00 -2.0177940430224205e-02 -6.4294217077452492e-04 0.0000000000000000e+00 -6.4294217077452492e-04 4.4676193326411540e-02 0.0000000000000000e+00 0.0000000000000000e+00 0.0000000000000000e+00 0.0000000000000000e+00 -2.0929463746572858e-02 -9.7107724495589244e-05 0.0000000000000000e+00 -9.7107724495589244e-05 4.4832794230820122e-02 0.0000000000000000e+00 0.0000000000000000e+00 0.0000000000000000e+00 0.0000000000000000e+00 -2.0273783987575775e-02 1.1419884031219546e-04 0.0000000000000000e+00 1.1419884031219546e-04 4.4678890556448768e-02 0.0000000000000000e+00 0.0000000000000000e+00 0.0000000000000000e+00 0.0000000000000000e+00 -2.0774067626269582e-02 4.5334763438882494e-04 0.0000000000000000e+00 4.5334763438882494e-04 4.4796963800210518e-02 0.0000000000000000e+00 0.0000000000000000e+00 0.0000000000000000e+00 0.0000000000000000e+00 -2.0061521604276565e-02 8.9884276877859705e-04 0.0000000000000000e+00 8.9884276877859705e-04 4.4677560788134167e-02 0.0000000000000000e+00 0.0000000000000000e+00 0.0000000000000000e+00 0.0000000000000000e+00 -2.0257593146105150e-02 1.1396021584323440e-03 0.0000000000000000e+00 1.1396021584323440e-03 4.4797407322158984e-02 0.0000000000000000e+00 0.0000000000000000e+00 0.0000000000000000e+00 0.0000000000000000e+00 -1.9706240164735083e-02 1.7861728059286276e-03 0.0000000000000000e+00 1.7861728059286276e-03 4.4911907305546221e-02 0.0000000000000000e+00 0.0000000000000000e+00 0.0000000000000000e+00 0.0000000000000000e+00 -1.9852469755631291e-02 1.9777480348261017e-03 0.0000000000000000e+00 1.9777480348261017e-03 4.5508913882492279e-02 0.0000000000000000e+00 0.0000000000000000e+00 0.0000000000000000e+00 0.0000000000000000e+00 -1.9796640480450552e-02 2.4199321478313505e-03 0.0000000000000000e+00 2.4199321478313505e-03 4.6119918132777521e-02 0.0000000000000000e+00 0.0000000000000000e+00 0.0000000000000000e+00 0.0000000000000000e+00 -2.0558438844074451e-02 1.8749450782103185e-03 0.0000000000000000e+00 1.8749450782103185e-03 4.8147481592465340e-02 0.0000000000000000e+00 0.0000000000000000e+00 0.0000000000000000e+00 0.0000000000000000e+00 -2.0898884494713926e-02 1.1313298086586343e-03 0.0000000000000000e+00 1.1313298086586343e-03 4.8810826191897291e-02 0.0000000000000000e+00 0.0000000000000000e+00 0.0000000000000000e+00 0.0000000000000000e+00 -2.0246839901419879e-02 -1.0557785589197788e-03 0.0000000000000000e+00 -1.0557785589197788e-03 4.7301971057809561e-02 0.0000000000000000e+00 0.0000000000000000e+00 0.0000000000000000e+00 0.0000000000000000e+00 -1.9826446322785091e-02 -1.7873194397658814e-03 0.0000000000000000e+00 -1.7873194397658814e-03 4.6392489444311187e-02 0.0000000000000000e+00 0.0000000000000000e+00 0.0000000000000000e+00 0.0000000000000000e+00 -1.9567307178345802e-02 -2.5524602903439363e-03 0.0000000000000000e+00 -2.5524602903439363e-03 4.5894517349964227e-02 0.0000000000000000e+00 0.0000000000000000e+00 0.0000000000000000e+00 0.0000000000000000e+00 -1.9341016566268604e-02 -2.4888498955521810e-03 0.0000000000000000e+00 -2.4888498955521810e-03 4.5532656858910357e-02 0.0000000000000000e+00 0.0000000000000000e+00 0.0000000000000000e+00 0.0000000000000000e+00 -1.9278798910692254e-02 -2.1456486805992597e-03 0.0000000000000000e+00 -2.1456486805992597e-03 4.5030522488236420e-02 0.0000000000000000e+00 0.0000000000000000e+00 0.0000000000000000e+00 0.0000000000000000e+00 -1.9053800177346748e-02 -1.8604758937555317e-03 0.0000000000000000e+00 -1.8604758937555317e-03 4.4963145511255083e-02 0.0000000000000000e+00 0.0000000000000000e+00 0.0000000000000000e+00 0.0000000000000000e+00 -1.9268988436335836e-02 -1.1734354234735334e-03 0.0000000000000000e+00 -1.1734354234735334e-03 4.4689442295054706e-02 0.0000000000000000e+00 0.0000000000000000e+00 0.0000000000000000e+00 0.0000000000000000e+00 -1.8934102755995809e-02 -8.5737138785519013e-04 0.0000000000000000e+00 -8.5737138785519013e-04 4.4689968080015303e-02 0.0000000000000000e+00 0.0000000000000000e+00 0.0000000000000000e+00 0.0000000000000000e+00 -1.9293370158430617e-02 -1.6129614945776258e-04 0.0000000000000000e+00 -1.6129614945776258e-04 4.4595780527685078e-02 0.0000000000000000e+00 0.0000000000000000e+00 0.0000000000000000e+00 0.0000000000000000e+00 -1.8901286161140656e-02 1.7771512550835252e-04 0.0000000000000000e+00 1.7771512550835252e-04 4.4625246221196076e-02 0.0000000000000000e+00 0.0000000000000000e+00 0.0000000000000000e+00 0.0000000000000000e+00 -1.9265090890958351e-02 8.4020519831024020e-04 0.0000000000000000e+00 8.4020519831024020e-04 4.4636344909705909e-02 0.0000000000000000e+00 0.0000000000000000e+00 0.0000000000000000e+00 0.0000000000000000e+00 -1.8943083140424834e-02 1.2188911905723248e-03 0.0000000000000000e+00 1.2188911905723248e-03 4.4753246127168952e-02 0.0000000000000000e+00 0.0000000000000000e+00 0.0000000000000000e+00 0.0000000000000000e+00 -1.9245126859425619e-02 1.8397552141937897e-03 0.0000000000000000e+00 1.8397552141937897e-03 4.4886694263202777e-02 0.0000000000000000e+00 0.0000000000000000e+00 0.0000000000000000e+00 0.0000000000000000e+00 -1.9119200922025143e-02 2.1780242254668398e-03 0.0000000000000000e+00 2.1780242254668398e-03 4.5143393364320106e-02 0.0000000000000000e+00 0.0000000000000000e+00 0.0000000000000000e+00 0.0000000000000000e+00 -1.9446904220191154e-02 2.5160398595204586e-03 0.0000000000000000e+00 2.5160398595204586e-03 4.5600622340071902e-02 0.0000000000000000e+00 0.0000000000000000e+00 0.0000000000000000e+00 0.0000000000000000e+00 -1.9525030673041139e-02 2.4988507352498991e-03 0.0000000000000000e+00 2.4988507352498991e-03 4.5885596562550438e-02 0.0000000000000000e+00 0.0000000000000000e+00 0.0000000000000000e+00 0.0000000000000000e+00 -2.0046071656266224e-02 1.8201217406795512e-03 0.0000000000000000e+00 1.8201217406795512e-03 4.6911801331592666e-02 0.0000000000000000e+00 0.0000000000000000e+00 0.0000000000000000e+00 0.0000000000000000e+00 -2.0016082722554663e-02 9.9303243025649539e-04 0.0000000000000000e+00 9.9303243025649539e-04 4.6745938832780880e-02 0.0000000000000000e+00 0.0000000000000000e+00 0.0000000000000000e+00 0.0000000000000000e+00 -1.9438453948456769e-02 -9.1759682810797999e-04 0.0000000000000000e+00 -9.1759682810797999e-04 4.5409853496336063e-02 0.0000000000000000e+00 0.0000000000000000e+00 0.0000000000000000e+00 0.0000000000000000e+00 -1.9294051945699300e-02 -1.5012273388824414e-03 0.0000000000000000e+00 -1.5012273388824414e-03 4.5187835113509489e-02 0.0000000000000000e+00 0.0000000000000000e+00 0.0000000000000000e+00 0.0000000000000000e+00 -1.9302049401091710e-02 -2.2610288378576231e-03 0.0000000000000000e+00 -2.2610288378576231e-03 4.5588770777175630e-02 0.0000000000000000e+00 0.0000000000000000e+00 0.0000000000000000e+00 0.0000000000000000e+00 -1.9058497907714932e-02 -2.0229902369081239e-03 0.0000000000000000e+00 -2.0229902369081239e-03 4.5507292841676254e-02 0.0000000000000000e+00 0.0000000000000000e+00 0.0000000000000000e+00 0.0000000000000000e+00 -1.8837565461333111e-02 -1.9550100184779979e-03 0.0000000000000000e+00 -1.9550100184779979e-03 4.5279645785606150e-02 0.0000000000000000e+00 0.0000000000000000e+00 0.0000000000000000e+00 0.0000000000000000e+00 -1.8441577810934209e-02 -1.4564684225851477e-03 0.0000000000000000e+00 -1.4564684225851477e-03 4.5197598574743848e-02 0.0000000000000000e+00 0.0000000000000000e+00 0.0000000000000000e+00 0.0000000000000000e+00 -1.8386949945703234e-02 -1.0767846406344048e-03 0.0000000000000000e+00 -1.0767846406344048e-03 4.4889637369253915e-02 0.0000000000000000e+00 0.0000000000000000e+00 0.0000000000000000e+00 0.0000000000000000e+00 -1.7913353473558789e-02 -6.4259904700756417e-04 0.0000000000000000e+00 -6.4259904700756417e-04 4.4806033345761324e-02 0.0000000000000000e+00 0.0000000000000000e+00 0.0000000000000000e+00 0.0000000000000000e+00 -1.8168165490858163e-02 -1.3375758029155518e-04 0.0000000000000000e+00 -1.3375758029155518e-04 4.4690371325479747e-02 0.0000000000000000e+00 0.0000000000000000e+00 0.0000000000000000e+00 0.0000000000000000e+00 -1.7751708055498534e-02 1.5383580666167914e-04 0.0000000000000000e+00 1.5383580666167914e-04 4.4678320435721425e-02 0.0000000000000000e+00 0.0000000000000000e+00 0.0000000000000000e+00 0.0000000000000000e+00 -1.8262381495509052e-02 7.9357695567095323e-04 0.0000000000000000e+00 7.9357695567095323e-04 4.4785724966728786e-02 0.0000000000000000e+00 0.0000000000000000e+00 0.0000000000000000e+00 0.0000000000000000e+00 -1.8027889024667024e-02 9.5204500678738109e-04 0.0000000000000000e+00 9.5204500678738109e-04 4.4904089824943094e-02 0.0000000000000000e+00 0.0000000000000000e+00 0.0000000000000000e+00 0.0000000000000000e+00 -1.8648606775410741e-02 1.6848127396948290e-03 0.0000000000000000e+00 1.6848127396948290e-03 4.5145326662053356e-02 0.0000000000000000e+00 0.0000000000000000e+00 0.0000000000000000e+00 0.0000000000000000e+00 -1.8634751667033902e-02 1.7180012810653056e-03 0.0000000000000000e+00 1.7180012810653056e-03 4.5341201068787737e-02 0.0000000000000000e+00 0.0000000000000000e+00 0.0000000000000000e+00 0.0000000000000000e+00 -1.9171171795735291e-02 2.2264037154641875e-03 0.0000000000000000e+00 2.2264037154641875e-03 4.5569832479015852e-02 0.0000000000000000e+00 0.0000000000000000e+00 0.0000000000000000e+00 0.0000000000000000e+00 -1.9221068977988101e-02 2.0257523119739580e-03 0.0000000000000000e+00 2.0257523119739580e-03 4.5558821548361834e-02 0.0000000000000000e+00 0.0000000000000000e+00 0.0000000000000000e+00 0.0000000000000000e+00 -1.9488072115607744e-02 1.5741870000553768e-03 0.0000000000000000e+00 1.5741870000553768e-03 4.5636001518820690e-02 0.0000000000000000e+00 0.0000000000000000e+00 0.0000000000000000e+00 0.0000000000000000e+00 -1.9240924852414430e-02 8.3884813333974897e-04 0.0000000000000000e+00 8.3884813333974897e-04 4.4946745785403738e-02 0.0000000000000000e+00 0.0000000000000000e+00 0.0000000000000000e+00 0.0000000000000000e+00 -1.8751240161879731e-02 -7.2251348733800669e-04 0.0000000000000000e+00 -7.2251348733800669e-04 4.3844624258534470e-02 0.0000000000000000e+00 0.0000000000000000e+00 0.0000000000000000e+00 0.0000000000000000e+00 -1.8885168962567929e-02 -9.3155102283129542e-04 0.0000000000000000e+00 -9.3155102283129542e-04 4.4388647267067878e-02 0.0000000000000000e+00 0.0000000000000000e+00 0.0000000000000000e+00 0.0000000000000000e+00 -1.8967940185131104e-02 -1.4059491468406844e-03 0.0000000000000000e+00 -1.4059491468406844e-03 4.5380848505414961e-02 0.0000000000000000e+00 0.0000000000000000e+00 0.0000000000000000e+00 0.0000000000000000e+00 -1.8523253176224143e-02 -7.5553181597904457e-04 0.0000000000000000e+00 -7.5553181597904457e-04 4.5492266319467026e-02 0.0000000000000000e+00 0.0000000000000000e+00 0.0000000000000000e+00 0.0000000000000000e+00 -1.8134659486784034e-02 -9.3476636987022816e-04 0.0000000000000000e+00 -9.3476636987022816e-04 4.5357010343105138e-02 0.0000000000000000e+00 0.0000000000000000e+00 0.0000000000000000e+00 0.0000000000000000e+00 -1.7291847020230951e-02 -2.3702093194220061e-04 0.0000000000000000e+00 -2.3702093194220061e-04 4.5058802639591652e-02 0.0000000000000000e+00 0.0000000000000000e+00 0.0000000000000000e+00 0.0000000000000000e+00 -1.7164223297991402e-02 -3.9697559472510921e-04 0.0000000000000000e+00 -3.9697559472510921e-04 4.4784043059781689e-02 0.0000000000000000e+00 0.0000000000000000e+00 0.0000000000000000e+00 0.0000000000000000e+00 -1.6264843788256367e-02 2.3635144703241727e-06 0.0000000000000000e+00 2.3635144703241727e-06 4.4388459960068245e-02 0.0000000000000000e+00 0.0000000000000000e+00 0.0000000000000000e+00 0.0000000000000000e+00 -1.6685831789679622e-02 -1.1191006688372139e-05 0.0000000000000000e+00 -1.1191006688372139e-05 4.4441708655083928e-02 0.0000000000000000e+00 0.0000000000000000e+00 0.0000000000000000e+00 0.0000000000000000e+00 -1.5961947610793236e-02 4.8012730299151014e-05 0.0000000000000000e+00 4.8012730299151014e-05 4.4166911646681746e-02 0.0000000000000000e+00 0.0000000000000000e+00 0.0000000000000000e+00 0.0000000000000000e+00 -1.6898050331982384e-02 3.3016794563024129e-04 0.0000000000000000e+00 3.3016794563024129e-04 4.4596562010781292e-02 0.0000000000000000e+00 0.0000000000000000e+00 0.0000000000000000e+00 0.0000000000000000e+00 -1.6481216856864753e-02 1.1282089274013633e-04 0.0000000000000000e+00 1.1282089274013633e-04 4.4534780156635187e-02 0.0000000000000000e+00 0.0000000000000000e+00 0.0000000000000000e+00 0.0000000000000000e+00 -1.7718337526165619e-02 7.5866087098243914e-04 0.0000000000000000e+00 7.5866087098243914e-04 4.5135632408561180e-02 0.0000000000000000e+00 0.0000000000000000e+00 0.0000000000000000e+00 0.0000000000000000e+00 -1.7638120768031743e-02 3.9353117827536232e-04 0.0000000000000000e+00 3.9353117827536232e-04 4.5224433184735083e-02 0.0000000000000000e+00 0.0000000000000000e+00 0.0000000000000000e+00 0.0000000000000000e+00 -1.8714825107890944e-02 1.2199792451796513e-03 0.0000000000000000e+00 1.2199792451796513e-03 4.5503363914484375e-02 0.0000000000000000e+00 0.0000000000000000e+00 0.0000000000000000e+00 0.0000000000000000e+00 -1.8771916212103362e-02 8.7551482976493372e-04 0.0000000000000000e+00 8.7551482976493372e-04 4.5375812713159047e-02 0.0000000000000000e+00 0.0000000000000000e+00 0.0000000000000000e+00 0.0000000000000000e+00 -1.9014211475734774e-02 1.0766423814326683e-03 0.0000000000000000e+00 1.0766423814326683e-03 4.4663295441629350e-02 0.0000000000000000e+00 0.0000000000000000e+00 0.0000000000000000e+00 0.0000000000000000e+00 -1.8654717673234993e-02 5.7780578732730700e-04 0.0000000000000000e+00 5.7780578732730700e-04 4.3600948128748214e-02 0.0000000000000000e+00 0.0000000000000000e+00 0.0000000000000000e+00 0.0000000000000000e+00 -1.8307779385035548e-02 -3.0974399412473297e-04 0.0000000000000000e+00 -3.0974399412473297e-04 4.2945258201622802e-02 0.0000000000000000e+00 0.0000000000000000e+00 0.0000000000000000e+00 0.0000000000000000e+00 -1.8675921094412792e-02 4.1903815434646085e-04 0.0000000000000000e+00 4.1903815434646085e-04 4.4522718671925351e-02 0.0000000000000000e+00 0.0000000000000000e+00 0.0000000000000000e+00 0.0000000000000000e+00 -1.8353945198011902e-02 5.1353408217966895e-04 0.0000000000000000e+00 5.1353408217966895e-04 4.5464985752954143e-02 0.0000000000000000e+00 0.0000000000000000e+00 0.0000000000000000e+00 0.0000000000000000e+00 -1.7128707489232849e-02 1.8968786515183166e-03 0.0000000000000000e+00 1.8968786515183166e-03 4.5308253811231491e-02 0.0000000000000000e+00 0.0000000000000000e+00 0.0000000000000000e+00 0.0000000000000000e+00 -1.6453600338091668e-02 1.1180105139587386e-03 0.0000000000000000e+00 1.1180105139587386e-03 4.4864613530795752e-02 0.0000000000000000e+00 0.0000000000000000e+00 0.0000000000000000e+00 0.0000000000000000e+00 -1.4752208527281567e-02 1.9100334781839425e-03 0.0000000000000000e+00 1.9100334781839425e-03 4.3955049160860113e-02 0.0000000000000000e+00 0.0000000000000000e+00 0.0000000000000000e+00 0.0000000000000000e+00 -1.4779513510881925e-02 8.5422327030924101e-04 0.0000000000000000e+00 8.5422327030924101e-04 4.3763417105778267e-02 0.0000000000000000e+00 0.0000000000000000e+00 0.0000000000000000e+00 0.0000000000000000e+00 -1.3212286528687764e-02 1.0278034213603608e-03 0.0000000000000000e+00 1.0278034213603608e-03 4.2823314717479549e-02 0.0000000000000000e+00 0.0000000000000000e+00 0.0000000000000000e+00 0.0000000000000000e+00 -1.4050062620477028e-02 1.9507326755709205e-04 0.0000000000000000e+00 1.9507326755709205e-04 4.3218427835670349e-02 0.0000000000000000e+00 0.0000000000000000e+00 0.0000000000000000e+00 0.0000000000000000e+00 -1.2806361397918183e-02 -1.2197362908314985e-04 0.0000000000000000e+00 -1.2197362908314985e-04 4.2502231233104856e-02 0.0000000000000000e+00 0.0000000000000000e+00 0.0000000000000000e+00 0.0000000000000000e+00 -1.4372591671036643e-02 -5.1950225308253206e-04 0.0000000000000000e+00 -5.1950225308253206e-04 4.3455213273750473e-02 0.0000000000000000e+00 0.0000000000000000e+00 0.0000000000000000e+00 0.0000000000000000e+00 -1.3521505681516185e-02 -1.2462634753408381e-03 0.0000000000000000e+00 -1.2462634753408381e-03 4.3045965401408308e-02 0.0000000000000000e+00 0.0000000000000000e+00 0.0000000000000000e+00 0.0000000000000000e+00 -1.5690072284220195e-02 -1.0125366881923053e-03 0.0000000000000000e+00 -1.0125366881923053e-03 4.4365414899479677e-02 0.0000000000000000e+00 0.0000000000000000e+00 0.0000000000000000e+00 0.0000000000000000e+00 -1.5309493081120517e-02 -2.0113573723103385e-03 0.0000000000000000e+00 -2.0113573723103385e-03 4.4283182492246165e-02 0.0000000000000000e+00 0.0000000000000000e+00 0.0000000000000000e+00 0.0000000000000000e+00 -1.7611925282463449e-02 -8.9611343579107632e-04 0.0000000000000000e+00 -8.9611343579107632e-04 4.5315906761056540e-02 0.0000000000000000e+00 0.0000000000000000e+00 0.0000000000000000e+00 0.0000000000000000e+00 -1.7697190369813588e-02 -1.6762747372887584e-03 0.0000000000000000e+00 -1.6762747372887584e-03 4.5328263904141519e-02 0.0000000000000000e+00 0.0000000000000000e+00 0.0000000000000000e+00 0.0000000000000000e+00 -1.8702143691905627e-02 -8.5039875391983236e-05 0.0000000000000000e+00 -8.5039875391983236e-05 4.4409855278292013e-02 0.0000000000000000e+00 0.0000000000000000e+00 0.0000000000000000e+00 0.0000000000000000e+00 -1.8438700214738132e-02 -5.5789378953409218e-05 0.0000000000000000e+00 -5.5789378953409218e-05 4.3226788696860155e-02 0.0000000000000000e+00 0.0000000000000000e+00 0.0000000000000000e+00 0.0000000000000000e+00 -1.8410985453582294e-02 1.0533483829064179e-03 0.0000000000000000e+00 1.0533483829064179e-03 4.3830853109431724e-02 0.0000000000000000e+00 0.0000000000000000e+00 0.0000000000000000e+00 0.0000000000000000e+00 -1.7903504489934569e-02 4.4798472642208365e-03 0.0000000000000000e+00 4.4798472642208365e-03 4.6327325542364066e-02 0.0000000000000000e+00 0.0000000000000000e+00 0.0000000000000000e+00 0.0000000000000000e+00 -1.6273438827919696e-02 4.5977142685530124e-03 0.0000000000000000e+00 4.5977142685530124e-03 4.5307529826457790e-02 0.0000000000000000e+00 0.0000000000000000e+00 0.0000000000000000e+00 0.0000000000000000e+00 -1.3173226600200103e-02 6.5186989435133506e-03 0.0000000000000000e+00 6.5186989435133506e-03 4.3739512223289354e-02 0.0000000000000000e+00 0.0000000000000000e+00 0.0000000000000000e+00 0.0000000000000000e+00 -1.2611102186814622e-02 4.2390487237352718e-03 0.0000000000000000e+00 4.2390487237352718e-03 4.2893929405370394e-02 0.0000000000000000e+00 0.0000000000000000e+00 0.0000000000000000e+00 0.0000000000000000e+00 -9.7739580349606500e-03 4.5786609129052852e-03 0.0000000000000000e+00 4.5786609129052852e-03 4.0982619515050327e-02 0.0000000000000000e+00 0.0000000000000000e+00 0.0000000000000000e+00 0.0000000000000000e+00 -1.0534351173237875e-02 2.4288400697488137e-03 0.0000000000000000e+00 2.4288400697488137e-03 4.1244419132562854e-02 0.0000000000000000e+00 0.0000000000000000e+00 0.0000000000000000e+00 0.0000000000000000e+00 -8.3250091060655621e-03 2.1119028923563521e-03 0.0000000000000000e+00 2.1119028923563521e-03 3.9711727993299958e-02 0.0000000000000000e+00 0.0000000000000000e+00 0.0000000000000000e+00 0.0000000000000000e+00 -9.7766665664984227e-03 4.2433921943180777e-04 0.0000000000000000e+00 4.2433921943180777e-04 4.0601567126582687e-02 0.0000000000000000e+00 0.0000000000000000e+00 0.0000000000000000e+00 0.0000000000000000e+00 -7.9953683181874877e-03 -3.0371795999911330e-04 0.0000000000000000e+00 -3.0371795999911330e-04 3.9409143502089586e-02 0.0000000000000000e+00 0.0000000000000000e+00 0.0000000000000000e+00 0.0000000000000000e+00 -1.0120117804949645e-02 -1.5739577953570612e-03 0.0000000000000000e+00 -1.5739577953570612e-03 4.0879622678816674e-02 0.0000000000000000e+00 0.0000000000000000e+00 0.0000000000000000e+00 0.0000000000000000e+00 -8.6384368058942465e-03 -2.7273708812519523e-03 0.0000000000000000e+00 -2.7273708812519523e-03 3.9969672755303422e-02 0.0000000000000000e+00 0.0000000000000000e+00 0.0000000000000000e+00 0.0000000000000000e+00 -1.1630001488702807e-02 -3.4670157586495160e-03 0.0000000000000000e+00 -3.4670157586495160e-03 4.2089989480664142e-02 0.0000000000000000e+00 0.0000000000000000e+00 0.0000000000000000e+00 0.0000000000000000e+00 -1.0468739433594490e-02 -5.1619481859558405e-03 0.0000000000000000e+00 -5.1619481859558405e-03 4.1527642147430932e-02 0.0000000000000000e+00 0.0000000000000000e+00 0.0000000000000000e+00 0.0000000000000000e+00 -1.4549514827869777e-02 -4.6796206625583630e-03 0.0000000000000000e+00 -4.6796206625583630e-03 4.4182935479890377e-02 0.0000000000000000e+00 0.0000000000000000e+00 0.0000000000000000e+00 0.0000000000000000e+00 -1.4071229621490135e-02 -6.7818833588946153e-03 0.0000000000000000e+00 -6.7818833588946153e-03 4.4323887101326398e-02 0.0000000000000000e+00 0.0000000000000000e+00 0.0000000000000000e+00 0.0000000000000000e+00 -1.8118182497640432e-02 -3.1990343303382129e-03 0.0000000000000000e+00 -3.1990343303382129e-03 4.5382020786026968e-02 0.0000000000000000e+00 0.0000000000000000e+00 0.0000000000000000e+00 0.0000000000000000e+00 -1.8452201607991096e-02 -2.5378517444445011e-03 0.0000000000000000e+00 -2.5378517444445011e-03 4.5092474270698339e-02 0.0000000000000000e+00 0.0000000000000000e+00 0.0000000000000000e+00 0.0000000000000000e+00 -2.0673925836561680e-02 9.3663857723658289e-03 0.0000000000000000e+00 9.3663857723658289e-03 5.3149334902133173e-02 0.0000000000000000e+00 0.0000000000000000e+00 0.0000000000000000e+00 0.0000000000000000e+00 -6.6340375128586607e-03 1.6320955017187368e-02 0.0000000000000000e+00 1.6320955017187368e-02 4.4182188866632527e-02 0.0000000000000000e+00 0.0000000000000000e+00 0.0000000000000000e+00 0.0000000000000000e+00 -8.4059451224876118e-03 1.1064459021074164e-02 0.0000000000000000e+00 1.1064459021074164e-02 4.1602470814813920e-02 0.0000000000000000e+00 0.0000000000000000e+00 0.0000000000000000e+00 0.0000000000000000e+00 -3.4510204964362475e-03 1.0299276500674996e-02 0.0000000000000000e+00 1.0299276500674996e-02 3.7616113494547701e-02 0.0000000000000000e+00 0.0000000000000000e+00 0.0000000000000000e+00 0.0000000000000000e+00 -5.5252207399528498e-03 6.9404594601127348e-03 0.0000000000000000e+00 6.9404594601127348e-03 3.8348697702931311e-02 0.0000000000000000e+00 0.0000000000000000e+00 0.0000000000000000e+00 0.0000000000000000e+00 -2.5032411462130883e-03 6.0246202869969458e-03 0.0000000000000000e+00 6.0246202869969458e-03 3.6024031147138445e-02 0.0000000000000000e+00 0.0000000000000000e+00 0.0000000000000000e+00 0.0000000000000000e+00 -4.4396931975949306e-03 3.5491754258801834e-03 0.0000000000000000e+00 3.5491754258801834e-03 3.7127537098705601e-02 0.0000000000000000e+00 0.0000000000000000e+00 0.0000000000000000e+00 0.0000000000000000e+00 -2.1212903826129908e-03 2.6350125235136243e-03 0.0000000000000000e+00 2.6350125235136243e-03 3.5409611096651347e-02 0.0000000000000000e+00 0.0000000000000000e+00 0.0000000000000000e+00 0.0000000000000000e+00 -4.0865304229406579e-03 5.6339781209573526e-04 0.0000000000000000e+00 5.6339781209573526e-04 3.6719804242425047e-02 0.0000000000000000e+00 0.0000000000000000e+00 0.0000000000000000e+00 0.0000000000000000e+00 -2.0464979697280474e-03 -4.1055642100584132e-04 0.0000000000000000e+00 -4.1055642100584132e-04 3.5272167417521337e-02 0.0000000000000000e+00 0.0000000000000000e+00 0.0000000000000000e+00 0.0000000000000000e+00 -4.2714634169300604e-03 -2.3543716334768583e-03 0.0000000000000000e+00 -2.3543716334768583e-03 3.6908275380992839e-02 0.0000000000000000e+00 0.0000000000000000e+00 0.0000000000000000e+00 0.0000000000000000e+00 -2.2458612344153877e-03 -3.5051248701251998e-03 0.0000000000000000e+00 -3.5051248701251998e-03 3.5546845852010449e-02 0.0000000000000000e+00 0.0000000000000000e+00 0.0000000000000000e+00 0.0000000000000000e+00 -5.0894266123605843e-03 -5.5007786671941511e-03 0.0000000000000000e+00 -5.5007786671941511e-03 3.7780903712940732e-02 0.0000000000000000e+00 0.0000000000000000e+00 0.0000000000000000e+00 0.0000000000000000e+00 -2.8535886588423229e-03 -7.0482412535799880e-03 0.0000000000000000e+00 -7.0482412535799880e-03 3.6407463727401994e-02 0.0000000000000000e+00 0.0000000000000000e+00 0.0000000000000000e+00 0.0000000000000000e+00 -7.1599751840519246e-03 -8.9985378597011185e-03 0.0000000000000000e+00 -8.9985378597011185e-03 3.9948135511714479e-02 0.0000000000000000e+00 0.0000000000000000e+00 0.0000000000000000e+00 0.0000000000000000e+00 -4.5932768651129469e-03 -1.1556967348823244e-02 0.0000000000000000e+00 -1.1556967348823244e-02 3.8870049371557261e-02 0.0000000000000000e+00 0.0000000000000000e+00 0.0000000000000000e+00 0.0000000000000000e+00 -1.2813986139760883e-02 -1.1058173024665692e-02 0.0000000000000000e+00 -1.1058173024665692e-02 4.5748878295101901e-02 0.0000000000000000e+00 0.0000000000000000e+00 0.0000000000000000e+00 0.0000000000000000e+00 -1.1012186207133354e-02 -1.5953037610172895e-02 0.0000000000000000e+00 -1.5953037610172895e-02 4.9673053252646149e-02 0.0000000000000000e+00 0.0000000000000000e+00 0.0000000000000000e+00 0.0000000000000000e+00 -4.6428639977916540e-02 1.0307644797096954e-02 0.0000000000000000e+00 1.0307644797096954e-02 1.0554736836963814e-01 0.0000000000000000e+00 0.0000000000000000e+00 0.0000000000000000e+00 0.0000000000000000e+00 -4.9673233944893022e-02 7.8570884444343469e-03 0.0000000000000000e+00 7.8570884444343469e-03 1.0712740554500658e-01 0.0000000000000000e+00 0.0000000000000000e+00 0.0000000000000000e+00 0.0000000000000000e+00 -3.7661594075009588e-02 9.0199629610693728e-03 0.0000000000000000e+00 9.0199629610693728e-03 9.5802204158662640e-02 0.0000000000000000e+00 0.0000000000000000e+00 0.0000000000000000e+00 0.0000000000000000e+00 -4.0695763390729243e-02 7.4949827617778637e-03 0.0000000000000000e+00 7.4949827617778637e-03 9.8170723431007592e-02 0.0000000000000000e+00 0.0000000000000000e+00 0.0000000000000000e+00 0.0000000000000000e+00 -3.3366329960512670e-02 5.4861183444753206e-03 0.0000000000000000e+00 5.4861183444753206e-03 9.0017074684895629e-02 0.0000000000000000e+00 0.0000000000000000e+00 0.0000000000000000e+00 0.0000000000000000e+00 -3.6432446909727245e-02 4.8608138271376399e-03 0.0000000000000000e+00 4.8608138271376399e-03 9.3188495628632323e-02 0.0000000000000000e+00 0.0000000000000000e+00 0.0000000000000000e+00 0.0000000000000000e+00 -3.2291285324164337e-02 2.7423465487455083e-03 0.0000000000000000e+00 2.7423465487455083e-03 8.8325122752399968e-02 0.0000000000000000e+00 0.0000000000000000e+00 0.0000000000000000e+00 0.0000000000000000e+00 -3.5041730974770063e-02 2.1532801143274356e-03 0.0000000000000000e+00 2.1532801143274356e-03 9.1389228909464992e-02 0.0000000000000000e+00 0.0000000000000000e+00 0.0000000000000000e+00 0.0000000000000000e+00 -3.2122302907211735e-02 3.5717202152585613e-04 0.0000000000000000e+00 3.5717202152585613e-04 8.7991679399213138e-02 0.0000000000000000e+00 0.0000000000000000e+00 0.0000000000000000e+00 0.0000000000000000e+00 -3.4785977683808228e-02 -4.1227353333760569e-04 0.0000000000000000e+00 -4.1227353333760569e-04 9.1051883099613706e-02 0.0000000000000000e+00 0.0000000000000000e+00 0.0000000000000000e+00 0.0000000000000000e+00 -3.2165771235466559e-02 -1.9946143860885839e-03 0.0000000000000000e+00 -1.9946143860885839e-03 8.8151701919977038e-02 0.0000000000000000e+00 0.0000000000000000e+00 0.0000000000000000e+00 0.0000000000000000e+00 -3.5183437978750287e-02 -3.0204754308431809e-03 0.0000000000000000e+00 -3.0204754308431809e-03 9.1668973874696177e-02 0.0000000000000000e+00 0.0000000000000000e+00 0.0000000000000000e+00 0.0000000000000000e+00 -3.2599709156620957e-02 -4.5778859354961687e-03 0.0000000000000000e+00 -4.5778859354961687e-03 8.9047587321437457e-02 0.0000000000000000e+00 0.0000000000000000e+00 0.0000000000000000e+00 0.0000000000000000e+00 -3.6958590569494541e-02 -5.8922927618910255e-03 0.0000000000000000e+00 -5.8922927618910255e-03 9.4076096733372944e-02 0.0000000000000000e+00 0.0000000000000000e+00 0.0000000000000000e+00 0.0000000000000000e+00 -3.4531295052488510e-02 -7.8546505296301517e-03 0.0000000000000000e+00 -7.8546505296301517e-03 9.1970513843311272e-02 0.0000000000000000e+00 0.0000000000000000e+00 0.0000000000000000e+00 0.0000000000000000e+00 -4.3169051239485549e-02 -9.3646381776935125e-03 0.0000000000000000e+00 -9.3646381776935125e-03 1.0128562780012934e-01 0.0000000000000000e+00 0.0000000000000000e+00 0.0000000000000000e+00 0.0000000000000000e+00 -4.1144172370838589e-02 -1.1632047756944727e-02 0.0000000000000000e+00 -1.1632047756944727e-02 1.0134449385770890e-01 0.0000000000000000e+00 0.0000000000000000e+00 0.0000000000000000e+00 0.0000000000000000e+00 -6.0655779926903033e-02 -5.6977837107985750e-03 0.0000000000000000e+00 -5.6977837107985750e-03 1.1644860853562103e-01 0.0000000000000000e+00 0.0000000000000000e+00 0.0000000000000000e+00 0.0000000000000000e+00 -5.4811489062237394e-02 5.3450374156541192e-04 0.0000000000000000e+00 5.3450374156541192e-04 1.0711945909246123e-01 0.0000000000000000e+00 0.0000000000000000e+00 0.0000000000000000e+00 0.0000000000000000e+00 -5.5767646538844244e-02 2.0403498820261465e-03 0.0000000000000000e+00 2.0403498820261465e-03 1.0880052241044962e-01 0.0000000000000000e+00 0.0000000000000000e+00 0.0000000000000000e+00 0.0000000000000000e+00 -5.2130813076801397e-02 6.1783683385512097e-03 0.0000000000000000e+00 6.1783683385512097e-03 1.0834660277132543e-01 0.0000000000000000e+00 0.0000000000000000e+00 0.0000000000000000e+00 0.0000000000000000e+00 -5.3302346626566764e-02 4.5656046270206628e-03 0.0000000000000000e+00 4.5656046270206628e-03 1.0931933031129153e-01 0.0000000000000000e+00 0.0000000000000000e+00 0.0000000000000000e+00 0.0000000000000000e+00 -4.5905072574751224e-02 5.7524207666616390e-03 0.0000000000000000e+00 5.7524207666616390e-03 1.0310261629480265e-01 0.0000000000000000e+00 0.0000000000000000e+00 0.0000000000000000e+00 0.0000000000000000e+00 -4.8147957928594887e-02 4.1503745833705212e-03 0.0000000000000000e+00 4.1503745833705212e-03 1.0526336040567667e-01 0.0000000000000000e+00 0.0000000000000000e+00 0.0000000000000000e+00 0.0000000000000000e+00 -4.2056932808212703e-02 3.2144029171897130e-03 0.0000000000000000e+00 3.2144029171897130e-03 9.9174046448115491e-02 0.0000000000000000e+00 0.0000000000000000e+00 0.0000000000000000e+00 0.0000000000000000e+00 -4.4872324740008983e-02 2.0955042566415767e-03 0.0000000000000000e+00 2.0955042566415767e-03 1.0216676624591957e-01 0.0000000000000000e+00 0.0000000000000000e+00 0.0000000000000000e+00 0.0000000000000000e+00 -4.0706206433436823e-02 4.3114088019796860e-04 0.0000000000000000e+00 4.3114088019796860e-04 9.7695323108430779e-02 0.0000000000000000e+00 0.0000000000000000e+00 0.0000000000000000e+00 0.0000000000000000e+00 -4.3992087565167322e-02 -4.6958149817842050e-04 0.0000000000000000e+00 -4.6958149817842050e-04 1.0130264853132442e-01 0.0000000000000000e+00 0.0000000000000000e+00 0.0000000000000000e+00 0.0000000000000000e+00 -4.1181365261635523e-02 -2.3325267912741544e-03 0.0000000000000000e+00 -2.3325267912741544e-03 9.8247938371601437e-02 0.0000000000000000e+00 0.0000000000000000e+00 0.0000000000000000e+00 0.0000000000000000e+00 -4.5487875730595317e-02 -3.0900893205569255e-03 0.0000000000000000e+00 -3.0900893205569255e-03 1.0287294086226188e-01 0.0000000000000000e+00 0.0000000000000000e+00 0.0000000000000000e+00 0.0000000000000000e+00 -4.3957187375530032e-02 -5.0961874341311272e-03 0.0000000000000000e+00 -5.0961874341311272e-03 1.0125245903438944e-01 0.0000000000000000e+00 0.0000000000000000e+00 0.0000000000000000e+00 0.0000000000000000e+00 -5.0264985366381104e-02 -5.1550273532179188e-03 0.0000000000000000e+00 -5.1550273532179188e-03 1.0742599058195998e-01 0.0000000000000000e+00 0.0000000000000000e+00 0.0000000000000000e+00 0.0000000000000000e+00 -5.1723473317589863e-02 -6.6785349985058161e-03 0.0000000000000000e+00 -6.6785349985058161e-03 1.0873878159961735e-01 0.0000000000000000e+00 0.0000000000000000e+00 0.0000000000000000e+00 0.0000000000000000e+00 -5.7314629521422827e-02 -3.7094706071596861e-03 0.0000000000000000e+00 -3.7094706071596861e-03 1.1236181521996561e-01 0.0000000000000000e+00 0.0000000000000000e+00 0.0000000000000000e+00 0.0000000000000000e+00 -5.6819276049475897e-02 -2.3643992400825399e-03 0.0000000000000000e+00 -2.3643992400825399e-03 1.1025027820855141e-01 0.0000000000000000e+00 0.0000000000000000e+00 0.0000000000000000e+00 0.0000000000000000e+00 -5.2939222461039680e-02 -1.6198342965662206e-04 0.0000000000000000e+00 -1.6198342965662206e-04 1.0459613061527762e-01 0.0000000000000000e+00 0.0000000000000000e+00 0.0000000000000000e+00 0.0000000000000000e+00 -5.3441086104635771e-02 -3.8725483832145329e-04 0.0000000000000000e+00 -3.8725483832145329e-04 1.0481630972268546e-01 0.0000000000000000e+00 0.0000000000000000e+00 0.0000000000000000e+00 0.0000000000000000e+00 -5.5247655016776274e-02 -1.1529401390408208e-04 0.0000000000000000e+00 -1.1529401390408208e-04 1.0730761112466417e-01 0.0000000000000000e+00 0.0000000000000000e+00 0.0000000000000000e+00 0.0000000000000000e+00 -5.7475798707543095e-02 1.1252673555617390e-03 0.0000000000000000e+00 1.1252673555617390e-03 1.1140367852442624e-01 0.0000000000000000e+00 0.0000000000000000e+00 0.0000000000000000e+00 0.0000000000000000e+00 -5.8507103233414216e-02 9.0058289601380041e-04 0.0000000000000000e+00 9.0058289601380041e-04 1.1291131655057590e-01 0.0000000000000000e+00 0.0000000000000000e+00 0.0000000000000000e+00 0.0000000000000000e+00 -5.5899592455926572e-02 2.7166800887330786e-03 0.0000000000000000e+00 2.7166800887330786e-03 1.1211741018012428e-01 0.0000000000000000e+00 0.0000000000000000e+00 0.0000000000000000e+00 0.0000000000000000e+00 -5.7439895144867623e-02 1.6072839572733727e-03 0.0000000000000000e+00 1.6072839572733727e-03 1.1382272658244456e-01 0.0000000000000000e+00 0.0000000000000000e+00 0.0000000000000000e+00 0.0000000000000000e+00 -5.2706298685904623e-02 2.1910607828096065e-03 0.0000000000000000e+00 2.1910607828096065e-03 1.1004760523962522e-01 0.0000000000000000e+00 0.0000000000000000e+00 0.0000000000000000e+00 0.0000000000000000e+00 -5.5215462658930667e-02 1.0201915000607573e-03 0.0000000000000000e+00 1.0201915000607573e-03 1.1264442953089260e-01 0.0000000000000000e+00 0.0000000000000000e+00 0.0000000000000000e+00 0.0000000000000000e+00 -5.0990723839561714e-02 3.1811607834731389e-04 0.0000000000000000e+00 3.1811607834731389e-04 1.0866590317496901e-01 0.0000000000000000e+00 0.0000000000000000e+00 0.0000000000000000e+00 0.0000000000000000e+00 -5.4538786086661399e-02 -4.2181748212849777e-04 0.0000000000000000e+00 -4.2181748212849777e-04 1.1224747394097974e-01 0.0000000000000000e+00 0.0000000000000000e+00 0.0000000000000000e+00 0.0000000000000000e+00 -5.1984965886013978e-02 -1.7771984468803596e-03 0.0000000000000000e+00 -1.7771984468803596e-03 1.0956781281498482e-01 0.0000000000000000e+00 0.0000000000000000e+00 0.0000000000000000e+00 0.0000000000000000e+00 -5.6387091663857837e-02 -1.6790964020636382e-03 0.0000000000000000e+00 -1.6790964020636382e-03 1.1366475984215098e-01 0.0000000000000000e+00 0.0000000000000000e+00 0.0000000000000000e+00 0.0000000000000000e+00 -5.5816468813325935e-02 -2.8138254959889928e-03 0.0000000000000000e+00 -2.8138254959889928e-03 1.1263456881705479e-01 0.0000000000000000e+00 0.0000000000000000e+00 0.0000000000000000e+00 0.0000000000000000e+00 -5.9166420686040215e-02 -1.3638198232558639e-03 0.0000000000000000e+00 -1.3638198232558639e-03 1.1491008280543505e-01 0.0000000000000000e+00 0.0000000000000000e+00 0.0000000000000000e+00 0.0000000000000000e+00 -5.8182461064771748e-02 -1.4383054348282758e-03 0.0000000000000000e+00 -1.4383054348282758e-03 1.1283771729738362e-01 0.0000000000000000e+00 0.0000000000000000e+00 0.0000000000000000e+00 0.0000000000000000e+00 -5.7916842710733885e-02 -7.6766433813214253e-06 0.0000000000000000e+00 -7.6766433813214253e-06 1.1136076516465922e-01 0.0000000000000000e+00 0.0000000000000000e+00 0.0000000000000000e+00 0.0000000000000000e+00 -5.4889444671555966e-02 -9.7367147370354911e-05 0.0000000000000000e+00 -9.7367147370354911e-05 1.0695295377292804e-01 0.0000000000000000e+00 0.0000000000000000e+00 0.0000000000000000e+00 0.0000000000000000e+00 -5.2813148295407092e-02 2.1337999013018043e-04 0.0000000000000000e+00 2.1337999013018043e-04 1.0431253223384683e-01 0.0000000000000000e+00 0.0000000000000000e+00 0.0000000000000000e+00 0.0000000000000000e+00 -5.3732856004590906e-02 -3.7807787377018304e-04 0.0000000000000000e+00 -3.7807787377018304e-04 1.0539007218492215e-01 0.0000000000000000e+00 0.0000000000000000e+00 0.0000000000000000e+00 0.0000000000000000e+00 -5.5999872157464201e-02 -7.4595529795587023e-04 0.0000000000000000e+00 -7.4595529795587023e-04 1.0825373397154030e-01 0.0000000000000000e+00 0.0000000000000000e+00 0.0000000000000000e+00 0.0000000000000000e+00 -5.8807398872727353e-02 -9.8988840827025611e-04 0.0000000000000000e+00 -9.8988840827025611e-04 1.1204998013448524e-01 0.0000000000000000e+00 0.0000000000000000e+00 0.0000000000000000e+00 0.0000000000000000e+00 -6.0474827396930129e-02 -1.1271798899944532e-03 0.0000000000000000e+00 -1.1271798899944532e-03 1.1429069340239068e-01 0.0000000000000000e+00 0.0000000000000000e+00 0.0000000000000000e+00 0.0000000000000000e+00 -6.1249703409088724e-02 -3.9712165665872925e-04 0.0000000000000000e+00 -3.9712165665872925e-04 1.1643390831683856e-01 0.0000000000000000e+00 0.0000000000000000e+00 0.0000000000000000e+00 0.0000000000000000e+00 -6.2845826054632001e-02 -7.7505645783324103e-04 0.0000000000000000e+00 -7.7505645783324103e-04 1.1837215031228908e-01 0.0000000000000000e+00 0.0000000000000000e+00 0.0000000000000000e+00 0.0000000000000000e+00 -6.1236945861341867e-02 1.3600887200981160e-04 0.0000000000000000e+00 1.3600887200981160e-04 1.1796349989231628e-01 0.0000000000000000e+00 0.0000000000000000e+00 0.0000000000000000e+00 0.0000000000000000e+00 -6.3401396894039855e-02 -3.7024115236482149e-04 0.0000000000000000e+00 -3.7024115236482149e-04 1.2016761805883930e-01 0.0000000000000000e+00 0.0000000000000000e+00 0.0000000000000000e+00 0.0000000000000000e+00 -6.0898443339332045e-02 -1.3608933063478038e-05 0.0000000000000000e+00 -1.3608933063478038e-05 1.1830562152359772e-01 0.0000000000000000e+00 0.0000000000000000e+00 0.0000000000000000e+00 0.0000000000000000e+00 -6.3645908472445639e-02 -1.1007736476616933e-04 0.0000000000000000e+00 -1.1007736476616933e-04 1.2074608817783836e-01 0.0000000000000000e+00 0.0000000000000000e+00 0.0000000000000000e+00 0.0000000000000000e+00 -6.1599878388626954e-02 -2.1066477322787374e-04 0.0000000000000000e+00 -2.1066477322787374e-04 1.1868101299912989e-01 0.0000000000000000e+00 0.0000000000000000e+00 0.0000000000000000e+00 0.0000000000000000e+00 -6.3890647012861720e-02 4.3707460923780975e-04 0.0000000000000000e+00 4.3707460923780975e-04 1.2025982219913857e-01 0.0000000000000000e+00 0.0000000000000000e+00 0.0000000000000000e+00 0.0000000000000000e+00 -6.1966897609042948e-02 3.2164065836444975e-04 0.0000000000000000e+00 3.2164065836444975e-04 1.1767389484668810e-01 0.0000000000000000e+00 0.0000000000000000e+00 0.0000000000000000e+00 0.0000000000000000e+00 -6.2496153387475266e-02 1.1627639138673898e-03 0.0000000000000000e+00 1.1627639138673898e-03 1.1735854714410436e-01 0.0000000000000000e+00 0.0000000000000000e+00 0.0000000000000000e+00 0.0000000000000000e+00 -5.9720590015386786e-02 9.0463367545232890e-04 0.0000000000000000e+00 9.0463367545232890e-04 1.1353466659839108e-01 0.0000000000000000e+00 0.0000000000000000e+00 0.0000000000000000e+00 0.0000000000000000e+00 -5.8888499514716044e-02 1.2027969776267709e-03 0.0000000000000000e+00 1.2027969776267709e-03 1.1212592169491452e-01 0.0000000000000000e+00 0.0000000000000000e+00 0.0000000000000000e+00 0.0000000000000000e+00 -5.5377432175791511e-02 5.8024078921564454e-04 0.0000000000000000e+00 5.8024078921564454e-04 1.0753153600390636e-01 0.0000000000000000e+00 0.0000000000000000e+00 0.0000000000000000e+00 0.0000000000000000e+00 -5.4324786771697976e-02 3.7864925383926113e-04 0.0000000000000000e+00 3.7864925383926113e-04 1.0617074972539636e-01 0.0000000000000000e+00 0.0000000000000000e+00 0.0000000000000000e+00 0.0000000000000000e+00 -5.5769077311199233e-02 -4.4666520639345057e-04 0.0000000000000000e+00 -4.4666520639345057e-04 1.0796651052604526e-01 0.0000000000000000e+00 0.0000000000000000e+00 0.0000000000000000e+00 0.0000000000000000e+00 -5.8029693155759364e-02 -9.5448678923429017e-04 0.0000000000000000e+00 -9.5448678923429017e-04 1.1076683740770717e-01 0.0000000000000000e+00 0.0000000000000000e+00 0.0000000000000000e+00 0.0000000000000000e+00 -6.0216455020459893e-02 -1.6465466015080279e-03 0.0000000000000000e+00 -1.6465466015080279e-03 1.1355294867792830e-01 0.0000000000000000e+00 0.0000000000000000e+00 0.0000000000000000e+00 0.0000000000000000e+00 -6.2190558761046302e-02 -1.8846926419841402e-03 0.0000000000000000e+00 -1.8846926419841402e-03 1.1599602996724417e-01 0.0000000000000000e+00 0.0000000000000000e+00 0.0000000000000000e+00 0.0000000000000000e+00 -6.4058673010663397e-02 -1.9477022173566836e-03 0.0000000000000000e+00 -1.9477022173566836e-03 1.1869989769733426e-01 0.0000000000000000e+00 0.0000000000000000e+00 0.0000000000000000e+00 0.0000000000000000e+00 -6.5792881120014315e-02 -1.9266795170491239e-03 0.0000000000000000e+00 -1.9266795170491239e-03 1.2070656994085170e-01 0.0000000000000000e+00 0.0000000000000000e+00 0.0000000000000000e+00 0.0000000000000000e+00 -6.6485248804699665e-02 -1.3130502317290169e-03 0.0000000000000000e+00 -1.3130502317290169e-03 1.2230897511865300e-01 0.0000000000000000e+00 0.0000000000000000e+00 0.0000000000000000e+00 0.0000000000000000e+00 -6.8102909379384985e-02 -1.1009774797977130e-03 0.0000000000000000e+00 -1.1009774797977130e-03 1.2386107044184436e-01 0.0000000000000000e+00 0.0000000000000000e+00 0.0000000000000000e+00 0.0000000000000000e+00 -6.7500033197551865e-02 -2.0220741154710579e-04 0.0000000000000000e+00 -2.0220741154710579e-04 1.2388161531790401e-01 0.0000000000000000e+00 0.0000000000000000e+00 0.0000000000000000e+00 0.0000000000000000e+00 -6.8757545350186092e-02 2.3516035538034033e-04 0.0000000000000000e+00 2.3516035538034033e-04 1.2471476532036108e-01 0.0000000000000000e+00 0.0000000000000000e+00 0.0000000000000000e+00 0.0000000000000000e+00 -6.7107033003998257e-02 1.0178614047678764e-03 0.0000000000000000e+00 1.0178614047678764e-03 1.2314369769959171e-01 0.0000000000000000e+00 0.0000000000000000e+00 0.0000000000000000e+00 0.0000000000000000e+00 -6.7502967995759180e-02 1.5084895608067363e-03 0.0000000000000000e+00 1.5084895608067363e-03 1.2294061392986295e-01 0.0000000000000000e+00 0.0000000000000000e+00 0.0000000000000000e+00 0.0000000000000000e+00 -6.4969203546289600e-02 1.8388838611761618e-03 0.0000000000000000e+00 1.8388838611761618e-03 1.1996820555686875e-01 0.0000000000000000e+00 0.0000000000000000e+00 0.0000000000000000e+00 0.0000000000000000e+00 -6.4547498971221598e-02 2.0559197794775648e-03 0.0000000000000000e+00 2.0559197794775648e-03 1.1903938216528519e-01 0.0000000000000000e+00 0.0000000000000000e+00 0.0000000000000000e+00 0.0000000000000000e+00 -6.1422284911224673e-02 1.7739481055988509e-03 0.0000000000000000e+00 1.7739481055988509e-03 1.1517483193680469e-01 0.0000000000000000e+00 0.0000000000000000e+00 0.0000000000000000e+00 0.0000000000000000e+00 -6.0746026262681205e-02 1.6345908923453597e-03 0.0000000000000000e+00 1.6345908923453597e-03 1.1418192641936012e-01 0.0000000000000000e+00 0.0000000000000000e+00 0.0000000000000000e+00 0.0000000000000000e+00 -5.7279227389317053e-02 8.9298539552637424e-04 0.0000000000000000e+00 8.9298539552637424e-04 1.0985262711765423e-01 0.0000000000000000e+00 0.0000000000000000e+00 0.0000000000000000e+00 0.0000000000000000e+00 -5.6687601026647778e-02 4.6784237446848801e-04 0.0000000000000000e+00 4.6784237446848801e-04 1.0908467896630310e-01 0.0000000000000000e+00 0.0000000000000000e+00 0.0000000000000000e+00 0.0000000000000000e+00 -5.8430114474544569e-02 -4.9427781138739423e-04 0.0000000000000000e+00 -4.9427781138739423e-04 1.1124622684322454e-01 0.0000000000000000e+00 0.0000000000000000e+00 0.0000000000000000e+00 0.0000000000000000e+00 -6.0447499418047827e-02 -9.6865749646785147e-04 0.0000000000000000e+00 -9.6865749646785147e-04 1.1371412607636902e-01 0.0000000000000000e+00 0.0000000000000000e+00 0.0000000000000000e+00 0.0000000000000000e+00 -6.2117956502663940e-02 -1.7381248860794745e-03 0.0000000000000000e+00 -1.7381248860794745e-03 1.1574356139171467e-01 0.0000000000000000e+00 0.0000000000000000e+00 0.0000000000000000e+00 0.0000000000000000e+00 -6.3922030403033792e-02 -1.8974087960450697e-03 0.0000000000000000e+00 -1.8974087960450697e-03 1.1785768206984593e-01 0.0000000000000000e+00 0.0000000000000000e+00 0.0000000000000000e+00 0.0000000000000000e+00 -6.5816619633425347e-02 -2.2091484636127669e-03 0.0000000000000000e+00 -2.2091484636127669e-03 1.2019178042574170e-01 0.0000000000000000e+00 0.0000000000000000e+00 0.0000000000000000e+00 0.0000000000000000e+00 -6.7280390960840084e-02 -1.9729035737595609e-03 0.0000000000000000e+00 -1.9729035737595609e-03 1.2176354071877167e-01 0.0000000000000000e+00 0.0000000000000000e+00 0.0000000000000000e+00 0.0000000000000000e+00 -6.8798540001322198e-02 -1.6286552065938420e-03 0.0000000000000000e+00 -1.6286552065938420e-03 1.2377861411291695e-01 0.0000000000000000e+00 0.0000000000000000e+00 0.0000000000000000e+00 0.0000000000000000e+00 -6.9702033267740021e-02 -1.1027743655103745e-03 0.0000000000000000e+00 -1.1027743655103745e-03 1.2454446748204923e-01 0.0000000000000000e+00 0.0000000000000000e+00 0.0000000000000000e+00 0.0000000000000000e+00 -7.0105558552704367e-02 -2.2039776821408105e-04 0.0000000000000000e+00 -2.2039776821408105e-04 1.2535177242146942e-01 0.0000000000000000e+00 0.0000000000000000e+00 0.0000000000000000e+00 0.0000000000000000e+00 -7.0276111811907557e-02 3.1616452566290981e-04 0.0000000000000000e+00 3.1616452566290981e-04 1.2519740759297010e-01 0.0000000000000000e+00 0.0000000000000000e+00 0.0000000000000000e+00 0.0000000000000000e+00 -6.9265732672404809e-02 1.2655386373546806e-03 0.0000000000000000e+00 1.2655386373546806e-03 1.2433782562939154e-01 0.0000000000000000e+00 0.0000000000000000e+00 0.0000000000000000e+00 0.0000000000000000e+00 -6.8814427095031244e-02 1.5460324106416480e-03 0.0000000000000000e+00 1.5460324106416480e-03 1.2352690394400208e-01 0.0000000000000000e+00 0.0000000000000000e+00 0.0000000000000000e+00 0.0000000000000000e+00 -6.6682217798478591e-02 2.0731763058938505e-03 0.0000000000000000e+00 2.0731763058938505e-03 1.2124609504956210e-01 0.0000000000000000e+00 0.0000000000000000e+00 0.0000000000000000e+00 0.0000000000000000e+00 -6.5999809951768892e-02 2.0251193810423701e-03 0.0000000000000000e+00 2.0251193810423701e-03 1.2028801812251545e-01 0.0000000000000000e+00 0.0000000000000000e+00 0.0000000000000000e+00 0.0000000000000000e+00 -6.3263431008156359e-02 1.9298700893109154e-03 0.0000000000000000e+00 1.9298700893109154e-03 1.1713781485263078e-01 0.0000000000000000e+00 0.0000000000000000e+00 0.0000000000000000e+00 0.0000000000000000e+00 -6.2688596116103626e-02 1.6255365832238378e-03 0.0000000000000000e+00 1.6255365832238378e-03 1.1639738186986270e-01 0.0000000000000000e+00 0.0000000000000000e+00 0.0000000000000000e+00 0.0000000000000000e+00 -5.9657242872040578e-02 9.7951031361673269e-04 0.0000000000000000e+00 9.7951031361673269e-04 1.1274796294593835e-01 0.0000000000000000e+00 0.0000000000000000e+00 0.0000000000000000e+00 0.0000000000000000e+00 -5.9332288678568809e-02 4.6785783227340521e-04 0.0000000000000000e+00 4.6785783227340521e-04 1.1234264917179002e-01 0.0000000000000000e+00 0.0000000000000000e+00 0.0000000000000000e+00 0.0000000000000000e+00 -6.1026600534372380e-02 -4.5428823936882788e-04 0.0000000000000000e+00 -4.5428823936882788e-04 1.1443219732722563e-01 0.0000000000000000e+00 0.0000000000000000e+00 0.0000000000000000e+00 0.0000000000000000e+00 -6.2593091112000801e-02 -8.1020344515777968e-04 0.0000000000000000e+00 -8.1020344515777968e-04 1.1631648203415609e-01 0.0000000000000000e+00 0.0000000000000000e+00 0.0000000000000000e+00 0.0000000000000000e+00 -6.3853882040017088e-02 -1.4756209004955045e-03 0.0000000000000000e+00 -1.4756209004955045e-03 1.1773928220153249e-01 0.0000000000000000e+00 0.0000000000000000e+00 0.0000000000000000e+00 0.0000000000000000e+00 -6.5181801506345519e-02 -1.4744759007516560e-03 0.0000000000000000e+00 -1.4744759007516560e-03 1.1921852529684786e-01 0.0000000000000000e+00 0.0000000000000000e+00 0.0000000000000000e+00 0.0000000000000000e+00 -6.6755832770397705e-02 -1.7687476131758946e-03 0.0000000000000000e+00 -1.7687476131758946e-03 1.2095298695637936e-01 0.0000000000000000e+00 0.0000000000000000e+00 0.0000000000000000e+00 0.0000000000000000e+00 -6.7697234714191687e-02 -1.4395394664902085e-03 0.0000000000000000e+00 -1.4395394664902085e-03 1.2188025666270286e-01 0.0000000000000000e+00 0.0000000000000000e+00 0.0000000000000000e+00 0.0000000000000000e+00 -6.9154575209365673e-02 -1.2667331193767237e-03 0.0000000000000000e+00 -1.2667331193767237e-03 1.2351807931502892e-01 0.0000000000000000e+00 0.0000000000000000e+00 0.0000000000000000e+00 0.0000000000000000e+00 -6.9509591099937110e-02 -7.6998521676507425e-04 0.0000000000000000e+00 -7.6998521676507425e-04 1.2373923071792806e-01 0.0000000000000000e+00 0.0000000000000000e+00 0.0000000000000000e+00 0.0000000000000000e+00 -7.0210376761413201e-02 -1.8016639295348493e-04 0.0000000000000000e+00 -1.8016639295348493e-04 1.2463208559632516e-01 0.0000000000000000e+00 0.0000000000000000e+00 0.0000000000000000e+00 0.0000000000000000e+00 -6.9939338796947553e-02 2.2450456120968199e-04 0.0000000000000000e+00 2.2450456120968199e-04 1.2417817656911675e-01 0.0000000000000000e+00 0.0000000000000000e+00 0.0000000000000000e+00 0.0000000000000000e+00 -6.9516137839874828e-02 9.6281044166457149e-04 0.0000000000000000e+00 9.6281044166457149e-04 1.2390429548370804e-01 0.0000000000000000e+00 0.0000000000000000e+00 0.0000000000000000e+00 0.0000000000000000e+00 -6.8850245933159734e-02 1.1040596672635356e-03 0.0000000000000000e+00 1.1040596672635356e-03 1.2307112916070571e-01 0.0000000000000000e+00 0.0000000000000000e+00 0.0000000000000000e+00 0.0000000000000000e+00 -6.7436639283700306e-02 1.6462384648655458e-03 0.0000000000000000e+00 1.6462384648655458e-03 1.2169107883765745e-01 0.0000000000000000e+00 0.0000000000000000e+00 0.0000000000000000e+00 0.0000000000000000e+00 -6.6714760578400423e-02 1.5203243598080982e-03 0.0000000000000000e+00 1.5203243598080982e-03 1.2085374337118372e-01 0.0000000000000000e+00 0.0000000000000000e+00 0.0000000000000000e+00 0.0000000000000000e+00 -6.4703469237638908e-02 1.6181348358630704e-03 0.0000000000000000e+00 1.6181348358630704e-03 1.1869505239664241e-01 0.0000000000000000e+00 0.0000000000000000e+00 0.0000000000000000e+00 0.0000000000000000e+00 -6.4191733192871817e-02 1.2990526772719091e-03 0.0000000000000000e+00 1.2990526772719091e-03 1.1812811148856046e-01 0.0000000000000000e+00 0.0000000000000000e+00 0.0000000000000000e+00 0.0000000000000000e+00 -6.1897603751823002e-02 8.7102408033340646e-04 0.0000000000000000e+00 8.7102408033340646e-04 1.1547455470401162e-01 0.0000000000000000e+00 0.0000000000000000e+00 0.0000000000000000e+00 0.0000000000000000e+00 -6.1734349820788147e-02 3.8861705306208067e-04 0.0000000000000000e+00 3.8861705306208067e-04 1.1529958335810545e-01 0.0000000000000000e+00 0.0000000000000000e+00 0.0000000000000000e+00 0.0000000000000000e+00 -6.3070220363748819e-02 -3.2872071197371708e-04 0.0000000000000000e+00 -3.2872071197371708e-04 1.1693787295030844e-01 0.0000000000000000e+00 0.0000000000000000e+00 0.0000000000000000e+00 0.0000000000000000e+00 -6.4067091485401934e-02 -5.2580181831765138e-04 0.0000000000000000e+00 -5.2580181831765138e-04 1.1810550653494871e-01 0.0000000000000000e+00 0.0000000000000000e+00 0.0000000000000000e+00 0.0000000000000000e+00 -6.4954895097257562e-02 -9.8193017471722224e-04 0.0000000000000000e+00 -9.8193017471722224e-04 1.1900891159935426e-01 0.0000000000000000e+00 0.0000000000000000e+00 0.0000000000000000e+00 0.0000000000000000e+00 -6.5757636001375061e-02 -8.5190205913361530e-04 0.0000000000000000e+00 -8.5190205913361530e-04 1.1983765837007554e-01 0.0000000000000000e+00 0.0000000000000000e+00 0.0000000000000000e+00 0.0000000000000000e+00 -6.6955309596231249e-02 -1.0677155314483624e-03 0.0000000000000000e+00 -1.0677155314483624e-03 1.2102470625139326e-01 0.0000000000000000e+00 0.0000000000000000e+00 0.0000000000000000e+00 0.0000000000000000e+00 -6.7465820422011269e-02 -7.4940500962478532e-04 0.0000000000000000e+00 -7.4940500962478532e-04 1.2147375568317821e-01 0.0000000000000000e+00 0.0000000000000000e+00 0.0000000000000000e+00 0.0000000000000000e+00 -6.8611402701525534e-02 -7.1925953647034924e-04 0.0000000000000000e+00 -7.1925953647034924e-04 1.2262371165811489e-01 0.0000000000000000e+00 0.0000000000000000e+00 0.0000000000000000e+00 0.0000000000000000e+00 -6.8690258683946306e-02 -3.7994056569236253e-04 0.0000000000000000e+00 -3.7994056569236253e-04 1.2261933539972743e-01 0.0000000000000000e+00 0.0000000000000000e+00 0.0000000000000000e+00 0.0000000000000000e+00 -6.9354714703522766e-02 -1.1412665904767052e-04 0.0000000000000000e+00 -1.1412665904767052e-04 1.2333155159870676e-01 0.0000000000000000e+00 0.0000000000000000e+00 0.0000000000000000e+00 0.0000000000000000e+00 -6.9001976816532182e-02 1.0760077143199332e-04 0.0000000000000000e+00 1.0760077143199332e-04 1.2291012766895856e-01 0.0000000000000000e+00 0.0000000000000000e+00 0.0000000000000000e+00 0.0000000000000000e+00 -6.8913050031067319e-02 5.2991279464052331e-04 0.0000000000000000e+00 5.2991279464052331e-04 1.2291220124042793e-01 0.0000000000000000e+00 0.0000000000000000e+00 0.0000000000000000e+00 0.0000000000000000e+00 -6.8298204615609037e-02 5.6222372604145367e-04 0.0000000000000000e+00 5.6222372604145367e-04 1.2225432823168700e-01 0.0000000000000000e+00 0.0000000000000000e+00 0.0000000000000000e+00 0.0000000000000000e+00 -6.7469066033856648e-02 9.7991600423190405e-04 0.0000000000000000e+00 9.7991600423190405e-04 1.2151818591647195e-01 0.0000000000000000e+00 0.0000000000000000e+00 0.0000000000000000e+00 0.0000000000000000e+00 -6.6829536110196763e-02 8.3492538052216882e-04 0.0000000000000000e+00 8.3492538052216882e-04 1.2086399328184046e-01 0.0000000000000000e+00 0.0000000000000000e+00 0.0000000000000000e+00 0.0000000000000000e+00 -6.5516890424469149e-02 1.0453802233255356e-03 0.0000000000000000e+00 1.0453802233255356e-03 1.1957511684076910e-01 0.0000000000000000e+00 0.0000000000000000e+00 0.0000000000000000e+00 0.0000000000000000e+00 -6.5076104152832076e-02 7.8435724307016942e-04 0.0000000000000000e+00 7.8435724307016942e-04 1.1914892820584000e-01 0.0000000000000000e+00 0.0000000000000000e+00 0.0000000000000000e+00 0.0000000000000000e+00 -6.3589245433761890e-02 6.1358722707443181e-04 0.0000000000000000e+00 6.1358722707443181e-04 1.1753465451883852e-01 0.0000000000000000e+00 0.0000000000000000e+00 0.0000000000000000e+00 0.0000000000000000e+00 -6.3503364964314010e-02 2.5783073817682762e-04 0.0000000000000000e+00 2.5783073817682762e-04 1.1747700103222126e-01 0.0000000000000000e+00 0.0000000000000000e+00 0.0000000000000000e+00 0.0000000000000000e+00 -6.4267934844943239e-02 -1.5556734385630127e-04 0.0000000000000000e+00 -1.5556734385630127e-04 1.1840969755406140e-01 0.0000000000000000e+00 0.0000000000000000e+00 0.0000000000000000e+00 0.0000000000000000e+00 -6.4729591315938542e-02 -1.7076460332526874e-04 0.0000000000000000e+00 -1.7076460332526874e-04 1.1890458985863843e-01 0.0000000000000000e+00 0.0000000000000000e+00 0.0000000000000000e+00 0.0000000000000000e+00 -6.5406325124842110e-02 -3.8598090208184202e-04 0.0000000000000000e+00 -3.8598090208184202e-04 1.1952460406259115e-01 0.0000000000000000e+00 0.0000000000000000e+00 0.0000000000000000e+00 0.0000000000000000e+00 -6.5890067271221334e-02 -2.0495110386037138e-04 0.0000000000000000e+00 -2.0495110386037138e-04 1.1996242641976965e-01 0.0000000000000000e+00 0.0000000000000000e+00 0.0000000000000000e+00 0.0000000000000000e+00 -6.6762121325869034e-02 -3.6430719511815109e-04 0.0000000000000000e+00 -3.6430719511815109e-04 1.2076242838889077e-01 0.0000000000000000e+00 0.0000000000000000e+00 0.0000000000000000e+00 0.0000000000000000e+00 -6.7040552239792287e-02 -1.5125943222640961e-04 0.0000000000000000e+00 -1.5125943222640961e-04 1.2099809702777009e-01 0.0000000000000000e+00 0.0000000000000000e+00 0.0000000000000000e+00 0.0000000000000000e+00 -6.7845632471299822e-02 -2.3157290357495421e-04 0.0000000000000000e+00 -2.3157290357495421e-04 1.2173809853241167e-01 0.0000000000000000e+00 0.0000000000000000e+00 0.0000000000000000e+00 0.0000000000000000e+00 -6.7806127656711582e-02 -6.1514432954713050e-05 0.0000000000000000e+00 -6.1514432954713050e-05 1.2168407705415549e-01 0.0000000000000000e+00 0.0000000000000000e+00 0.0000000000000000e+00 0.0000000000000000e+00 -6.8332822297096904e-02 -4.5104236415586022e-05 0.0000000000000000e+00 -4.5104236415586022e-05 1.2217384651806906e-01 0.0000000000000000e+00 0.0000000000000000e+00 0.0000000000000000e+00 0.0000000000000000e+00 -6.8013500033074534e-02 3.8841843767174792e-05 0.0000000000000000e+00 3.8841843767174792e-05 1.2186788860819298e-01 0.0000000000000000e+00 0.0000000000000000e+00 0.0000000000000000e+00 0.0000000000000000e+00 -6.8085981214850627e-02 1.5800968479684306e-04 0.0000000000000000e+00 1.5800968479684306e-04 1.2195041596356640e-01 0.0000000000000000e+00 0.0000000000000000e+00 0.0000000000000000e+00 0.0000000000000000e+00 -6.7610965620313171e-02 1.3138514128319047e-04 0.0000000000000000e+00 1.3138514128319047e-04 1.2150430647985647e-01 0.0000000000000000e+00 0.0000000000000000e+00 0.0000000000000000e+00 0.0000000000000000e+00 -6.7165821515711877e-02 3.2783066057184395e-04 0.0000000000000000e+00 3.2783066057184395e-04 1.2111847042867895e-01 0.0000000000000000e+00 0.0000000000000000e+00 0.0000000000000000e+00 0.0000000000000000e+00 -6.6681815983941448e-02 1.9349095068098895e-04 0.0000000000000000e+00 1.9349095068098895e-04 1.2066789939565266e-01 0.0000000000000000e+00 0.0000000000000000e+00 0.0000000000000000e+00 0.0000000000000000e+00 -6.5849270422035588e-02 3.9061542517625816e-04 0.0000000000000000e+00 3.9061542517625816e-04 1.1991797139185703e-01 0.0000000000000000e+00 0.0000000000000000e+00 0.0000000000000000e+00 0.0000000000000000e+00 -6.5495566038522052e-02 1.9454573440797293e-04 0.0000000000000000e+00 1.9454573440797293e-04 1.1959777926802587e-01 0.0000000000000000e+00 0.0000000000000000e+00 0.0000000000000000e+00 0.0000000000000000e+00 -6.4588540357789020e-02 2.6291534392041240e-04 0.0000000000000000e+00 2.6291534392041240e-04 1.1873268981139094e-01 0.0000000000000000e+00 0.0000000000000000e+00 0.0000000000000000e+00 0.0000000000000000e+00 -6.4491989930673885e-02 7.2736709292931290e-05 0.0000000000000000e+00 7.2736709292931290e-05 1.1866718408338993e-01 0.0000000000000000e+00 0.0000000000000000e+00 0.0000000000000000e+00 0.0000000000000000e+00
</DataArray>
        <DataArray type="Float64" format="ascii" Name="epsilon_xx">
-2.7461713000831559e-02 -2.3188092387556151e-02 -2.6590857357922593e-02 -2.4489535038413945e-02 -2.7351971686321617e-02 -2.5729084711281606e-02 -2.7831370065437913e-02 -2.6344171425122073e-02 -2.8034542507424948e-02 -2.6493968234218557e-02 -2.7953084777021523e-02 -2.6209907604872948e-02 -2.7635318118452670e-02 -2.5403514634219915e-02 -2.7112603393034639e-02 -2.3754305267443099e-02 -2.6217572111587220e-02 -2.3122606239666402e-02 -2.1814722302234694e-02 -2.0811917913391143e-02 -2.1081140563318473e-02 -2.0671504768779575e-02 -2.2384404480567149e-02 -2.1718698317911490e-02 -2.3391864461422194e-02 -2.2480341207596895e-02 -2.3792123979156508e-02 -2.2674288667771807e-02 -2.3596804710977817e-02 -2.2276580830960881e-02 -2.2763108069232107e-02 -2.1316628455963504e-02 -2.1322184476533876e-02 -2.0339802540522738e-02 -2.0992192910617848e-02 -2.1860019114383143e-02 -2.1072291214781505e-02 -2.0360052163671847e-02 -1.9888194711536925e-02 -1.9663821642615646e-02 -2.0105262694542908e-02 -1.9845878293804069e-02 -2.0656592308231903e-02 -2.0177940430224205e-02 -2.0929463746572858e-02 -2.0273783987575775e-02 -2.0774067626269582e-02 -2.0061521604276565e-02 -2.0257593146105150e-02 -1.9706240164735083e-02 -1.9852469755631291e-02 -1.9796640480450552e-02 -2.0558438844074451e-02 -2.0898884494713926e-02 -2.0246839901419879e-02 -1.9826446322785091e-02 -1.9567307178345802e-02 -1.9341016566268604e-02 -1.9278798910692254e-02 -1.9053800177346748e-02 -1.9268988436335836e-02 -1.8934102755995809e-02 -1.9293370158430617e-02 -1.8901286161140656e-02 -1.9265090890958351e-02 -1.8943083140424834e-02 -1.9245126859425619e-02 -1.9119200922025143e-02 -1.9446904220191154e-02 -1.9525030673041139e-02 -2.0046071656266224e-02 -2.0016082722554663e-02 -1.9438453948456769e-02 -1.9294051945699300e-02 -1.9302049401091710e-02 -1.9058497907714932e-02 -1.8837565461333111e-02 -1.8441577810934209e-02 -1.8386949945703234e-02 -1.7913353473558789e-02 -1.8168165490858163e-02 -1.7751708055498534e-02 -1.8262381495509052e-02 -1.8027889024667024e-02 -1.8648606775410741e-02 -1.8634751667033902e-02 -1.9171171795735291e-02 -1.9221068977988101e-02 -1.9488072115607744e-02 -1.9240924852414430e-02 -1.8751240161879731e-02 -1.8885168962567929e-02 -1.8967940185131104e-02 -1.8523253176224143e-02 -1.8134659486784034e-02 -1.7291847020230951e-02 -1.7164223297991402e-02 -1.6264843788256367e-02 -1.6685831789679622e-02 -1.5961947610793236e-02 -1.6898050331982384e-02 -1.6481216856864753e-02 -1.7718337526165619e-02 -1.7638120768031743e-02 -1.8714825107890944e-02 -1.8771916212103362e-02 -1.9014211475734774e-02 -1.8654717673234993e-02 -1.8307779385035548e-02 -1.8675921094412792e-02 -1.8353945198011902e-02 -1.7128707489232849e-02 -1.6453600338091668e-02 -1.4752208527281567e-02 -1.4779513510881925e-02 -1.3212286528687764e-02 -1.4050062620477028e-02 -1.2806361397918183e-02 -1.4372591671036643e-02 -1.3521505681516185e-02 -1.5690072284220195e-02 -1.5309493081120517e-02 -1.7611925282463449e-02 -1.7697190369813588e-02 -1.8702143691905627e-02 -1.8438700214738132e-02 -1.8410985453582294e-02 -1.7903504489934569e-02 -1.6273438827919696e-02 -1.3173226600200103e-02 -1.2611102186814622e-02 -9.7739580349606500e-03 -1.0534351173237875e-02 -8.3250091060655621e-03 -9.7766665664984227e-03 -7.9953683181874877e-03 -1.0120117804949645e-02 -8.6384368058942465e-03 -1.1630001488702807e-02 -1.0468739433594490e-02 -1.4549514827869777e-02 -1.4071229621490135e-02 -1.8118182497640432e-02 -1.8452201607991096e-02 -2.0673925836561680e-02 -6.6340375128586607e-03 -8.4059451224876118e-03 -3.4510204964362475e-03 -5.5252207399528498e-03 -2.5032411462130883e-03 -4.4396931975949306e-03 -2.1212903826129908e-03 -4.0865304229406579e-03 -2.0464979697280474e-03 -4.2714634169300604e-03 -2.2458612344153877e-03 -5.0894266123605843e-03 -2.8535886588423229e-03 -7.1599751840519246e-03 -4.5932768651129469e-03 -1.2813986139760883e-02 -1.1012186207133354e-02 -4.6428639977916540e-02 -4.9673233944893022e-02 -3.7661594075009588e-02 -4.0695763390729243e-02 -3.3366329960512670e-02 -3.6432446909727245e-02 -3.2291285324164337e-02 -3.5041730974770063e-02 -3.2122302907211735e-02 -3.4785977683808228e-02 -3.2165771235466559e-02 -3.5183437978750287e-02 -3.2599709156620957e-02 -3.6958590569494541e-02 -3.4531295052488510e-02 -4.3169051239485549e-02 -4.1144172370838589e-02 -6.0655779926903033e-02 -5.4811489062237394e-02 -5.5767646538844244e-02 -5.2130813076801397e-02 -5.3302346626566764e-02 -4.5905072574751224e-02 -4.8147957928594887e-02 -4.2056932808212703e-02 -4.4872324740008983e-02 -4.0706206433436823e-02 -4.3992087565167322e-02 -4.1181365261635523e-02 -4.5487875730595317e-02 -4.3957187375530032e-02 -5.0264985366381104e-02 -5.1723473317589863e-02 -5.7314629521422827e-02 -5.6819276049475897e-02 -5.2939222461039680e-02 -5.3441086104635771e-02 -5.5247655016776274e-02 -5.7475798707543095e-02 -5.8507103233414216e-02 -5.5899592455926572e-02 -5.7439895144867623e-02 -5.2706298685904623e-02 -5.5215462658930667e-02 -5.0990723839561714e-02 -5.4538786086661399e-02 -5.1984965886013978e-02 -5.6387091663857837e-02 -5.5816468813325935e-02 -5.9166420686040215e-02 -5.8182461064771748e-02 -5.7916842710733885e-02 -5.4889444671555966e-02 -5.2813148295407092e-02 -5.3732856004590906e-02 -5.5999872157464201e-02 -5.8807398872727353e-02 -6.0474827396930129e-02 -6.1249703409088724e-02 -6.2845826054632001e-02 -6.1236945861341867e-02 -6.3401396894039855e-02 -6.0898443339332045e-02 -6.3645908472445639e-02 -6.1599878388626954e-02 -6.3890647012861720e-02 -6.1966897609042948e-02 -6.2496153387475266e-02 -5.9720590015386786e-02 -5.8888499514716044e-02 -5.5377432175791511e-02 -5.4324786771697976e-02 -5.5769077311199233e-02 -5.8029693155759364e-02 -6.0216455020459893e-02 -6.2190558761046302e-02 -6.4058673010663397e-02 -6.5792881120014315e-02 -6.6485248804699665e-02 -6.8102909379384985e-02 -6.7500033197551865e-02 -6.8757545350186092e-02 -6.7107033003998257e-02 -6.7502967995759180e-02 -6.4969203546289600e-02 -6.4547498971221598e-02 -6.1422284911224673e-02 -6.0746026262681205e-02 -5.7279227389317053e-02 -5.6687601026647778e-02 -5.8430114474544569e-02 -6.0447499418047827e-02 -6.2117956502663940e-02 -6.3922030403033792e-02 -6.5816619633425347e-02 -6.7280390960840084e-02 -6.8798540001322198e-02 -6.9702033267740021e-02 -7.0105558552704367e-02 -7.0276111811907557e-02 -6.9265732672404809e-02 -6.8814427095031244e-02 -6.6682217798478591e-02 -6.5999809951768892e-02 -6.3263431008156359e-02 -6.2688596116103626e-02 -5.9657242872040578e-02 -5.9332288678568809e-02 -6.1026600534372380e-02 -6.2593091112000801e-02 -6.3853882040017088e-02 -6.5181801506345519e-02 -6.6755832770397705e-02 -6.7697234714191687e-02 -6.9154575209365673e-02 -6.9509591099937110e-02 -7.0210376761413201e-02 -6.9939338796947553e-02 -6.9516137839874828e-02 -6.8850245933159734e-02 -6.7436639283700306e-02 -6.6714760578400423e-02 -6.4703469237638908e-02 -6.4191733192871817e-02 -6.1897603751823002e-02 -6.1734349820788147e-02 -6.3070220363748819e-02 -6.4067091485401934e-02 -6.4954895097257562e-02 -6.5757636001375061e-02 -6.6955309596231249e-02 -6.7465820422011269e-02 -6.8611402701525534e-02 -6.8690258683946306e-02 -6.9354714703522766e-02 -6.9001976816532182e-02 -6.8913050031067319e-02 -6.8298204615609037e-02 -6.7469066033856648e-02 -6.6829536110196763e-02 -6.5516890424469149e-02 -6.5076104152832076e-02 -6.3589245433761890e-02 -6.3503364964314010e-02 -6.4267934844943239e-02 -6.4729591315938542e-02 -6.5406325124842110e-02 -6.5890067271221334e-02 -6.6762121325869034e-02 -6.7040552239792287e-02 -6.7845632471299822e-02 -6.7806127656711582e-02 -6.8332822297096904e-02 -6.8013500033074534e-02 -6.8085981214850627e-02 -6.7610965620313171e-02 -6.7165821515711877e-02 -6.6681815983941448e-02 -6.5849270422035588e-02 -6.5495566038522052e-02 -6.4588540357789020e-02 -6.4491989930673885e-02
</DataArray>
        <DataArray type="Float64" format="ascii" Name="epsilon_yy">
5.3833901740526414e-02 4.8936745166203138e-02 4.7904276407988805e-02 4.6847719605615651e-02 4.7970366190382564e-02 4.7073693187671982e-02 4.8100926272327135e-02 4.7284320908028053e-02 4.8171021965493152e-02 4.7342001644299622e-02 4.8157084115794897e-02 4.7230497961468949e-02 4.8107125408269447e-02 4.6940998867212314e-02 4.8162407470912778e-02 4.6737021755441727e-02 4.9741763125163499e-02 5.2072934296661225e-02 5.1173329048710040e-02 4.8482126884032153e-02 4.6088713629700566e-02 4.5496715882355605e-02 4.5546364834440675e-02 4.5203581462968573e-02 4.5814801174240048e-02 4.5400520703416027e-02 4.5976901737123564e-02 4.5473079145090106e-02 4.5900635791917270e-02 4.5332857676681992e-02 4.5617156815528970e-02 4.5165495967532061e-02 4.5571344781586885e-02 4.6014667474692190e-02 4.8698037437435206e-02 5.1024381454484416e-02 4.9336802496347275e-02 4.7654922489803062e-02 4.6045873325167429e-02 4.5488870142153220e-02 4.4903705823683686e-02 4.4774064616274457e-02 4.4785105681371749e-02 4.4676193326411540e-02 4.4832794230820122e-02 4.4678890556448768e-02 4.4796963800210518e-02 4.4677560788134167e-02 4.4797407322158984e-02 4.4911907305546221e-02 4.5508913882492279e-02 4.6119918132777521e-02 4.8147481592465340e-02 4.8810826191897291e-02 4.7301971057809561e-02 4.6392489444311187e-02 4.5894517349964227e-02 4.5532656858910357e-02 4.5030522488236420e-02 4.4963145511255083e-02 4.4689442295054706e-02 4.4689968080015303e-02 4.4595780527685078e-02 4.4625246221196076e-02 4.4636344909705909e-02 4.4753246127168952e-02 4.4886694263202777e-02 4.5143393364320106e-02 4.5600622340071902e-02 4.5885596562550438e-02 4.6911801331592666e-02 4.6745938832780880e-02 4.5409853496336063e-02 4.5187835113509489e-02 4.5588770777175630e-02 4.5507292841676254e-02 4.5279645785606150e-02 4.5197598574743848e-02 4.4889637369253915e-02 4.4806033345761324e-02 4.4690371325479747e-02 4.4678320435721425e-02 4.4785724966728786e-02 4.4904089824943094e-02 4.5145326662053356e-02 4.5341201068787737e-02 4.5569832479015852e-02 4.5558821548361834e-02 4.5636001518820690e-02 4.4946745785403738e-02 4.3844624258534470e-02 4.4388647267067878e-02 4.5380848505414961e-02 4.5492266319467026e-02 4.5357010343105138e-02 4.5058802639591652e-02 4.4784043059781689e-02 4.4388459960068245e-02 4.4441708655083928e-02 4.4166911646681746e-02 4.4596562010781292e-02 4.4534780156635187e-02 4.5135632408561180e-02 4.5224433184735083e-02 4.5503363914484375e-02 4.5375812713159047e-02 4.4663295441629350e-02 4.3600948128748214e-02 4.2945258201622802e-02 4.4522718671925351e-02 4.5464985752954143e-02 4.5308253811231491e-02 4.4864613530795752e-02 4.3955049160860113e-02 4.3763417105778267e-02 4.2823314717479549e-02 4.3218427835670349e-02 4.2502231233104856e-02 4.3455213273750473e-02 4.3045965401408308e-02 4.4365414899479677e-02 4.4283182492246165e-02 4.5315906761056540e-02 4.5328263904141519e-02 4.4409855278292013e-02 4.3226788696860155e-02 4.3830853109431724e-02 4.6327325542364066e-02 4.5307529826457790e-02 4.3739512223289354e-02 4.2893929405370394e-02 4.0982619515050327e-02 4.1244419132562854e-02 3.9711727993299958e-02 4.0601567126582687e-02 3.9409143502089586e-02 4.0879622678816674e-02 3.9969672755303422e-02 4.2089989480664142e-02 4.1527642147430932e-02 4.4182935479890377e-02 4.4323887101326398e-02 4.5382020786026968e-02 4.5092474270698339e-02 5.3149334902133173e-02 4.4182188866632527e-02 4.1602470814813920e-02 3.7616113494547701e-02 3.8348697702931311e-02 3.6024031147138445e-02 3.7127537098705601e-02 3.5409611096651347e-02 3.6719804242425047e-02 3.5272167417521337e-02 3.6908275380992839e-02 3.5546845852010449e-02 3.7780903712940732e-02 3.6407463727401994e-02 3.9948135511714479e-02 3.8870049371557261e-02 4.5748878295101901e-02 4.9673053252646149e-02 1.0554736836963814e-01 1.0712740554500658e-01 9.5802204158662640e-02 9.8170723431007592e-02 9.0017074684895629e-02 9.3188495628632323e-02 8.8325122752399968e-02 9.1389228909464992e-02 8.7991679399213138e-02 9.1051883099613706e-02 8.8151701919977038e-02 9.1668973874696177e-02 8.9047587321437457e-02 9.4076096733372944e-02 9.1970513843311272e-02 1.0128562780012934e-01 1.0134449385770890e-01 1.1644860853562103e-01 1.0711945909246123e-01 1.0880052241044962e-01 1.0834660277132543e-01 1.0931933031129153e-01 1.0310261629480265e-01 1.0526336040567667e-01 9.9174046448115491e-02 1.0216676624591957e-01 9.7695323108430779e-02 1.0130264853132442e-01 9.8247938371601437e-02 1.0287294086226188e-01 1.0125245903438944e-01 1.0742599058195998e-01 1.0873878159961735e-01 1.1236181521996561e-01 1.1025027820855141e-01 1.0459613061527762e-01 1.0481630972268546e-01 1.0730761112466417e-01 1.1140367852442624e-01 1.1291131655057590e-01 1.1211741018012428e-01 1.1382272658244456e-01 1.1004760523962522e-01 1.1264442953089260e-01 1.0866590317496901e-01 1.1224747394097974e-01 1.0956781281498482e-01 1.1366475984215098e-01 1.1263456881705479e-01 1.1491008280543505e-01 1.1283771729738362e-01 1.1136076516465922e-01 1.0695295377292804e-01 1.0431253223384683e-01 1.0539007218492215e-01 1.0825373397154030e-01 1.1204998013448524e-01 1.1429069340239068e-01 1.1643390831683856e-01 1.1837215031228908e-01 1.1796349989231628e-01 1.2016761805883930e-01 1.1830562152359772e-01 1.2074608817783836e-01 1.1868101299912989e-01 1.2025982219913857e-01 1.1767389484668810e-01 1.1735854714410436e-01 1.1353466659839108e-01 1.1212592169491452e-01 1.0753153600390636e-01 1.0617074972539636e-01 1.0796651052604526e-01 1.1076683740770717e-01 1.1355294867792830e-01 1.1599602996724417e-01 1.1869989769733426e-01 1.2070656994085170e-01 1.2230897511865300e-01 1.2386107044184436e-01 1.2388161531790401e-01 1.2471476532036108e-01 1.2314369769959171e-01 1.2294061392986295e-01 1.1996820555686875e-01 1.1903938216528519e-01 1.1517483193680469e-01 1.1418192641936012e-01 1.0985262711765423e-01 1.0908467896630310e-01 1.1124622684322454e-01 1.1371412607636902e-01 1.1574356139171467e-01 1.1785768206984593e-01 1.2019178042574170e-01 1.2176354071877167e-01 1.2377861411291695e-01 1.2454446748204923e-01 1.2535177242146942e-01 1.2519740759297010e-01 1.2433782562939154e-01 1.2352690394400208e-01 1.2124609504956210e-01 1.2028801812251545e-01 1.1713781485263078e-01 1.1639738186986270e-01 1.1274796294593835e-01 1.1234264917179002e-01 1.1443219732722563e-01 1.1631648203415609e-01 1.1773928220153249e-01 1.1921852529684786e-01 1.2095298695637936e-01 1.2188025666270286e-01 1.2351807931502892e-01 1.2373923071792806e-01 1.2463208559632516e-01 1.2417817656911675e-01 1.2390429548370804e-01 1.2307112916070571e-01 1.2169107883765745e-01 1.2085374337118372e-01 1.1869505239664241e-01 1.1812811148856046e-01 1.1547455470401162e-01 1.1529958335810545e-01 1.1693787295030844e-01 1.1810550653494871e-01 1.1900891159935426e-01 1.1983765837007554e-01 1.2102470625139326e-01 1.2147375568317821e-01 1.2262371165811489e-01 1.2261933539972743e-01 1.2333155159870676e-01 1.2291012766895856e-01 1.2291220124042793e-01 1.2225432823168700e-01 1.2151818591647195e-01 1.2086399328184046e-01 1.1957511684076910e-01 1.1914892820584000e-01 1.1753465451883852e-01 1.1747700103222126e-01 1.1840969755406140e-01 1.1890458985863843e-01 1.1952460406259115e-01 1.1996242641976965e-01 1.2076242838889077e-01 1.2099809702777009e-01 1.2173809853241167e-01 1.2168407705415549e-01 1.2217384651806906e-01 1.2186788860819298e-01 1.2195041596356640e-01 1.2150430647985647e-01 1.2111847042867895e-01 1.2066789939565266e-01 1.1991797139185703e-01 1.1959777926802587e-01 1.1873268981139094e-01 1.1866718408338993e-01
</DataArray>
        <DataArray type="Float64" format="ascii" Name="gamma_xy">
4.8369368180676909e-03 2.4804124320090505e-03 6.9118169894607636e-03 4.2715024391366402e-03 4.4073989612655462e-03 2.9387261496125376e-03 2.2179717135002142e-03 1.2940639477256653e-03 2.7485711502680897e-04 -2.7587544765558141e-04 -1.6569928036027251e-03 -1.8819325903016763e-03 -3.8391408050181988e-03 -3.6352847226699234e-03 -6.4554949074564147e-03 -4.7468456695250296e-03 -6.4039974685424928e-03 -6.8948809170625580e-04 -2.5564373333988870e-03 -2.8914210907067589e-03 -4.6432414897536460e-04 -1.5298395611995793e-03 8.3433057642900814e-04 -4.1062137268755715e-04 6.0700189462335752e-04 -9.0197025673851775e-05 6.3592893262909858e-05 -3.1484655816969401e-05 -5.0520839614647049e-04 5.9955242553589441e-05 -9.0018210040635231e-04 6.0564508246897331e-04 -2.5564307292838165e-04 2.4434393840870312e-03 2.4655423514046795e-03 2.5558513331396557e-03 -2.4227752114356366e-03 -3.7721759470547194e-03 -4.3622957843820476e-03 -4.4453339955601457e-03 -2.8280432329637665e-03 -2.9379420901632239e-03 -1.3435725024940591e-03 -1.2858843415490498e-03 -1.9421544899117849e-04 2.2839768062439092e-04 9.0669526877764988e-04 1.7976855375571941e-03 2.2792043168646881e-03 3.5723456118572552e-03 3.9554960696522035e-03 4.8398642956627011e-03 3.7498901564206369e-03 2.2626596173172687e-03 -2.1115571178395576e-03 -3.5746388795317627e-03 -5.1049205806878726e-03 -4.9776997911043621e-03 -4.2912973611985194e-03 -3.7209517875110634e-03 -2.3468708469470668e-03 -1.7147427757103803e-03 -3.2259229891552516e-04 3.5543025101670504e-04 1.6804103966204804e-03 2.4377823811446496e-03 3.6795104283875793e-03 4.3560484509336797e-03 5.0320797190409172e-03 4.9977014704997982e-03 3.6402434813591024e-03 1.9860648605129908e-03 -1.8351936562159600e-03 -3.0024546777648827e-03 -4.5220576757152462e-03 -4.0459804738162478e-03 -3.9100200369559957e-03 -2.9129368451702954e-03 -2.1535692812688096e-03 -1.2851980940151283e-03 -2.6751516058311036e-04 3.0767161332335828e-04 1.5871539113419065e-03 1.9040900135747622e-03 3.3696254793896580e-03 3.4360025621306112e-03 4.4528074309283750e-03 4.0515046239479159e-03 3.1483740001107536e-03 1.6776962666794979e-03 -1.4450269746760134e-03 -1.8631020456625908e-03 -2.8118982936813689e-03 -1.5110636319580891e-03 -1.8695327397404563e-03 -4.7404186388440121e-04 -7.9395118945021841e-04 4.7270289406483455e-06 -2.2382013376744279e-05 9.6025460598302029e-05 6.6033589126048258e-04 2.2564178548027265e-04 1.5173217419648783e-03 7.8706235655072465e-04 2.4399584903593025e-03 1.7510296595298674e-03 2.1532847628653365e-03 1.1556115746546140e-03 -6.1948798824946593e-04 8.3807630869292169e-04 1.0270681643593379e-03 3.7937573030366331e-03 2.2360210279174773e-03 3.8200669563678851e-03 1.7084465406184820e-03 2.0556068427207215e-03 3.9014653511418410e-04 -2.4394725816629970e-04 -1.0390045061650641e-03 -2.4925269506816763e-03 -2.0250733763846106e-03 -4.0227147446206769e-03 -1.7922268715821526e-03 -3.3525494745775168e-03 -1.7007975078396647e-04 -1.1157875790681844e-04 2.1066967658128358e-03 8.9596945284416731e-03 9.1954285371060249e-03 1.3037397887026701e-02 8.4780974474705437e-03 9.1573218258105705e-03 4.8576801394976275e-03 4.2238057847127043e-03 8.4867843886361554e-04 -6.0743591999822661e-04 -3.1479155907141224e-03 -5.4547417625039046e-03 -6.9340315172990320e-03 -1.0323896371911681e-02 -9.3592413251167260e-03 -1.3563766717789231e-02 -6.3980686606764257e-03 -5.0757034888890022e-03 1.8732771544731658e-02 3.2641910034374735e-02 2.2128918042148327e-02 2.0598553001349992e-02 1.3880918920225470e-02 1.2049240573993892e-02 7.0983508517603669e-03 5.2700250470272486e-03 1.1267956241914705e-03 -8.2111284201168264e-04 -4.7087432669537166e-03 -7.0102497402503997e-03 -1.1001557334388302e-02 -1.4096482507159976e-02 -1.7997075719402237e-02 -2.3113934697646488e-02 -2.2116346049331385e-02 -3.1906075220345789e-02 2.0615289594193908e-02 1.5714176888868694e-02 1.8039925922138746e-02 1.4989965523555727e-02 1.0972236688950641e-02 9.7216276542752798e-03 5.4846930974910167e-03 4.3065602286548712e-03 7.1434404305171226e-04 -8.2454706667521138e-04 -3.9892287721771677e-03 -6.0409508616863618e-03 -9.1557718709923373e-03 -1.1784585523782051e-02 -1.5709301059260303e-02 -1.8729276355387025e-02 -2.3264095513889454e-02 -1.1395567421597150e-02 1.0690074831308238e-03 4.0806997640522929e-03 1.2356736677102419e-02 9.1312092540413257e-03 1.1504841533323278e-02 8.3007491667410425e-03 6.4288058343794259e-03 4.1910085132831534e-03 8.6228176039593719e-04 -9.3916299635684100e-04 -4.6650535825483088e-03 -6.1801786411138510e-03 -1.0192374868262254e-02 -1.0310054706435838e-02 -1.3357069997011632e-02 -7.4189412143193722e-03 -4.7287984801650798e-03 -3.2396685931324412e-04 -7.7450967664290658e-04 -2.3058802780816416e-04 2.2505347111234780e-03 1.8011657920276008e-03 5.4333601774661571e-03 3.2145679145467454e-03 4.3821215656192130e-03 2.0403830001215146e-03 6.3623215669462779e-04 -8.4363496425699555e-04 -3.5543968937607191e-03 -3.3581928041272763e-03 -5.6276509919779855e-03 -2.7276396465117279e-03 -2.8766108696565516e-03 -1.5353286762642851e-05 -1.9473429474070982e-04 4.2675998026036086e-04 -7.5615574754036609e-04 -1.4919105959117405e-03 -1.9797768165405122e-03 -2.2543597799889064e-03 -7.9424331331745849e-04 -1.5501129156664821e-03 2.7201774401962320e-04 -7.4048230472964298e-04 -2.7217866126956076e-05 -2.2015472953233867e-04 -4.2132954645574748e-04 8.7414921847561949e-04 6.4328131672889951e-04 2.3255278277347796e-03 1.8092673509046578e-03 2.4055939552535418e-03 1.1604815784312891e-03 7.5729850767852227e-04 -8.9333041278690114e-04 -1.9089735784685803e-03 -3.2930932030160558e-03 -3.7693852839682804e-03 -3.8954044347133672e-03 -3.8533590340982479e-03 -2.6261004634580338e-03 -2.2019549595954260e-03 -4.0441482309421157e-04 4.7032071076068065e-04 2.0357228095357529e-03 3.0169791216134727e-03 3.6777677223523235e-03 4.1118395589551295e-03 3.5478962111977017e-03 3.2691817846907194e-03 1.7859707910527485e-03 9.3568474893697602e-04 -9.8855562277478846e-04 -1.9373149929357029e-03 -3.4762497721589490e-03 -3.7948175920901393e-03 -4.4182969272255337e-03 -3.9458071475191219e-03 -3.2573104131876840e-03 -2.2055487310207490e-03 -4.4079553642816210e-04 6.3232905132581962e-04 2.5310772747093612e-03 3.0920648212832960e-03 4.1463526117877011e-03 4.0502387620847402e-03 3.8597401786218308e-03 3.2510731664476757e-03 1.9590206272334654e-03 9.3571566454681042e-04 -9.0857647873765577e-04 -1.6204068903155594e-03 -2.9512418009910090e-03 -2.9489518015033121e-03 -3.5374952263517892e-03 -2.8790789329804171e-03 -2.5334662387534474e-03 -1.5399704335301485e-03 -3.6033278590696987e-04 4.4900912241936398e-04 1.9256208833291430e-03 2.2081193345270711e-03 3.2924769297310915e-03 3.0406487196161965e-03 3.2362696717261408e-03 2.5981053545438182e-03 1.7420481606668129e-03 7.7723410612416134e-04 -6.5744142394743416e-04 -1.0516036366353028e-03 -1.9638603494344445e-03 -1.7038041182672306e-03 -2.1354310628967249e-03 -1.4988100192495706e-03 -1.4385190729406985e-03 -7.5988113138472505e-04 -2.2825331809534104e-04 2.1520154286398663e-04 1.0598255892810466e-03 1.1244474520829073e-03 1.9598320084638081e-03 1.6698507610443376e-03 2.0907604466510713e-03 1.5687144861403388e-03 1.2271744541488636e-03 5.1566147635365525e-04 -3.1113468771260254e-04 -3.4152920665053748e-04 -7.7196180416368404e-04 -4.0990220772074275e-04 -7.2861439023630219e-04 -3.0251886445281922e-04 -4.6314580714990842e-04 -1.2302886590942610e-04 -9.0208472831172044e-05 7.7683687534349584e-05 3.1601936959368613e-04 2.6277028256638094e-04 6.5566132114368791e-04 3.8698190136197790e-04 7.8123085035251632e-04 3.8909146881594585e-04 5.2583068784082480e-04 1.4547341858586258e-04
</DataArray>
        <DataArray type="Float64" format="ascii" Name="Stress" NumberOfComponents="9">
-1.1334997199981439e+02 3.6833098054930701e+01 0.0000000000000000e+00 3.6833098054930701e+01 1.1266199470513077e+03 0.0000000000000000e+00 0.0000000000000000e+00 0.0000000000000000e+00 3.0533946193324942e+02 -5.9640043131860182e+01 1.9080095630838851e+01 0.0000000000000000e+00 1.9080095630838851e+01 1.0499728423105905e+03 0.0000000000000000e+00 0.0000000000000000e+00 0.0000000000000000e+00 2.9709983975361911e+02 -1.6316604723650681e+02 5.3167822995852013e+01 0.0000000000000000e+00 5.3167822995852013e+01 9.8291293377751470e+02 0.0000000000000000e+00 0.0000000000000000e+00 0.0000000000000000e+00 2.4592406596230234e+02 -1.1878302481557962e+02 3.2857711070281852e+01 0.0000000000000000e+00 3.2857711070281852e+01 9.7871320047718325e+02 0.0000000000000000e+00 0.0000000000000000e+00 0.0000000000000000e+00 2.5797905269848115e+02 -1.8289501243501400e+02 3.3903068932811898e+01 0.0000000000000000e+00 3.3903068932811898e+01 9.7591018566812727e+02 0.0000000000000000e+00 0.0000000000000000e+00 0.0000000000000000e+00 2.3790455196993386e+02 -1.4954812852290505e+02 2.2605585766250286e+01 0.0000000000000000e+00 2.2605585766250286e+01 9.7049460838407310e+02 0.0000000000000000e+00 0.0000000000000000e+00 0.0000000000000000e+00 2.4628394395835045e+02 -1.9429542938878456e+02 1.7061320873078568e+01 0.0000000000000000e+00 1.7061320873078568e+01 9.7389374503837018e+02 0.0000000000000000e+00 0.0000000000000000e+00 0.0000000000000000e+00 2.3387949469487563e+02 -1.6367783558373227e+02 9.9543380594281956e+00 0.0000000000000000e+00 9.9543380594281956e+00 9.6906820031088500e+02 0.0000000000000000e+00 0.0000000000000000e+00 0.0000000000000000e+00 2.4161710941814579e+02 -1.9895666021344303e+02 2.1142855002062229e+00 0.0000000000000000e+00 2.1142855002062229e+00 9.7343663936991254e+02 0.0000000000000000e+00 0.0000000000000000e+00 0.0000000000000000e+00 2.3234399374694075e+02 -1.6704527964088868e+02 -2.1221188281198575e+00 0.0000000000000000e+00 -2.1221188281198575e+00 9.6889271849016029e+02 0.0000000000000000e+00 0.0000000000000000e+00 0.0000000000000000e+00 2.4055423165478149e+02 -1.9692438881448450e+02 -1.2746098489251731e+01 0.0000000000000000e+00 -1.2746098489251731e+01 9.7400128645961422e+02 0.0000000000000000e+00 0.0000000000000000e+00 0.0000000000000000e+00 2.3312306929353898e+02 -1.6068407442193768e+02 -1.4476404540782127e+01 0.0000000000000000e+00 -1.4476404540782127e+01 9.6916831890639924e+02 0.0000000000000000e+00 0.0000000000000000e+00 0.0000000000000000e+00 2.4254527334533844e+02 -1.8894557924753980e+02 -2.9531852346293839e+01 0.0000000000000000e+00 -2.9531852346293839e+01 9.7632278270203119e+02 0.0000000000000000e+00 0.0000000000000000e+00 0.0000000000000000e+00 2.3621316103634743e+02 -1.4231386860731712e+02 -2.7963728635922479e+01 0.0000000000000000e+00 -2.7963728635922479e+01 9.7067864679933268e+02 0.0000000000000000e+00 0.0000000000000000e+00 0.0000000000000000e+00 2.4850943345760462e+02 -1.7423462053270831e+02 -4.9657653134280125e+01 0.0000000000000000e+00 -4.9657653134280125e+01 9.8384246968186733e+02 0.0000000000000000e+00 0.0000000000000000e+00 0.0000000000000000e+00 2.4288235474474777e+02 -1.0026566002221740e+02 -3.6514197457884848e+01 0.0000000000000000e+00 -3.6514197457884848e+01 9.8421629417601071e+02 0.0000000000000000e+00 0.0000000000000000e+00 0.0000000000000000e+00 2.6518519024613795e+02 -1.3191429002161564e+02 -4.9261518988788410e+01 0.0000000000000000e+00 -4.9261518988788410e+01 1.0366908674668571e+03 0.0000000000000000e+00 0.0000000000000000e+00 0.0000000000000000e+00 2.7143297323357240e+02 -2.1690156875696641e+01 -5.3037545515865840e+00 0.0000000000000000e+00 -5.3037545515865840e+00 1.1351643129139593e+03 0.0000000000000000e+00 0.0000000000000000e+00 0.0000000000000000e+00 3.3404224681147878e+02 3.1420424249508487e+00 -1.9664902564606820e+01 0.0000000000000000e+00 -1.9664902564606820e+01 1.1260351401317928e+03 0.0000000000000000e+00 0.0000000000000000e+00 0.0000000000000000e+00 3.3875315476702309e+02 -9.1171054477516555e-01 -2.2241700697744292e+01 0.0000000000000000e+00 -2.2241700697744292e+01 1.0651505171078909e+03 0.0000000000000000e+00 0.0000000000000000e+00 0.0000000000000000e+00 3.1927164196893466e+02 -3.5776319438952335e+01 -3.5717242228874189e+00 0.0000000000000000e+00 -3.5717242228874189e+00 9.9760605276134049e+02 0.0000000000000000e+00 0.0000000000000000e+00 0.0000000000000000e+00 2.8854891999671645e+02 -3.1578406670731614e+01 -1.1767996624612145e+01 0.0000000000000000e+00 -1.1767996624612145e+01 9.8639421873134802e+02 0.0000000000000000e+00 0.0000000000000000e+00 0.0000000000000000e+00 2.8644474361818499e+02 -7.7122064848646303e+01 6.4179275109923681e+00 0.0000000000000000e+00 6.4179275109923681e+00 9.6796669384378163e+02 0.0000000000000000e+00 0.0000000000000000e+00 0.0000000000000000e+00 2.6725338869854062e+02 -6.3154399371056549e+01 -3.1586259437504398e+00 0.0000000000000000e+00 -3.1586259437504398e+00 9.6641913571940586e+02 0.0000000000000000e+00 0.0000000000000000e+00 0.0000000000000000e+00 2.7097942090450482e+02 -1.0114864502782771e+02 4.6692453432565957e+00 0.0000000000000000e+00 4.6692453432565957e+00 9.6356928782851446e+02 0.0000000000000000e+00 0.0000000000000000e+00 0.0000000000000000e+00 2.5872619284020607e+02 -8.1387793626654698e+01 -6.9382327441424441e-01 0.0000000000000000e+00 -6.9382327441424441e-01 9.6293315885046718e+02 0.0000000000000000e+00 0.0000000000000000e+00 0.0000000000000000e+00 2.6446360956714375e+02 -1.1005447170278788e+02 4.8917610202238326e-01 0.0000000000000000e+00 4.8917610202238326e-01 9.6331515470152112e+02 0.0000000000000000e+00 0.0000000000000000e+00 0.0000000000000000e+00 2.5597820489961995e+02 -8.5772243227432085e+01 -2.4218966013053375e-01 0.0000000000000000e+00 -2.4218966013053375e-01 9.6264880004736654e+02 0.0000000000000000e+00 0.0000000000000000e+00 0.0000000000000000e+00 2.6306296704598032e+02 -1.0567586769651123e+02 -3.8862184318959274e+00 0.0000000000000000e+00 -3.8862184318959274e+00 9.6351552465572104e+02 0.0000000000000000e+00 0.0000000000000000e+00 0.0000000000000000e+00 2.5735189708776289e+02 -7.6682664564154578e+01 4.6119417348914871e-01 0.0000000000000000e+00 4.6119417348914871e-01 9.6346254324573579e+02 0.0000000000000000e+00 0.0000000000000000e+00 0.0000000000000000e+00 2.6603396360447425e+02 -8.6501100146299450e+01 -6.9244776954334810e+00 0.0000000000000000e+00 -6.9244776954334810e+00 9.6550297500387103e+02 0.0000000000000000e+00 0.0000000000000000e+00 0.0000000000000000e+00 2.6370056245727147e+02 -5.2768889573647627e+01 4.6588083266844098e+00 0.0000000000000000e+00 4.6588083266844098e+00 9.7003302463397654e+02 0.0000000000000000e+00 0.0000000000000000e+00 0.0000000000000000e+00 2.7517924051809860e+02 -4.8235603811447966e+01 -1.9664851763721674e+00 0.0000000000000000e+00 -1.9664851763721674e+00 9.8089561554425597e+02 0.0000000000000000e+00 0.0000000000000000e+00 0.0000000000000000e+00 2.7979800351984238e+02 -1.6671597536856172e+01 1.8795687569900238e+01 0.0000000000000000e+00 1.8795687569900238e+01 1.0041664026972198e+03 0.0000000000000000e+00 0.0000000000000000e+00 0.0000000000000000e+00 2.9624844154810904e+02 -3.2739925462282704e+00 1.8965710395420608e+01 0.0000000000000000e+00 1.8965710395420608e+01 1.0688833974238189e+03 0.0000000000000000e+00 0.0000000000000000e+00 0.0000000000000000e+00 3.1968282146327715e+02 2.0388677988938356e-01 1.9660394870305044e+01 0.0000000000000000e+00 1.9660394870305044e+01 1.1215023570701594e+03 0.0000000000000000e+00 0.0000000000000000e+00 0.0000000000000000e+00 3.3651187315501465e+02 1.9398807137356253e+00 -1.8636732395658743e+01 0.0000000000000000e+00 -1.8636732395658743e+01 1.0851567070387939e+03 0.0000000000000000e+00 0.0000000000000000e+00 0.0000000000000000e+00 3.2612897632575886e+02 1.7092397065624834e+00 -2.9016738054267073e+01 0.0000000000000000e+00 -2.9016738054267073e+01 1.0480934651446382e+03 0.0000000000000000e+00 0.0000000000000000e+00 0.0000000000000000e+00 3.1494081145536012e+02 -4.1528577125238062e+00 -3.3556121418323443e+01 0.0000000000000000e+00 -3.3556121418323443e+01 1.0102174197752354e+03 0.0000000000000000e+00 0.0000000000000000e+00 0.0000000000000000e+00 3.0181936861881348e+02 -4.5390041224995503e+00 -3.4194876888924199e+01 0.0000000000000000e+00 -3.4194876888924199e+01 9.9781010025855994e+02 0.0000000000000000e+00 0.0000000000000000e+00 0.0000000000000000e+00 2.9798132884081815e+02 -2.3175851502882043e+01 -2.1754178715105898e+01 0.0000000000000000e+00 -2.1754178715105898e+01 9.7696212570060391e+02 0.0000000000000000e+00 0.0000000000000000e+00 0.0000000000000000e+00 2.8613588225931659e+02 -1.7688285414634876e+01 -2.2599554539717104e+01 0.0000000000000000e+00 -2.2599554539717104e+01 9.7646468243272693e+02 0.0000000000000000e+00 0.0000000000000000e+00 0.0000000000000000e+00 2.8763291910542767e+02 -3.9387804282723486e+01 -1.0335173096108145e+01 0.0000000000000000e+00 -1.0335173096108145e+01 9.6740754940348654e+02 0.0000000000000000e+00 0.0000000000000000e+00 0.0000000000000000e+00 2.7840592353622890e+02 -2.7757703970518634e+01 -9.8914180119157660e+00 0.0000000000000000e+00 -9.8914180119157660e+00 9.6999819997772363e+02 0.0000000000000000e+00 0.0000000000000000e+00 0.0000000000000000e+00 2.8267214880216147e+02 -4.6184090513652485e+01 -1.4939649922398341e+00 0.0000000000000000e+00 -1.4939649922398341e+00 9.6554295529239334e+02 0.0000000000000000e+00 0.0000000000000000e+00 0.0000000000000000e+00 2.7580765943362218e+02 -3.0306985552631190e+01 1.7569052355722381e+00 0.0000000000000000e+00 1.7569052355722381e+00 9.6896493050928473e+02 0.0000000000000000e+00 0.0000000000000000e+00 0.0000000000000000e+00 2.8159738348699602e+02 -4.2413776858675007e+01 6.9745789905973083e+00 0.0000000000000000e+00 6.9745789905973083e+00 9.6637132201024974e+02 0.0000000000000000e+00 0.0000000000000000e+00 0.0000000000000000e+00 2.7718726354547238e+02 -2.4607572559744106e+01 1.3828350288901493e+01 0.0000000000000000e+00 1.3828350288901493e+01 9.7137831040042113e+02 0.0000000000000000e+00 0.0000000000000000e+00 0.0000000000000000e+00 2.8403122135220303e+02 -2.8503577139458081e+01 1.7532340898959138e+01 0.0000000000000000e+00 1.7532340898959138e+01 9.7234258391075946e+02 0.0000000000000000e+00 0.0000000000000000e+00 0.0000000000000000e+00 2.8315170203139036e+02 -1.2338304755795891e+01 2.7479581629671195e+01 0.0000000000000000e+00 2.7479581629671195e+01 9.8178704094083935e+02 0.0000000000000000e+00 0.0000000000000000e+00 0.0000000000000000e+00 2.9083462085551309e+02 -9.3867178536238178e+00 3.0426892843478495e+01 0.0000000000000000e+00 3.0426892843478495e+01 9.9617303042520018e+02 0.0000000000000000e+00 0.0000000000000000e+00 0.0000000000000000e+00 2.9603589377147284e+02 -8.3357294162047257e-01 3.7229725351251552e+01 0.0000000000000000e+00 3.7229725351251552e+01 1.0132673288003499e+03 0.0000000000000000e+00 0.0000000000000000e+00 0.0000000000000000e+00 3.0373012675761879e+02 2.0514341110571865e+00 2.8845308895543361e+01 0.0000000000000000e+00 2.8845308895543361e+01 1.0590655946732077e+03 0.0000000000000000e+00 0.0000000000000000e+00 0.0000000000000000e+00 3.1833510863527948e+02 5.3956581805521786e-01 1.7405073979363607e+01 0.0000000000000000e+00 1.7405073979363607e+01 1.0729966533043817e+03 0.0000000000000000e+00 0.0000000000000000e+00 0.0000000000000000e+00 3.2206086573673110e+02 6.8474562880586987e-01 -1.6242747060304289e+01 0.0000000000000000e+00 -1.6242747060304289e+01 1.0398972219246434e+03 0.0000000000000000e+00 0.0000000000000000e+00 0.0000000000000000e+00 3.1217459026603473e+02 1.5090156670688122e+00 -2.7497222150244330e+01 0.0000000000000000e+00 -2.7497222150244330e+01 1.0202618736223961e+03 0.0000000000000000e+00 0.0000000000000000e+00 0.0000000000000000e+00 3.0653126678683952e+02 2.7400069287386195e+00 -3.9268619851445173e+01 0.0000000000000000e+00 -3.9268619851445173e+01 1.0098449996719698e+03 0.0000000000000000e+00 0.0000000000000000e+00 0.0000000000000000e+00 3.0377550198021248e+02 4.6571331263492723e+00 -3.8289998393110487e+01 0.0000000000000000e+00 -3.8289998393110487e+01 1.0027136473598720e+03 0.0000000000000000e+00 0.0000000000000000e+00 0.0000000000000000e+00 3.0221123414586629e+02 5.3836573024414702e-01 -3.3009979701527079e+01 0.0000000000000000e+00 -3.3009979701527079e+01 9.8991254109837791e+02 0.0000000000000000e+00 0.0000000000000000e+00 0.0000000000000000e+00 2.9713527204858656e+02 5.8185972782231037e+00 -2.8622706057777410e+01 0.0000000000000000e+00 -2.8622706057777410e+01 9.9069468479517445e+02 0.0000000000000000e+00 0.0000000000000000e+00 0.0000000000000000e+00 2.9895398462201928e+02 -3.1330468045643811e+00 -1.8052852668823594e+01 0.0000000000000000e+00 -1.8052852668823594e+01 9.8084281060144406e+02 0.0000000000000000e+00 0.0000000000000000e+00 0.0000000000000000e+00 2.9331292913906390e+02 5.8891728772125482e+00 -1.3190329043926001e+01 0.0000000000000000e+00 -1.3190329043926001e+01 9.8472103189276788e+02 0.0000000000000000e+00 0.0000000000000000e+00 0.0000000000000000e+00 2.9718306143099420e+02 -4.8701904844581261e+00 -2.4814792224271169e+00 0.0000000000000000e+00 -2.4814792224271169e+00 9.7803982007116804e+02 0.0000000000000000e+00 0.0000000000000000e+00 0.0000000000000000e+00 2.9195088887601293e+02 6.0259059061677300e+00 2.7340788539746534e+00 0.0000000000000000e+00 2.7340788539746534e+00 9.8335717332673289e+02 0.0000000000000000e+00 0.0000000000000000e+00 0.0000000000000000e+00 2.9681492376987018e+02 -3.6407750291950727e+00 1.2926233820157540e+01 0.0000000000000000e+00 1.2926233820157540e+01 9.7945823728871687e+02 0.0000000000000000e+00 0.0000000000000000e+00 0.0000000000000000e+00 2.9274523867785649e+02 6.3775246097423128e+00 1.8752172162651149e+01 0.0000000000000000e+00 1.8752172162651149e+01 9.8632105180349299e+02 0.0000000000000000e+00 0.0000000000000000e+00 0.0000000000000000e+00 2.9780957292397056e+02 -2.1463548604229121e-01 2.8303926372212146e+01 0.0000000000000000e+00 2.8303926372212146e+01 9.8642876640054851e+02 0.0000000000000000e+00 0.0000000000000000e+00 0.0000000000000000e+00 2.9586423927435186e+02 6.1375909184012354e+00 3.3508065007182154e+01 0.0000000000000000e+00 3.3508065007182154e+01 9.9479288763140505e+02 0.0000000000000000e+00 0.0000000000000000e+00 0.0000000000000000e+00 3.0027914356494182e+02 2.5905287649139277e+00 3.8708305531083980e+01 0.0000000000000000e+00 3.8708305531083980e+01 1.0033217066151149e+03 0.0000000000000000e+00 0.0000000000000000e+00 0.0000000000000000e+00 3.0177367061400861e+02 3.7752883706281612e+00 3.8443857465383068e+01 0.0000000000000000e+00 3.8443857465383068e+01 1.0100926304566523e+03 0.0000000000000000e+00 0.0000000000000000e+00 0.0000000000000000e+00 3.0416037564818419e+02 1.5880861573631775e+00 2.8001872933531558e+01 0.0000000000000000e+00 2.8001872933531558e+01 1.0317092090475001e+03 0.0000000000000000e+00 0.0000000000000000e+00 0.0000000000000000e+00 3.0998918856145895e+02 4.8168246330762993e-01 1.5277422003946080e+01 0.0000000000000000e+00 1.5277422003946080e+01 1.0275897063915468e+03 0.0000000000000000e+00 0.0000000000000000e+00 0.0000000000000000e+00 3.0842141665645636e+02 6.1685711465686310e-01 -1.4116874278584307e+01 0.0000000000000000e+00 -1.4116874278584307e+01 9.9828312549608529e+02 0.0000000000000000e+00 0.0000000000000000e+00 0.0000000000000000e+00 2.9966999478322265e+02 1.9428527716667077e+00 -2.3095805213576025e+01 0.0000000000000000e+00 -2.3095805213576025e+01 9.9397188445180177e+02 0.0000000000000000e+00 0.0000000000000000e+00 0.0000000000000000e+00 2.9877442116704060e+02 6.3537173995572553e+00 -3.4785059043963436e+01 0.0000000000000000e+00 -3.4785059043963436e+01 1.0046740278344396e+03 0.0000000000000000e+00 0.0000000000000000e+00 0.0000000000000000e+00 3.0330832357019898e+02 1.1970742965477799e+01 -3.1122926721663450e+01 0.0000000000000000e+00 -3.1122926721663450e+01 1.0052906006484191e+03 0.0000000000000000e+00 0.0000000000000000e+00 0.0000000000000000e+00 3.0517840308416908e+02 1.5292227413410206e+01 -3.0077077207353813e+01 0.0000000000000000e+00 -3.0077077207353813e+01 1.0017108619817064e+03 0.0000000000000000e+00 0.0000000000000000e+00 0.0000000000000000e+00 3.0510092681853502e+02 2.5006734798815629e+01 -2.2407206501309961e+01 0.0000000000000000e+00 -2.2407206501309961e+01 1.0040709868861702e+03 0.0000000000000000e+00 0.0000000000000000e+00 0.0000000000000000e+00 3.0872331650549580e+02 2.2924086491688911e+01 -1.6565917548221609e+01 0.0000000000000000e+00 -1.6565917548221609e+01 9.9641004518333727e+02 0.0000000000000000e+00 0.0000000000000000e+00 0.0000000000000000e+00 3.0580023950250785e+02 3.4710098932201653e+01 -9.8861391847317552e+00 0.0000000000000000e+00 -9.8861391847317552e+00 9.9962374230635726e+02 0.0000000000000000e+00 0.0000000000000000e+00 0.0000000000000000e+00 3.1030015237156766e+02 2.6515213617046470e+01 -2.0578089275623874e+00 0.0000000000000000e+00 -2.0578089275623874e+00 9.9356962617609111e+02 0.0000000000000000e+00 0.0000000000000000e+00 0.0000000000000000e+00 3.0602545193794128e+02 3.7588480456440550e+01 2.3667047178719871e+00 0.0000000000000000e+00 2.3667047178719871e+00 9.9805045724444017e+02 0.0000000000000000e+00 0.0000000000000000e+00 0.0000000000000000e+00 3.1069168131026419e+02 2.5078863198550025e+01 1.2208876241091588e+01 0.0000000000000000e+00 1.2208876241091588e+01 9.9504973184836308e+02 0.0000000000000000e+00 0.0000000000000000e+00 0.0000000000000000e+00 3.0603857851407395e+02 3.2757870392923394e+01 1.4646846258267402e+01 0.0000000000000000e+00 1.4646846258267402e+01 1.0009421603869253e+03 0.0000000000000000e+00 0.0000000000000000e+00 0.0000000000000000e+00 3.1011000923395454e+02 1.8829740608787951e+01 2.5920195995305054e+01 0.0000000000000000e+00 2.5920195995305054e+01 1.0002748704159278e+03 0.0000000000000000e+00 0.0000000000000000e+00 0.0000000000000000e+00 3.0573138330741477e+02 2.1462852065868777e+01 2.6430788939466243e+01 0.0000000000000000e+00 2.6430788939466243e+01 1.0057082787708171e+03 0.0000000000000000e+00 0.0000000000000000e+00 0.0000000000000000e+00 3.0815133925100577e+02 9.6588264111557312e+00 3.4252364853295191e+01 0.0000000000000000e+00 3.4252364853295191e+01 1.0056742767919425e+03 0.0000000000000000e+00 0.0000000000000000e+00 0.0000000000000000e+00 3.0459993096092944e+02 8.1883915352645378e+00 3.1165420184214739e+01 0.0000000000000000e+00 3.1165420184214739e+01 1.0048020919406482e+03 0.0000000000000000e+00 0.0000000000000000e+00 0.0000000000000000e+00 3.0389714504277379e+02 1.8903836431071495e+00 2.4218261539313495e+01 0.0000000000000000e+00 2.4218261539313495e+01 1.0037992087881601e+03 0.0000000000000000e+00 0.0000000000000000e+00 0.0000000000000000e+00 3.0170687772938010e+02 5.9139765119302445e-01 1.2905355897534600e+01 0.0000000000000000e+00 1.2905355897534600e+01 9.8809402284839553e+02 0.0000000000000000e+00 0.0000000000000000e+00 0.0000000000000000e+00 2.9660562614987651e+02 1.0584293940202862e+00 -1.1115592112892410e+01 0.0000000000000000e+00 -1.1115592112892410e+01 9.6407172816962327e+02 0.0000000000000000e+00 0.0000000000000000e+00 0.0000000000000000e+00 2.8953904726909309e+02 3.7298425508773363e+00 -1.4331554197404545e+01 0.0000000000000000e+00 -1.4331554197404545e+01 9.7717316916065886e+02 0.0000000000000000e+00 0.0000000000000000e+00 0.0000000000000000e+00 2.9427090351346089e+02 1.2949862385873660e+01 -2.1629986874472074e+01 0.0000000000000000e+00 -2.1629986874472074e+01 1.0029312268558132e+03 0.0000000000000000e+00 0.0000000000000000e+00 0.0000000000000000e+00 3.0476432677250597e+02 2.6207795095508029e+01 -1.1623566399677612e+01 0.0000000000000000e+00 -1.1623566399677612e+01 1.0110619411830646e+03 0.0000000000000000e+00 0.0000000000000000e+00 0.0000000000000000e+00 3.1118092088357173e+02 3.5109287007027476e+01 -1.4381021074926586e+01 0.0000000000000000e+00 -1.4381021074926586e+01 1.0119042074668607e+03 0.0000000000000000e+00 0.0000000000000000e+00 0.0000000000000000e+00 3.1410404834216649e+02 5.4359533758301062e+01 -3.6464758760338554e+00 0.0000000000000000e+00 -3.6464758760338554e+00 1.0136002977555719e+03 0.0000000000000000e+00 0.0000000000000000e+00 0.0000000000000000e+00 3.2038794945416186e+02 5.4625254205404914e+01 -6.1073168419247548e+00 0.0000000000000000e+00 -6.1073168419247548e+00 1.0076755058634526e+03 0.0000000000000000e+00 0.0000000000000000e+00 0.0000000000000000e+00 3.1869022802065723e+02 7.4274897547731399e+01 3.6361761081910554e-02 0.0000000000000000e+00 3.6361761081910554e-02 1.0074026475219562e+03 0.0000000000000000e+00 0.0000000000000000e+00 0.0000000000000000e+00 3.2450326352090627e+02 6.3555013221132477e+01 -1.7216933366726372e-01 0.0000000000000000e+00 -1.7216933366726372e-01 1.0039787123713411e+03 0.0000000000000000e+00 0.0000000000000000e+00 0.0000000000000000e+00 3.2026011767774202e+02 7.9873467940356093e+01 7.3865738921770796e-01 0.0000000000000000e+00 7.3865738921770796e-01 1.0049328411322789e+03 0.0000000000000000e+00 0.0000000000000000e+00 0.0000000000000000e+00 3.2544189272179045e+02 5.9628206571027448e+01 5.0795068558498659e+00 0.0000000000000000e+00 5.0795068558498659e+00 1.0056991656904685e+03 0.0000000000000000e+00 0.0000000000000000e+00 0.0000000000000000e+00 3.1959821167844876e+02 7.0137778737893385e+01 1.7357060421559436e+00 0.0000000000000000e+00 1.7357060421559436e+00 1.0088454250994308e+03 0.0000000000000000e+00 0.0000000000000000e+00 0.0000000000000000e+00 3.2369496115119728e+02 4.3763594394323874e+01 1.1671705707422140e+01 0.0000000000000000e+00 1.1671705707422140e+01 1.0107477472362747e+03 0.0000000000000000e+00 0.0000000000000000e+00 0.0000000000000000e+00 3.1635340248917953e+02 4.6947900684550198e+01 6.0543258196209591e+00 0.0000000000000000e+00 6.0543258196209591e+00 1.0140641153425013e+03 0.0000000000000000e+00 0.0000000000000000e+00 0.0000000000000000e+00 3.1830360480811538e+02 2.1178138416217411e+01 1.8768911464302327e+01 0.0000000000000000e+00 1.8768911464302327e+01 1.0091502772219916e+03 0.0000000000000000e+00 0.0000000000000000e+00 0.0000000000000000e+00 3.0909852469146279e+02 1.8169325595206072e+01 1.3469458919460518e+01 0.0000000000000000e+00 1.3469458919460518e+01 1.0050574629069355e+03 0.0000000000000000e+00 0.0000000000000000e+00 0.0000000000000000e+00 3.0696803655064252e+02 3.4246384413255773e+00 1.6563728945117973e+01 0.0000000000000000e+00 1.6563728945117973e+01 9.8307859101615827e+02 0.0000000000000000e+00 0.0000000000000000e+00 0.0000000000000000e+00 2.9595096883724511e+02 8.4546412922961800e-01 8.8893198050354929e+00 0.0000000000000000e+00 8.8893198050354929e+00 9.5862493800589425e+02 0.0000000000000000e+00 0.0000000000000000e+00 0.0000000000000000e+00 2.8784112064053716e+02 2.6204573446906387e+00 -4.7652922173035837e+00 0.0000000000000000e+00 -4.7652922173035837e+00 9.4497488175481919e+02 0.0000000000000000e+00 0.0000000000000000e+00 0.0000000000000000e+00 2.8427860172985294e+02 1.0910416749563407e+01 6.4467408360993979e+00 0.0000000000000000e+00 6.4467408360993979e+00 9.8319718238553469e+02 0.0000000000000000e+00 0.0000000000000000e+00 0.0000000000000000e+00 2.9823227974052946e+02 3.0451311049150405e+01 7.9005243412256778e+00 0.0000000000000000e+00 7.9005243412256778e+00 1.0122810179870897e+03 0.0000000000000000e+00 0.0000000000000000e+00 0.0000000000000000e+00 3.1281969871087199e+02 6.1630034650248284e+01 2.9182748484897179e+01 0.0000000000000000e+00 2.9182748484897179e+01 1.0221986700420074e+03 0.0000000000000000e+00 0.0000000000000000e+00 0.0000000000000000e+00 3.2514861140767664e+02 7.4687070099021284e+01 1.7200161753211361e+01 0.0000000000000000e+00 1.7200161753211361e+01 1.0180442065434431e+03 0.0000000000000000e+00 0.0000000000000000e+00 0.0000000000000000e+00 3.2781938299273929e+02 1.0999879919849755e+02 2.9385130433599116e+01 0.0000000000000000e+00 2.9385130433599116e+01 1.0131873790160619e+03 0.0000000000000000e+00 0.0000000000000000e+00 0.0000000000000000e+00 3.3695585346436781e+02 1.0705252592754351e+02 1.3141896466296020e+01 0.0000000000000000e+00 1.3141896466296020e+01 1.0077129969530849e+03 0.0000000000000000e+00 0.0000000000000000e+00 0.0000000000000000e+00 3.3442965686418853e+02 1.3839976327547802e+02 1.5812360328620935e+01 0.0000000000000000e+00 1.5812360328620935e+01 1.0004859362934367e+03 0.0000000000000000e+00 0.0000000000000000e+00 0.0000000000000000e+00 3.4166570987067439e+02 1.2040325062950713e+02 3.0011271931860319e+00 0.0000000000000000e+00 3.0011271931860319e+00 1.0014569499548514e+03 0.0000000000000000e+00 0.0000000000000000e+00 0.0000000000000000e+00 3.3655806017530756e+02 1.4562370736110498e+02 -1.8765173705099973e+00 0.0000000000000000e+00 -1.8765173705099973e+00 9.9652513245376713e+02 0.0000000000000000e+00 0.0000000000000000e+00 0.0000000000000000e+00 3.4264465194446166e+02 1.1445191586151890e+02 -7.9923423551158770e+00 0.0000000000000000e+00 -7.9923423551158770e+00 1.0041104534736286e+03 0.0000000000000000e+00 0.0000000000000000e+00 0.0000000000000000e+00 3.3556871080054418e+02 1.3264367859081389e+02 -1.9173284236012893e+01 0.0000000000000000e+00 -1.9173284236012893e+01 1.0029124644819600e+03 0.0000000000000000e+00 0.0000000000000000e+00 0.0000000000000000e+00 3.4066684292183214e+02 8.9483610418837102e+01 -1.5577487510650853e+01 0.0000000000000000e+00 -1.5577487510650853e+01 1.0134141824757581e+03 0.0000000000000000e+00 0.0000000000000000e+00 0.0000000000000000e+00 3.3086933786837858e+02 9.8781138111134098e+01 -3.0943959574005209e+01 0.0000000000000000e+00 -3.0943959574005209e+01 1.0155915315475446e+03 0.0000000000000000e+00 0.0000000000000000e+00 0.0000000000000000e+00 3.3431180089760358e+02 4.8708628099713231e+01 -1.3786360550631944e+01 0.0000000000000000e+00 -1.3786360550631944e+01 1.0168291210769438e+03 0.0000000000000000e+00 0.0000000000000000e+00 0.0000000000000000e+00 3.1966132475299713e+02 4.6555612014343907e+01 -2.5788842112134748e+01 0.0000000000000000e+00 -2.5788842112134748e+01 1.0161779854598072e+03 0.0000000000000000e+00 0.0000000000000000e+00 0.0000000000000000e+00 3.1882007924224524e+02 8.9021538136024887e+00 -1.3083057752612810e+00 0.0000000000000000e+00 -1.3083057752612810e+00 9.7985598412433524e+02 0.0000000000000000e+00 0.0000000000000000e+00 0.0000000000000000e+00 2.9662744138138135e+02 2.3440945669751327e+00 -8.5829813774475860e-01 0.0000000000000000e+00 -8.5829813774475860e-01 9.5104392397617971e+02 0.0000000000000000e+00 0.0000000000000000e+00 0.0000000000000000e+00 2.8601640556294643e+02 1.0060235204688860e+01 1.6205359737021816e+01 0.0000000000000000e+00 1.6205359737021816e+01 9.6762698232798141e+02 0.0000000000000000e+00 0.0000000000000000e+00 0.0000000000000000e+00 2.9330616525980111e+02 5.2528635375193090e+01 6.8920727141859032e+01 0.0000000000000000e+00 6.8920727141859032e+01 1.0406952512567104e+03 0.0000000000000000e+00 0.0000000000000000e+00 0.0000000000000000e+00 3.2796716598957113e+02 8.4648144938213605e+01 7.0734065670046334e+01 0.0000000000000000e+00 7.0734065670046334e+01 1.0320476626978675e+03 0.0000000000000000e+00 0.0000000000000000e+00 0.0000000000000000e+00 3.3500874229082433e+02 1.5002288641718206e+02 1.0028767605405154e+02 0.0000000000000000e+00 1.0028767605405154e+02 1.0256034837016350e+03 0.0000000000000000e+00 0.0000000000000000e+00 0.0000000000000000e+00 3.5268791103564519e+02 1.5540028041695703e+02 6.5216134211311882e+01 0.0000000000000000e+00 6.5216134211311882e+01 1.0093238433736494e+03 0.0000000000000000e+00 0.0000000000000000e+00 0.0000000000000000e+00 3.4941723713718193e+02 2.0973135500164003e+02 7.0440937121619768e+01 0.0000000000000000e+00 7.0440937121619768e+01 9.9060177884796269e+02 0.0000000000000000e+00 0.0000000000000000e+00 0.0000000000000000e+00 3.6009994015488081e+02 1.9227999686547469e+02 3.7366770303827906e+01 0.0000000000000000e+00 3.7366770303827906e+01 9.8887646310856246e+02 0.0000000000000000e+00 0.0000000000000000e+00 0.0000000000000000e+00 3.5434693799221122e+02 2.3407738552861895e+02 3.2490813728559267e+01 0.0000000000000000e+00 3.2490813728559267e+01 9.7310411013424232e+02 0.0000000000000000e+00 0.0000000000000000e+00 0.0000000000000000e+00 3.6215444869885835e+02 2.0526167467022725e+02 6.5282956835662738e+00 0.0000000000000000e+00 6.5282956835662738e+00 9.8031142379455207e+02 0.0000000000000000e+00 0.0000000000000000e+00 0.0000000000000000e+00 3.5567192953943373e+02 2.3946097030367832e+02 -4.6725839999863581e+00 0.0000000000000000e+00 -4.6725839999863581e+00 9.6876115215409504e+02 0.0000000000000000e+00 0.0000000000000000e+00 0.0000000000000000e+00 3.6246663673733184e+02 1.9922324385308650e+02 -2.4214735313185557e+01 0.0000000000000000e+00 -2.4214735313185557e+01 9.8383463591102964e+02 0.0000000000000000e+00 0.0000000000000000e+00 0.0000000000000000e+00 3.5491736392923497e+02 2.2861523317173280e+02 -4.1959552019260805e+01 0.0000000000000000e+00 -4.1959552019260805e+01 9.7643230334400448e+02 0.0000000000000000e+00 0.0000000000000000e+00 0.0000000000000000e+00 3.6151426095472124e+02 1.7253830008104904e+02 -5.3338703979223318e+01 0.0000000000000000e+00 -5.3338703979223318e+01 9.9899969960977126e+02 0.0000000000000000e+00 0.0000000000000000e+00 0.0000000000000000e+00 3.5146139990724606e+02 1.9731442464281290e+02 -7.9414587476243682e+01 0.0000000000000000e+00 -7.9414587476243682e+01 9.9725875665858860e+02 0.0000000000000000e+00 0.0000000000000000e+00 0.0000000000000000e+00 3.5837195439042046e+02 1.1808539478685647e+02 -7.1994164039359447e+01 0.0000000000000000e+00 -7.1994164039359447e+01 1.0216615533677821e+03 0.0000000000000000e+00 0.0000000000000000e+00 0.0000000000000000e+00 3.4192408444639148e+02 1.3258866905210866e+02 -1.0433666705991718e+02 0.0000000000000000e+00 -1.0433666705991718e+02 1.0309750801723631e+03 0.0000000000000000e+00 0.0000000000000000e+00 0.0000000000000000e+00 3.4906912476734152e+02 3.5841480286914859e+01 -4.9215912774434052e+01 0.0000000000000000e+00 -4.9215912774434052e+01 1.0127676846510286e+03 0.0000000000000000e+00 0.0000000000000000e+00 0.0000000000000000e+00 3.1458274948138308e+02 2.3507736754451230e+01 -3.9043872991453867e+01 0.0000000000000000e+00 -3.9043872991453867e+01 1.0011181348881348e+03 0.0000000000000000e+00 0.0000000000000000e+00 0.0000000000000000e+00 3.0738776149277584e+02 6.9549583985815261e+01 1.3828357909857218e+02 0.0000000000000000e+00 1.3828357909857218e+02 1.1748312885693451e+03 0.0000000000000000e+00 0.0000000000000000e+00 0.0000000000000000e+00 3.7938958072341393e+02 3.3118578465341119e+02 2.5109161564903647e+02 0.0000000000000000e+00 2.5109161564903647e+02 1.1129738827994292e+03 0.0000000000000000e+00 0.0000000000000000e+00 0.0000000000000000e+00 4.3324790023585206e+02 2.5371460225780183e+02 1.7022244647806406e+02 0.0000000000000000e+00 1.7022244647806406e+02 1.0230748474470561e+03 0.0000000000000000e+00 0.0000000000000000e+00 0.0000000000000000e+00 3.8303683491145739e+02 3.4111998849457450e+02 1.5845040770269219e+02 0.0000000000000000e+00 1.5845040770269219e+02 9.7292204989432753e+02 0.0000000000000000e+00 0.0000000000000000e+00 0.0000000000000000e+00 3.9421261151667056e+02 2.9372903049663063e+02 1.0677629938634975e+02 0.0000000000000000e+00 1.0677629938634975e+02 9.6871239115638696e+02 0.0000000000000000e+00 0.0000000000000000e+00 0.0000000000000000e+00 3.7873242649590520e+02 3.4826694391509108e+02 9.2686465953799186e+01 0.0000000000000000e+00 9.2686465953799186e+01 9.4099420996665322e+02 0.0000000000000000e+00 0.0000000000000000e+00 0.0000000000000000e+00 3.8677834616452333e+02 3.0886445735750868e+02 5.4602698859695131e+01 0.0000000000000000e+00 5.4602698859695131e+01 9.4836030806982455e+02 0.0000000000000000e+00 0.0000000000000000e+00 0.0000000000000000e+00 3.7716742962819995e+02 3.5146077158331951e+02 4.0538654207901907e+01 0.0000000000000000e+00 4.0538654207901907e+01 9.2885925587969382e+02 0.0000000000000000e+00 0.0000000000000000e+00 0.0000000000000000e+00 3.8409600823890406e+02 3.1366807602573283e+02 8.6676586476266984e+00 0.0000000000000000e+00 8.6676586476266984e+00 9.4145784010828231e+02 0.0000000000000000e+00 0.0000000000000000e+00 0.0000000000000000e+00 3.7653777484020458e+02 3.5188852486333707e+02 -6.3162526308590952e+00 0.0000000000000000e+00 -6.3162526308590952e+00 9.2602183851332779e+02 0.0000000000000000e+00 0.0000000000000000e+00 0.0000000000000000e+00 3.8337310901299941e+02 3.1086377778641560e+02 -3.6221102053490135e+01 0.0000000000000000e+00 -3.6221102053490135e+01 9.4439822083138324e+02 0.0000000000000000e+00 0.0000000000000000e+00 0.0000000000000000e+00 3.7657859958533965e+02 3.4969041890432163e+02 -5.3924998001926156e+01 0.0000000000000000e+00 -5.3924998001926156e+01 9.3111668177241165e+02 0.0000000000000000e+00 0.0000000000000000e+00 0.0000000000000000e+00 3.8424213020301994e+02 2.9891048020114653e+02 -8.4627364110679252e+01 0.0000000000000000e+00 -8.4627364110679252e+01 9.5845402366732071e+02 0.0000000000000000e+00 0.0000000000000000e+00 0.0000000000000000e+00 3.7720935116054017e+02 3.4325873296272965e+02 -1.0843448082430751e+02 0.0000000000000000e+00 -1.0843448082430751e+02 9.4727492352033471e+02 0.0000000000000000e+00 0.0000000000000000e+00 0.0000000000000000e+00 3.8716009694491930e+02 2.6817146248761520e+02 -1.3843904399540182e+02 0.0000000000000000e+00 -1.3843904399540182e+02 9.9291162703786767e+02 0.0000000000000000e+00 0.0000000000000000e+00 0.0000000000000000e+00 3.7832492685764487e+02 3.2483542330338901e+02 -1.7779949767420374e+02 0.0000000000000000e+00 -1.7779949767420374e+02 9.9350198079062318e+02 0.0000000000000000e+00 0.0000000000000000e+00 0.0000000000000000e+00 3.9550122122820369e+02 1.8287973810376732e+02 -1.7012573884101062e+02 0.0000000000000000e+00 -1.7012573884101062e+02 1.0838468832555025e+03 0.0000000000000000e+00 0.0000000000000000e+00 0.0000000000000000e+00 3.8001798640778088e+02 2.7666867810771140e+02 -2.4543134784881380e+02 0.0000000000000000e+00 -2.4543134784881380e+02 1.2102877467197038e+03 0.0000000000000000e+00 0.0000000000000000e+00 0.0000000000000000e+00 4.4608692744822451e+02 8.3958632464786291e+01 6.6224437721763707e+01 0.0000000000000000e+00 6.6224437721763707e+01 1.0235624111656417e+03 0.0000000000000000e+00 0.0000000000000000e+00 0.0000000000000000e+00 3.7044716616261229e+02 5.9851241189362341e+01 4.9246397827067220e+01 0.0000000000000000e+00 4.9246397827067220e+01 1.0136048084206737e+03 0.0000000000000000e+00 0.0000000000000000e+00 0.0000000000000000e+00 3.6289824039280302e+02 9.4733222644001287e+01 6.2043005740050489e+01 0.0000000000000000e+00 6.2043005740050489e+01 1.0071276747875338e+03 0.0000000000000000e+00 0.0000000000000000e+00 0.0000000000000000e+00 3.5165435465979061e+02 8.0644909403964533e+01 5.0379468626207192e+01 0.0000000000000000e+00 5.0379468626207192e+01 1.0050017949591121e+03 0.0000000000000000e+00 0.0000000000000000e+00 0.0000000000000000e+00 3.5122729664388260e+02 9.1016550586508600e+01 3.9826948576173805e+01 0.0000000000000000e+00 3.9826948576173805e+01 9.9110240241017982e+02 0.0000000000000000e+00 0.0000000000000000e+00 0.0000000000000000e+00 3.3414966511288566e+02 8.3814777172070848e+01 3.4165463764834406e+01 0.0000000000000000e+00 3.4165463764834406e+01 9.9537840116879750e+02 0.0000000000000000e+00 0.0000000000000000e+00 0.0000000000000000e+00 3.3970803963175820e+02 8.7629340362887717e+01 2.0289070043874762e+01 0.0000000000000000e+00 2.0289070043874762e+01 9.8538957885236493e+02 0.0000000000000000e+00 0.0000000000000000e+00 0.0000000000000000e+00 3.2782701649063796e+02 8.3075938887632134e+01 1.5406803222510844e+01 0.0000000000000000e+00 1.5406803222510844e+01 9.9107071069300116e+02 0.0000000000000000e+00 0.0000000000000000e+00 0.0000000000000000e+00 3.3454079878673957e+02 8.6355792676655199e+01 2.5965988471704438e+00 0.0000000000000000e+00 2.5965988471704438e+00 9.8407363555818142e+02 0.0000000000000000e+00 0.0000000000000000e+00 0.0000000000000000e+00 3.2630498406519848e+02 8.2841375955148493e+01 -3.0164782047996055e+00 0.0000000000000000e+00 -3.0164782047996055e+00 9.9027273805893981e+02 0.0000000000000000e+00 0.0000000000000000e+00 0.0000000000000000e+00 3.3353352138104862e+02 8.7405052554828544e+01 -1.4933270389763212e+01 0.0000000000000000e+00 -1.4933270389763212e+01 9.8501152011722343e+02 0.0000000000000000e+00 0.0000000000000000e+00 0.0000000000000000e+00 3.2723169444071004e+02 8.4056051157367691e+01 -2.1660259604259068e+01 0.0000000000000000e+00 -2.1660259604259068e+01 9.9228960669535854e+02 0.0000000000000000e+00 0.0000000000000000e+00 0.0000000000000000e+00 3.3579273954592088e+02 9.0920901227161693e+01 -3.3842655519269769e+01 0.0000000000000000e+00 -3.3842655519269769e+01 9.8889663390107398e+02 0.0000000000000000e+00 0.0000000000000000e+00 0.0000000000000000e+00 3.3137941899217685e+02 8.5920727507782104e+01 -4.1179568694592241e+01 0.0000000000000000e+00 -4.1179568694592241e+01 9.9879884296226794e+02 0.0000000000000000e+00 0.0000000000000000e+00 0.0000000000000000e+00 3.4321808362690990e+02 9.5926429961844690e+01 -5.6158300522547755e+01 0.0000000000000000e+00 -5.6158300522547755e+01 9.9816371930738956e+02 0.0000000000000000e+00 0.0000000000000000e+00 0.0000000000000000e+00 3.4189032050133471e+02 8.1097022744281915e+01 -6.1266240036642174e+01 0.0000000000000000e+00 -6.1266240036642174e+01 1.0123727992384381e+03 0.0000000000000000e+00 0.0000000000000000e+00 0.0000000000000000e+00 3.5944459203337453e+02 1.0543015216738191e+02 -7.6333529026605717e+01 0.0000000000000000e+00 -7.6333529026605717e+01 1.0283134567977991e+03 0.0000000000000000e+00 0.0000000000000000e+00 0.0000000000000000e+00 3.7126442820657650e+02 2.1995263222942850e+01 -3.1787892358904038e+01 0.0000000000000000e+00 -3.1787892358904038e+01 1.0095692648427964e+03 0.0000000000000000e+00 0.0000000000000000e+00 0.0000000000000000e+00 3.6325618715221088e+02 3.3685539915286475e+00 3.0046425941109867e+00 0.0000000000000000e+00 3.0046425941109867e+00 9.7131137071663841e+02 0.0000000000000000e+00 0.0000000000000000e+00 0.0000000000000000e+00 3.3301932604742871e+02 7.4421810541391036e+00 1.2381812576768951e+01 0.0000000000000000e+00 1.2381812576768951e+01 9.7945642649501588e+02 0.0000000000000000e+00 0.0000000000000000e+00 0.0000000000000000e+00 3.3892328924097865e+02 4.3298130685223924e+01 3.8184346115646122e+01 0.0000000000000000e+00 3.8184346115646122e+01 1.0049632823672151e+03 0.0000000000000000e+00 0.0000000000000000e+00 0.0000000000000000e+00 3.5713332931066168e+02 3.8443645749263801e+01 2.8002135537815292e+01 0.0000000000000000e+00 2.8002135537815292e+01 1.0049901812491398e+03 0.0000000000000000e+00 0.0000000000000000e+00 0.0000000000000000e+00 3.5699076511971566e+02 6.5214545863013583e+01 3.7117998708950751e+01 0.0000000000000000e+00 3.7117998708950751e+01 1.0083943684639929e+03 0.0000000000000000e+00 0.0000000000000000e+00 0.0000000000000000e+00 3.5632967867427908e+02 5.8937733271391615e+01 2.6312868883946177e+01 0.0000000000000000e+00 2.6312868883946177e+01 1.0104663800216849e+03 0.0000000000000000e+00 0.0000000000000000e+00 0.0000000000000000e+00 3.5848094863396761e+02 7.2690899105582758e+01 2.1404149955804748e+01 0.0000000000000000e+00 2.1404149955804748e+01 1.0047741093026566e+03 0.0000000000000000e+00 0.0000000000000000e+00 0.0000000000000000e+00 3.5046283258932988e+02 6.7477468203895270e+01 1.3615664916518941e+01 0.0000000000000000e+00 1.3615664916518941e+01 1.0094310464453487e+03 0.0000000000000000e+00 0.0000000000000000e+00 0.0000000000000000e+00 3.5545252299852069e+02 7.4452807692423320e+01 2.8603914932976751e+00 0.0000000000000000e+00 2.8603914932976751e+00 1.0026803397002456e+03 0.0000000000000000e+00 0.0000000000000000e+00 0.0000000000000000e+00 3.4759476948218014e+02 6.9495380722464347e+01 -3.1201187855904879e+00 0.0000000000000000e+00 -3.1201187855904879e+00 1.0088869759721748e+03 0.0000000000000000e+00 0.0000000000000000e+00 0.0000000000000000e+00 3.5438166745928788e+02 7.4151580133338925e+01 -1.5743077451165103e+01 0.0000000000000000e+00 -1.5743077451165103e+01 1.0036445325499552e+03 0.0000000000000000e+00 0.0000000000000000e+00 0.0000000000000000e+00 3.4886821506585346e+02 6.6973455555976486e+01 -2.0037662887054189e+01 0.0000000000000000e+00 -2.0037662887054189e+01 1.0106823241175933e+03 0.0000000000000000e+00 0.0000000000000000e+00 0.0000000000000000e+00 3.5697084861809424e+02 7.0226766797309907e+01 -3.3405115237993847e+01 0.0000000000000000e+00 -3.3405115237993847e+01 1.0076852633645027e+03 0.0000000000000000e+00 0.0000000000000000e+00 0.0000000000000000e+00 3.5446976130967255e+02 5.4874863054453236e+01 -3.2128220275592732e+01 0.0000000000000000e+00 -3.2128220275592732e+01 1.0126632935133201e+03 0.0000000000000000e+00 0.0000000000000000e+00 0.0000000000000000e+00 3.6148697382169803e+02 5.0994047603608962e+01 -4.1153224915707725e+01 0.0000000000000000e+00 -4.1153224915707725e+01 1.0121340498311648e+03 0.0000000000000000e+00 0.0000000000000000e+00 0.0000000000000000e+00 3.6225460961591335e+02 2.1645919852748662e+01 -2.2090171412303622e+01 0.0000000000000000e+00 -2.2090171412303622e+01 9.9999626499369947e+02 0.0000000000000000e+00 0.0000000000000000e+00 0.0000000000000000e+00 3.5453745761712099e+02 8.7683012136102274e+00 -1.4182091806712730e+01 0.0000000000000000e+00 -1.4182091806712730e+01 9.8424051027811925e+02 0.0000000000000000e+00 0.0000000000000000e+00 0.0000000000000000e+00 3.4276624248515827e+02 1.4642080750915112e+00 -1.0243280249141888e+00 0.0000000000000000e+00 -1.0243280249141888e+00 9.6359928061472692e+02 0.0000000000000000e+00 0.0000000000000000e+00 0.0000000000000000e+00 3.2635921516612979e+02 -1.9906758893267917e+00 -2.4468625604646355e+00 0.0000000000000000e+00 -2.4468625604646355e+00 9.6137642069681101e+02 0.0000000000000000e+00 0.0000000000000000e+00 0.0000000000000000e+00 3.2499484564375780e+02 8.8361890962778411e-02 -6.8009586358764595e-01 0.0000000000000000e+00 -6.8009586358764595e-01 9.6977324853448204e+02 0.0000000000000000e+00 0.0000000000000000e+00 0.0000000000000000e+00 3.3163729227175190e+02 1.1498685447631134e+01 6.7554285649174961e+00 0.0000000000000000e+00 6.7554285649174961e+00 9.8982384622856523e+02 0.0000000000000000e+00 0.0000000000000000e+00 0.0000000000000000e+00 3.4687446374588234e+02 1.3404434128552753e+01 5.3805558476260069e+00 0.0000000000000000e+00 5.3805558476260069e+00 9.9551068961046030e+02 0.0000000000000000e+00 0.0000000000000000e+00 0.0000000000000000e+00 3.5119020919002878e+02 3.4386411513591206e+01 1.6357764829277606e+01 0.0000000000000000e+00 1.6357764829277606e+01 1.0099607905097821e+03 0.0000000000000000e+00 0.0000000000000000e+00 0.0000000000000000e+00 3.6109824108156943e+02 3.2424809056384767e+01 9.5623443746520724e+00 0.0000000000000000e+00 9.5623443746520724e+00 1.0132940312155358e+03 0.0000000000000000e+00 0.0000000000000000e+00 0.0000000000000000e+00 3.6385194566750306e+02 5.0585033409787513e+01 1.3416317644215670e+01 0.0000000000000000e+00 1.3416317644215670e+01 1.0175851092664693e+03 0.0000000000000000e+00 0.0000000000000000e+00 0.0000000000000000e+00 3.6536252116675837e+02 4.5899386647196010e+01 6.1137722945404187e+00 0.0000000000000000e+00 6.1137722945404187e+00 1.0210874812153827e+03 0.0000000000000000e+00 0.0000000000000000e+00 0.0000000000000000e+00 3.6873730393646974e+02 5.6976092814329185e+01 1.9533121940318685e+00 0.0000000000000000e+00 1.9533121940318685e+00 1.0192226940878837e+03 0.0000000000000000e+00 0.0000000000000000e+00 0.0000000000000000e+00 3.6568069648296921e+02 4.9676276193999442e+01 -2.5584147148132481e+00 0.0000000000000000e+00 -2.5584147148132481e+00 1.0230993846793535e+03 0.0000000000000000e+00 0.0000000000000000e+00 0.0000000000000000e+00 3.6994153548460559e+02 5.4115353024614578e+01 -1.0922116563920213e+01 0.0000000000000000e+00 -1.0922116563920213e+01 1.0192250967093340e+03 0.0000000000000000e+00 0.0000000000000000e+00 0.0000000000000000e+00 3.6623072349032225e+02 4.2208157989190383e+01 -1.0004223619961079e+01 0.0000000000000000e+00 -1.0004223619961079e+01 1.0207629350156799e+03 0.0000000000000000e+00 0.0000000000000000e+00 0.0000000000000000e+00 3.6897061145245834e+02 3.9633059026930411e+01 -1.6857668007514874e+01 0.0000000000000000e+00 -1.6857668007514874e+01 1.0156307613169239e+03 0.0000000000000000e+00 0.0000000000000000e+00 0.0000000000000000e+00 3.6518867974936671e+02 2.3462487346455816e+01 -8.0488865842715924e+00 0.0000000000000000e+00 -8.0488865842715924e+00 1.0089630867922132e+03 0.0000000000000000e+00 0.0000000000000000e+00 0.0000000000000000e+00 3.6116597884620182e+02 1.6231654446364342e+01 -8.6022108748434398e+00 0.0000000000000000e+00 -8.6022108748434398e+00 9.9754075054788473e+02 0.0000000000000000e+00 0.0000000000000000e+00 0.0000000000000000e+00 3.5260900082104774e+02 6.4142708587016308e+00 -1.1201413070181881e-01 0.0000000000000000e+00 -1.1201413070181881e-01 9.8574178997752006e+02 0.0000000000000000e+00 0.0000000000000000e+00 0.0000000000000000e+00 3.4394200051191149e+02 8.7126275573586209e-01 -6.1814563202123118e-01 0.0000000000000000e+00 -6.1814563202123118e-01 9.6944507665917740e+02 0.0000000000000000e+00 0.0000000000000000e+00 0.0000000000000000e+00 3.3127138811938869e+02 3.7014042381010126e-01 1.3111428004421117e+00 0.0000000000000000e+00 1.3111428004421117e+00 9.6195680695565068e+02 0.0000000000000000e+00 0.0000000000000000e+00 0.0000000000000000e+00 3.2515765108153266e+02 -2.0986331096371288e-01 -2.3253611358279924e+00 0.0000000000000000e+00 -2.3253611358279924e+00 9.6438187769467720e+02 0.0000000000000000e+00 0.0000000000000000e+00 0.0000000000000000e+00 3.2725839012456771e+02 1.9971476970011473e-01 -4.5146964211210081e+00 0.0000000000000000e+00 -4.5146964211210081e+00 9.7237351919528862e+02 0.0000000000000000e+00 0.0000000000000000e+00 0.0000000000000000e+00 3.3377331138691363e+02 2.9210799335525905e+00 -5.8569863534470503e+00 0.0000000000000000e+00 -5.8569863534470503e+00 9.8469454907530599e+02 0.0000000000000000e+00 0.0000000000000000e+00 0.0000000000000000e+00 3.4344890253508845e+02 4.4408318092039387e+00 -6.5628760609507992e+00 0.0000000000000000e+00 -6.5628760609507992e+00 9.9189691709311103e+02 0.0000000000000000e+00 0.0000000000000000e+00 0.0000000000000000e+00 3.4905890123419897e+02 1.4457969359478355e+01 -2.2560676051231647e+00 0.0000000000000000e+00 -2.2560676051231647e+00 1.0057918557542956e+03 0.0000000000000000e+00 0.0000000000000000e+00 0.0000000000000000e+00 3.5935529757997114e+02 1.4160010540502739e+01 -4.4017795735161762e+00 0.0000000000000000e+00 -4.4017795735161762e+00 1.0107169294470254e+03 0.0000000000000000e+00 0.0000000000000000e+00 0.0000000000000000e+00 3.6328116645389849e+02 2.7543851645682810e+01 8.1998172837066374e-01 0.0000000000000000e+00 8.1998172837066374e-01 1.0205347337822714e+03 0.0000000000000000e+00 0.0000000000000000e+00 0.0000000000000000e+00 3.7008526534640578e+02 2.3531193544308618e+01 -2.0877216701442678e+00 0.0000000000000000e+00 -2.0877216701442678e+00 1.0231607217319572e+03 0.0000000000000000e+00 0.0000000000000000e+00 0.0000000000000000e+00 3.7246361384371971e+02 3.3982081872602087e+01 -6.0313607896467711e-02 0.0000000000000000e+00 -6.0313607896467711e-02 1.0267019359139217e+03 0.0000000000000000e+00 0.0000000000000000e+00 0.0000000000000000e+00 3.7449543682011796e+02 2.5870064327804432e+01 -6.2624315390036400e-01 0.0000000000000000e+00 -6.2624315390036400e-01 1.0266112651983526e+03 0.0000000000000000e+00 0.0000000000000000e+00 0.0000000000000000e+00 3.7502316310866104e+02 2.9808022488316613e+01 -1.2121105428924988e+00 0.0000000000000000e+00 -1.2121105428924988e+00 1.0243108220239174e+03 0.0000000000000000e+00 0.0000000000000000e+00 0.0000000000000000e+00 3.7290952075033948e+02 1.9212716989764516e+01 2.4490532419200668e+00 0.0000000000000000e+00 2.4490532419200668e+00 1.0198719909713656e+03 0.0000000000000000e+00 0.0000000000000000e+00 0.0000000000000000e+00 3.7014467169579115e+02 1.7437891639865462e+01 1.8048566080538204e+00 0.0000000000000000e+00 1.8048566080538204e+00 1.0115494011734115e+03 0.0000000000000000e+00 0.0000000000000000e+00 0.0000000000000000e+00 3.6368763812785170e+02 9.2586898920351945e+00 6.6343931504240352e+00 0.0000000000000000e+00 6.6343931504240352e+00 1.0039860174016170e+03 0.0000000000000000e+00 0.0000000000000000e+00 0.0000000000000000e+00 3.5831513662207470e+02 5.9294801586530035e+00 5.2711373510313866e+00 0.0000000000000000e+00 5.2711373510313866e+00 9.9111466674532710e+02 0.0000000000000000e+00 0.0000000000000000e+00 0.0000000000000000e+00 3.4830776767112707e+02 2.7254071592488294e+00 7.0949606751255132e+00 0.0000000000000000e+00 7.0949606751255132e+00 9.8472124032039949e+02 0.0000000000000000e+00 0.0000000000000000e+00 0.0000000000000000e+00 3.4348890702531332e+02 6.3117052373098503e-01 3.5173196264143152e+00 0.0000000000000000e+00 3.5173196264143152e+00 9.7079628710990210e+02 0.0000000000000000e+00 0.0000000000000000e+00 0.0000000000000000e+00 3.3242513806923807e+02 1.7322011405355958e-01 2.3124537435193915e+00 0.0000000000000000e+00 2.3124537435193915e+00 9.6678526938324808e+02 0.0000000000000000e+00 0.0000000000000000e+00 0.0000000000000000e+00 3.2919058434515802e+02 1.8439092296941140e-01 -2.7094668235192021e+00 0.0000000000000000e+00 -2.7094668235192021e+00 9.7160604094072573e+02 0.0000000000000000e+00 0.0000000000000000e+00 0.0000000000000000e+00 3.3314539850745547e+02 1.9136197569972097e-01 -5.7003004450569739e+00 0.0000000000000000e+00 -5.7003004450569739e+00 9.7906212215460846e+02 0.0000000000000000e+00 0.0000000000000000e+00 0.0000000000000000e+00 3.3917512216838713e+02 9.3117867254818698e-01 -9.6592871137315530e+00 0.0000000000000000e+00 -9.6592871137315530e+00 9.8700394605054998e+02 0.0000000000000000e+00 0.0000000000000000e+00 0.0000000000000000e+00 3.4547721671361217e+02 9.9380699818942919e-01 -1.0881649384070823e+01 0.0000000000000000e+00 -1.0881649384070823e+01 9.9351409127350473e+02 0.0000000000000000e+00 0.0000000000000000e+00 0.0000000000000000e+00 3.5062888188325223e+02 4.3505559467230759e+00 -1.1075850281196754e+01 0.0000000000000000e+00 -1.1075850281196754e+01 1.0034301482563383e+03 0.0000000000000000e+00 0.0000000000000000e+00 0.0000000000000000e+00 3.5824991296371041e+02 3.2487969715204703e+00 -1.0823384419541778e+01 0.0000000000000000e+00 -1.0823384419541778e+01 1.0078555038223030e+03 0.0000000000000000e+00 0.0000000000000000e+00 0.0000000000000000e+00 3.6173791972711138e+02 9.5396967555917751e+00 -7.3187372347938329e+00 0.0000000000000000e+00 -7.3187372347938329e+00 1.0173249884557748e+03 0.0000000000000000e+00 0.0000000000000000e+00 0.0000000000000000e+00 3.6872847263746706e+02 5.8353730064089122e+00 -6.0801730800257472e+00 0.0000000000000000e+00 -6.0801730800257472e+00 1.0184209372772588e+03 0.0000000000000000e+00 0.0000000000000000e+00 0.0000000000000000e+00 3.6969771627781660e+02 1.2242170053863241e+01 -1.1092062803338463e+00 0.0000000000000000e+00 -1.1092062803338463e+00 1.0237707108881768e+03 0.0000000000000000e+00 0.0000000000000000e+00 0.0000000000000000e+00 3.7352667206676375e+02 6.2297650325424252e+00 1.2932010255499409e+00 0.0000000000000000e+00 1.2932010255499409e+00 1.0210437416448722e+03 0.0000000000000000e+00 0.0000000000000000e+00 0.0000000000000000e+00 3.7165699257696002e+02 1.0112552767191076e+01 5.6554099011619492e+00 0.0000000000000000e+00 5.6554099011619492e+00 1.0200384329908994e+03 0.0000000000000000e+00 0.0000000000000000e+00 0.0000000000000000e+00 3.7076563163174620e+02 4.3133165483433604e+00 8.3700640018231098e+00 0.0000000000000000e+00 8.3700640018231098e+00 1.0146973639046352e+03 0.0000000000000000e+00 0.0000000000000000e+00 0.0000000000000000e+00 3.6693046789961556e+02 5.5723316480224465e+00 1.0378094062486511e+01 0.0000000000000000e+00 1.0378094062486511e+01 1.0078160041692047e+03 0.0000000000000000e+00 0.0000000000000000e+00 0.0000000000000000e+00 3.6158671444725178e+02 2.1394265398036860e+00 1.1657116990715599e+01 0.0000000000000000e+00 1.1657116990715599e+01 1.0025057079637993e+03 0.0000000000000000e+00 0.0000000000000000e+00 0.0000000000000000e+00 3.5765194534798599e+02 2.0612830717529795e+00 1.0292744814181479e+01 0.0000000000000000e+00 1.0292744814181479e+01 9.9221975790771535e+02 0.0000000000000000e+00 0.0000000000000000e+00 0.0000000000000000e+00 3.4953263466003187e+02 7.2196059282371450e-01 9.5452673068092970e+00 0.0000000000000000e+00 9.5452673068092970e+00 9.8850506695168303e+02 0.0000000000000000e+00 0.0000000000000000e+00 0.0000000000000000e+00 3.4667047637246588e+02 3.2422963909480601e-01 5.3562534676038283e+00 0.0000000000000000e+00 5.3562534676038283e+00 9.7673145876078229e+02 0.0000000000000000e+00 0.0000000000000000e+00 0.0000000000000000e+00 3.3727930480855269e+02 1.1746166679434226e-02 2.8099034917573320e+00 0.0000000000000000e+00 2.8099034917573320e+00 9.7445397659698608e+02 0.0000000000000000e+00 0.0000000000000000e+00 0.0000000000000000e+00 3.3546122572771731e+02 4.0616792202326148e-02 -2.9414455857745985e+00 0.0000000000000000e+00 -2.9414455857745985e+00 9.8024778697531440e+02 0.0000000000000000e+00 0.0000000000000000e+00 0.0000000000000000e+00 3.4011440544948249e+02 -1.5342086039212580e-01 -5.6821661987329319e+00 0.0000000000000000e+00 -5.6821661987329319e+00 9.8662723709507145e+02 0.0000000000000000e+00 0.0000000000000000e+00 0.0000000000000000e+00 3.4519185022335057e+02 -3.7777468753745047e-01 -1.0061474899757840e+01 0.0000000000000000e+00 -1.0061474899757840e+01 9.9174020936885381e+02 0.0000000000000000e+00 0.0000000000000000e+00 0.0000000000000000e+00 3.4927768754495207e+02 -1.3112303353095993e+00 -1.0836804985385916e+01 0.0000000000000000e+00 -1.0836804985385916e+01 9.9656597025587894e+02 0.0000000000000000e+00 0.0000000000000000e+00 0.0000000000000000e+00 3.5313655174973360e+02 -1.3062783622493643e+00 -1.2447180978343457e+01 0.0000000000000000e+00 -1.2447180978343457e+01 1.0027057103884837e+03 0.0000000000000000e+00 0.0000000000000000e+00 0.0000000000000000e+00 3.5797958778167498e+02 -3.2590502672380439e+00 -1.1012985594774777e+01 0.0000000000000000e+00 -1.1012985594774777e+01 1.0053031616391116e+03 0.0000000000000000e+00 0.0000000000000000e+00 0.0000000000000000e+00 3.6003463257641590e+02 -2.0276600503290410e+00 -8.9943304098020977e+00 0.0000000000000000e+00 -8.9943304098020977e+00 1.0116812687262083e+03 0.0000000000000000e+00 0.0000000000000000e+00 0.0000000000000000e+00 3.6484824411398927e+02 -4.9470953554214647e+00 -6.0638521783488910e+00 0.0000000000000000e+00 -6.0638521783488910e+00 1.0113607433372704e+03 0.0000000000000000e+00 0.0000000000000000e+00 0.0000000000000000e+00 3.6464720737588095e+02 -2.3391210649571126e+00 -1.2084581955527358e+00 0.0000000000000000e+00 -1.2084581955527358e+00 1.0156716585014190e+03 0.0000000000000000e+00 0.0000000000000000e+00 0.0000000000000000e+00 3.6782280928266442e+02 -5.4028167160855078e+00 1.7291864840190343e+00 0.0000000000000000e+00 1.7291864840190343e+00 1.0127489608043012e+03 0.0000000000000000e+00 0.0000000000000000e+00 0.0000000000000000e+00 3.6568625043834737e+02 -2.1711981044573156e+00 6.9679499683870745e+00 0.0000000000000000e+00 6.9679499683870745e+00 1.0130799426853166e+03 0.0000000000000000e+00 0.0000000000000000e+00 0.0000000000000000e+00 3.6589357934380871e+02 -4.3210911822655689e+00 8.5496604667649816e+00 0.0000000000000000e+00 8.5496604667649816e+00 1.0091479284479337e+03 0.0000000000000000e+00 0.0000000000000000e+00 0.0000000000000000e+00 3.6298508395860262e+02 -1.4138447914152081e+00 1.1615034295438493e+01 0.0000000000000000e+00 1.1615034295438493e+01 1.0054313023054656e+03 0.0000000000000000e+00 0.0000000000000000e+00 0.0000000000000000e+00 3.6007947376303696e+02 -2.4100272630612181e+00 1.1407780269984050e+01 0.0000000000000000e+00 1.1407780269984050e+01 1.0020886253009049e+03 0.0000000000000000e+00 0.0000000000000000e+00 0.0000000000000000e+00 3.5752660623082056e+02 -5.2870057197215625e-01 1.1074403262087644e+01 0.0000000000000000e+00 1.1074403262087644e+01 9.9528932128815404e+02 0.0000000000000000e+00 0.0000000000000000e+00 0.0000000000000000e+00 3.5209897539567828e+02 -8.0491345133518766e-01 9.3712674622530745e+00 0.0000000000000000e+00 9.3712674622530745e+00 9.9314364166780740e+02 0.0000000000000000e+00 0.0000000000000000e+00 0.0000000000000000e+00 3.5038091562750498e+02 -6.4813373327015616e-02 5.7765805370947900e+00 0.0000000000000000e+00 5.7765805370947900e+00 9.8412607059010861e+02 0.0000000000000000e+00 0.0000000000000000e+00 0.0000000000000000e+00 3.4320674463066246e+02 -1.1656601384580752e-01 2.7568362799315267e+00 0.0000000000000000e+00 2.7568362799315267e+00 9.8304046062981479e+02 0.0000000000000000e+00 0.0000000000000000e+00 0.0000000000000000e+00 3.4233511771456131e+02 -1.3776862935996023e-01 -2.6502560906759158e+00 0.0000000000000000e+00 -2.6502560906759158e+00 9.8858020926890231e+02 0.0000000000000000e+00 0.0000000000000000e+00 0.0000000000000000e+00 3.4669747918178922e+02 -5.2022977403860848e-01 -4.6761131668442282e+00 0.0000000000000000e+00 -4.6761131668442282e+00 9.9324701571224045e+02 0.0000000000000000e+00 0.0000000000000000e+00 0.0000000000000000e+00 3.5035798711568083e+02 -1.6079733586124327e+00 -8.4395137287648403e+00 0.0000000000000000e+00 -8.4395137287648403e+00 9.9606432718079964e+02 0.0000000000000000e+00 0.0000000000000000e+00 0.0000000000000000e+00 3.5267865021569793e+02 -2.9426000939374162e+00 -8.3602307994936815e+00 0.0000000000000000e+00 -8.3602307994936815e+00 9.9889445691962123e+02 0.0000000000000000e+00 0.0000000000000000e+00 0.0000000000000000e+00 3.5496623793687382e+02 -4.6551421012193810e+00 -9.9287664932029411e+00 0.0000000000000000e+00 -9.9287664932029411e+00 1.0020426570977897e+03 0.0000000000000000e+00 0.0000000000000000e+00 0.0000000000000000e+00 3.5754133965297063e+02 -6.6187567607096875e+00 -8.0425733617895592e+00 0.0000000000000000e+00 -8.0425733617895592e+00 1.0029247126929547e+03 0.0000000000000000e+00 0.0000000000000000e+00 0.0000000000000000e+00 3.5826959278053403e+02 -7.9193329261649072e+00 -7.0125067330598281e+00 0.0000000000000000e+00 -7.0125067330598281e+00 1.0061943244917134e+03 0.0000000000000000e+00 0.0000000000000000e+00 0.0000000000000000e+00 3.6081261107603234e+02 -9.7466071270938706e+00 -4.2612013550178443e+00 0.0000000000000000e+00 -4.2612013550178443e+00 1.0053164642694602e+03 0.0000000000000000e+00 0.0000000000000000e+00 0.0000000000000000e+00 3.6017113330740733e+02 -9.4806346803079506e+00 -9.9408590523965967e-01 0.0000000000000000e+00 -9.9408590523965967e-01 1.0079044780749462e+03 0.0000000000000000e+00 0.0000000000000000e+00 0.0000000000000000e+00 3.6211887747816087e+02 -1.0503795220193354e+01 1.2369082491591061e+00 0.0000000000000000e+00 1.2369082491591061e+00 1.0058709744441404e+03 0.0000000000000000e+00 0.0000000000000000e+00 0.0000000000000000e+00 3.6060376508028259e+02 -8.4197682940865182e+00 5.3176362847015497e+00 0.0000000000000000e+00 5.3176362847015497e+00 1.0068257328682911e+03 0.0000000000000000e+00 0.0000000000000000e+00 0.0000000000000000e+00 3.6129797652162620e+02 -8.5451700967376496e+00 6.1308767576527394e+00 0.0000000000000000e+00 6.1308767576527394e+00 1.0045191881957109e+03 0.0000000000000000e+00 0.0000000000000000e+00 0.0000000000000000e+00 3.5954806258967614e+02 -5.5040278275135002e+00 9.2070136221532870e+00 0.0000000000000000e+00 9.2070136221532870e+00 1.0033125454128506e+03 0.0000000000000000e+00 0.0000000000000000e+00 0.0000000000000000e+00 3.5855247126359160e+02 -5.0797026362271431e+00 8.5470991174831656e+00 0.0000000000000000e+00 8.5470991174831656e+00 1.0014664251946094e+03 0.0000000000000000e+00 0.0000000000000000e+00 0.0000000000000000e+00 3.5708784726119978e+02 -2.3798125848769502e+00 9.2057553631645970e+00 0.0000000000000000e+00 9.2057553631645970e+00 9.9794929246129993e+02 0.0000000000000000e+00 0.0000000000000000e+00 0.0000000000000000e+00 3.5422009909866421e+02 -1.8479553726638012e+00 7.4159891721974880e+00 0.0000000000000000e+00 7.4159891721974880e+00 9.9692111934482841e+02 0.0000000000000000e+00 0.0000000000000000e+00 0.0000000000000000e+00 3.5333629342005196e+02 -3.8873285634768939e-01 5.0524316621143113e+00 0.0000000000000000e+00 5.0524316621143113e+00 9.9111634780113354e+02 0.0000000000000000e+00 0.0000000000000000e+00 0.0000000000000000e+00 3.4869615885992971e+02 -1.8144744297245080e-01 2.2515374049100934e+00 0.0000000000000000e+00 2.2515374049100934e+00 9.9084972857556488e+02 0.0000000000000000e+00 0.0000000000000000e+00 0.0000000000000000e+00 3.4846255730033943e+02 -2.4228230788695579e-01 -1.8877440043889424e+00 0.0000000000000000e+00 -1.8877440043889424e+00 9.9514406644281962e+02 0.0000000000000000e+00 0.0000000000000000e+00 0.0000000000000000e+00 3.5178953052905814e+02 -7.4372692376209670e-01 -3.0011714762886603e+00 0.0000000000000000e+00 -3.0011714762886603e+00 9.9781932046664338e+02 0.0000000000000000e+00 0.0000000000000000e+00 0.0000000000000000e+00 3.5388478269578769e+02 -2.3572211842384556e+00 -5.5771462261658229e+00 0.0000000000000000e+00 -5.5771462261658229e+00 9.9886554228335058e+02 0.0000000000000000e+00 0.0000000000000000e+00 0.0000000000000000e+00 3.5484209145330510e+02 -3.7175589521183019e+00 -4.8207202774507651e+00 0.0000000000000000e+00 -4.8207202774507651e+00 9.9995678989398596e+02 0.0000000000000000e+00 0.0000000000000000e+00 0.0000000000000000e+00 3.5576132827564396e+02 -6.1455935257979215e+00 -6.0037480100878851e+00 0.0000000000000000e+00 -6.0037480100878851e+00 1.0010892684697949e+03 0.0000000000000000e+00 0.0000000000000000e+00 0.0000000000000000e+00 3.5679124143505322e+02 -7.6653325373099124e+00 -4.2102192189642400e+00 0.0000000000000000e+00 -4.2102192189642400e+00 1.0010524437865407e+03 0.0000000000000000e+00 0.0000000000000000e+00 0.0000000000000000e+00 3.5681127027994216e+02 -9.8488524755104319e+00 -4.0137515620614383e+00 0.0000000000000000e+00 -4.0137515620614383e+00 1.0022952249412294e+03 0.0000000000000000e+00 0.0000000000000000e+00 0.0000000000000000e+00 3.5786135144901459e+02 -1.0708356942089853e+01 -2.1242141340864671e+00 0.0000000000000000e+00 -2.1242141340864671e+00 1.0015930456041897e+03 0.0000000000000000e+00 0.0000000000000000e+00 0.0000000000000000e+00 3.5734222923242805e+02 -1.1588164784186160e+01 -6.3457272519248342e-01 0.0000000000000000e+00 -6.3457272519248342e-01 1.0027506082961586e+03 0.0000000000000000e+00 0.0000000000000000e+00 0.0000000000000000e+00 3.5825847886762676e+02 -1.1488310601778549e+01 6.0043527367879190e-01 0.0000000000000000e+00 6.0043527367879190e-01 1.0017237839283413e+03 0.0000000000000000e+00 0.0000000000000000e+00 0.0000000000000000e+00 3.5746829798409743e+02 -1.0546006862500567e+01 2.9533262159743385e+00 0.0000000000000000e+00 2.9533262159743385e+00 1.0024910559310077e+03 0.0000000000000000e+00 0.0000000000000000e+00 0.0000000000000000e+00 3.5803373116550750e+02 -9.7210080579257365e+00 3.1478551493978930e+00 0.0000000000000000e+00 3.1478551493978930e+00 1.0014347138512016e+03 0.0000000000000000e+00 0.0000000000000000e+00 0.0000000000000000e+00 3.5718938460867264e+02 -7.3198668392672799e+00 5.4984277492600357e+00 0.0000000000000000e+00 5.4984277492600357e+00 1.0014356958620679e+03 0.0000000000000000e+00 0.0000000000000000e+00 0.0000000000000000e+00 3.5711216804258220e+02 -6.2015798188757172e+00 4.7045730357650868e+00 0.0000000000000000e+00 4.7045730357650868e+00 1.0006371430921766e+03 0.0000000000000000e+00 0.0000000000000000e+00 0.0000000000000000e+00 3.5642586601779141e+02 -3.4267445023945284e+00 5.9234118476072384e+00 0.0000000000000000e+00 5.9234118476072384e+00 9.9948470041135840e+02 0.0000000000000000e+00 0.0000000000000000e+00 0.0000000000000000e+00 3.5539770449853506e+02 -2.4383759830826612e+00 4.4551046537195065e+00 0.0000000000000000e+00 4.4551046537195065e+00 9.9918516106024845e+02 0.0000000000000000e+00 0.0000000000000000e+00 0.0000000000000000e+00 3.5507381624803224e+02 -5.9445808919445331e-01 3.5145218404258363e+00 0.0000000000000000e+00 3.5145218404258363e+00 9.9642564786328512e+02 0.0000000000000000e+00 0.0000000000000000e+00 0.0000000000000000e+00 3.5280403735282545e+02 -1.9210969472318015e-01 1.4756318685187508e+00 0.0000000000000000e+00 1.4756318685187508e+00 9.9661578782309812e+02 0.0000000000000000e+00 0.0000000000000000e+00 0.0000000000000000e+00 3.5291722356930649e+02 -2.5898790406947431e-01 -8.8502917297482020e-01 0.0000000000000000e+00 -8.8502917297482020e-01 9.9903026709301753e+02 0.0000000000000000e+00 0.0000000000000000e+00 0.0000000000000000e+00 3.5477278853900543e+02 -8.8502917137505743e-01 -9.6973290743163731e-01 0.0000000000000000e+00 -9.6973290743163731e-01 9.9982904969622030e+02 0.0000000000000000e+00 0.0000000000000000e+00 0.0000000000000000e+00 3.5543094304265139e+02 -2.7049508181118900e+00 -2.1887898551556426e+00 0.0000000000000000e+00 -2.1887898551556426e+00 9.9997912253845493e+02 0.0000000000000000e+00 0.0000000000000000e+00 0.0000000000000000e+00 3.5568280172338268e+02 -4.0435519351239284e+00 -1.1615606734967174e+00 0.0000000000000000e+00 -1.1615606734967174e+00 1.0000463020727643e+03 0.0000000000000000e+00 0.0000000000000000e+00 0.0000000000000000e+00 3.5580622857606710e+02 -6.3609520358010032e+00 -2.0591328139276461e+00 0.0000000000000000e+00 -2.0591328139276461e+00 1.0002595981921064e+03 0.0000000000000000e+00 0.0000000000000000e+00 0.0000000000000000e+00 3.5610903041923757e+02 -7.2642454240161447e+00 -8.5566040928232800e-01 0.0000000000000000e+00 -8.5566040928232800e-01 1.0001458081798361e+03 0.0000000000000000e+00 0.0000000000000000e+00 0.0000000000000000e+00 3.5605705694362581e+02 -9.3811066692550895e+00 -1.3051313357290084e+00 0.0000000000000000e+00 -1.3051313357290084e+00 1.0003618539843621e+03 0.0000000000000000e+00 0.0000000000000000e+00 0.0000000000000000e+00 3.5633090421268906e+02 -9.4250371702914819e+00 -3.4799824618443120e-01 0.0000000000000000e+00 -3.4799824618443120e-01 1.0001848407639286e+03 0.0000000000000000e+00 0.0000000000000000e+00 0.0000000000000000e+00 3.5618893134246065e+02 -1.0759372452030481e+01 -2.5256917151673847e-01 0.0000000000000000e+00 -2.5256917151673847e-01 1.0003816015625409e+03 0.0000000000000000e+00 0.0000000000000000e+00 0.0000000000000000e+00 3.5640337641379313e+02 -1.0025604588396726e+01 2.1844407853677061e-01 0.0000000000000000e+00 2.1844407853677061e-01 1.0001767836221726e+03 0.0000000000000000e+00 0.0000000000000000e+00 0.0000000000000000e+00 3.5620853534418524e+02 -1.0083275420011507e+01 8.9191783609587383e-01 0.0000000000000000e+00 8.9191783609587383e-01 1.0003461493519524e+03 0.0000000000000000e+00 0.0000000000000000e+00 0.0000000000000000e+00 3.5634799478595357e+02 -8.9152426730106864e+00 7.4137705105377738e-01 0.0000000000000000e+00 7.4137705105377738e-01 1.0001279691364437e+03 0.0000000000000000e+00 0.0000000000000000e+00 0.0000000000000000e+00 3.5612079502514899e+02 -7.5499900330004941e+00 1.8521922238807156e+00 0.0000000000000000e+00 1.8521922238807156e+00 1.0002254483024083e+03 0.0000000000000000e+00 0.0000000000000000e+00 0.0000000000000000e+00 3.5614076455476885e+02 -6.3216733966791407e+00 1.0947944889389447e+00 0.0000000000000000e+00 1.0947944889389447e+00 1.0000450532387229e+03 0.0000000000000000e+00 0.0000000000000000e+00 0.0000000000000000e+00 3.5592870545073606e+02 -3.9941742518630758e+00 2.2141707804158770e+00 0.0000000000000000e+00 2.2141707804158770e+00 9.9996428009140277e+02 0.0000000000000000e+00 0.0000000000000000e+00 0.0000000000000000e+00 3.5574741840599609e+02 -3.0127081259246324e+00 1.1041278184133847e+00 0.0000000000000000e+00 1.1041278184133847e+00 9.9992453494559243e+02 0.0000000000000000e+00 0.0000000000000000e+00 0.0000000000000000e+00 3.5564350391792709e+02 -8.7012420254479106e-01 1.4951823407744471e+00 0.0000000000000000e+00 1.4951823407744471e+00 9.9938473520428954e+02 0.0000000000000000e+00 0.0000000000000000e+00 0.0000000000000000e+00 3.5508912533830323e+02 -4.1339796570006149e-01 4.1339796753092989e-01 0.0000000000000000e+00 4.1339796753092989e-01 9.9958660203303941e+02 0.0000000000000000e+00 0.0000000000000000e+00 0.0000000000000000e+00 3.5520664975056178e+02
</DataArray>
        <DataArray type="Float64" format="ascii" Name="sigma_xx">
-1.1334997199981439e+02 -5.9640043131860182e+01 -1.6316604723650681e+02 -1.1878302481557962e+02 -1.8289501243501400e+02 -1.4954812852290505e+02 -1.9429542938878456e+02 -1.6367783558373227e+02 -1.9895666021344303e+02 -1.6704527964088868e+02 -1.9692438881448450e+02 -1.6068407442193768e+02 -1.8894557924753980e+02 -1.4231386860731712e+02 -1.7423462053270831e+02 -1.0026566002221740e+02 -1.3191429002161564e+02 -2.1690156875696641e+01 3.1420424249508487e+00 -9.1171054477516555e-01 -3.5776319438952335e+01 -3.1578406670731614e+01 -7.7122064848646303e+01 -6.3154399371056549e+01 -1.0114864502782771e+02 -8.1387793626654698e+01 -1.1005447170278788e+02 -8.5772243227432085e+01 -1.0567586769651123e+02 -7.6682664564154578e+01 -8.6501100146299450e+01 -5.2768889573647627e+01 -4.8235603811447966e+01 -1.6671597536856172e+01 -3.2739925462282704e+00 2.0388677988938356e-01 1.9398807137356253e+00 1.7092397065624834e+00 -4.1528577125238062e+00 -4.5390041224995503e+00 -2.3175851502882043e+01 -1.7688285414634876e+01 -3.9387804282723486e+01 -2.7757703970518634e+01 -4.6184090513652485e+01 -3.0306985552631190e+01 -4.2413776858675007e+01 -2.4607572559744106e+01 -2.8503577139458081e+01 -1.2338304755795891e+01 -9.3867178536238178e+00 -8.3357294162047257e-01 2.0514341110571865e+00 5.3956581805521786e-01 6.8474562880586987e-01 1.5090156670688122e+00 2.7400069287386195e+00 4.6571331263492723e+00 5.3836573024414702e-01 5.8185972782231037e+00 -3.1330468045643811e+00 5.8891728772125482e+00 -4.8701904844581261e+00 6.0259059061677300e+00 -3.6407750291950727e+00 6.3775246097423128e+00 -2.1463548604229121e-01 6.1375909184012354e+00 2.5905287649139277e+00 3.7752883706281612e+00 1.5880861573631775e+00 4.8168246330762993e-01 6.1685711465686310e-01 1.9428527716667077e+00 6.3537173995572553e+00 1.1970742965477799e+01 1.5292227413410206e+01 2.5006734798815629e+01 2.2924086491688911e+01 3.4710098932201653e+01 2.6515213617046470e+01 3.7588480456440550e+01 2.5078863198550025e+01 3.2757870392923394e+01 1.8829740608787951e+01 2.1462852065868777e+01 9.6588264111557312e+00 8.1883915352645378e+00 1.8903836431071495e+00 5.9139765119302445e-01 1.0584293940202862e+00 3.7298425508773363e+00 1.2949862385873660e+01 2.6207795095508029e+01 3.5109287007027476e+01 5.4359533758301062e+01 5.4625254205404914e+01 7.4274897547731399e+01 6.3555013221132477e+01 7.9873467940356093e+01 5.9628206571027448e+01 7.0137778737893385e+01 4.3763594394323874e+01 4.6947900684550198e+01 2.1178138416217411e+01 1.8169325595206072e+01 3.4246384413255773e+00 8.4546412922961800e-01 2.6204573446906387e+00 1.0910416749563407e+01 3.0451311049150405e+01 6.1630034650248284e+01 7.4687070099021284e+01 1.0999879919849755e+02 1.0705252592754351e+02 1.3839976327547802e+02 1.2040325062950713e+02 1.4562370736110498e+02 1.1445191586151890e+02 1.3264367859081389e+02 8.9483610418837102e+01 9.8781138111134098e+01 4.8708628099713231e+01 4.6555612014343907e+01 8.9021538136024887e+00 2.3440945669751327e+00 1.0060235204688860e+01 5.2528635375193090e+01 8.4648144938213605e+01 1.5002288641718206e+02 1.5540028041695703e+02 2.0973135500164003e+02 1.9227999686547469e+02 2.3407738552861895e+02 2.0526167467022725e+02 2.3946097030367832e+02 1.9922324385308650e+02 2.2861523317173280e+02 1.7253830008104904e+02 1.9731442464281290e+02 1.1808539478685647e+02 1.3258866905210866e+02 3.5841480286914859e+01 2.3507736754451230e+01 6.9549583985815261e+01 3.3118578465341119e+02 2.5371460225780183e+02 3.4111998849457450e+02 2.9372903049663063e+02 3.4826694391509108e+02 3.0886445735750868e+02 3.5146077158331951e+02 3.1366807602573283e+02 3.5188852486333707e+02 3.1086377778641560e+02 3.4969041890432163e+02 2.9891048020114653e+02 3.4325873296272965e+02 2.6817146248761520e+02 3.2483542330338901e+02 1.8287973810376732e+02 2.7666867810771140e+02 8.3958632464786291e+01 5.9851241189362341e+01 9.4733222644001287e+01 8.0644909403964533e+01 9.1016550586508600e+01 8.3814777172070848e+01 8.7629340362887717e+01 8.3075938887632134e+01 8.6355792676655199e+01 8.2841375955148493e+01 8.7405052554828544e+01 8.4056051157367691e+01 9.0920901227161693e+01 8.5920727507782104e+01 9.5926429961844690e+01 8.1097022744281915e+01 1.0543015216738191e+02 2.1995263222942850e+01 3.3685539915286475e+00 7.4421810541391036e+00 4.3298130685223924e+01 3.8443645749263801e+01 6.5214545863013583e+01 5.8937733271391615e+01 7.2690899105582758e+01 6.7477468203895270e+01 7.4452807692423320e+01 6.9495380722464347e+01 7.4151580133338925e+01 6.6973455555976486e+01 7.0226766797309907e+01 5.4874863054453236e+01 5.0994047603608962e+01 2.1645919852748662e+01 8.7683012136102274e+00 1.4642080750915112e+00 -1.9906758893267917e+00 8.8361890962778411e-02 1.1498685447631134e+01 1.3404434128552753e+01 3.4386411513591206e+01 3.2424809056384767e+01 5.0585033409787513e+01 4.5899386647196010e+01 5.6976092814329185e+01 4.9676276193999442e+01 5.4115353024614578e+01 4.2208157989190383e+01 3.9633059026930411e+01 2.3462487346455816e+01 1.6231654446364342e+01 6.4142708587016308e+00 8.7126275573586209e-01 3.7014042381010126e-01 -2.0986331096371288e-01 1.9971476970011473e-01 2.9210799335525905e+00 4.4408318092039387e+00 1.4457969359478355e+01 1.4160010540502739e+01 2.7543851645682810e+01 2.3531193544308618e+01 3.3982081872602087e+01 2.5870064327804432e+01 2.9808022488316613e+01 1.9212716989764516e+01 1.7437891639865462e+01 9.2586898920351945e+00 5.9294801586530035e+00 2.7254071592488294e+00 6.3117052373098503e-01 1.7322011405355958e-01 1.8439092296941140e-01 1.9136197569972097e-01 9.3117867254818698e-01 9.9380699818942919e-01 4.3505559467230759e+00 3.2487969715204703e+00 9.5396967555917751e+00 5.8353730064089122e+00 1.2242170053863241e+01 6.2297650325424252e+00 1.0112552767191076e+01 4.3133165483433604e+00 5.5723316480224465e+00 2.1394265398036860e+00 2.0612830717529795e+00 7.2196059282371450e-01 3.2422963909480601e-01 1.1746166679434226e-02 4.0616792202326148e-02 -1.5342086039212580e-01 -3.7777468753745047e-01 -1.3112303353095993e+00 -1.3062783622493643e+00 -3.2590502672380439e+00 -2.0276600503290410e+00 -4.9470953554214647e+00 -2.3391210649571126e+00 -5.4028167160855078e+00 -2.1711981044573156e+00 -4.3210911822655689e+00 -1.4138447914152081e+00 -2.4100272630612181e+00 -5.2870057197215625e-01 -8.0491345133518766e-01 -6.4813373327015616e-02 -1.1656601384580752e-01 -1.3776862935996023e-01 -5.2022977403860848e-01 -1.6079733586124327e+00 -2.9426000939374162e+00 -4.6551421012193810e+00 -6.6187567607096875e+00 -7.9193329261649072e+00 -9.7466071270938706e+00 -9.4806346803079506e+00 -1.0503795220193354e+01 -8.4197682940865182e+00 -8.5451700967376496e+00 -5.5040278275135002e+00 -5.0797026362271431e+00 -2.3798125848769502e+00 -1.8479553726638012e+00 -3.8873285634768939e-01 -1.8144744297245080e-01 -2.4228230788695579e-01 -7.4372692376209670e-01 -2.3572211842384556e+00 -3.7175589521183019e+00 -6.1455935257979215e+00 -7.6653325373099124e+00 -9.8488524755104319e+00 -1.0708356942089853e+01 -1.1588164784186160e+01 -1.1488310601778549e+01 -1.0546006862500567e+01 -9.7210080579257365e+00 -7.3198668392672799e+00 -6.2015798188757172e+00 -3.4267445023945284e+00 -2.4383759830826612e+00 -5.9445808919445331e-01 -1.9210969472318015e-01 -2.5898790406947431e-01 -8.8502917137505743e-01 -2.7049508181118900e+00 -4.0435519351239284e+00 -6.3609520358010032e+00 -7.2642454240161447e+00 -9.3811066692550895e+00 -9.4250371702914819e+00 -1.0759372452030481e+01 -1.0025604588396726e+01 -1.0083275420011507e+01 -8.9152426730106864e+00 -7.5499900330004941e+00 -6.3216733966791407e+00 -3.9941742518630758e+00 -3.0127081259246324e+00 -8.7012420254479106e-01 -4.1339796570006149e-01
</DataArray>
        <DataArray type="Float64" format="ascii" Name="tau_xy">
3.6833098054930701e+01 1.9080095630838851e+01 5.3167822995852013e+01 3.2857711070281852e+01 3.3903068932811898e+01 2.2605585766250286e+01 1.7061320873078568e+01 9.9543380594281956e+00 2.1142855002062229e+00 -2.1221188281198575e+00 -1.2746098489251731e+01 -1.4476404540782127e+01 -2.9531852346293839e+01 -2.7963728635922479e+01 -4.9657653134280125e+01 -3.6514197457884848e+01 -4.9261518988788410e+01 -5.3037545515865840e+00 -1.9664902564606820e+01 -2.2241700697744292e+01 -3.5717242228874189e+00 -1.1767996624612145e+01 6.4179275109923681e+00 -3.1586259437504398e+00 4.6692453432565957e+00 -6.9382327441424441e-01 4.8917610202238326e-01 -2.4218966013053375e-01 -3.8862184318959274e+00 4.6119417348914871e-01 -6.9244776954334810e+00 4.6588083266844098e+00 -1.9664851763721674e+00 1.8795687569900238e+01 1.8965710395420608e+01 1.9660394870305044e+01 -1.8636732395658743e+01 -2.9016738054267073e+01 -3.3556121418323443e+01 -3.4194876888924199e+01 -2.1754178715105898e+01 -2.2599554539717104e+01 -1.0335173096108145e+01 -9.8914180119157660e+00 -1.4939649922398341e+00 1.7569052355722381e+00 6.9745789905973083e+00 1.3828350288901493e+01 1.7532340898959138e+01 2.7479581629671195e+01 3.0426892843478495e+01 3.7229725351251552e+01 2.8845308895543361e+01 1.7405073979363607e+01 -1.6242747060304289e+01 -2.7497222150244330e+01 -3.9268619851445173e+01 -3.8289998393110487e+01 -3.3009979701527079e+01 -2.8622706057777410e+01 -1.8052852668823594e+01 -1.3190329043926001e+01 -2.4814792224271169e+00 2.7340788539746534e+00 1.2926233820157540e+01 1.8752172162651149e+01 2.8303926372212146e+01 3.3508065007182154e+01 3.8708305531083980e+01 3.8443857465383068e+01 2.8001872933531558e+01 1.5277422003946080e+01 -1.4116874278584307e+01 -2.3095805213576025e+01 -3.4785059043963436e+01 -3.1122926721663450e+01 -3.0077077207353813e+01 -2.2407206501309961e+01 -1.6565917548221609e+01 -9.8861391847317552e+00 -2.0578089275623874e+00 2.3667047178719871e+00 1.2208876241091588e+01 1.4646846258267402e+01 2.5920195995305054e+01 2.6430788939466243e+01 3.4252364853295191e+01 3.1165420184214739e+01 2.4218261539313495e+01 1.2905355897534600e+01 -1.1115592112892410e+01 -1.4331554197404545e+01 -2.1629986874472074e+01 -1.1623566399677612e+01 -1.4381021074926586e+01 -3.6464758760338554e+00 -6.1073168419247548e+00 3.6361761081910554e-02 -1.7216933366726372e-01 7.3865738921770796e-01 5.0795068558498659e+00 1.7357060421559436e+00 1.1671705707422140e+01 6.0543258196209591e+00 1.8768911464302327e+01 1.3469458919460518e+01 1.6563728945117973e+01 8.8893198050354929e+00 -4.7652922173035837e+00 6.4467408360993979e+00 7.9005243412256778e+00 2.9182748484897179e+01 1.7200161753211361e+01 2.9385130433599116e+01 1.3141896466296020e+01 1.5812360328620935e+01 3.0011271931860319e+00 -1.8765173705099973e+00 -7.9923423551158770e+00 -1.9173284236012893e+01 -1.5577487510650853e+01 -3.0943959574005209e+01 -1.3786360550631944e+01 -2.5788842112134748e+01 -1.3083057752612810e+00 -8.5829813774475860e-01 1.6205359737021816e+01 6.8920727141859032e+01 7.0734065670046334e+01 1.0028767605405154e+02 6.5216134211311882e+01 7.0440937121619768e+01 3.7366770303827906e+01 3.2490813728559267e+01 6.5282956835662738e+00 -4.6725839999863581e+00 -2.4214735313185557e+01 -4.1959552019260805e+01 -5.3338703979223318e+01 -7.9414587476243682e+01 -7.1994164039359447e+01 -1.0433666705991718e+02 -4.9215912774434052e+01 -3.9043872991453867e+01 1.3828357909857218e+02 2.5109161564903647e+02 1.7022244647806406e+02 1.5845040770269219e+02 1.0677629938634975e+02 9.2686465953799186e+01 5.4602698859695131e+01 4.0538654207901907e+01 8.6676586476266984e+00 -6.3162526308590952e+00 -3.6221102053490135e+01 -5.3924998001926156e+01 -8.4627364110679252e+01 -1.0843448082430751e+02 -1.3843904399540182e+02 -1.7779949767420374e+02 -1.7012573884101062e+02 -2.4543134784881380e+02 6.6224437721763707e+01 4.9246397827067220e+01 6.2043005740050489e+01 5.0379468626207192e+01 3.9826948576173805e+01 3.4165463764834406e+01 2.0289070043874762e+01 1.5406803222510844e+01 2.5965988471704438e+00 -3.0164782047996055e+00 -1.4933270389763212e+01 -2.1660259604259068e+01 -3.3842655519269769e+01 -4.1179568694592241e+01 -5.6158300522547755e+01 -6.1266240036642174e+01 -7.6333529026605717e+01 -3.1787892358904038e+01 3.0046425941109867e+00 1.2381812576768951e+01 3.8184346115646122e+01 2.8002135537815292e+01 3.7117998708950751e+01 2.6312868883946177e+01 2.1404149955804748e+01 1.3615664916518941e+01 2.8603914932976751e+00 -3.1201187855904879e+00 -1.5743077451165103e+01 -2.0037662887054189e+01 -3.3405115237993847e+01 -3.2128220275592732e+01 -4.1153224915707725e+01 -2.2090171412303622e+01 -1.4182091806712730e+01 -1.0243280249141888e+00 -2.4468625604646355e+00 -6.8009586358764595e-01 6.7554285649174961e+00 5.3805558476260069e+00 1.6357764829277606e+01 9.5623443746520724e+00 1.3416317644215670e+01 6.1137722945404187e+00 1.9533121940318685e+00 -2.5584147148132481e+00 -1.0922116563920213e+01 -1.0004223619961079e+01 -1.6857668007514874e+01 -8.0488865842715924e+00 -8.6022108748434398e+00 -1.1201413070181881e-01 -6.1814563202123118e-01 1.3111428004421117e+00 -2.3253611358279924e+00 -4.5146964211210081e+00 -5.8569863534470503e+00 -6.5628760609507992e+00 -2.2560676051231647e+00 -4.4017795735161762e+00 8.1998172837066374e-01 -2.0877216701442678e+00 -6.0313607896467711e-02 -6.2624315390036400e-01 -1.2121105428924988e+00 2.4490532419200668e+00 1.8048566080538204e+00 6.6343931504240352e+00 5.2711373510313866e+00 7.0949606751255132e+00 3.5173196264143152e+00 2.3124537435193915e+00 -2.7094668235192021e+00 -5.7003004450569739e+00 -9.6592871137315530e+00 -1.0881649384070823e+01 -1.1075850281196754e+01 -1.0823384419541778e+01 -7.3187372347938329e+00 -6.0801730800257472e+00 -1.1092062803338463e+00 1.2932010255499409e+00 5.6554099011619492e+00 8.3700640018231098e+00 1.0378094062486511e+01 1.1657116990715599e+01 1.0292744814181479e+01 9.5452673068092970e+00 5.3562534676038283e+00 2.8099034917573320e+00 -2.9414455857745985e+00 -5.6821661987329319e+00 -1.0061474899757840e+01 -1.0836804985385916e+01 -1.2447180978343457e+01 -1.1012985594774777e+01 -8.9943304098020977e+00 -6.0638521783488910e+00 -1.2084581955527358e+00 1.7291864840190343e+00 6.9679499683870745e+00 8.5496604667649816e+00 1.1615034295438493e+01 1.1407780269984050e+01 1.1074403262087644e+01 9.3712674622530745e+00 5.7765805370947900e+00 2.7568362799315267e+00 -2.6502560906759158e+00 -4.6761131668442282e+00 -8.4395137287648403e+00 -8.3602307994936815e+00 -9.9287664932029411e+00 -8.0425733617895592e+00 -7.0125067330598281e+00 -4.2612013550178443e+00 -9.9408590523965967e-01 1.2369082491591061e+00 5.3176362847015497e+00 6.1308767576527394e+00 9.2070136221532870e+00 8.5470991174831656e+00 9.2057553631645970e+00 7.4159891721974880e+00 5.0524316621143113e+00 2.2515374049100934e+00 -1.8877440043889424e+00 -3.0011714762886603e+00 -5.5771462261658229e+00 -4.8207202774507651e+00 -6.0037480100878851e+00 -4.2102192189642400e+00 -4.0137515620614383e+00 -2.1242141340864671e+00 -6.3457272519248342e-01 6.0043527367879190e-01 2.9533262159743385e+00 3.1478551493978930e+00 5.4984277492600357e+00 4.7045730357650868e+00 5.9234118476072384e+00 4.4551046537195065e+00 3.5145218404258363e+00 1.4756318685187508e+00 -8.8502917297482020e-01 -9.6973290743163731e-01 -2.1887898551556426e+00 -1.1615606734967174e+00 -2.0591328139276461e+00 -8.5566040928232800e-01 -1.3051313357290084e+00 -3.4799824618443120e-01 -2.5256917151673847e-01 2.1844407853677061e-01 8.9191783609587383e-01 7.4137705105377738e-01 1.8521922238807156e+00 1.0947944889389447e+00 2.2141707804158770e+00 1.1041278184133847e+00 1.4951823407744471e+00 4.1339796753092989e-01
</DataArray>
        <DataArray type="Float64" format="ascii" Name="sigma_yy">
1.1266199470513077e+03 1.0499728423105905e+03 9.8291293377751470e+02 9.7871320047718325e+02 9.7591018566812727e+02 9.7049460838407310e+02 9.7389374503837018e+02 9.6906820031088500e+02 9.7343663936991254e+02 9.6889271849016029e+02 9.7400128645961422e+02 9.6916831890639924e+02 9.7632278270203119e+02 9.7067864679933268e+02 9.8384246968186733e+02 9.8421629417601071e+02 1.0366908674668571e+03 1.1351643129139593e+03 1.1260351401317928e+03 1.0651505171078909e+03 9.9760605276134049e+02 9.8639421873134802e+02 9.6796669384378163e+02 9.6641913571940586e+02 9.6356928782851446e+02 9.6293315885046718e+02 9.6331515470152112e+02 9.6264880004736654e+02 9.6351552465572104e+02 9.6346254324573579e+02 9.6550297500387103e+02 9.7003302463397654e+02 9.8089561554425597e+02 1.0041664026972198e+03 1.0688833974238189e+03 1.1215023570701594e+03 1.0851567070387939e+03 1.0480934651446382e+03 1.0102174197752354e+03 9.9781010025855994e+02 9.7696212570060391e+02 9.7646468243272693e+02 9.6740754940348654e+02 9.6999819997772363e+02 9.6554295529239334e+02 9.6896493050928473e+02 9.6637132201024974e+02 9.7137831040042113e+02 9.7234258391075946e+02 9.8178704094083935e+02 9.9617303042520018e+02 1.0132673288003499e+03 1.0590655946732077e+03 1.0729966533043817e+03 1.0398972219246434e+03 1.0202618736223961e+03 1.0098449996719698e+03 1.0027136473598720e+03 9.8991254109837791e+02 9.9069468479517445e+02 9.8084281060144406e+02 9.8472103189276788e+02 9.7803982007116804e+02 9.8335717332673289e+02 9.7945823728871687e+02 9.8632105180349299e+02 9.8642876640054851e+02 9.9479288763140505e+02 1.0033217066151149e+03 1.0100926304566523e+03 1.0317092090475001e+03 1.0275897063915468e+03 9.9828312549608529e+02 9.9397188445180177e+02 1.0046740278344396e+03 1.0052906006484191e+03 1.0017108619817064e+03 1.0040709868861702e+03 9.9641004518333727e+02 9.9962374230635726e+02 9.9356962617609111e+02 9.9805045724444017e+02 9.9504973184836308e+02 1.0009421603869253e+03 1.0002748704159278e+03 1.0057082787708171e+03 1.0056742767919425e+03 1.0048020919406482e+03 1.0037992087881601e+03 9.8809402284839553e+02 9.6407172816962327e+02 9.7717316916065886e+02 1.0029312268558132e+03 1.0110619411830646e+03 1.0119042074668607e+03 1.0136002977555719e+03 1.0076755058634526e+03 1.0074026475219562e+03 1.0039787123713411e+03 1.0049328411322789e+03 1.0056991656904685e+03 1.0088454250994308e+03 1.0107477472362747e+03 1.0140641153425013e+03 1.0091502772219916e+03 1.0050574629069355e+03 9.8307859101615827e+02 9.5862493800589425e+02 9.4497488175481919e+02 9.8319718238553469e+02 1.0122810179870897e+03 1.0221986700420074e+03 1.0180442065434431e+03 1.0131873790160619e+03 1.0077129969530849e+03 1.0004859362934367e+03 1.0014569499548514e+03 9.9652513245376713e+02 1.0041104534736286e+03 1.0029124644819600e+03 1.0134141824757581e+03 1.0155915315475446e+03 1.0168291210769438e+03 1.0161779854598072e+03 9.7985598412433524e+02 9.5104392397617971e+02 9.6762698232798141e+02 1.0406952512567104e+03 1.0320476626978675e+03 1.0256034837016350e+03 1.0093238433736494e+03 9.9060177884796269e+02 9.8887646310856246e+02 9.7310411013424232e+02 9.8031142379455207e+02 9.6876115215409504e+02 9.8383463591102964e+02 9.7643230334400448e+02 9.9899969960977126e+02 9.9725875665858860e+02 1.0216615533677821e+03 1.0309750801723631e+03 1.0127676846510286e+03 1.0011181348881348e+03 1.1748312885693451e+03 1.1129738827994292e+03 1.0230748474470561e+03 9.7292204989432753e+02 9.6871239115638696e+02 9.4099420996665322e+02 9.4836030806982455e+02 9.2885925587969382e+02 9.4145784010828231e+02 9.2602183851332779e+02 9.4439822083138324e+02 9.3111668177241165e+02 9.5845402366732071e+02 9.4727492352033471e+02 9.9291162703786767e+02 9.9350198079062318e+02 1.0838468832555025e+03 1.2102877467197038e+03 1.0235624111656417e+03 1.0136048084206737e+03 1.0071276747875338e+03 1.0050017949591121e+03 9.9110240241017982e+02 9.9537840116879750e+02 9.8538957885236493e+02 9.9107071069300116e+02 9.8407363555818142e+02 9.9027273805893981e+02 9.8501152011722343e+02 9.9228960669535854e+02 9.8889663390107398e+02 9.9879884296226794e+02 9.9816371930738956e+02 1.0123727992384381e+03 1.0283134567977991e+03 1.0095692648427964e+03 9.7131137071663841e+02 9.7945642649501588e+02 1.0049632823672151e+03 1.0049901812491398e+03 1.0083943684639929e+03 1.0104663800216849e+03 1.0047741093026566e+03 1.0094310464453487e+03 1.0026803397002456e+03 1.0088869759721748e+03 1.0036445325499552e+03 1.0106823241175933e+03 1.0076852633645027e+03 1.0126632935133201e+03 1.0121340498311648e+03 9.9999626499369947e+02 9.8424051027811925e+02 9.6359928061472692e+02 9.6137642069681101e+02 9.6977324853448204e+02 9.8982384622856523e+02 9.9551068961046030e+02 1.0099607905097821e+03 1.0132940312155358e+03 1.0175851092664693e+03 1.0210874812153827e+03 1.0192226940878837e+03 1.0230993846793535e+03 1.0192250967093340e+03 1.0207629350156799e+03 1.0156307613169239e+03 1.0089630867922132e+03 9.9754075054788473e+02 9.8574178997752006e+02 9.6944507665917740e+02 9.6195680695565068e+02 9.6438187769467720e+02 9.7237351919528862e+02 9.8469454907530599e+02 9.9189691709311103e+02 1.0057918557542956e+03 1.0107169294470254e+03 1.0205347337822714e+03 1.0231607217319572e+03 1.0267019359139217e+03 1.0266112651983526e+03 1.0243108220239174e+03 1.0198719909713656e+03 1.0115494011734115e+03 1.0039860174016170e+03 9.9111466674532710e+02 9.8472124032039949e+02 9.7079628710990210e+02 9.6678526938324808e+02 9.7160604094072573e+02 9.7906212215460846e+02 9.8700394605054998e+02 9.9351409127350473e+02 1.0034301482563383e+03 1.0078555038223030e+03 1.0173249884557748e+03 1.0184209372772588e+03 1.0237707108881768e+03 1.0210437416448722e+03 1.0200384329908994e+03 1.0146973639046352e+03 1.0078160041692047e+03 1.0025057079637993e+03 9.9221975790771535e+02 9.8850506695168303e+02 9.7673145876078229e+02 9.7445397659698608e+02 9.8024778697531440e+02 9.8662723709507145e+02 9.9174020936885381e+02 9.9656597025587894e+02 1.0027057103884837e+03 1.0053031616391116e+03 1.0116812687262083e+03 1.0113607433372704e+03 1.0156716585014190e+03 1.0127489608043012e+03 1.0130799426853166e+03 1.0091479284479337e+03 1.0054313023054656e+03 1.0020886253009049e+03 9.9528932128815404e+02 9.9314364166780740e+02 9.8412607059010861e+02 9.8304046062981479e+02 9.8858020926890231e+02 9.9324701571224045e+02 9.9606432718079964e+02 9.9889445691962123e+02 1.0020426570977897e+03 1.0029247126929547e+03 1.0061943244917134e+03 1.0053164642694602e+03 1.0079044780749462e+03 1.0058709744441404e+03 1.0068257328682911e+03 1.0045191881957109e+03 1.0033125454128506e+03 1.0014664251946094e+03 9.9794929246129993e+02 9.9692111934482841e+02 9.9111634780113354e+02 9.9084972857556488e+02 9.9514406644281962e+02 9.9781932046664338e+02 9.9886554228335058e+02 9.9995678989398596e+02 1.0010892684697949e+03 1.0010524437865407e+03 1.0022952249412294e+03 1.0015930456041897e+03 1.0027506082961586e+03 1.0017237839283413e+03 1.0024910559310077e+03 1.0014347138512016e+03 1.0014356958620679e+03 1.0006371430921766e+03 9.9948470041135840e+02 9.9918516106024845e+02 9.9642564786328512e+02 9.9661578782309812e+02 9.9903026709301753e+02 9.9982904969622030e+02 9.9997912253845493e+02 1.0000463020727643e+03 1.0002595981921064e+03 1.0001458081798361e+03 1.0003618539843621e+03 1.0001848407639286e+03 1.0003816015625409e+03 1.0001767836221726e+03 1.0003461493519524e+03 1.0001279691364437e+03 1.0002254483024083e+03 1.0000450532387229e+03 9.9996428009140277e+02 9.9992453494559243e+02 9.9938473520428954e+02 9.9958660203303941e+02
</DataArray>
        <DataArray type="Float64" format="ascii" Name="sigma_zz">
3.0533946193324942e+02 2.9709983975361911e+02 2.4592406596230234e+02 2.5797905269848115e+02 2.3790455196993386e+02 2.4628394395835045e+02 2.3387949469487563e+02 2.4161710941814579e+02 2.3234399374694075e+02 2.4055423165478149e+02 2.3312306929353898e+02 2.4254527334533844e+02 2.3621316103634743e+02 2.4850943345760462e+02 2.4288235474474777e+02 2.6518519024613795e+02 2.7143297323357240e+02 3.3404224681147878e+02 3.3875315476702309e+02 3.1927164196893466e+02 2.8854891999671645e+02 2.8644474361818499e+02 2.6725338869854062e+02 2.7097942090450482e+02 2.5872619284020607e+02 2.6446360956714375e+02 2.5597820489961995e+02 2.6306296704598032e+02 2.5735189708776289e+02 2.6603396360447425e+02 2.6370056245727147e+02 2.7517924051809860e+02 2.7979800351984238e+02 2.9624844154810904e+02 3.1968282146327715e+02 3.3651187315501465e+02 3.2612897632575886e+02 3.1494081145536012e+02 3.0181936861881348e+02 2.9798132884081815e+02 2.8613588225931659e+02 2.8763291910542767e+02 2.7840592353622890e+02 2.8267214880216147e+02 2.7580765943362218e+02 2.8159738348699602e+02 2.7718726354547238e+02 2.8403122135220303e+02 2.8315170203139036e+02 2.9083462085551309e+02 2.9603589377147284e+02 3.0373012675761879e+02 3.1833510863527948e+02 3.2206086573673110e+02 3.1217459026603473e+02 3.0653126678683952e+02 3.0377550198021248e+02 3.0221123414586629e+02 2.9713527204858656e+02 2.9895398462201928e+02 2.9331292913906390e+02 2.9718306143099420e+02 2.9195088887601293e+02 2.9681492376987018e+02 2.9274523867785649e+02 2.9780957292397056e+02 2.9586423927435186e+02 3.0027914356494182e+02 3.0177367061400861e+02 3.0416037564818419e+02 3.0998918856145895e+02 3.0842141665645636e+02 2.9966999478322265e+02 2.9877442116704060e+02 3.0330832357019898e+02 3.0517840308416908e+02 3.0510092681853502e+02 3.0872331650549580e+02 3.0580023950250785e+02 3.1030015237156766e+02 3.0602545193794128e+02 3.1069168131026419e+02 3.0603857851407395e+02 3.1011000923395454e+02 3.0573138330741477e+02 3.0815133925100577e+02 3.0459993096092944e+02 3.0389714504277379e+02 3.0170687772938010e+02 2.9660562614987651e+02 2.8953904726909309e+02 2.9427090351346089e+02 3.0476432677250597e+02 3.1118092088357173e+02 3.1410404834216649e+02 3.2038794945416186e+02 3.1869022802065723e+02 3.2450326352090627e+02 3.2026011767774202e+02 3.2544189272179045e+02 3.1959821167844876e+02 3.2369496115119728e+02 3.1635340248917953e+02 3.1830360480811538e+02 3.0909852469146279e+02 3.0696803655064252e+02 2.9595096883724511e+02 2.8784112064053716e+02 2.8427860172985294e+02 2.9823227974052946e+02 3.1281969871087199e+02 3.2514861140767664e+02 3.2781938299273929e+02 3.3695585346436781e+02 3.3442965686418853e+02 3.4166570987067439e+02 3.3655806017530756e+02 3.4264465194446166e+02 3.3556871080054418e+02 3.4066684292183214e+02 3.3086933786837858e+02 3.3431180089760358e+02 3.1966132475299713e+02 3.1882007924224524e+02 2.9662744138138135e+02 2.8601640556294643e+02 2.9330616525980111e+02 3.2796716598957113e+02 3.3500874229082433e+02 3.5268791103564519e+02 3.4941723713718193e+02 3.6009994015488081e+02 3.5434693799221122e+02 3.6215444869885835e+02 3.5567192953943373e+02 3.6246663673733184e+02 3.5491736392923497e+02 3.6151426095472124e+02 3.5146139990724606e+02 3.5837195439042046e+02 3.4192408444639148e+02 3.4906912476734152e+02 3.1458274948138308e+02 3.0738776149277584e+02 3.7938958072341393e+02 4.3324790023585206e+02 3.8303683491145739e+02 3.9421261151667056e+02 3.7873242649590520e+02 3.8677834616452333e+02 3.7716742962819995e+02 3.8409600823890406e+02 3.7653777484020458e+02 3.8337310901299941e+02 3.7657859958533965e+02 3.8424213020301994e+02 3.7720935116054017e+02 3.8716009694491930e+02 3.7832492685764487e+02 3.9550122122820369e+02 3.8001798640778088e+02 4.4608692744822451e+02 3.7044716616261229e+02 3.6289824039280302e+02 3.5165435465979061e+02 3.5122729664388260e+02 3.3414966511288566e+02 3.3970803963175820e+02 3.2782701649063796e+02 3.3454079878673957e+02 3.2630498406519848e+02 3.3353352138104862e+02 3.2723169444071004e+02 3.3579273954592088e+02 3.3137941899217685e+02 3.4321808362690990e+02 3.4189032050133471e+02 3.5944459203337453e+02 3.7126442820657650e+02 3.6325618715221088e+02 3.3301932604742871e+02 3.3892328924097865e+02 3.5713332931066168e+02 3.5699076511971566e+02 3.5632967867427908e+02 3.5848094863396761e+02 3.5046283258932988e+02 3.5545252299852069e+02 3.4759476948218014e+02 3.5438166745928788e+02 3.4886821506585346e+02 3.5697084861809424e+02 3.5446976130967255e+02 3.6148697382169803e+02 3.6225460961591335e+02 3.5453745761712099e+02 3.4276624248515827e+02 3.2635921516612979e+02 3.2499484564375780e+02 3.3163729227175190e+02 3.4687446374588234e+02 3.5119020919002878e+02 3.6109824108156943e+02 3.6385194566750306e+02 3.6536252116675837e+02 3.6873730393646974e+02 3.6568069648296921e+02 3.6994153548460559e+02 3.6623072349032225e+02 3.6897061145245834e+02 3.6518867974936671e+02 3.6116597884620182e+02 3.5260900082104774e+02 3.4394200051191149e+02 3.3127138811938869e+02 3.2515765108153266e+02 3.2725839012456771e+02 3.3377331138691363e+02 3.4344890253508845e+02 3.4905890123419897e+02 3.5935529757997114e+02 3.6328116645389849e+02 3.7008526534640578e+02 3.7246361384371971e+02 3.7449543682011796e+02 3.7502316310866104e+02 3.7290952075033948e+02 3.7014467169579115e+02 3.6368763812785170e+02 3.5831513662207470e+02 3.4830776767112707e+02 3.4348890702531332e+02 3.3242513806923807e+02 3.2919058434515802e+02 3.3314539850745547e+02 3.3917512216838713e+02 3.4547721671361217e+02 3.5062888188325223e+02 3.5824991296371041e+02 3.6173791972711138e+02 3.6872847263746706e+02 3.6969771627781660e+02 3.7352667206676375e+02 3.7165699257696002e+02 3.7076563163174620e+02 3.6693046789961556e+02 3.6158671444725178e+02 3.5765194534798599e+02 3.4953263466003187e+02 3.4667047637246588e+02 3.3727930480855269e+02 3.3546122572771731e+02 3.4011440544948249e+02 3.4519185022335057e+02 3.4927768754495207e+02 3.5313655174973360e+02 3.5797958778167498e+02 3.6003463257641590e+02 3.6484824411398927e+02 3.6464720737588095e+02 3.6782280928266442e+02 3.6568625043834737e+02 3.6589357934380871e+02 3.6298508395860262e+02 3.6007947376303696e+02 3.5752660623082056e+02 3.5209897539567828e+02 3.5038091562750498e+02 3.4320674463066246e+02 3.4233511771456131e+02 3.4669747918178922e+02 3.5035798711568083e+02 3.5267865021569793e+02 3.5496623793687382e+02 3.5754133965297063e+02 3.5826959278053403e+02 3.6081261107603234e+02 3.6017113330740733e+02 3.6211887747816087e+02 3.6060376508028259e+02 3.6129797652162620e+02 3.5954806258967614e+02 3.5855247126359160e+02 3.5708784726119978e+02 3.5422009909866421e+02 3.5333629342005196e+02 3.4869615885992971e+02 3.4846255730033943e+02 3.5178953052905814e+02 3.5388478269578769e+02 3.5484209145330510e+02 3.5576132827564396e+02 3.5679124143505322e+02 3.5681127027994216e+02 3.5786135144901459e+02 3.5734222923242805e+02 3.5825847886762676e+02 3.5746829798409743e+02 3.5803373116550750e+02 3.5718938460867264e+02 3.5711216804258220e+02 3.5642586601779141e+02 3.5539770449853506e+02 3.5507381624803224e+02 3.5280403735282545e+02 3.5291722356930649e+02 3.5477278853900543e+02 3.5543094304265139e+02 3.5568280172338268e+02 3.5580622857606710e+02 3.5610903041923757e+02 3.5605705694362581e+02 3.5633090421268906e+02 3.5618893134246065e+02 3.5640337641379313e+02 3.5620853534418524e+02 3.5634799478595357e+02 3.5612079502514899e+02 3.5614076455476885e+02 3.5592870545073606e+02 3.5574741840599609e+02 3.5564350391792709e+02 3.5508912533830323e+02 3.5520664975056178e+02
</DataArray>
        <DataArray type="Float64" format="ascii" Name="sigma1">
1.1277131043115787e+03 1.0503008327983512e+03 9.8537416010989489e+02 9.7969604048832116e+02 9.7690123740089984e+02 9.7095066644511712e+02 9.7414287130354114e+02 9.6915567022212406e+02 9.7344045224451702e+02 9.6889668294298360e+02 9.7414001753692867e+02 9.6935376958801953e+02 9.7707073990355491e+02 9.7138078729635151e+02 9.8596785948001479e+02 9.8544432618541543e+02 1.0387637663649307e+03 1.1351886281773272e+03 1.1263794203351413e+03 1.0656143531703729e+03 9.9761839771889879e+02 9.8653024129125265e+02 9.6800610508033753e+02 9.6642882596843776e+02 9.6358976408060516e+02 9.6293361981079033e+02 9.6331537763796644e+02 9.6264885599419131e+02 9.6352964981075729e+02 9.6346274773643790e+02 9.6554855117158763e+02 9.7005424481789203e+02 9.8089937313100165e+02 1.0045123519959598e+03 1.0692187825929695e+03 1.1218469685893895e+03 1.0854772569358342e+03 1.0488974954445357e+03 1.0113262690415324e+03 9.9897529502105272e+02 9.7743508104835541e+02 9.7697816096339761e+02 9.6751363307658835e+02 9.7009625054899550e+02 9.6554516134840492e+02 9.6896801946476876e+02 9.6641954083019073e+02 9.7157026736237026e+02 9.7264961282549336e+02 9.8254605117357778e+02 9.9709286608097113e+02 1.0146322712626104e+03 1.0598521812279507e+03 1.0732790486157178e+03 1.0401510318226356e+03 1.0210035129622709e+03 1.0113738245815151e+03 1.0041804705165703e+03 9.9101267943091466e+02 9.9152582337302147e+02 9.8117391208004335e+02 9.8489874698860331e+02 9.7804608483581376e+02 9.8336482183745716e+02 9.7962816792872127e+02 9.8667976154378448e+02 9.8724005653320796e+02 9.9592726037258012e+02 1.0048167113785908e+03 1.0115591454899882e+03 1.0324698247984584e+03 1.0278168957451960e+03 9.9848283782544581e+02 9.9450929554639038e+02 1.0058845960705114e+03 1.0062647959227859e+03 1.0026270967885553e+03 1.0045835377159747e+03 9.9669186763580331e+02 9.9972502130807391e+02 9.9357400499733762e+02 9.9805628908093831e+02 9.9520337878406622e+02 1.0011636895238587e+03 1.0009589520546829e+03 1.0064175363794038e+03 1.0068508050063951e+03 1.0057757244069535e+03 1.0043842738919893e+03 9.8826265002109335e+02 9.6420001293079667e+02 9.7738412026559854e+02 1.0034035925180915e+03 1.0111991071602595e+03 1.0121158885003781e+03 1.0136141593372208e+03 1.0077146410374698e+03 1.0074026489388871e+03 1.0039787438914723e+03 1.0049334309478157e+03 1.0057264370551823e+03 1.0088486344747635e+03 1.0108886067036515e+03 1.0141020150531942e+03 1.0095067093316376e+03 1.0052412654407320e+03 9.8335856613367810e+02 9.5870743424132468e+02 9.4499897823984384e+02 9.8323992557807424e+02 1.0123445873040163e+03 1.0230844455914680e+03 1.0183577116492612e+03 1.0141424108047239e+03 1.0079047148007674e+03 1.0007758686531148e+03 1.0014671725552844e+03 9.9652927077133529e+02 1.0041822477398604e+03 1.0033346749216500e+03 1.0136767446050021e+03 1.0166347574105623e+03 1.0170254036799362e+03 1.0168634013503049e+03 9.7985774698971613e+02 9.5104470048637552e+02 9.6790115487460503e+02 1.0454790416652468e+03 1.0372996441938540e+03 1.0369434151192122e+03 1.0142758345451585e+03 9.9690524708096655e+02 9.9062542474119107e+02 9.7452979659426046e+02 9.8036640816336114e+02 9.6879108790021360e+02 9.8458124243613725e+02 9.7877926205951007e+02 1.0024278873900379e+03 1.0050664458238853e+03 1.0273618654542938e+03 1.0429333421525166e+03 1.0152408392921353e+03 1.0026749925232239e+03 1.1918695212632233e+03 1.1866712209151362e+03 1.0590542998110820e+03 1.0104329500886890e+03 9.8520067127982043e+02 9.5514979365900797e+02 9.5298900100223818e+02 9.3169154702066123e+02 9.4157748842848241e+02 9.2609131753329439e+02 9.4646236675106888e+02 9.3607571710029913e+02 9.6913960930560950e+02 9.6615142781833856e+02 1.0184557690835861e+03 1.0378392747730318e+03 1.1149006572862265e+03 1.2708752998401233e+03 1.0282070323817850e+03 1.0161408682401462e+03 1.0113272814990025e+03 1.0077394777648117e+03 9.9286122615871807e+02 9.9665713118076519e+02 9.8584787084843720e+02 9.9133205722372645e+02 9.8408114601285229e+02 9.9028276530793551e+02 9.8525989274334518e+02 9.9280588392502796e+02 9.9017027985492905e+02 1.0006526722590395e+03 1.0016457634693129e+03 1.0163860529461368e+03 1.0345845433993807e+03 1.0105913911409737e+03 9.7132069749707784e+02 9.7961412419835665e+02 1.0064770657725253e+03 1.0058007604889372e+03 1.0098528587764474e+03 1.0111934610448914e+03 1.0052653704827466e+03 1.0096278158161701e+03 1.0026891540927510e+03 1.0088973390985760e+03 1.0039111009282186e+03 1.0111075898922045e+03 1.0088741036033307e+03 1.0137397981390586e+03 1.0138928928594922e+03 1.0004947849291411e+03 9.8444665580452931e+02 9.6360037115465559e+02 9.6138263545937423e+02 9.6977372552464919e+02 9.8987049088332969e+02 9.9554016657609043e+02 1.0102349892700295e+03 1.0133872441935910e+03 1.0177712136410039e+03 1.0211258089419650e+03 1.0192266591970358e+03 1.0231061088269330e+03 1.0193486861318540e+03 1.0208652021896928e+03 1.0159218442167406e+03 1.0090288201407366e+03 9.9761615221981162e+02 9.8574180278954168e+02 9.6944547116072317e+02 9.6195859472196116e+02 9.6438748345798354e+02 9.7239448462773771e+02 9.8472948897684739e+02 9.9194053365533466e+02 1.0057969900634801e+03 1.0107363716736018e+03 1.0205354108978304e+03 1.0231650819100411e+03 1.0267019395783304e+03 1.0266116570882177e+03 1.0243122993548875e+03 1.0198779848456154e+03 1.0115526779654083e+03 1.0040302639137046e+03 9.9114286864483245e+02 9.8477249903029065e+02 9.7080903893382765e+02 9.6679080150103573e+02 9.7161359806420296e+02 9.7909531583518947e+02 9.8709855658993183e+02 9.9363337957974250e+02 1.0035529206433798e+03 1.0079720987595208e+03 1.0173781357784388e+03 1.0184574449791016e+03 1.0237719272029353e+03 1.0210453895983053e+03 1.0200701013131929e+03 1.0147666971096521e+03 1.0079234563720438e+03 1.0026415281448036e+03 9.9232673992458444e+02 9.8859729734206644e+02 9.7676084054643923e+02 9.7446207917273114e+02 9.8025661370550574e+02 9.8665995555378083e+02 9.9184223641530082e+02 9.9668364254607036e+02 1.0028599998897976e+03 1.0054234034964555e+03 1.0117610663974688e+03 1.0113969223304075e+03 1.0156730930335299e+03 1.0127518975739832e+03 1.0131277634047328e+03 1.0092200485536021e+03 1.0055652763063736e+03 1.0022181632254030e+03 9.9541246350983772e+02 9.9323198914627596e+02 9.8415997431120877e+02 9.8304819091735897e+02 9.8858731322274662e+02 9.9326901839982168e+02 9.9613571364298014e+02 9.9896421735822014e+02 1.0021405720994987e+03 1.0029887801487878e+03 1.0062428130404891e+03 1.0053343523372234e+03 1.0079054493942933e+03 1.0058724797350986e+03 1.0068535847325916e+03 1.0045562897608620e+03 1.0033965666735185e+03 1.0015389977618538e+03 9.9803400333839659e+02 9.9697618098521161e+02 9.9114209290661790e+02 9.9085484384806318e+02 9.9514764652467784e+02 9.9782834037669795e+02 9.9889660789241475e+02 9.9997994362699194e+02 1.0011250532812385e+03 1.0010700162309815e+03 1.0023111415963989e+03 1.0015975030373290e+03 1.0027510052861944e+03 1.0017241397495886e+03 1.0024996657459192e+03 1.0014445134258816e+03 1.0014656652725635e+03 1.0006591252862743e+03 9.9951968414220812e+02 9.9920497645404839e+02 9.9643803649037000e+02 9.9661797228075034e+02 9.9903105092614555e+02 9.9982998940622201e+02 9.9998390049227748e+02 1.0000476457985148e+03 1.0002638103157338e+03 1.0001465349486480e+03 1.0003635409136343e+03 1.0001849607139881e+03 1.0003816646508581e+03 1.0001768308580670e+03 1.0003469366576137e+03 1.0001285138501175e+03 1.0002288524382063e+03 1.0000462442295643e+03 9.9996916328988380e+02 9.9992575047205764e+02 9.9938697019991685e+02 9.9958677293088977e+02
</DataArray>
        <DataArray type="Float64" format="ascii" Name="sigma2">
3.0533946193324942e+02 2.9709983975361911e+02 2.4592406596230234e+02 2.5797905269848115e+02 2.3790455196993386e+02 2.4628394395835045e+02 2.3387949469487563e+02 2.4161710941814579e+02 2.3234399374694075e+02 2.4055423165478149e+02 2.3312306929353898e+02 2.4254527334533844e+02 2.3621316103634743e+02 2.4850943345760462e+02 2.4288235474474777e+02 2.6518519024613795e+02 2.7143297323357240e+02 3.3404224681147878e+02 3.3875315476702309e+02 3.1927164196893466e+02 2.8854891999671645e+02 2.8644474361818499e+02 2.6725338869854062e+02 2.7097942090450482e+02 2.5872619284020607e+02 2.6446360956714375e+02 2.5597820489961995e+02 2.6306296704598032e+02 2.5735189708776289e+02 2.6603396360447425e+02 2.6370056245727147e+02 2.7517924051809860e+02 2.7979800351984238e+02 2.9624844154810904e+02 3.1968282146327715e+02 3.3651187315501465e+02 3.2612897632575886e+02 3.1494081145536012e+02 3.0181936861881348e+02 2.9798132884081815e+02 2.8613588225931659e+02 2.8763291910542767e+02 2.7840592353622890e+02 2.8267214880216147e+02 2.7580765943362218e+02 2.8159738348699602e+02 2.7718726354547238e+02 2.8403122135220303e+02 2.8315170203139036e+02 2.9083462085551309e+02 2.9603589377147284e+02 3.0373012675761879e+02 3.1833510863527948e+02 3.2206086573673110e+02 3.1217459026603473e+02 3.0653126678683952e+02 3.0377550198021248e+02 3.0221123414586629e+02 2.9713527204858656e+02 2.9895398462201928e+02 2.9331292913906390e+02 2.9718306143099420e+02 2.9195088887601293e+02 2.9681492376987018e+02 2.9274523867785649e+02 2.9780957292397056e+02 2.9586423927435186e+02 3.0027914356494182e+02 3.0177367061400861e+02 3.0416037564818419e+02 3.0998918856145895e+02 3.0842141665645636e+02 2.9966999478322265e+02 2.9877442116704060e+02 3.0330832357019898e+02 3.0517840308416908e+02 3.0510092681853502e+02 3.0872331650549580e+02 3.0580023950250785e+02 3.1030015237156766e+02 3.0602545193794128e+02 3.1069168131026419e+02 3.0603857851407395e+02 3.1011000923395454e+02 3.0573138330741477e+02 3.0815133925100577e+02 3.0459993096092944e+02 3.0389714504277379e+02 3.0170687772938010e+02 2.9660562614987651e+02 2.8953904726909309e+02 2.9427090351346089e+02 3.0476432677250597e+02 3.1118092088357173e+02 3.1410404834216649e+02 3.2038794945416186e+02 3.1869022802065723e+02 3.2450326352090627e+02 3.2026011767774202e+02 3.2544189272179045e+02 3.1959821167844876e+02 3.2369496115119728e+02 3.1635340248917953e+02 3.1830360480811538e+02 3.0909852469146279e+02 3.0696803655064252e+02 2.9595096883724511e+02 2.8784112064053716e+02 2.8427860172985294e+02 2.9823227974052946e+02 3.1281969871087199e+02 3.2514861140767664e+02 3.2781938299273929e+02 3.3695585346436781e+02 3.3442965686418853e+02 3.4166570987067439e+02 3.3655806017530756e+02 3.4264465194446166e+02 3.3556871080054418e+02 3.4066684292183214e+02 3.3086933786837858e+02 3.3431180089760358e+02 3.1966132475299713e+02 3.1882007924224524e+02 2.9662744138138135e+02 2.8601640556294643e+02 2.9330616525980111e+02 3.2796716598957113e+02 3.3500874229082433e+02 3.5268791103564519e+02 3.4941723713718193e+02 3.6009994015488081e+02 3.5434693799221122e+02 3.6215444869885835e+02 3.5567192953943373e+02 3.6246663673733184e+02 3.5491736392923497e+02 3.6151426095472124e+02 3.5146139990724606e+02 3.5837195439042046e+02 3.4192408444639148e+02 3.4906912476734152e+02 3.1458274948138308e+02 3.0738776149277584e+02 3.7938958072341393e+02 4.3324790023585206e+02 3.8303683491145739e+02 3.9421261151667056e+02 3.7873242649590520e+02 3.8677834616452333e+02 3.7716742962819995e+02 3.8409600823890406e+02 3.7653777484020458e+02 3.8337310901299941e+02 3.7657859958533965e+02 3.8424213020301994e+02 3.7720935116054017e+02 3.8716009694491930e+02 3.7832492685764487e+02 3.9550122122820369e+02 3.8001798640778088e+02 4.4608692744822451e+02 3.7044716616261229e+02 3.6289824039280302e+02 3.5165435465979061e+02 3.5122729664388260e+02 3.3414966511288566e+02 3.3970803963175820e+02 3.2782701649063796e+02 3.3454079878673957e+02 3.2630498406519848e+02 3.3353352138104862e+02 3.2723169444071004e+02 3.3579273954592088e+02 3.3137941899217685e+02 3.4321808362690990e+02 3.4189032050133471e+02 3.5944459203337453e+02 3.7126442820657650e+02 3.6325618715221088e+02 3.3301932604742871e+02 3.3892328924097865e+02 3.5713332931066168e+02 3.5699076511971566e+02 3.5632967867427908e+02 3.5848094863396761e+02 3.5046283258932988e+02 3.5545252299852069e+02 3.4759476948218014e+02 3.5438166745928788e+02 3.4886821506585346e+02 3.5697084861809424e+02 3.5446976130967255e+02 3.6148697382169803e+02 3.6225460961591335e+02 3.5453745761712099e+02 3.4276624248515827e+02 3.2635921516612979e+02 3.2499484564375780e+02 3.3163729227175190e+02 3.4687446374588234e+02 3.5119020919002878e+02 3.6109824108156943e+02 3.6385194566750306e+02 3.6536252116675837e+02 3.6873730393646974e+02 3.6568069648296921e+02 3.6994153548460559e+02 3.6623072349032225e+02 3.6897061145245834e+02 3.6518867974936671e+02 3.6116597884620182e+02 3.5260900082104774e+02 3.4394200051191149e+02 3.3127138811938869e+02 3.2515765108153266e+02 3.2725839012456771e+02 3.3377331138691363e+02 3.4344890253508845e+02 3.4905890123419897e+02 3.5935529757997114e+02 3.6328116645389849e+02 3.7008526534640578e+02 3.7246361384371971e+02 3.7449543682011796e+02 3.7502316310866104e+02 3.7290952075033948e+02 3.7014467169579115e+02 3.6368763812785170e+02 3.5831513662207470e+02 3.4830776767112707e+02 3.4348890702531332e+02 3.3242513806923807e+02 3.2919058434515802e+02 3.3314539850745547e+02 3.3917512216838713e+02 3.4547721671361217e+02 3.5062888188325223e+02 3.5824991296371041e+02 3.6173791972711138e+02 3.6872847263746706e+02 3.6969771627781660e+02 3.7352667206676375e+02 3.7165699257696002e+02 3.7076563163174620e+02 3.6693046789961556e+02 3.6158671444725178e+02 3.5765194534798599e+02 3.4953263466003187e+02 3.4667047637246588e+02 3.3727930480855269e+02 3.3546122572771731e+02 3.4011440544948249e+02 3.4519185022335057e+02 3.4927768754495207e+02 3.5313655174973360e+02 3.5797958778167498e+02 3.6003463257641590e+02 3.6484824411398927e+02 3.6464720737588095e+02 3.6782280928266442e+02 3.6568625043834737e+02 3.6589357934380871e+02 3.6298508395860262e+02 3.6007947376303696e+02 3.5752660623082056e+02 3.5209897539567828e+02 3.5038091562750498e+02 3.4320674463066246e+02 3.4233511771456131e+02 3.4669747918178922e+02 3.5035798711568083e+02 3.5267865021569793e+02 3.5496623793687382e+02 3.5754133965297063e+02 3.5826959278053403e+02 3.6081261107603234e+02 3.6017113330740733e+02 3.6211887747816087e+02 3.6060376508028259e+02 3.6129797652162620e+02 3.5954806258967614e+02 3.5855247126359160e+02 3.5708784726119978e+02 3.5422009909866421e+02 3.5333629342005196e+02 3.4869615885992971e+02 3.4846255730033943e+02 3.5178953052905814e+02 3.5388478269578769e+02 3.5484209145330510e+02 3.5576132827564396e+02 3.5679124143505322e+02 3.5681127027994216e+02 3.5786135144901459e+02 3.5734222923242805e+02 3.5825847886762676e+02 3.5746829798409743e+02 3.5803373116550750e+02 3.5718938460867264e+02 3.5711216804258220e+02 3.5642586601779141e+02 3.5539770449853506e+02 3.5507381624803224e+02 3.5280403735282545e+02 3.5291722356930649e+02 3.5477278853900543e+02 3.5543094304265139e+02 3.5568280172338268e+02 3.5580622857606710e+02 3.5610903041923757e+02 3.5605705694362581e+02 3.5633090421268906e+02 3.5618893134246065e+02 3.5640337641379313e+02 3.5620853534418524e+02 3.5634799478595357e+02 3.5612079502514899e+02 3.5614076455476885e+02 3.5592870545073606e+02 3.5574741840599609e+02 3.5564350391792709e+02 3.5508912533830323e+02 3.5520664975056178e+02
</DataArray>
        <DataArray type="Float64" format="ascii" Name="sigma3">
-1.1444312926008544e+02 -5.9968033619620947e+01 -1.6562727356888686e+02 -1.1976586482671762e+02 -1.8388606416778654e+02 -1.5000418658394906e+02 -1.9454455565395546e+02 -1.6376530549497124e+02 -1.9896047308804742e+02 -1.6704924409371199e+02 -1.9706311989179892e+02 -1.6086952510355798e+02 -1.8969353644906357e+02 -1.4301600910433604e+02 -1.7636001033085583e+02 -1.0149369203162220e+02 -1.3398718891968940e+02 -2.1714472139064693e+01 2.7977622216024165e+00 -1.3755466072571449e+00 -3.5788664396510711e+01 -3.1714429230636295e+01 -7.7161476085202253e+01 -6.3164089620088376e+01 -1.0116912127991839e+02 -8.1388254586977752e+01 -1.1005469463923326e+02 -8.5772299174256801e+01 -1.0568999285154749e+02 -7.6682869054856695e+01 -8.6546676314015954e+01 -5.2790109757563101e+01 -4.8239361398193665e+01 -1.7017546835596054e+01 -3.6093777153789723e+00 -1.4072473934072866e-01 1.6193308166952463e+00 9.0520940666516603e-01 -5.2617069788209161e+00 -5.7041988849923335e+00 -2.3648806850633587e+01 -1.8201763945305586e+01 -3.9493887955825244e+01 -2.7855754541790418e+01 -4.6186296569663938e+01 -3.0310074508115196e+01 -4.2461995678615963e+01 -2.4799529521693305e+01 -2.8810606054191975e+01 -1.3097314988534306e+01 -1.0306553509394741e+01 -2.1985154038810339e+00 1.2648475563141259e+00 2.5717050671916702e-01 4.3093573081382686e-01 7.6737632719412707e-01 1.2111820191933418e+00 3.1903099696509125e+00 -5.6177260229269621e-01 4.9874587003761190e+00 -3.4641482831636581e+00 5.7114577813770895e+00 -4.8764552491038549e+00 6.0182573954434559e+00 -3.8107056691995704e+00 6.0188148694508925e+00 -1.0259256187018548e+00 5.0032181772261239e+00 1.0955240014379952e+00 2.3087733372923509e+00 8.2747040640492320e-01 2.5449310965835142e-01 4.1714478529635929e-01 1.4054416770781395e+00 5.1431491634854263e+00 1.0996547691110989e+01 1.4375992606561304e+01 2.4494183969011210e+01 2.2642264039222841e+01 3.4608819930485019e+01 2.6510834795799926e+01 3.7582648619942432e+01 2.4925216262846799e+01 3.2536341255990031e+01 1.8145658970032986e+01 2.0753594457281952e+01 8.4822981967029918e+00 7.2147590689593661e+00 1.3053185392779589e+00 4.2277047849522498e-01 9.3014463284687554e-01 3.5188914459376792e+00 1.2477496723595443e+01 2.6070629118313263e+01 3.4897605973510025e+01 5.4345672176652208e+01 5.4586119031387668e+01 7.4274896130800371e+01 6.3554981701001196e+01 7.9872878124819309e+01 5.9600935206313636e+01 7.0134569362560853e+01 4.3622734926947075e+01 4.6910000973857187e+01 2.0821706306571393e+01 1.7985523061409566e+01 3.1446633238057435e+00 7.6296789379921570e-01 2.5963608596659968e+00 1.0867673557023766e+01 3.0387741732223851e+01 6.0744259100787694e+01 7.4373564993203189e+01 1.0904376740983554e+02 1.0686080807986102e+02 1.3810983091579993e+02 1.2039302802907423e+02 1.4561956904353690e+02 1.1438012159528711e+02 1.3222146815112390e+02 8.9221048289593227e+01 9.7737912248116288e+01 4.8512345496720904e+01 4.5870196123846164e+01 8.9003909482216095e+00 2.3433180567793350e+00 9.7860626580651608e+00 4.7744844966656785e+01 7.9396163442227106e+01 1.3868295499960482e+02 1.5044828924544794e+02 2.0342788676863620e+02 1.9053103523284614e+02 2.3265169906860095e+02 2.0520669030141818e+02 2.3943103455755985e+02 1.9847663732797881e+02 2.2626827445622712e+02 1.6911011230078239e+02 1.8950673547751623e+02 1.1238508270034485e+02 1.2063040707195503e+02 3.3368325645808149e+01 2.1950879119362206e+01 5.2511351291937231e+01 2.5748844653770419e+02 2.1773514989377580e+02 3.0360908830021299e+02 2.7724075037319716e+02 3.3411136022273632e+02 3.0423576442509500e+02 3.4862848044235216e+02 3.1354842770553273e+02 3.5181904584337047e+02 3.0879963186672995e+02 3.4473138357643410e+02 2.8822489456285774e+02 3.2438222866472574e+02 2.4262732044189679e+02 2.8049812932098041e+02 1.5182596407304331e+02 2.1608112498729182e+02 7.9314011248643084e+01 5.7315181369889899e+01 9.0533615932532456e+01 7.7907226598264927e+01 8.9257726837970324e+01 8.2536047160103095e+01 8.7171048366815512e+01 8.2814592356906829e+01 8.6348282221984320e+01 8.2831348706152824e+01 8.7156679928706751e+01 8.3539773927698207e+01 8.9647255273306598e+01 8.4066898211010610e+01 9.2444385799921349e+01 7.7083769036583263e+01 9.9159065565800347e+01 2.0973136924765551e+01 3.3592272110892236e+00 7.2844833507982756e+00 4.1784347279913774e+01 3.7633066509466509e+01 6.3756055550559026e+01 5.8210652248185184e+01 7.2199637925492738e+01 6.7280698833073771e+01 7.4443993299917935e+01 6.9485017596063130e+01 7.3885011755075396e+01 6.6548189781365423e+01 6.9037926558481999e+01 5.3798358428714749e+01 4.9235204575281550e+01 2.1147399917307069e+01 8.5621556872001836e+00 1.4631175351628734e+00 -1.9968906518900411e+00 8.7884900795642346e-02 1.1452040792866802e+01 1.3374957162922680e+01 3.4112212753343861e+01 3.2331596078329554e+01 5.0398929035252863e+01 4.5861058920613765e+01 5.6972127705177108e+01 4.9669552046419881e+01 5.3991763602094501e+01 4.2105890815177496e+01 3.9341976127113689e+01 2.3396753997932446e+01 1.6156252774437423e+01 6.4142580466800458e+00 8.7086825419011449e-01 3.6835265749961038e-01 -2.1546907427016590e-01 1.7874933725095732e-01 2.8861400320112174e+00 4.3972152469802950e+00 1.4452835050293924e+01 1.4140568313926350e+01 2.7543174530123679e+01 2.3526833366224704e+01 3.3982078208193371e+01 2.5869672437939311e+01 2.9806545157346434e+01 1.9206723115514627e+01 1.7434614847868758e+01 9.2144433799475500e+00 5.9012782591476274e+00 2.6741484493577690e+00 6.1841869980550879e-01 1.6768799626583647e-01 1.7683379949218417e-01 1.5816829511869351e-01 8.3656813316638556e-01 8.7451869195164755e-01 4.2277835596814093e+00 3.1322020343027233e+00 9.4865494329277471e+00 5.7988653045660605e+00 1.2240953739104693e+01 6.2281170791093086e+00 1.0080884444897524e+01 4.2439833433263239e+00 5.4648794451833735e+00 2.0036063587993298e+00 1.9543010548839368e+00 6.2973020244038824e-01 2.9484785343791770e-01 3.6435909343644022e-03 3.1790062010900677e-02 -1.8613931910145723e-01 -4.7980173398447556e-01 -1.4289026255010575e+00 -1.4605678635631567e+00 -3.3792921245819114e+00 -2.1074577215895491e+00 -4.9832743485586422e+00 -2.3405555970679983e+00 -5.4057534857675096e+00 -2.2190188238735704e+00 -4.3932112879339122e+00 -1.5478187923231288e+00 -2.5395651875593979e+00 -6.5184279365590947e-01 -8.9326092980363359e-01 -9.8717094427197602e-02 -1.2429630138995156e-01 -1.4487258320424576e-01 -5.4223246161981742e-01 -1.6793598207929712e+00 -3.0123605325364289e+00 -4.7530571029283539e+00 -6.6828242165428398e+00 -7.9678214749406431e+00 -9.7644951948570444e+00 -9.4816059996551125e+00 -1.0505300511151573e+01 -8.4476201583869805e+00 -8.5822716618886936e+00 -5.5880490881813456e+00 -5.1522752034715147e+00 -2.4645234619735668e+00 -1.9030170130469537e+00 -4.1447796183212315e-01 -1.8656271547080228e-01 -2.4586238974521402e-01 -7.5274683381669916e-01 -2.3882867933025627e+00 -3.7407126851242212e+00 -6.1813783372414930e+00 -7.6829049817507462e+00 -9.8647691306798784e+00 -1.0712814375229227e+01 -1.1588561774222081e+01 -1.1488666423025862e+01 -1.0554616677411975e+01 -9.7308076326057069e+00 -7.3498362497628307e+00 -6.2235620129732974e+00 -3.4617282332442318e+00 -2.4581913768825605e+00 -6.0684671627930964e-01 -1.9429415237540693e-01 -2.5977173719757535e-01 -8.8596888137670449e-01 -2.7097287719345258e+00 -4.0448956608743973e+00 -6.3651641594283701e+00 -7.2649721928281110e+00 -9.3827935985273374e+00 -9.4251571203510114e+00 -1.0759435540347599e+01 -1.0025651824291012e+01 -1.0084062725672837e+01 -8.9157873866846753e+00 -7.5533941687985742e+00 -6.3228643875205792e+00 -3.9990574503440595e+00 -3.0139236523898343e+00 -8.7235919817208940e-01 -4.1356886355041433e-01
</DataArray>
        <DataArray type="Float64" format="ascii" Name="PlasticStrain" NumberOfComponents="9">
-3.1482326607247866e-04 2.4317035463349736e-05 0.0000000000000000e+00 2.4317035463349736e-05 3.8274673696255272e-04 0.0000000000000000e+00 0.0000000000000000e+00 0.0000000000000000e+00 -6.7923470890074065e-05 0.0000000000000000e+00 0.0000000000000000e+00 0.0000000000000000e+00 0.0000000000000000e+00 0.0000000000000000e+00 0.0000000000000000e+00 0.0000000000000000e+00 0.0000000000000000e+00 0.0000000000000000e+00 0.0000000000000000e+00 0.0000000000000000e+00 0.0000000000000000e+00 0.0000000000000000e+00 0.0000000000000000e+00 0.0000000000000000e+00 0.0000000000000000e+00 0.0000000000000000e+00 0.0000000000000000e+00 0.0000000000000000e+00 0.0000000000000000e+00 0.0000000000000000e+00 0.0000000000000000e+00 0.0000000000000000e+00 0.0000000000000000e+00 0.0000000000000000e+00 0.0000000000000000e+00 0.0000000000000000e+00 0.0000000000000000e+00 0.0000000000000000e+00 0.0000000000000000e+00 0.0000000000000000e+00 0.0000000000000000e+00 0.0000000000000000e+00 0.0000000000000000e+00 0.0000000000000000e+00 0.0000000000000000e+00 0.0000000000000000e+00 0.0000000000000000e+00 0.0000000000000000e+00 0.0000000000000000e+00 0.0000000000000000e+00 0.0000000000000000e+00 0.0000000000000000e+00 0.0000000000000000e+00 0.0000000000000000e+00 0.0000000000000000e+00 0.0000000000000000e+00 0.0000000000000000e+00 0.0000000000000000e+00 0.0000000000000000e+00 0.0000000000000000e+00 0.0000000000000000e+00 0.0000000000000000e+00 0.0000000000000000e+00 0.0000000000000000e+00 0.0000000000000000e+00 0.0000000000000000e+00 0.0000000000000000e+00 0.0000000000000000e+00 0.0000000000000000e+00 0.0000000000000000e+00 0.0000000000000000e+00 0.0000000000000000e+00 0.0000000000000000e+00 0.0000000000000000e+00 0.0000000000000000e+00 0.0000000000000000e+00 0.0000000000000000e+00 0.0000000000000000e+00 0.0000000000000000e+00 0.0000000000000000e+00 0.0000000000000000e+00 0.0000000000000000e+00 0.0000000000000000e+00 0.0000000000000000e+00 0.0000000000000000e+00 0.0000000000000000e+00 0.0000000000000000e+00 0.0000000000000000e+00 0.0000000000000000e+00 0.0000000000000000e+00 0.0000000000000000e+00 0.0000000000000000e+00 0.0000000000000000e+00 0.0000000000000000e+00 0.0000000000000000e+00 0.0000000000000000e+00 0.0000000000000000e+00 0.0000000000000000e+00 0.0000000000000000e+00 0.0000000000000000e+00 0.0000000000000000e+00 0.0000000000000000e+00 0.0000000000000000e+00 0.0000000000000000e+00 0.0000000000000000e+00 0.0000000000000000e+00 0.0000000000000000e+00 0.0000000000000000e+00 0.0000000000000000e+00 0.0000000000000000e+00 0.0000000000000000e+00 0.0000000000000000e+00 0.0000000000000000e+00 0.0000000000000000e+00 0.0000000000000000e+00 0.0000000000000000e+00 0.0000000000000000e+00 0.0000000000000000e+00 0.0000000000000000e+00 0.0000000000000000e+00 0.0000000000000000e+00 0.0000000000000000e+00 0.0000000000000000e+00 0.0000000000000000e+00 0.0000000000000000e+00 0.0000000000000000e+00 0.0000000000000000e+00 0.0000000000000000e+00 0.0000000000000000e+00 0.0000000000000000e+00 0.0000000000000000e+00 0.0000000000000000e+00 0.0000000000000000e+00 0.0000000000000000e+00 0.0000000000000000e+00 0.0000000000000000e+00 0.0000000000000000e+00 0.0000000000000000e+00 0.0000000000000000e+00 0.0000000000000000e+00 0.0000000000000000e+00 0.0000000000000000e+00 0.0000000000000000e+00 0.0000000000000000e+00 0.0000000000000000e+00 0.0000000000000000e+00 0.0000000000000000e+00 0.0000000000000000e+00 0.0000000000000000e+00 0.0000000000000000e+00 0.0000000000000000e+00 0.0000000000000000e+00 0.0000000000000000e+00 0.0000000000000000e+00 0.0000000000000000e+00 0.0000000000000000e+00 0.0000000000000000e+00 0.0000000000000000e+00 0.0000000000000000e+00 0.0000000000000000e+00 0.0000000000000000e+00 0.0000000000000000e+00 0.0000000000000000e+00 0.0000000000000000e+00 0.0000000000000000e+00 0.0000000000000000e+00 0.0000000000000000e+00 0.0000000000000000e+00 0.0000000000000000e+00 0.0000000000000000e+00 0.0000000000000000e+00 0.0000000000000000e+00 0.0000000000000000e+00 0.0000000000000000e+00 0.0000000000000000e+00 0.0000000000000000e+00 0.0000000000000000e+00 0.0000000000000000e+00 0.0000000000000000e+00 0.0000000000000000e+00 0.0000000000000000e+00 0.0000000000000000e+00 0.0000000000000000e+00 0.0000000000000000e+00 0.0000000000000000e+00 0.0000000000000000e+00 0.0000000000000000e+00 0.0000000000000000e+00 0.0000000000000000e+00 0.0000000000000000e+00 0.0000000000000000e+00 0.0000000000000000e+00 0.0000000000000000e+00 0.0000000000000000e+00 0.0000000000000000e+00 0.0000000000000000e+00 0.0000000000000000e+00 0.0000000000000000e+00 0.0000000000000000e+00 0.0000000000000000e+00 0.0000000000000000e+00 0.0000000000000000e+00 0.0000000000000000e+00 0.0000000000000000e+00 0.0000000000000000e+00 0.0000000000000000e+00 0.0000000000000000e+00 0.0000000000000000e+00 0.0000000000000000e+00 0.0000000000000000e+00 0.0000000000000000e+00 0.0000000000000000e+00 0.0000000000000000e+00 0.0000000000000000e+00 0.0000000000000000e+00 0.0000000000000000e+00 0.0000000000000000e+00 0.0000000000000000e+00 0.0000000000000000e+00 0.0000000000000000e+00 0.0000000000000000e+00 0.0000000000000000e+00 0.0000000000000000e+00 0.0000000000000000e+00 0.0000000000000000e+00 0.0000000000000000e+00 0.0000000000000000e+00 0.0000000000000000e+00 0.0000000000000000e+00 0.0000000000000000e+00 0.0000000000000000e+00 0.0000000000000000e+00 0.0000000000000000e+00 0.0000000000000000e+00 0.0000000000000000e+00 0.0000000000000000e+00 0.0000000000000000e+00 0.0000000000000000e+00 0.0000000000000000e+00 0.0000000000000000e+00 0.0000000000000000e+00 0.0000000000000000e+00 0.0000000000000000e+00 0.0000000000000000e+00 0.0000000000000000e+00 0.0000000000000000e+00 0.0000000000000000e+00 0.0000000000000000e+00 0.0000000000000000e+00 0.0000000000000000e+00 0.0000000000000000e+00 0.0000000000000000e+00 0.0000000000000000e+00 0.0000000000000000e+00 0.0000000000000000e+00 0.0000000000000000e+00 0.0000000000000000e+00 0.0000000000000000e+00 0.0000000000000000e+00 0.0000000000000000e+00 0.0000000000000000e+00 0.0000000000000000e+00 0.0000000000000000e+00 0.0000000000000000e+00 0.0000000000000000e+00 0.0000000000000000e+00 0.0000000000000000e+00 0.0000000000000000e+00 0.0000000000000000e+00 0.0000000000000000e+00 0.0000000000000000e+00 0.0000000000000000e+00 0.0000000000000000e+00 0.0000000000000000e+00 0.0000000000000000e+00 0.0000000000000000e+00 0.0000000000000000e+00 0.0000000000000000e+00 0.0000000000000000e+00 0.0000000000000000e+00 0.0000000000000000e+00 0.0000000000000000e+00 0.0000000000000000e+00 0.0000000000000000e+00 0.0000000000000000e+00 0.0000000000000000e+00 0.0000000000000000e+00 0.0000000000000000e+00 0.0000000000000000e+00 0.0000000000000000e+00 0.0000000000000000e+00 0.0000000000000000e+00 0.0000000000000000e+00 0.0000000000000000e+00 0.0000000000000000e+00 0.0000000000000000e+00 0.0000000000000000e+00 0.0000000000000000e+00 0.0000000000000000e+00 0.0000000000000000e+00 0.0000000000000000e+00 0.0000000000000000e+00 0.0000000000000000e+00 0.0000000000000000e+00 0.0000000000000000e+00 0.0000000000000000e+00 0.0000000000000000e+00 0.0000000000000000e+00 0.0000000000000000e+00 0.0000000000000000e+00 0.0000000000000000e+00 0.0000000000000000e+00 0.0000000000000000e+00 0.0000000000000000e+00 0.0000000000000000e+00 0.0000000000000000e+00 0.0000000000000000e+00 0.0000000000000000e+00 0.0000000000000000e+00 0.0000000000000000e+00 0.0000000000000000e+00 0.0000000000000000e+00 0.0000000000000000e+00 0.0000000000000000e+00 0.0000000000000000e+00 0.0000000000000000e+00 0.0000000000000000e+00 0.0000000000000000e+00 0.0000000000000000e+00 0.0000000000000000e+00 0.0000000000000000e+00 0.0000000000000000e+00 0.0000000000000000e+00 0.0000000000000000e+00 0.0000000000000000e+00 0.0000000000000000e+00 0.0000000000000000e+00 0.0000000000000000e+00 0.0000000000000000e+00 0.0000000000000000e+00 0.0000000000000000e+00 0.0000000000000000e+00 0.0000000000000000e+00 0.0000000000000000e+00 0.0000000000000000e+00 0.0000000000000000e+00 0.0000000000000000e+00 0.0000000000000000e+00 0.0000000000000000e+00 0.0000000000000000e+00 0.0000000000000000e+00 0.0000000000000000e+00 0.0000000000000000e+00 0.0000000000000000e+00 0.0000000000000000e+00 0.0000000000000000e+00 0.0000000000000000e+00 0.0000000000000000e+00 0.0000000000000000e+00 0.0000000000000000e+00 0.0000000000000000e+00 0.0000000000000000e+00 0.0000000000000000e+00 0.0000000000000000e+00 0.0000000000000000e+00 0.0000000000000000e+00 0.0000000000000000e+00 0.0000000000000000e+00 0.0000000000000000e+00 0.0000000000000000e+00 0.0000000000000000e+00 0.0000000000000000e+00 0.0000000000000000e+00 0.0000000000000000e+00 0.0000000000000000e+00 0.0000000000000000e+00 0.0000000000000000e+00 0.0000000000000000e+00 0.0000000000000000e+00 0.0000000000000000e+00 0.0000000000000000e+00 0.0000000000000000e+00 0.0000000000000000e+00 0.0000000000000000e+00 0.0000000000000000e+00 0.0000000000000000e+00 0.0000000000000000e+00 0.0000000000000000e+00 0.0000000000000000e+00 0.0000000000000000e+00 0.0000000000000000e+00 0.0000000000000000e+00 0.0000000000000000e+00 0.0000000000000000e+00 0.0000000000000000e+00 0.0000000000000000e+00 0.0000000000000000e+00 0.0000000000000000e+00 0.0000000000000000e+00 0.0000000000000000e+00 0.0000000000000000e+00 0.0000000000000000e+00 0.0000000000000000e+00 0.0000000000000000e+00 0.0000000000000000e+00 0.0000000000000000e+00 0.0000000000000000e+00 0.0000000000000000e+00 0.0000000000000000e+00 0.0000000000000000e+00 0.0000000000000000e+00 0.0000000000000000e+00 0.0000000000000000e+00 0.0000000000000000e+00 0.0000000000000000e+00 0.0000000000000000e+00 0.0000000000000000e+00 0.0000000000000000e+00 0.0000000000000000e+00 0.0000000000000000e+00 0.0000000000000000e+00 0.0000000000000000e+00 0.0000000000000000e+00 0.0000000000000000e+00 0.0000000000000000e+00 0.0000000000000000e+00 0.0000000000000000e+00 0.0000000000000000e+00 0.0000000000000000e+00 0.0000000000000000e+00 0.0000000000000000e+00 0.0000000000000000e+00 0.0000000000000000e+00 0.0000000000000000e+00 0.0000000000000000e+00 0.0000000000000000e+00 0.0000000000000000e+00 0.0000000000000000e+00 0.0000000000000000e+00 0.0000000000000000e+00 0.0000000000000000e+00 0.0000000000000000e+00 0.0000000000000000e+00 0.0000000000000000e+00 0.0000000000000000e+00 0.0000000000000000e+00 0.0000000000000000e+00 0.0000000000000000e+00 0.0000000000000000e+00 0.0000000000000000e+00 0.0000000000000000e+00 0.0000000000000000e+00 0.0000000000000000e+00 0.0000000000000000e+00 0.0000000000000000e+00 0.0000000000000000e+00 0.0000000000000000e+00 0.0000000000000000e+00 0.0000000000000000e+00 0.0000000000000000e+00 0.0000000000000000e+00 0.0000000000000000e+00 0.0000000000000000e+00 0.0000000000000000e+00 0.0000000000000000e+00 0.0000000000000000e+00 0.0000000000000000e+00 0.0000000000000000e+00 0.0000000000000000e+00 0.0000000000000000e+00 0.0000000000000000e+00 0.0000000000000000e+00 0.0000000000000000e+00 0.0000000000000000e+00 0.0000000000000000e+00 0.0000000000000000e+00 0.0000000000000000e+00 0.0000000000000000e+00 0.0000000000000000e+00 0.0000000000000000e+00 0.0000000000000000e+00 0.0000000000000000e+00 0.0000000000000000e+00 0.0000000000000000e+00 0.0000000000000000e+00 0.0000000000000000e+00 0.0000000000000000e+00 0.0000000000000000e+00 0.0000000000000000e+00 0.0000000000000000e+00 0.0000000000000000e+00 0.0000000000000000e+00 0.0000000000000000e+00 0.0000000000000000e+00 0.0000000000000000e+00 0.0000000000000000e+00 0.0000000000000000e+00 0.0000000000000000e+00 0.0000000000000000e+00 0.0000000000000000e+00 0.0000000000000000e+00 0.0000000000000000e+00 0.0000000000000000e+00 0.0000000000000000e+00 0.0000000000000000e+00 0.0000000000000000e+00 0.0000000000000000e+00 0.0000000000000000e+00 0.0000000000000000e+00 0.0000000000000000e+00 0.0000000000000000e+00 0.0000000000000000e+00 0.0000000000000000e+00 0.0000000000000000e+00 0.0000000000000000e+00 0.0000000000000000e+00 0.0000000000000000e+00 0.0000000000000000e+00 0.0000000000000000e+00 0.0000000000000000e+00 0.0000000000000000e+00 0.0000000000000000e+00 0.0000000000000000e+00 0.0000000000000000e+00 0.0000000000000000e+00 0.0000000000000000e+00 0.0000000000000000e+00 0.0000000000000000e+00 0.0000000000000000e+00 0.0000000000000000e+00 0.0000000000000000e+00 0.0000000000000000e+00 0.0000000000000000e+00 0.0000000000000000e+00 0.0000000000000000e+00 0.0000000000000000e+00 0.0000000000000000e+00 0.0000000000000000e+00 0.0000000000000000e+00 0.0000000000000000e+00 0.0000000000000000e+00 0.0000000000000000e+00 0.0000000000000000e+00 0.0000000000000000e+00 0.0000000000000000e+00 0.0000000000000000e+00 0.0000000000000000e+00 0.0000000000000000e+00 0.0000000000000000e+00 0.0000000000000000e+00 0.0000000000000000e+00 0.0000000000000000e+00 0.0000000000000000e+00 0.0000000000000000e+00 0.0000000000000000e+00 0.0000000000000000e+00 0.0000000000000000e+00 0.0000000000000000e+00 0.0000000000000000e+00 0.0000000000000000e+00 0.0000000000000000e+00 0.0000000000000000e+00 0.0000000000000000e+00 0.0000000000000000e+00 0.0000000000000000e+00 0.0000000000000000e+00 0.0000000000000000e+00 0.0000000000000000e+00 0.0000000000000000e+00 0.0000000000000000e+00 0.0000000000000000e+00 0.0000000000000000e+00 0.0000000000000000e+00 0.0000000000000000e+00 0.0000000000000000e+00 0.0000000000000000e+00 0.0000000000000000e+00 0.0000000000000000e+00 0.0000000000000000e+00 0.0000000000000000e+00 0.0000000000000000e+00 0.0000000000000000e+00 0.0000000000000000e+00 0.0000000000000000e+00 0.0000000000000000e+00 0.0000000000000000e+00 0.0000000000000000e+00 0.0000000000000000e+00 0.0000000000000000e+00 0.0000000000000000e+00 0.0000000000000000e+00 0.0000000000000000e+00 0.0000000000000000e+00 0.0000000000000000e+00 0.0000000000000000e+00 0.0000000000000000e+00 0.0000000000000000e+00 0.0000000000000000e+00 0.0000000000000000e+00 0.0000000000000000e+00 0.0000000000000000e+00 0.0000000000000000e+00 0.0000000000000000e+00 0.0000000000000000e+00 0.0000000000000000e+00 0.0000000000000000e+00 0.0000000000000000e+00 0.0000000000000000e+00 0.0000000000000000e+00 0.0000000000000000e+00 0.0000000000000000e+00 0.0000000000000000e+00 0.0000000000000000e+00 0.0000000000000000e+00 0.0000000000000000e+00 0.0000000000000000e+00 0.0000000000000000e+00 0.0000000000000000e+00 0.0000000000000000e+00 0.0000000000000000e+00 0.0000000000000000e+00 0.0000000000000000e+00 0.0000000000000000e+00 0.0000000000000000e+00 0.0000000000000000e+00 0.0000000000000000e+00 0.0000000000000000e+00 0.0000000000000000e+00 0.0000000000000000e+00 0.0000000000000000e+00 0.0000000000000000e+00 0.0000000000000000e+00 0.0000000000000000e+00 0.0000000000000000e+00 0.0000000000000000e+00 0.0000000000000000e+00 0.0000000000000000e+00 0.0000000000000000e+00 0.0000000000000000e+00 0.0000000000000000e+00 0.0000000000000000e+00 0.0000000000000000e+00 0.0000000000000000e+00 0.0000000000000000e+00 0.0000000000000000e+00 0.0000000000000000e+00 0.0000000000000000e+00 0.0000000000000000e+00 0.0000000000000000e+00 0.0000000000000000e+00 0.0000000000000000e+00 0.0000000000000000e+00 0.0000000000000000e+00 0.0000000000000000e+00 0.0000000000000000e+00 0.0000000000000000e+00 0.0000000000000000e+00 0.0000000000000000e+00 0.0000000000000000e+00 0.0000000000000000e+00 0.0000000000000000e+00 0.0000000000000000e+00 0.0000000000000000e+00 0.0000000000000000e+00 0.0000000000000000e+00 0.0000000000000000e+00 0.0000000000000000e+00 0.0000000000000000e+00 0.0000000000000000e+00 0.0000000000000000e+00 0.0000000000000000e+00 0.0000000000000000e+00 0.0000000000000000e+00 0.0000000000000000e+00 0.0000000000000000e+00 0.0000000000000000e+00 0.0000000000000000e+00 0.0000000000000000e+00 0.0000000000000000e+00 0.0000000000000000e+00 0.0000000000000000e+00 0.0000000000000000e+00 0.0000000000000000e+00 0.0000000000000000e+00 0.0000000000000000e+00 0.0000000000000000e+00 0.0000000000000000e+00 0.0000000000000000e+00 0.0000000000000000e+00 0.0000000000000000e+00 0.0000000000000000e+00 0.0000000000000000e+00 0.0000000000000000e+00 0.0000000000000000e+00 0.0000000000000000e+00 0.0000000000000000e+00 0.0000000000000000e+00 0.0000000000000000e+00 0.0000000000000000e+00 0.0000000000000000e+00 0.0000000000000000e+00 0.0000000000000000e+00 0.0000000000000000e+00 0.0000000000000000e+00 0.0000000000000000e+00 0.0000000000000000e+00 0.0000000000000000e+00 0.0000000000000000e+00 0.0000000000000000e+00 0.0000000000000000e+00 0.0000000000000000e+00 0.0000000000000000e+00 0.0000000000000000e+00 0.0000000000000000e+00 0.0000000000000000e+00 0.0000000000000000e+00 0.0000000000000000e+00 0.0000000000000000e+00 0.0000000000000000e+00 0.0000000000000000e+00 0.0000000000000000e+00 0.0000000000000000e+00 0.0000000000000000e+00 0.0000000000000000e+00 0.0000000000000000e+00 0.0000000000000000e+00 0.0000000000000000e+00 0.0000000000000000e+00 0.0000000000000000e+00 0.0000000000000000e+00 0.0000000000000000e+00 0.0000000000000000e+00 0.0000000000000000e+00 0.0000000000000000e+00 0.0000000000000000e+00 0.0000000000000000e+00 0.0000000000000000e+00 0.0000000000000000e+00 0.0000000000000000e+00 0.0000000000000000e+00 0.0000000000000000e+00 0.0000000000000000e+00 0.0000000000000000e+00 0.0000000000000000e+00 0.0000000000000000e+00 0.0000000000000000e+00 0.0000000000000000e+00 0.0000000000000000e+00 0.0000000000000000e+00 0.0000000000000000e+00 0.0000000000000000e+00 0.0000000000000000e+00 0.0000000000000000e+00 0.0000000000000000e+00 0.0000000000000000e+00 0.0000000000000000e+00 0.0000000000000000e+00 0.0000000000000000e+00 0.0000000000000000e+00 0.0000000000000000e+00 0.0000000000000000e+00 0.0000000000000000e+00 0.0000000000000000e+00 0.0000000000000000e+00 0.0000000000000000e+00 0.0000000000000000e+00 0.0000000000000000e+00 0.0000000000000000e+00 0.0000000000000000e+00 0.0000000000000000e+00 0.0000000000000000e+00 0.0000000000000000e+00 0.0000000000000000e+00 0.0000000000000000e+00 0.0000000000000000e+00 0.0000000000000000e+00 0.0000000000000000e+00 0.0000000000000000e+00 0.0000000000000000e+00 0.0000000000000000e+00 0.0000000000000000e+00 0.0000000000000000e+00 0.0000000000000000e+00 0.0000000000000000e+00 0.0000000000000000e+00 0.0000000000000000e+00 0.0000000000000000e+00 0.0000000000000000e+00 0.0000000000000000e+00 0.0000000000000000e+00 0.0000000000000000e+00 0.0000000000000000e+00 0.0000000000000000e+00 0.0000000000000000e+00 0.0000000000000000e+00 0.0000000000000000e+00 0.0000000000000000e+00 0.0000000000000000e+00 0.0000000000000000e+00 0.0000000000000000e+00 0.0000000000000000e+00 0.0000000000000000e+00 0.0000000000000000e+00 0.0000000000000000e+00 0.0000000000000000e+00 0.0000000000000000e+00 0.0000000000000000e+00 0.0000000000000000e+00 0.0000000000000000e+00 0.0000000000000000e+00 0.0000000000000000e+00 0.0000000000000000e+00 0.0000000000000000e+00 0.0000000000000000e+00 0.0000000000000000e+00 0.0000000000000000e+00 0.0000000000000000e+00 0.0000000000000000e+00 0.0000000000000000e+00 0.0000000000000000e+00 0.0000000000000000e+00 0.0000000000000000e+00 0.0000000000000000e+00 0.0000000000000000e+00 0.0000000000000000e+00 0.0000000000000000e+00 0.0000000000000000e+00 0.0000000000000000e+00 0.0000000000000000e+00 0.0000000000000000e+00 0.0000000000000000e+00 0.0000000000000000e+00 0.0000000000000000e+00 0.0000000000000000e+00 0.0000000000000000e+00 0.0000000000000000e+00 0.0000000000000000e+00 0.0000000000000000e+00 0.0000000000000000e+00 0.0000000000000000e+00 0.0000000000000000e+00 0.0000000000000000e+00 0.0000000000000000e+00 0.0000000000000000e+00 0.0000000000000000e+00 0.0000000000000000e+00 0.0000000000000000e+00 0.0000000000000000e+00 0.0000000000000000e+00 0.0000000000000000e+00 0.0000000000000000e+00 0.0000000000000000e+00 0.0000000000000000e+00 0.0000000000000000e+00 0.0000000000000000e+00 0.0000000000000000e+00 0.0000000000000000e+00 0.0000000000000000e+00 0.0000000000000000e+00 0.0000000000000000e+00 0.0000000000000000e+00 0.0000000000000000e+00 0.0000000000000000e+00 0.0000000000000000e+00 0.0000000000000000e+00 0.0000000000000000e+00 0.0000000000000000e+00 0.0000000000000000e+00 0.0000000000000000e+00 0.0000000000000000e+00 0.0000000000000000e+00 0.0000000000000000e+00 0.0000000000000000e+00 0.0000000000000000e+00 0.0000000000000000e+00 0.0000000000000000e+00 0.0000000000000000e+00 0.0000000000000000e+00 0.0000000000000000e+00 0.0000000000000000e+00 0.0000000000000000e+00 0.0000000000000000e+00 0.0000000000000000e+00 0.0000000000000000e+00 0.0000000000000000e+00 0.0000000000000000e+00 0.0000000000000000e+00 0.0000000000000000e+00 0.0000000000000000e+00 0.0000000000000000e+00 0.0000000000000000e+00 0.0000000000000000e+00 0.0000000000000000e+00 0.0000000000000000e+00 0.0000000000000000e+00 0.0000000000000000e+00 0.0000000000000000e+00 0.0000000000000000e+00 0.0000000000000000e+00 0.0000000000000000e+00 0.0000000000000000e+00 0.0000000000000000e+00 0.0000000000000000e+00 0.0000000000000000e+00 0.0000000000000000e+00 0.0000000000000000e+00 0.0000000000000000e+00 0.0000000000000000e+00 0.0000000000000000e+00 0.0000000000000000e+00 0.0000000000000000e+00 0.0000000000000000e+00 0.0000000000000000e+00 0.0000000000000000e+00 0.0000000000000000e+00 0.0000000000000000e+00 0.0000000000000000e+00 0.0000000000000000e+00 0.0000000000000000e+00 0.0000000000000000e+00 0.0000000000000000e+00 0.0000000000000000e+00 0.0000000000000000e+00 0.0000000000000000e+00 0.0000000000000000e+00 0.0000000000000000e+00 0.0000000000000000e+00 0.0000000000000000e+00 0.0000000000000000e+00 0.0000000000000000e+00 0.0000000000000000e+00 0.0000000000000000e+00 0.0000000000000000e+00 0.0000000000000000e+00 0.0000000000000000e+00 0.0000000000000000e+00 0.0000000000000000e+00 0.0000000000000000e+00 0.0000000000000000e+00 0.0000000000000000e+00 0.0000000000000000e+00 0.0000000000000000e+00 0.0000000000000000e+00 0.0000000000000000e+00 0.0000000000000000e+00 0.0000000000000000e+00 0.0000000000000000e+00 0.0000000000000000e+00 0.0000000000000000e+00 0.0000000000000000e+00 0.0000000000000000e+00 0.0000000000000000e+00 0.0000000000000000e+00 0.0000000000000000e+00 0.0000000000000000e+00 0.0000000000000000e+00 0.0000000000000000e+00 0.0000000000000000e+00 0.0000000000000000e+00 0.0000000000000000e+00 0.0000000000000000e+00 0.0000000000000000e+00 0.0000000000000000e+00 0.0000000000000000e+00 0.0000000000000000e+00 0.0000000000000000e+00 0.0000000000000000e+00 0.0000000000000000e+00 0.0000000000000000e+00 0.0000000000000000e+00 0.0000000000000000e+00 0.0000000000000000e+00 0.0000000000000000e+00 0.0000000000000000e+00 0.0000000000000000e+00 0.0000000000000000e+00 0.0000000000000000e+00 0.0000000000000000e+00 0.0000000000000000e+00 0.0000000000000000e+00 0.0000000000000000e+00 0.0000000000000000e+00 0.0000000000000000e+00 0.0000000000000000e+00 0.0000000000000000e+00 0.0000000000000000e+00 0.0000000000000000e+00 0.0000000000000000e+00 0.0000000000000000e+00 0.0000000000000000e+00 0.0000000000000000e+00 0.0000000000000000e+00 0.0000000000000000e+00 0.0000000000000000e+00 0.0000000000000000e+00 0.0000000000000000e+00 0.0000000000000000e+00 0.0000000000000000e+00 0.0000000000000000e+00 0.0000000000000000e+00 0.0000000000000000e+00 0.0000000000000000e+00 0.0000000000000000e+00 0.0000000000000000e+00 0.0000000000000000e+00 0.0000000000000000e+00 0.0000000000000000e+00 0.0000000000000000e+00 0.0000000000000000e+00 0.0000000000000000e+00 0.0000000000000000e+00 0.0000000000000000e+00 0.0000000000000000e+00 0.0000000000000000e+00 0.0000000000000000e+00 0.0000000000000000e+00 0.0000000000000000e+00 0.0000000000000000e+00 0.0000000000000000e+00 0.0000000000000000e+00 0.0000000000000000e+00 0.0000000000000000e+00 0.0000000000000000e+00 0.0000000000000000e+00 0.0000000000000000e+00 0.0000000000000000e+00 0.0000000000000000e+00 0.0000000000000000e+00 0.0000000000000000e+00 0.0000000000000000e+00 0.0000000000000000e+00 0.0000000000000000e+00 0.0000000000000000e+00 0.0000000000000000e+00 0.0000000000000000e+00 0.0000000000000000e+00 0.0000000000000000e+00 0.0000000000000000e+00 0.0000000000000000e+00 0.0000000000000000e+00 0.0000000000000000e+00 0.0000000000000000e+00 0.0000000000000000e+00 0.0000000000000000e+00 0.0000000000000000e+00 0.0000000000000000e+00 0.0000000000000000e+00 0.0000000000000000e+00 0.0000000000000000e+00 0.0000000000000000e+00 0.0000000000000000e+00 0.0000000000000000e+00 0.0000000000000000e+00 0.0000000000000000e+00 0.0000000000000000e+00 0.0000000000000000e+00 0.0000000000000000e+00 0.0000000000000000e+00 0.0000000000000000e+00 0.0000000000000000e+00 0.0000000000000000e+00 0.0000000000000000e+00 0.0000000000000000e+00 0.0000000000000000e+00 0.0000000000000000e+00 0.0000000000000000e+00 0.0000000000000000e+00 0.0000000000000000e+00 0.0000000000000000e+00 0.0000000000000000e+00 0.0000000000000000e+00 0.0000000000000000e+00 0.0000000000000000e+00 0.0000000000000000e+00 0.0000000000000000e+00 0.0000000000000000e+00 0.0000000000000000e+00 0.0000000000000000e+00 0.0000000000000000e+00 0.0000000000000000e+00 0.0000000000000000e+00 0.0000000000000000e+00 0.0000000000000000e+00 0.0000000000000000e+00 0.0000000000000000e+00 0.0000000000000000e+00 0.0000000000000000e+00 0.0000000000000000e+00 0.0000000000000000e+00 0.0000000000000000e+00 0.0000000000000000e+00 0.0000000000000000e+00 0.0000000000000000e+00 0.0000000000000000e+00 0.0000000000000000e+00 0.0000000000000000e+00 0.0000000000000000e+00 0.0000000000000000e+00 0.0000000000000000e+00 0.0000000000000000e+00 0.0000000000000000e+00 0.0000000000000000e+00 0.0000000000000000e+00 0.0000000000000000e+00 0.0000000000000000e+00 0.0000000000000000e+00 0.0000000000000000e+00 0.0000000000000000e+00 0.0000000000000000e+00 0.0000000000000000e+00 0.0000000000000000e+00 0.0000000000000000e+00 0.0000000000000000e+00 0.0000000000000000e+00 0.0000000000000000e+00 0.0000000000000000e+00 0.0000000000000000e+00 0.0000000000000000e+00 0.0000000000000000e+00 0.0000000000000000e+00 0.0000000000000000e+00 0.0000000000000000e+00 0.0000000000000000e+00 0.0000000000000000e+00 0.0000000000000000e+00 0.0000000000000000e+00 0.0000000000000000e+00 0.0000000000000000e+00 0.0000000000000000e+00 0.0000000000000000e+00 0.0000000000000000e+00 0.0000000000000000e+00 0.0000000000000000e+00 0.0000000000000000e+00 0.0000000000000000e+00 0.0000000000000000e+00 0.0000000000000000e+00 0.0000000000000000e+00 0.0000000000000000e+00 0.0000000000000000e+00 0.0000000000000000e+00 0.0000000000000000e+00 0.0000000000000000e+00 0.0000000000000000e+00 0.0000000000000000e+00 0.0000000000000000e+00 0.0000000000000000e+00 0.0000000000000000e+00 0.0000000000000000e+00 0.0000000000000000e+00 0.0000000000000000e+00 0.0000000000000000e+00 0.0000000000000000e+00 0.0000000000000000e+00 0.0000000000000000e+00 0.0000000000000000e+00 0.0000000000000000e+00 0.0000000000000000e+00 0.0000000000000000e+00 0.0000000000000000e+00 0.0000000000000000e+00 0.0000000000000000e+00 0.0000000000000000e+00 0.0000000000000000e+00 0.0000000000000000e+00 0.0000000000000000e+00 0.0000000000000000e+00 0.0000000000000000e+00 0.0000000000000000e+00 0.0000000000000000e+00 0.0000000000000000e+00 0.0000000000000000e+00 0.0000000000000000e+00 0.0000000000000000e+00 0.0000000000000000e+00 0.0000000000000000e+00 0.0000000000000000e+00 0.0000000000000000e+00 0.0000000000000000e+00 0.0000000000000000e+00 0.0000000000000000e+00 0.0000000000000000e+00 0.0000000000000000e+00 0.0000000000000000e+00 0.0000000000000000e+00 0.0000000000000000e+00 0.0000000000000000e+00 0.0000000000000000e+00 0.0000000000000000e+00 0.0000000000000000e+00 0.0000000000000000e+00 0.0000000000000000e+00 0.0000000000000000e+00 0.0000000000000000e+00 0.0000000000000000e+00 0.0000000000000000e+00 0.0000000000000000e+00 0.0000000000000000e+00 0.0000000000000000e+00 0.0000000000000000e+00 0.0000000000000000e+00 0.0000000000000000e+00 0.0000000000000000e+00 0.0000000000000000e+00 0.0000000000000000e+00 0.0000000000000000e+00 0.0000000000000000e+00 0.0000000000000000e+00 0.0000000000000000e+00 0.0000000000000000e+00 0.0000000000000000e+00 0.0000000000000000e+00 0.0000000000000000e+00 0.0000000000000000e+00 0.0000000000000000e+00 0.0000000000000000e+00 0.0000000000000000e+00 0.0000000000000000e+00 0.0000000000000000e+00 0.0000000000000000e+00 0.0000000000000000e+00 0.0000000000000000e+00 0.0000000000000000e+00 0.0000000000000000e+00 0.0000000000000000e+00 0.0000000000000000e+00 0.0000000000000000e+00 0.0000000000000000e+00 0.0000000000000000e+00 0.0000000000000000e+00 0.0000000000000000e+00 0.0000000000000000e+00 0.0000000000000000e+00 0.0000000000000000e+00 0.0000000000000000e+00 0.0000000000000000e+00 0.0000000000000000e+00 0.0000000000000000e+00 0.0000000000000000e+00 0.0000000000000000e+00 0.0000000000000000e+00 0.0000000000000000e+00 0.0000000000000000e+00 0.0000000000000000e+00 0.0000000000000000e+00 0.0000000000000000e+00 0.0000000000000000e+00 0.0000000000000000e+00 0.0000000000000000e+00 0.0000000000000000e+00 0.0000000000000000e+00 0.0000000000000000e+00 0.0000000000000000e+00 0.0000000000000000e+00 0.0000000000000000e+00 0.0000000000000000e+00 0.0000000000000000e+00 0.0000000000000000e+00 0.0000000000000000e+00 0.0000000000000000e+00 0.0000000000000000e+00 0.0000000000000000e+00 0.0000000000000000e+00 0.0000000000000000e+00 0.0000000000000000e+00 0.0000000000000000e+00 0.0000000000000000e+00 0.0000000000000000e+00 0.0000000000000000e+00 0.0000000000000000e+00 0.0000000000000000e+00 0.0000000000000000e+00 0.0000000000000000e+00 0.0000000000000000e+00 0.0000000000000000e+00 0.0000000000000000e+00 0.0000000000000000e+00 0.0000000000000000e+00 0.0000000000000000e+00 0.0000000000000000e+00 0.0000000000000000e+00 0.0000000000000000e+00 0.0000000000000000e+00 0.0000000000000000e+00 0.0000000000000000e+00 0.0000000000000000e+00 0.0000000000000000e+00 0.0000000000000000e+00 0.0000000000000000e+00 0.0000000000000000e+00 0.0000000000000000e+00 0.0000000000000000e+00 0.0000000000000000e+00 0.0000000000000000e+00 0.0000000000000000e+00 0.0000000000000000e+00 -8.3809199646106244e-04 3.7795313095864193e-04 0.0000000000000000e+00 3.7795313095864193e-04 1.1418579443043518e-03 0.0000000000000000e+00 0.0000000000000000e+00 0.0000000000000000e+00 -3.0376594784328964e-04 0.0000000000000000e+00 0.0000000000000000e+00 0.0000000000000000e+00 0.0000000000000000e+00 0.0000000000000000e+00 0.0000000000000000e+00 0.0000000000000000e+00 0.0000000000000000e+00 0.0000000000000000e+00 0.0000000000000000e+00 0.0000000000000000e+00 0.0000000000000000e+00 0.0000000000000000e+00 0.0000000000000000e+00 0.0000000000000000e+00 0.0000000000000000e+00 0.0000000000000000e+00 0.0000000000000000e+00 0.0000000000000000e+00 0.0000000000000000e+00 0.0000000000000000e+00 0.0000000000000000e+00 0.0000000000000000e+00 0.0000000000000000e+00 0.0000000000000000e+00 0.0000000000000000e+00 0.0000000000000000e+00 0.0000000000000000e+00 0.0000000000000000e+00 0.0000000000000000e+00 0.0000000000000000e+00 0.0000000000000000e+00 0.0000000000000000e+00 0.0000000000000000e+00 0.0000000000000000e+00 0.0000000000000000e+00 0.0000000000000000e+00 0.0000000000000000e+00 0.0000000000000000e+00 0.0000000000000000e+00 0.0000000000000000e+00 0.0000000000000000e+00 0.0000000000000000e+00 0.0000000000000000e+00 0.0000000000000000e+00 0.0000000000000000e+00 0.0000000000000000e+00 0.0000000000000000e+00 0.0000000000000000e+00 0.0000000000000000e+00 0.0000000000000000e+00 0.0000000000000000e+00 0.0000000000000000e+00 0.0000000000000000e+00 0.0000000000000000e+00 0.0000000000000000e+00 0.0000000000000000e+00 0.0000000000000000e+00 0.0000000000000000e+00 0.0000000000000000e+00 0.0000000000000000e+00 0.0000000000000000e+00 0.0000000000000000e+00 0.0000000000000000e+00 0.0000000000000000e+00 0.0000000000000000e+00 0.0000000000000000e+00 0.0000000000000000e+00 0.0000000000000000e+00 0.0000000000000000e+00 0.0000000000000000e+00 0.0000000000000000e+00 0.0000000000000000e+00 0.0000000000000000e+00 0.0000000000000000e+00 0.0000000000000000e+00 0.0000000000000000e+00 0.0000000000000000e+00 0.0000000000000000e+00 0.0000000000000000e+00 0.0000000000000000e+00 0.0000000000000000e+00 0.0000000000000000e+00 0.0000000000000000e+00 0.0000000000000000e+00 0.0000000000000000e+00 0.0000000000000000e+00 0.0000000000000000e+00 0.0000000000000000e+00 0.0000000000000000e+00 0.0000000000000000e+00 0.0000000000000000e+00 0.0000000000000000e+00 0.0000000000000000e+00 0.0000000000000000e+00 0.0000000000000000e+00 0.0000000000000000e+00 0.0000000000000000e+00 0.0000000000000000e+00 0.0000000000000000e+00 0.0000000000000000e+00 0.0000000000000000e+00 0.0000000000000000e+00 0.0000000000000000e+00 0.0000000000000000e+00 0.0000000000000000e+00 0.0000000000000000e+00 0.0000000000000000e+00 0.0000000000000000e+00 0.0000000000000000e+00 0.0000000000000000e+00 0.0000000000000000e+00 0.0000000000000000e+00 0.0000000000000000e+00 0.0000000000000000e+00 0.0000000000000000e+00 0.0000000000000000e+00 0.0000000000000000e+00 0.0000000000000000e+00 0.0000000000000000e+00 0.0000000000000000e+00 0.0000000000000000e+00 0.0000000000000000e+00 0.0000000000000000e+00 0.0000000000000000e+00 0.0000000000000000e+00 0.0000000000000000e+00 0.0000000000000000e+00 0.0000000000000000e+00 0.0000000000000000e+00 0.0000000000000000e+00 0.0000000000000000e+00 0.0000000000000000e+00 0.0000000000000000e+00 0.0000000000000000e+00 0.0000000000000000e+00 0.0000000000000000e+00 0.0000000000000000e+00 0.0000000000000000e+00 0.0000000000000000e+00 0.0000000000000000e+00 0.0000000000000000e+00 0.0000000000000000e+00 0.0000000000000000e+00 0.0000000000000000e+00 0.0000000000000000e+00 0.0000000000000000e+00 0.0000000000000000e+00 0.0000000000000000e+00 0.0000000000000000e+00 0.0000000000000000e+00 0.0000000000000000e+00 0.0000000000000000e+00 -1.3004215904547547e-02 1.6984678932676701e-03 0.0000000000000000e+00 1.6984678932676701e-03 1.6823301211895944e-02 0.0000000000000000e+00 0.0000000000000000e+00 0.0000000000000000e+00 -3.8190853073483966e-03 -1.4363266599424959e-02 1.4550567269156090e-03 0.0000000000000000e+00 1.4550567269156090e-03 1.8449409150404179e-02 0.0000000000000000e+00 0.0000000000000000e+00 0.0000000000000000e+00 -4.0861425509792215e-03 -6.3714554559899869e-03 9.5437221486280831e-04 0.0000000000000000e+00 9.5437221486280831e-04 8.4810639990230020e-03 0.0000000000000000e+00 0.0000000000000000e+00 0.0000000000000000e+00 -2.1096085430330142e-03 -8.0733815830358550e-03 9.4565184037092925e-04 0.0000000000000000e+00 9.4565184037092925e-04 1.0626710116531818e-02 0.0000000000000000e+00 0.0000000000000000e+00 0.0000000000000000e+00 -2.5533285334959641e-03 -2.7104229934715694e-03 3.0861502957272739e-04 0.0000000000000000e+00 3.0861502957272739e-04 3.6618209148594886e-03 0.0000000000000000e+00 0.0000000000000000e+00 0.0000000000000000e+00 -9.5139792138791929e-04 -4.7613314029176642e-03 4.1930353770916771e-04 0.0000000000000000e+00 4.1930353770916771e-04 6.3563400158674396e-03 0.0000000000000000e+00 0.0000000000000000e+00 0.0000000000000000e+00 -1.5950086129497740e-03 -1.6577215001630254e-03 1.0476744304178905e-04 0.0000000000000000e+00 1.0476744304178905e-04 2.2498555727692377e-03 0.0000000000000000e+00 0.0000000000000000e+00 0.0000000000000000e+00 -5.9213407260621175e-04 -3.5809795791410543e-03 1.5039569540102599e-04 0.0000000000000000e+00 1.5039569540102599e-04 4.8106599703960163e-03 0.0000000000000000e+00 0.0000000000000000e+00 0.0000000000000000e+00 -1.2296803912549615e-03 -1.4465235861758558e-03 1.9614171393698505e-05 0.0000000000000000e+00 1.9614171393698505e-05 1.9641391456506033e-03 0.0000000000000000e+00 0.0000000000000000e+00 0.0000000000000000e+00 -5.1761555947474780e-04 -3.3559274961234196e-03 -2.0131366713656922e-05 0.0000000000000000e+00 -2.0131366713656922e-05 4.5158562138056411e-03 0.0000000000000000e+00 0.0000000000000000e+00 0.0000000000000000e+00 -1.1599287176822211e-03 -1.5389800542114039e-03 -5.3289235419366141e-05 0.0000000000000000e+00 -5.3289235419366141e-05 2.0896523181208487e-03 0.0000000000000000e+00 0.0000000000000000e+00 0.0000000000000000e+00 -5.5067226390944485e-04 -3.7465727072486747e-03 -2.0464168228950236e-04 0.0000000000000000e+00 -2.0464168228950236e-04 5.0354769262589728e-03 0.0000000000000000e+00 0.0000000000000000e+00 0.0000000000000000e+00 -1.2889042190102975e-03 -2.0835176925396025e-03 -1.7834071799109922e-04 0.0000000000000000e+00 -1.7834071799109922e-04 2.8269335379102188e-03 0.0000000000000000e+00 0.0000000000000000e+00 0.0000000000000000e+00 -7.4341584537061768e-04 -5.2901555225974223e-03 -5.3894883159403357e-04 0.0000000000000000e+00 -5.3894883159403357e-04 7.0703767711869144e-03 0.0000000000000000e+00 0.0000000000000000e+00 0.0000000000000000e+00 -1.7802212485894917e-03 -3.9223168544112608e-03 -5.5407146169894692e-04 0.0000000000000000e+00 -5.5407146169894692e-04 5.2886444264676983e-03 0.0000000000000000e+00 0.0000000000000000e+00 0.0000000000000000e+00 -1.3663275720564362e-03 -1.0124231775759350e-02 -1.4000269729300275e-03 0.0000000000000000e+00 -1.4000269729300275e-03 1.3264596319615201e-02 0.0000000000000000e+00 0.0000000000000000e+00 0.0000000000000000e+00 -3.1403645438558506e-03 -9.6998510374455161e-03 -1.7086889834859826e-03 0.0000000000000000e+00 -1.7086889834859826e-03 1.2813985589147743e-02 0.0000000000000000e+00 0.0000000000000000e+00 0.0000000000000000e+00 -3.1141345517022301e-03 -2.1670542689347101e-02 -1.5653577041410494e-03 0.0000000000000000e+00 -1.5653577041410494e-03 2.7049225562596022e-02 0.0000000000000000e+00 0.0000000000000000e+00 0.0000000000000000e+00 -5.3786828732489177e-03 -1.6018423558468255e-02 1.4390020433098364e-04 0.0000000000000000e+00 1.4390020433098364e-04 2.0079958421966113e-02 0.0000000000000000e+00 0.0000000000000000e+00 0.0000000000000000e+00 -4.0615348634978603e-03 -1.6960473172178327e-02 4.3071424704618311e-04 0.0000000000000000e+00 4.3071424704618311e-04 2.1245843869801547e-02 0.0000000000000000e+00 0.0000000000000000e+00 0.0000000000000000e+00 -4.2853706976232189e-03 -1.5597727794987483e-02 1.2144033435172138e-03 0.0000000000000000e+00 1.2144033435172138e-03 1.9863218334480480e-02 0.0000000000000000e+00 0.0000000000000000e+00 0.0000000000000000e+00 -4.2654905394929957e-03 -1.6287282810427475e-02 9.2532700710467469e-04 0.0000000000000000e+00 9.2532700710467469e-04 2.0683344512446942e-02 0.0000000000000000e+00 0.0000000000000000e+00 0.0000000000000000e+00 -4.3960617020194648e-03 -1.1484805746904426e-02 9.2708093449804139e-04 0.0000000000000000e+00 9.2708093449804139e-04 1.4909506184522144e-02 0.0000000000000000e+00 0.0000000000000000e+00 0.0000000000000000e+00 -3.4247004376177165e-03 -1.2973311396064478e-02 7.2970162845751728e-04 0.0000000000000000e+00 7.2970162845751728e-04 1.6739282860668947e-02 0.0000000000000000e+00 0.0000000000000000e+00 0.0000000000000000e+00 -3.7659714646044646e-03 -8.6689144620113803e-03 4.3186342293509579e-04 0.0000000000000000e+00 4.3186342293509579e-04 1.1391247468697185e-02 0.0000000000000000e+00 0.0000000000000000e+00 0.0000000000000000e+00 -2.7223330066858077e-03 -1.0673564477082438e-02 3.2546781749411469e-04 0.0000000000000000e+00 3.2546781749411469e-04 1.3911561337457192e-02 0.0000000000000000e+00 0.0000000000000000e+00 0.0000000000000000e+00 -3.2379968603747531e-03 -7.6432339272063735e-03 5.9289986069270888e-05 0.0000000000000000e+00 5.9289986069270888e-05 1.0088716453644321e-02 0.0000000000000000e+00 0.0000000000000000e+00 0.0000000000000000e+00 -2.4454825264379459e-03 -1.0043566334469881e-02 -6.3966056051657026e-05 0.0000000000000000e+00 -6.3966056051657026e-05 1.3130262379559488e-02 0.0000000000000000e+00 0.0000000000000000e+00 0.0000000000000000e+00 -3.0866960450896047e-03 -8.0211408464951669e-03 -2.8592672262269143e-04 0.0000000000000000e+00 -2.8592672262269143e-04 1.0574078972581691e-02 0.0000000000000000e+00 0.0000000000000000e+00 0.0000000000000000e+00 -2.5529381260865239e-03 -1.1155626104122329e-02 -4.8519314523988102e-04 0.0000000000000000e+00 -4.8519314523988102e-04 1.4523037575724661e-02 0.0000000000000000e+00 0.0000000000000000e+00 0.0000000000000000e+00 -3.3674114716023325e-03 -1.0115213315035768e-02 -7.5352245319192817e-04 0.0000000000000000e+00 -7.5352245319192817e-04 1.3224828541148644e-02 0.0000000000000000e+00 0.0000000000000000e+00 0.0000000000000000e+00 -3.1096152261128767e-03 -1.4527963651775885e-02 -9.7835871739086365e-04 0.0000000000000000e+00 -9.7835871739086365e-04 1.8650516336912493e-02 0.0000000000000000e+00 0.0000000000000000e+00 0.0000000000000000e+00 -4.1225526851366087e-03 -1.5591218294538420e-02 -1.3286157594638115e-03 0.0000000000000000e+00 -1.3286157594638115e-03 1.9922836333086544e-02 0.0000000000000000e+00 0.0000000000000000e+00 0.0000000000000000e+00 -4.3316180385481262e-03 -1.8843209828373082e-02 -8.3774832356021457e-04 0.0000000000000000e+00 -8.3774832356021457e-04 2.3647690044691739e-02 0.0000000000000000e+00 0.0000000000000000e+00 0.0000000000000000e+00 -4.8044802163186599e-03 -1.7885903587938595e-02 -5.2072730520988505e-04 0.0000000000000000e+00 -5.2072730520988505e-04 2.2372263491702547e-02 0.0000000000000000e+00 0.0000000000000000e+00 0.0000000000000000e+00 -4.4863599037639427e-03 -1.4386888395123122e-02 -2.8820786417777489e-05 0.0000000000000000e+00 -2.8820786417777489e-05 1.8070905251041540e-02 0.0000000000000000e+00 0.0000000000000000e+00 0.0000000000000000e+00 -3.6840168559184199e-03 -1.4650880525486028e-02 -6.9162705461050714e-05 0.0000000000000000e+00 -6.9162705461050714e-05 1.8368792745637279e-02 0.0000000000000000e+00 0.0000000000000000e+00 0.0000000000000000e+00 -3.7179122201512565e-03 -1.6214174981685550e-02 -2.6881551637688073e-05 0.0000000000000000e+00 -2.6881551637688073e-05 2.0282055896097398e-02 0.0000000000000000e+00 0.0000000000000000e+00 0.0000000000000000e+00 -4.0678809144118451e-03 -1.8524717953072780e-02 2.4706164212246444e-04 0.0000000000000000e+00 2.4706164212246444e-04 2.3172488377375129e-02 0.0000000000000000e+00 0.0000000000000000e+00 0.0000000000000000e+00 -4.6477704243023457e-03 -1.9446519682254821e-02 2.0111063582241949e-04 0.0000000000000000e+00 2.0111063582241949e-04 2.4298086889087311e-02 0.0000000000000000e+00 0.0000000000000000e+00 0.0000000000000000e+00 -4.8515672068324923e-03 -1.8206462659545158e-02 5.9017066092699000e-04 0.0000000000000000e+00 5.9017066092699000e-04 2.2985870707000908e-02 0.0000000000000000e+00 0.0000000000000000e+00 0.0000000000000000e+00 -4.7794080474557500e-03 -1.9367996744014942e-02 3.6417918856860329e-04 0.0000000000000000e+00 3.6417918856860329e-04 2.4381626102607634e-02 0.0000000000000000e+00 0.0000000000000000e+00 0.0000000000000000e+00 -5.0136293585926915e-03 -1.6276373113886550e-02 4.4693948906156998e-04 0.0000000000000000e+00 4.4693948906156998e-04 2.0767520950274683e-02 0.0000000000000000e+00 0.0000000000000000e+00 0.0000000000000000e+00 -4.4911478363881393e-03 -1.8110657769094703e-02 2.2540110177050312e-04 0.0000000000000000e+00 2.2540110177050312e-04 2.2974782126864334e-02 0.0000000000000000e+00 0.0000000000000000e+00 0.0000000000000000e+00 -4.8641243577696221e-03 -1.5141231403869040e-02 6.4185493123171037e-05 0.0000000000000000e+00 6.4185493123171037e-05 1.9423337445099571e-02 0.0000000000000000e+00 0.0000000000000000e+00 0.0000000000000000e+00 -4.2821060412305302e-03 -1.7715186101142574e-02 -8.9223569202775540e-05 0.0000000000000000e+00 -8.9223569202775540e-05 2.2526069823402550e-02 0.0000000000000000e+00 0.0000000000000000e+00 0.0000000000000000e+00 -4.8108837222599708e-03 -1.5832826582485745e-02 -3.5732329357073217e-04 0.0000000000000000e+00 -3.5732329357073217e-04 2.0255685439499516e-02 0.0000000000000000e+00 0.0000000000000000e+00 0.0000000000000000e+00 -4.4228588570137716e-03 -1.8915901068732734e-02 -3.7854733146869789e-04 0.0000000000000000e+00 -3.7854733146869789e-04 2.3923829423832449e-02 0.0000000000000000e+00 0.0000000000000000e+00 0.0000000000000000e+00 -5.0079283550997196e-03 -1.8355191484030267e-02 -6.2232865501205871e-04 0.0000000000000000e+00 -6.2232865501205871e-04 2.3216144848651303e-02 0.0000000000000000e+00 0.0000000000000000e+00 0.0000000000000000e+00 -4.8609533646210403e-03 -2.0408797451533352e-02 -3.1746456730055646e-04 0.0000000000000000e+00 -3.1746456730055646e-04 2.5552628111993471e-02 0.0000000000000000e+00 0.0000000000000000e+00 0.0000000000000000e+00 -5.1438306604601166e-03 -1.9301133968340219e-02 -3.2001802109862874e-04 0.0000000000000000e+00 -3.2001802109862874e-04 2.4148861900617533e-02 0.0000000000000000e+00 0.0000000000000000e+00 0.0000000000000000e+00 -4.8477279322773131e-03 -1.8667756081921102e-02 6.8851936099151375e-06 0.0000000000000000e+00 6.8851936099151375e-06 2.3297274308025601e-02 0.0000000000000000e+00 0.0000000000000000e+00 0.0000000000000000e+00 -4.6295182261044988e-03 -1.5955077003772560e-02 -1.7008215207594869e-05 0.0000000000000000e+00 -1.7008215207594869e-05 1.9972725633264025e-02 0.0000000000000000e+00 0.0000000000000000e+00 0.0000000000000000e+00 -4.0176486294914585e-03 -1.4236728596672609e-02 4.2931426072705844e-05 0.0000000000000000e+00 4.2931426072705844e-05 1.7882685283442057e-02 0.0000000000000000e+00 0.0000000000000000e+00 0.0000000000000000e+00 -3.6459566867694474e-03 -1.4962661638917201e-02 -7.5780926112544084e-05 0.0000000000000000e+00 -7.5780926112544084e-05 1.8763340219862562e-02 0.0000000000000000e+00 0.0000000000000000e+00 0.0000000000000000e+00 -3.8006785809453630e-03 -1.6835438716968139e-02 -1.5904476321013908e-04 0.0000000000000000e+00 -1.5904476321013908e-04 2.1035572836709853e-02 0.0000000000000000e+00 0.0000000000000000e+00 0.0000000000000000e+00 -4.2001341197417108e-03 -1.9255203317770770e-02 -2.2848018232213963e-04 0.0000000000000000e+00 -2.2848018232213963e-04 2.3971624701013858e-02 0.0000000000000000e+00 0.0000000000000000e+00 0.0000000000000000e+00 -4.7164213832430902e-03 -2.0690236028031220e-02 -2.7400600207084928e-04 0.0000000000000000e+00 -2.7400600207084928e-04 2.5705993684381666e-02 0.0000000000000000e+00 0.0000000000000000e+00 0.0000000000000000e+00 -5.0157576563504480e-03 -2.1741085745008555e-02 -1.0383286799271789e-04 0.0000000000000000e+00 -1.0383286799271789e-04 2.7069120749592449e-02 0.0000000000000000e+00 0.0000000000000000e+00 0.0000000000000000e+00 -5.3280350045838941e-03 -2.3041884231654559e-02 -2.0282511327613815e-04 0.0000000000000000e+00 -2.0282511327613815e-04 2.8623692677418568e-02 0.0000000000000000e+00 0.0000000000000000e+00 0.0000000000000000e+00 -5.5818084457640010e-03 -2.2272731052049834e-02 2.9411247321625375e-05 0.0000000000000000e+00 2.9411247321625375e-05 2.7838900023851795e-02 0.0000000000000000e+00 0.0000000000000000e+00 0.0000000000000000e+00 -5.5661689718019573e-03 -2.3885786181200401e-02 -9.8837335246066614e-05 0.0000000000000000e+00 -9.8837335246066614e-05 2.9731390107284414e-02 0.0000000000000000e+00 0.0000000000000000e+00 0.0000000000000000e+00 -5.8456039260840033e-03 -2.2260730344571059e-02 -5.7681640369372484e-06 0.0000000000000000e+00 -5.7681640369372484e-06 2.7889753492987147e-02 0.0000000000000000e+00 0.0000000000000000e+00 0.0000000000000000e+00 -5.6290231484160871e-03 -2.4183882056015675e-02 -2.8665754759122027e-05 0.0000000000000000e+00 -2.8665754759122027e-05 3.0111758481097067e-02 0.0000000000000000e+00 0.0000000000000000e+00 0.0000000000000000e+00 -5.9278764250813897e-03 -2.2664070354230910e-02 -5.3090402651848856e-05 0.0000000000000000e+00 -5.3090402651848856e-05 2.8331457093897845e-02 0.0000000000000000e+00 0.0000000000000000e+00 0.0000000000000000e+00 -5.6673867396669344e-03 -2.4111418831823484e-02 1.1869768778820103e-04 0.0000000000000000e+00 1.1869768778820103e-04 2.9953344762568695e-02 0.0000000000000000e+00 0.0000000000000000e+00 0.0000000000000000e+00 -5.8419259307452105e-03 -2.2453575593991602e-02 8.7009299317453100e-05 0.0000000000000000e+00 8.7009299317453100e-05 2.7952720622378451e-02 0.0000000000000000e+00 0.0000000000000000e+00 0.0000000000000000e+00 -5.4991450283868593e-03 -2.2552987755968049e-02 3.0029280431226562e-04 0.0000000000000000e+00 3.0029280431226562e-04 2.7987160199365948e-02 0.0000000000000000e+00 0.0000000000000000e+00 0.0000000000000000e+00 -5.4341724433979001e-03 -2.0130864998758480e-02 2.1938581981824888e-04 0.0000000000000000e+00 2.1938581981824888e-04 2.5050317358751798e-02 0.0000000000000000e+00 0.0000000000000000e+00 0.0000000000000000e+00 -4.9194523599933133e-03 -1.9314735810269542e-02 2.8045208986045425e-04 0.0000000000000000e+00 2.8045208986045425e-04 2.4040227088411414e-02 0.0000000000000000e+00 0.0000000000000000e+00 0.0000000000000000e+00 -4.7254912781418742e-03 -1.6343906472790423e-02 1.2298923778178363e-04 0.0000000000000000e+00 1.2298923778178363e-04 2.0443596550705240e-02 0.0000000000000000e+00 0.0000000000000000e+00 0.0000000000000000e+00 -4.0996900779148209e-03 -1.5462833171251154e-02 7.8030267181740189e-05 0.0000000000000000e+00 7.8030267181740189e-05 1.9373136920847911e-02 0.0000000000000000e+00 0.0000000000000000e+00 0.0000000000000000e+00 -3.9103037495967557e-03 -1.6644973220050738e-02 -9.4434519335954379e-05 0.0000000000000000e+00 -9.4434519335954379e-05 2.0805800114885423e-02 0.0000000000000000e+00 0.0000000000000000e+00 0.0000000000000000e+00 -4.1608268948346901e-03 -1.8501712023639455e-02 -2.1344773137688350e-04 0.0000000000000000e+00 -2.1344773137688350e-04 2.3041619716568918e-02 0.0000000000000000e+00 0.0000000000000000e+00 0.0000000000000000e+00 -4.5399076929294631e-03 -2.0335138004789834e-02 -3.9083927672292591e-04 0.0000000000000000e+00 -3.9083927672292591e-04 2.5244805934458117e-02 0.0000000000000000e+00 0.0000000000000000e+00 0.0000000000000000e+00 -4.9096679296682820e-03 -2.1965650266162547e-02 -4.7007822205493284e-04 0.0000000000000000e+00 -4.7007822205493284e-04 2.7193301506336951e-02 0.0000000000000000e+00 0.0000000000000000e+00 0.0000000000000000e+00 -5.2276512401744019e-03 -2.3643326768734232e-02 -5.0784168080110557e-04 0.0000000000000000e+00 -5.0784168080110557e-04 2.9234896939013426e-02 0.0000000000000000e+00 0.0000000000000000e+00 0.0000000000000000e+00 -5.5915701702791932e-03 -2.5029958110683932e-02 -5.1963954250869272e-04 0.0000000000000000e+00 -5.1963954250869272e-04 3.0870621059580359e-02 0.0000000000000000e+00 0.0000000000000000e+00 0.0000000000000000e+00 -5.8406629488964258e-03 -2.5857614647461578e-02 -3.6161439120581862e-04 0.0000000000000000e+00 -3.6161439120581862e-04 3.1924521354867279e-02 0.0000000000000000e+00 0.0000000000000000e+00 0.0000000000000000e+00 -6.0669067074057099e-03 -2.7042887073373621e-02 -3.1055497939436568e-04 0.0000000000000000e+00 -3.1055497939436568e-04 3.3284969392645254e-02 0.0000000000000000e+00 0.0000000000000000e+00 0.0000000000000000e+00 -6.2420823192716312e-03 -2.6805328714289971e-02 -5.8010595103705791e-05 0.0000000000000000e+00 -5.8010595103705791e-05 3.3077609492705135e-02 0.0000000000000000e+00 0.0000000000000000e+00 0.0000000000000000e+00 -6.2722807784151673e-03 -2.7599499826785369e-02 6.7044222058848052e-05 0.0000000000000000e+00 6.7044222058848052e-05 3.3946993884158942e-02 0.0000000000000000e+00 0.0000000000000000e+00 0.0000000000000000e+00 -6.3474940573735724e-03 -2.6394166342037999e-02 2.8265811761682294e-04 0.0000000000000000e+00 2.8265811761682294e-04 3.2566199932469918e-02 0.0000000000000000e+00 0.0000000000000000e+00 0.0000000000000000e+00 -6.1720335904319164e-03 -2.6485464696466007e-02 4.2038124056973189e-04 0.0000000000000000e+00 4.2038124056973189e-04 3.2608191072838216e-02 0.0000000000000000e+00 0.0000000000000000e+00 0.0000000000000000e+00 -6.1227263763722097e-03 -2.4444355152598133e-02 4.8973163305291551e-04 0.0000000000000000e+00 4.8973163305291551e-04 3.0201376522806488e-02 0.0000000000000000e+00 0.0000000000000000e+00 0.0000000000000000e+00 -5.7570213702083494e-03 -2.3956712025848419e-02 5.4049457068453693e-04 0.0000000000000000e+00 5.4049457068453693e-04 2.9582552525538923e-02 0.0000000000000000e+00 0.0000000000000000e+00 0.0000000000000000e+00 -5.6258404996905034e-03 -2.1375841441367564e-02 4.3589127975525855e-04 0.0000000000000000e+00 4.3589127975525855e-04 2.6500673677986704e-02 0.0000000000000000e+00 0.0000000000000000e+00 0.0000000000000000e+00 -5.1248322366191403e-03 -2.0762956022239112e-02 3.9370614246015106e-04 0.0000000000000000e+00 3.9370614246015106e-04 2.5753192833150508e-02 0.0000000000000000e+00 0.0000000000000000e+00 0.0000000000000000e+00 -4.9902368109113974e-03 -1.7891327446146493e-02 1.9667244473787671e-04 0.0000000000000000e+00 1.9667244473787671e-04 2.2307587275005456e-02 0.0000000000000000e+00 0.0000000000000000e+00 0.0000000000000000e+00 -4.4162598288589629e-03 -1.7391319573574621e-02 1.0255492054003483e-04 0.0000000000000000e+00 1.0255492054003483e-04 2.1703470463436375e-02 0.0000000000000000e+00 0.0000000000000000e+00 0.0000000000000000e+00 -4.3121508898617579e-03 -1.8823310381020891e-02 -1.1188988523669650e-04 0.0000000000000000e+00 -1.1188988523669650e-04 2.3426098812943635e-02 0.0000000000000000e+00 0.0000000000000000e+00 0.0000000000000000e+00 -4.6027884319227441e-03 -2.0477584712455948e-02 -2.2997589063257029e-04 0.0000000000000000e+00 -2.2997589063257029e-04 2.5402555247750633e-02 0.0000000000000000e+00 0.0000000000000000e+00 0.0000000000000000e+00 -4.9249705352946826e-03 -2.1849642126496014e-02 -4.3013314911095532e-04 0.0000000000000000e+00 -4.3013314911095532e-04 2.7036537840551739e-02 0.0000000000000000e+00 0.0000000000000000e+00 0.0000000000000000e+00 -5.1868957140557186e-03 -2.3299831709334459e-02 -4.8862414794490026e-04 0.0000000000000000e+00 -4.8862414794490026e-04 2.8755844686690735e-02 0.0000000000000000e+00 0.0000000000000000e+00 0.0000000000000000e+00 -5.4560129773562780e-03 -2.4865432852095654e-02 -5.9101493642811772e-04 0.0000000000000000e+00 -5.9101493642811772e-04 3.0621408669476123e-02 0.0000000000000000e+00 0.0000000000000000e+00 0.0000000000000000e+00 -5.7559758173804723e-03 -2.5994352107650453e-02 -5.4121544643883973e-04 0.0000000000000000e+00 -5.4121544643883973e-04 3.1936492024135843e-02 0.0000000000000000e+00 0.0000000000000000e+00 0.0000000000000000e+00 -5.9421399164853910e-03 -2.7299888611083387e-02 -4.5939225331956908e-04 0.0000000000000000e+00 -4.5939225331956908e-04 3.3495104762205935e-02 0.0000000000000000e+00 0.0000000000000000e+00 0.0000000000000000e+00 -6.1952161511225493e-03 -2.7927085210803341e-02 -3.1447358232501873e-04 0.0000000000000000e+00 -3.1447358232501873e-04 3.4199396508935970e-02 0.0000000000000000e+00 0.0000000000000000e+00 0.0000000000000000e+00 -6.2723112981326306e-03 -2.8366812412686161e-02 -6.3298202792225398e-05 0.0000000000000000e+00 -6.3298202792225398e-05 3.4749117217858741e-02 0.0000000000000000e+00 0.0000000000000000e+00 0.0000000000000000e+00 -6.3823048051725832e-03 -2.8382773803019557e-02 9.1370282740435314e-05 0.0000000000000000e+00 9.1370282740435314e-05 3.4731014524207821e-02 0.0000000000000000e+00 0.0000000000000000e+00 0.0000000000000000e+00 -6.3482407211882660e-03 -2.7679407201085318e-02 3.5970514146436110e-04 0.0000000000000000e+00 3.5970514146436110e-04 3.3941502798040410e-02 0.0000000000000000e+00 0.0000000000000000e+00 0.0000000000000000e+00 -6.2620955969550892e-03 -2.7218327604608589e-02 4.3457654996220023e-04 0.0000000000000000e+00 4.3457654996220023e-04 3.3372030882498814e-02 0.0000000000000000e+00 0.0000000000000000e+00 0.0000000000000000e+00 -6.1537032778902186e-03 -2.5575510037282007e-02 5.6322184748684614e-04 0.0000000000000000e+00 5.6322184748684614e-04 3.1462933688164184e-02 0.0000000000000000e+00 0.0000000000000000e+00 0.0000000000000000e+00 -5.8874236508821799e-03 -2.4970350279510996e-02 5.4210794594444366e-04 0.0000000000000000e+00 5.4210794594444366e-04 3.0732652961457746e-02 0.0000000000000000e+00 0.0000000000000000e+00 0.0000000000000000e+00 -5.7623026819467451e-03 -2.2788912050444168e-02 4.9019766523952172e-04 0.0000000000000000e+00 4.9019766523952172e-04 2.8155990968526536e-02 0.0000000000000000e+00 0.0000000000000000e+00 0.0000000000000000e+00 -5.3670789180823696e-03 -2.2302368052110746e-02 4.0727181313093786e-04 0.0000000000000000e+00 4.0727181313093786e-04 2.7570297768367075e-02 0.0000000000000000e+00 0.0000000000000000e+00 0.0000000000000000e+00 -5.2679297162563305e-03 -1.9830777078084744e-02 2.2855484379440995e-04 0.0000000000000000e+00 2.2855484379440995e-04 2.4629613824647539e-02 0.0000000000000000e+00 0.0000000000000000e+00 0.0000000000000000e+00 -4.7988367465627976e-03 -1.9559364726852938e-02 1.0946911588230686e-04 0.0000000000000000e+00 1.0946911588230686e-04 2.4305159659829996e-02 0.0000000000000000e+00 0.0000000000000000e+00 0.0000000000000000e+00 -4.7457949329770587e-03 -2.0954493017915646e-02 -1.0975494758095881e-04 0.0000000000000000e+00 -1.0975494758095881e-04 2.5970967716908305e-02 0.0000000000000000e+00 0.0000000000000000e+00 0.0000000000000000e+00 -5.0164746989926510e-03 -2.2232918049759302e-02 -2.0230873346802997e-04 0.0000000000000000e+00 -2.0230873346802997e-04 2.7486913183181329e-02 0.0000000000000000e+00 0.0000000000000000e+00 0.0000000000000000e+00 -5.2539951334220304e-03 -2.3230795382260923e-02 -3.7848411575607498e-04 0.0000000000000000e+00 -3.7848411575607498e-04 2.8664969789165093e-02 0.0000000000000000e+00 0.0000000000000000e+00 0.0000000000000000e+00 -5.4341744069041770e-03 -2.4271720651256930e-02 -3.8764589681747732e-04 0.0000000000000000e+00 -3.8764589681747732e-04 2.9889788740173805e-02 0.0000000000000000e+00 0.0000000000000000e+00 0.0000000000000000e+00 -5.6180680889168716e-03 -2.5502798657752943e-02 -4.7800796905951256e-04 0.0000000000000000e+00 -4.7800796905951256e-04 3.1335307173152895e-02 0.0000000000000000e+00 0.0000000000000000e+00 0.0000000000000000e+00 -5.8325085153999494e-03 -2.6199529873916050e-02 -3.9400492945756586e-04 0.0000000000000000e+00 -3.9400492945756586e-04 3.2137310474002104e-02 0.0000000000000000e+00 0.0000000000000000e+00 0.0000000000000000e+00 -5.9377806000860530e-03 -2.7352433849716799e-02 -3.5510724407894565e-04 0.0000000000000000e+00 -3.5510724407894565e-04 3.3485445210353584e-02 0.0000000000000000e+00 0.0000000000000000e+00 0.0000000000000000e+00 -6.1330113606367885e-03 -2.7570302459921713e-02 -2.1602904061275466e-04 0.0000000000000000e+00 -2.1602904061275466e-04 3.3720320076391440e-02 0.0000000000000000e+00 0.0000000000000000e+00 0.0000000000000000e+00 -6.1500176164697362e-03 -2.8161612626789189e-02 -5.0935225272329212e-05 0.0000000000000000e+00 -5.0935225272329212e-05 3.4420785072766129e-02 0.0000000000000000e+00 0.0000000000000000e+00 0.0000000000000000e+00 -6.2591724459769398e-03 -2.7894717089195550e-02 6.3706488818998221e-05 0.0000000000000000e+00 6.3706488818998221e-05 3.4094078220505412e-02 0.0000000000000000e+00 0.0000000000000000e+00 0.0000000000000000e+00 -6.1993611313098584e-03 -2.7630449728768672e-02 2.7151772465337001e-04 0.0000000000000000e+00 2.7151772465337001e-04 3.3808068443705173e-02 0.0000000000000000e+00 0.0000000000000000e+00 0.0000000000000000e+00 -6.1776187149364939e-03 -2.7073711399924365e-02 3.0704568876867939e-04 0.0000000000000000e+00 3.0704568876867939e-04 3.3149297115922773e-02 0.0000000000000000e+00 0.0000000000000000e+00 0.0000000000000000e+00 -6.0755857159984095e-03 -2.6030286000655708e-02 4.4932669398561876e-04 0.0000000000000000e+00 4.4932669398561876e-04 3.1951277599454764e-02 0.0000000000000000e+00 0.0000000000000000e+00 0.0000000000000000e+00 -5.9209915987990559e-03 -2.5450162141103447e-02 4.0920147453528670e-04 0.0000000000000000e+00 4.0920147453528670e-04 3.1267345190471960e-02 0.0000000000000000e+00 0.0000000000000000e+00 0.0000000000000000e+00 -5.8171830493685076e-03 -2.3900406232352286e-02 4.2138663865167283e-04 0.0000000000000000e+00 4.2138663865167283e-04 2.9455331745926031e-02 0.0000000000000000e+00 0.0000000000000000e+00 0.0000000000000000e+00 -5.5549255135737387e-03 -2.3499215272659031e-02 3.3497408488623577e-04 0.0000000000000000e+00 3.3497408488623577e-04 2.8980649695499280e-02 0.0000000000000000e+00 0.0000000000000000e+00 0.0000000000000000e+00 -5.4814344228402536e-03 -2.1664355266356343e-02 2.1420796425854620e-04 0.0000000000000000e+00 2.1420796425854620e-04 2.6812142704005729e-02 0.0000000000000000e+00 0.0000000000000000e+00 0.0000000000000000e+00 -5.1477874376493959e-03 -2.1536836500213777e-02 9.5917190423768506e-05 0.0000000000000000e+00 9.5917190423768506e-05 2.6663043796269943e-02 0.0000000000000000e+00 0.0000000000000000e+00 0.0000000000000000e+00 -5.1262072960561629e-03 -2.2637984223803795e-02 -8.3313991403154619e-05 0.0000000000000000e+00 -8.3313991403154619e-05 2.7969883752661635e-02 0.0000000000000000e+00 0.0000000000000000e+00 0.0000000000000000e+00 -5.3318995288578371e-03 -2.3441595698152785e-02 -1.3564952640012553e-04 0.0000000000000000e+00 -1.3564952640012553e-04 2.8917806161445112e-02 0.0000000000000000e+00 0.0000000000000000e+00 0.0000000000000000e+00 -5.4762104632923225e-03 -2.4107943966734043e-02 -2.5690116531566543e-04 0.0000000000000000e+00 -2.5690116531566543e-04 2.9696903479091191e-02 0.0000000000000000e+00 0.0000000000000000e+00 0.0000000000000000e+00 -5.5889595123571412e-03 -2.4714336561074336e-02 -2.2520842306501595e-04 0.0000000000000000e+00 -2.2520842306501595e-04 3.0403292460382699e-02 0.0000000000000000e+00 0.0000000000000000e+00 0.0000000000000000e+00 -5.6889558993083655e-03 -2.5604334946506026e-02 -2.8722829013693737e-04 0.0000000000000000e+00 -2.8722829013693737e-04 3.1435148841691442e-02 0.0000000000000000e+00 0.0000000000000000e+00 0.0000000000000000e+00 -5.8308138951854178e-03 -2.5963375746285784e-02 -2.0207651115943418e-04 0.0000000000000000e+00 -2.0207651115943418e-04 3.1842889436803079e-02 0.0000000000000000e+00 0.0000000000000000e+00 0.0000000000000000e+00 -5.8795136905172955e-03 -2.6821820162267182e-02 -1.9747183340236221e-04 0.0000000000000000e+00 -1.9747183340236221e-04 3.2834564133197075e-02 0.0000000000000000e+00 0.0000000000000000e+00 0.0000000000000000e+00 -6.0127439709298895e-03 -2.6851364744638798e-02 -1.0379272826112184e-04 0.0000000000000000e+00 -1.0379272826112184e-04 3.2859047008018609e-02 0.0000000000000000e+00 0.0000000000000000e+00 0.0000000000000000e+00 -6.0076822633798226e-03 -2.7365625610190597e-02 -3.1632204772647648e-05 0.0000000000000000e+00 -3.1632204772647648e-05 3.3456600191594098e-02 0.0000000000000000e+00 0.0000000000000000e+00 0.0000000000000000e+00 -6.0909745814034964e-03 -2.7077383298981166e-02 2.9544185853750376e-05 0.0000000000000000e+00 2.9544185853750376e-05 3.3117148897594026e-02 0.0000000000000000e+00 0.0000000000000000e+00 0.0000000000000000e+00 -6.0397655986128649e-03 -2.7042705731921812e-02 1.4598038656385925e-04 0.0000000000000000e+00 1.4598038656385925e-04 3.3087727376417346e-02 0.0000000000000000e+00 0.0000000000000000e+00 0.0000000000000000e+00 -6.0450216444955388e-03 -2.6567380856020242e-02 1.5300255661972756e-04 0.0000000000000000e+00 1.5300255661972756e-04 3.2534908143089229e-02 0.0000000000000000e+00 0.0000000000000000e+00 0.0000000000000000e+00 -5.9675272870689860e-03 -2.5980643432790409e-02 2.6512039682809944e-04 0.0000000000000000e+00 2.6512039682809944e-04 3.1868385366364611e-02 0.0000000000000000e+00 0.0000000000000000e+00 0.0000000000000000e+00 -5.8877419335742077e-03 -2.5497487855010135e-02 2.2333088587270743e-04 0.0000000000000000e+00 2.2333088587270743e-04 3.1307007558590248e-02 0.0000000000000000e+00 0.0000000000000000e+00 0.0000000000000000e+00 -5.8095197035801160e-03 -2.4527743826932888e-02 2.7533668313659449e-04 0.0000000000000000e+00 2.7533668313659449e-04 3.0185775599517475e-02 0.0000000000000000e+00 0.0000000000000000e+00 0.0000000000000000e+00 -5.6580317725845909e-03 -2.4204497235275391e-02 2.0519363808663371e-04 0.0000000000000000e+00 2.0519363808663371e-04 2.9809475307763653e-02 0.0000000000000000e+00 0.0000000000000000e+00 0.0000000000000000e+00 -5.6049780724882568e-03 -2.3052909068359134e-02 1.5669938781907305e-04 0.0000000000000000e+00 1.5669938781907305e-04 2.8458377110418962e-02 0.0000000000000000e+00 0.0000000000000000e+00 0.0000000000000000e+00 -5.4054680420598288e-03 -2.2998163653069548e-02 6.5998595269390015e-05 0.0000000000000000e+00 6.5998595269390015e-05 2.8397175666148942e-02 0.0000000000000000e+00 0.0000000000000000e+00 0.0000000000000000e+00 -5.3990120130793960e-03 -2.3627944385575604e-02 -4.0513551369574689e-05 0.0000000000000000e+00 -4.0513551369574689e-05 2.9142084863807691e-02 0.0000000000000000e+00 0.0000000000000000e+00 0.0000000000000000e+00 -5.5141404782320927e-03 -2.3983288616634884e-02 -4.4699325359155877e-05 0.0000000000000000e+00 -4.4699325359155877e-05 2.9558062305154661e-02 0.0000000000000000e+00 0.0000000000000000e+00 0.0000000000000000e+00 -5.5747736885197775e-03 -2.4465972315175791e-02 -1.0143822091160852e-04 0.0000000000000000e+00 -1.0143822091160852e-04 3.0116027335903767e-02 0.0000000000000000e+00 0.0000000000000000e+00 0.0000000000000000e+00 -5.6500550207279759e-03 -2.4810136158244005e-02 -5.3948216305798081e-05 0.0000000000000000e+00 -5.3948216305798081e-05 3.0510676511721513e-02 0.0000000000000000e+00 0.0000000000000000e+00 0.0000000000000000e+00 -5.7005403534775055e-03 -2.5434967263948626e-02 -9.6619929307557018e-05 0.0000000000000000e+00 -9.6619929307557018e-05 3.1228910921183222e-02 0.0000000000000000e+00 0.0000000000000000e+00 0.0000000000000000e+00 -5.7939436572346020e-03 -2.5628041743686811e-02 -4.0023579019707018e-05 0.0000000000000000e+00 -4.0023579019707018e-05 3.1447300555374792e-02 0.0000000000000000e+00 0.0000000000000000e+00 0.0000000000000000e+00 -5.8192588116879780e-03 -2.6206739058462776e-02 -6.1905829930183101e-05 0.0000000000000000e+00 -6.1905829930183101e-05 3.2110407060278463e-02 0.0000000000000000e+00 0.0000000000000000e+00 0.0000000000000000e+00 -5.9036680018156864e-03 -2.6172410776490754e-02 -1.6274660950736989e-05 0.0000000000000000e+00 -1.6274660950736989e-05 3.2068509802927705e-02 0.0000000000000000e+00 0.0000000000000000e+00 0.0000000000000000e+00 -5.8960990264369448e-03 -2.6553335712603834e-02 -1.2270244118410017e-05 0.0000000000000000e+00 -1.2270244118410017e-05 3.2505006480667835e-02 0.0000000000000000e+00 0.0000000000000000e+00 0.0000000000000000e+00 -5.9516707680640013e-03 -2.6319380005244124e-02 1.0444113557394616e-05 0.0000000000000000e+00 1.0444113557394616e-05 3.2235698168649386e-02 0.0000000000000000e+00 0.0000000000000000e+00 0.0000000000000000e+00 -5.9163181634052627e-03 -2.6376829348712300e-02 4.2060366104379452e-05 0.0000000000000000e+00 4.2060366104379452e-05 3.2303742609349428e-02 0.0000000000000000e+00 0.0000000000000000e+00 0.0000000000000000e+00 -5.9269132606371419e-03 -2.6031978428164335e-02 3.5006124646199405e-05 0.0000000000000000e+00 3.5006124646199405e-05 3.1907676136776246e-02 0.0000000000000000e+00 0.0000000000000000e+00 0.0000000000000000e+00 -5.8756977086119018e-03 -2.5719836126696514e-02 8.7045671467350950e-05 0.0000000000000000e+00 8.7045671467350950e-05 3.1553648834091161e-02 0.0000000000000000e+00 0.0000000000000000e+00 0.0000000000000000e+00 -5.8338127073946453e-03 -2.5370435883589771e-02 5.1167667118926154e-05 0.0000000000000000e+00 5.1167667118926154e-05 3.1151605033402061e-02 0.0000000000000000e+00 0.0000000000000000e+00 0.0000000000000000e+00 -5.7811691498122850e-03 -2.4778502041927313e-02 1.0277322372219413e-04 0.0000000000000000e+00 1.0277322372219413e-04 3.0474140707340731e-02 0.0000000000000000e+00 0.0000000000000000e+00 0.0000000000000000e+00 -5.6956386654134121e-03 -2.4527254060023998e-02 5.1009118014232866e-05 0.0000000000000000e+00 5.1009118014232866e-05 3.0184249647226668e-02 0.0000000000000000e+00 0.0000000000000000e+00 0.0000000000000000e+00 -5.6569955872026682e-03 -2.3867312121256756e-02 6.8541639619734259e-05 0.0000000000000000e+00 6.8541639619734259e-05 2.9420786325034736e-02 0.0000000000000000e+00 0.0000000000000000e+00 0.0000000000000000e+00 -5.5534742037779807e-03 -2.3806852580595832e-02 1.8994973513910390e-05 0.0000000000000000e+00 1.8994973513910390e-05 2.9352321433631836e-02 0.0000000000000000e+00 0.0000000000000000e+00 0.0000000000000000e+00 -5.5454688530359939e-03
</DataArray>
        <DataArray type="Float64" format="ascii" Name="equivalent_plastic_strain">
4.0939385098885770e-04 0.0000000000000000e+00 0.0000000000000000e+00 0.0000000000000000e+00 0.0000000000000000e+00 0.0000000000000000e+00 0.0000000000000000e+00 0.0000000000000000e+00 0.0000000000000000e+00 0.0000000000000000e+00 0.0000000000000000e+00 0.0000000000000000e+00 0.0000000000000000e+00 0.0000000000000000e+00 0.0000000000000000e+00 0.0000000000000000e+00 0.0000000000000000e+00 0.0000000000000000e+00 0.0000000000000000e+00 0.0000000000000000e+00 0.0000000000000000e+00 0.0000000000000000e+00 0.0000000000000000e+00 0.0000000000000000e+00 0.0000000000000000e+00 0.0000000000000000e+00 0.0000000000000000e+00 0.0000000000000000e+00 0.0000000000000000e+00 0.0000000000000000e+00 0.0000000000000000e+00 0.0000000000000000e+00 0.0000000000000000e+00 0.0000000000000000e+00 0.0000000000000000e+00 0.0000000000000000e+00 0.0000000000000000e+00 0.0000000000000000e+00 0.0000000000000000e+00 0.0000000000000000e+00 0.0000000000000000e+00 0.0000000000000000e+00 0.0000000000000000e+00 0.0000000000000000e+00 0.0000000000000000e+00 0.0000000000000000e+00 0.0000000000000000e+00 0.0000000000000000e+00 0.0000000000000000e+00 0.0000000000000000e+00 0.0000000000000000e+00 0.0000000000000000e+00 0.0000000000000000e+00 0.0000000000000000e+00 0.0000000000000000e+00 0.0000000000000000e+00 0.0000000000000000e+00 0.0000000000000000e+00 0.0000000000000000e+00 0.0000000000000000e+00 0.0000000000000000e+00 0.0000000000000000e+00 0.0000000000000000e+00 0.0000000000000000e+00 0.0000000000000000e+00 0.0000000000000000e+00 0.0000000000000000e+00 0.0000000000000000e+00 0.0000000000000000e+00 0.0000000000000000e+00 0.0000000000000000e+00 0.0000000000000000e+00 0.0000000000000000e+00 0.0000000000000000e+00 0.0000000000000000e+00 0.0000000000000000e+00 0.0000000000000000e+00 0.0000000000000000e+00 0.0000000000000000e+00 0.0000000000000000e+00 0.0000000000000000e+00 0.0000000000000000e+00 0.0000000000000000e+00 0.0000000000000000e+00 0.0000000000000000e+00 0.0000000000000000e+00 0.0000000000000000e+00 0.0000000000000000e+00 0.0000000000000000e+00 0.0000000000000000e+00 0.0000000000000000e+00 0.0000000000000000e+00 0.0000000000000000e+00 0.0000000000000000e+00 0.0000000000000000e+00 0.0000000000000000e+00 0.0000000000000000e+00 0.0000000000000000e+00 0.0000000000000000e+00 0.0000000000000000e+00 0.0000000000000000e+00 0.0000000000000000e+00 0.0000000000000000e+00 0.0000000000000000e+00 0.0000000000000000e+00 0.0000000000000000e+00 0.0000000000000000e+00 0.0000000000000000e+00 0.0000000000000000e+00 0.0000000000000000e+00 0.0000000000000000e+00 0.0000000000000000e+00 0.0000000000000000e+00 0.0000000000000000e+00 0.0000000000000000e+00 0.0000000000000000e+00 0.0000000000000000e+00 0.0000000000000000e+00 0.0000000000000000e+00 0.0000000000000000e+00 0.0000000000000000e+00 0.0000000000000000e+00 0.0000000000000000e+00 0.0000000000000000e+00 0.0000000000000000e+00 0.0000000000000000e+00 0.0000000000000000e+00 0.0000000000000000e+00 0.0000000000000000e+00 0.0000000000000000e+00 0.0000000000000000e+00 0.0000000000000000e+00 0.0000000000000000e+00 0.0000000000000000e+00 0.0000000000000000e+00 0.0000000000000000e+00 0.0000000000000000e+00 0.0000000000000000e+00 0.0000000000000000e+00 0.0000000000000000e+00 0.0000000000000000e+00 0.0000000000000000e+00 0.0000000000000000e+00 0.0000000000000000e+00 1.2607428098744171e-03 0.0000000000000000e+00 0.0000000000000000e+00 0.0000000000000000e+00 0.0000000000000000e+00 0.0000000000000000e+00 0.0000000000000000e+00 0.0000000000000000e+00 0.0000000000000000e+00 0.0000000000000000e+00 0.0000000000000000e+00 0.0000000000000000e+00 0.0000000000000000e+00 0.0000000000000000e+00 0.0000000000000000e+00 0.0000000000000000e+00 0.0000000000000000e+00 0.0000000000000000e+00 1.7804981490620916e-02 1.9460898076155649e-02 8.9032264523196871e-03 1.1150181727464554e-02 3.8170541749904720e-03 6.6322492923800071e-03 2.3357183039291944e-03 5.0018353598596643e-03 2.0362511864623401e-03 4.6907719953044576e-03 2.1671231826479601e-03 5.2372269497075194e-03 2.9383317937166403e-03 7.3819901335101636e-03 5.5289071560387362e-03 1.3962212422748262e-02 1.3520406564270646e-02 2.8730876888094101e-02 2.1252413685171233e-02 2.2479735678838136e-02 2.0972205888603348e-02 2.1822552933364405e-02 1.5659548536773253e-02 1.7585240447860955e-02 1.1909002076281884e-02 1.4564827511116662e-02 1.0526530482078642e-02 1.3731965598564549e-02 1.1041233548211311e-02 1.5214964762613180e-02 1.3859001521553921e-02 1.9629849438852983e-02 2.1018012913035664e-02 2.5022479089863131e-02 2.3686331309107498e-02 1.9099657116195386e-02 1.9425225428216578e-02 2.1461936426643447e-02 2.4525203338709667e-02 2.5721433657243515e-02 2.4272303164241484e-02 2.5757668432186517e-02 2.1862568595282773e-02 2.4217691558786104e-02 2.0411987002302408e-02 2.3728353259764339e-02 2.1306013555530773e-02 2.5241844494856256e-02 2.4502132367613540e-02 2.7035568378927052e-02 2.5555471142486883e-02 2.4669142506272640e-02 2.1130339661100894e-02 1.8900594620952785e-02 1.9840890665864350e-02 2.2267148309807052e-02 2.5402631584378978e-02 2.7256919899903691e-02 2.8684185860059608e-02 3.0351522602281602e-02 2.9466628893376506e-02 3.1507119914985511e-02 2.9499917057715836e-02 3.1907208714092868e-02 2.9986311123714898e-02 3.1760793928248918e-02 2.9620789807172750e-02 2.9686709617285614e-02 2.6548966247271183e-02 2.5477548490544562e-02 2.1633539001451992e-02 2.0490997195163663e-02 2.2021074796307827e-02 2.4414325276026296e-02 2.6775989614117358e-02 2.8867554674832610e-02 3.1046804137018210e-02 3.2808633586760956e-02 3.3915717331239340e-02 3.5392718366028107e-02 3.5143544733115699e-02 3.6102399553653193e-02 3.4602697334012063e-02 3.4671650945619172e-02 3.2080110901059146e-02 3.1429100276807141e-02 2.8120064028411450e-02 2.7322310310364296e-02 2.3628453712725501e-02 2.2981944324392441e-02 2.4825790880931398e-02 2.6946686045401836e-02 2.8704340803635153e-02 3.0554371830691714e-02 3.2560108220082339e-02 3.3981064099805787e-02 3.5652622575613142e-02 3.6421128825663528e-02 3.7001542534513016e-02 3.6994331732765132e-02 3.6132515899357766e-02 3.5528473785054214e-02 3.3464725566136867e-02 3.2682893426938503e-02 2.9907502581316407e-02 2.9278737932201277e-02 2.6117695662485250e-02 2.5768742268343841e-02 2.7555863502887520e-02 2.9186341735925620e-02 3.0457310977502861e-02 3.1777852346587317e-02 3.3339146031904361e-02 3.4208355708993977e-02 3.5664520239727028e-02 3.5923485577089923e-02 3.6676693009513643e-02 3.6328506219778664e-02 3.6013100998533373e-02 3.5304116048312226e-02 3.4004461985560862e-02 3.3266571763655522e-02 3.1309344719267038e-02 3.0796857227584254e-02 2.8461178885886541e-02 2.8299322804164154e-02 2.9703986822154943e-02 3.0725148031156058e-02 3.1567978531823741e-02 3.2331653649205143e-02 3.3450249283088297e-02 3.3894012731746970e-02 3.4969732969731764e-02 3.4999015817787818e-02 3.5645944365116825e-02 3.5279857627964692e-02 3.5244776677711441e-02 3.4646306908310678e-02 3.3920483549496200e-02 3.3312152988935653e-02 3.2097052987706751e-02 3.1689069517980818e-02 3.0230778068333984e-02 3.0163249074377497e-02 3.0964792998083173e-02 3.1413978396645822e-02 3.2019264555712704e-02 3.2448101503653008e-02 3.3228544451850715e-02 3.3466820250802033e-02 3.4188069851951393e-02 3.4143280507604505e-02 3.4618052556935813e-02 3.4325530947741358e-02 3.4398852506643957e-02 3.3968343154663974e-02 3.3582258067491308e-02 3.3145441867965343e-02 3.2408684468472719e-02 3.2093894986792056e-02 3.1266330635054879e-02 3.1191451440876219e-02
</DataArray>
        <DataArray type="Int64" format="ascii" Name="yielded">
1 0 0 0 0 0 0 0 0 0 0 0 0 0 0 0 0 0 0 0 0 0 0 0 0 0 0 0 0 0 0 0 0 0 0 0 0 0 0 0 0 0 0 0 0 0 0 0 0 0 0 0 0 0 0 0 0 0 0 0 0 0 0 0 0 0 0 0 0 0 0 0 0 0 0 0 0 0 0 0 0 0 0 0 0 0 0 0 0 0 0 0 0 0 0 0 0 0 0 0 0 0 0 0 0 0 0 0 0 0 0 0 0 0 0 0 0 0 0 0 0 0 0 0 0 0 0 0 0 0 0 0 0 0 0 0 0 0 0 0 0 0 0 0 1 0 0 0 0 0 0 0 0 0 0 0 0 0 0 0 0 0 1 1 1 1 1 1 1 1 1 1 1 1 1 1 1 1 1 1 1 1 1 1 1 1 1 1 1 1 1 1 1 1 1 1 1 1 1 1 1 1 1 1 1 1 1 1 1 1 1 1 1 1 1 1 1 1 1 1 1 1 1 1 1 1 1 1 1 1 1 1 1 1 1 1 1 1 1 1 1 1 1 1 1 1 1 1 1 1 1 1 1 1 1 1 1 1 1 1 1 1 1 1 1 1 1 1 1 1 1 1 1 1 1 1 1 1 1 1 1 1 1 1 1 1 1 1 1 1 1 1 1 1 1 1 1 1 1 1 1 1 1 1 1 1 1 1 1 1 1 1 1 1 1 1 1 1 1 1 1 1 1 1
</DataArray>
        <DataArray type="Float64" format="ascii" Name="q">
1.0979158963305424e+03 9.8204935695191307e+02 1.0109149265120284e+03 9.6771479632418664e+02 1.0178061084933703e+03 9.8461981270532863e+02 1.0241015832940350e+03 9.9430960013685490e+02 1.0271205890198019e+03 9.9678181897643469e+02 1.0261875498980653e+03 9.9213147243376613e+02 1.0227508138192001e+03 9.7937297551690199e+02 1.0197864799395227e+03 9.5846038944538122e+02 1.0322223420096354e+03 1.0274535537039681e+03 9.9906646870058103e+02 9.4828108916623364e+02 9.1582067379715215e+02 9.0241805846621833e+02 9.2272321542315467e+02 9.0984491317134041e+02 9.3817253095047931e+02 9.2145882785696551e+02 9.4512982663319622e+02 9.2475929326251685e+02 9.4176470397253422e+02 9.1813531204410094e+02 9.2801441227326416e+02 9.0473518990932621e+02 9.1070329863056327e+02 9.0661274755348518e+02 9.5331106676738364e+02 9.9733309537424248e+02 9.6358686557309989e+02 9.3165112698450628e+02 9.0314617005591890e+02 8.9248835606992282e+02 8.8780135680066428e+02 8.8297253967282893e+02 8.9168438892633208e+02 8.8458828298110745e+02 8.9529504373420150e+02 8.8554673679978180e+02 8.9306070558900171e+02 8.8343639946792894e+02 8.8761901111794134e+02 8.8381293764983320e+02 8.9449716645293108e+02 9.0359633446044313e+02 9.4105636695945952e+02 9.5388050655795996e+02 9.2430719450764866e+02 9.0697077992307936e+02 8.9796400895249542e+02 8.8998783762054609e+02 8.8130975518724858e+02 8.7732240618628464e+02 8.7489199189353212e+02 8.7086370621316723e+02 8.7323486479530357e+02 8.6925628155195545e+02 8.7378371503781000e+02 8.7220130604067879e+02 8.7831661252397760e+02 8.8122152076657051e+02 8.9222688234386794e+02 8.9725014523202674e+02 9.1710950158052719e+02 9.1345619209489894e+02 8.8726146813893092e+02 8.8287674878627911e+02 8.8995812851696633e+02 8.8562280712507413e+02 8.7970641140148928e+02 8.7339055854376318e+02 8.6785893550691264e+02 8.6104804693833751e+02 8.6201735959325140e+02 8.5721712204983544e+02 8.6473146959810083e+02 8.6399411547000682e+02 8.7523761487624677e+02 8.7802563403620172e+02 8.8815014983590470e+02 8.8820408712512608e+02 8.9174788187790773e+02 8.7811258072286773e+02 8.5633055338662007e+02 8.6592715740979327e+02 8.8193872153721952e+02 8.7805361392621853e+02 8.7187491164107428e+02 8.5781321997838347e+02 8.5236943664629018e+02 8.3658923612526701e+02 8.4196561024427763e+02 8.3000656896988244e+02 8.4664541070833900e+02 8.4116754746044410e+02 8.6388104759717976e+02 8.6419622347740483e+02 8.8073298163656307e+02 8.7924042102658973e+02 8.7155228087698299e+02 8.5151101595854323e+02 8.3787654049494131e+02 8.6539397543973359e+02 8.7580081771740345e+02 8.6135087786173051e+02 8.4644213669204657e+02 8.1558685912866076e+02 8.1168049767850016e+02 7.8116750996943176e+02 7.9538991577668037e+02 7.7159607539489582e+02 8.0245621319523082e+02 7.8800349691100530e+02 8.3056282966205254e+02 8.2673912098282358e+02 8.6564662940333699e+02 8.6785526161331290e+02 8.6390889763145367e+02 8.4378279724898982e+02 8.5264620264072414e+02 8.9280079918132924e+02 8.5990372470906277e+02 8.1350860348528727e+02 7.8421025738018159e+02 7.2853926311768680e+02 7.3245134510270475e+02 6.8676702565996732e+02 7.1217438444124116e+02 6.7659846051998943e+02 7.2090958635166714e+02 6.9518679199354324e+02 7.5902915079492141e+02 7.4633249522817323e+02 8.2519667005898464e+02 8.3384885078294133e+02 8.7693274055642996e+02 8.7767281303953007e+02 1.0240211718065377e+03 8.6166112196798861e+02 7.7429705482920667e+02 6.6832638647800275e+02 6.6420592361243666e+02 5.9758874354557702e+02 6.1623524394016147e+02 5.6690988088466145e+02 5.9954129700424005e+02 5.5976774882755160e+02 6.0709994142367623e+02 5.7323034491261296e+02 6.4164827879525762e+02 6.1366707771364736e+02 7.1872951302658896e+02 7.0928817140458887e+02 8.7750134338515625e+02 9.8313680478301239e+02 8.4451245372655228e+02 8.4865224519038918e+02 8.2225806613079919e+02 8.2787545431866158e+02 8.0954263543747606e+02 8.1658062323095010e+02 8.0583929575982302e+02 8.1250458839964926e+02 8.0509062796615603e+02 8.1172692998826108e+02 8.0541780795661987e+02 8.1309306737426880e+02 8.0734582948429136e+02 8.1845497533377545e+02 8.1382226789009690e+02 8.3490553105687047e+02 8.3380101641067665e+02 8.7182719222023525e+02 8.5313103421292806e+02 8.5619933919709524e+02 8.5243051472150830e+02 8.5455638233341097e+02 8.3914887134193327e+02 8.4396310111965238e+02 8.2977250519070492e+02 8.3641206877779166e+02 8.2631632620519667e+02 8.3432991399641151e+02 8.2760308387052839e+02 8.3803741190653284e+02 8.3464750380388477e+02 8.4907462359713247e+02 8.5254503228258932e+02 8.6255619772465775e+02 8.5921582827276870e+02 8.4774914279048835e+02 8.4856306357054143e+02 8.5365484106660870e+02 8.6131300834677427e+02 8.6430358414310888e+02 8.6068075791060369e+02 8.6439417108046644e+02 8.5465642148820677e+02 8.6054422889696525e+02 8.5102996750575596e+02 8.5932088314941075e+02 8.5326503388882691e+02 8.6310461123714049e+02 8.6125533091903401e+02 8.6758892094731777e+02 8.6388867785621733e+02 8.6167285626568162e+02 8.5282584915275220e+02 8.4725148655238206e+02 8.4960222666466098e+02 8.5566787077451750e+02 8.6350657896094742e+02 8.6814229974975910e+02 8.7171046465014922e+02 8.7587880650570401e+02 8.7366657223344123e+02 8.7876779978746390e+02 8.7374979264428953e+02 8.7976802178523235e+02 8.7496577780928715e+02 8.7940198482062237e+02 8.7405197451793174e+02 8.7421677404321406e+02 8.6637241561817814e+02 8.6369387122636147e+02 8.5408384750362995e+02 8.5122749298790905e+02 8.5505268699076953e+02 8.6103581319006582e+02 8.6693997403529340e+02 8.7216888668708168e+02 8.7761701034254565e+02 8.8202158396690231e+02 8.8478929332809832e+02 8.8848179591507051e+02 8.8785886183278922e+02 8.9025599888413296e+02 8.8650674333503014e+02 8.8667912736404787e+02 8.8020027725264777e+02 8.7857275069201796e+02 8.7030016007102870e+02 8.6830577577591055e+02 8.5907113428181378e+02 8.5745486081098113e+02 8.6206447720232848e+02 8.6736671511350448e+02 8.7176085200908790e+02 8.7638592957672927e+02 8.8140027055020596e+02 8.8495266024951434e+02 8.8913155643903269e+02 8.9105282206415870e+02 8.9250385633628252e+02 8.9248582933191278e+02 8.9033128974839451e+02 8.8882118446263564e+02 8.8366181391534201e+02 8.8170723356734629e+02 8.7476875645329108e+02 8.7319684483050321e+02 8.6529423915621294e+02 8.6442185567085949e+02 8.6888965875721885e+02 8.7296585433981397e+02 8.7614327744375714e+02 8.7944463086646851e+02 8.8334786507976094e+02 8.8552088927248496e+02 8.8916130059931754e+02 8.8980871394272481e+02 8.9169173252378414e+02 8.9082126554944659e+02 8.9003275249633327e+02 8.8826029012078061e+02 8.8501115496390196e+02 8.8316642940913880e+02 8.7827336179816746e+02 8.7699214306896067e+02 8.7115294721471639e+02 8.7074830701041026e+02 8.7425996705538728e+02 8.7681287007789024e+02 8.7891994632955937e+02 8.8082913412301286e+02 8.8362562320772099e+02 8.8473503182936736e+02 8.8742433242432946e+02 8.8749753954446930e+02 8.8911486091279210e+02 8.8819964406991187e+02 8.8811194169427858e+02 8.8661576727077659e+02 8.8480120887374073e+02 8.8328038247233906e+02 8.8024263246926682e+02 8.7922267379495202e+02 8.7557694517083496e+02 8.7540812268594391e+02 8.7741198249520789e+02 8.7853494599161445e+02 8.8004816138928163e+02 8.8112025375913242e+02 8.8307136112962689e+02 8.8366705062700510e+02 8.8547017462987867e+02 8.8535820126901103e+02 8.8654513139233961e+02 8.8581382736935348e+02 8.8599713126660981e+02 8.8492085788665986e+02 8.8395564516872832e+02 8.8286360466991334e+02 8.8102171117118166e+02 8.8023473746698028e+02 8.7816582658763718e+02 8.7797862860219050e+02
</DataArray>
        <DataArray type="Float64" format="ascii" Name="current_yield_stress">
1.2016375754039557e+03 1.2000000000000000e+03 1.2000000000000002e+03 1.2000000000000000e+03 1.2000000000000000e+03 1.2000000000000000e+03 1.1999999999999998e+03 1.2000000000000002e+03 1.2000000000000000e+03 1.2000000000000000e+03 1.2000000000000000e+03 1.2000000000000000e+03 1.2000000000000002e+03 1.2000000000000000e+03 1.1999999999999998e+03 1.2000000000000000e+03 1.2000000000000002e+03 1.2000000000000000e+03 1.2000000000000002e+03 1.2000000000000000e+03 1.2000000000000000e+03 1.2000000000000000e+03 1.2000000000000000e+03 1.2000000000000000e+03 1.1999999999999998e+03 1.1999999999999998e+03 1.2000000000000002e+03 1.2000000000000000e+03 1.2000000000000000e+03 1.2000000000000000e+03 1.2000000000000000e+03 1.2000000000000000e+03 1.2000000000000000e+03 1.2000000000000000e+03 1.2000000000000000e+03 1.2000000000000000e+03 1.2000000000000000e+03 1.2000000000000000e+03 1.2000000000000000e+03 1.2000000000000002e+03 1.2000000000000000e+03 1.2000000000000000e+03 1.2000000000000000e+03 1.2000000000000000e+03 1.2000000000000000e+03 1.2000000000000000e+03 1.2000000000000000e+03 1.2000000000000000e+03 1.2000000000000000e+03 1.2000000000000002e+03 1.2000000000000002e+03 1.2000000000000002e+03 1.2000000000000000e+03 1.2000000000000000e+03 1.2000000000000000e+03 1.2000000000000000e+03 1.2000000000000002e+03 1.2000000000000002e+03 1.2000000000000000e+03 1.2000000000000002e+03 1.1999999999999998e+03 1.2000000000000000e+03 1.2000000000000000e+03 1.2000000000000000e+03 1.2000000000000000e+03 1.2000000000000002e+03 1.2000000000000000e+03 1.1999999999999998e+03 1.2000000000000000e+03 1.2000000000000000e+03 1.2000000000000000e+03 1.1999999999999998e+03 1.1999999999999998e+03 1.2000000000000002e+03 1.2000000000000000e+03 1.2000000000000000e+03 1.2000000000000000e+03 1.2000000000000000e+03 1.2000000000000002e+03 1.2000000000000000e+03 1.2000000000000000e+03 1.2000000000000000e+03 1.2000000000000000e+03 1.2000000000000000e+03 1.2000000000000000e+03 1.2000000000000000e+03 1.2000000000000000e+03 1.2000000000000000e+03 1.2000000000000000e+03 1.2000000000000000e+03 1.1999999999999998e+03 1.2000000000000002e+03 1.2000000000000000e+03 1.2000000000000000e+03 1.2000000000000000e+03 1.1999999999999998e+03 1.2000000000000000e+03 1.2000000000000000e+03 1.2000000000000000e+03 1.2000000000000000e+03 1.2000000000000000e+03 1.2000000000000000e+03 1.2000000000000000e+03 1.2000000000000000e+03 1.2000000000000000e+03 1.2000000000000000e+03 1.1999999999999998e+03 1.2000000000000000e+03 1.2000000000000000e+03 1.2000000000000002e+03 1.2000000000000000e+03 1.2000000000000000e+03 1.2000000000000002e+03 1.2000000000000000e+03 1.2000000000000000e+03 1.2000000000000000e+03 1.2000000000000000e+03 1.2000000000000000e+03 1.2000000000000000e+03 1.2000000000000000e+03 1.1999999999999998e+03 1.2000000000000000e+03 1.2000000000000000e+03 1.2000000000000000e+03 1.2000000000000000e+03 1.2000000000000000e+03 1.2000000000000002e+03 1.2000000000000000e+03 1.2000000000000000e+03 1.2000000000000000e+03 1.2000000000000000e+03 1.2000000000000000e+03 1.2000000000000000e+03 1.2000000000000000e+03 1.2000000000000000e+03 1.2000000000000000e+03 1.1999999999999998e+03 1.2000000000000000e+03 1.2000000000000000e+03 1.1999999999999998e+03 1.1999999999999998e+03 1.2000000000000000e+03 1.2000000000000002e+03 1.2000000000000000e+03 1.2050429712394978e+03 1.2000000000000000e+03 1.2000000000000000e+03 1.2000000000000000e+03 1.2000000000000000e+03 1.2000000000000000e+03 1.2000000000000000e+03 1.2000000000000000e+03 1.1999999999999998e+03 1.2000000000000000e+03 1.2000000000000002e+03 1.2000000000000000e+03 1.2000000000000000e+03 1.2000000000000000e+03 1.2000000000000002e+03 1.1999999999999998e+03 1.2000000000000000e+03 1.2000000000000000e+03 8.4451245372655228e+02 8.4865224519038918e+02 8.2225806613079919e+02 8.2787545431866147e+02 8.0954263543747606e+02 8.1658062323095010e+02 8.0583929575982302e+02 8.1250458839964915e+02 8.0509062796615581e+02 8.1172692998826119e+02 8.0541780795661987e+02 8.1309306737426891e+02 8.0734582948429170e+02 8.1845497533377545e+02 8.1382226789009690e+02 8.3490553105687047e+02 8.3380101641067677e+02 8.7182719222023525e+02 8.5313103421292806e+02 8.5619933919709524e+02 8.5243051472150830e+02 8.5455638233341097e+02 8.3914887134193327e+02 8.4396310111965238e+02 8.2977250519070469e+02 8.3641206877779166e+02 8.2631632620519667e+02 8.3432991399641128e+02 8.2760308387052817e+02 8.3803741190653295e+02 8.3464750380388477e+02 8.4907462359713247e+02 8.5254503228258920e+02 8.6255619772465786e+02 8.5921582827276870e+02 8.4774914279048858e+02 8.4856306357054143e+02 8.5365484106660870e+02 8.6131300834677427e+02 8.6430358414310876e+02 8.6068075791060369e+02 8.6439417108046632e+02 8.5465642148820677e+02 8.6054422889696514e+02 8.5102996750575596e+02 8.5932088314941075e+02 8.5326503388882691e+02 8.6310461123714049e+02 8.6125533091903390e+02 8.6758892094731755e+02 8.6388867785621733e+02 8.6167285626568162e+02 8.5282584915275220e+02 8.4725148655238183e+02 8.4960222666466098e+02 8.5566787077451772e+02 8.6350657896094742e+02 8.6814229974975910e+02 8.7171046465014899e+02 8.7587880650570389e+02 8.7366657223344123e+02 8.7876779978746379e+02 8.7374979264428941e+02 8.7976802178523212e+02 8.7496577780928726e+02 8.7940198482062237e+02 8.7405197451793185e+02 8.7421677404321406e+02 8.6637241561817802e+02 8.6369387122636147e+02 8.5408384750362995e+02 8.5122749298790905e+02 8.5505268699076964e+02 8.6103581319006582e+02 8.6693997403529340e+02 8.7216888668708157e+02 8.7761701034254554e+02 8.8202158396690231e+02 8.8478929332809832e+02 8.8848179591507039e+02 8.8785886183278933e+02 8.9025599888413296e+02 8.8650674333503014e+02 8.8667912736404787e+02 8.8020027725264777e+02 8.7857275069201796e+02 8.7030016007102859e+02 8.6830577577591066e+02 8.5907113428181378e+02 8.5745486081098113e+02 8.6206447720232848e+02 8.6736671511350448e+02 8.7176085200908778e+02 8.7638592957672915e+02 8.8140027055020573e+02 8.8495266024951434e+02 8.8913155643903281e+02 8.9105282206415870e+02 8.9250385633628252e+02 8.9248582933191278e+02 8.9033128974839451e+02 8.8882118446263553e+02 8.8366181391534224e+02 8.8170723356734641e+02 8.7476875645329096e+02 8.7319684483050321e+02 8.6529423915621305e+02 8.6442185567085971e+02 8.6888965875721885e+02 8.7296585433981409e+02 8.7614327744375714e+02 8.7944463086646840e+02 8.8334786507976094e+02 8.8552088927248496e+02 8.8916130059931766e+02 8.8980871394272481e+02 8.9169173252378414e+02 8.9082126554944659e+02 8.9003275249633350e+02 8.8826029012078061e+02 8.8501115496390196e+02 8.8316642940913880e+02 8.7827336179816757e+02 8.7699214306896079e+02 8.7115294721471639e+02 8.7074830701041026e+02 8.7425996705538728e+02 8.7681287007789012e+02 8.7891994632955948e+02 8.8082913412301286e+02 8.8362562320772065e+02 8.8473503182936747e+02 8.8742433242432946e+02 8.8749753954446953e+02 8.8911486091279187e+02 8.8819964406991164e+02 8.8811194169427858e+02 8.8661576727077681e+02 8.8480120887374073e+02 8.8328038247233906e+02 8.8024263246926682e+02 8.7922267379495202e+02 8.7557694517083485e+02 8.7540812268594368e+02 8.7741198249520789e+02 8.7853494599161445e+02 8.8004816138928163e+02 8.8112025375913242e+02 8.8307136112962689e+02 8.8366705062700498e+02 8.8547017462987867e+02 8.8535820126901126e+02 8.8654513139233961e+02 8.8581382736935348e+02 8.8599713126660993e+02 8.8492085788665986e+02 8.8395564516872821e+02 8.8286360466991334e+02 8.8102171117118166e+02 8.8023473746698028e+02 8.7816582658763718e+02 8.7797862860219050e+02
</DataArray>
        <DataArray type="Float64" format="ascii" Name="yield_function">
-1.0372167907341311e+02 -2.1795064304808687e+02 -1.8908507348797164e+02 -2.3228520367581339e+02 -1.8219389150662985e+02 -2.1538018729467137e+02 -1.7589841670596485e+02 -2.0569039986314536e+02 -1.7287941098019806e+02 -2.0321818102356548e+02 -1.7381245010193464e+02 -2.0786852756623395e+02 -1.7724918618080019e+02 -2.2062702448309824e+02 -1.8021352006047707e+02 -2.4153961055461878e+02 -1.6777765799036433e+02 -1.7254644629603189e+02 -2.0093353129941923e+02 -2.5171891083376636e+02 -2.8417932620284796e+02 -2.9758194153378167e+02 -2.7727678457684539e+02 -2.9015508682865965e+02 -2.6182746904952063e+02 -2.7854117214303437e+02 -2.5487017336680370e+02 -2.7524070673748326e+02 -2.5823529602746567e+02 -2.8186468795589911e+02 -2.7198558772673573e+02 -2.9526481009067379e+02 -2.8929670136943696e+02 -2.9338725244651488e+02 -2.4668893323261636e+02 -2.0266690462575772e+02 -2.3641313442690003e+02 -2.6834887301549378e+02 -2.9685382994408087e+02 -3.0751164393007741e+02 -3.1219864319933566e+02 -3.1702746032717107e+02 -3.0831561107366798e+02 -3.1541171701889255e+02 -3.0470495626579856e+02 -3.1445326320021809e+02 -3.0693929441099840e+02 -3.1656360053207095e+02 -3.1238098888205860e+02 -3.1618706235016691e+02 -3.0550283354706886e+02 -2.9640366553955675e+02 -2.5894363304054053e+02 -2.4611949344204007e+02 -2.7569280549235145e+02 -2.9302922007692064e+02 -3.0203599104750464e+02 -3.1001216237945386e+02 -3.1869024481275142e+02 -3.2267759381371536e+02 -3.2510800810646771e+02 -3.2913629378683282e+02 -3.2676513520469649e+02 -3.3074371844804438e+02 -3.2621628496219006e+02 -3.2779869395932150e+02 -3.2168338747602235e+02 -3.1877847923342927e+02 -3.0777311765613206e+02 -3.0274985476797326e+02 -2.8289049841947258e+02 -2.8654380790510095e+02 -3.1273853186106896e+02 -3.1712325121372101e+02 -3.1004187148303379e+02 -3.1437719287492604e+02 -3.2029358859851072e+02 -3.2660944145623694e+02 -3.3214106449308730e+02 -3.3895195306166249e+02 -3.3798264040674871e+02 -3.4278287795016445e+02 -3.3526853040189911e+02 -3.3600588452999324e+02 -3.2476238512375323e+02 -3.2197436596379845e+02 -3.1184985016409530e+02 -3.1179591287487392e+02 -3.0825211812209233e+02 -3.2188741927713244e+02 -3.4366944661338010e+02 -3.3407284259020673e+02 -3.1806127846278036e+02 -3.2194638607378158e+02 -3.2812508835892584e+02 -3.4218678002161641e+02 -3.4763056335370970e+02 -3.6341076387473305e+02 -3.5803438975572237e+02 -3.6999343103011756e+02 -3.5335458929166123e+02 -3.5883245253955590e+02 -3.3611895240282036e+02 -3.3580377652259517e+02 -3.1926701836343688e+02 -3.2075957897341027e+02 -3.2844771912301690e+02 -3.4848898404145677e+02 -3.6212345950505875e+02 -3.3460602456026658e+02 -3.2419918228259644e+02 -3.3864912213826960e+02 -3.5355786330795365e+02 -3.8441314087133912e+02 -3.8831950232149995e+02 -4.1883249003056824e+02 -4.0461008422331957e+02 -4.2840392460510424e+02 -3.9754378680476913e+02 -4.1199650308899459e+02 -3.6943717033794729e+02 -3.7326087901717636e+02 -3.3435337059666296e+02 -3.3214473838668704e+02 -3.3609110236854633e+02 -3.5621720275101006e+02 -3.4735379735927597e+02 -3.0719920081867082e+02 -3.4009627529093717e+02 -3.8649139651471268e+02 -4.1578974261981836e+02 -4.7146073688231314e+02 -4.6754865489729508e+02 -5.1323297434003268e+02 -4.8782561555875890e+02 -5.2340153948001057e+02 -4.7909041364833280e+02 -5.0481320800645682e+02 -4.4097084920507865e+02 -4.5366750477182666e+02 -3.7480332994101531e+02 -3.6615114921705879e+02 -3.2306725944356992e+02 -3.2232718696046987e+02 -1.8102179943295991e+02 -3.3833887803201134e+02 -4.2570294517079333e+02 -5.3167361352199737e+02 -5.3579407638756345e+02 -6.0241125645442287e+02 -5.8376475605983853e+02 -6.3309011911533878e+02 -6.0045870299575995e+02 -6.4023225117244840e+02 -5.9290005857632400e+02 -6.2676965508738715e+02 -5.5835172120474238e+02 -5.8633292228635275e+02 -4.8127048697341110e+02 -4.9071182859541091e+02 -3.2249865661484375e+02 -2.1686319521698766e+02 -3.7895612573827901e-14 3.7895612573870929e-14 -3.7895612573871673e-14 3.7895612573871724e-14 -3.7895612573871863e-14 3.7895612573872298e-14 -3.7895612573871560e-14 7.5791225147745770e-14 1.5158245029534548e-13 -1.0862614664906993e-27 -3.7895612573871478e-14 -3.7895612573871257e-14 -3.7895612573848752e-14 3.7895612573871648e-14 3.7895612573874071e-14 -1.0782742498289825e-27 -7.5791225147765498e-14 3.7895612573776688e-14 -3.7895612573902161e-14 0.0000000000000000e+00 0.0000000000000000e+00 1.4376989997615197e-28 4.6325856658947125e-28 7.5791225147744319e-14 7.5791225147743864e-14 3.7895612573871818e-14 -3.7895612573872115e-14 7.5791225147744205e-14 1.1368683772161545e-13 -4.7923299992406944e-28 -3.7895612573872904e-14 0.0000000000000000e+00 3.7895612573872361e-14 -3.7895612573872437e-14 0.0000000000000000e+00 -7.5791225147743687e-14 -7.5791225147639368e-14 7.5791225147744672e-14 3.7895612573872235e-14 7.5791225147744167e-14 3.7895612573872588e-14 2.2737367544323138e-13 3.7895612573871894e-14 7.5791225147743700e-14 -7.5791225147744470e-14 6.3897733322964163e-29 3.7895612573872172e-14 -3.7895612573871894e-14 1.1368683772161603e-13 9.5846599984712025e-28 1.1368683772161603e-13 1.2779546664616498e-27 -4.7923299991992931e-28 1.3402549564429754e-26 3.7895612573773457e-14 -3.7895612573870424e-14 0.0000000000000000e+00 -3.7895612573872241e-14 7.5791225147744420e-14 7.5791225147742817e-14 8.3865774986157415e-28 1.8947806286936011e-13 1.1368683772161603e-13 1.1368683772161597e-13 -7.5791225147745530e-14 -9.1054269985380051e-28 -1.1368683772161593e-13 -3.7895612573872191e-14 7.5791225147743826e-14 3.7895612573871882e-14 0.0000000000000000e+00 -3.7895612573895661e-14 -3.7895612573996825e-14 -3.7895612573872664e-14 -9.1054269985035363e-28 7.5791225147743953e-14 1.1368683772161597e-13 -3.7895612573871358e-14 6.3897733322837497e-29 1.1368683772161590e-13 -1.1368683772161593e-13 -3.7895612573871402e-14 3.7895612573872405e-14 -7.5791225147743940e-14 -7.5791225147744016e-14 -3.7895612573872178e-14 7.5791225147743965e-14 -7.1884949988335920e-29 0.0000000000000000e+00 -3.7895612574121894e-14 -7.5791225147720665e-14 3.7895612573871736e-14 3.7895612573870676e-14 3.7895612573872210e-14 3.7895612573871831e-14 -4.7923299992202807e-28 -1.8947806286936001e-13 -1.9968041663417812e-28 -7.5791225147744053e-14 6.0702846656790382e-28 6.3897733323006056e-29 7.5791225147743056e-14 -1.1368683772161415e-13 -3.7895612573871490e-14 7.5791225147742817e-14 3.7895612573871301e-14 -7.5791225147744180e-14 -1.1368683772161603e-13 -3.7895612573845224e-14 -7.5791225147744218e-14 -3.7895612573871781e-14 1.5158245029548823e-13 3.7895612573872532e-14 3.7895612573872544e-14 -1.1368683772161603e-13 3.7895612573871831e-14 3.7895612573871749e-14 -3.1948866661464128e-29 -3.0351423328395263e-28 2.3961649996075929e-28 -1.1368683772161641e-13 -3.7895612573871446e-14 -3.7895612573872140e-14 -1.1368683772161631e-13 -3.7895612573872349e-14 -1.5158245029553978e-13 3.7895612573871699e-14 7.5791225147744066e-14 -3.7895612573871983e-14 7.5791225147743990e-14 1.1368683772161603e-13 1.3578268331145532e-28 -3.7895612573873339e-14 -3.3546309994594821e-28 1.1368683772161631e-13 7.5791225147744369e-14 -5.4313073324439363e-28 -7.5791225147744154e-14 1.5158245029548856e-13 1.0862614664876174e-27 3.7895612573871269e-14 -3.7895612573872279e-14 -1.4856222997530556e-27 1.1368683772163120e-13 -3.7895612573966677e-14 3.7895612573871566e-14 -5.1118186658423131e-28 1.1198077764869249e-26 0.0000000000000000e+00 7.1086228321935514e-28 0.0000000000000000e+00 -3.7895612573871635e-14 -3.7895612573872620e-14 7.5791225147955090e-14 -1.8947806286936099e-13 -3.7895612573872279e-14 7.5791225147743927e-14 -3.7895612573872595e-14 6.3897733322792274e-28 -7.5791225147744773e-14 1.3578268331078680e-28 5.4313073324323134e-28
</DataArray>
        <DataArray type="Float64" format="ascii" Name="plastic_multiplier">
4.0939385098885770e-04 0.0000000000000000e+00 0.0000000000000000e+00 0.0000000000000000e+00 0.0000000000000000e+00 0.0000000000000000e+00 0.0000000000000000e+00 0.0000000000000000e+00 0.0000000000000000e+00 0.0000000000000000e+00 0.0000000000000000e+00 0.0000000000000000e+00 0.0000000000000000e+00 0.0000000000000000e+00 0.0000000000000000e+00 0.0000000000000000e+00 0.0000000000000000e+00 0.0000000000000000e+00 0.0000000000000000e+00 0.0000000000000000e+00 0.0000000000000000e+00 0.0000000000000000e+00 0.0000000000000000e+00 0.0000000000000000e+00 0.0000000000000000e+00 0.0000000000000000e+00 0.0000000000000000e+00 0.0000000000000000e+00 0.0000000000000000e+00 0.0000000000000000e+00 0.0000000000000000e+00 0.0000000000000000e+00 0.0000000000000000e+00 0.0000000000000000e+00 0.0000000000000000e+00 0.0000000000000000e+00 0.0000000000000000e+00 0.0000000000000000e+00 0.0000000000000000e+00 0.0000000000000000e+00 0.0000000000000000e+00 0.0000000000000000e+00 0.0000000000000000e+00 0.0000000000000000e+00 0.0000000000000000e+00 0.0000000000000000e+00 0.0000000000000000e+00 0.0000000000000000e+00 0.0000000000000000e+00 0.0000000000000000e+00 0.0000000000000000e+00 0.0000000000000000e+00 0.0000000000000000e+00 0.0000000000000000e+00 0.0000000000000000e+00 0.0000000000000000e+00 0.0000000000000000e+00 0.0000000000000000e+00 0.0000000000000000e+00 0.0000000000000000e+00 0.0000000000000000e+00 0.0000000000000000e+00 0.0000000000000000e+00 0.0000000000000000e+00 0.0000000000000000e+00 0.0000000000000000e+00 0.0000000000000000e+00 0.0000000000000000e+00 0.0000000000000000e+00 0.0000000000000000e+00 0.0000000000000000e+00 0.0000000000000000e+00 0.0000000000000000e+00 0.0000000000000000e+00 0.0000000000000000e+00 0.0000000000000000e+00 0.0000000000000000e+00 0.0000000000000000e+00 0.0000000000000000e+00 0.0000000000000000e+00 0.0000000000000000e+00 0.0000000000000000e+00 0.0000000000000000e+00 0.0000000000000000e+00 0.0000000000000000e+00 0.0000000000000000e+00 0.0000000000000000e+00 0.0000000000000000e+00 0.0000000000000000e+00 0.0000000000000000e+00 0.0000000000000000e+00 0.0000000000000000e+00 0.0000000000000000e+00 0.0000000000000000e+00 0.0000000000000000e+00 0.0000000000000000e+00 0.0000000000000000e+00 0.0000000000000000e+00 0.0000000000000000e+00 0.0000000000000000e+00 0.0000000000000000e+00 0.0000000000000000e+00 0.0000000000000000e+00 0.0000000000000000e+00 0.0000000000000000e+00 0.0000000000000000e+00 0.0000000000000000e+00 0.0000000000000000e+00 0.0000000000000000e+00 0.0000000000000000e+00 0.0000000000000000e+00 0.0000000000000000e+00 0.0000000000000000e+00 0.0000000000000000e+00 0.0000000000000000e+00 0.0000000000000000e+00 0.0000000000000000e+00 0.0000000000000000e+00 0.0000000000000000e+00 0.0000000000000000e+00 0.0000000000000000e+00 0.0000000000000000e+00 0.0000000000000000e+00 0.0000000000000000e+00 0.0000000000000000e+00 0.0000000000000000e+00 0.0000000000000000e+00 0.0000000000000000e+00 0.0000000000000000e+00 0.0000000000000000e+00 0.0000000000000000e+00 0.0000000000000000e+00 0.0000000000000000e+00 0.0000000000000000e+00 0.0000000000000000e+00 0.0000000000000000e+00 0.0000000000000000e+00 0.0000000000000000e+00 0.0000000000000000e+00 0.0000000000000000e+00 0.0000000000000000e+00 0.0000000000000000e+00 0.0000000000000000e+00 0.0000000000000000e+00 1.2607428098744171e-03 0.0000000000000000e+00 0.0000000000000000e+00 0.0000000000000000e+00 0.0000000000000000e+00 0.0000000000000000e+00 0.0000000000000000e+00 0.0000000000000000e+00 0.0000000000000000e+00 0.0000000000000000e+00 0.0000000000000000e+00 0.0000000000000000e+00 0.0000000000000000e+00 0.0000000000000000e+00 0.0000000000000000e+00 0.0000000000000000e+00 0.0000000000000000e+00 0.0000000000000000e+00 1.2563457185952469e-02 1.2645428059662461e-02 7.3785188494100559e-03 8.8147862135309427e-03 3.8167434668780189e-03 6.3235920803216966e-03 2.3357183039291944e-03 5.0018353598596643e-03 2.0362511864623401e-03 4.6907719953044576e-03 2.1671231826479601e-03 5.2372269497075194e-03 2.9383317937166403e-03 6.9443821452815453e-03 5.2549161406615138e-03 1.0550543761466274e-02 1.0468385636827435e-02 1.5919496044688369e-02 1.2947770989434119e-02 1.3152146977110426e-02 1.2670185207632299e-02 1.2729335141191775e-02 1.0642350936652315e-02 1.1186844930580737e-02 9.0811924809913822e-03 9.9994433366942734e-03 8.4363254356361328e-03 9.6411853370587785e-03 8.7006829504181257e-03 1.0298648454979204e-02 1.0004861814506842e-02 1.1922766263857852e-02 1.2498546178303460e-02 1.3716748959111900e-02 1.3618943938111696e-02 1.2156952560173339e-02 1.2088658750921098e-02 1.2679716661700964e-02 1.3612887258626555e-02 1.3956570169637830e-02 1.3424118548034115e-02 1.3911960574195241e-02 1.2590817486837077e-02 1.3415901289991733e-02 1.2089797753366455e-02 1.3270559094947442e-02 1.2414525182194647e-02 1.3733430283294044e-02 1.3434384850227025e-02 1.4283057880384684e-02 1.3855270208235581e-02 1.3668814283323862e-02 1.2614038087536160e-02 1.1844384783295374e-02 1.2090089946082178e-02 1.2883766669815064e-02 1.3911061724346823e-02 1.4525940318362379e-02 1.4945171846608164e-02 1.5525546200736559e-02 1.5218727070179787e-02 1.5924349149007835e-02 1.5256706874453669e-02 1.6050036709736665e-02 1.5362128206588836e-02 1.5961024597319171e-02 1.5219173073595086e-02 1.5312996167980791e-02 1.4282230074145197e-02 1.3956176785016879e-02 1.2682378242713028e-02 1.2273214844502701e-02 1.2775087246244068e-02 1.3592993275213962e-02 1.4401895997796132e-02 1.5112442716935008e-02 1.5822240751489830e-02 1.6415661110514495e-02 1.6751599481689829e-02 1.7237541508130470e-02 1.7132485840536279e-02 1.7455296379900873e-02 1.6956551594742658e-02 1.7016055901880225e-02 1.6160564543522778e-02 1.5971284984212200e-02 1.4853247658860114e-02 1.4583973138653328e-02 1.3319637962278320e-02 1.3087049875988355e-02 1.3725701259748821e-02 1.4450176775024807e-02 1.5056260340939022e-02 1.5679973210687502e-02 1.6354830718222479e-02 1.6822825926148380e-02 1.7354747477494607e-02 1.7612686881496514e-02 1.7784118601848215e-02 1.7805558859101199e-02 1.7522659746802168e-02 1.7343780852263100e-02 1.6661175553842205e-02 1.6400968705349125e-02 1.5461145542910991e-02 1.5240673904281936e-02 1.4158792071443814e-02 1.4038160315885121e-02 1.4660483484056137e-02 1.5206829607978631e-02 1.5634881019191256e-02 1.6079901518372571e-02 1.6610361717671385e-02 1.6908437909579344e-02 1.7392501448885749e-02 1.7496823659820679e-02 1.7736731456813589e-02 1.7640865252752883e-02 1.7522514719798245e-02 1.7294243521116345e-02 1.6846890934948344e-02 1.6596167793483753e-02 1.5926989996400232e-02 1.5749612578235626e-02 1.4956609155459972e-02 1.4908117612657298e-02 1.5390065469756284e-02 1.5728357463868369e-02 1.6008238555972196e-02 1.6276740389091840e-02 1.6661589471631984e-02 1.6833611288949221e-02 1.7202735234282753e-02 1.7238335867152378e-02 1.7447333436206507e-02 1.7342185462861055e-02 1.7304421025494156e-02 1.7109596505191931e-02 1.6834823663177803e-02 1.6629286712036218e-02 1.6197532150259323e-02 1.6059195546504892e-02 1.5561521390496576e-02 1.5546555161143203e-02 1.5815876322503374e-02 1.5967238868036769e-02 1.6178235931002850e-02 1.6341526532054146e-02 1.6623052999842826e-02 1.6736976332991239e-02 1.6992821541098397e-02 1.7013250062714147e-02 1.7161661805595526e-02 1.7087562866939403e-02 1.7073159069552247e-02 1.6937581364874034e-02 1.6757467420332291e-02 1.6608923136320775e-02 1.6321828949655087e-02 1.6211163862886631e-02 1.5917637585090606e-02 1.5892926421819661e-02
</DataArray>
      </CellData>
      <Points>
        <DataArray type="Float64" format="ascii" NumberOfComponents="3">
0.0000000000000000e+00 0.0000000000000000e+00 0.0000000000000000e+00 1.0000000000000000e+00 0.0000000000000000e+00 0.0000000000000000e+00 1.0000000000000000e+00 2.0000000000000000e+00 0.0000000000000000e+00 0.0000000000000000e+00 2.0000000000000000e+00 0.0000000000000000e+00 1.0000000000000000e+00 1.0000000000000000e+00 0.0000000000000000e+00 0.0000000000000000e+00 1.0000000000000000e+00 0.0000000000000000e+00 1.1111111111090820e-01 0.0000000000000000e+00 0.0000000000000000e+00 2.2222222222171431e-01 0.0000000000000000e+00 0.0000000000000000e+00 3.3333333333250098e-01 0.0000000000000000e+00 0.0000000000000000e+00 4.4444444444328779e-01 0.0000000000000000e+00 0.0000000000000000e+00 5.5555555555438330e-01 0.0000000000000000e+00 0.0000000000000000e+00 6.6666666666578744e-01 0.0000000000000000e+00 0.0000000000000000e+00 7.7777777777719159e-01 0.0000000000000000e+00 0.0000000000000000e+00 8.8888888888859585e-01 0.0000000000000000e+00 0.0000000000000000e+00 5.5555555555441602e-02 0.0000000000000000e+00 0.0000000000000000e+00 1.6666666666631960e-01 0.0000000000000000e+00 0.0000000000000000e+00 2.7777777777710772e-01 0.0000000000000000e+00 0.0000000000000000e+00 3.8888888888789441e-01 0.0000000000000000e+00 0.0000000000000000e+00 4.9999999999868139e-01 0.0000000000000000e+00 0.0000000000000000e+00 6.1111111111008543e-01 0.0000000000000000e+00 0.0000000000000000e+00 7.2222222222148957e-01 0.0000000000000000e+00 0.0000000000000000e+00 8.3333333333289372e-01 0.0000000000000000e+00 0.0000000000000000e+00 9.4444444444429798e-01 0.0000000000000000e+00 0.0000000000000000e+00 1.0000000000000000e+00 1.1111111111090820e-01 0.0000000000000000e+00 1.0000000000000000e+00 2.2222222222171431e-01 0.0000000000000000e+00 1.0000000000000000e+00 3.3333333333250098e-01 0.0000000000000000e+00 1.0000000000000000e+00 4.4444444444328779e-01 0.0000000000000000e+00 1.0000000000000000e+00 5.5555555555438330e-01 0.0000000000000000e+00 1.0000000000000000e+00 6.6666666666578744e-01 0.0000000000000000e+00 1.0000000000000000e+00 7.7777777777719159e-01 0.0000000000000000e+00 1.0000000000000000e+00 8.8888888888859585e-01 0.0000000000000000e+00 1.0000000000000000e+00 5.5555555555441602e-02 0.0000000000000000e+00 1.0000000000000000e+00 1.6666666666631960e-01 0.0000000000000000e+00 1.0000000000000000e+00 2.7777777777710772e-01 0.0000000000000000e+00 1.0000000000000000e+00 3.8888888888789441e-01 0.0000000000000000e+00 1.0000000000000000e+00 4.9999999999868139e-01 0.0000000000000000e+00 1.0000000000000000e+00 6.1111111111008543e-01 0.0000000000000000e+00 1.0000000000000000e+00 7.2222222222148957e-01 0.0000000000000000e+00 1.0000000000000000e+00 8.3333333333289372e-01 0.0000000000000000e+00 1.0000000000000000e+00 9.4444444444429798e-01 0.0000000000000000e+00 8.8888888888842621e-01 1.0000000000000000e+00 0.0000000000000000e+00 7.7777777777793200e-01 1.0000000000000000e+00 0.0000000000000000e+00 6.6666666666759178e-01 1.0000000000000000e+00 0.0000000000000000e+00 5.5555555555725133e-01 1.0000000000000000e+00 0.0000000000000000e+00 4.4444444444629427e-01 1.0000000000000000e+00 0.0000000000000000e+00 3.3333333333472071e-01 1.0000000000000000e+00 0.0000000000000000e+00 2.2222222222314711e-01 1.0000000000000000e+00 0.0000000000000000e+00 1.1111111111157360e-01 1.0000000000000000e+00 0.0000000000000000e+00 9.4444444444424491e-01 1.0000000000000000e+00 0.0000000000000000e+00 8.3333333333318171e-01 1.0000000000000000e+00 0.0000000000000000e+00 7.2222222222279631e-01 1.0000000000000000e+00 0.0000000000000000e+00 6.1111111111232574e-01 1.0000000000000000e+00 0.0000000000000000e+00 5.0000000000198208e-01 1.0000000000000000e+00 0.0000000000000000e+00 3.8888888889050749e-01 1.0000000000000000e+00 0.0000000000000000e+00 2.7777777777893392e-01 1.0000000000000000e+00 0.0000000000000000e+00 1.6666666666736041e-01 1.0000000000000000e+00 0.0000000000000000e+00 5.5555555555786729e-02 1.0000000000000000e+00 0.0000000000000000e+00 0.0000000000000000e+00 8.8888888888842621e-01 0.0000000000000000e+00 0.0000000000000000e+00 7.7777777777793200e-01 0.0000000000000000e+00 0.0000000000000000e+00 6.6666666666759178e-01 0.0000000000000000e+00 0.0000000000000000e+00 5.5555555555725133e-01 0.0000000000000000e+00 0.0000000000000000e+00 4.4444444444629427e-01 0.0000000000000000e+00 0.0000000000000000e+00 3.3333333333472071e-01 0.0000000000000000e+00 0.0000000000000000e+00 2.2222222222314711e-01 0.0000000000000000e+00 0.0000000000000000e+00 1.1111111111157360e-01 0.0000000000000000e+00 0.0000000000000000e+00 9.4444444444424491e-01 0.0000000000000000e+00 0.0000000000000000e+00 8.3333333333318171e-01 0.0000000000000000e+00 0.0000000000000000e+00 7.2222222222279631e-01 0.0000000000000000e+00 0.0000000000000000e+00 6.1111111111232574e-01 0.0000000000000000e+00 0.0000000000000000e+00 5.0000000000198208e-01 0.0000000000000000e+00 0.0000000000000000e+00 3.8888888889050749e-01 0.0000000000000000e+00 0.0000000000000000e+00 2.7777777777893392e-01 0.0000000000000000e+00 0.0000000000000000e+00 1.6666666666736041e-01 0.0000000000000000e+00 0.0000000000000000e+00 5.5555555555786729e-02 0.0000000000000000e+00 0.0000000000000000e+00 1.1111111111111109e+00 0.0000000000000000e+00 0.0000000000000000e+00 1.2222222222222221e+00 0.0000000000000000e+00 0.0000000000000000e+00 1.3333333333333330e+00 0.0000000000000000e+00 0.0000000000000000e+00 1.4444444444444440e+00 0.0000000000000000e+00 0.0000000000000000e+00 1.5555555555555560e+00 0.0000000000000000e+00 0.0000000000000000e+00 1.6666666666666670e+00 0.0000000000000000e+00 0.0000000000000000e+00 1.7777777777777779e+00 0.0000000000000000e+00 0.0000000000000000e+00 1.8888888888888891e+00 0.0000000000000000e+00 0.0000000000000000e+00 1.0555555555555229e+00 0.0000000000000000e+00 0.0000000000000000e+00 1.1666666666666441e+00 0.0000000000000000e+00 0.0000000000000000e+00 1.2777777777778541e+00 0.0000000000000000e+00 0.0000000000000000e+00 1.3888888888889610e+00 0.0000000000000000e+00 0.0000000000000000e+00 1.4999999999998170e+00 0.0000000000000000e+00 0.0000000000000000e+00 1.6111111111110770e+00 0.0000000000000000e+00 0.0000000000000000e+00 1.7222222222222030e+00 0.0000000000000000e+00 0.0000000000000000e+00 1.8333333333332540e+00 0.0000000000000000e+00 0.0000000000000000e+00 1.9444444444443749e+00 0.0000000000000000e+00 1.1111111111090820e-01 2.0000000000000000e+00 0.0000000000000000e+00 2.2222222222171431e-01 2.0000000000000000e+00 0.0000000000000000e+00 3.3333333333250098e-01 2.0000000000000000e+00 0.0000000000000000e+00 4.4444444444328779e-01 2.0000000000000000e+00 0.0000000000000000e+00 5.5555555555438330e-01 2.0000000000000000e+00 0.0000000000000000e+00 6.6666666666578744e-01 2.0000000000000000e+00 0.0000000000000000e+00 7.7777777777719159e-01 2.0000000000000000e+00 0.0000000000000000e+00 8.8888888888859585e-01 2.0000000000000000e+00 0.0000000000000000e+00 5.5555555555441602e-02 2.0000000000000000e+00 0.0000000000000000e+00 1.6666666666631960e-01 2.0000000000000000e+00 0.0000000000000000e+00 2.7777777777710772e-01 2.0000000000000000e+00 0.0000000000000000e+00 3.8888888888789441e-01 2.0000000000000000e+00 0.0000000000000000e+00 4.9999999999868139e-01 2.0000000000000000e+00 0.0000000000000000e+00 6.1111111111008543e-01 2.0000000000000000e+00 0.0000000000000000e+00 7.2222222222148957e-01 2.0000000000000000e+00 0.0000000000000000e+00 8.3333333333289372e-01 2.0000000000000000e+00 0.0000000000000000e+00 9.4444444444429798e-01 2.0000000000000000e+00 0.0000000000000000e+00 1.0000000000000000e+00 1.8888888888888891e+00 0.0000000000000000e+00 1.0000000000000000e+00 1.7777777777777779e+00 0.0000000000000000e+00 1.0000000000000000e+00 1.6666666666666670e+00 0.0000000000000000e+00 1.0000000000000000e+00 1.5555555555555560e+00 0.0000000000000000e+00 1.0000000000000000e+00 1.4444444444444440e+00 0.0000000000000000e+00 1.0000000000000000e+00 1.3333333333333330e+00 0.0000000000000000e+00 1.0000000000000000e+00 1.2222222222222221e+00 0.0000000000000000e+00 1.0000000000000000e+00 1.1111111111111109e+00 0.0000000000000000e+00 1.0000000000000000e+00 1.9444444444444771e+00 0.0000000000000000e+00 1.0000000000000000e+00 1.8333333333333559e+00 0.0000000000000000e+00 1.0000000000000000e+00 1.7222222222221459e+00 0.0000000000000000e+00 1.0000000000000000e+00 1.6111111111110390e+00 0.0000000000000000e+00 1.0000000000000000e+00 1.5000000000001830e+00 0.0000000000000000e+00 1.0000000000000000e+00 1.3888888888889230e+00 0.0000000000000000e+00 1.0000000000000000e+00 1.2777777777777970e+00 0.0000000000000000e+00 1.0000000000000000e+00 1.1666666666667460e+00 0.0000000000000000e+00 1.0000000000000000e+00 1.0555555555556251e+00 0.0000000000000000e+00 1.1111111111149960e-01 8.8888888888844508e-01 0.0000000000000000e+00 2.2222222222298790e-01 8.8888888888846396e-01 0.0000000000000000e+00 3.3333333333447412e-01 8.8888888888848250e-01 0.0000000000000000e+00 4.4444444444596021e-01 8.8888888888850170e-01 0.0000000000000000e+00 5.5555555555693259e-01 8.8888888888852058e-01 0.0000000000000000e+00 6.6666666666739127e-01 8.8888888888853923e-01 0.0000000000000000e+00 7.7777777777784962e-01 8.8888888888855844e-01 0.0000000000000000e+00 8.8888888888844497e-01 8.8888888888857698e-01 0.0000000000000000e+00 1.1111111111142570e-01 7.7777777777784973e-01 0.0000000000000000e+00 2.2222222222282870e-01 7.7777777777776747e-01 0.0000000000000000e+00 3.3333333333422738e-01 7.7777777777768509e-01 0.0000000000000000e+00 4.4444444444562609e-01 7.7777777777760293e-01 0.0000000000000000e+00 5.5555555555661418e-01 7.7777777777752055e-01 0.0000000000000000e+00 6.6666666666719099e-01 7.7777777777743839e-01 0.0000000000000000e+00 7.7777777777776747e-01 7.7777777777735624e-01 0.0000000000000000e+00 8.8888888888846407e-01 7.7777777777727386e-01 0.0000000000000000e+00 1.1111111111135180e-01 6.6666666666739127e-01 0.0000000000000000e+00 2.2222222222266949e-01 6.6666666666719077e-01 0.0000000000000000e+00 3.3333333333398091e-01 6.6666666666699048e-01 0.0000000000000000e+00 4.4444444444529219e-01 6.6666666666678998e-01 0.0000000000000000e+00 5.5555555555629532e-01 6.6666666666658925e-01 0.0000000000000000e+00 6.6666666666699026e-01 6.6666666666638896e-01 0.0000000000000000e+00 7.7777777777768531e-01 6.6666666666618823e-01 0.0000000000000000e+00 8.8888888888848272e-01 6.6666666666598795e-01 0.0000000000000000e+00 1.1111111111127790e-01 5.5555555555693270e-01 0.0000000000000000e+00 2.2222222222251031e-01 5.5555555555661407e-01 0.0000000000000000e+00 3.3333333333373422e-01 5.5555555555629543e-01 0.0000000000000000e+00 4.4444444444495812e-01 5.5555555555597658e-01 0.0000000000000000e+00 5.5555555555597658e-01 5.5555555555565794e-01 0.0000000000000000e+00 6.6666666666678998e-01 5.5555555555533931e-01 0.0000000000000000e+00 7.7777777777760293e-01 5.5555555555502067e-01 0.0000000000000000e+00 8.8888888888850159e-01 5.5555555555470204e-01 0.0000000000000000e+00 1.1111111111120391e-01 4.4444444444596032e-01 0.0000000000000000e+00 2.2222222222235111e-01 4.4444444444562609e-01 0.0000000000000000e+00 3.3333333333348752e-01 4.4444444444529219e-01 0.0000000000000000e+00 4.4444444444462411e-01 4.4444444444495801e-01 0.0000000000000000e+00 5.5555555555565805e-01 4.4444444444462411e-01 0.0000000000000000e+00 6.6666666666658925e-01 4.4444444444428999e-01 0.0000000000000000e+00 7.7777777777752055e-01 4.4444444444395592e-01 0.0000000000000000e+00 8.8888888888852047e-01 4.4444444444362202e-01 0.0000000000000000e+00 1.1111111111113001e-01 3.3333333333447401e-01 0.0000000000000000e+00 2.2222222222219190e-01 3.3333333333422738e-01 0.0000000000000000e+00 3.3333333333324089e-01 3.3333333333398091e-01 0.0000000000000000e+00 4.4444444444428999e-01 3.3333333333373422e-01 0.0000000000000000e+00 5.5555555555533920e-01 3.3333333333348758e-01 0.0000000000000000e+00 6.6666666666638896e-01 3.3333333333324089e-01 0.0000000000000000e+00 7.7777777777743839e-01 3.3333333333299420e-01 0.0000000000000000e+00 8.8888888888853934e-01 3.3333333333274773e-01 0.0000000000000000e+00 1.1111111111105609e-01 2.2222222222298799e-01 0.0000000000000000e+00 2.2222222222203269e-01 2.2222222222282870e-01 0.0000000000000000e+00 3.3333333333299442e-01 2.2222222222266949e-01 0.0000000000000000e+00 4.4444444444395592e-01 2.2222222222251031e-01 0.0000000000000000e+00 5.5555555555502079e-01 2.2222222222235111e-01 0.0000000000000000e+00 6.6666666666618846e-01 2.2222222222219190e-01 0.0000000000000000e+00 7.7777777777735602e-01 2.2222222222203269e-01 0.0000000000000000e+00 8.8888888888855822e-01 2.2222222222187349e-01 0.0000000000000000e+00 1.1111111111098219e-01 1.1111111111149960e-01 0.0000000000000000e+00 2.2222222222187349e-01 1.1111111111142570e-01 0.0000000000000000e+00 3.3333333333274773e-01 1.1111111111135180e-01 0.0000000000000000e+00 4.4444444444362191e-01 1.1111111111127790e-01 0.0000000000000000e+00 5.5555555555470193e-01 1.1111111111120391e-01 0.0000000000000000e+00 6.6666666666598795e-01 1.1111111111113001e-01 0.0000000000000000e+00 7.7777777777727386e-01 1.1111111111105609e-01 0.0000000000000000e+00 8.8888888888857709e-01 1.1111111111098219e-01 0.0000000000000000e+00 5.5555555555786777e-02 9.4444444444421305e-01 0.0000000000000000e+00 5.5555555555749807e-02 8.8888888888843565e-01 0.0000000000000000e+00 1.1111111111153660e-01 9.4444444444422260e-01 0.0000000000000000e+00 1.6666666666732341e-01 9.4444444444422260e-01 0.0000000000000000e+00 1.6666666666724381e-01 8.8888888888845452e-01 0.0000000000000000e+00 2.2222222222306751e-01 9.4444444444423192e-01 0.0000000000000000e+00 2.7777777777885432e-01 9.4444444444423192e-01 0.0000000000000000e+00 2.7777777777873103e-01 8.8888888888847317e-01 0.0000000000000000e+00 3.3333333333459741e-01 9.4444444444424125e-01 0.0000000000000000e+00 3.8888888889038420e-01 9.4444444444424125e-01 0.0000000000000000e+00 3.8888888889021722e-01 8.8888888888849205e-01 0.0000000000000000e+00 4.4444444444612718e-01 9.4444444444425080e-01 0.0000000000000000e+00 5.0000000000160583e-01 9.4444444444425080e-01 0.0000000000000000e+00 5.0000000000144640e-01 8.8888888888851114e-01 0.0000000000000000e+00 5.5555555555709191e-01 9.4444444444426034e-01 0.0000000000000000e+00 6.1111111111226224e-01 9.4444444444426034e-01 0.0000000000000000e+00 6.1111111111216188e-01 8.8888888888852990e-01 0.0000000000000000e+00 6.6666666666749153e-01 9.4444444444426967e-01 0.0000000000000000e+00 7.2222222222266164e-01 9.4444444444426967e-01 0.0000000000000000e+00 7.2222222222262045e-01 8.8888888888854889e-01 0.0000000000000000e+00 7.7777777777789081e-01 9.4444444444427922e-01 0.0000000000000000e+00 8.3333333333313786e-01 9.4444444444427922e-01 0.0000000000000000e+00 8.3333333333314730e-01 8.8888888888856776e-01 0.0000000000000000e+00 8.8888888888843565e-01 9.4444444444428854e-01 0.0000000000000000e+00 9.4444444444422249e-01 9.4444444444428854e-01 0.0000000000000000e+00 9.4444444444422249e-01 8.8888888888858641e-01 0.0000000000000000e+00 5.5555555555749807e-02 8.3333333333318849e-01 0.0000000000000000e+00 5.5555555555712857e-02 7.7777777777789092e-01 0.0000000000000000e+00 1.1111111111146270e-01 8.3333333333314741e-01 0.0000000000000000e+00 1.6666666666720681e-01 8.3333333333315684e-01 0.0000000000000000e+00 1.6666666666712721e-01 7.7777777777780854e-01 0.0000000000000000e+00 2.2222222222290830e-01 8.3333333333311566e-01 0.0000000000000000e+00 2.7777777777865142e-01 8.3333333333312498e-01 0.0000000000000000e+00 2.7777777777852808e-01 7.7777777777772628e-01 0.0000000000000000e+00 3.3333333333435078e-01 8.3333333333308379e-01 0.0000000000000000e+00 3.8888888889009382e-01 8.3333333333309345e-01 0.0000000000000000e+00 3.8888888888992668e-01 7.7777777777764401e-01 0.0000000000000000e+00 4.4444444444579312e-01 8.3333333333305237e-01 0.0000000000000000e+00 5.0000000000127931e-01 8.3333333333306170e-01 0.0000000000000000e+00 5.0000000000112010e-01 7.7777777777756174e-01 0.0000000000000000e+00 5.5555555555677338e-01 8.3333333333302062e-01 0.0000000000000000e+00 6.1111111111200267e-01 8.3333333333302995e-01 0.0000000000000000e+00 6.1111111111190253e-01 7.7777777777747947e-01 0.0000000000000000e+00 6.6666666666729113e-01 8.3333333333298887e-01 0.0000000000000000e+00 7.2222222222252030e-01 8.3333333333299842e-01 0.0000000000000000e+00 7.2222222222247923e-01 7.7777777777739732e-01 0.0000000000000000e+00 7.7777777777780854e-01 8.3333333333295734e-01 0.0000000000000000e+00 8.3333333333310622e-01 8.3333333333296666e-01 0.0000000000000000e+00 8.3333333333311577e-01 7.7777777777731505e-01 0.0000000000000000e+00 8.8888888888845452e-01 8.3333333333292536e-01 0.0000000000000000e+00 9.4444444444423203e-01 8.3333333333293491e-01 0.0000000000000000e+00 9.4444444444423203e-01 7.7777777777723278e-01 0.0000000000000000e+00 5.5555555555712857e-02 7.2222222222272081e-01 0.0000000000000000e+00 5.5555555555675901e-02 6.6666666666749153e-01 0.0000000000000000e+00 1.1111111111138880e-01 7.2222222222262045e-01 0.0000000000000000e+00 1.6666666666709029e-01 7.2222222222257937e-01 0.0000000000000000e+00 1.6666666666701069e-01 6.6666666666729102e-01 0.0000000000000000e+00 2.2222222222274909e-01 7.2222222222247912e-01 0.0000000000000000e+00 2.7777777777844848e-01 7.2222222222243793e-01 0.0000000000000000e+00 2.7777777777832519e-01 6.6666666666709062e-01 0.0000000000000000e+00 3.3333333333410409e-01 7.2222222222233778e-01 0.0000000000000000e+00 3.8888888888980350e-01 7.2222222222229671e-01 0.0000000000000000e+00 3.8888888888963657e-01 6.6666666666689023e-01 0.0000000000000000e+00 4.4444444444545922e-01 7.2222222222219645e-01 0.0000000000000000e+00 5.0000000000095324e-01 7.2222222222215526e-01 0.0000000000000000e+00 5.0000000000079381e-01 6.6666666666668961e-01 0.0000000000000000e+00 5.5555555555645475e-01 7.2222222222205490e-01 0.0000000000000000e+00 6.1111111111174310e-01 7.2222222222201382e-01 0.0000000000000000e+00 6.1111111111164274e-01 6.6666666666648910e-01 0.0000000000000000e+00 6.6666666666709062e-01 7.2222222222191368e-01 0.0000000000000000e+00 7.2222222222237886e-01 7.2222222222187260e-01 0.0000000000000000e+00 7.2222222222233778e-01 6.6666666666628860e-01 0.0000000000000000e+00 7.7777777777772639e-01 7.2222222222177224e-01 0.0000000000000000e+00 8.3333333333307469e-01 7.2222222222173105e-01 0.0000000000000000e+00 8.3333333333308401e-01 6.6666666666608809e-01 0.0000000000000000e+00 8.8888888888847339e-01 7.2222222222163091e-01 0.0000000000000000e+00 9.4444444444424136e-01 7.2222222222158972e-01 0.0000000000000000e+00 9.4444444444424136e-01 6.6666666666588770e-01 0.0000000000000000e+00 5.5555555555675901e-02 6.1111111111232130e-01 0.0000000000000000e+00 5.5555555555638930e-02 5.5555555555709202e-01 0.0000000000000000e+00 1.1111111111131480e-01 6.1111111111216199e-01 0.0000000000000000e+00 1.6666666666697369e-01 6.1111111111206173e-01 0.0000000000000000e+00 1.6666666666689409e-01 5.5555555555677338e-01 0.0000000000000000e+00 2.2222222222258989e-01 6.1111111111190242e-01 0.0000000000000000e+00 2.7777777777824558e-01 6.1111111111180227e-01 0.0000000000000000e+00 2.7777777777812218e-01 5.5555555555645475e-01 0.0000000000000000e+00 3.3333333333385751e-01 6.1111111111164296e-01 0.0000000000000000e+00 3.8888888888951317e-01 6.1111111111154270e-01 0.0000000000000000e+00 3.8888888888934608e-01 5.5555555555613600e-01 0.0000000000000000e+00 4.4444444444512521e-01 6.1111111111138328e-01 0.0000000000000000e+00 5.0000000000062672e-01 6.1111111111128291e-01 0.0000000000000000e+00 5.0000000000046740e-01 5.5555555555581726e-01 0.0000000000000000e+00 5.5555555555613600e-01 6.1111111111112359e-01 0.0000000000000000e+00 6.1111111111148342e-01 6.1111111111102345e-01 0.0000000000000000e+00 6.1111111111138328e-01 5.5555555555549863e-01 0.0000000000000000e+00 6.6666666666689012e-01 6.1111111111086414e-01 0.0000000000000000e+00 7.2222222222223764e-01 6.1111111111076377e-01 0.0000000000000000e+00 7.2222222222219645e-01 5.5555555555517999e-01 0.0000000000000000e+00 7.7777777777764412e-01 6.1111111111060445e-01 0.0000000000000000e+00 8.3333333333304282e-01 6.1111111111050431e-01 0.0000000000000000e+00 8.3333333333305226e-01 5.5555555555486136e-01 0.0000000000000000e+00 8.8888888888849216e-01 6.1111111111034500e-01 0.0000000000000000e+00 9.4444444444425080e-01 6.1111111111024474e-01 0.0000000000000000e+00 9.4444444444425080e-01 5.5555555555454261e-01 0.0000000000000000e+00 5.5555555555638930e-02 5.0000000000161349e-01 0.0000000000000000e+00 5.5555555555601960e-02 4.4444444444612730e-01 0.0000000000000000e+00 1.1111111111124090e-01 5.0000000000144651e-01 0.0000000000000000e+00 1.6666666666685709e-01 5.0000000000128719e-01 0.0000000000000000e+00 1.6666666666677751e-01 4.4444444444579317e-01 0.0000000000000000e+00 2.2222222222243071e-01 5.0000000000112010e-01 0.0000000000000000e+00 2.7777777777804258e-01 5.0000000000096079e-01 0.0000000000000000e+00 2.7777777777791929e-01 4.4444444444545922e-01 0.0000000000000000e+00 3.3333333333361082e-01 5.0000000000079381e-01 0.0000000000000000e+00 3.8888888888922279e-01 5.0000000000063438e-01 0.0000000000000000e+00 3.8888888888905582e-01 4.4444444444512510e-01 0.0000000000000000e+00 4.4444444444479109e-01 5.0000000000046729e-01 0.0000000000000000e+00 5.0000000000030032e-01 5.0000000000030798e-01 0.0000000000000000e+00 5.0000000000014100e-01 4.4444444444479098e-01 0.0000000000000000e+00 5.5555555555581737e-01 5.0000000000014100e-01 0.0000000000000000e+00 6.1111111111122396e-01 4.9999999999998168e-01 0.0000000000000000e+00 6.1111111111112359e-01 4.4444444444445702e-01 0.0000000000000000e+00 6.6666666666668961e-01 4.9999999999981459e-01 0.0000000000000000e+00 7.2222222222209609e-01 4.9999999999965528e-01 0.0000000000000000e+00 7.2222222222205490e-01 4.4444444444412301e-01 0.0000000000000000e+00 7.7777777777756174e-01 4.9999999999948830e-01 0.0000000000000000e+00 8.3333333333301107e-01 4.9999999999932898e-01 0.0000000000000000e+00 8.3333333333302051e-01 4.4444444444378889e-01 0.0000000000000000e+00 8.8888888888851103e-01 4.9999999999916200e-01 0.0000000000000000e+00 9.4444444444426023e-01 4.9999999999900258e-01 0.0000000000000000e+00 9.4444444444426023e-01 4.4444444444345488e-01 0.0000000000000000e+00 5.5555555555601960e-02 3.8888888889034051e-01 0.0000000000000000e+00 5.5555555555565003e-02 3.3333333333459741e-01 0.0000000000000000e+00 1.1111111111116700e-01 3.8888888889021711e-01 0.0000000000000000e+00 1.6666666666674060e-01 3.8888888889005002e-01 0.0000000000000000e+00 1.6666666666666100e-01 3.3333333333435072e-01 0.0000000000000000e+00 2.2222222222227150e-01 3.8888888888992679e-01 0.0000000000000000e+00 2.7777777777783969e-01 3.8888888888975981e-01 0.0000000000000000e+00 2.7777777777771639e-01 3.3333333333410409e-01 0.0000000000000000e+00 3.3333333333336418e-01 3.8888888888963652e-01 0.0000000000000000e+00 3.8888888888893253e-01 3.8888888888946938e-01 0.0000000000000000e+00 3.8888888888876549e-01 3.3333333333385751e-01 0.0000000000000000e+00 4.4444444444445702e-01 3.8888888888934608e-01 0.0000000000000000e+00 4.9999999999997402e-01 3.8888888888917911e-01 0.0000000000000000e+00 4.9999999999981459e-01 3.3333333333361093e-01 0.0000000000000000e+00 5.5555555555549863e-01 3.8888888888905582e-01 0.0000000000000000e+00 6.1111111111096417e-01 3.8888888888888878e-01 0.0000000000000000e+00 6.1111111111086402e-01 3.3333333333336418e-01 0.0000000000000000e+00 6.6666666666648910e-01 3.8888888888876538e-01 0.0000000000000000e+00 7.2222222222195476e-01 3.8888888888859841e-01 0.0000000000000000e+00 7.2222222222191368e-01 3.3333333333311749e-01 0.0000000000000000e+00 7.7777777777747947e-01 3.8888888888847511e-01 0.0000000000000000e+00 8.3333333333297943e-01 3.8888888888830808e-01 0.0000000000000000e+00 8.3333333333298887e-01 3.3333333333287102e-01 0.0000000000000000e+00 8.8888888888852990e-01 3.8888888888818479e-01 0.0000000000000000e+00 9.4444444444426967e-01 3.8888888888801781e-01 0.0000000000000000e+00 9.4444444444426967e-01 3.3333333333262438e-01 0.0000000000000000e+00 5.5555555555565003e-02 2.7777777777881052e-01 0.0000000000000000e+00 5.5555555555528047e-02 2.2222222222306759e-01 0.0000000000000000e+00 1.1111111111109299e-01 2.7777777777873103e-01 0.0000000000000000e+00 1.6666666666662400e-01 2.7777777777860768e-01 0.0000000000000000e+00 1.6666666666654439e-01 2.2222222222290830e-01 0.0000000000000000e+00 2.2222222222211230e-01 2.7777777777852808e-01 0.0000000000000000e+00 2.7777777777763679e-01 2.7777777777840468e-01 0.0000000000000000e+00 2.7777777777751361e-01 2.2222222222274909e-01 0.0000000000000000e+00 3.3333333333311771e-01 2.7777777777832519e-01 0.0000000000000000e+00 3.8888888888864209e-01 2.7777777777820178e-01 0.0000000000000000e+00 3.8888888888847523e-01 2.2222222222258989e-01 0.0000000000000000e+00 4.4444444444412301e-01 2.7777777777812218e-01 0.0000000000000000e+00 4.9999999999964762e-01 2.7777777777799889e-01 0.0000000000000000e+00 4.9999999999948841e-01 2.2222222222243071e-01 0.0000000000000000e+00 5.5555555555517999e-01 2.7777777777791929e-01 0.0000000000000000e+00 6.1111111111070482e-01 2.7777777777779600e-01 0.0000000000000000e+00 6.1111111111060468e-01 2.2222222222227150e-01 0.0000000000000000e+00 6.6666666666628871e-01 2.7777777777771639e-01 0.0000000000000000e+00 7.2222222222181343e-01 2.7777777777759299e-01 0.0000000000000000e+00 7.2222222222177224e-01 2.2222222222211230e-01 0.0000000000000000e+00 7.7777777777739721e-01 2.7777777777751339e-01 0.0000000000000000e+00 8.3333333333294768e-01 2.7777777777739021e-01 0.0000000000000000e+00 8.3333333333295712e-01 2.2222222222195309e-01 0.0000000000000000e+00 8.8888888888854878e-01 2.7777777777731061e-01 0.0000000000000000e+00 9.4444444444427911e-01 2.7777777777718732e-01 0.0000000000000000e+00 9.4444444444427911e-01 2.2222222222179391e-01 0.0000000000000000e+00 5.5555555555528047e-02 1.6666666666728081e-01 0.0000000000000000e+00 5.5555555555491083e-02 1.1111111111153660e-01 0.0000000000000000e+00 1.1111111111101910e-01 1.6666666666724381e-01 0.0000000000000000e+00 1.6666666666650740e-01 1.6666666666716409e-01 0.0000000000000000e+00 1.6666666666642779e-01 1.1111111111146270e-01 0.0000000000000000e+00 2.2222222222195309e-01 1.6666666666712721e-01 0.0000000000000000e+00 2.7777777777743401e-01 1.6666666666704760e-01 0.0000000000000000e+00 2.7777777777731061e-01 1.1111111111138870e-01 0.0000000000000000e+00 3.3333333333287107e-01 1.6666666666701069e-01 0.0000000000000000e+00 3.8888888888835182e-01 1.6666666666693111e-01 0.0000000000000000e+00 3.8888888888818479e-01 1.1111111111131480e-01 0.0000000000000000e+00 4.4444444444378889e-01 1.6666666666689409e-01 0.0000000000000000e+00 4.9999999999932132e-01 1.6666666666681451e-01 0.0000000000000000e+00 4.9999999999916189e-01 1.1111111111124090e-01 0.0000000000000000e+00 5.5555555555486136e-01 1.6666666666677751e-01 0.0000000000000000e+00 6.1111111111044525e-01 1.6666666666669791e-01 0.0000000000000000e+00 6.1111111111034488e-01 1.1111111111116700e-01 0.0000000000000000e+00 6.6666666666608820e-01 1.6666666666666100e-01 0.0000000000000000e+00 7.2222222222167198e-01 1.6666666666658139e-01 0.0000000000000000e+00 7.2222222222163091e-01 1.1111111111109299e-01 0.0000000000000000e+00 7.7777777777731494e-01 1.6666666666654439e-01 0.0000000000000000e+00 8.3333333333291604e-01 1.6666666666646479e-01 0.0000000000000000e+00 8.3333333333292547e-01 1.1111111111101910e-01 0.0000000000000000e+00 8.8888888888856765e-01 1.6666666666642779e-01 0.0000000000000000e+00 9.4444444444428854e-01 1.6666666666634819e-01 0.0000000000000000e+00 9.4444444444428854e-01 1.1111111111094520e-01 0.0000000000000000e+00 5.5555555555491083e-02 5.5555555555749821e-02 0.0000000000000000e+00 1.1111111111094520e-01 5.5555555555749821e-02 0.0000000000000000e+00 1.6666666666639091e-01 5.5555555555712843e-02 0.0000000000000000e+00 2.2222222222179391e-01 5.5555555555712843e-02 0.0000000000000000e+00 2.7777777777723101e-01 5.5555555555675901e-02 0.0000000000000000e+00 3.3333333333262438e-01 5.5555555555675901e-02 0.0000000000000000e+00 3.8888888888806139e-01 5.5555555555638930e-02 0.0000000000000000e+00 4.4444444444345488e-01 5.5555555555638930e-02 0.0000000000000000e+00 4.9999999999899492e-01 5.5555555555601967e-02 0.0000000000000000e+00 5.5555555555454261e-01 5.5555555555601967e-02 0.0000000000000000e+00 6.1111111111018568e-01 5.5555555555565003e-02 0.0000000000000000e+00 6.6666666666588770e-01 5.5555555555565003e-02 0.0000000000000000e+00 7.2222222222153065e-01 5.5555555555528047e-02 0.0000000000000000e+00 7.7777777777723278e-01 5.5555555555528047e-02 0.0000000000000000e+00 8.3333333333288429e-01 5.5555555555491083e-02 0.0000000000000000e+00 8.8888888888858641e-01 5.5555555555491083e-02 0.0000000000000000e+00 9.4444444444429787e-01 5.5555555555454113e-02 0.0000000000000000e+00 1.1111111111149960e-01 1.1111111111111109e+00 0.0000000000000000e+00 2.2222222222298790e-01 1.1111111111111109e+00 0.0000000000000000e+00 3.3333333333447412e-01 1.1111111111111109e+00 0.0000000000000000e+00 4.4444444444596021e-01 1.1111111111111109e+00 0.0000000000000000e+00 5.5555555555693259e-01 1.1111111111111109e+00 0.0000000000000000e+00 6.6666666666739127e-01 1.1111111111111109e+00 0.0000000000000000e+00 7.7777777777784962e-01 1.1111111111111109e+00 0.0000000000000000e+00 8.8888888888844497e-01 1.1111111111111109e+00 0.0000000000000000e+00 1.1111111111142570e-01 1.2222222222222221e+00 0.0000000000000000e+00 2.2222222222282870e-01 1.2222222222222221e+00 0.0000000000000000e+00 3.3333333333422738e-01 1.2222222222222221e+00 0.0000000000000000e+00 4.4444444444562609e-01 1.2222222222222221e+00 0.0000000000000000e+00 5.5555555555661396e-01 1.2222222222222221e+00 0.0000000000000000e+00 6.6666666666719099e-01 1.2222222222222221e+00 0.0000000000000000e+00 7.7777777777776747e-01 1.2222222222222221e+00 0.0000000000000000e+00 8.8888888888846385e-01 1.2222222222222221e+00 0.0000000000000000e+00 1.1111111111135180e-01 1.3333333333333330e+00 0.0000000000000000e+00 2.2222222222266949e-01 1.3333333333333330e+00 0.0000000000000000e+00 3.3333333333398091e-01 1.3333333333333330e+00 0.0000000000000000e+00 4.4444444444529219e-01 1.3333333333333330e+00 0.0000000000000000e+00 5.5555555555629532e-01 1.3333333333333330e+00 0.0000000000000000e+00 6.6666666666699026e-01 1.3333333333333330e+00 0.0000000000000000e+00 7.7777777777768531e-01 1.3333333333333339e+00 0.0000000000000000e+00 8.8888888888848272e-01 1.3333333333333330e+00 0.0000000000000000e+00 1.1111111111127790e-01 1.4444444444444440e+00 0.0000000000000000e+00 2.2222222222251031e-01 1.4444444444444440e+00 0.0000000000000000e+00 3.3333333333373422e-01 1.4444444444444440e+00 0.0000000000000000e+00 4.4444444444495812e-01 1.4444444444444451e+00 0.0000000000000000e+00 5.5555555555597669e-01 1.4444444444444440e+00 0.0000000000000000e+00 6.6666666666678998e-01 1.4444444444444440e+00 0.0000000000000000e+00 7.7777777777760293e-01 1.4444444444444440e+00 0.0000000000000000e+00 8.8888888888850159e-01 1.4444444444444440e+00 0.0000000000000000e+00 1.1111111111120391e-01 1.5555555555555549e+00 0.0000000000000000e+00 2.2222222222235111e-01 1.5555555555555560e+00 0.0000000000000000e+00 3.3333333333348752e-01 1.5555555555555549e+00 0.0000000000000000e+00 4.4444444444462411e-01 1.5555555555555549e+00 0.0000000000000000e+00 5.5555555555565805e-01 1.5555555555555560e+00 0.0000000000000000e+00 6.6666666666658925e-01 1.5555555555555560e+00 0.0000000000000000e+00 7.7777777777752055e-01 1.5555555555555560e+00 0.0000000000000000e+00 8.8888888888852047e-01 1.5555555555555560e+00 0.0000000000000000e+00 1.1111111111113001e-01 1.6666666666666670e+00 0.0000000000000000e+00 2.2222222222219190e-01 1.6666666666666670e+00 0.0000000000000000e+00 3.3333333333324089e-01 1.6666666666666670e+00 0.0000000000000000e+00 4.4444444444428999e-01 1.6666666666666670e+00 0.0000000000000000e+00 5.5555555555533920e-01 1.6666666666666661e+00 0.0000000000000000e+00 6.6666666666638896e-01 1.6666666666666670e+00 0.0000000000000000e+00 7.7777777777743839e-01 1.6666666666666670e+00 0.0000000000000000e+00 8.8888888888853934e-01 1.6666666666666661e+00 0.0000000000000000e+00 1.1111111111105609e-01 1.7777777777777770e+00 0.0000000000000000e+00 2.2222222222203269e-01 1.7777777777777779e+00 0.0000000000000000e+00 3.3333333333299442e-01 1.7777777777777779e+00 0.0000000000000000e+00 4.4444444444395592e-01 1.7777777777777779e+00 0.0000000000000000e+00 5.5555555555502079e-01 1.7777777777777779e+00 0.0000000000000000e+00 6.6666666666618823e-01 1.7777777777777779e+00 0.0000000000000000e+00 7.7777777777735624e-01 1.7777777777777779e+00 0.0000000000000000e+00 8.8888888888855822e-01 1.7777777777777779e+00 0.0000000000000000e+00 1.1111111111098219e-01 1.8888888888888891e+00 0.0000000000000000e+00 2.2222222222187349e-01 1.8888888888888891e+00 0.0000000000000000e+00 3.3333333333274773e-01 1.8888888888888891e+00 0.0000000000000000e+00 4.4444444444362202e-01 1.8888888888888891e+00 0.0000000000000000e+00 5.5555555555470193e-01 1.8888888888888891e+00 0.0000000000000000e+00 6.6666666666598795e-01 1.8888888888888891e+00 0.0000000000000000e+00 7.7777777777727386e-01 1.8888888888888891e+00 0.0000000000000000e+00 8.8888888888857687e-01 1.8888888888888891e+00 0.0000000000000000e+00 5.5555555555786777e-02 1.0555555555555560e+00 0.0000000000000000e+00 5.5555555555749807e-02 1.1111111111111109e+00 0.0000000000000000e+00 1.1111111111153660e-01 1.0555555555555560e+00 0.0000000000000000e+00 1.6666666666732341e-01 1.0555555555555560e+00 0.0000000000000000e+00 1.6666666666724381e-01 1.1111111111111109e+00 0.0000000000000000e+00 2.2222222222306751e-01 1.0555555555555549e+00 0.0000000000000000e+00 2.7777777777885432e-01 1.0555555555555549e+00 0.0000000000000000e+00 2.7777777777873103e-01 1.1111111111111109e+00 0.0000000000000000e+00 3.3333333333459741e-01 1.0555555555555560e+00 0.0000000000000000e+00 3.8888888889038420e-01 1.0555555555555560e+00 0.0000000000000000e+00 3.8888888889021711e-01 1.1111111111111109e+00 0.0000000000000000e+00 4.4444444444612718e-01 1.0555555555555560e+00 0.0000000000000000e+00 5.0000000000160583e-01 1.0555555555555560e+00 0.0000000000000000e+00 5.0000000000144640e-01 1.1111111111111109e+00 0.0000000000000000e+00 5.5555555555709191e-01 1.0555555555555560e+00 0.0000000000000000e+00 6.1111111111226224e-01 1.0555555555555560e+00 0.0000000000000000e+00 6.1111111111216188e-01 1.1111111111111109e+00 0.0000000000000000e+00 6.6666666666749153e-01 1.0555555555555560e+00 0.0000000000000000e+00 7.2222222222266164e-01 1.0555555555555560e+00 0.0000000000000000e+00 7.2222222222262045e-01 1.1111111111111109e+00 0.0000000000000000e+00 7.7777777777789081e-01 1.0555555555555560e+00 0.0000000000000000e+00 8.3333333333313786e-01 1.0555555555555560e+00 0.0000000000000000e+00 8.3333333333314730e-01 1.1111111111111109e+00 0.0000000000000000e+00 8.8888888888843565e-01 1.0555555555555560e+00 0.0000000000000000e+00 9.4444444444422249e-01 1.0555555555555560e+00 0.0000000000000000e+00 9.4444444444422249e-01 1.1111111111111109e+00 0.0000000000000000e+00 5.5555555555749807e-02 1.1666666666666670e+00 0.0000000000000000e+00 5.5555555555712857e-02 1.2222222222222221e+00 0.0000000000000000e+00 1.1111111111146270e-01 1.1666666666666670e+00 0.0000000000000000e+00 1.6666666666720681e-01 1.1666666666666670e+00 0.0000000000000000e+00 1.6666666666712721e-01 1.2222222222222221e+00 0.0000000000000000e+00 2.2222222222290830e-01 1.1666666666666670e+00 0.0000000000000000e+00 2.7777777777865142e-01 1.1666666666666670e+00 0.0000000000000000e+00 2.7777777777852808e-01 1.2222222222222221e+00 0.0000000000000000e+00 3.3333333333435072e-01 1.1666666666666670e+00 0.0000000000000000e+00 3.8888888889009382e-01 1.1666666666666670e+00 0.0000000000000000e+00 3.8888888888992679e-01 1.2222222222222221e+00 0.0000000000000000e+00 4.4444444444579317e-01 1.1666666666666670e+00 0.0000000000000000e+00 5.0000000000127942e-01 1.1666666666666670e+00 0.0000000000000000e+00 5.0000000000111999e-01 1.2222222222222221e+00 0.0000000000000000e+00 5.5555555555677327e-01 1.1666666666666670e+00 0.0000000000000000e+00 6.1111111111200267e-01 1.1666666666666670e+00 0.0000000000000000e+00 6.1111111111190253e-01 1.2222222222222221e+00 0.0000000000000000e+00 6.6666666666729113e-01 1.1666666666666670e+00 0.0000000000000000e+00 7.2222222222252030e-01 1.1666666666666670e+00 0.0000000000000000e+00 7.2222222222247923e-01 1.2222222222222221e+00 0.0000000000000000e+00 7.7777777777780854e-01 1.1666666666666670e+00 0.0000000000000000e+00 8.3333333333310622e-01 1.1666666666666670e+00 0.0000000000000000e+00 8.3333333333311566e-01 1.2222222222222221e+00 0.0000000000000000e+00 8.8888888888845441e-01 1.1666666666666670e+00 0.0000000000000000e+00 9.4444444444423192e-01 1.1666666666666670e+00 0.0000000000000000e+00 9.4444444444423192e-01 1.2222222222222221e+00 0.0000000000000000e+00 5.5555555555712857e-02 1.2777777777777779e+00 0.0000000000000000e+00 5.5555555555675901e-02 1.3333333333333330e+00 0.0000000000000000e+00 1.1111111111138880e-01 1.2777777777777779e+00 0.0000000000000000e+00 1.6666666666709029e-01 1.2777777777777779e+00 0.0000000000000000e+00 1.6666666666701069e-01 1.3333333333333330e+00 0.0000000000000000e+00 2.2222222222274909e-01 1.2777777777777779e+00 0.0000000000000000e+00 2.7777777777844848e-01 1.2777777777777779e+00 0.0000000000000000e+00 2.7777777777832519e-01 1.3333333333333330e+00 0.0000000000000000e+00 3.3333333333410409e-01 1.2777777777777779e+00 0.0000000000000000e+00 3.8888888888980361e-01 1.2777777777777779e+00 0.0000000000000000e+00 3.8888888888963657e-01 1.3333333333333330e+00 0.0000000000000000e+00 4.4444444444545922e-01 1.2777777777777779e+00 0.0000000000000000e+00 5.0000000000095302e-01 1.2777777777777779e+00 0.0000000000000000e+00 5.0000000000079381e-01 1.3333333333333330e+00 0.0000000000000000e+00 5.5555555555645464e-01 1.2777777777777779e+00 0.0000000000000000e+00 6.1111111111174310e-01 1.2777777777777779e+00 0.0000000000000000e+00 6.1111111111164274e-01 1.3333333333333330e+00 0.0000000000000000e+00 6.6666666666709062e-01 1.2777777777777779e+00 0.0000000000000000e+00 7.2222222222237886e-01 1.2777777777777779e+00 0.0000000000000000e+00 7.2222222222233778e-01 1.3333333333333330e+00 0.0000000000000000e+00 7.7777777777772639e-01 1.2777777777777779e+00 0.0000000000000000e+00 8.3333333333307458e-01 1.2777777777777779e+00 0.0000000000000000e+00 8.3333333333308401e-01 1.3333333333333330e+00 0.0000000000000000e+00 8.8888888888847328e-01 1.2777777777777779e+00 0.0000000000000000e+00 9.4444444444424136e-01 1.2777777777777779e+00 0.0000000000000000e+00 9.4444444444424136e-01 1.3333333333333330e+00 0.0000000000000000e+00 5.5555555555675901e-02 1.3888888888888891e+00 0.0000000000000000e+00 5.5555555555638930e-02 1.4444444444444440e+00 0.0000000000000000e+00 1.1111111111131480e-01 1.3888888888888891e+00 0.0000000000000000e+00 1.6666666666697369e-01 1.3888888888888880e+00 0.0000000000000000e+00 1.6666666666689409e-01 1.4444444444444440e+00 0.0000000000000000e+00 2.2222222222258989e-01 1.3888888888888891e+00 0.0000000000000000e+00 2.7777777777824558e-01 1.3888888888888891e+00 0.0000000000000000e+00 2.7777777777812229e-01 1.4444444444444440e+00 0.0000000000000000e+00 3.3333333333385762e-01 1.3888888888888891e+00 0.0000000000000000e+00 3.8888888888951317e-01 1.3888888888888891e+00 0.0000000000000000e+00 3.8888888888934608e-01 1.4444444444444451e+00 0.0000000000000000e+00 4.4444444444512521e-01 1.3888888888888891e+00 0.0000000000000000e+00 5.0000000000062672e-01 1.3888888888888891e+00 0.0000000000000000e+00 5.0000000000046740e-01 1.4444444444444451e+00 0.0000000000000000e+00 5.5555555555613600e-01 1.3888888888888891e+00 0.0000000000000000e+00 6.1111111111148353e-01 1.3888888888888891e+00 0.0000000000000000e+00 6.1111111111138339e-01 1.4444444444444440e+00 0.0000000000000000e+00 6.6666666666689012e-01 1.3888888888888891e+00 0.0000000000000000e+00 7.2222222222223764e-01 1.3888888888888891e+00 0.0000000000000000e+00 7.2222222222219645e-01 1.4444444444444440e+00 0.0000000000000000e+00 7.7777777777764412e-01 1.3888888888888891e+00 0.0000000000000000e+00 8.3333333333304282e-01 1.3888888888888891e+00 0.0000000000000000e+00 8.3333333333305226e-01 1.4444444444444440e+00 0.0000000000000000e+00 8.8888888888849216e-01 1.3888888888888891e+00 0.0000000000000000e+00 9.4444444444425080e-01 1.3888888888888891e+00 0.0000000000000000e+00 9.4444444444425080e-01 1.4444444444444440e+00 0.0000000000000000e+00 5.5555555555638930e-02 1.5000000000000000e+00 0.0000000000000000e+00 5.5555555555601960e-02 1.5555555555555549e+00 0.0000000000000000e+00 1.1111111111124090e-01 1.5000000000000000e+00 0.0000000000000000e+00 1.6666666666685709e-01 1.5000000000000000e+00 0.0000000000000000e+00 1.6666666666677751e-01 1.5555555555555560e+00 0.0000000000000000e+00 2.2222222222243071e-01 1.5000000000000000e+00 0.0000000000000000e+00 2.7777777777804269e-01 1.5000000000000000e+00 0.0000000000000000e+00 2.7777777777791929e-01 1.5555555555555560e+00 0.0000000000000000e+00 3.3333333333361093e-01 1.5000000000000000e+00 0.0000000000000000e+00 3.8888888888922279e-01 1.5000000000000000e+00 0.0000000000000000e+00 3.8888888888905582e-01 1.5555555555555549e+00 0.0000000000000000e+00 4.4444444444479109e-01 1.5000000000000000e+00 0.0000000000000000e+00 5.0000000000030043e-01 1.5000000000000000e+00 0.0000000000000000e+00 5.0000000000014100e-01 1.5555555555555549e+00 0.0000000000000000e+00 5.5555555555581737e-01 1.5000000000000000e+00 0.0000000000000000e+00 6.1111111111122396e-01 1.5000000000000000e+00 0.0000000000000000e+00 6.1111111111112359e-01 1.5555555555555560e+00 0.0000000000000000e+00 6.6666666666668961e-01 1.5000000000000000e+00 0.0000000000000000e+00 7.2222222222209609e-01 1.5000000000000000e+00 0.0000000000000000e+00 7.2222222222205490e-01 1.5555555555555560e+00 0.0000000000000000e+00 7.7777777777756174e-01 1.5000000000000000e+00 0.0000000000000000e+00 8.3333333333301107e-01 1.5000000000000000e+00 0.0000000000000000e+00 8.3333333333302051e-01 1.5555555555555560e+00 0.0000000000000000e+00 8.8888888888851103e-01 1.5000000000000000e+00 0.0000000000000000e+00 9.4444444444426023e-01 1.5000000000000000e+00 0.0000000000000000e+00 9.4444444444426023e-01 1.5555555555555560e+00 0.0000000000000000e+00 5.5555555555601960e-02 1.6111111111111109e+00 0.0000000000000000e+00 5.5555555555565003e-02 1.6666666666666670e+00 0.0000000000000000e+00 1.1111111111116700e-01 1.6111111111111109e+00 0.0000000000000000e+00 1.6666666666674060e-01 1.6111111111111109e+00 0.0000000000000000e+00 1.6666666666666100e-01 1.6666666666666670e+00 0.0000000000000000e+00 2.2222222222227150e-01 1.6111111111111109e+00 0.0000000000000000e+00 2.7777777777783969e-01 1.6111111111111109e+00 0.0000000000000000e+00 2.7777777777771639e-01 1.6666666666666670e+00 0.0000000000000000e+00 3.3333333333336418e-01 1.6111111111111109e+00 0.0000000000000000e+00 3.8888888888893253e-01 1.6111111111111109e+00 0.0000000000000000e+00 3.8888888888876549e-01 1.6666666666666670e+00 0.0000000000000000e+00 4.4444444444445702e-01 1.6111111111111109e+00 0.0000000000000000e+00 4.9999999999997402e-01 1.6111111111111109e+00 0.0000000000000000e+00 4.9999999999981459e-01 1.6666666666666670e+00 0.0000000000000000e+00 5.5555555555549863e-01 1.6111111111111109e+00 0.0000000000000000e+00 6.1111111111096417e-01 1.6111111111111109e+00 0.0000000000000000e+00 6.1111111111086402e-01 1.6666666666666670e+00 0.0000000000000000e+00 6.6666666666648910e-01 1.6111111111111109e+00 0.0000000000000000e+00 7.2222222222195476e-01 1.6111111111111109e+00 0.0000000000000000e+00 7.2222222222191368e-01 1.6666666666666670e+00 0.0000000000000000e+00 7.7777777777747947e-01 1.6111111111111109e+00 0.0000000000000000e+00 8.3333333333297943e-01 1.6111111111111109e+00 0.0000000000000000e+00 8.3333333333298887e-01 1.6666666666666670e+00 0.0000000000000000e+00 8.8888888888852990e-01 1.6111111111111109e+00 0.0000000000000000e+00 9.4444444444426967e-01 1.6111111111111109e+00 0.0000000000000000e+00 9.4444444444426967e-01 1.6666666666666670e+00 0.0000000000000000e+00 5.5555555555565003e-02 1.7222222222222221e+00 0.0000000000000000e+00 5.5555555555528047e-02 1.7777777777777779e+00 0.0000000000000000e+00 1.1111111111109299e-01 1.7222222222222221e+00 0.0000000000000000e+00 1.6666666666662400e-01 1.7222222222222221e+00 0.0000000000000000e+00 1.6666666666654439e-01 1.7777777777777779e+00 0.0000000000000000e+00 2.2222222222211230e-01 1.7222222222222221e+00 0.0000000000000000e+00 2.7777777777763679e-01 1.7222222222222221e+00 0.0000000000000000e+00 2.7777777777751361e-01 1.7777777777777779e+00 0.0000000000000000e+00 3.3333333333311771e-01 1.7222222222222221e+00 0.0000000000000000e+00 3.8888888888864209e-01 1.7222222222222221e+00 0.0000000000000000e+00 3.8888888888847523e-01 1.7777777777777779e+00 0.0000000000000000e+00 4.4444444444412301e-01 1.7222222222222221e+00 0.0000000000000000e+00 4.9999999999964762e-01 1.7222222222222221e+00 0.0000000000000000e+00 4.9999999999948841e-01 1.7777777777777779e+00 0.0000000000000000e+00 5.5555555555517999e-01 1.7222222222222221e+00 0.0000000000000000e+00 6.1111111111070482e-01 1.7222222222222221e+00 0.0000000000000000e+00 6.1111111111060445e-01 1.7777777777777779e+00 0.0000000000000000e+00 6.6666666666628860e-01 1.7222222222222221e+00 0.0000000000000000e+00 7.2222222222181331e-01 1.7222222222222221e+00 0.0000000000000000e+00 7.2222222222177224e-01 1.7777777777777779e+00 0.0000000000000000e+00 7.7777777777739732e-01 1.7222222222222221e+00 0.0000000000000000e+00 8.3333333333294779e-01 1.7222222222222221e+00 0.0000000000000000e+00 8.3333333333295723e-01 1.7777777777777779e+00 0.0000000000000000e+00 8.8888888888854878e-01 1.7222222222222221e+00 0.0000000000000000e+00 9.4444444444427911e-01 1.7222222222222221e+00 0.0000000000000000e+00 9.4444444444427911e-01 1.7777777777777779e+00 0.0000000000000000e+00 5.5555555555528047e-02 1.8333333333333330e+00 0.0000000000000000e+00 5.5555555555491083e-02 1.8888888888888891e+00 0.0000000000000000e+00 1.1111111111101910e-01 1.8333333333333330e+00 0.0000000000000000e+00 1.6666666666650740e-01 1.8333333333333330e+00 0.0000000000000000e+00 1.6666666666642779e-01 1.8888888888888891e+00 0.0000000000000000e+00 2.2222222222195309e-01 1.8333333333333330e+00 0.0000000000000000e+00 2.7777777777743401e-01 1.8333333333333330e+00 0.0000000000000000e+00 2.7777777777731061e-01 1.8888888888888891e+00 0.0000000000000000e+00 3.3333333333287102e-01 1.8333333333333330e+00 0.0000000000000000e+00 3.8888888888835182e-01 1.8333333333333330e+00 0.0000000000000000e+00 3.8888888888818479e-01 1.8888888888888891e+00 0.0000000000000000e+00 4.4444444444378889e-01 1.8333333333333330e+00 0.0000000000000000e+00 4.9999999999932138e-01 1.8333333333333330e+00 0.0000000000000000e+00 4.9999999999916189e-01 1.8888888888888891e+00 0.0000000000000000e+00 5.5555555555486136e-01 1.8333333333333330e+00 0.0000000000000000e+00 6.1111111111044503e-01 1.8333333333333330e+00 0.0000000000000000e+00 6.1111111111034488e-01 1.8888888888888891e+00 0.0000000000000000e+00 6.6666666666608809e-01 1.8333333333333330e+00 0.0000000000000000e+00 7.2222222222167209e-01 1.8333333333333330e+00 0.0000000000000000e+00 7.2222222222163091e-01 1.8888888888888891e+00 0.0000000000000000e+00 7.7777777777731505e-01 1.8333333333333330e+00 0.0000000000000000e+00 8.3333333333291604e-01 1.8333333333333330e+00 0.0000000000000000e+00 8.3333333333292536e-01 1.8888888888888891e+00 0.0000000000000000e+00 8.8888888888856754e-01 1.8333333333333330e+00 0.0000000000000000e+00 9.4444444444428843e-01 1.8333333333333330e+00 0.0000000000000000e+00 9.4444444444428843e-01 1.8888888888888891e+00 0.0000000000000000e+00 5.5555555555491083e-02 1.9444444444444440e+00 0.0000000000000000e+00 1.1111111111094520e-01 1.9444444444444440e+00 0.0000000000000000e+00 1.6666666666639091e-01 1.9444444444444440e+00 0.0000000000000000e+00 2.2222222222179391e-01 1.9444444444444440e+00 0.0000000000000000e+00 2.7777777777723101e-01 1.9444444444444440e+00 0.0000000000000000e+00 3.3333333333262438e-01 1.9444444444444440e+00 0.0000000000000000e+00 3.8888888888806150e-01 1.9444444444444440e+00 0.0000000000000000e+00 4.4444444444345488e-01 1.9444444444444440e+00 0.0000000000000000e+00 4.9999999999899492e-01 1.9444444444444440e+00 0.0000000000000000e+00 5.5555555555454261e-01 1.9444444444444440e+00 0.0000000000000000e+00 6.1111111111018568e-01 1.9444444444444440e+00 0.0000000000000000e+00 6.6666666666588770e-01 1.9444444444444440e+00 0.0000000000000000e+00 7.2222222222153065e-01 1.9444444444444451e+00 0.0000000000000000e+00 7.7777777777723278e-01 1.9444444444444451e+00 0.0000000000000000e+00 8.3333333333288429e-01 1.9444444444444440e+00 0.0000000000000000e+00 8.8888888888858641e-01 1.9444444444444440e+00 0.0000000000000000e+00 9.4444444444429787e-01 1.9444444444444440e+00 0.0000000000000000e+00
</DataArray>
      </Points>
      <Cells>
        <DataArray type="Int64" format="ascii" Name="connectivity">
5 57 47 65 189 56 47 57 125 189 190 191 47 125 46 191 192 55 46 125 126 192 193 194 46 126 45 194 195 54 45 126 127 195 196 197 45 127 44 197 198 53 44 127 128 198 199 200 44 128 43 200 201 52 43 128 129 201 202 203 43 129 42 203 204 51 42 129 130 204 205 206 42 130 41 206 207 50 41 130 131 207 208 209 41 131 40 209 210 49 40 131 132 210 211 212 40 132 4 212 213 48 4 132 30 213 214 39 57 58 125 66 215 190 125 58 133 215 216 217 125 133 126 217 218 193 126 133 134 218 219 220 126 134 127 220 221 196 127 134 135 221 222 223 127 135 128 223 224 199 128 135 136 224 225 226 128 136 129 226 227 202 129 136 137 227 228 229 129 137 130 229 230 205 130 137 138 230 231 232 130 138 131 232 233 208 131 138 139 233 234 235 131 139 132 235 236 211 132 139 140 236 237 238 132 140 30 238 239 214 30 140 29 239 240 38 58 59 133 67 241 216 133 59 141 241 242 243 133 141 134 243 244 219 134 141 142 244 245 246 134 142 135 246 247 222 135 142 143 247 248 249 135 143 136 249 250 225 136 143 144 250 251 252 136 144 137 252 253 228 137 144 145 253 254 255 137 145 138 255 256 231 138 145 146 256 257 258 138 146 139 258 259 234 139 146 147 259 260 261 139 147 140 261 262 237 140 147 148 262 263 264 140 148 29 264 265 240 29 148 28 265 266 37 59 60 141 68 267 242 141 60 149 267 268 269 141 149 142 269 270 245 142 149 150 270 271 272 142 150 143 272 273 248 143 150 151 273 274 275 143 151 144 275 276 251 144 151 152 276 277 278 144 152 145 278 279 254 145 152 153 279 280 281 145 153 146 281 282 257 146 153 154 282 283 284 146 154 147 284 285 260 147 154 155 285 286 287 147 155 148 287 288 263 148 155 156 288 289 290 148 156 28 290 291 266 28 156 27 291 292 36 60 61 149 69 293 268 149 61 157 293 294 295 149 157 150 295 296 271 150 157 158 296 297 298 150 158 151 298 299 274 151 158 159 299 300 301 151 159 152 301 302 277 152 159 160 302 303 304 152 160 153 304 305 280 153 160 161 305 306 307 153 161 154 307 308 283 154 161 162 308 309 310 154 162 155 310 311 286 155 162 163 311 312 313 155 163 156 313 314 289 156 163 164 314 315 316 156 164 27 316 317 292 27 164 26 317 318 35 61 62 157 70 319 294 157 62 165 319 320 321 157 165 158 321 322 297 158 165 166 322 323 324 158 166 159 324 325 300 159 166 167 325 326 327 159 167 160 327 328 303 160 167 168 328 329 330 160 168 161 330 331 306 161 168 169 331 332 333 161 169 162 333 334 309 162 169 170 334 335 336 162 170 163 336 337 312 163 170 171 337 338 339 163 171 164 339 340 315 164 171 172 340 341 342 164 172 26 342 343 318 26 172 25 343 344 34 62 63 165 71 345 320 165 63 173 345 346 347 165 173 166 347 348 323 166 173 174 348 349 350 166 174 167 350 351 326 167 174 175 351 352 353 167 175 168 353 354 329 168 175 176 354 355 356 168 176 169 356 357 332 169 176 177 357 358 359 169 177 170 359 360 335 170 177 178 360 361 362 170 178 171 362 363 338 171 178 179 363 364 365 171 179 172 365 366 341 172 179 180 366 367 368 172 180 25 368 369 344 25 180 24 369 370 33 63 64 173 72 371 346 173 64 181 371 372 373 173 181 174 373 374 349 174 181 182 374 375 376 174 182 175 376 377 352 175 182 183 377 378 379 175 183 176 379 380 355 176 183 184 380 381 382 176 184 177 382 383 358 177 184 185 383 384 385 177 185 178 385 386 361 178 185 186 386 387 388 178 186 179 388 389 364 179 186 187 389 390 391 179 187 180 391 392 367 180 187 188 392 393 394 180 188 24 394 395 370 24 188 23 395 396 32 64 0 181 73 397 372 181 0 6 397 14 398 181 6 182 398 399 375 182 6 7 399 15 400 182 7 183 400 401 378 183 7 8 401 16 402 183 8 184 402 403 381 184 8 9 403 17 404 184 9 185 404 405 384 185 9 10 405 18 406 185 10 186 406 407 387 186 10 11 407 19 408 186 11 187 408 409 390 187 11 12 409 20 410 187 12 188 410 411 393 188 12 13 411 21 412 188 13 23 412 413 396 23 13 1 413 22 31 5 47 74 56 478 82 47 414 74 480 479 478 47 46 414 55 481 480 46 415 414 483 482 481 46 45 415 54 484 483 45 416 415 486 485 484 45 44 416 53 487 486 44 417 416 489 488 487 44 43 417 52 490 489 43 418 417 492 491 490 43 42 418 51 493 492 42 419 418 495 494 493 42 41 419 50 496 495 41 420 419 498 497 496 41 40 420 49 499 498 40 421 420 501 500 499 40 4 421 48 502 501 4 115 421 124 503 502 74 414 75 479 504 83 414 422 75 506 505 504 414 415 422 482 507 506 415 423 422 509 508 507 415 416 423 485 510 509 416 424 423 512 511 510 416 417 424 488 513 512 417 425 424 515 514 513 417 418 425 491 516 515 418 426 425 518 517 516 418 419 426 494 519 518 419 427 426 521 520 519 419 420 427 497 522 521 420 428 427 524 523 522 420 421 428 500 525 524 421 429 428 527 526 525 421 115 429 503 528 527 115 114 429 123 529 528 75 422 76 505 530 84 422 430 76 532 531 530 422 423 430 508 533 532 423 431 430 535 534 533 423 424 431 511 536 535 424 432 431 538 537 536 424 425 432 514 539 538 425 433 432 541 540 539 425 426 433 517 542 541 426 434 433 544 543 542 426 427 434 520 545 544 427 435 434 547 546 545 427 428 435 523 548 547 428 436 435 550 549 548 428 429 436 526 551 550 429 437 436 553 552 551 429 114 437 529 554 553 114 113 437 122 555 554 76 430 77 531 556 85 430 438 77 558 557 556 430 431 438 534 559 558 431 439 438 561 560 559 431 432 439 537 562 561 432 440 439 564 563 562 432 433 440 540 565 564 433 441 440 567 566 565 433 434 441 543 568 567 434 442 441 570 569 568 434 435 442 546 571 570 435 443 442 573 572 571 435 436 443 549 574 573 436 444 443 576 575 574 436 437 444 552 577 576 437 445 444 579 578 577 437 113 445 555 580 579 113 112 445 121 581 580 77 438 78 557 582 86 438 446 78 584 583 582 438 439 446 560 585 584 439 447 446 587 586 585 439 440 447 563 588 587 440 448 447 590 589 588 440 441 448 566 591 590 441 449 448 593 592 591 441 442 449 569 594 593 442 450 449 596 595 594 442 443 450 572 597 596 443 451 450 599 598 597 443 444 451 575 600 599 444 452 451 602 601 600 444 445 452 578 603 602 445 453 452 605 604 603 445 112 453 581 606 605 112 111 453 120 607 606 78 446 79 583 608 87 446 454 79 610 609 608 446 447 454 586 611 610 447 455 454 613 612 611 447 448 455 589 614 613 448 456 455 616 615 614 448 449 456 592 617 616 449 457 456 619 618 617 449 450 457 595 620 619 450 458 457 622 621 620 450 451 458 598 623 622 451 459 458 625 624 623 451 452 459 601 626 625 452 460 459 628 627 626 452 453 460 604 629 628 453 461 460 631 630 629 453 111 461 607 632 631 111 110 461 119 633 632 79 454 80 609 634 88 454 462 80 636 635 634 454 455 462 612 637 636 455 463 462 639 638 637 455 456 463 615 640 639 456 464 463 642 641 640 456 457 464 618 643 642 457 465 464 645 644 643 457 458 465 621 646 645 458 466 465 648 647 646 458 459 466 624 649 648 459 467 466 651 650 649 459 460 467 627 652 651 460 468 467 654 653 652 460 461 468 630 655 654 461 469 468 657 656 655 461 110 469 633 658 657 110 109 469 118 659 658 80 462 81 635 660 89 462 470 81 662 661 660 462 463 470 638 663 662 463 471 470 665 664 663 463 464 471 641 666 665 464 472 471 668 667 666 464 465 472 644 669 668 465 473 472 671 670 669 465 466 473 647 672 671 466 474 473 674 673 672 466 467 474 650 675 674 467 475 474 677 676 675 467 468 475 653 678 677 468 476 475 680 679 678 468 469 476 656 681 680 469 477 476 683 682 681 469 109 477 659 684 683 109 108 477 117 685 684 81 470 3 661 686 90 470 91 3 687 99 686 470 471 91 664 688 687 471 92 91 689 100 688 471 472 92 667 690 689 472 93 92 691 101 690 472 473 93 670 692 691 473 94 93 693 102 692 473 474 94 673 694 693 474 95 94 695 103 694 474 475 95 676 696 695 475 96 95 697 104 696 475 476 96 679 698 697 476 97 96 699 105 698 476 477 97 682 700 699 477 98 97 701 106 700 477 108 98 685 702 701 108 2 98 116 107 702
</DataArray>
        <DataArray type="Int64" format="ascii" Name="offsets">
6 12 18 24 30 36 42 48 54 60 66 72 78 84 90 96 102 108 114 120 126 132 138 144 150 156 162 168 174 180 186 192 198 204 210 216 222 228 234 240 246 252 258 264 270 276 282 288 294 300 306 312 318 324 330 336 342 348 354 360 366 372 378 384 390 396 402 408 414 420 426 432 438 444 450 456 462 468 474 480 486 492 498 504 510 516 522 528 534 540 546 552 558 564 570 576 582 588 594 600 606 612 618 624 630 636 642 648 654 660 666 672 678 684 690 696 702 708 714 720 726 732 738 744 750 756 762 768 774 780 786 792 798 804 810 816 822 828 834 840 846 852 858 864 870 876 882 888 894 900 906 912 918 924 930 936 942 948 954 960 966 972 978 984 990 996 1002 1008 1014 1020 1026 1032 1038 1044 1050 1056 1062 1068 1074 1080 1086 1092 1098 1104 1110 1116 1122 1128 1134 1140 1146 1152 1158 1164 1170 1176 1182 1188 1194 1200 1206 1212 1218 1224 1230 1236 1242 1248 1254 1260 1266 1272 1278 1284 1290 1296 1302 1308 1314 1320 1326 1332 1338 1344 1350 1356 1362 1368 1374 1380 1386 1392 1398 1404 1410 1416 1422 1428 1434 1440 1446 1452 1458 1464 1470 1476 1482 1488 1494 1500 1506 1512 1518 1524 1530 1536 1542 1548 1554 1560 1566 1572 1578 1584 1590 1596 1602 1608 1614 1620 1626 1632 1638 1644 1650 1656 1662 1668 1674 1680 1686 1692 1698 1704 1710 1716 1722 1728 1734 1740 1746 1752 1758 1764 1770 1776 1782 1788 1794 1800 1806 1812 1818 1824 1830 1836 1842 1848 1854 1860 1866 1872 1878 1884 1890 1896 1902 1908 1914 1920 1926 1932 1938 1944
</DataArray>
        <DataArray type="UInt8" format="ascii" Name="types">
22 22 22 22 22 22 22 22 22 22 22 22 22 22 22 22 22 22 22 22 22 22 22 22 22 22 22 22 22 22 22 22 22 22 22 22 22 22 22 22 22 22 22 22 22 22 22 22 22 22 22 22 22 22 22 22 22 22 22 22 22 22 22 22 22 22 22 22 22 22 22 22 22 22 22 22 22 22 22 22 22 22 22 22 22 22 22 22 22 22 22 22 22 22 22 22 22 22 22 22 22 22 22 22 22 22 22 22 22 22 22 22 22 22 22 22 22 22 22 22 22 22 22 22 22 22 22 22 22 22 22 22 22 22 22 22 22 22 22 22 22 22 22 22 22 22 22 22 22 22 22 22 22 22 22 22 22 22 22 22 22 22 22 22 22 22 22 22 22 22 22 22 22 22 22 22 22 22 22 22 22 22 22 22 22 22 22 22 22 22 22 22 22 22 22 22 22 22 22 22 22 22 22 22 22 22 22 22 22 22 22 22 22 22 22 22 22 22 22 22 22 22 22 22 22 22 22 22 22 22 22 22 22 22 22 22 22 22 22 22 22 22 22 22 22 22 22 22 22 22 22 22 22 22 22 22 22 22 22 22 22 22 22 22 22 22 22 22 22 22 22 22 22 22 22 22 22 22 22 22 22 22 22 22 22 22 22 22 22 22 22 22 22 22 22 22 22 22 22 22 22 22 22 22 22 22 22 22 22 22 22 22 22 22 22 22 22 22 22 22 22 22 22 22
</DataArray>
      </Cells>
    </Piece>
  </UnstructuredGrid>
</VTKFile>