<?xml version='1.0' encoding='utf-8'?>
<VTKFile type="UnstructuredGrid" version="0.1" byte_order="LittleEndian">
  <UnstructuredGrid>
    <Piece NumberOfPoints="703" NumberOfCells="324">
      <PointData Vectors="U">
        <DataArray type="Float64" format="ascii" Name="U" NumberOfComponents="3">
-4.9602961370482516e-16 -5.7668360578199917e-16 0.0000000000000000e+00 1.2407818507720041e-16 6.2574702343073741e-15 0.0000000000000000e+00 1.3154645908415052e-06 -1.9328917411215501e-03 0.0000000000000000e+00 -7.9966875683926386e-06 -1.9342739579292310e-03 0.0000000000000000e+00 2.3347412624027787e-04 -1.1972762472917361e-03 0.0000000000000000e+00 -2.3793319564385370e-04 -1.1994224497940248e-03 0.0000000000000000e+00 2.9615519858650921e-16 -1.4991406221512894e-15 0.0000000000000000e+00 -4.8671047411362600e-18 -9.5740571275475745e-17 0.0000000000000000e+00 -1.5471124266705678e-16 -6.0398651614745401e-16 0.0000000000000000e+00 -7.5832380392141740e-17 -1.3847878019458434e-17 0.0000000000000000e+00 4.9376742895177573e-17 4.6495055279840142e-16 0.0000000000000000e+00 4.8985319645077464e-16 2.3719412201113448e-16 0.0000000000000000e+00 1.6503448360917948e-15 6.0110027715682598e-16 0.0000000000000000e+00 1.6598936302301215e-16 1.3391190897923321e-16 0.0000000000000000e+00 4.1499678968305496e-15 -4.9918157008202985e-15 0.0000000000000000e+00 1.0936755217080835e-15 -1.1508195348988062e-16 0.0000000000000000e+00 -2.5303317288547339e-16 -4.5093877933620492e-16 0.0000000000000000e+00 1.5204657651783060e-16 -1.2941499794056763e-17 0.0000000000000000e+00 -3.2916454584423860e-14 3.2322597979333625e-16 0.0000000000000000e+00 1.5316783544755627e-15 3.1252957353343994e-15 0.0000000000000000e+00 1.7868532694165982e-14 8.3061450879788875e-15 0.0000000000000000e+00 -1.0135248935201915e-15 -4.3329534179854317e-16 0.0000000000000000e+00 -4.3499403086317308e-15 -1.9220322377115799e-14 0.0000000000000000e+00 1.7171314052674976e-04 -2.1409553659366301e-04 0.0000000000000000e+00 2.3548764405146601e-04 -3.5973850501851140e-04 0.0000000000000000e+00 2.5815859909790733e-04 -4.9285823755220001e-04 0.0000000000000000e+00 2.5996049822605075e-04 -6.2159381725944820e-04 0.0000000000000000e+00 2.5099932359875712e-04 -7.4657526231470812e-04 0.0000000000000000e+00 2.3758004674651956e-04 -8.6733345052440107e-04 0.0000000000000000e+00 2.2454880887493606e-04 -9.8328009979109466e-04 0.0000000000000000e+00 2.1752810320104025e-04 -1.0942209814967492e-03 0.0000000000000000e+00 1.0595563654619424e-04 -1.1408287259996979e-04 0.0000000000000000e+00 2.0921848743188994e-04 -2.8986975137761475e-04 0.0000000000000000e+00 2.5007072173932084e-04 -4.2739389658998079e-04 0.0000000000000000e+00 2.6096072042619219e-04 -5.5790450584257086e-04 0.0000000000000000e+00 2.5649252544597323e-04 -6.8469884761723624e-04 0.0000000000000000e+00 2.4465906313455904e-04 -8.0761277457230612e-04 0.0000000000000000e+00 2.3088422648849400e-04 -9.2602908077092194e-04 0.0000000000000000e+00 2.2008792076516317e-04 -1.0395306493749242e-03 0.0000000000000000e+00 2.2058334173263646e-04 -1.1476677515619169e-03 0.0000000000000000e+00 1.8210908787274436e-04 -1.1876953842807434e-03 0.0000000000000000e+00 1.3028214828618027e-04 -1.1910253641729338e-03 0.0000000000000000e+00 7.7865391604956010e-05 -1.1943482342748474e-03 0.0000000000000000e+00 2.4737822294615568e-05 -1.1961488522011679e-03 0.0000000000000000e+00 -2.8681423991974765e-05 -1.1963324161135369e-03 0.0000000000000000e+00 -8.1818331220538649e-05 -1.1949031047575240e-03 0.0000000000000000e+00 -1.3426527930705313e-04 -1.1919557724165190e-03 0.0000000000000000e+00 -1.8610536246816626e-04 -1.1888433182969428e-03 0.0000000000000000e+00 2.0801564070693069e-04 -1.1895581481730956e-03 0.0000000000000000e+00 1.5626271789577842e-04 -1.1893951311169005e-03 0.0000000000000000e+00 1.0416507623038812e-04 -1.1929606642536146e-03 0.0000000000000000e+00 5.1351199969235591e-05 -1.1954958316769439e-03 0.0000000000000000e+00 -1.9930491386710072e-06 -1.1964436888982585e-03 0.0000000000000000e+00 -5.5338135349459997e-05 -1.1957932712056626e-03 0.0000000000000000e+00 -1.0816132714207306e-04 -1.1935434685777821e-03 0.0000000000000000e+00 -1.6027748191437059e-04 -1.1902302558257248e-03 0.0000000000000000e+00 -2.1174994574480767e-04 -1.1908683784282858e-03 0.0000000000000000e+00 -2.2131559112128636e-04 -1.0958641294135606e-03 0.0000000000000000e+00 -2.2802087990940933e-04 -9.8483765476273960e-04 0.0000000000000000e+00 -2.4072331732397063e-04 -8.6879605556668864e-04 0.0000000000000000e+00 -2.5383736543252411e-04 -7.4798969205206703e-04 0.0000000000000000e+00 -2.6251230467869054e-04 -6.2295841051324585e-04 0.0000000000000000e+00 -2.6041436907092914e-04 -4.9412510207451539e-04 0.0000000000000000e+00 -2.3730707239013566e-04 -3.6080711693413608e-04 0.0000000000000000e+00 -1.7302346037717596e-04 -2.1619903393856318e-04 0.0000000000000000e+00 -2.2475791246868326e-04 -1.1483128232691814e-03 0.0000000000000000e+00 -2.2351059551255152e-04 -1.0412162251266866e-03 0.0000000000000000e+00 -2.3394791904912912e-04 -9.2756730692271523e-04 0.0000000000000000e+00 -2.4739746998311628e-04 -8.0906426051241933e-04 0.0000000000000000e+00 -2.5890370468489312e-04 -6.8608532460008814e-04 0.0000000000000000e+00 -2.6306164400110405e-04 -5.5917062112883988e-04 0.0000000000000000e+00 -2.5198229901432799e-04 -4.2838416398426792e-04 0.0000000000000000e+00 -2.1186876292772743e-04 -2.9104386785900390e-04 0.0000000000000000e+00 -1.1377433909924015e-04 -1.2424637924178457e-04 0.0000000000000000e+00 -2.6607691933445472e-04 -1.3514187504282008e-03 0.0000000000000000e+00 -2.5435660364461022e-04 -1.4814372983717988e-03 0.0000000000000000e+00 -2.2832376776036416e-04 -1.5968614905137010e-03 0.0000000000000000e+00 -1.9537954665112544e-04 -1.6969389565379756e-03 0.0000000000000000e+00 -1.5901772950474279e-04 -1.7805607370042016e-03 0.0000000000000000e+00 -1.2118176710438693e-04 -1.8468135580839149e-03 0.0000000000000000e+00 -8.3020225841508514e-05 -1.8949554315045088e-03 0.0000000000000000e+00 -4.5225943804238946e-05 -1.9243388591639846e-03 0.0000000000000000e+00 -2.5953858161077031e-04 -1.2779408203642585e-03 0.0000000000000000e+00 -2.6254331757162835e-04 -1.4185523113185849e-03 0.0000000000000000e+00 -2.4257029820270583e-04 -1.5411451399565510e-03 0.0000000000000000e+00 -2.1252218596478603e-04 -1.6489602789113824e-03 0.0000000000000000e+00 -1.7754206111361489e-04 -1.7409017543062104e-03 0.0000000000000000e+00 -1.4024537264270478e-04 -1.8159260048061971e-03 0.0000000000000000e+00 -1.0212260787903450e-04 -1.8731984620464987e-03 0.0000000000000000e+00 -6.4065650757759695e-05 -1.9120324495335394e-03 0.0000000000000000e+00 -2.6556577006784334e-05 -1.9317665821861761e-03 0.0000000000000000e+00 -8.0191531176843174e-06 -1.9669870538273344e-03 0.0000000000000000e+00 -7.6568200957502533e-06 -1.9906912350389199e-03 0.0000000000000000e+00 -6.4553511043374720e-06 -2.0058005976612238e-03 0.0000000000000000e+00 -4.4880047312776383e-06 -2.0130405117571850e-03 0.0000000000000000e+00 -2.2190364662409624e-06 -2.0128824262436880e-03 0.0000000000000000e+00 -2.4680241099086440e-07 -2.0053280774171840e-03 0.0000000000000000e+00 9.6636300175926139e-07 -1.9899097896592180e-03 0.0000000000000000e+00 1.3478173700729005e-06 -1.9659056181908206e-03 0.0000000000000000e+00 -8.0291927823568342e-06 -1.9517569611603479e-03 0.0000000000000000e+00 -7.9232662683502422e-06 -1.9799542406719055e-03 0.0000000000000000e+00 -7.1549380862850056e-06 -1.9992662158486206e-03 0.0000000000000000e+00 -5.5313052389757604e-06 -2.0103628131930792e-03 0.0000000000000000e+00 -3.3468169022964370e-06 -2.0138787262034730e-03 0.0000000000000000e+00 -1.1627169550760338e-06 -2.0100578935863186e-03 0.0000000000000000e+00 4.6136762784194098e-07 -1.9986521681123509e-03 0.0000000000000000e+00 1.2346742080562314e-06 -1.9790256833712998e-03 0.0000000000000000e+00 1.3334248046665707e-06 -1.9505200610814460e-03 0.0000000000000000e+00 3.8845713987150678e-05 -1.9229388286686713e-03 0.0000000000000000e+00 7.6961686041407829e-05 -1.8935582132678817e-03 0.0000000000000000e+00 1.1544676926859161e-04 -1.8454129894445225e-03 0.0000000000000000e+00 1.5360931678933849e-04 -1.7791519051812729e-03 0.0000000000000000e+00 1.9030369700343304e-04 -1.6955135614427140e-03 0.0000000000000000e+00 2.2358682655693459e-04 -1.5953931411719989e-03 0.0000000000000000e+00 2.4995045226220520e-04 -1.4798366635397563e-03 0.0000000000000000e+00 2.6199253755057568e-04 -1.3497099282625854e-03 0.0000000000000000e+00 2.0023517537378287e-05 -1.9303936409893166e-03 0.0000000000000000e+00 5.7826365632103877e-05 -1.9106455434504974e-03 0.0000000000000000e+00 9.6178748083769721e-05 -1.8718119449009289e-03 0.0000000000000000e+00 1.3459712996843161e-04 -1.8145356363931770e-03 0.0000000000000000e+00 1.7218471657671629e-04 -1.7395002388649577e-03 0.0000000000000000e+00 2.0744770168792115e-04 -1.6475248249595822e-03 0.0000000000000000e+00 2.3777567281295121e-04 -1.5395976251310398e-03 0.0000000000000000e+00 2.5815780746287257e-04 -1.4168040570031429e-03 0.0000000000000000e+00 2.5646998423523346e-04 -1.2780007980724292e-03 0.0000000000000000e+00 -1.7731277504257382e-04 -1.0937144663975009e-03 0.0000000000000000e+00 -1.3066310973360810e-04 -1.0942059707588286e-03 0.0000000000000000e+00 -8.0492002032193371e-05 -1.0951800945572202e-03 0.0000000000000000e+00 -2.8270834337741747e-05 -1.0955937928281941e-03 0.0000000000000000e+00 2.4612841522513352e-05 -1.0954397609761893e-03 0.0000000000000000e+00 7.6832527453513523e-05 -1.0947269076827437e-03 0.0000000000000000e+00 1.2697473785118618e-04 -1.0934798043519404e-03 0.0000000000000000e+00 1.7351254029800768e-04 -1.0926716607593135e-03 0.0000000000000000e+00 -1.8034417790427883e-04 -9.8949939326284939e-04 0.0000000000000000e+00 -1.3210800897166882e-04 -9.8888252830704802e-04 0.0000000000000000e+00 -8.1306202352476122e-05 -9.8748645650758682e-04 0.0000000000000000e+00 -2.8458853347898398e-05 -9.8648808655045625e-04 0.0000000000000000e+00 2.5110466962724837e-05 -9.8633045600029167e-04 0.0000000000000000e+00 7.7954938268006400e-05 -9.8701261255489114e-04 0.0000000000000000e+00 1.2875480709525727e-04 -9.8808803350579864e-04 0.0000000000000000e+00 1.7707351063116778e-04 -9.8839664650112661e-04 0.0000000000000000e+00 -1.8977381505961788e-04 -8.7527853866050580e-04 0.0000000000000000e+00 -1.3788188961924165e-04 -8.7350818201709036e-04 0.0000000000000000e+00 -8.4269472428366693e-05 -8.6996897986785671e-04 0.0000000000000000e+00 -2.9270351319725145e-05 -8.6759700263693668e-04 0.0000000000000000e+00 2.6230604575349122e-05 -8.6743486021411656e-04 0.0000000000000000e+00 8.1244058214253279e-05 -8.6948216434905399e-04 0.0000000000000000e+00 1.3489927063017052e-04 -8.7270334965271917e-04 0.0000000000000000e+00 1.8683241625358114e-04 -8.7415899735347866e-04 0.0000000000000000e+00 -1.9997654437143959e-04 -7.5203040070341088e-04 0.0000000000000000e+00 -1.4431031356336297e-04 -7.4740275913700151e-04 0.0000000000000000e+00 -8.7461166508465498e-05 -7.4155563441051877e-04 0.0000000000000000e+00 -3.0102571557680691e-05 -7.3796898764154752e-04 0.0000000000000000e+00 2.7379218311343829e-05 -7.3780853751274900e-04 0.0000000000000000e+00 8.4757416601952007e-05 -7.4107215610746393e-04 0.0000000000000000e+00 1.4166144730467858e-04 -7.4659393202027545e-04 0.0000000000000000e+00 1.9736142980362987e-04 -7.5090650545834876e-04 0.0000000000000000e+00 -2.0582540754641380e-04 -6.2001616768834903e-04 0.0000000000000000e+00 -1.4685236281680700e-04 -6.1053719414785206e-04 0.0000000000000000e+00 -8.7923550805611711e-05 -6.0232216790592373e-04 0.0000000000000000e+00 -2.9944355879287614e-05 -5.9788675528787603e-04 0.0000000000000000e+00 2.7555485283318060e-05 -5.9773257910383402e-04 0.0000000000000000e+00 8.5525830027251986e-05 -6.0185449851728873e-04 0.0000000000000000e+00 1.4449198035218117e-04 -6.0973724223820449e-04 0.0000000000000000e+00 2.0354672811029773e-04 -6.1889321309389032e-04 0.0000000000000000e+00 -2.0059697569523797e-04 -4.7853728042463226e-04 0.0000000000000000e+00 -1.3965904863910946e-04 -4.6326026627658981e-04 0.0000000000000000e+00 -8.1915720346269888e-05 -4.5377160031234443e-04 0.0000000000000000e+00 -2.7531726318616749e-05 -4.4938048945382543e-04 0.0000000000000000e+00 2.5539213187677930e-05 -4.4923669088943300e-04 0.0000000000000000e+00 7.9831474078513332e-05 -4.5333131508073273e-04 0.0000000000000000e+00 1.3748776517808457e-04 -4.6249623943963453e-04 0.0000000000000000e+00 1.9860009741729404e-04 -4.7742153188981849e-04 0.0000000000000000e+00 -1.7370927019783318e-04 -3.2549723675029331e-04 0.0000000000000000e+00 -1.1511019534874990e-04 -3.0734756457764551e-04 0.0000000000000000e+00 -6.5472779589853907e-05 -2.9955332897037414e-04 0.0000000000000000e+00 -2.1674132883871688e-05 -2.9653733501470243e-04 0.0000000000000000e+00 2.0212860407587878e-05 -2.9641450046170821e-04 0.0000000000000000e+00 6.3820959134847847e-05 -2.9915698933646574e-04 0.0000000000000000e+00 1.1302614065304997e-04 -3.0663179381902513e-04 0.0000000000000000e+00 1.7159739600909244e-04 -3.2449597964475069e-04 0.0000000000000000e+00 -1.0954847263504390e-04 -1.6075149790055192e-04 0.0000000000000000e+00 -6.6434210366339970e-05 -1.4898070863159107e-04 0.0000000000000000e+00 -3.6803674970166781e-05 -1.4593301060025738e-04 0.0000000000000000e+00 -1.2066617441766966e-05 -1.4500125897916121e-04 0.0000000000000000e+00 1.1298129961949308e-05 -1.4493571510128562e-04 0.0000000000000000e+00 3.5910419528743932e-05 -1.4570206062523521e-04 0.0000000000000000e+00 6.5050687040650224e-05 -1.4844943698656899e-04 0.0000000000000000e+00 1.0531798727305746e-04 -1.5898962436375805e-04 0.0000000000000000e+00 -2.0253224588290074e-04 -1.1435550624226212e-03 0.0000000000000000e+00 -1.9928434806445889e-04 -1.0943211069785871e-03 0.0000000000000000e+00 -1.7996238462584903e-04 -1.1421273604348896e-03 0.0000000000000000e+00 -1.5642012156249797e-04 -1.1427652061066654e-03 0.0000000000000000e+00 -1.5443562359249231e-04 -1.0938107168544900e-03 0.0000000000000000e+00 -1.3192668763593575e-04 -1.1438673294006962e-03 0.0000000000000000e+00 -1.0671611705814276e-04 -1.1450139233432940e-03 0.0000000000000000e+00 -1.0591191019748938e-04 -1.0947848125629149e-03 0.0000000000000000e+00 -8.0967492820340620e-05 -1.1459475639920885e-03 0.0000000000000000e+00 -5.4827472660304988e-05 -1.1465804586021637e-03 0.0000000000000000e+00 -5.4547765214231387e-05 -1.0954741665671127e-03 0.0000000000000000e+00 -2.8435402810764566e-05 -1.1469374511740176e-03 0.0000000000000000e+00 -1.9138568915151095e-06 -1.1469887194405259e-03 0.0000000000000000e+00 -1.8319441044955131e-06 -1.0955802660669472e-03 0.0000000000000000e+00 2.4603143568285947e-05 -1.1467692286258680e-03 0.0000000000000000e+00 5.1001047262240937e-05 -1.1462551919772513e-03 0.0000000000000000e+00 5.0885736499364010e-05 -1.0951446941483112e-03 0.0000000000000000e+00 7.7135778508274826e-05 -1.1454376340533934e-03 0.0000000000000000e+00 1.0290030285793782e-04 -1.1443457822501110e-03 0.0000000000000000e+00 1.0225476226938794e-04 -1.0941172700481483e-03 0.0000000000000000e+00 1.2811083378402632e-04 -1.1429840633597780e-03 0.0000000000000000e+00 1.5265141160029607e-04 -1.1416772709617079e-03 0.0000000000000000e+00 1.5078201104995381e-04 -1.0927852689845215e-03 0.0000000000000000e+00 1.7617360728533772e-04 -1.1408232124663575e-03 0.0000000000000000e+00 1.9865554054604846e-04 -1.1422387299972133e-03 0.0000000000000000e+00 1.9525335435336810e-04 -1.0931614944771015e-03 0.0000000000000000e+00 -2.0040226256810877e-04 -1.0425118672405952e-03 0.0000000000000000e+00 -2.0407882763106249e-04 -9.8826821916006102e-04 0.0000000000000000e+00 -1.7766102868697824e-04 -1.0428451022006645e-03 0.0000000000000000e+00 -1.5452220114389633e-04 -1.0427980677198512e-03 0.0000000000000000e+00 -1.5650280575264694e-04 -9.8937313407113439e-04 0.0000000000000000e+00 -1.3063600397516314e-04 -1.0426951330290062e-03 0.0000000000000000e+00 -1.0594615560203726e-04 -1.0426107111380708e-03 0.0000000000000000e+00 -1.0701758650221475e-04 -9.8818246286937195e-04 0.0000000000000000e+00 -8.0545122798999507e-05 -1.0424600686717138e-03 0.0000000000000000e+00 -5.4591548898125194e-05 -1.0423187565324968e-03 0.0000000000000000e+00 -5.5056340669376270e-05 -9.8690393185504400e-04 0.0000000000000000e+00 -2.8266503543689472e-05 -1.0421762817066499e-03 0.0000000000000000e+00 -1.7549250462130613e-06 -1.0420711771019552e-03 0.0000000000000000e+00 -1.6736275368584244e-06 -9.8628905337280900e-04 0.0000000000000000e+00 2.4759005059487183e-05 -1.0420145933201770e-03 0.0000000000000000e+00 5.1086166482725323e-05 -1.0419802537005684e-03 0.0000000000000000e+00 5.1709441743609380e-05 -9.8656747459016127e-04 0.0000000000000000e+00 7.7046601646548236e-05 -1.0419796663298749e-03 0.0000000000000000e+00 1.0244455889242555e-04 -1.0419438315872973e-03 0.0000000000000000e+00 1.0367001382474277e-04 -9.8752877509879038e-04 0.0000000000000000e+00 1.2712939878064641e-04 -1.0419225705586431e-03 0.0000000000000000e+00 1.5095911486875669e-04 -1.0418652644877788e-03 0.0000000000000000e+00 1.5316013909726065e-04 -9.8847319199714899e-04 0.0000000000000000e+00 1.7401591065416549e-04 -1.0418542322201659e-03 0.0000000000000000e+00 1.9673512795395206e-04 -1.0413114152299247e-03 0.0000000000000000e+00 2.0061948647578684e-04 -9.8699800301644235e-04 0.0000000000000000e+00 -2.0928417200585247e-04 -9.3190368277115655e-04 0.0000000000000000e+00 -2.1531554236365564e-04 -8.7360347338384127e-04 0.0000000000000000e+00 -1.8469801255566179e-04 -9.3354188095213109e-04 0.0000000000000000e+00 -1.5991191766544257e-04 -9.3339650971476266e-04 0.0000000000000000e+00 -1.6404111703375765e-04 -8.7485957185388409e-04 0.0000000000000000e+00 -1.3467787347945073e-04 -9.3250131145599063e-04 0.0000000000000000e+00 -1.0890733320336511e-04 -9.3126256984975438e-04 0.0000000000000000e+00 -1.1129163365414993e-04 -8.7169632596092723e-04 0.0000000000000000e+00 -8.2603589358109890e-05 -9.3004235094373399e-04 0.0000000000000000e+00 -5.5860378067989076e-05 -9.2903124148438303e-04 0.0000000000000000e+00 -5.6888678055296956e-05 -8.6853848415347780e-04 0.0000000000000000e+00 -2.8806475780730472e-05 -9.2834425771358788e-04 0.0000000000000000e+00 -1.5955113960390957e-06 -9.2805295089357889e-04 0.0000000000000000e+00 -1.5167099322256759e-06 -8.6721318078649464e-04 0.0000000000000000e+00 2.5616991210049725e-05 -9.2818201327306553e-04 0.0000000000000000e+00 5.2667053478029380e-05 -9.2869557646682512e-04 0.0000000000000000e+00 5.3858263500173949e-05 -8.6820264854300911e-04 0.0000000000000000e+00 7.9409490465880635e-05 -9.2956096145058154e-04 0.0000000000000000e+00 1.0570330381814350e-04 -9.3061512691135803e-04 0.0000000000000000e+00 1.0827483705708742e-04 -8.7104537248414670e-04 0.0000000000000000e+00 1.3146819904973767e-04 -9.3171571878547966e-04 0.0000000000000000e+00 1.5669460089641704e-04 -9.3247712975937807e-04 0.0000000000000000e+00 1.6104232400863082e-04 -8.7392004746972946e-04 0.0000000000000000e+00 1.8150699685403642e-04 -9.3245390485914917e-04 0.0000000000000000e+00 2.0612586776600324e-04 -9.3062141017742107e-04 0.0000000000000000e+00 2.1225204512808116e-04 -8.7231452612583258e-04 0.0000000000000000e+00 -2.2141666844596072e-04 -8.1351554925118783e-04 0.0000000000000000e+00 -2.2717903231733174e-04 -7.5169598239748772e-04 0.0000000000000000e+00 -1.9510594173850743e-04 -8.1474081267527332e-04 0.0000000000000000e+00 -1.6841531618683075e-04 -8.1377975498627395e-04 0.0000000000000000e+00 -1.7236206586814759e-04 -7.5018650957124123e-04 0.0000000000000000e+00 -1.4130455078087626e-04 -8.1179284742305359e-04 0.0000000000000000e+00 -1.1381816002760059e-04 -8.0939256456215953e-04 0.0000000000000000e+00 -1.1598924136961852e-04 -7.4432912846451166e-04 0.0000000000000000e+00 -8.6005758352189639e-05 -8.0714137967333871e-04 0.0000000000000000e+00 -5.7949808220227340e-05 -8.0532655523181103e-04 0.0000000000000000e+00 -5.8808496859876772e-05 -7.3937136241260042e-04 0.0000000000000000e+00 -2.9731952686845483e-05 -8.0413923292723321e-04 0.0000000000000000e+00 -1.4359885006651452e-06 -8.0367897331823368e-04 0.0000000000000000e+00 -1.3553717229384281e-06 -7.3743485912649458e-04 0.0000000000000000e+00 2.6859773042784508e-05 -8.0397517277448587e-04 0.0000000000000000e+00 5.5071564342343427e-05 -8.0498837741512636e-04 0.0000000000000000e+00 5.6100186437427753e-05 -7.3903178350318845e-04 0.0000000000000000e+00 8.3124298187311078e-05 -8.0665095574186348e-04 0.0000000000000000e+00 1.1092905748091411e-04 -8.0872839558987768e-04 0.0000000000000000e+00 1.1329501999722663e-04 -7.4365121038656289e-04 0.0000000000000000e+00 1.3842341259573068e-04 -8.1098449635396135e-04 0.0000000000000000e+00 1.6553693021933297e-04 -8.1280980408201327e-04 0.0000000000000000e+00 1.6968864349741251e-04 -7.4919003860108994e-04 0.0000000000000000e+00 1.9226904227446007e-04 -8.1362020505080612e-04 0.0000000000000000e+00 2.1861233826205804e-04 -8.1223374371754381e-04 0.0000000000000000e+00 2.2442953691816688e-04 -7.5042481237333741e-04 0.0000000000000000e+00 -2.3175439726947768e-04 -6.8820922740209852e-04 0.0000000000000000e+00 -2.3467520907357621e-04 -6.2299625254748760e-04 0.0000000000000000e+00 -2.0382893828559560e-04 -6.8713283956584503e-04 0.0000000000000000e+00 -1.7531810426591807e-04 -6.8406885563368838e-04 0.0000000000000000e+00 -1.7648744671078397e-04 -6.1541709600166446e-04 0.0000000000000000e+00 -1.4641825970811257e-04 -6.8030160668479845e-04 0.0000000000000000e+00 -1.1734621373592869e-04 -6.7651939052817760e-04 0.0000000000000000e+00 -1.1728094835284827e-04 -6.0604746713098024e-04 0.0000000000000000e+00 -8.8246052108965101e-05 -6.7323689330143197e-04 0.0000000000000000e+00 -5.9191894555541854e-05 -6.7073832518470321e-04 0.0000000000000000e+00 -5.8813033201528970e-05 -5.9958745888244556e-04 0.0000000000000000e+00 -3.0205816524156211e-05 -6.6915290674224575e-04 0.0000000000000000e+00 -1.2648858359617044e-06 -6.6856871145105847e-04 0.0000000000000000e+00 -1.1823418397634555e-06 -5.9726990456504818e-04 0.0000000000000000e+00 2.7673120015043372e-05 -6.6898958832568173e-04 0.0000000000000000e+00 5.6647432534066230e-05 -6.7039860712966750e-04 0.0000000000000000e+00 5.6437698620865370e-05 -5.9925736681732669e-04 0.0000000000000000e+00 8.5688058079032208e-05 -6.7274311835974394e-04 0.0000000000000000e+00 1.1477026555661144e-04 -6.7582741838062620e-04 0.0000000000000000e+00 1.1489362454536466e-04 -6.0535362057507894e-04 0.0000000000000000e+00 1.4383983345888263e-04 -6.7947221804488681e-04 0.0000000000000000e+00 1.7273496300345597e-04 -6.8303892143708469e-04 0.0000000000000000e+00 1.7410872268229573e-04 -6.1435210943194167e-04 0.0000000000000000e+00 2.0129026785275876e-04 -6.8599678150140550e-04 0.0000000000000000e+00 2.2925049780695857e-04 -6.8693595675868146e-04 0.0000000000000000e+00 2.3219507056850759e-04 -6.2173202441812285e-04 0.0000000000000000e+00 -2.3477128379008024e-04 -5.5601679393416743e-04 0.0000000000000000e+00 -2.3126407355952280e-04 -4.8699742641113858e-04 0.0000000000000000e+00 -2.0520382018944611e-04 -5.5055204009521344e-04 0.0000000000000000e+00 -1.7506494451396815e-04 -5.4416020103675009e-04 0.0000000000000000e+00 -1.6990353768862762e-04 -4.7027862217988929e-04 0.0000000000000000e+00 -1.4492426702039833e-04 -5.3815094957577309e-04 0.0000000000000000e+00 -1.1516207364498411e-04 -5.3306038446421537e-04 0.0000000000000000e+00 -1.1027883807621680e-04 -4.5782077909085049e-04 0.0000000000000000e+00 -8.5963753057078071e-05 -5.2905136242966115e-04 0.0000000000000000e+00 -5.7309371301373914e-05 -5.2620925091053511e-04 0.0000000000000000e+00 -5.4400151920439744e-05 -4.5100923151287744e-04 0.0000000000000000e+00 -2.9075567467884754e-05 -5.2448197679389786e-04 0.0000000000000000e+00 -1.0707999256067183e-06 -5.2386785343855281e-04 0.0000000000000000e+00 -9.7939040288734834e-07 -4.4880538240597297e-04 0.0000000000000000e+00 2.6926977249093689e-05 -5.2432719061231738e-04 0.0000000000000000e+00 5.5135782597560764e-05 -5.2589653295120843e-04 0.0000000000000000e+00 5.2397954058878205e-05 -4.5073324756039767e-04 0.0000000000000000e+00 8.3752715460138068e-05 -5.2857242329209977e-04 0.0000000000000000e+00 1.1290107317781817e-04 -5.3237988002765170e-04 0.0000000000000000e+00 1.0818056093911700e-04 -4.5719207535663958e-04 0.0000000000000000e+00 1.4261267643085829e-04 -5.3731547934856682e-04 0.0000000000000000e+00 1.7271634930038590e-04 -5.4306047271916464e-04 0.0000000000000000e+00 1.6776137010322974e-04 -4.6914906808401589e-04 0.0000000000000000e+00 2.0287955921756843e-04 -5.4937712202632186e-04 0.0000000000000000e+00 2.3248439964082838e-04 -5.5471338776121243e-04 0.0000000000000000e+00 2.2894184832015921e-04 -4.8565383168526830e-04 0.0000000000000000e+00 -2.2229988183975941e-04 -4.1563924868903913e-04 0.0000000000000000e+00 -2.0623595174141482e-04 -3.4117867657618367e-04 0.0000000000000000e+00 -1.9093116602490444e-04 -4.0366120086961460e-04 0.0000000000000000e+00 -1.5979439716929568e-04 -3.9371051719188857e-04 0.0000000000000000e+00 -1.4319366934450409e-04 -3.1471022231575250e-04 0.0000000000000000e+00 -1.3002522512394141e-04 -3.8616449326977820e-04 0.0000000000000000e+00 -1.0184840724111754e-04 -3.8077526654718837e-04 0.0000000000000000e+00 -8.9301856007935316e-05 -3.0257146428790214e-04 0.0000000000000000e+00 -7.5177944640492932e-05 -3.7703785980754806e-04 0.0000000000000000e+00 -4.9717427213798129e-05 -3.7457015459714971e-04 0.0000000000000000e+00 -4.3105808153927508e-05 -2.9758729827106571e-04 0.0000000000000000e+00 -2.5068046158089054e-05 -3.7316780438320727e-04 0.0000000000000000e+00 -8.4046511587672889e-07 -3.7267716392465783e-04 0.0000000000000000e+00 -7.1924110573926226e-07 -2.9615915145306688e-04 0.0000000000000000e+00 2.3376371052808794e-05 -3.7304026217868761e-04 0.0000000000000000e+00 4.7986361326386032e-05 -3.7434427140958771e-04 0.0000000000000000e+00 4.1590023221694390e-05 -2.9742242676275880e-04 0.0000000000000000e+00 7.3384133783860903e-05 -3.7662042804283071e-04 0.0000000000000000e+00 9.9953426739931664e-05 -3.8023519246557731e-04 0.0000000000000000e+00 8.7525653305139817e-05 -3.0218316948689384e-04 0.0000000000000000e+00 1.2799431875375295e-04 -3.8536797484792185e-04 0.0000000000000000e+00 1.5762778900161242e-04 -3.9262552782822374e-04 0.0000000000000000e+00 1.4114861041224241e-04 -3.1374205616859830e-04 0.0000000000000000e+00 1.8859171647553848e-04 -4.0239648002224723e-04 0.0000000000000000e+00 2.1995271661598282e-04 -4.1412275668926469e-04 0.0000000000000000e+00 2.0374508261759570e-04 -3.3941071016138765e-04 0.0000000000000000e+00 -1.7966034391113085e-04 -2.6263390681639857e-04 0.0000000000000000e+00 -1.3814351090138638e-04 -1.7819317479520516e-04 0.0000000000000000e+00 -1.4735142987178679e-04 -2.4431399888402570e-04 0.0000000000000000e+00 -1.1875280234924384e-04 -2.3388146213037842e-04 0.0000000000000000e+00 -8.5454879812374497e-05 -1.5243271973556621e-04 0.0000000000000000e+00 -9.3901401984659150e-05 -2.2781163741264374e-04 0.0000000000000000e+00 -7.2191478847495280e-05 -2.2420714114266741e-04 0.0000000000000000e+00 -5.0737027012253205e-05 -1.4693185819345572e-04 0.0000000000000000e+00 -5.2622948711762834e-05 -2.2215400065749610e-04 0.0000000000000000e+00 -3.4526655113601050e-05 -2.2088038508069318e-04 0.0000000000000000e+00 -2.4109609062630068e-05 -1.4529977191519457e-04 0.0000000000000000e+00 -1.7326096667037097e-05 -2.2022778894859399e-04 0.0000000000000000e+00 -5.6394646519548907e-07 -2.1999391086945926e-04 0.0000000000000000e+00 -3.9118586759660505e-07 -1.4489032415270308e-04 0.0000000000000000e+00 1.6182638117582865e-05 -2.2015592759327528e-04 0.0000000000000000e+00 3.3347950276501163e-05 -2.2079147114889236e-04 0.0000000000000000e+00 2.3268390388605965e-05 -1.4524105697672800e-04 0.0000000000000000e+00 5.1373825049136992e-05 -2.2191664963873214e-04 0.0000000000000000e+00 7.0831055220416808e-05 -2.2401222666194447e-04 0.0000000000000000e+00 4.9644142269857836e-05 -1.4684782730808816e-04 0.0000000000000000e+00 9.2346199613172860e-05 -2.2724235340722406e-04 0.0000000000000000e+00 1.1674692383936194e-04 -2.3319396651600913e-04 0.0000000000000000e+00 8.3305666764268448e-05 -1.5250498658019360e-04 0.0000000000000000e+00 1.4480782100909437e-04 -2.4282712566749901e-04 0.0000000000000000e+00 1.7661674241481221e-04 -2.6055611668024110e-04 0.0000000000000000e+00 1.3589408800592060e-04 -1.7638832078960325e-04 0.0000000000000000e+00 -7.5038497139668105e-05 -8.5689495845778850e-05 0.0000000000000000e+00 -5.6563306431972042e-05 -7.6873972350500864e-05 0.0000000000000000e+00 -4.4092782861726722e-05 -7.3690226495427673e-05 0.0000000000000000e+00 -3.4364744401846667e-05 -7.2548879117071007e-05 0.0000000000000000e+00 -2.6209360702839294e-05 -7.1925891881279740e-05 0.0000000000000000e+00 -1.9023023158897916e-05 -7.1672030771626757e-05 0.0000000000000000e+00 -1.2452676153455968e-05 -7.1515807406652586e-05 0.0000000000000000e+00 -6.2511588828959484e-06 -7.1457199768430900e-05 0.0000000000000000e+00 -2.2458702801669851e-07 -7.1428944208575240e-05 0.0000000000000000e+00 5.7887537177258218e-06 -7.1436736178923118e-05 0.0000000000000000e+00 1.1971435801433450e-05 -7.1499216257356574e-05 0.0000000000000000e+00 1.8493375249784514e-05 -7.1612364336303495e-05 0.0000000000000000e+00 2.5653347583979367e-05 -7.1945851791079703e-05 0.0000000000000000e+00 3.3780103899923650e-05 -7.2503996087892257e-05 0.0000000000000000e+00 4.3692737289375373e-05 -7.4124850770771009e-05 0.0000000000000000e+00 5.6576462384314731e-05 -7.7175132713477353e-05 0.0000000000000000e+00 7.5371728058401795e-05 -8.7339747457285396e-05 0.0000000000000000e+00 -2.0330786979214373e-04 -1.3501755817830320e-03 0.0000000000000000e+00 -1.4334633707272849e-04 -1.3541987621945857e-03 0.0000000000000000e+00 -8.6092741483454851e-05 -1.3582816218306532e-03 0.0000000000000000e+00 -3.0015086670895558e-05 -1.3604669050214506e-03 0.0000000000000000e+00 2.5758081795113464e-05 -1.3603214138637298e-03 0.0000000000000000e+00 8.1855899386994236e-05 -1.3578546616651898e-03 0.0000000000000000e+00 1.3919516349350275e-04 -1.3535234637688652e-03 0.0000000000000000e+00 1.9950791413759827e-04 -1.3493078749497284e-03 0.0000000000000000e+00 -1.9899091776005073e-04 -1.4947562422983486e-03 0.0000000000000000e+00 -1.4169716963754252e-04 -1.5021934309229104e-03 0.0000000000000000e+00 -8.5293472192898807e-05 -1.5072554412789761e-03 0.0000000000000000e+00 -2.9831777837419037e-05 -1.5098193589237969e-03 0.0000000000000000e+00 2.5301285205542621e-05 -1.5096717233295451e-03 0.0000000000000000e+00 8.0791936189947118e-05 -1.5068129124547781e-03 0.0000000000000000e+00 1.3723853010570237e-04 -1.5014513512441865e-03 0.0000000000000000e+00 1.9441034116512569e-04 -1.4937002767396916e-03 0.0000000000000000e+00 -1.8053608458366263e-04 -1.6193264401911114e-03 0.0000000000000000e+00 -1.3023184668440924e-04 -1.6317049434749860e-03 0.0000000000000000e+00 -7.9105691577108347e-05 -1.6387728924432746e-03 0.0000000000000000e+00 -2.7956904314423157e-05 -1.6420427969278560e-03 0.0000000000000000e+00 2.3133840410909227e-05 -1.6418910400630906e-03 0.0000000000000000e+00 7.4287159738874541e-05 -1.6383180033375214e-03 0.0000000000000000e+00 1.2539095740681376e-04 -1.6309500373795122e-03 0.0000000000000000e+00 1.7562838369427253e-04 -1.6182545735938126e-03 0.0000000000000000e+00 -1.5509265163144651e-04 -1.7247154179346766e-03 0.0000000000000000e+00 -1.1278082775810115e-04 -1.7413736417849178e-03 0.0000000000000000e+00 -6.9105094288668300e-05 -1.7508520683298448e-03 0.0000000000000000e+00 -2.4801986138212862e-05 -1.7551372624017981e-03 0.0000000000000000e+00 1.9666176157434425e-05 -1.7549850339523255e-03 0.0000000000000000e+00 6.3960305473486801e-05 -1.7503962761842402e-03 0.0000000000000000e+00 1.0760981716084197e-04 -1.7406144087919100e-03 0.0000000000000000e+00 1.4990505209413056e-04 -1.7236360484845785e-03 0.0000000000000000e+00 -1.2638948820745837e-04 -1.8112900544272688e-03 0.0000000000000000e+00 -9.2345758438930675e-05 -1.8310199742979675e-03 0.0000000000000000e+00 -5.7017853690216520e-05 -1.8426334670564159e-03 0.0000000000000000e+00 -2.0907036677925049e-05 -1.8479482108374331e-03 0.0000000000000000e+00 1.5453539012890497e-05 -1.8477961721843118e-03 0.0000000000000000e+00 5.1555373237103466e-05 -1.8421773188995983e-03 0.0000000000000000e+00 8.6868336401071857e-05 -1.8302567033932414e-03 0.0000000000000000e+00 1.2091310847654148e-04 -1.8102101861180188e-03 0.0000000000000000e+00 -9.6417724141740612e-05 -1.8790020272402221e-03 0.0000000000000000e+00 -7.0741193831520095e-05 -1.9006959408171512e-03 0.0000000000000000e+00 -4.4062121763004511e-05 -1.9138907203992345e-03 0.0000000000000000e+00 -1.6689437159064498e-05 -1.9200384562760536e-03 0.0000000000000000e+00 1.0921274008584690e-05 -1.9198861228978863e-03 0.0000000000000000e+00 3.8288635770095373e-05 -1.9134330051172935e-03 0.0000000000000000e+00 6.4961548769213316e-05 -1.8999297819650520e-03 0.0000000000000000e+00 9.0642737514882407e-05 -1.8779231936451421e-03 0.0000000000000000e+00 -6.6302726179136859e-05 -1.9276631614598171e-03 0.0000000000000000e+00 -4.9006856587597794e-05 -1.9504797325130348e-03 0.0000000000000000e+00 -3.0980708511960871e-05 -1.9646896689170770e-03 0.0000000000000000e+00 -1.2416888574124219e-05 -1.9714020590607499e-03 0.0000000000000000e+00 6.3383518931309369e-06 -1.9712495705680429e-03 0.0000000000000000e+00 2.4899537744265237e-05 -1.9642310224242221e-03 0.0000000000000000e+00 4.2923871961107900e-05 -1.9497123149791770e-03 0.0000000000000000e+00 6.0224124655785143e-05 -1.9265858625687182e-03 0.0000000000000000e+00 -3.6717667317152140e-05 -1.9570691201695740e-03 0.0000000000000000e+00 -2.7782711923290630e-05 -1.9804574522808735e-03 0.0000000000000000e+00 -1.8260774024120475e-05 -1.9952290366294658e-03 0.0000000000000000e+00 -8.2737631111980863e-06 -2.0022645236329002e-03 0.0000000000000000e+00 1.8877861437005699e-06 -2.0021128605900700e-03 0.0000000000000000e+00 1.1873604590032031e-05 -1.9947722190949246e-03 0.0000000000000000e+00 2.1394710326133754e-05 -1.9796911094953512e-03 0.0000000000000000e+00 3.0333328244695431e-05 -1.9559918428238695e-03 0.0000000000000000e+00 -2.2814511121314581e-04 -1.2721175050283793e-03 0.0000000000000000e+00 -2.3477618918585472e-04 -1.3496108401122053e-03 0.0000000000000000e+00 -1.9775078035378973e-04 -1.2710907191665582e-03 0.0000000000000000e+00 -1.6848124057821967e-04 -1.2726073768858804e-03 0.0000000000000000e+00 -1.7296013299409344e-04 -1.3520528322181868e-03 0.0000000000000000e+00 -1.4006196620149167e-04 -1.2745714506425623e-03 0.0000000000000000e+00 -1.1214271179175902e-04 -1.2765870874950401e-03 0.0000000000000000e+00 -1.1451540017685087e-04 -1.3564832510287669e-03 0.0000000000000000e+00 -8.4485447251060475e-05 -1.2782312570715480e-03 0.0000000000000000e+00 -5.6963226655273106e-05 -1.2794369566870058e-03 0.0000000000000000e+00 -5.7975188850991736e-05 -1.3596825050990076e-03 0.0000000000000000e+00 -2.9492124505440837e-05 -1.2801282895814686e-03 0.0000000000000000e+00 -2.0448941521431253e-06 -1.2803098449866944e-03 0.0000000000000000e+00 -2.1259479323767447e-06 -1.3606950887972370e-03 0.0000000000000000e+00 2.5407119807863445e-05 -1.2799584070043309e-03 0.0000000000000000e+00 5.2868970464829499e-05 -1.2791004977623808e-03 0.0000000000000000e+00 5.3728073267642148e-05 -1.3593492876539594e-03 0.0000000000000000e+00 8.0393867458007715e-05 -1.2777167129152138e-03 0.0000000000000000e+00 1.0802723584178562e-04 -1.2758905487901054e-03 0.0000000000000000e+00 1.1029241567654678e-04 -1.3558075582336085e-03 0.0000000000000000e+00 1.3594457105658801e-04 -1.2736937113213499e-03 0.0000000000000000e+00 1.6430926567168660e-04 -1.2714738773153341e-03 0.0000000000000000e+00 1.6883404860513655e-04 -1.3510281299484337e-03 0.0000000000000000e+00 1.9359537724595392e-04 -1.2698121859052273e-03 0.0000000000000000e+00 2.2406795204456091e-04 -1.2705966084283408e-03 0.0000000000000000e+00 2.3106008137749323e-04 -1.3485605420414095e-03 0.0000000000000000e+00 -2.3348393460963576e-04 -1.4219607893954265e-03 0.0000000000000000e+00 -2.2713139490299281e-04 -1.4892302073653909e-03 0.0000000000000000e+00 -2.0346460938979033e-04 -1.4248771665758798e-03 0.0000000000000000e+00 -1.7351357662583793e-04 -1.4276578853639030e-03 0.0000000000000000e+00 -1.7031712358126050e-04 -1.4987501779906880e-03 0.0000000000000000e+00 -1.4401560966003128e-04 -1.4303219315423251e-03 0.0000000000000000e+00 -1.1502363611029583e-04 -1.4328006021454894e-03 0.0000000000000000e+00 -1.1336893957546762e-04 -1.5050246712469014e-03 0.0000000000000000e+00 -8.6456840101289099e-05 -1.4347862520872150e-03 0.0000000000000000e+00 -5.8206592023107429e-05 -1.4362776542798346e-03 0.0000000000000000e+00 -5.7487600507856488e-05 -1.5088789605438736e-03 0.0000000000000000e+00 -3.0153462859467806e-05 -1.4371383199192603e-03 0.0000000000000000e+00 -2.1978587431309548e-06 -1.4373817497909023e-03 0.0000000000000000e+00 -2.2686944092964331e-06 -1.5100886858031464e-03 0.0000000000000000e+00 2.5757742958978679e-05 -1.4369830312055110e-03 0.0000000000000000e+00 5.3813526796338730e-05 -1.4359447637291895e-03 0.0000000000000000e+00 5.2960214144497614e-05 -1.5085605961832568e-03 0.0000000000000000e+00 8.2067467398543547e-05 -1.4343268234074211e-03 0.0000000000000000e+00 1.1065325361755881e-04 -1.4321489517335998e-03 0.0000000000000000e+00 1.0887142100400569e-04 -1.5044100528572961e-03 0.0000000000000000e+00 1.3967601782001766e-04 -1.4295992471024086e-03 0.0000000000000000e+00 1.6927585492488634e-04 -1.4267940407579835e-03 0.0000000000000000e+00 1.6582968736126680e-04 -1.4979314093839335e-03 0.0000000000000000e+00 1.9935130786305795e-04 -1.4240098665015744e-03 0.0000000000000000e+00 2.2942665203117698e-04 -1.4208816990855762e-03 0.0000000000000000e+00 2.2279214836510192e-04 -1.4880345497096429e-03 0.0000000000000000e+00 -2.1717511587710512e-04 -1.5517741341766460e-03 0.0000000000000000e+00 -2.0478977701760467e-04 -1.6097878293983498e-03 0.0000000000000000e+00 -1.9088654087538509e-04 -1.5594475718051534e-03 0.0000000000000000e+00 -1.6401970889514371e-04 -1.5649923173987107e-03 0.0000000000000000e+00 -1.5555853743330771e-04 -1.6262996656794023e-03 0.0000000000000000e+00 -1.3692853653463982e-04 -1.5693662489215793e-03 0.0000000000000000e+00 -1.0981858998657069e-04 -1.5727611560958474e-03 0.0000000000000000e+00 -1.0469850858515129e-04 -1.6357393831879677e-03 0.0000000000000000e+00 -8.2802756486500271e-05 -1.5753446625049045e-03 0.0000000000000000e+00 -5.5901721832705444e-05 -1.5771618215163171e-03 0.0000000000000000e+00 -5.3523312075501016e-05 -1.6408393745420934e-03 0.0000000000000000e+00 -2.9098214465673144e-05 -1.5782138452716176e-03 0.0000000000000000e+00 -2.3454006990823648e-06 -1.5785160288630908e-03 0.0000000000000000e+00 -2.4154217878673352e-06 -1.6423858973967078e-03 0.0000000000000000e+00 2.4407577108440645e-05 -1.5780639569875081e-03 0.0000000000000000e+00 5.1219417048759254e-05 -1.5768564063910260e-03 0.0000000000000000e+00 4.8696078124152983e-05 -1.6405420385510786e-03 0.0000000000000000e+00 7.8130278557680448e-05 -1.5749014005069682e-03 0.0000000000000000e+00 1.0516700304055466e-04 -1.5721748176169077e-03 0.0000000000000000e+00 9.9872440520157524e-05 -1.6351620869428807e-03 0.0000000000000000e+00 1.3229975944682016e-04 -1.5686422232482128e-03 0.0000000000000000e+00 1.5940917359191450e-04 -1.5641603531464598e-03 0.0000000000000000e+00 1.5071867699749671e-04 -1.6254470048592898e-03 0.0000000000000000e+00 1.8626435598961970e-04 -1.5584225477678505e-03 0.0000000000000000e+00 2.1252019518705215e-04 -1.5505412959675379e-03 0.0000000000000000e+00 2.0000548631435381e-04 -1.6085238895041550e-03 0.0000000000000000e+00 -1.9073926099824650e-04 -1.6633687510948921e-03 0.0000000000000000e+00 -1.7547439427556376e-04 -1.7125350874115158e-03 0.0000000000000000e+00 -1.6835542424148528e-04 -1.6743737367729452e-03 0.0000000000000000e+00 -1.4539332067300885e-04 -1.6826564543031980e-03 0.0000000000000000e+00 -1.3414365193915116e-04 -1.7341009133293893e-03 0.0000000000000000e+00 -1.2200302627155834e-04 -1.6890254501455496e-03 0.0000000000000000e+00 -9.8313669629122435e-05 -1.6937882340005515e-03 0.0000000000000000e+00 -9.1055211472928078e-05 -1.7468232589815049e-03 0.0000000000000000e+00 -7.4455537445891994e-05 -1.6973063767886907e-03 0.0000000000000000e+00 -5.0501248522664155e-05 -1.6996916624200545e-03 0.0000000000000000e+00 -4.6996944254553361e-05 -1.7535627203214004e-03 0.0000000000000000e+00 -2.6506366184599214e-05 -1.7010691725794530e-03 0.0000000000000000e+00 -2.4926367705511210e-06 -1.7014710864734395e-03 0.0000000000000000e+00 -2.5691007619490049e-06 -1.7555954521072756e-03 0.0000000000000000e+00 2.1521000558375885e-05 -1.7009202962830067e-03 0.0000000000000000e+00 4.5521273326243163e-05 -1.6993999143260113e-03 0.0000000000000000e+00 4.1856964958879363e-05 -1.7532708906813398e-03 0.0000000000000000e+00 6.9479789158735785e-05 -1.6968611181517345e-03 0.0000000000000000e+00 9.3345670013285150e-05 -1.6932119516576583e-03 0.0000000000000000e+00 8.5906788389039857e-05 -1.7462401959265586e-03 0.0000000000000000e+00 1.1703496202673042e-04 -1.6882826782088042e-03 0.0000000000000000e+00 1.4042418133840826e-04 -1.6817806362207934e-03 0.0000000000000000e+00 1.2898337726388454e-04 -1.7332047328919480e-03 0.0000000000000000e+00 1.6335726534164919e-04 -1.6733016132712060e-03 0.0000000000000000e+00 1.8571725675474633e-04 -1.6621110554706578e-03 0.0000000000000000e+00 1.7034964570895059e-04 -1.7112747375302964e-03 0.0000000000000000e+00 -1.5944635565874317e-04 -1.7572675306020459e-03 0.0000000000000000e+00 -1.4284865011656209e-04 -1.7975168161931403e-03 0.0000000000000000e+00 -1.4097952913712494e-04 -1.7703524307593344e-03 0.0000000000000000e+00 -1.2207930073764253e-04 -1.7806446480834904e-03 0.0000000000000000e+00 -1.0954169598970639e-04 -1.8223126202710643e-03 0.0000000000000000e+00 -1.0277738615763961e-04 -1.7886903521620195e-03 0.0000000000000000e+00 -8.3128440376477696e-05 -1.7947925556680386e-03 0.0000000000000000e+00 -7.4808234112404179e-05 -1.8376863687401830e-03 0.0000000000000000e+00 -6.3220598764386144e-05 -1.7992968305409313e-03 0.0000000000000000e+00 -4.3123676762288761e-05 -1.8023486838210257e-03 0.0000000000000000e+00 -3.9023622527782893e-05 -1.8459938613895298e-03 0.0000000000000000e+00 -2.2913035453454014e-05 -1.8041145283011124e-03 0.0000000000000000e+00 -2.6445305109307441e-06 -1.8046398696857744e-03 0.0000000000000000e+00 -2.7256436045773677e-06 -1.8485304755839578e-03 0.0000000000000000e+00 1.7622823238539704e-05 -1.8039647581526703e-03 0.0000000000000000e+00 3.7835443295830856e-05 -1.8020558073648322e-03 0.0000000000000000e+00 3.3569522400572924e-05 -1.8456976698718733e-03 0.0000000000000000e+00 5.7930724501101144e-05 -1.7988466762208230e-03 0.0000000000000000e+00 7.7839364527139849e-05 -1.7942026042563276e-03 0.0000000000000000e+00 6.9346147787808328e-05 -1.8370880958966131e-03 0.0000000000000000e+00 9.7480965243783565e-05 -1.7879336237918294e-03 0.0000000000000000e+00 1.1677905916665393e-04 -1.7797375193676676e-03 0.0000000000000000e+00 1.0407308466026707e-04 -1.8213948895004846e-03 0.0000000000000000e+00 1.3566166575293176e-04 -1.7692698547590287e-03 0.0000000000000000e+00 1.5411342993667767e-04 -1.7560150871030972e-03 0.0000000000000000e+00 1.3740491919222026e-04 -1.7962659175128396e-03 0.0000000000000000e+00 -1.2596360079047015e-04 -1.8332358520040228e-03 0.0000000000000000e+00 -1.0887914961975394e-04 -1.8643620855175818e-03 0.0000000000000000e+00 -1.1147221910996190e-04 -1.8475168389972011e-03 0.0000000000000000e+00 -9.6690370396040944e-05 -1.8591035385016636e-03 0.0000000000000000e+00 -8.3707678012533206e-05 -1.8910237377494073e-03 0.0000000000000000e+00 -8.1599221544437109e-05 -1.8683470153412567e-03 0.0000000000000000e+00 -6.6213737031664999e-05 -1.8754980160613039e-03 0.0000000000000000e+00 -5.7509703198698314e-05 -1.9082419060930025e-03 0.0000000000000000e+00 -5.0583235851744839e-05 -1.8808238258915637e-03 0.0000000000000000e+00 -3.4760453406868717e-05 -1.8844688002907623e-03 0.0000000000000000e+00 -3.0432805989108343e-05 -1.9177733616437343e-03 0.0000000000000000e+00 -1.8812546456794578e-05 -1.8865874141454357e-03 0.0000000000000000e+00 -2.7994985768985266e-06 -1.8872284879790993e-03 0.0000000000000000e+00 -2.8819915389715850e-06 -1.9207254728862940e-03 0.0000000000000000e+00 1.3211714053183351e-05 -1.8864361927115861e-03 0.0000000000000000e+00 2.9159999770459413e-05 -1.8841696576963175e-03 0.0000000000000000e+00 2.4666619021795781e-05 -1.9174708119471205e-03 0.0000000000000000e+00 4.4978873710288941e-05 -1.8803686431877816e-03 0.0000000000000000e+00 6.0607959202483749e-05 -1.8748938141220535e-03 0.0000000000000000e+00 5.1738169596786598e-05 -1.9076318069806328e-03 0.0000000000000000e+00 7.5986525651977160e-05 -1.8675820565536793e-03 0.0000000000000000e+00 9.1074322777191642e-05 -1.8581818230932320e-03 0.0000000000000000e+00 7.7933152380844556e-05 -1.8900969974154839e-03 0.0000000000000000e+00 1.0584694431172235e-04 -1.8464332523352876e-03 0.0000000000000000e+00 1.2032863303299236e-04 -1.8319891707596204e-03 0.0000000000000000e+00 1.0312139327330313e-04 -1.8631169342235615e-03 0.0000000000000000e+00 -9.1777000361276166e-05 -1.8908468556023811e-03 0.0000000000000000e+00 -7.4701129907013195e-05 -1.9126308649238994e-03 0.0000000000000000e+00 -8.1327350596958843e-05 -1.9057300527085209e-03 0.0000000000000000e+00 -7.0693287389964781e-05 -1.9180664221258542e-03 0.0000000000000000e+00 -5.7746233008920995e-05 -1.9402308611923351e-03 0.0000000000000000e+00 -5.9839394841459239e-05 -1.9280689480414407e-03 0.0000000000000000e+00 -4.8765533580766056e-05 -1.9359290717173268e-03 0.0000000000000000e+00 -4.0076932207214044e-05 -1.9585818413167099e-03 0.0000000000000000e+00 -3.7497437570991367e-05 -1.9418353035977154e-03 0.0000000000000000e+00 -2.6072600954190172e-05 -1.9459168587155000e-03 0.0000000000000000e+00 -2.1744706719823024e-05 -1.9689255386159368e-03 0.0000000000000000e+00 -1.4541780460466838e-05 -1.9482985449817132e-03 0.0000000000000000e+00 -2.9553518799128552e-06 -1.9490282182066496e-03 0.0000000000000000e+00 -3.0373154985706811e-06 -1.9721623585956700e-03 0.0000000000000000e+00 8.6291630330109449e-06 -1.9481460010167147e-03 0.0000000000000000e+00 2.0159785051704963e-05 -1.9456114006683551e-03 0.0000000000000000e+00 1.5668669400521958e-05 -1.9686172921837852e-03 0.0000000000000000e+00 3.1580581237903456e-05 -1.9413763341985149e-03 0.0000000000000000e+00 4.2846687544646043e-05 -1.9353148165199769e-03 0.0000000000000000e+00 3.3997665804684558e-05 -1.9579635533136098e-03 0.0000000000000000e+00 5.3915360545067110e-05 -1.9272998979284570e-03 0.0000000000000000e+00 6.4766605079915652e-05 -1.9171383931303678e-03 0.0000000000000000e+00 5.1665219706085167e-05 -1.9393005501046993e-03 0.0000000000000000e+00 7.5396525879136848e-05 -1.9046472725182824e-03 0.0000000000000000e+00 8.5840669855315942e-05 -1.8896034532459261e-03 0.0000000000000000e+00 6.8630196353251772e-05 -1.9113888227013354e-03 0.0000000000000000e+00 -5.7767324159985629e-05 -1.9296671935788532e-03 0.0000000000000000e+00 -4.0999851962806623e-05 -1.9419021654767676e-03 0.0000000000000000e+00 -5.1415168266564061e-05 -1.9447885830352831e-03 0.0000000000000000e+00 -4.4936876618804542e-05 -1.9575118520730444e-03 0.0000000000000000e+00 -3.2322333653634608e-05 -1.9699056485677218e-03 0.0000000000000000e+00 -3.8298175473478119e-05 -1.9679407598865899e-03 0.0000000000000000e+00 -3.1497175569740881e-05 -1.9762198352630544e-03 0.0000000000000000e+00 -2.3092873351609367e-05 -1.9888669329413068e-03 0.0000000000000000e+00 -2.4546387195441818e-05 -1.9824763017615623e-03 0.0000000000000000e+00 -1.7473685696822880e-05 -1.9868289245026940e-03 0.0000000000000000e+00 -1.3310193723672234e-05 -1.9996675840496200e-03 0.0000000000000000e+00 -1.0315148651074023e-05 -1.9893738365605851e-03 0.0000000000000000e+00 -3.1115716231291929e-06 -1.9901599370136919e-03 0.0000000000000000e+00 -3.1923941260356281e-06 -2.0030677509950928e-03 0.0000000000000000e+00 4.0904383161045954e-06 -1.9892203811259063e-03 0.0000000000000000e+00 1.1249007053036158e-05 -1.9865180110161225e-03 0.0000000000000000e+00 6.9251215576103543e-06 -1.9993552199933577e-03 0.0000000000000000e+00 1.8318786120140263e-05 -1.9820150221495840e-03 0.0000000000000000e+00 2.5267768788553852e-05 -1.9755977912297696e-03 0.0000000000000000e+00 1.6706995108898690e-05 -1.9882420161934722e-03 0.0000000000000000e+00 3.2064985360479283e-05 -1.9671698784759473e-03 0.0000000000000000e+00 3.8700970922357343e-05 -1.9565805499706782e-03 0.0000000000000000e+00 2.5935312808620438e-05 -1.9689723985652531e-03 0.0000000000000000e+00 4.5177443862151086e-05 -1.9437074820536416e-03 0.0000000000000000e+00 5.1527960130820745e-05 -1.9284273034723804e-03 0.0000000000000000e+00 3.4611952240296053e-05 -1.9406658873479179e-03 0.0000000000000000e+00 -2.4428083494097707e-05 -1.9492848201316383e-03 0.0000000000000000e+00 -2.2249405393766804e-05 -1.9644892241786568e-03 0.0000000000000000e+00 -1.9967298422768082e-05 -1.9773992570768697e-03 0.0000000000000000e+00 -1.7540221006166165e-05 -1.9880510216301862e-03 0.0000000000000000e+00 -1.4950375199159521e-05 -1.9965437519646849e-03 0.0000000000000000e+00 -1.2200531138155716e-05 -2.0029939514571715e-03 0.0000000000000000e+00 -9.3099882327448582e-06 -2.0074902230398290e-03 0.0000000000000000e+00 -6.3180363326565704e-06 -2.0101279458612869e-03 0.0000000000000000e+00 -3.2709625547968945e-06 -2.0109449825968409e-03 0.0000000000000000e+00 -2.2427521676889726e-07 -2.0099700037145680e-03 0.0000000000000000e+00 2.7689146436084392e-06 -2.0071777313467277e-03 0.0000000000000000e+00 5.6600564300892400e-06 -2.0025209163831510e-03 0.0000000000000000e+00 8.4115641510395701e-06 -1.9959180907588728e-03 0.0000000000000000e+00 1.1002664526354800e-05 -1.9872673147212317e-03 0.0000000000000000e+00 1.3429432113760780e-05 -1.9764646698206350e-03 0.0000000000000000e+00 1.5710924153683792e-05 -1.9634077021649168e-03 0.0000000000000000e+00 1.7885579426235293e-05 -1.9480531391110067e-03 0.0000000000000000e+00
</DataArray>
        <DataArray type="Float64" format="ascii" Name="ux">
-4.9602961370482516e-16 1.2407818507720041e-16 1.3154645908415052e-06 -7.9966875683926386e-06 2.3347412624027787e-04 -2.3793319564385370e-04 2.9615519858650921e-16 -4.8671047411362600e-18 -1.5471124266705678e-16 -7.5832380392141740e-17 4.9376742895177573e-17 4.8985319645077464e-16 1.6503448360917948e-15 1.6598936302301215e-16 4.1499678968305496e-15 1.0936755217080835e-15 -2.5303317288547339e-16 1.5204657651783060e-16 -3.2916454584423860e-14 1.5316783544755627e-15 1.7868532694165982e-14 -1.0135248935201915e-15 -4.3499403086317308e-15 1.7171314052674976e-04 2.3548764405146601e-04 2.5815859909790733e-04 2.5996049822605075e-04 2.5099932359875712e-04 2.3758004674651956e-04 2.2454880887493606e-04 2.1752810320104025e-04 1.0595563654619424e-04 2.0921848743188994e-04 2.5007072173932084e-04 2.6096072042619219e-04 2.5649252544597323e-04 2.4465906313455904e-04 2.3088422648849400e-04 2.2008792076516317e-04 2.2058334173263646e-04 1.8210908787274436e-04 1.3028214828618027e-04 7.7865391604956010e-05 2.4737822294615568e-05 -2.8681423991974765e-05 -8.1818331220538649e-05 -1.3426527930705313e-04 -1.8610536246816626e-04 2.0801564070693069e-04 1.5626271789577842e-04 1.0416507623038812e-04 5.1351199969235591e-05 -1.9930491386710072e-06 -5.5338135349459997e-05 -1.0816132714207306e-04 -1.6027748191437059e-04 -2.1174994574480767e-04 -2.2131559112128636e-04 -2.2802087990940933e-04 -2.4072331732397063e-04 -2.5383736543252411e-04 -2.6251230467869054e-04 -2.6041436907092914e-04 -2.3730707239013566e-04 -1.7302346037717596e-04 -2.2475791246868326e-04 -2.2351059551255152e-04 -2.3394791904912912e-04 -2.4739746998311628e-04 -2.5890370468489312e-04 -2.6306164400110405e-04 -2.5198229901432799e-04 -2.1186876292772743e-04 -1.1377433909924015e-04 -2.6607691933445472e-04 -2.5435660364461022e-04 -2.2832376776036416e-04 -1.9537954665112544e-04 -1.5901772950474279e-04 -1.2118176710438693e-04 -8.3020225841508514e-05 -4.5225943804238946e-05 -2.5953858161077031e-04 -2.6254331757162835e-04 -2.4257029820270583e-04 -2.1252218596478603e-04 -1.7754206111361489e-04 -1.4024537264270478e-04 -1.0212260787903450e-04 -6.4065650757759695e-05 -2.6556577006784334e-05 -8.0191531176843174e-06 -7.6568200957502533e-06 -6.4553511043374720e-06 -4.4880047312776383e-06 -2.2190364662409624e-06 -2.4680241099086440e-07 9.6636300175926139e-07 1.3478173700729005e-06 -8.0291927823568342e-06 -7.9232662683502422e-06 -7.1549380862850056e-06 -5.5313052389757604e-06 -3.3468169022964370e-06 -1.1627169550760338e-06 4.6136762784194098e-07 1.2346742080562314e-06 1.3334248046665707e-06 3.8845713987150678e-05 7.6961686041407829e-05 1.1544676926859161e-04 1.5360931678933849e-04 1.9030369700343304e-04 2.2358682655693459e-04 2.4995045226220520e-04 2.6199253755057568e-04 2.0023517537378287e-05 5.7826365632103877e-05 9.6178748083769721e-05 1.3459712996843161e-04 1.7218471657671629e-04 2.0744770168792115e-04 2.3777567281295121e-04 2.5815780746287257e-04 2.5646998423523346e-04 -1.7731277504257382e-04 -1.3066310973360810e-04 -8.0492002032193371e-05 -2.8270834337741747e-05 2.4612841522513352e-05 7.6832527453513523e-05 1.2697473785118618e-04 1.7351254029800768e-04 -1.8034417790427883e-04 -1.3210800897166882e-04 -8.1306202352476122e-05 -2.8458853347898398e-05 2.5110466962724837e-05 7.7954938268006400e-05 1.2875480709525727e-04 1.7707351063116778e-04 -1.8977381505961788e-04 -1.3788188961924165e-04 -8.4269472428366693e-05 -2.9270351319725145e-05 2.6230604575349122e-05 8.1244058214253279e-05 1.3489927063017052e-04 1.8683241625358114e-04 -1.9997654437143959e-04 -1.4431031356336297e-04 -8.7461166508465498e-05 -3.0102571557680691e-05 2.7379218311343829e-05 8.4757416601952007e-05 1.4166144730467858e-04 1.9736142980362987e-04 -2.0582540754641380e-04 -1.4685236281680700e-04 -8.7923550805611711e-05 -2.9944355879287614e-05 2.7555485283318060e-05 8.5525830027251986e-05 1.4449198035218117e-04 2.0354672811029773e-04 -2.0059697569523797e-04 -1.3965904863910946e-04 -8.1915720346269888e-05 -2.7531726318616749e-05 2.5539213187677930e-05 7.9831474078513332e-05 1.3748776517808457e-04 1.9860009741729404e-04 -1.7370927019783318e-04 -1.1511019534874990e-04 -6.5472779589853907e-05 -2.1674132883871688e-05 2.0212860407587878e-05 6.3820959134847847e-05 1.1302614065304997e-04 1.7159739600909244e-04 -1.0954847263504390e-04 -6.6434210366339970e-05 -3.6803674970166781e-05 -1.2066617441766966e-05 1.1298129961949308e-05 3.5910419528743932e-05 6.5050687040650224e-05 1.0531798727305746e-04 -2.0253224588290074e-04 -1.9928434806445889e-04 -1.7996238462584903e-04 -1.5642012156249797e-04 -1.5443562359249231e-04 -1.3192668763593575e-04 -1.0671611705814276e-04 -1.0591191019748938e-04 -8.0967492820340620e-05 -5.4827472660304988e-05 -5.4547765214231387e-05 -2.8435402810764566e-05 -1.9138568915151095e-06 -1.8319441044955131e-06 2.4603143568285947e-05 5.1001047262240937e-05 5.0885736499364010e-05 7.7135778508274826e-05 1.0290030285793782e-04 1.0225476226938794e-04 1.2811083378402632e-04 1.5265141160029607e-04 1.5078201104995381e-04 1.7617360728533772e-04 1.9865554054604846e-04 1.9525335435336810e-04 -2.0040226256810877e-04 -2.0407882763106249e-04 -1.7766102868697824e-04 -1.5452220114389633e-04 -1.5650280575264694e-04 -1.3063600397516314e-04 -1.0594615560203726e-04 -1.0701758650221475e-04 -8.0545122798999507e-05 -5.4591548898125194e-05 -5.5056340669376270e-05 -2.8266503543689472e-05 -1.7549250462130613e-06 -1.6736275368584244e-06 2.4759005059487183e-05 5.1086166482725323e-05 5.1709441743609380e-05 7.7046601646548236e-05 1.0244455889242555e-04 1.0367001382474277e-04 1.2712939878064641e-04 1.5095911486875669e-04 1.5316013909726065e-04 1.7401591065416549e-04 1.9673512795395206e-04 2.0061948647578684e-04 -2.0928417200585247e-04 -2.1531554236365564e-04 -1.8469801255566179e-04 -1.5991191766544257e-04 -1.6404111703375765e-04 -1.3467787347945073e-04 -1.0890733320336511e-04 -1.1129163365414993e-04 -8.2603589358109890e-05 -5.5860378067989076e-05 -5.6888678055296956e-05 -2.8806475780730472e-05 -1.5955113960390957e-06 -1.5167099322256759e-06 2.5616991210049725e-05 5.2667053478029380e-05 5.3858263500173949e-05 7.9409490465880635e-05 1.0570330381814350e-04 1.0827483705708742e-04 1.3146819904973767e-04 1.5669460089641704e-04 1.6104232400863082e-04 1.8150699685403642e-04 2.0612586776600324e-04 2.1225204512808116e-04 -2.2141666844596072e-04 -2.2717903231733174e-04 -1.9510594173850743e-04 -1.6841531618683075e-04 -1.7236206586814759e-04 -1.4130455078087626e-04 -1.1381816002760059e-04 -1.1598924136961852e-04 -8.6005758352189639e-05 -5.7949808220227340e-05 -5.8808496859876772e-05 -2.9731952686845483e-05 -1.4359885006651452e-06 -1.3553717229384281e-06 2.6859773042784508e-05 5.5071564342343427e-05 5.6100186437427753e-05 8.3124298187311078e-05 1.1092905748091411e-04 1.1329501999722663e-04 1.3842341259573068e-04 1.6553693021933297e-04 1.6968864349741251e-04 1.9226904227446007e-04 2.1861233826205804e-04 2.2442953691816688e-04 -2.3175439726947768e-04 -2.3467520907357621e-04 -2.0382893828559560e-04 -1.7531810426591807e-04 -1.7648744671078397e-04 -1.4641825970811257e-04 -1.1734621373592869e-04 -1.1728094835284827e-04 -8.8246052108965101e-05 -5.9191894555541854e-05 -5.8813033201528970e-05 -3.0205816524156211e-05 -1.2648858359617044e-06 -1.1823418397634555e-06 2.7673120015043372e-05 5.6647432534066230e-05 5.6437698620865370e-05 8.5688058079032208e-05 1.1477026555661144e-04 1.1489362454536466e-04 1.4383983345888263e-04 1.7273496300345597e-04 1.7410872268229573e-04 2.0129026785275876e-04 2.2925049780695857e-04 2.3219507056850759e-04 -2.3477128379008024e-04 -2.3126407355952280e-04 -2.0520382018944611e-04 -1.7506494451396815e-04 -1.6990353768862762e-04 -1.4492426702039833e-04 -1.1516207364498411e-04 -1.1027883807621680e-04 -8.5963753057078071e-05 -5.7309371301373914e-05 -5.4400151920439744e-05 -2.9075567467884754e-05 -1.0707999256067183e-06 -9.7939040288734834e-07 2.6926977249093689e-05 5.5135782597560764e-05 5.2397954058878205e-05 8.3752715460138068e-05 1.1290107317781817e-04 1.0818056093911700e-04 1.4261267643085829e-04 1.7271634930038590e-04 1.6776137010322974e-04 2.0287955921756843e-04 2.3248439964082838e-04 2.2894184832015921e-04 -2.2229988183975941e-04 -2.0623595174141482e-04 -1.9093116602490444e-04 -1.5979439716929568e-04 -1.4319366934450409e-04 -1.3002522512394141e-04 -1.0184840724111754e-04 -8.9301856007935316e-05 -7.5177944640492932e-05 -4.9717427213798129e-05 -4.3105808153927508e-05 -2.5068046158089054e-05 -8.4046511587672889e-07 -7.1924110573926226e-07 2.3376371052808794e-05 4.7986361326386032e-05 4.1590023221694390e-05 7.3384133783860903e-05 9.9953426739931664e-05 8.7525653305139817e-05 1.2799431875375295e-04 1.5762778900161242e-04 1.4114861041224241e-04 1.8859171647553848e-04 2.1995271661598282e-04 2.0374508261759570e-04 -1.7966034391113085e-04 -1.3814351090138638e-04 -1.4735142987178679e-04 -1.1875280234924384e-04 -8.5454879812374497e-05 -9.3901401984659150e-05 -7.2191478847495280e-05 -5.0737027012253205e-05 -5.2622948711762834e-05 -3.4526655113601050e-05 -2.4109609062630068e-05 -1.7326096667037097e-05 -5.6394646519548907e-07 -3.9118586759660505e-07 1.6182638117582865e-05 3.3347950276501163e-05 2.3268390388605965e-05 5.1373825049136992e-05 7.0831055220416808e-05 4.9644142269857836e-05 9.2346199613172860e-05 1.1674692383936194e-04 8.3305666764268448e-05 1.4480782100909437e-04 1.7661674241481221e-04 1.3589408800592060e-04 -7.5038497139668105e-05 -5.6563306431972042e-05 -4.4092782861726722e-05 -3.4364744401846667e-05 -2.6209360702839294e-05 -1.9023023158897916e-05 -1.2452676153455968e-05 -6.2511588828959484e-06 -2.2458702801669851e-07 5.7887537177258218e-06 1.1971435801433450e-05 1.8493375249784514e-05 2.5653347583979367e-05 3.3780103899923650e-05 4.3692737289375373e-05 5.6576462384314731e-05 7.5371728058401795e-05 -2.0330786979214373e-04 -1.4334633707272849e-04 -8.6092741483454851e-05 -3.0015086670895558e-05 2.5758081795113464e-05 8.1855899386994236e-05 1.3919516349350275e-04 1.9950791413759827e-04 -1.9899091776005073e-04 -1.4169716963754252e-04 -8.5293472192898807e-05 -2.9831777837419037e-05 2.5301285205542621e-05 8.0791936189947118e-05 1.3723853010570237e-04 1.9441034116512569e-04 -1.8053608458366263e-04 -1.3023184668440924e-04 -7.9105691577108347e-05 -2.7956904314423157e-05 2.3133840410909227e-05 7.4287159738874541e-05 1.2539095740681376e-04 1.7562838369427253e-04 -1.5509265163144651e-04 -1.1278082775810115e-04 -6.9105094288668300e-05 -2.4801986138212862e-05 1.9666176157434425e-05 6.3960305473486801e-05 1.0760981716084197e-04 1.4990505209413056e-04 -1.2638948820745837e-04 -9.2345758438930675e-05 -5.7017853690216520e-05 -2.0907036677925049e-05 1.5453539012890497e-05 5.1555373237103466e-05 8.6868336401071857e-05 1.2091310847654148e-04 -9.6417724141740612e-05 -7.0741193831520095e-05 -4.4062121763004511e-05 -1.6689437159064498e-05 1.0921274008584690e-05 3.8288635770095373e-05 6.4961548769213316e-05 9.0642737514882407e-05 -6.6302726179136859e-05 -4.9006856587597794e-05 -3.0980708511960871e-05 -1.2416888574124219e-05 6.3383518931309369e-06 2.4899537744265237e-05 4.2923871961107900e-05 6.0224124655785143e-05 -3.6717667317152140e-05 -2.7782711923290630e-05 -1.8260774024120475e-05 -8.2737631111980863e-06 1.8877861437005699e-06 1.1873604590032031e-05 2.1394710326133754e-05 3.0333328244695431e-05 -2.2814511121314581e-04 -2.3477618918585472e-04 -1.9775078035378973e-04 -1.6848124057821967e-04 -1.7296013299409344e-04 -1.4006196620149167e-04 -1.1214271179175902e-04 -1.1451540017685087e-04 -8.4485447251060475e-05 -5.6963226655273106e-05 -5.7975188850991736e-05 -2.9492124505440837e-05 -2.0448941521431253e-06 -2.1259479323767447e-06 2.5407119807863445e-05 5.2868970464829499e-05 5.3728073267642148e-05 8.0393867458007715e-05 1.0802723584178562e-04 1.1029241567654678e-04 1.3594457105658801e-04 1.6430926567168660e-04 1.6883404860513655e-04 1.9359537724595392e-04 2.2406795204456091e-04 2.3106008137749323e-04 -2.3348393460963576e-04 -2.2713139490299281e-04 -2.0346460938979033e-04 -1.7351357662583793e-04 -1.7031712358126050e-04 -1.4401560966003128e-04 -1.1502363611029583e-04 -1.1336893957546762e-04 -8.6456840101289099e-05 -5.8206592023107429e-05 -5.7487600507856488e-05 -3.0153462859467806e-05 -2.1978587431309548e-06 -2.2686944092964331e-06 2.5757742958978679e-05 5.3813526796338730e-05 5.2960214144497614e-05 8.2067467398543547e-05 1.1065325361755881e-04 1.0887142100400569e-04 1.3967601782001766e-04 1.6927585492488634e-04 1.6582968736126680e-04 1.9935130786305795e-04 2.2942665203117698e-04 2.2279214836510192e-04 -2.1717511587710512e-04 -2.0478977701760467e-04 -1.9088654087538509e-04 -1.6401970889514371e-04 -1.5555853743330771e-04 -1.3692853653463982e-04 -1.0981858998657069e-04 -1.0469850858515129e-04 -8.2802756486500271e-05 -5.5901721832705444e-05 -5.3523312075501016e-05 -2.9098214465673144e-05 -2.3454006990823648e-06 -2.4154217878673352e-06 2.4407577108440645e-05 5.1219417048759254e-05 4.8696078124152983e-05 7.8130278557680448e-05 1.0516700304055466e-04 9.9872440520157524e-05 1.3229975944682016e-04 1.5940917359191450e-04 1.5071867699749671e-04 1.8626435598961970e-04 2.1252019518705215e-04 2.0000548631435381e-04 -1.9073926099824650e-04 -1.7547439427556376e-04 -1.6835542424148528e-04 -1.4539332067300885e-04 -1.3414365193915116e-04 -1.2200302627155834e-04 -9.8313669629122435e-05 -9.1055211472928078e-05 -7.4455537445891994e-05 -5.0501248522664155e-05 -4.6996944254553361e-05 -2.6506366184599214e-05 -2.4926367705511210e-06 -2.5691007619490049e-06 2.1521000558375885e-05 4.5521273326243163e-05 4.1856964958879363e-05 6.9479789158735785e-05 9.3345670013285150e-05 8.5906788389039857e-05 1.1703496202673042e-04 1.4042418133840826e-04 1.2898337726388454e-04 1.6335726534164919e-04 1.8571725675474633e-04 1.7034964570895059e-04 -1.5944635565874317e-04 -1.4284865011656209e-04 -1.4097952913712494e-04 -1.2207930073764253e-04 -1.0954169598970639e-04 -1.0277738615763961e-04 -8.3128440376477696e-05 -7.4808234112404179e-05 -6.3220598764386144e-05 -4.3123676762288761e-05 -3.9023622527782893e-05 -2.2913035453454014e-05 -2.6445305109307441e-06 -2.7256436045773677e-06 1.7622823238539704e-05 3.7835443295830856e-05 3.3569522400572924e-05 5.7930724501101144e-05 7.7839364527139849e-05 6.9346147787808328e-05 9.7480965243783565e-05 1.1677905916665393e-04 1.0407308466026707e-04 1.3566166575293176e-04 1.5411342993667767e-04 1.3740491919222026e-04 -1.2596360079047015e-04 -1.0887914961975394e-04 -1.1147221910996190e-04 -9.6690370396040944e-05 -8.3707678012533206e-05 -8.1599221544437109e-05 -6.6213737031664999e-05 -5.7509703198698314e-05 -5.0583235851744839e-05 -3.4760453406868717e-05 -3.0432805989108343e-05 -1.8812546456794578e-05 -2.7994985768985266e-06 -2.8819915389715850e-06 1.3211714053183351e-05 2.9159999770459413e-05 2.4666619021795781e-05 4.4978873710288941e-05 6.0607959202483749e-05 5.1738169596786598e-05 7.5986525651977160e-05 9.1074322777191642e-05 7.7933152380844556e-05 1.0584694431172235e-04 1.2032863303299236e-04 1.0312139327330313e-04 -9.1777000361276166e-05 -7.4701129907013195e-05 -8.1327350596958843e-05 -7.0693287389964781e-05 -5.7746233008920995e-05 -5.9839394841459239e-05 -4.8765533580766056e-05 -4.0076932207214044e-05 -3.7497437570991367e-05 -2.6072600954190172e-05 -2.1744706719823024e-05 -1.4541780460466838e-05 -2.9553518799128552e-06 -3.0373154985706811e-06 8.6291630330109449e-06 2.0159785051704963e-05 1.5668669400521958e-05 3.1580581237903456e-05 4.2846687544646043e-05 3.3997665804684558e-05 5.3915360545067110e-05 6.4766605079915652e-05 5.1665219706085167e-05 7.5396525879136848e-05 8.5840669855315942e-05 6.8630196353251772e-05 -5.7767324159985629e-05 -4.0999851962806623e-05 -5.1415168266564061e-05 -4.4936876618804542e-05 -3.2322333653634608e-05 -3.8298175473478119e-05 -3.1497175569740881e-05 -2.3092873351609367e-05 -2.4546387195441818e-05 -1.7473685696822880e-05 -1.3310193723672234e-05 -1.0315148651074023e-05 -3.1115716231291929e-06 -3.1923941260356281e-06 4.0904383161045954e-06 1.1249007053036158e-05 6.9251215576103543e-06 1.8318786120140263e-05 2.5267768788553852e-05 1.6706995108898690e-05 3.2064985360479283e-05 3.8700970922357343e-05 2.5935312808620438e-05 4.5177443862151086e-05 5.1527960130820745e-05 3.4611952240296053e-05 -2.4428083494097707e-05 -2.2249405393766804e-05 -1.9967298422768082e-05 -1.7540221006166165e-05 -1.4950375199159521e-05 -1.2200531138155716e-05 -9.3099882327448582e-06 -6.3180363326565704e-06 -3.2709625547968945e-06 -2.2427521676889726e-07 2.7689146436084392e-06 5.6600564300892400e-06 8.4115641510395701e-06 1.1002664526354800e-05 1.3429432113760780e-05 1.5710924153683792e-05 1.7885579426235293e-05
</DataArray>
        <DataArray type="Float64" format="ascii" Name="uy">
-5.7668360578199917e-16 6.2574702343073741e-15 -1.9328917411215501e-03 -1.9342739579292310e-03 -1.1972762472917361e-03 -1.1994224497940248e-03 -1.4991406221512894e-15 -9.5740571275475745e-17 -6.0398651614745401e-16 -1.3847878019458434e-17 4.6495055279840142e-16 2.3719412201113448e-16 6.0110027715682598e-16 1.3391190897923321e-16 -4.9918157008202985e-15 -1.1508195348988062e-16 -4.5093877933620492e-16 -1.2941499794056763e-17 3.2322597979333625e-16 3.1252957353343994e-15 8.3061450879788875e-15 -4.3329534179854317e-16 -1.9220322377115799e-14 -2.1409553659366301e-04 -3.5973850501851140e-04 -4.9285823755220001e-04 -6.2159381725944820e-04 -7.4657526231470812e-04 -8.6733345052440107e-04 -9.8328009979109466e-04 -1.0942209814967492e-03 -1.1408287259996979e-04 -2.8986975137761475e-04 -4.2739389658998079e-04 -5.5790450584257086e-04 -6.8469884761723624e-04 -8.0761277457230612e-04 -9.2602908077092194e-04 -1.0395306493749242e-03 -1.1476677515619169e-03 -1.1876953842807434e-03 -1.1910253641729338e-03 -1.1943482342748474e-03 -1.1961488522011679e-03 -1.1963324161135369e-03 -1.1949031047575240e-03 -1.1919557724165190e-03 -1.1888433182969428e-03 -1.1895581481730956e-03 -1.1893951311169005e-03 -1.1929606642536146e-03 -1.1954958316769439e-03 -1.1964436888982585e-03 -1.1957932712056626e-03 -1.1935434685777821e-03 -1.1902302558257248e-03 -1.1908683784282858e-03 -1.0958641294135606e-03 -9.8483765476273960e-04 -8.6879605556668864e-04 -7.4798969205206703e-04 -6.2295841051324585e-04 -4.9412510207451539e-04 -3.6080711693413608e-04 -2.1619903393856318e-04 -1.1483128232691814e-03 -1.0412162251266866e-03 -9.2756730692271523e-04 -8.0906426051241933e-04 -6.8608532460008814e-04 -5.5917062112883988e-04 -4.2838416398426792e-04 -2.9104386785900390e-04 -1.2424637924178457e-04 -1.3514187504282008e-03 -1.4814372983717988e-03 -1.5968614905137010e-03 -1.6969389565379756e-03 -1.7805607370042016e-03 -1.8468135580839149e-03 -1.8949554315045088e-03 -1.9243388591639846e-03 -1.2779408203642585e-03 -1.4185523113185849e-03 -1.5411451399565510e-03 -1.6489602789113824e-03 -1.7409017543062104e-03 -1.8159260048061971e-03 -1.8731984620464987e-03 -1.9120324495335394e-03 -1.9317665821861761e-03 -1.9669870538273344e-03 -1.9906912350389199e-03 -2.0058005976612238e-03 -2.0130405117571850e-03 -2.0128824262436880e-03 -2.0053280774171840e-03 -1.9899097896592180e-03 -1.9659056181908206e-03 -1.9517569611603479e-03 -1.9799542406719055e-03 -1.9992662158486206e-03 -2.0103628131930792e-03 -2.0138787262034730e-03 -2.0100578935863186e-03 -1.9986521681123509e-03 -1.9790256833712998e-03 -1.9505200610814460e-03 -1.9229388286686713e-03 -1.8935582132678817e-03 -1.8454129894445225e-03 -1.7791519051812729e-03 -1.6955135614427140e-03 -1.5953931411719989e-03 -1.4798366635397563e-03 -1.3497099282625854e-03 -1.9303936409893166e-03 -1.9106455434504974e-03 -1.8718119449009289e-03 -1.8145356363931770e-03 -1.7395002388649577e-03 -1.6475248249595822e-03 -1.5395976251310398e-03 -1.4168040570031429e-03 -1.2780007980724292e-03 -1.0937144663975009e-03 -1.0942059707588286e-03 -1.0951800945572202e-03 -1.0955937928281941e-03 -1.0954397609761893e-03 -1.0947269076827437e-03 -1.0934798043519404e-03 -1.0926716607593135e-03 -9.8949939326284939e-04 -9.8888252830704802e-04 -9.8748645650758682e-04 -9.8648808655045625e-04 -9.8633045600029167e-04 -9.8701261255489114e-04 -9.8808803350579864e-04 -9.8839664650112661e-04 -8.7527853866050580e-04 -8.7350818201709036e-04 -8.6996897986785671e-04 -8.6759700263693668e-04 -8.6743486021411656e-04 -8.6948216434905399e-04 -8.7270334965271917e-04 -8.7415899735347866e-04 -7.5203040070341088e-04 -7.4740275913700151e-04 -7.4155563441051877e-04 -7.3796898764154752e-04 -7.3780853751274900e-04 -7.4107215610746393e-04 -7.4659393202027545e-04 -7.5090650545834876e-04 -6.2001616768834903e-04 -6.1053719414785206e-04 -6.0232216790592373e-04 -5.9788675528787603e-04 -5.9773257910383402e-04 -6.0185449851728873e-04 -6.0973724223820449e-04 -6.1889321309389032e-04 -4.7853728042463226e-04 -4.6326026627658981e-04 -4.5377160031234443e-04 -4.4938048945382543e-04 -4.4923669088943300e-04 -4.5333131508073273e-04 -4.6249623943963453e-04 -4.7742153188981849e-04 -3.2549723675029331e-04 -3.0734756457764551e-04 -2.9955332897037414e-04 -2.9653733501470243e-04 -2.9641450046170821e-04 -2.9915698933646574e-04 -3.0663179381902513e-04 -3.2449597964475069e-04 -1.6075149790055192e-04 -1.4898070863159107e-04 -1.4593301060025738e-04 -1.4500125897916121e-04 -1.4493571510128562e-04 -1.4570206062523521e-04 -1.4844943698656899e-04 -1.5898962436375805e-04 -1.1435550624226212e-03 -1.0943211069785871e-03 -1.1421273604348896e-03 -1.1427652061066654e-03 -1.0938107168544900e-03 -1.1438673294006962e-03 -1.1450139233432940e-03 -1.0947848125629149e-03 -1.1459475639920885e-03 -1.1465804586021637e-03 -1.0954741665671127e-03 -1.1469374511740176e-03 -1.1469887194405259e-03 -1.0955802660669472e-03 -1.1467692286258680e-03 -1.1462551919772513e-03 -1.0951446941483112e-03 -1.1454376340533934e-03 -1.1443457822501110e-03 -1.0941172700481483e-03 -1.1429840633597780e-03 -1.1416772709617079e-03 -1.0927852689845215e-03 -1.1408232124663575e-03 -1.1422387299972133e-03 -1.0931614944771015e-03 -1.0425118672405952e-03 -9.8826821916006102e-04 -1.0428451022006645e-03 -1.0427980677198512e-03 -9.8937313407113439e-04 -1.0426951330290062e-03 -1.0426107111380708e-03 -9.8818246286937195e-04 -1.0424600686717138e-03 -1.0423187565324968e-03 -9.8690393185504400e-04 -1.0421762817066499e-03 -1.0420711771019552e-03 -9.8628905337280900e-04 -1.0420145933201770e-03 -1.0419802537005684e-03 -9.8656747459016127e-04 -1.0419796663298749e-03 -1.0419438315872973e-03 -9.8752877509879038e-04 -1.0419225705586431e-03 -1.0418652644877788e-03 -9.8847319199714899e-04 -1.0418542322201659e-03 -1.0413114152299247e-03 -9.8699800301644235e-04 -9.3190368277115655e-04 -8.7360347338384127e-04 -9.3354188095213109e-04 -9.3339650971476266e-04 -8.7485957185388409e-04 -9.3250131145599063e-04 -9.3126256984975438e-04 -8.7169632596092723e-04 -9.3004235094373399e-04 -9.2903124148438303e-04 -8.6853848415347780e-04 -9.2834425771358788e-04 -9.2805295089357889e-04 -8.6721318078649464e-04 -9.2818201327306553e-04 -9.2869557646682512e-04 -8.6820264854300911e-04 -9.2956096145058154e-04 -9.3061512691135803e-04 -8.7104537248414670e-04 -9.3171571878547966e-04 -9.3247712975937807e-04 -8.7392004746972946e-04 -9.3245390485914917e-04 -9.3062141017742107e-04 -8.7231452612583258e-04 -8.1351554925118783e-04 -7.5169598239748772e-04 -8.1474081267527332e-04 -8.1377975498627395e-04 -7.5018650957124123e-04 -8.1179284742305359e-04 -8.0939256456215953e-04 -7.4432912846451166e-04 -8.0714137967333871e-04 -8.0532655523181103e-04 -7.3937136241260042e-04 -8.0413923292723321e-04 -8.0367897331823368e-04 -7.3743485912649458e-04 -8.0397517277448587e-04 -8.0498837741512636e-04 -7.3903178350318845e-04 -8.0665095574186348e-04 -8.0872839558987768e-04 -7.4365121038656289e-04 -8.1098449635396135e-04 -8.1280980408201327e-04 -7.4919003860108994e-04 -8.1362020505080612e-04 -8.1223374371754381e-04 -7.5042481237333741e-04 -6.8820922740209852e-04 -6.2299625254748760e-04 -6.8713283956584503e-04 -6.8406885563368838e-04 -6.1541709600166446e-04 -6.8030160668479845e-04 -6.7651939052817760e-04 -6.0604746713098024e-04 -6.7323689330143197e-04 -6.7073832518470321e-04 -5.9958745888244556e-04 -6.6915290674224575e-04 -6.6856871145105847e-04 -5.9726990456504818e-04 -6.6898958832568173e-04 -6.7039860712966750e-04 -5.9925736681732669e-04 -6.7274311835974394e-04 -6.7582741838062620e-04 -6.0535362057507894e-04 -6.7947221804488681e-04 -6.8303892143708469e-04 -6.1435210943194167e-04 -6.8599678150140550e-04 -6.8693595675868146e-04 -6.2173202441812285e-04 -5.5601679393416743e-04 -4.8699742641113858e-04 -5.5055204009521344e-04 -5.4416020103675009e-04 -4.7027862217988929e-04 -5.3815094957577309e-04 -5.3306038446421537e-04 -4.5782077909085049e-04 -5.2905136242966115e-04 -5.2620925091053511e-04 -4.5100923151287744e-04 -5.2448197679389786e-04 -5.2386785343855281e-04 -4.4880538240597297e-04 -5.2432719061231738e-04 -5.2589653295120843e-04 -4.5073324756039767e-04 -5.2857242329209977e-04 -5.3237988002765170e-04 -4.5719207535663958e-04 -5.3731547934856682e-04 -5.4306047271916464e-04 -4.6914906808401589e-04 -5.4937712202632186e-04 -5.5471338776121243e-04 -4.8565383168526830e-04 -4.1563924868903913e-04 -3.4117867657618367e-04 -4.0366120086961460e-04 -3.9371051719188857e-04 -3.1471022231575250e-04 -3.8616449326977820e-04 -3.8077526654718837e-04 -3.0257146428790214e-04 -3.7703785980754806e-04 -3.7457015459714971e-04 -2.9758729827106571e-04 -3.7316780438320727e-04 -3.7267716392465783e-04 -2.9615915145306688e-04 -3.7304026217868761e-04 -3.7434427140958771e-04 -2.9742242676275880e-04 -3.7662042804283071e-04 -3.8023519246557731e-04 -3.0218316948689384e-04 -3.8536797484792185e-04 -3.9262552782822374e-04 -3.1374205616859830e-04 -4.0239648002224723e-04 -4.1412275668926469e-04 -3.3941071016138765e-04 -2.6263390681639857e-04 -1.7819317479520516e-04 -2.4431399888402570e-04 -2.3388146213037842e-04 -1.5243271973556621e-04 -2.2781163741264374e-04 -2.2420714114266741e-04 -1.4693185819345572e-04 -2.2215400065749610e-04 -2.2088038508069318e-04 -1.4529977191519457e-04 -2.2022778894859399e-04 -2.1999391086945926e-04 -1.4489032415270308e-04 -2.2015592759327528e-04 -2.2079147114889236e-04 -1.4524105697672800e-04 -2.2191664963873214e-04 -2.2401222666194447e-04 -1.4684782730808816e-04 -2.2724235340722406e-04 -2.3319396651600913e-04 -1.5250498658019360e-04 -2.4282712566749901e-04 -2.6055611668024110e-04 -1.7638832078960325e-04 -8.5689495845778850e-05 -7.6873972350500864e-05 -7.3690226495427673e-05 -7.2548879117071007e-05 -7.1925891881279740e-05 -7.1672030771626757e-05 -7.1515807406652586e-05 -7.1457199768430900e-05 -7.1428944208575240e-05 -7.1436736178923118e-05 -7.1499216257356574e-05 -7.1612364336303495e-05 -7.1945851791079703e-05 -7.2503996087892257e-05 -7.4124850770771009e-05 -7.7175132713477353e-05 -8.7339747457285396e-05 -1.3501755817830320e-03 -1.3541987621945857e-03 -1.3582816218306532e-03 -1.3604669050214506e-03 -1.3603214138637298e-03 -1.3578546616651898e-03 -1.3535234637688652e-03 -1.3493078749497284e-03 -1.4947562422983486e-03 -1.5021934309229104e-03 -1.5072554412789761e-03 -1.5098193589237969e-03 -1.5096717233295451e-03 -1.5068129124547781e-03 -1.5014513512441865e-03 -1.4937002767396916e-03 -1.6193264401911114e-03 -1.6317049434749860e-03 -1.6387728924432746e-03 -1.6420427969278560e-03 -1.6418910400630906e-03 -1.6383180033375214e-03 -1.6309500373795122e-03 -1.6182545735938126e-03 -1.7247154179346766e-03 -1.7413736417849178e-03 -1.7508520683298448e-03 -1.7551372624017981e-03 -1.7549850339523255e-03 -1.7503962761842402e-03 -1.7406144087919100e-03 -1.7236360484845785e-03 -1.8112900544272688e-03 -1.8310199742979675e-03 -1.8426334670564159e-03 -1.8479482108374331e-03 -1.8477961721843118e-03 -1.8421773188995983e-03 -1.8302567033932414e-03 -1.8102101861180188e-03 -1.8790020272402221e-03 -1.9006959408171512e-03 -1.9138907203992345e-03 -1.9200384562760536e-03 -1.9198861228978863e-03 -1.9134330051172935e-03 -1.8999297819650520e-03 -1.8779231936451421e-03 -1.9276631614598171e-03 -1.9504797325130348e-03 -1.9646896689170770e-03 -1.9714020590607499e-03 -1.9712495705680429e-03 -1.9642310224242221e-03 -1.9497123149791770e-03 -1.9265858625687182e-03 -1.9570691201695740e-03 -1.9804574522808735e-03 -1.9952290366294658e-03 -2.0022645236329002e-03 -2.0021128605900700e-03 -1.9947722190949246e-03 -1.9796911094953512e-03 -1.9559918428238695e-03 -1.2721175050283793e-03 -1.3496108401122053e-03 -1.2710907191665582e-03 -1.2726073768858804e-03 -1.3520528322181868e-03 -1.2745714506425623e-03 -1.2765870874950401e-03 -1.3564832510287669e-03 -1.2782312570715480e-03 -1.2794369566870058e-03 -1.3596825050990076e-03 -1.2801282895814686e-03 -1.2803098449866944e-03 -1.3606950887972370e-03 -1.2799584070043309e-03 -1.2791004977623808e-03 -1.3593492876539594e-03 -1.2777167129152138e-03 -1.2758905487901054e-03 -1.3558075582336085e-03 -1.2736937113213499e-03 -1.2714738773153341e-03 -1.3510281299484337e-03 -1.2698121859052273e-03 -1.2705966084283408e-03 -1.3485605420414095e-03 -1.4219607893954265e-03 -1.4892302073653909e-03 -1.4248771665758798e-03 -1.4276578853639030e-03 -1.4987501779906880e-03 -1.4303219315423251e-03 -1.4328006021454894e-03 -1.5050246712469014e-03 -1.4347862520872150e-03 -1.4362776542798346e-03 -1.5088789605438736e-03 -1.4371383199192603e-03 -1.4373817497909023e-03 -1.5100886858031464e-03 -1.4369830312055110e-03 -1.4359447637291895e-03 -1.5085605961832568e-03 -1.4343268234074211e-03 -1.4321489517335998e-03 -1.5044100528572961e-03 -1.4295992471024086e-03 -1.4267940407579835e-03 -1.4979314093839335e-03 -1.4240098665015744e-03 -1.4208816990855762e-03 -1.4880345497096429e-03 -1.5517741341766460e-03 -1.6097878293983498e-03 -1.5594475718051534e-03 -1.5649923173987107e-03 -1.6262996656794023e-03 -1.5693662489215793e-03 -1.5727611560958474e-03 -1.6357393831879677e-03 -1.5753446625049045e-03 -1.5771618215163171e-03 -1.6408393745420934e-03 -1.5782138452716176e-03 -1.5785160288630908e-03 -1.6423858973967078e-03 -1.5780639569875081e-03 -1.5768564063910260e-03 -1.6405420385510786e-03 -1.5749014005069682e-03 -1.5721748176169077e-03 -1.6351620869428807e-03 -1.5686422232482128e-03 -1.5641603531464598e-03 -1.6254470048592898e-03 -1.5584225477678505e-03 -1.5505412959675379e-03 -1.6085238895041550e-03 -1.6633687510948921e-03 -1.7125350874115158e-03 -1.6743737367729452e-03 -1.6826564543031980e-03 -1.7341009133293893e-03 -1.6890254501455496e-03 -1.6937882340005515e-03 -1.7468232589815049e-03 -1.6973063767886907e-03 -1.6996916624200545e-03 -1.7535627203214004e-03 -1.7010691725794530e-03 -1.7014710864734395e-03 -1.7555954521072756e-03 -1.7009202962830067e-03 -1.6993999143260113e-03 -1.7532708906813398e-03 -1.6968611181517345e-03 -1.6932119516576583e-03 -1.7462401959265586e-03 -1.6882826782088042e-03 -1.6817806362207934e-03 -1.7332047328919480e-03 -1.6733016132712060e-03 -1.6621110554706578e-03 -1.7112747375302964e-03 -1.7572675306020459e-03 -1.7975168161931403e-03 -1.7703524307593344e-03 -1.7806446480834904e-03 -1.8223126202710643e-03 -1.7886903521620195e-03 -1.7947925556680386e-03 -1.8376863687401830e-03 -1.7992968305409313e-03 -1.8023486838210257e-03 -1.8459938613895298e-03 -1.8041145283011124e-03 -1.8046398696857744e-03 -1.8485304755839578e-03 -1.8039647581526703e-03 -1.8020558073648322e-03 -1.8456976698718733e-03 -1.7988466762208230e-03 -1.7942026042563276e-03 -1.8370880958966131e-03 -1.7879336237918294e-03 -1.7797375193676676e-03 -1.8213948895004846e-03 -1.7692698547590287e-03 -1.7560150871030972e-03 -1.7962659175128396e-03 -1.8332358520040228e-03 -1.8643620855175818e-03 -1.8475168389972011e-03 -1.8591035385016636e-03 -1.8910237377494073e-03 -1.8683470153412567e-03 -1.8754980160613039e-03 -1.9082419060930025e-03 -1.8808238258915637e-03 -1.8844688002907623e-03 -1.9177733616437343e-03 -1.8865874141454357e-03 -1.8872284879790993e-03 -1.9207254728862940e-03 -1.8864361927115861e-03 -1.8841696576963175e-03 -1.9174708119471205e-03 -1.8803686431877816e-03 -1.8748938141220535e-03 -1.9076318069806328e-03 -1.8675820565536793e-03 -1.8581818230932320e-03 -1.8900969974154839e-03 -1.8464332523352876e-03 -1.8319891707596204e-03 -1.8631169342235615e-03 -1.8908468556023811e-03 -1.9126308649238994e-03 -1.9057300527085209e-03 -1.9180664221258542e-03 -1.9402308611923351e-03 -1.9280689480414407e-03 -1.9359290717173268e-03 -1.9585818413167099e-03 -1.9418353035977154e-03 -1.9459168587155000e-03 -1.9689255386159368e-03 -1.9482985449817132e-03 -1.9490282182066496e-03 -1.9721623585956700e-03 -1.9481460010167147e-03 -1.9456114006683551e-03 -1.9686172921837852e-03 -1.9413763341985149e-03 -1.9353148165199769e-03 -1.9579635533136098e-03 -1.9272998979284570e-03 -1.9171383931303678e-03 -1.9393005501046993e-03 -1.9046472725182824e-03 -1.8896034532459261e-03 -1.9113888227013354e-03 -1.9296671935788532e-03 -1.9419021654767676e-03 -1.9447885830352831e-03 -1.9575118520730444e-03 -1.9699056485677218e-03 -1.9679407598865899e-03 -1.9762198352630544e-03 -1.9888669329413068e-03 -1.9824763017615623e-03 -1.9868289245026940e-03 -1.9996675840496200e-03 -1.9893738365605851e-03 -1.9901599370136919e-03 -2.0030677509950928e-03 -1.9892203811259063e-03 -1.9865180110161225e-03 -1.9993552199933577e-03 -1.9820150221495840e-03 -1.9755977912297696e-03 -1.9882420161934722e-03 -1.9671698784759473e-03 -1.9565805499706782e-03 -1.9689723985652531e-03 -1.9437074820536416e-03 -1.9284273034723804e-03 -1.9406658873479179e-03 -1.9492848201316383e-03 -1.9644892241786568e-03 -1.9773992570768697e-03 -1.9880510216301862e-03 -1.9965437519646849e-03 -2.0029939514571715e-03 -2.0074902230398290e-03 -2.0101279458612869e-03 -2.0109449825968409e-03 -2.0099700037145680e-03 -2.0071777313467277e-03 -2.0025209163831510e-03 -1.9959180907588728e-03 -1.9872673147212317e-03 -1.9764646698206350e-03 -1.9634077021649168e-03 -1.9480531391110067e-03
</DataArray>
        <DataArray type="Float64" format="ascii" Name="U_magnitude">
7.6066376201964971e-16 6.2587002747579180e-15 1.9328921887531616e-03 1.9342904878366328e-03 1.2198280944266874e-03 1.2227945120334800e-03 1.5281133814720587e-15 9.5864204459827669e-17 6.2348639142769078e-16 7.7086403740090791e-17 4.6756505353423868e-16 5.4425839965008732e-16 1.7564053123390587e-15 2.1327181717997282e-16 6.4915681877093627e-15 1.0997136003535174e-15 5.1707984807930429e-16 1.5259634283858866e-16 3.2918041518936874e-14 3.4804470998520220e-15 1.9704733108190895e-14 1.1022602065798401e-15 1.9706414513272510e-14 2.7444908711614949e-04 4.2996072203616866e-04 5.5637676498147804e-04 6.7376430173548738e-04 7.8763905613377810e-04 8.9928393347743192e-04 1.0085940324096399e-03 1.1156334667039851e-03 1.5569681671945046e-04 3.5748685045328322e-04 4.9517765368965511e-04 6.1592039684102071e-04 7.3116409070606340e-04 8.4385807504950660e-04 9.5437800921575563e-04 1.0625736039713129e-03 1.1686737263347383e-03 1.2015756512711239e-03 1.1981297326522416e-03 1.1968837553936636e-03 1.1964046290758204e-03 1.1966761775544211e-03 1.1977009931877340e-03 1.1994939468894629e-03 1.2033219192712705e-03 1.2076088334654230e-03 1.1996161114826546e-03 1.1974996908402558e-03 1.1965981904111455e-03 1.1964453489187636e-03 1.1970730373225748e-03 1.1984343470018779e-03 1.2009733273856591e-03 1.2095476568797709e-03 1.1179887213244621e-03 1.0108900671750784e-03 9.0152886901734535e-04 7.8988732582936844e-04 6.7601027457939384e-04 5.5854745556555918e-04 4.3185231530779180e-04 2.7690998558531642e-04 1.1701019012469464e-03 1.0649357791779944e-03 9.5661525060981357e-04 8.4604402119071488e-04 7.3331043967147407e-04 6.1795890808222535e-04 4.9699906536033480e-04 3.5999292454554560e-04 1.6846887840833464e-04 1.3773632658131381e-03 1.5031146831911246e-03 1.6131020931143595e-03 1.7081495805302861e-03 1.7876473859399088e-03 1.8507850601842213e-03 1.8967731665350009e-03 1.9248702374138186e-03 1.3040295302246051e-03 1.4426432870078508e-03 1.5601181660316139e-03 1.6625990740267945e-03 1.7499314562607620e-03 1.8213335827022704e-03 1.8759801452183291e-03 1.9131054585872266e-03 1.9319491141936368e-03 1.9670034002871122e-03 1.9907059602449475e-03 2.0058109853961820e-03 2.0130455146772260e-03 2.0128836493954424e-03 2.0053280926045814e-03 1.9899100243073917e-03 1.9659060802199825e-03 1.9517734764502291e-03 1.9799700940425899e-03 1.9992790187896943e-03 2.0103704225856583e-03 2.0138815071990461e-03 2.0100582298728030e-03 1.9986522213632585e-03 1.9790260685154304e-03 1.9505205168628393e-03 1.9233311540909467e-03 1.8951215813642641e-03 1.8490205672585486e-03 1.7857707926591925e-03 1.7061599380273030e-03 1.6109842779830157e-03 1.5007970480190047e-03 1.3749025347939334e-03 1.9304974878063324e-03 1.9115204108953335e-03 1.8742812778920776e-03 1.8195208059092183e-03 1.7480013322746209e-03 1.6605338291626891e-03 1.5578504799533199e-03 1.4401316570003600e-03 1.3034810672531408e-03 1.1079942031438921e-03 1.1019798340666344e-03 1.0981340546151516e-03 1.0959584841397142e-03 1.0957162323774268e-03 1.0974198101362657e-03 1.1008272646414311e-03 1.1063624902658189e-03 1.0057997175240791e-03 9.9766787099986234e-04 9.9082803771738913e-04 9.8689850098166495e-04 9.8665004129368456e-04 9.9008629408895484e-04 9.9644154987008310e-04 1.0041329388989883e-03 8.9561521934475449e-04 8.8432344735157561e-04 8.7404082851756681e-04 8.6809061304162069e-04 8.6783136687439014e-04 8.7326962108860533e-04 8.8306791908189497e-04 8.9390173085031582e-04 7.7816472670050720e-04 7.6120716691736347e-04 7.4669553003416892e-04 7.3858269106111328e-04 7.3831636824740776e-04 7.4590331828381241e-04 7.5991477481488141e-04 7.7640975902792616e-04 6.5328718538372867e-04 6.2795006322382922e-04 6.0870563061069080e-04 5.9863614708576527e-04 5.9836739624692149e-04 6.0790090063047892e-04 6.2662384008138887e-04 6.5150600898079749e-04 5.1888059841766968e-04 4.8385403189126988e-04 4.6110611630065631e-04 4.5022307832433793e-04 4.4996206045791644e-04 4.6030679496002978e-04 4.8249938556382420e-04 5.1708153883713514e-04 3.6894899604788238e-04 3.2819640845846768e-04 3.0662498555149542e-04 2.9732836913737239e-04 2.9710287075324711e-04 3.0588889991915399e-04 3.2679957994403264e-04 3.6707398044904757e-04 1.9452997695456120e-04 1.6312190487905096e-04 1.5050233909864828e-04 1.4550246857709229e-04 1.4537540800478645e-04 1.5006214946204825e-04 1.6207660912694941e-04 1.9070809919501789e-04 1.1613515795893925e-03 1.1123187207641148e-03 1.1562185638252787e-03 1.1534208125041079e-03 1.1046593348811818e-03 1.1514500068091843e-03 1.1499761798793790e-03 1.0998959580524412e-03 1.1488044021124805e-03 1.1478905870363537e-03 1.0968313946572541e-03 1.1472898888417707e-03 1.1469903161631394e-03 1.0955817976830962e-03 1.1470331200085766e-03 1.1473892416946616e-03 1.0963262558655981e-03 1.1480319254410624e-03 1.1489628983051951e-03 1.0988851791813290e-03 1.1501412760297177e-03 1.1518374210339479e-03 1.1031386399568467e-03 1.1543460235154744e-03 1.1593848973034319e-03 1.1104620323962688e-03 1.0615988226160998e-03 1.0091195374627663e-03 1.0578701944463837e-03 1.0541844813345576e-03 1.0016747609030536e-03 1.0508467566572091e-03 1.0479798103335220e-03 9.9396043369106820e-04 1.0455670765578554e-03 1.0437473963706672e-03 9.8843845097145409e-04 1.0425595414049423e-03 1.0420726548127880e-03 9.8629047335567618e-04 1.0423086975669682e-03 1.0432318273077186e-03 9.8792168125041383e-04 1.0448242933001699e-03 1.0469679249286875e-03 9.9295546396328360e-04 1.0496497163691605e-03 1.0527449281322364e-03 1.0002686036786944e-03 1.0562867879301860e-03 1.0597330673614022e-03 1.0071808359536302e-03 9.5511483006736929e-04 8.9974652624595717e-04 9.5163743060771536e-04 9.4699570524851915e-04 8.9010603780788073e-04 9.4217664239360627e-04 9.3760907697645370e-04 8.7877204803930159e-04 9.3370344731279155e-04 9.3070910035945853e-04 8.7039957499214136e-04 9.2879108193215246e-04 9.2805432239653654e-04 8.6721450710815944e-04 9.2853544897451108e-04 9.3018777258739875e-04 8.6987157183365295e-04 9.3294664811498218e-04 9.3659900858068053e-04 8.7774909926799968e-04 9.4094530552701330e-04 9.4555105386984542e-04 8.8863427769335737e-04 9.4995530136635716e-04 9.5317578779724552e-04 8.9776587323822286e-04 8.4310906171098071e-04 7.8527521460769619e-04 8.3777617556268248e-04 8.3102419239865113e-04 7.6973273341661755e-04 8.2399915242590779e-04 8.1735604060934064e-04 7.5331225636799456e-04 8.1171066104290877e-04 8.0740884366861893e-04 7.4170644520509801e-04 8.0468869442994651e-04 8.0368025620692219e-04 7.3743610468122609e-04 8.0442372282626918e-04 8.0686998021524555e-04 7.4115801820274325e-04 8.1092256926811133e-04 8.1630072499476664e-04 7.5223193515402682e-04 8.2271313012564483e-04 8.2949517953890552e-04 7.6816661582699273e-04 8.3602943888600833e-04 8.4113911386513301e-04 7.8326624851761709e-04 7.2618320094527955e-04 6.6573026402736086e-04 7.1672712749864186e-04 7.0617748260007503e-04 6.4022341483080240e-04 6.9587971865392830e-04 6.8662116165959749e-04 6.1729114140931911e-04 6.7899578806866095e-04 6.7334506848469231e-04 6.0246501452239734e-04 6.6983431082133114e-04 6.6856990798831706e-04 5.9727107483233089e-04 6.6956170056204094e-04 6.7278765153211590e-04 6.0190913393173861e-04 6.7817825576890040e-04 6.8550340137081523e-04 6.1616032889543274e-04 6.9453033971477254e-04 7.0454207513940658e-04 6.3854707083936806e-04 7.1491912560968916e-04 7.2418008770795640e-04 6.6367556907224751e-04 6.0354969209607987e-04 5.3911924937848088e-04 5.8755098219077473e-04 5.7162755286115714e-04 5.0002919374625117e-04 5.5732350363205205e-04 5.4535830120330049e-04 4.7091537232797333e-04 5.3598984218764727e-04 5.2932082878230408e-04 4.5427822250114871e-04 5.2528728578294596e-04 5.2386894780927576e-04 4.4880645102553159e-04 5.2501815675191519e-04 5.2877889319898812e-04 4.5376867018988765e-04 5.3516663200523775e-04 5.4421961466209572e-04 4.6981658924947855e-04 5.5591932852380017e-04 5.6986455789565958e-04 4.9824163353037190e-04 5.8564096317986411e-04 6.0146150220764555e-04 5.3691155150809868e-04 4.7135254588976169e-04 3.9866797857485787e-04 4.4653899633417121e-04 4.2490260144438161e-04 3.4575562319414782e-04 4.0746726866195792e-04 3.9416100983181334e-04 3.1547474144182644e-04 3.8445971321924649e-04 3.7785529410568264e-04 3.0069305078248059e-04 3.7400884637447777e-04 3.7267811163594955e-04 2.9616002481288521e-04 3.7377197852426358e-04 3.7740737196101712e-04 3.0031621663345072e-04 3.8370324198574687e-04 3.9315326414311952e-04 3.1460357262376465e-04 4.0606775502571716e-04 4.2308548186853229e-04 3.4403053357254042e-04 4.4439820280631730e-04 4.6891028476102634e-04 3.9586827210968598e-04 3.1820497825130038e-04 2.2546937075300494e-04 2.8530996115797258e-04 2.6230281430827653e-04 1.7475202582439221e-04 2.4640538840559962e-04 2.3554288729986381e-04 1.5544522141971393e-04 2.2830149964301943e-04 2.2356259621575533e-04 1.4728644529541886e-04 2.2090829013620555e-04 2.1999463369649542e-04 1.4489085222835286e-04 2.2074988161016102e-04 2.2329567734225434e-04 1.4709310868627981e-04 2.2778557743425971e-04 2.3494364447177566e-04 1.5501233901472479e-04 2.4528943671721717e-04 2.6078587048654182e-04 1.7377458112987750e-04 2.8272657813750246e-04 3.1477446472150111e-04 2.2266576491669499e-04 1.1390112269544901e-04 9.5441161243264112e-05 8.5874460588924881e-05 8.0276245047633079e-05 7.6552364505409493e-05 7.4153593338643944e-05 7.2591871806754484e-05 7.1730107947253573e-05 7.1429297281192024e-05 7.1670893293592671e-05 7.2494504623206340e-05 7.3961717489285058e-05 7.6382588540900248e-05 7.9987029374785080e-05 8.6043877141999160e-05 9.5691677826583344e-05 1.1536519785625153e-04 1.3653967158165309e-03 1.3617644656406321e-03 1.3610073197228025e-03 1.3607979663001065e-03 1.3605652603950978e-03 1.3603196942154226e-03 1.3606619934843664e-03 1.3639776938076690e-03 1.5079435033318943e-03 1.5088615548787885e-03 1.5096668313451819e-03 1.5101140458753460e-03 1.5098837264020863e-03 1.5089772993964394e-03 1.5077103748063045e-03 1.5062987411148467e-03 1.6293591985006917e-03 1.6368938134318728e-03 1.6406810486644834e-03 1.6422807724142366e-03 1.6420540070325382e-03 1.6400013604146529e-03 1.6357630991765371e-03 1.6277571053803926e-03 1.7316746240133159e-03 1.7450219698940956e-03 1.7522153061857271e-03 1.7553124930871080e-03 1.7550952190355086e-03 1.7515644562378847e-03 1.7439376115112031e-03 1.7301424080921422e-03 1.8156943476247541e-03 1.8333471808088589e-03 1.8435154269915365e-03 1.8480664744862190e-03 1.8478607917824918e-03 1.8428985948167982e-03 1.8323170326624662e-03 1.8142438914674323e-03 1.8814741549916484e-03 1.9020119284440631e-03 1.9143978583890441e-03 1.9201109892117219e-03 1.9199171854853137e-03 1.9138160529949923e-03 1.9010400256744373e-03 1.8801094721038352e-03 1.9288030784784750e-03 1.9510952972463230e-03 1.9649339173237854e-03 1.9714411625992865e-03 1.9712597607036511e-03 1.9643888353463993e-03 1.9501847527774376e-03 1.9275269209638052e-03 1.9574135302011489e-03 1.9806523166312306e-03 1.9953125981853836e-03 2.0022816179935590e-03 2.0021137505837868e-03 1.9948075567730464e-03 1.9798067134558549e-03 1.9562270318130045e-03 1.2924136870097311e-03 1.3698792934988852e-03 1.2863813538301506e-03 1.2837115969450215e-03 1.3630708230736050e-03 1.2822440240333793e-03 1.2815032500025423e-03 1.3613084100229590e-03 1.2810202720300414e-03 1.2807043902975765e-03 1.3609179391846596e-03 1.2804679703899745e-03 1.2803114780247605e-03 1.3606967495851277e-03 1.2802105472921224e-03 1.2801926462114915e-03 1.3604106702398287e-03 1.2802434035712562e-03 1.2804556127314734e-03 1.3602862022086190e-03 1.2809280216543450e-03 1.2820465496544413e-03 1.3615366112890109e-03 1.2844851721855006e-03 1.2902023827613426e-03 1.3682120803286287e-03 1.4410021631832692e-03 1.5064512209428305e-03 1.4393306733004225e-03 1.4381634117565437e-03 1.5083965057676688e-03 1.4375539376582426e-03 1.4374101719316274e-03 1.5092885004273735e-03 1.4373887346082745e-03 1.4374566106629197e-03 1.5099736891032610e-03 1.4374546190759454e-03 1.4373834301309482e-03 1.5100903899982268e-03 1.4372138648422925e-03 1.4369527689341560e-03 1.5094899326060490e-03 1.4366727204033751e-03 1.4364173357655499e-03 1.5083443219137743e-03 1.4364064178601511e-03 1.4368004558055533e-03 1.5070826096897519e-03 1.4378960476475842e-03 1.4392850278727104e-03 1.5046206041732636e-03 1.5668975698672563e-03 1.6227617534468734e-03 1.5710870124523209e-03 1.5735639225729072e-03 1.6337224553630049e-03 1.5753284887196405e-03 1.5765905545925944e-03 1.6390866686701189e-03 1.5775192874144055e-03 1.5781522150136622e-03 1.6417120935118981e-03 1.5784820706907367e-03 1.5785177712912015e-03 1.6423876735503109e-03 1.5782526990831907e-03 1.5776880411092794e-03 1.6412646003243969e-03 1.5768382167319229e-03 1.5756883434478054e-03 1.6382092524921379e-03 1.5742114378020451e-03 1.5722623492854223e-03 1.6324197025280943e-03 1.5695143349786474e-03 1.5650377451879665e-03 1.6209106383947931e-03 1.6742691145109074e-03 1.7215015796280711e-03 1.6828163771685034e-03 1.6889262745616029e-03 1.7392816036988932e-03 1.6934260272178394e-03 1.6966390774925148e-03 1.7491948289584968e-03 1.6989386580285675e-03 1.7004417436074064e-03 1.7541923859344093e-03 1.7012756735310293e-03 1.7014729123154375e-03 1.7555973318897687e-03 1.7010564387381463e-03 1.7000094867783816e-03 1.7537704586479119e-03 1.6982829844865953e-03 1.6957830425342051e-03 1.7483520235241372e-03 1.6923343593617931e-03 1.6876329752264795e-03 1.7379975137293627e-03 1.6812566386830783e-03 1.6724545016753947e-03 1.7197326039540420e-03 1.7644864166212974e-03 1.8031839732365769e-03 1.7759569129714857e-03 1.7848245623637549e-03 1.8256020018502098e-03 1.7916406913839856e-03 1.7967166319375004e-03 1.8392083790980552e-03 1.8004071563129181e-03 1.8028645067139355e-03 1.8464062877392444e-03 1.8042600251684446e-03 1.8046418073404792e-03 1.8485324850528628e-03 1.8040508342493343e-03 1.8024529546223139e-03 1.8460029256219140e-03 1.7997792457387447e-03 1.7958902950320147e-03 1.8383964643944603e-03 1.7905890599660892e-03 1.7835646852595024e-03 1.8243657940361592e-03 1.7744632727993823e-03 1.7627648553963586e-03 1.8015136297670534e-03 1.8375583032374826e-03 1.8675386622871795e-03 1.8508766911956910e-03 1.8616162318256496e-03 1.8928755247215781e-03 1.8701280712002694e-03 1.8766664773532844e-03 1.9091083096910604e-03 1.8815039005515275e-03 1.8847893644623412e-03 1.9180148128496504e-03 1.8866812086614291e-03 1.8872305643540641e-03 1.9207276350564409e-03 1.8864824564676999e-03 1.8843952888314254e-03 1.9176294628428915e-03 1.8809065190391850e-03 1.8758731670749575e-03 1.9083332909105319e-03 1.8691272535710159e-03 1.8604123790018736e-03 1.8917029988555400e-03 1.8494646065685056e-03 1.8359366279117888e-03 1.8659685775331883e-03 1.8930728589086911e-03 1.9140891003996989e-03 1.9074645925289263e-03 1.9193687349148615e-03 1.9410900087708121e-03 1.9289973098935674e-03 1.9365431696674689e-03 1.9589918299040185e-03 1.9421973133857491e-03 1.9460915193160149e-03 1.9690456086349012e-03 1.9483528129568375e-03 1.9490304588360135e-03 1.9721646974700351e-03 1.9481651120303093e-03 1.9457158423942613e-03 1.9686796464345848e-03 1.9416331795932484e-03 1.9357890581556917e-03 1.9582586952148645e-03 1.9280538796044434e-03 1.9182320849021545e-03 1.9399886387718016e-03 1.9061389951485635e-03 1.8915522279652069e-03 1.9126205414036217e-03 1.9305316733260534e-03 1.9423349371682349e-03 1.9454681061976480e-03 1.9580275722999138e-03 1.9701708041466436e-03 1.9683133857868280e-03 1.9764708217820987e-03 1.9890009949084979e-03 1.9826282586936335e-03 1.9869057614623703e-03 1.9997118812358460e-03 1.9894005790396956e-03 1.9901623694493641e-03 2.0030702949364494e-03 1.9892245867101869e-03 1.9865498604996379e-03 1.9993672131510200e-03 1.9820996760888518e-03 1.9757593711916175e-03 1.9883122085433799e-03 1.9674311916987697e-03 1.9569632632407525e-03 1.9691432011822519e-03 1.9442324390939539e-03 1.9291155992975121e-03 1.9409745164617094e-03 1.9494378782764091e-03 1.9646152162585010e-03 1.9775000669771062e-03 1.9881283972514882e-03 1.9965997263417163e-03 2.0030311087284860e-03 2.0075118110440588e-03 2.0101378749517698e-03 2.0109476428359450e-03 2.0099700162270365e-03 2.0071796412136360e-03 2.0025289153444968e-03 1.9959358154585062e-03 1.9872977730541579e-03 1.9765102935973009e-03 1.9634705595089224e-03 1.9481352434447818e-03
</DataArray>
      </PointData>
      <CellData>
        <DataArray type="Int64" format="ascii" Name="element_id">
0 1 2 3 4 5 6 7 8 9 10 11 12 13 14 15 16 17 18 19 20 21 22 23 24 25 26 27 28 29 30 31 32 33 34 35 36 37 38 39 40 41 42 43 44 45 46 47 48 49 50 51 52 53 54 55 56 57 58 59 60 61 62 63 64 65 66 67 68 69 70 71 72 73 74 75 76 77 78 79 80 81 82 83 84 85 86 87 88 89 90 91 92 93 94 95 96 97 98 99 100 101 102 103 104 105 106 107 108 109 110 111 112 113 114 115 116 117 118 119 120 121 122 123 124 125 126 127 128 129 130 131 132 133 134 135 136 137 138 139 140 141 142 143 144 145 146 147 148 149 150 151 152 153 154 155 156 157 158 159 160 161 162 163 164 165 166 167 168 169 170 171 172 173 174 175 176 177 178 179 180 181 182 183 184 185 186 187 188 189 190 191 192 193 194 195 196 197 198 199 200 201 202 203 204 205 206 207 208 209 210 211 212 213 214 215 216 217 218 219 220 221 222 223 224 225 226 227 228 229 230 231 232 233 234 235 236 237 238 239 240 241 242 243 244 245 246 247 248 249 250 251 252 253 254 255 256 257 258 259 260 261 262 263 264 265 266 267 268 269 270 271 272 273 274 275 276 277 278 279 280 281 282 283 284 285 286 287 288 289 290 291 292 293 294 295 296 297 298 299 300 301 302 303 304 305 306 307 308 309 310 311 312 313 314 315 316 317 318 319 320 321 322 323
</DataArray>
        <DataArray type="Int64" format="ascii" Name="material_id">
2 2 2 2 2 2 2 2 2 2 2 2 2 2 2 2 2 2 2 2 2 2 2 2 2 2 2 2 2 2 2 2 2 2 2 2 2 2 2 2 2 2 2 2 2 2 2 2 2 2 2 2 2 2 2 2 2 2 2 2 2 2 2 2 2 2 2 2 2 2 2 2 2 2 2 2 2 2 2 2 2 2 2 2 2 2 2 2 2 2 2 2 2 2 2 2 2 2 2 2 2 2 2 2 2 2 2 2 2 2 2 2 2 2 2 2 2 2 2 2 2 2 2 2 2 2 2 2 2 2 2 2 2 2 2 2 2 2 2 2 2 2 2 2 2 2 2 2 2 2 2 2 2 2 2 2 2 2 2 2 2 2 1 1 1 1 1 1 1 1 1 1 1 1 1 1 1 1 1 1 1 1 1 1 1 1 1 1 1 1 1 1 1 1 1 1 1 1 1 1 1 1 1 1 1 1 1 1 1 1 1 1 1 1 1 1 1 1 1 1 1 1 1 1 1 1 1 1 1 1 1 1 1 1 1 1 1 1 1 1 1 1 1 1 1 1 1 1 1 1 1 1 1 1 1 1 1 1 1 1 1 1 1 1 1 1 1 1 1 1 1 1 1 1 1 1 1 1 1 1 1 1 1 1 1 1 1 1 1 1 1 1 1 1 1 1 1 1 1 1 1 1 1 1 1 1 1 1 1 1 1 1 1 1 1 1 1 1 1 1 1 1 1 1
</DataArray>
        <DataArray type="Float64" format="ascii" Name="Strain" NumberOfComponents="9">
4.2219149855463799e-04 -3.5817343630338126e-05 0.0000000000000000e+00 -3.5817343630338126e-05 -8.7843475320570862e-04 0.0000000000000000e+00 0.0000000000000000e+00 0.0000000000000000e+00 0.0000000000000000e+00 4.0284678331936098e-04 -2.0885561598529370e-05 0.0000000000000000e+00 -2.0885561598529370e-05 -8.7619402102325199e-04 0.0000000000000000e+00 0.0000000000000000e+00 0.0000000000000000e+00 0.0000000000000000e+00 4.3802740624172902e-04 -4.4828798459610351e-05 0.0000000000000000e+00 -4.4828798459610351e-05 -8.5496715232361183e-04 0.0000000000000000e+00 0.0000000000000000e+00 0.0000000000000000e+00 0.0000000000000000e+00 4.3387020304417706e-04 -2.4660238486522991e-05 0.0000000000000000e+00 -2.4660238486522991e-05 -8.8070327599578486e-04 0.0000000000000000e+00 0.0000000000000000e+00 0.0000000000000000e+00 0.0000000000000000e+00 4.5986769119114504e-04 -2.5375077031072320e-05 0.0000000000000000e+00 -2.5375077031072320e-05 -8.7560394778354574e-04 0.0000000000000000e+00 0.0000000000000000e+00 0.0000000000000000e+00 0.0000000000000000e+00 4.5949681395632107e-04 -1.3877764537178006e-05 0.0000000000000000e+00 -1.3877764537178006e-05 -9.0191835996213023e-04 0.0000000000000000e+00 0.0000000000000000e+00 0.0000000000000000e+00 0.0000000000000000e+00 4.7309096360415010e-04 -1.0994804612400245e-05 0.0000000000000000e+00 -1.0994804612400245e-05 -8.8972278183961954e-04 0.0000000000000000e+00 0.0000000000000000e+00 0.0000000000000000e+00 0.0000000000000000e+00 4.7336834127624332e-04 -5.0566319959905840e-06 0.0000000000000000e+00 -5.0566319959905840e-06 -9.1549137427343206e-04 0.0000000000000000e+00 0.0000000000000000e+00 0.0000000000000000e+00 0.0000000000000000e+00 4.7851628989142755e-04 -1.1233016961006323e-06 0.0000000000000000e+00 -1.1233016961006323e-06 -8.9567550334570265e-04 0.0000000000000000e+00 0.0000000000000000e+00 0.0000000000000000e+00 0.0000000000000000e+00 4.7685503309897429e-04 1.2439871013875802e-06 0.0000000000000000e+00 1.2439871013875802e-06 -9.1902871415484410e-04 0.0000000000000000e+00 0.0000000000000000e+00 0.0000000000000000e+00 0.0000000000000000e+00 4.7615755226178296e-04 8.0735341809264725e-06 0.0000000000000000e+00 8.0735341809264725e-06 -8.9301495006830162e-04 0.0000000000000000e+00 0.0000000000000000e+00 0.0000000000000000e+00 0.0000000000000000e+00 4.7027583274816760e-04 8.2157882874203669e-06 0.0000000000000000e+00 8.2157882874203669e-06 -9.1218995372074137e-04 0.0000000000000000e+00 0.0000000000000000e+00 0.0000000000000000e+00 0.0000000000000000e+00 4.6642456224286463e-04 2.0673352433961704e-05 0.0000000000000000e+00 2.0673352433961704e-05 -8.8224256381563317e-04 0.0000000000000000e+00 0.0000000000000000e+00 0.0000000000000000e+00 0.0000000000000000e+00 4.5295300230873830e-04 1.8875327521934623e-05 0.0000000000000000e+00 1.8875327521934623e-05 -8.9537882588388445e-04 0.0000000000000000e+00 0.0000000000000000e+00 0.0000000000000000e+00 0.0000000000000000e+00 4.4996775255742773e-04 3.9464677651908132e-05 0.0000000000000000e+00 3.9464677651908132e-05 -8.6525100132273851e-04 0.0000000000000000e+00 0.0000000000000000e+00 0.0000000000000000e+00 0.0000000000000000e+00 4.2187975556291405e-04 3.0447791025272955e-05 0.0000000000000000e+00 3.0447791025272955e-05 -8.7177519428807823e-04 0.0000000000000000e+00 0.0000000000000000e+00 0.0000000000000000e+00 0.0000000000000000e+00 4.2387831422936511e-04 4.6191022625622315e-05 0.0000000000000000e+00 4.6191022625622315e-05 -8.5290418867245855e-04 0.0000000000000000e+00 0.0000000000000000e+00 0.0000000000000000e+00 0.0000000000000000e+00 3.9518030294655952e-04 9.4340412206624253e-06 0.0000000000000000e+00 9.4340412206624253e-06 -8.9809262362393317e-04 0.0000000000000000e+00 0.0000000000000000e+00 0.0000000000000000e+00 0.0000000000000000e+00 4.0930844356801548e-04 1.2216062044893310e-05 0.0000000000000000e+00 1.2216062044893310e-05 -9.5479030081366593e-04 0.0000000000000000e+00 0.0000000000000000e+00 0.0000000000000000e+00 0.0000000000000000e+00 4.1592491258781919e-04 1.7614477159353412e-05 0.0000000000000000e+00 1.7614477159353412e-05 -9.6356899637482449e-04 0.0000000000000000e+00 0.0000000000000000e+00 0.0000000000000000e+00 0.0000000000000000e+00 4.1761492644246042e-04 4.6115199438343535e-06 0.0000000000000000e+00 4.6115199438343535e-06 -9.2479700902391344e-04 0.0000000000000000e+00 0.0000000000000000e+00 0.0000000000000000e+00 0.0000000000000000e+00 4.3134287282151637e-04 1.5593882087752617e-05 0.0000000000000000e+00 1.5593882087752617e-05 -9.5706953114351606e-04 0.0000000000000000e+00 0.0000000000000000e+00 0.0000000000000000e+00 0.0000000000000000e+00 4.4679150358024520e-04 1.4181669321731500e-06 0.0000000000000000e+00 1.4181669321731500e-06 -9.4205954445698641e-04 0.0000000000000000e+00 0.0000000000000000e+00 0.0000000000000000e+00 0.0000000000000000e+00 4.5721781349285955e-04 1.0647848377967710e-05 0.0000000000000000e+00 1.0647848377967710e-05 -9.7621989337605560e-04 0.0000000000000000e+00 0.0000000000000000e+00 0.0000000000000000e+00 0.0000000000000000e+00 4.6810638989226624e-04 1.7113280121947153e-06 0.0000000000000000e+00 1.7113280121947153e-06 -9.6094583456700529e-04 0.0000000000000000e+00 0.0000000000000000e+00 0.0000000000000000e+00 0.0000000000000000e+00 4.7444259126573868e-04 5.4231830324390751e-06 0.0000000000000000e+00 5.4231830324390751e-06 -9.9229501496456087e-04 0.0000000000000000e+00 0.0000000000000000e+00 0.0000000000000000e+00 0.0000000000000000e+00 4.7678996955107786e-04 6.8158957108143220e-07 0.0000000000000000e+00 6.8158957108143220e-07 -9.6942618641497570e-04 0.0000000000000000e+00 0.0000000000000000e+00 0.0000000000000000e+00 0.0000000000000000e+00 4.7887512220080104e-04 -6.5827470158617871e-07 0.0000000000000000e+00 -6.5827470158617871e-07 -9.9671339967844701e-04 0.0000000000000000e+00 0.0000000000000000e+00 0.0000000000000000e+00 0.0000000000000000e+00 4.7258499487463354e-04 -6.7370040325617853e-07 0.0000000000000000e+00 -6.7370040325617853e-07 -9.6530120030157698e-04 0.0000000000000000e+00 0.0000000000000000e+00 0.0000000000000000e+00 0.0000000000000000e+00 4.7005863588397219e-04 -6.4429783955774381e-06 0.0000000000000000e+00 -6.4429783955774381e-06 -9.8809623470853250e-04 0.0000000000000000e+00 0.0000000000000000e+00 0.0000000000000000e+00 0.0000000000000000e+00 4.5520211814622163e-04 -7.3673250861253034e-07 0.0000000000000000e+00 -7.3673250861253034e-07 -9.4922414691386576e-04 0.0000000000000000e+00 0.0000000000000000e+00 0.0000000000000000e+00 0.0000000000000000e+00 4.4861768514254627e-04 -1.1508398714968330e-05 0.0000000000000000e+00 -1.1508398714968330e-05 -9.6915599039970959e-04 0.0000000000000000e+00 0.0000000000000000e+00 0.0000000000000000e+00 0.0000000000000000e+00 4.2557000039976508e-04 -2.1766749648666185e-06 0.0000000000000000e+00 -2.1766749648666185e-06 -9.2721536649857965e-04 0.0000000000000000e+00 0.0000000000000000e+00 0.0000000000000000e+00 0.0000000000000000e+00 4.2163766003418181e-04 -1.8944326758364480e-05 0.0000000000000000e+00 -1.8944326758364480e-05 -9.5352991266047145e-04 0.0000000000000000e+00 0.0000000000000000e+00 0.0000000000000000e+00 0.0000000000000000e+00 4.0467729630492519e-04 -1.3299176267814400e-05 0.0000000000000000e+00 -1.3299176267814400e-05 -9.3502599373906643e-04 0.0000000000000000e+00 0.0000000000000000e+00 0.0000000000000000e+00 0.0000000000000000e+00 4.2265940846417208e-04 -1.5477794447147737e-05 0.0000000000000000e+00 -1.5477794447147737e-05 -9.8458359167615320e-04 0.0000000000000000e+00 0.0000000000000000e+00 0.0000000000000000e+00 0.0000000000000000e+00 4.3899507053358935e-04 1.7274859529616967e-05 0.0000000000000000e+00 1.7274859529616967e-05 -1.0244992342621148e-03 0.0000000000000000e+00 0.0000000000000000e+00 0.0000000000000000e+00 0.0000000000000000e+00 4.4788242019455762e-04 3.0779764152504096e-05 0.0000000000000000e+00 3.0779764152504096e-05 -1.0422650764609093e-03 0.0000000000000000e+00 0.0000000000000000e+00 0.0000000000000000e+00 0.0000000000000000e+00 4.4214164547935086e-04 3.6396652067370858e-05 0.0000000000000000e+00 3.6396652067370858e-05 -1.0143820560894528e-03 0.0000000000000000e+00 0.0000000000000000e+00 0.0000000000000000e+00 0.0000000000000000e+00 4.5848430655229949e-04 4.1462741697876955e-05 0.0000000000000000e+00 4.1462741697876955e-05 -1.0485662932054815e-03 0.0000000000000000e+00 0.0000000000000000e+00 0.0000000000000000e+00 0.0000000000000000e+00 4.6165190316943983e-04 2.9525858514229294e-05 0.0000000000000000e+00 2.9525858514229294e-05 -1.0291617551102621e-03 0.0000000000000000e+00 0.0000000000000000e+00 0.0000000000000000e+00 0.0000000000000000e+00 4.7648217771489664e-04 3.1380824477075954e-05 0.0000000000000000e+00 3.1380824477075954e-05 -1.0673473565891757e-03 0.0000000000000000e+00 0.0000000000000000e+00 0.0000000000000000e+00 0.0000000000000000e+00 4.7946058249395489e-04 1.6833341196410449e-05 0.0000000000000000e+00 1.6833341196410449e-05 -1.0470247143710828e-03 0.0000000000000000e+00 0.0000000000000000e+00 0.0000000000000000e+00 0.0000000000000000e+00 4.8964419077217184e-04 1.5066915351032799e-05 0.0000000000000000e+00 1.5066915351032799e-05 -1.0825863397143703e-03 0.0000000000000000e+00 0.0000000000000000e+00 0.0000000000000000e+00 0.0000000000000000e+00 4.8723953354870672e-04 2.7328368570066887e-06 0.0000000000000000e+00 2.7328368570066887e-06 -1.0555064814941641e-03 0.0000000000000000e+00 0.0000000000000000e+00 0.0000000000000000e+00 0.0000000000000000e+00 4.9305289895875976e-04 -2.6841758461993241e-06 0.0000000000000000e+00 -2.6841758461993241e-06 -1.0867640286452921e-03 0.0000000000000000e+00 0.0000000000000000e+00 0.0000000000000000e+00 0.0000000000000000e+00 4.8313416113391310e-04 -1.1530490821025556e-05 0.0000000000000000e+00 -1.1530490821025556e-05 -1.0511495648402379e-03 0.0000000000000000e+00 0.0000000000000000e+00 0.0000000000000000e+00 0.0000000000000000e+00 4.8594960477270344e-04 -2.0344206158631453e-05 0.0000000000000000e+00 -2.0344206158631453e-05 -1.0785064797038714e-03 0.0000000000000000e+00 0.0000000000000000e+00 0.0000000000000000e+00 0.0000000000000000e+00 4.6792536671113265e-04 -2.5071544071647870e-05 0.0000000000000000e+00 -2.5071544071647870e-05 -1.0355551228672462e-03 0.0000000000000000e+00 0.0000000000000000e+00 0.0000000000000000e+00 0.0000000000000000e+00 4.7014438002855380e-04 -3.6081223937423240e-05 0.0000000000000000e+00 -3.6081223937423240e-05 -1.0609911046852126e-03 0.0000000000000000e+00 0.0000000000000000e+00 0.0000000000000000e+00 0.0000000000000000e+00 4.4767293276950902e-04 -3.5454851434237476e-05 0.0000000000000000e+00 -3.5454851434237476e-05 -1.0181067984119602e-03 0.0000000000000000e+00 0.0000000000000000e+00 0.0000000000000000e+00 0.0000000000000000e+00 4.5354818836279901e-04 -4.2768819257515873e-05 0.0000000000000000e+00 -4.2768819257515873e-05 -1.0453979349170847e-03 0.0000000000000000e+00 0.0000000000000000e+00 0.0000000000000000e+00 0.0000000000000000e+00 4.3785234567316199e-04 -2.9006858019838843e-05 0.0000000000000000e+00 -2.9006858019838843e-05 -1.0192320615095907e-03 0.0000000000000000e+00 0.0000000000000000e+00 0.0000000000000000e+00 0.0000000000000000e+00 4.4934319614685911e-04 -1.8511624298166659e-05 0.0000000000000000e+00 -1.8511624298166659e-05 -1.0475225564163804e-03 0.0000000000000000e+00 0.0000000000000000e+00 0.0000000000000000e+00 0.0000000000000000e+00 4.6461812523798581e-04 1.9846371583441462e-05 0.0000000000000000e+00 1.9846371583441462e-05 -1.0834741801432209e-03 0.0000000000000000e+00 0.0000000000000000e+00 0.0000000000000000e+00 0.0000000000000000e+00 4.7731118367226317e-04 3.6465633672990739e-05 0.0000000000000000e+00 3.6465633672990739e-05 -1.1115792161221951e-03 0.0000000000000000e+00 0.0000000000000000e+00 0.0000000000000000e+00 0.0000000000000000e+00 4.7596328294051340e-04 4.9971169984366209e-05 0.0000000000000000e+00 4.9971169984366209e-05 -1.1027022162890926e-03 0.0000000000000000e+00 0.0000000000000000e+00 0.0000000000000000e+00 0.0000000000000000e+00 4.9232787729533748e-04 5.2186041731169625e-05 0.0000000000000000e+00 5.2186041731169625e-05 -1.1414352136262041e-03 0.0000000000000000e+00 0.0000000000000000e+00 0.0000000000000000e+00 0.0000000000000000e+00 4.9067394061113744e-04 4.4512294544816580e-05 0.0000000000000000e+00 4.4512294544816580e-05 -1.1259614054309514e-03 0.0000000000000000e+00 0.0000000000000000e+00 0.0000000000000000e+00 0.0000000000000000e+00 5.0429626126921438e-04 4.0091825592716803e-05 0.0000000000000000e+00 4.0091825592716803e-05 -1.1660012695482510e-03 0.0000000000000000e+00 0.0000000000000000e+00 0.0000000000000000e+00 0.0000000000000000e+00 5.0166876490860849e-04 2.5601234603703246e-05 0.0000000000000000e+00 2.5601234603703246e-05 -1.1437831834363624e-03 0.0000000000000000e+00 0.0000000000000000e+00 0.0000000000000000e+00 0.0000000000000000e+00 5.1069005125245438e-04 1.8904366173296929e-05 0.0000000000000000e+00 1.8904366173296929e-05 -1.1803463588199333e-03 0.0000000000000000e+00 0.0000000000000000e+00 0.0000000000000000e+00 0.0000000000000000e+00 5.0605443791988149e-04 3.7687730540017467e-06 0.0000000000000000e+00 3.7687730540017467e-06 -1.1512945346084016e-03 0.0000000000000000e+00 0.0000000000000000e+00 0.0000000000000000e+00 0.0000000000000000e+00 5.1199450812888325e-04 -3.7431428171041639e-06 0.0000000000000000e+00 -3.7431428171041639e-06 -1.1838083384068767e-03 0.0000000000000000e+00 0.0000000000000000e+00 0.0000000000000000e+00 0.0000000000000000e+00 5.0358185651327297e-04 -1.8152909705062739e-05 0.0000000000000000e+00 -1.8152909705062739e-05 -1.1474502216404984e-03 0.0000000000000000e+00 0.0000000000000000e+00 0.0000000000000000e+00 0.0000000000000000e+00 5.0876740101273466e-04 -2.6312668006742164e-05 0.0000000000000000e+00 -2.6312668006742164e-05 -1.1767091516686216e-03 0.0000000000000000e+00 0.0000000000000000e+00 0.0000000000000000e+00 0.0000000000000000e+00 4.9462274877276353e-04 -3.8491777169637586e-05 0.0000000000000000e+00 -3.8491777169637586e-05 -1.1330337474565607e-03 0.0000000000000000e+00 0.0000000000000000e+00 0.0000000000000000e+00 0.0000000000000000e+00 5.0064435348718252e-04 -4.6158308565250155e-05 0.0000000000000000e+00 -4.6158308565250155e-05 -1.1592544753364867e-03 0.0000000000000000e+00 0.0000000000000000e+00 0.0000000000000000e+00 0.0000000000000000e+00 4.8116164835468409e-04 -5.0246220196625317e-05 0.0000000000000000e+00 -5.0246220196625317e-05 -1.1116511735493400e-03 0.0000000000000000e+00 0.0000000000000000e+00 0.0000000000000000e+00 0.0000000000000000e+00 4.8788529215907918e-04 -5.2035065964959087e-05 0.0000000000000000e+00 -5.2035065964959087e-05 -1.1331946614546902e-03 0.0000000000000000e+00 0.0000000000000000e+00 0.0000000000000000e+00 0.0000000000000000e+00 4.6836244332808350e-04 -3.5398190886670540e-05 0.0000000000000000e+00 -3.5398190886670540e-05 -1.0907268645831340e-03 0.0000000000000000e+00 0.0000000000000000e+00 0.0000000000000000e+00 0.0000000000000000e+00 4.7347437985342751e-04 -2.0809427629680622e-05 0.0000000000000000e+00 -2.0809427629680622e-05 -1.1039817407566420e-03 0.0000000000000000e+00 0.0000000000000000e+00 0.0000000000000000e+00 0.0000000000000000e+00 4.8737415216793553e-04 2.1660118790089086e-05 0.0000000000000000e+00 2.1660118790089086e-05 -1.1369349045627093e-03 0.0000000000000000e+00 0.0000000000000000e+00 0.0000000000000000e+00 0.0000000000000000e+00 5.0516619920315206e-04 3.7169856840002578e-05 0.0000000000000000e+00 3.7169856840002578e-05 -1.1785983973020024e-03 0.0000000000000000e+00 0.0000000000000000e+00 0.0000000000000000e+00 0.0000000000000000e+00 5.0912870065995635e-04 5.1834891089768839e-05 0.0000000000000000e+00 5.1834891089768839e-05 -1.1894545462973400e-03 0.0000000000000000e+00 0.0000000000000000e+00 0.0000000000000000e+00 0.0000000000000000e+00 5.2371726888238114e-04 4.7651082551215228e-05 0.0000000000000000e+00 4.7651082551215228e-05 -1.2344178105532081e-03 0.0000000000000000e+00 0.0000000000000000e+00 0.0000000000000000e+00 0.0000000000000000e+00 5.1941199283044048e-04 4.3418892105329736e-05 0.0000000000000000e+00 4.3418892105329736e-05 -1.2243135502049060e-03 0.0000000000000000e+00 0.0000000000000000e+00 0.0000000000000000e+00 0.0000000000000000e+00 5.2598837555703102e-04 3.2319506868113521e-05 0.0000000000000000e+00 3.2319506868113521e-05 -1.2633634802815235e-03 0.0000000000000000e+00 0.0000000000000000e+00 0.0000000000000000e+00 0.0000000000000000e+00 5.2072567549292146e-04 2.3365341471162663e-05 0.0000000000000000e+00 2.3365341471162663e-05 -1.2412968462498463e-03 0.0000000000000000e+00 0.0000000000000000e+00 0.0000000000000000e+00 0.0000000000000000e+00 5.2177052115546553e-04 1.3655137937443149e-05 0.0000000000000000e+00 1.3655137937443149e-05 -1.2740570926892650e-03 0.0000000000000000e+00 0.0000000000000000e+00 0.0000000000000000e+00 0.0000000000000000e+00 5.1973653786583675e-04 2.9656080983051593e-06 0.0000000000000000e+00 2.9656080983051593e-06 -1.2466404691673099e-03 0.0000000000000000e+00 0.0000000000000000e+00 0.0000000000000000e+00 0.0000000000000000e+00 5.1975559370023394e-04 -3.0536614094924939e-06 0.0000000000000000e+00 -3.0536614094924939e-06 -1.2758135578597419e-03 0.0000000000000000e+00 0.0000000000000000e+00 0.0000000000000000e+00 0.0000000000000000e+00 5.1982634510147163e-04 -1.6897417756346922e-05 0.0000000000000000e+00 -1.6897417756346922e-05 -1.2438259917097857e-03 0.0000000000000000e+00 0.0000000000000000e+00 0.0000000000000000e+00 0.0000000000000000e+00 5.2239854077224012e-04 -2.0144163161801797e-05 0.0000000000000000e+00 -2.0144163161801797e-05 -1.2713478565192485e-03 0.0000000000000000e+00 0.0000000000000000e+00 0.0000000000000000e+00 0.0000000000000000e+00 5.1969858184046684e-04 -3.6792557491082455e-05 0.0000000000000000e+00 -3.6792557491082455e-05 -1.2315384768423524e-03 0.0000000000000000e+00 0.0000000000000000e+00 0.0000000000000000e+00 0.0000000000000000e+00 5.2573326580286303e-04 -3.8678867072850983e-05 0.0000000000000000e+00 -3.8678867072850983e-05 -1.2562556430132565e-03 0.0000000000000000e+00 0.0000000000000000e+00 0.0000000000000000e+00 0.0000000000000000e+00 5.1384150203258685e-04 -5.0392797119791846e-05 0.0000000000000000e+00 -5.0392797119791846e-05 -1.2043834753147377e-03 0.0000000000000000e+00 0.0000000000000000e+00 0.0000000000000000e+00 0.0000000000000000e+00 5.1982790146639821e-04 -4.9001622204319331e-05 0.0000000000000000e+00 -4.9001622204319331e-05 -1.2202816211554451e-03 0.0000000000000000e+00 0.0000000000000000e+00 0.0000000000000000e+00 0.0000000000000000e+00 4.9643644083382978e-04 -3.7341899622579638e-05 0.0000000000000000e+00 -3.7341899622579638e-05 -1.1579061444695702e-03 0.0000000000000000e+00 0.0000000000000000e+00 0.0000000000000000e+00 0.0000000000000000e+00 4.9614564201345350e-04 -2.1737449912716527e-05 0.0000000000000000e+00 -2.1737449912716527e-05 -1.1573915232526476e-03 0.0000000000000000e+00 0.0000000000000000e+00 0.0000000000000000e+00 0.0000000000000000e+00 5.0954501392867476e-04 2.0765872290964715e-05 0.0000000000000000e+00 2.0765872290964715e-05 -1.1902534286710800e-03 0.0000000000000000e+00 0.0000000000000000e+00 0.0000000000000000e+00 0.0000000000000000e+00 5.3426174333446404e-04 2.7284346346960299e-05 0.0000000000000000e+00 2.7284346346960299e-05 -1.2526690720633424e-03 0.0000000000000000e+00 0.0000000000000000e+00 0.0000000000000000e+00 0.0000000000000000e+00 5.3858564229428217e-04 3.6191833701802526e-05 0.0000000000000000e+00 3.6191833701802526e-05 -1.2795194013658713e-03 0.0000000000000000e+00 0.0000000000000000e+00 0.0000000000000000e+00 0.0000000000000000e+00 5.4450191109127954e-04 1.7212617767606730e-05 0.0000000000000000e+00 1.7212617767606730e-05 -1.3284097298928484e-03 0.0000000000000000e+00 0.0000000000000000e+00 0.0000000000000000e+00 0.0000000000000000e+00 5.3393275653829391e-04 1.9362710516196529e-05 0.0000000000000000e+00 1.9362710516196529e-05 -1.3176757756116759e-03 0.0000000000000000e+00 0.0000000000000000e+00 0.0000000000000000e+00 0.0000000000000000e+00 5.2360983193351402e-04 -2.4027949910045041e-08 0.0000000000000000e+00 -2.4027949910045041e-08 -1.3485269672588538e-03 0.0000000000000000e+00 0.0000000000000000e+00 0.0000000000000000e+00 0.0000000000000000e+00 5.1779016584719412e-04 5.6720709493424019e-06 0.0000000000000000e+00 5.6720709493424019e-06 -1.3261901984413763e-03 0.0000000000000000e+00 0.0000000000000000e+00 0.0000000000000000e+00 0.0000000000000000e+00 5.0195762808501632e-04 -4.1239496412286256e-06 0.0000000000000000e+00 -4.1239496412286256e-06 -1.3479190302727799e-03 0.0000000000000000e+00 0.0000000000000000e+00 0.0000000000000000e+00 0.0000000000000000e+00 5.0855673399548078e-04 -3.7219142056363231e-07 0.0000000000000000e+00 -3.7219142056363231e-07 -1.3263434110187763e-03 0.0000000000000000e+00 0.0000000000000000e+00 0.0000000000000000e+00 0.0000000000000000e+00 4.9518614461557548e-04 -6.4374191061453480e-08 0.0000000000000000e+00 -6.4374191061453480e-08 -1.3462373170338396e-03 0.0000000000000000e+00 0.0000000000000000e+00 0.0000000000000000e+00 0.0000000000000000e+00 5.1241669841430167e-04 -4.7630288729963450e-06 0.0000000000000000e+00 -4.7630288729963450e-06 -1.3258176710362305e-03 0.0000000000000000e+00 0.0000000000000000e+00 0.0000000000000000e+00 0.0000000000000000e+00 5.0627997702382447e-04 2.7712268209540553e-06 0.0000000000000000e+00 2.7712268209540553e-06 -1.3475289750000678e-03 0.0000000000000000e+00 0.0000000000000000e+00 0.0000000000000000e+00 0.0000000000000000e+00 5.2667874358792489e-04 -1.4172013868803744e-05 0.0000000000000000e+00 -1.4172013868803744e-05 -1.3212544368794077e-03 0.0000000000000000e+00 0.0000000000000000e+00 0.0000000000000000e+00 0.0000000000000000e+00 5.2950811233566089e-04 -4.5315862721504738e-06 0.0000000000000000e+00 -4.5315862721504738e-06 -1.3439766644495971e-03 0.0000000000000000e+00 0.0000000000000000e+00 0.0000000000000000e+00 0.0000000000000000e+00 5.3840831770933268e-04 -2.9343353456683796e-05 0.0000000000000000e+00 -2.9343353456683796e-05 -1.2972226489507061e-03 0.0000000000000000e+00 0.0000000000000000e+00 0.0000000000000000e+00 0.0000000000000000e+00 5.4529551572403336e-04 -2.3138013297111047e-05 0.0000000000000000e+00 -2.3138013297111047e-05 -1.3113518992368177e-03 0.0000000000000000e+00 0.0000000000000000e+00 0.0000000000000000e+00 0.0000000000000000e+00 5.2449939542467303e-04 -3.0384529053768912e-05 0.0000000000000000e+00 -3.0384529053768912e-05 -1.2286386834977723e-03 0.0000000000000000e+00 0.0000000000000000e+00 0.0000000000000000e+00 0.0000000000000000e+00 5.2039135446467521e-04 -1.8343610366639450e-05 0.0000000000000000e+00 -1.8343610366639450e-05 -1.2149214120366182e-03 0.0000000000000000e+00 0.0000000000000000e+00 0.0000000000000000e+00 0.0000000000000000e+00 5.3564118622141232e-04 1.1405128905382748e-05 0.0000000000000000e+00 1.1405128905382748e-05 -1.2562520880811010e-03 0.0000000000000000e+00 0.0000000000000000e+00 0.0000000000000000e+00 0.0000000000000000e+00 5.6721799635505745e-04 -1.1882031644496684e-05 0.0000000000000000e+00 -1.1882031644496684e-05 -1.3526469963728845e-03 0.0000000000000000e+00 0.0000000000000000e+00 0.0000000000000000e+00 0.0000000000000000e+00 5.5645500743548818e-04 -1.8366778075016550e-05 0.0000000000000000e+00 -1.8366778075016550e-05 -1.3779373908744867e-03 0.0000000000000000e+00 0.0000000000000000e+00 0.0000000000000000e+00 0.0000000000000000e+00 5.3302728909175514e-04 -6.3926995093610225e-05 0.0000000000000000e+00 -6.3926995093610225e-05 -1.4157416436070087e-03 0.0000000000000000e+00 0.0000000000000000e+00 0.0000000000000000e+00 0.0000000000000000e+00 5.1135179947230255e-04 -4.0837505665887312e-05 0.0000000000000000e+00 -4.0837505665887312e-05 -1.3922842556173061e-03 0.0000000000000000e+00 0.0000000000000000e+00 0.0000000000000000e+00 0.0000000000000000e+00 4.6895779848452724e-04 -6.5827924686265673e-05 0.0000000000000000e+00 -6.5827924686265673e-05 -1.4011004411349729e-03 0.0000000000000000e+00 0.0000000000000000e+00 0.0000000000000000e+00 0.0000000000000000e+00 4.6867819120332497e-04 -3.1367861826250711e-05 0.0000000000000000e+00 -3.1367861826250711e-05 -1.3799237370122506e-03 0.0000000000000000e+00 0.0000000000000000e+00 0.0000000000000000e+00 0.0000000000000000e+00 4.2718851278689092e-04 -3.5518012295744502e-05 0.0000000000000000e+00 -3.5518012295744502e-05 -1.3823237392290519e-03 0.0000000000000000e+00 0.0000000000000000e+00 0.0000000000000000e+00 0.0000000000000000e+00 4.4994379102563997e-04 -6.4604012784830110e-06 0.0000000000000000e+00 -6.4604012784830110e-06 -1.3720680850917756e-03 0.0000000000000000e+00 0.0000000000000000e+00 0.0000000000000000e+00 0.0000000000000000e+00 4.1626301389879953e-04 5.2678474130379502e-06 0.0000000000000000e+00 5.2678474130379502e-06 -1.3766827209419422e-03 0.0000000000000000e+00 0.0000000000000000e+00 0.0000000000000000e+00 0.0000000000000000e+00 4.5819666595583888e-04 2.0493093890539425e-05 0.0000000000000000e+00 2.0493093890539425e-05 -1.3751342850925005e-03 0.0000000000000000e+00 0.0000000000000000e+00 0.0000000000000000e+00 0.0000000000000000e+00 4.3559756567143501e-04 4.4623127930712434e-05 0.0000000000000000e+00 4.4623127930712434e-05 -1.3855851129954591e-03 0.0000000000000000e+00 0.0000000000000000e+00 0.0000000000000000e+00 0.0000000000000000e+00 4.9180038877216108e-04 3.7942604533816659e-05 0.0000000000000000e+00 3.7942604533816659e-05 -1.3860055719261959e-03 0.0000000000000000e+00 0.0000000000000000e+00 0.0000000000000000e+00 0.0000000000000000e+00 4.8410624872053477e-04 6.9250176377382212e-05 0.0000000000000000e+00 6.9250176377382212e-05 -1.4042176126078582e-03 0.0000000000000000e+00 0.0000000000000000e+00 0.0000000000000000e+00 0.0000000000000000e+00 5.3893863969242369e-04 3.1560666838557750e-05 0.0000000000000000e+00 3.1560666838557750e-05 -1.3858758199331001e-03 0.0000000000000000e+00 0.0000000000000000e+00 0.0000000000000000e+00 0.0000000000000000e+00 5.4728089575519000e-04 5.3957131745200441e-05 0.0000000000000000e+00 5.3957131745200441e-05 -1.4053783166537346e-03 0.0000000000000000e+00 0.0000000000000000e+00 0.0000000000000000e+00 0.0000000000000000e+00 5.5500750672584438e-04 9.2612384076491849e-07 0.0000000000000000e+00 9.2612384076491849e-07 -1.3171495566900878e-03 0.0000000000000000e+00 0.0000000000000000e+00 0.0000000000000000e+00 0.0000000000000000e+00 5.5308680560590625e-04 -1.2383909051035642e-06 0.0000000000000000e+00 -1.2383909051035642e-06 -1.2959037559393722e-03 0.0000000000000000e+00 0.0000000000000000e+00 0.0000000000000000e+00 0.0000000000000000e+00 5.7729443477561938e-04 -3.2454478469557368e-05 0.0000000000000000e+00 -3.2454478469557368e-05 -1.3763614860984117e-03 0.0000000000000000e+00 0.0000000000000000e+00 0.0000000000000000e+00 0.0000000000000000e+00 5.7813193169873581e-04 -1.5225144275069440e-04 0.0000000000000000e+00 -1.5225144275069440e-04 -1.5075260007986831e-03 0.0000000000000000e+00 0.0000000000000000e+00 0.0000000000000000e+00 0.0000000000000000e+00 5.1898075481769646e-04 -1.5306666953517962e-04 0.0000000000000000e+00 -1.5306666953517962e-04 -1.4641823387688605e-03 0.0000000000000000e+00 0.0000000000000000e+00 0.0000000000000000e+00 0.0000000000000000e+00 4.2755959118161130e-04 -2.1872638048494754e-04 0.0000000000000000e+00 -2.1872638048494754e-04 -1.4524854765722514e-03 0.0000000000000000e+00 0.0000000000000000e+00 0.0000000000000000e+00 0.0000000000000000e+00 4.0943132492270103e-04 -1.4235790940629104e-04 0.0000000000000000e+00 -1.4235790940629104e-04 -1.4154724455773570e-03 0.0000000000000000e+00 0.0000000000000000e+00 0.0000000000000000e+00 0.0000000000000000e+00 3.2371396781777091e-04 -1.5483997798342017e-04 0.0000000000000000e+00 -1.5483997798342017e-04 -1.3881643504983839e-03 0.0000000000000000e+00 0.0000000000000000e+00 0.0000000000000000e+00 0.0000000000000000e+00 3.4855146329608661e-04 -8.2312890778348687e-05 0.0000000000000000e+00 -8.2312890778348687e-05 -1.3813439133923077e-03 0.0000000000000000e+00 0.0000000000000000e+00 0.0000000000000000e+00 0.0000000000000000e+00 2.8061787394446301e-04 -7.1600345245523405e-05 0.0000000000000000e+00 -7.1600345245523405e-05 -1.3615755860911505e-03 0.0000000000000000e+00 0.0000000000000000e+00 0.0000000000000000e+00 0.0000000000000000e+00 3.2680678229656999e-04 -1.3755520703574155e-05 0.0000000000000000e+00 -1.3755520703574155e-05 -1.3685911151084310e-03 0.0000000000000000e+00 0.0000000000000000e+00 0.0000000000000000e+00 0.0000000000000000e+00 2.7105325720458141e-04 1.1461747555937281e-05 0.0000000000000000e+00 1.1461747555937281e-05 -1.3556793966818964e-03 0.0000000000000000e+00 0.0000000000000000e+00 0.0000000000000000e+00 0.0000000000000000e+00 3.3680804208880745e-04 5.4897538692294364e-05 0.0000000000000000e+00 5.4897538692294364e-05 -1.3740078234471737e-03 0.0000000000000000e+00 0.0000000000000000e+00 0.0000000000000000e+00 0.0000000000000000e+00 2.9014736597169358e-04 9.4442579510905722e-05 0.0000000000000000e+00 9.4442579510905722e-05 -1.3669697562002415e-03 0.0000000000000000e+00 0.0000000000000000e+00 0.0000000000000000e+00 0.0000000000000000e+00 3.8110230661017748e-04 1.1824772905311032e-04 0.0000000000000000e+00 1.1824772905311032e-04 -1.3984161000336181e-03 0.0000000000000000e+00 0.0000000000000000e+00 0.0000000000000000e+00 0.0000000000000000e+00 3.4560253524851264e-04 1.7558283310795938e-04 0.0000000000000000e+00 1.7558283310795938e-04 -1.4005198627453030e-03 0.0000000000000000e+00 0.0000000000000000e+00 0.0000000000000000e+00 0.0000000000000000e+00 4.6852245678263767e-04 1.5586734246369403e-04 0.0000000000000000e+00 1.5586734246369403e-04 -1.4411241463300900e-03 0.0000000000000000e+00 0.0000000000000000e+00 0.0000000000000000e+00 0.0000000000000000e+00 4.5753266673361908e-04 2.2645741958016299e-04 0.0000000000000000e+00 2.2645741958016299e-04 -1.4647868250756864e-03 0.0000000000000000e+00 0.0000000000000000e+00 0.0000000000000000e+00 0.0000000000000000e+00 5.7337780099477986e-04 1.0295142018366733e-04 0.0000000000000000e+00 1.0295142018366733e-04 -1.4427741876196440e-03 0.0000000000000000e+00 0.0000000000000000e+00 0.0000000000000000e+00 0.0000000000000000e+00 5.9040639996474776e-04 8.1457005212568024e-05 0.0000000000000000e+00 8.1457005212568024e-05 -1.4469424559661718e-03 0.0000000000000000e+00 0.0000000000000000e+00 0.0000000000000000e+00 0.0000000000000000e+00 6.5525506674117312e-04 -3.2365266869984171e-04 0.0000000000000000e+00 -3.2365266869984171e-04 -1.7586412491997555e-03 0.0000000000000000e+00 0.0000000000000000e+00 0.0000000000000000e+00 0.0000000000000000e+00 2.2170228849513392e-04 -5.6166055084346260e-04 0.0000000000000000e+00 -5.6166055084346260e-04 -1.5105284437813909e-03 0.0000000000000000e+00 0.0000000000000000e+00 0.0000000000000000e+00 0.0000000000000000e+00 2.7898906964905838e-04 -3.7573663162206861e-04 0.0000000000000000e+00 -3.7573663162206861e-04 -1.4271644125738786e-03 0.0000000000000000e+00 0.0000000000000000e+00 0.0000000000000000e+00 0.0000000000000000e+00 1.1673646151797805e-04 -3.5735992845321369e-04 0.0000000000000000e+00 -3.5735992845321369e-04 -1.3312248438344877e-03 0.0000000000000000e+00 0.0000000000000000e+00 0.0000000000000000e+00 0.0000000000000000e+00 1.8675621057667800e-04 -2.3850784294410316e-04 0.0000000000000000e+00 -2.3850784294410316e-04 -1.3470137216368082e-03 0.0000000000000000e+00 0.0000000000000000e+00 0.0000000000000000e+00 0.0000000000000000e+00 8.6236050527098733e-05 -2.1093851001301132e-04 0.0000000000000000e+00 -2.1093851001301132e-04 -1.3009097343660945e-03 0.0000000000000000e+00 0.0000000000000000e+00 0.0000000000000000e+00 0.0000000000000000e+00 1.5305533665066278e-04 -1.2281214228890749e-04 0.0000000000000000e+00 -1.2281214228890749e-04 -1.3232066058986086e-03 0.0000000000000000e+00 0.0000000000000000e+00 0.0000000000000000e+00 0.0000000000000000e+00 7.4418207247174071e-05 -9.2464337253940948e-05 0.0000000000000000e+00 -9.2464337253940948e-05 -1.2931934658151790e-03 0.0000000000000000e+00 0.0000000000000000e+00 0.0000000000000000e+00 0.0000000000000000e+00 1.4241310446971427e-04 -1.8831670024692151e-05 0.0000000000000000e+00 -1.8831670024692151e-05 -1.3165403362650019e-03 0.0000000000000000e+00 0.0000000000000000e+00 0.0000000000000000e+00 0.0000000000000000e+00 7.2160088949296090e-05 1.5552921150762834e-05 0.0000000000000000e+00 1.5552921150762834e-05 -1.2919544758109537e-03 0.0000000000000000e+00 0.0000000000000000e+00 0.0000000000000000e+00 0.0000000000000000e+00 1.4802905370475507e-04 8.3204523708640268e-05 0.0000000000000000e+00 8.3204523708640268e-05 -1.3197092339365969e-03 0.0000000000000000e+00 0.0000000000000000e+00 0.0000000000000000e+00 0.0000000000000000e+00 7.8263273381327835e-05 1.2501535561767842e-04 0.0000000000000000e+00 1.2501535561767842e-04 -1.2950967770019772e-03 0.0000000000000000e+00 0.0000000000000000e+00 0.0000000000000000e+00 0.0000000000000000e+00 1.7334047054604743e-04 1.9168840813636943e-04 0.0000000000000000e+00 1.9168840813636943e-04 -1.3359298880802702e-03 0.0000000000000000e+00 0.0000000000000000e+00 0.0000000000000000e+00 0.0000000000000000e+00 9.7521075794555626e-05 2.4814725017493279e-04 0.0000000000000000e+00 2.4814725017493279e-04 -1.3086985325547838e-03 0.0000000000000000e+00 0.0000000000000000e+00 0.0000000000000000e+00 0.0000000000000000e+00 2.3975350137067422e-04 3.0971819824446246e-04 0.0000000000000000e+00 3.0971819824446246e-04 -1.3859099406752307e-03 0.0000000000000000e+00 0.0000000000000000e+00 0.0000000000000000e+00 0.0000000000000000e+00 1.5460470113441138e-04 4.0183171299528083e-04 0.0000000000000000e+00 4.0183171299528083e-04 -1.3664670823373207e-03 0.0000000000000000e+00 0.0000000000000000e+00 0.0000000000000000e+00 0.0000000000000000e+00 4.2472864784962337e-04 3.7746458378727356e-04 0.0000000000000000e+00 3.7746458378727356e-04 -1.5455517530813317e-03 0.0000000000000000e+00 0.0000000000000000e+00 0.0000000000000000e+00 0.0000000000000000e+00 3.6700690185264797e-04 5.4934132832110258e-04 0.0000000000000000e+00 5.4934132832110258e-04 -1.6903635790596293e-03 0.0000000000000000e+00 0.0000000000000000e+00 0.0000000000000000e+00 0.0000000000000000e+00 5.3220514429644079e-04 -8.9777989084973461e-05 0.0000000000000000e+00 -8.9777989084973461e-05 -1.4309784211036427e-03 0.0000000000000000e+00 0.0000000000000000e+00 0.0000000000000000e+00 0.0000000000000000e+00 5.5303911893727243e-04 -5.7564760683383768e-05 0.0000000000000000e+00 -5.7564760683383768e-05 -1.4139168114641787e-03 0.0000000000000000e+00 0.0000000000000000e+00 0.0000000000000000e+00 0.0000000000000000e+00 5.0675472678807037e-04 -8.8794940464132302e-05 0.0000000000000000e+00 -8.8794940464132302e-05 -1.4725222431801435e-03 0.0000000000000000e+00 0.0000000000000000e+00 0.0000000000000000e+00 0.0000000000000000e+00 5.2091589067721270e-04 -5.8314154300753243e-05 0.0000000000000000e+00 -5.8314154300753243e-05 -1.4400744333219351e-03 0.0000000000000000e+00 0.0000000000000000e+00 0.0000000000000000e+00 0.0000000000000000e+00 4.9237189717428551e-04 -5.4024714172581496e-05 0.0000000000000000e+00 -5.4024714172581496e-05 -1.4832523963413545e-03 0.0000000000000000e+00 0.0000000000000000e+00 0.0000000000000000e+00 0.0000000000000000e+00 5.0364796125450359e-04 -3.6637052617452016e-05 0.0000000000000000e+00 -3.6637052617452016e-05 -1.4488895136241726e-03 0.0000000000000000e+00 0.0000000000000000e+00 0.0000000000000000e+00 0.0000000000000000e+00 4.8967736883310164e-04 -2.5540327955436255e-05 0.0000000000000000e+00 -2.5540327955436255e-05 -1.4938597769955399e-03 0.0000000000000000e+00 0.0000000000000000e+00 0.0000000000000000e+00 0.0000000000000000e+00 4.9788619023398493e-04 -1.5498189344892151e-05 0.0000000000000000e+00 -1.5498189344892151e-05 -1.4553500476678196e-03 0.0000000000000000e+00 0.0000000000000000e+00 0.0000000000000000e+00 0.0000000000000000e+00 4.8962450310002174e-04 -3.1255506606782942e-06 0.0000000000000000e+00 -3.1255506606782942e-06 -1.4987973397849669e-03 0.0000000000000000e+00 0.0000000000000000e+00 0.0000000000000000e+00 0.0000000000000000e+00 4.9674367291872683e-04 3.3709312008223469e-06 0.0000000000000000e+00 3.3709312008223469e-06 -1.4571406107141934e-03 0.0000000000000000e+00 0.0000000000000000e+00 0.0000000000000000e+00 0.0000000000000000e+00 4.8892491581800407e-04 1.8485394565971611e-05 0.0000000000000000e+00 1.8485394565971611e-05 -1.4957736780128932e-03 0.0000000000000000e+00 0.0000000000000000e+00 0.0000000000000000e+00 0.0000000000000000e+00 4.9859221669670871e-04 2.3143215871265604e-05 0.0000000000000000e+00 2.3143215871265604e-05 -1.4535047608699361e-03 0.0000000000000000e+00 0.0000000000000000e+00 0.0000000000000000e+00 0.0000000000000000e+00 4.8885069065239908e-04 4.5100009245611755e-05 0.0000000000000000e+00 4.5100009245611755e-05 -1.4856778966088364e-03 0.0000000000000000e+00 0.0000000000000000e+00 0.0000000000000000e+00 0.0000000000000000e+00 5.0702581490013243e-04 4.6638423476875640e-05 0.0000000000000000e+00 4.6638423476875640e-05 -1.4464984121098142e-03 0.0000000000000000e+00 0.0000000000000000e+00 0.0000000000000000e+00 0.0000000000000000e+00 4.9585715414362868e-04 7.9962783341106300e-05 0.0000000000000000e+00 7.9962783341106300e-05 -1.4724392531689568e-03 0.0000000000000000e+00 0.0000000000000000e+00 0.0000000000000000e+00 0.0000000000000000e+00 5.3237159082596456e-04 6.9540468687357305e-05 0.0000000000000000e+00 6.9540468687357305e-05 -1.4394885036041654e-03 0.0000000000000000e+00 0.0000000000000000e+00 0.0000000000000000e+00 0.0000000000000000e+00 5.1976601268371992e-04 1.0333427776801590e-04 0.0000000000000000e+00 1.0333427776801590e-04 -1.4572989950699152e-03 0.0000000000000000e+00 0.0000000000000000e+00 0.0000000000000000e+00 0.0000000000000000e+00 5.7627825652448790e-04 3.9702175129973654e-05 0.0000000000000000e+00 3.9702175129973654e-05 -1.3928682462693838e-03 0.0000000000000000e+00 0.0000000000000000e+00 0.0000000000000000e+00 0.0000000000000000e+00 5.3701974416893732e-04 6.7478854990085519e-06 0.0000000000000000e+00 6.7478854990085519e-06 -1.2582550352294372e-03 0.0000000000000000e+00 0.0000000000000000e+00 0.0000000000000000e+00 0.0000000000000000e+00 5.2632896029033321e-04 7.1139873157344223e-06 0.0000000000000000e+00 7.1139873157344223e-06 -1.2409749971855747e-03 0.0000000000000000e+00 0.0000000000000000e+00 0.0000000000000000e+00 0.0000000000000000e+00 5.3929699132384417e-04 -1.9564317087539576e-05 0.0000000000000000e+00 -1.9564317087539576e-05 -1.3410026192945586e-03 0.0000000000000000e+00 0.0000000000000000e+00 0.0000000000000000e+00 0.0000000000000000e+00 5.2585684795582286e-04 -5.4875905866833186e-06 0.0000000000000000e+00 -5.4875905866833186e-06 -1.2970915177064756e-03 0.0000000000000000e+00 0.0000000000000000e+00 0.0000000000000000e+00 0.0000000000000000e+00 5.1966446936289185e-04 -2.1571977520534980e-05 0.0000000000000000e+00 -2.1571977520534980e-05 -1.3597922195856956e-03 0.0000000000000000e+00 0.0000000000000000e+00 0.0000000000000000e+00 0.0000000000000000e+00 5.1201264444068685e-04 -8.3798320390310629e-06 0.0000000000000000e+00 -8.3798320390310629e-06 -1.3136102875620013e-03 0.0000000000000000e+00 0.0000000000000000e+00 0.0000000000000000e+00 0.0000000000000000e+00 5.0723594137414539e-04 -1.2415853038169723e-05 0.0000000000000000e+00 -1.2415853038169723e-05 -1.3660632485149342e-03 0.0000000000000000e+00 0.0000000000000000e+00 0.0000000000000000e+00 0.0000000000000000e+00 5.0302263302881274e-04 -4.4209579612838881e-06 0.0000000000000000e+00 -4.4209579612838881e-06 -1.3192730368755646e-03 0.0000000000000000e+00 0.0000000000000000e+00 0.0000000000000000e+00 0.0000000000000000e+00 5.0278675479469676e-04 -1.3988441068279603e-06 0.0000000000000000e+00 -1.3988441068279603e-06 -1.3682972936310128e-03 0.0000000000000000e+00 0.0000000000000000e+00 0.0000000000000000e+00 0.0000000000000000e+00 5.0086640955475663e-04 1.5035560230996267e-06 0.0000000000000000e+00 1.5035560230996267e-06 -1.3205341605443605e-03 0.0000000000000000e+00 0.0000000000000000e+00 0.0000000000000000e+00 0.0000000000000000e+00 5.0496285882692762e-04 9.7572594443431589e-06 0.0000000000000000e+00 9.7572594443431589e-06 -1.3671966413001397e-03 0.0000000000000000e+00 0.0000000000000000e+00 0.0000000000000000e+00 0.0000000000000000e+00 5.0551924018210159e-04 7.2800375366670067e-06 0.0000000000000000e+00 7.2800375366670067e-06 -1.3182647418175249e-03 0.0000000000000000e+00 0.0000000000000000e+00 0.0000000000000000e+00 0.0000000000000000e+00 5.1504722695073428e-04 2.0133109738496785e-05 0.0000000000000000e+00 2.0133109738496785e-05 -1.3629714743685782e-03 0.0000000000000000e+00 0.0000000000000000e+00 0.0000000000000000e+00 0.0000000000000000e+00 5.1761295217926304e-04 9.7146238403183948e-06 0.0000000000000000e+00 9.7146238403183948e-06 -1.3109168759102886e-03 0.0000000000000000e+00 0.0000000000000000e+00 0.0000000000000000e+00 0.0000000000000000e+00 5.3613629719319929e-04 2.2870509132360199e-05 0.0000000000000000e+00 2.2870509132360199e-05 -1.3529745921405162e-03 0.0000000000000000e+00 0.0000000000000000e+00 0.0000000000000000e+00 0.0000000000000000e+00 5.3242086843831673e-04 8.2924548310117871e-09 0.0000000000000000e+00 8.2924548310117871e-09 -1.2868256288813035e-03 0.0000000000000000e+00 0.0000000000000000e+00 0.0000000000000000e+00 0.0000000000000000e+00 5.4835800025416939e-04 7.1898898997982526e-07 0.0000000000000000e+00 7.1898898997982526e-07 -1.3010310898998875e-03 0.0000000000000000e+00 0.0000000000000000e+00 0.0000000000000000e+00 0.0000000000000000e+00 5.1139419846973270e-04 -1.2608877634121000e-05 0.0000000000000000e+00 -1.2608877634121000e-05 -1.1962144133203154e-03 0.0000000000000000e+00 0.0000000000000000e+00 0.0000000000000000e+00 0.0000000000000000e+00 4.7083924555976753e-04 1.5034546771062133e-05 0.0000000000000000e+00 1.5034546771062133e-05 -1.0967996981607615e-03 0.0000000000000000e+00 0.0000000000000000e+00 0.0000000000000000e+00 0.0000000000000000e+00 4.5882594954975035e-04 2.2256232634749048e-05 0.0000000000000000e+00 2.2256232634749048e-05 -1.0698749363388430e-03 0.0000000000000000e+00 0.0000000000000000e+00 0.0000000000000000e+00 0.0000000000000000e+00 4.9428322812912332e-04 2.1042481383377041e-05 0.0000000000000000e+00 2.1042481383377041e-05 -1.1686162665746197e-03 0.0000000000000000e+00 0.0000000000000000e+00 0.0000000000000000e+00 0.0000000000000000e+00 4.7600678202292169e-04 2.3153669138117040e-05 0.0000000000000000e+00 2.3153669138117040e-05 -1.1242227170246591e-03 0.0000000000000000e+00 0.0000000000000000e+00 0.0000000000000000e+00 0.0000000000000000e+00 4.9453045090948062e-04 1.0537623383801049e-05 0.0000000000000000e+00 1.0537623383801049e-05 -1.2013723558436551e-03 0.0000000000000000e+00 0.0000000000000000e+00 0.0000000000000000e+00 0.0000000000000000e+00 4.7756846732188718e-04 1.3899197426004773e-05 0.0000000000000000e+00 1.3899197426004773e-05 -1.1502910785984590e-03 0.0000000000000000e+00 0.0000000000000000e+00 0.0000000000000000e+00 0.0000000000000000e+00 4.8919749891070965e-04 4.0481124394663359e-06 0.0000000000000000e+00 4.0481124394663359e-06 -1.2139466851622766e-03 0.0000000000000000e+00 0.0000000000000000e+00 0.0000000000000000e+00 0.0000000000000000e+00 4.7508845019158684e-04 5.8657695697795446e-06 0.0000000000000000e+00 5.8657695697795446e-06 -1.1608009503215652e-03 0.0000000000000000e+00 0.0000000000000000e+00 0.0000000000000000e+00 0.0000000000000000e+00 4.8643295432851473e-04 7.6042438904575822e-07 0.0000000000000000e+00 7.6042438904575822e-07 -1.2177984307315164e-03 0.0000000000000000e+00 0.0000000000000000e+00 0.0000000000000000e+00 0.0000000000000000e+00 4.7430796786673341e-04 -7.3122717333333900e-07 0.0000000000000000e+00 -7.3122717333333900e-07 -1.1630963726040288e-03 0.0000000000000000e+00 0.0000000000000000e+00 0.0000000000000000e+00 0.0000000000000000e+00 4.8821403223938358e-04 -2.1624298745824084e-06 0.0000000000000000e+00 -2.1624298745824084e-06 -1.2162076726937978e-03 0.0000000000000000e+00 0.0000000000000000e+00 0.0000000000000000e+00 0.0000000000000000e+00 4.7639029609273435e-04 -7.8076078310511249e-06 0.0000000000000000e+00 -7.8076078310511249e-06 -1.1587428585688032e-03 0.0000000000000000e+00 0.0000000000000000e+00 0.0000000000000000e+00 0.0000000000000000e+00 4.9378047554413161e-04 -7.5818333005014368e-06 0.0000000000000000e+00 -7.5818333005014368e-06 -1.2076924497634786e-03 0.0000000000000000e+00 0.0000000000000000e+00 0.0000000000000000e+00 0.0000000000000000e+00 4.7890446988079724e-04 -1.7291219021233818e-05 0.0000000000000000e+00 -1.7291219021233818e-05 -1.1443432903176095e-03 0.0000000000000000e+00 0.0000000000000000e+00 0.0000000000000000e+00 0.0000000000000000e+00 4.9682840292125674e-04 -1.7776609296859115e-05 0.0000000000000000e+00 -1.7776609296859115e-05 -1.1832433835562315e-03 0.0000000000000000e+00 0.0000000000000000e+00 0.0000000000000000e+00 0.0000000000000000e+00 4.7297446763617368e-04 -2.6845887822471026e-05 0.0000000000000000e+00 -2.6845887822471026e-05 -1.1091027111163468e-03 0.0000000000000000e+00 0.0000000000000000e+00 0.0000000000000000e+00 0.0000000000000000e+00 4.8169040365858508e-04 -2.1721724673102770e-05 0.0000000000000000e+00 -2.1721724673102770e-05 -1.1237438456571259e-03 0.0000000000000000e+00 0.0000000000000000e+00 0.0000000000000000e+00 0.0000000000000000e+00 4.4694106009719568e-04 -1.4679518142634582e-05 0.0000000000000000e+00 -1.4679518142634582e-05 -1.0424605553361341e-03 0.0000000000000000e+00 0.0000000000000000e+00 0.0000000000000000e+00 0.0000000000000000e+00 4.0475814912795864e-04 1.3571170162705254e-05 0.0000000000000000e+00 1.3571170162705254e-05 -9.4320345843132685e-04 0.0000000000000000e+00 0.0000000000000000e+00 0.0000000000000000e+00 0.0000000000000000e+00 3.8946672613958757e-04 2.2059743601344609e-05 0.0000000000000000e+00 2.2059743601344609e-05 -9.0616296903033402e-04 0.0000000000000000e+00 0.0000000000000000e+00 0.0000000000000000e+00 0.0000000000000000e+00 4.2645795651868662e-04 3.0892389883052602e-05 0.0000000000000000e+00 3.0892389883052602e-05 -9.9244839671634570e-04 0.0000000000000000e+00 0.0000000000000000e+00 0.0000000000000000e+00 0.0000000000000000e+00 4.0761900443699424e-04 3.0473229963501225e-05 0.0000000000000000e+00 3.0473229963501225e-05 -9.4633960324426523e-04 0.0000000000000000e+00 0.0000000000000000e+00 0.0000000000000000e+00 0.0000000000000000e+00 4.3765074503034453e-04 2.5306935543576430e-05 0.0000000000000000e+00 2.5306935543576430e-05 -1.0255923046809117e-03 0.0000000000000000e+00 0.0000000000000000e+00 0.0000000000000000e+00 0.0000000000000000e+00 4.1732478660663931e-04 2.3225148324096730e-05 0.0000000000000000e+00 2.3225148324096730e-05 -9.7265782743131653e-04 0.0000000000000000e+00 0.0000000000000000e+00 0.0000000000000000e+00 0.0000000000000000e+00 4.4089782886599579e-04 1.3916706735151262e-05 0.0000000000000000e+00 1.3916706735151262e-05 -1.0424649821953269e-03 0.0000000000000000e+00 0.0000000000000000e+00 0.0000000000000000e+00 0.0000000000000000e+00 4.2084791250771763e-04 1.1065350809306702e-05 0.0000000000000000e+00 1.1065350809306702e-05 -9.8573609123804974e-04 0.0000000000000000e+00 0.0000000000000000e+00 0.0000000000000000e+00 0.0000000000000000e+00 4.4143698714500324e-04 2.0852393021051265e-06 0.0000000000000000e+00 2.0852393021051265e-06 -1.0483056653426135e-03 0.0000000000000000e+00 0.0000000000000000e+00 0.0000000000000000e+00 0.0000000000000000e+00 4.2156813483441711e-04 -2.1271965111879336e-06 0.0000000000000000e+00 -2.1271965111879336e-06 -9.8877436927371620e-04 0.0000000000000000e+00 0.0000000000000000e+00 0.0000000000000000e+00 0.0000000000000000e+00 4.4146323119995627e-04 -9.7684783366558076e-06 0.0000000000000000e+00 -9.7684783366558076e-06 -1.0455764909668127e-03 0.0000000000000000e+00 0.0000000000000000e+00 0.0000000000000000e+00 0.0000000000000000e+00 4.2038457793919546e-04 -1.5360217904039226e-05 0.0000000000000000e+00 -1.5360217904039226e-05 -9.8268653480403068e-04 0.0000000000000000e+00 0.0000000000000000e+00 0.0000000000000000e+00 0.0000000000000000e+00 4.3970196326005703e-04 -2.1703956537324448e-05 0.0000000000000000e+00 -2.1703956537324448e-05 -1.0328331951173632e-03 0.0000000000000000e+00 0.0000000000000000e+00 0.0000000000000000e+00 0.0000000000000000e+00 4.1522003922452304e-04 -2.7056558332537379e-05 0.0000000000000000e+00 -2.7056558332537379e-05 -9.6533204546394094e-04 0.0000000000000000e+00 0.0000000000000000e+00 0.0000000000000000e+00 0.0000000000000000e+00 4.3138291060372812e-04 -3.0383236716550492e-05 0.0000000000000000e+00 -3.0383236716550492e-05 -1.0049966905751535e-03 0.0000000000000000e+00 0.0000000000000000e+00 0.0000000000000000e+00 0.0000000000000000e+00 4.0208271283952585e-04 -3.0888143688722263e-05 0.0000000000000000e+00 -3.0888143688722263e-05 -9.3323358472618121e-04 0.0000000000000000e+00 0.0000000000000000e+00 0.0000000000000000e+00 0.0000000000000000e+00 4.1219522554364536e-04 -2.2878879322252040e-05 0.0000000000000000e+00 -2.2878879322252040e-05 -9.5919041627036113e-04 0.0000000000000000e+00 0.0000000000000000e+00 0.0000000000000000e+00 0.0000000000000000e+00 3.8196127392479577e-04 -1.2429246976045884e-05 0.0000000000000000e+00 -1.2429246976045884e-05 -8.9032544552781904e-04 0.0000000000000000e+00 0.0000000000000000e+00 0.0000000000000000e+00 0.0000000000000000e+00 3.3800915051627084e-04 1.0851607551469493e-05 0.0000000000000000e+00 1.0851607551469493e-05 -7.8765465968502735e-04 0.0000000000000000e+00 0.0000000000000000e+00 0.0000000000000000e+00 0.0000000000000000e+00 3.1948664215100751e-04 1.8037601310946365e-05 0.0000000000000000e+00 1.8037601310946365e-05 -7.4271533657108428e-04 0.0000000000000000e+00 0.0000000000000000e+00 0.0000000000000000e+00 0.0000000000000000e+00 3.5373821241343833e-04 2.8700212624948406e-05 0.0000000000000000e+00 2.8700212624948406e-05 -8.1824872652710350e-04 0.0000000000000000e+00 0.0000000000000000e+00 0.0000000000000000e+00 0.0000000000000000e+00 3.3375416426550849e-04 2.8009128189413795e-05 0.0000000000000000e+00 2.8009128189413795e-05 -7.6895466379025645e-04 0.0000000000000000e+00 0.0000000000000000e+00 0.0000000000000000e+00 0.0000000000000000e+00 3.6681454978186855e-04 2.7382369704266394e-05 0.0000000000000000e+00 2.7382369704266394e-05 -8.4457055777769263e-04 0.0000000000000000e+00 0.0000000000000000e+00 0.0000000000000000e+00 0.0000000000000000e+00 3.4487781359116270e-04 2.3606210107480961e-05 0.0000000000000000e+00 2.3606210107480961e-05 -7.9006995304563483e-04 0.0000000000000000e+00 0.0000000000000000e+00 0.0000000000000000e+00 0.0000000000000000e+00 3.7407238847615492e-04 1.6631555063212377e-05 0.0000000000000000e+00 1.6631555063212377e-05 -8.6077575817533527e-04 0.0000000000000000e+00 0.0000000000000000e+00 0.0000000000000000e+00 0.0000000000000000e+00 3.5086014674281092e-04 1.1875567045951026e-05 0.0000000000000000e+00 1.1875567045951026e-05 -8.0217497612907276e-04 0.0000000000000000e+00 0.0000000000000000e+00 0.0000000000000000e+00 0.0000000000000000e+00 3.7662654619753427e-04 2.4661400633419296e-06 0.0000000000000000e+00 2.4661400633419296e-06 -8.6696585624891674e-04 0.0000000000000000e+00 0.0000000000000000e+00 0.0000000000000000e+00 0.0000000000000000e+00 3.5228997206633692e-04 -2.5269070998779491e-06 0.0000000000000000e+00 -2.5269070998779491e-06 -8.0512068547413372e-04 0.0000000000000000e+00 0.0000000000000000e+00 0.0000000000000000e+00 0.0000000000000000e+00 3.7543382863665760e-04 -1.2111244315361409e-05 0.0000000000000000e+00 -1.2111244315361409e-05 -8.6385241489775485e-04 0.0000000000000000e+00 0.0000000000000000e+00 0.0000000000000000e+00 0.0000000000000000e+00 3.4944887713644776e-04 -1.6519856934635396e-05 0.0000000000000000e+00 -1.6519856934635396e-05 -7.9904547823046225e-04 0.0000000000000000e+00 0.0000000000000000e+00 0.0000000000000000e+00 0.0000000000000000e+00 3.6985221537552243e-04 -2.4474708650058092e-05 0.0000000000000000e+00 -2.4474708650058092e-05 -8.5089202810314385e-04 0.0000000000000000e+00 0.0000000000000000e+00 0.0000000000000000e+00 0.0000000000000000e+00 3.4163809809218277e-04 -2.6576715528904032e-05 0.0000000000000000e+00 -2.6576715528904032e-05 -7.8355278348733216e-04 0.0000000000000000e+00 0.0000000000000000e+00 0.0000000000000000e+00 0.0000000000000000e+00 3.5846283187499639e-04 -2.9693962716793382e-05 0.0000000000000000e+00 -2.9693962716793382e-05 -8.2732032151251755e-04 0.0000000000000000e+00 0.0000000000000000e+00 0.0000000000000000e+00 0.0000000000000000e+00 3.2872559526207177e-04 -2.6847998899973169e-05 0.0000000000000000e+00 -2.6847998899973169e-05 -7.5961085449415217e-04 0.0000000000000000e+00 0.0000000000000000e+00 0.0000000000000000e+00 0.0000000000000000e+00 3.4261710493166457e-04 -1.9192873562086541e-05 0.0000000000000000e+00 -1.9192873562086541e-05 -7.9660660777396424e-04 0.0000000000000000e+00 0.0000000000000000e+00 0.0000000000000000e+00 0.0000000000000000e+00 3.1494406461853681e-04 -9.6161239535876343e-06 0.0000000000000000e+00 -9.6161239535876343e-06 -7.3392499613257622e-04 0.0000000000000000e+00 0.0000000000000000e+00 0.0000000000000000e+00 0.0000000000000000e+00 2.6926598611830526e-04 8.1111802357758948e-06 0.0000000000000000e+00 8.1111802357758948e-06 -6.2738689296972536e-04 0.0000000000000000e+00 0.0000000000000000e+00 0.0000000000000000e+00 0.0000000000000000e+00 2.4818870905399552e-04 1.3495727429445605e-05 0.0000000000000000e+00 1.3495727429445605e-05 -5.7665072060174240e-04 0.0000000000000000e+00 0.0000000000000000e+00 0.0000000000000000e+00 0.0000000000000000e+00 2.7951337387254290e-04 2.2950522827872110e-05 0.0000000000000000e+00 2.2950522827872110e-05 -6.4462693720619213e-04 0.0000000000000000e+00 0.0000000000000000e+00 0.0000000000000000e+00 0.0000000000000000e+00 2.5812337715002163e-04 2.2301269809352156e-05 0.0000000000000000e+00 2.2301269809352156e-05 -5.9207029053072707e-04 0.0000000000000000e+00 0.0000000000000000e+00 0.0000000000000000e+00 0.0000000000000000e+00 2.9060952839934142e-04 2.3647585937817914e-05 0.0000000000000000e+00 2.3647585937817914e-05 -6.6276766741118153e-04 0.0000000000000000e+00 0.0000000000000000e+00 0.0000000000000000e+00 0.0000000000000000e+00 2.6760323036473845e-04 1.9910772534201690e-05 0.0000000000000000e+00 1.9910772534201690e-05 -6.0669844040906384e-04 0.0000000000000000e+00 0.0000000000000000e+00 0.0000000000000000e+00 0.0000000000000000e+00 2.9820584037531898e-04 1.5170650549922177e-05 0.0000000000000000e+00 1.5170650549922177e-05 -6.7547102684337862e-04 0.0000000000000000e+00 0.0000000000000000e+00 0.0000000000000000e+00 0.0000000000000000e+00 2.7349293721286235e-04 1.0358996841983192e-05 0.0000000000000000e+00 1.0358996841983192e-05 -6.1592547255165191e-04 0.0000000000000000e+00 0.0000000000000000e+00 0.0000000000000000e+00 0.0000000000000000e+00 3.0123830163140839e-04 2.2648844225138828e-06 0.0000000000000000e+00 2.2648844225138828e-06 -6.8064688505757804e-04 0.0000000000000000e+00 0.0000000000000000e+00 0.0000000000000000e+00 0.0000000000000000e+00 2.7496668506408290e-04 -2.3110836061696919e-06 0.0000000000000000e+00 -2.3110836061696919e-06 -6.1823367102702522e-04 0.0000000000000000e+00 0.0000000000000000e+00 0.0000000000000000e+00 0.0000000000000000e+00 2.9968493128043714e-04 -1.1228043267990011e-05 0.0000000000000000e+00 -1.1228043267990011e-05 -6.7793370603393339e-04 0.0000000000000000e+00 0.0000000000000000e+00 0.0000000000000000e+00 0.0000000000000000e+00 2.7192857256263657e-04 -1.4374626970124318e-05 0.0000000000000000e+00 -1.4374626970124318e-05 -6.1338090966259738e-04 0.0000000000000000e+00 0.0000000000000000e+00 0.0000000000000000e+00 0.0000000000000000e+00 2.9348791539871786e-04 -2.1599340058209088e-05 0.0000000000000000e+00 -2.1599340058209088e-05 -6.6743567735819348e-04 0.0000000000000000e+00 0.0000000000000000e+00 0.0000000000000000e+00 0.0000000000000000e+00 2.6456153639142175e-04 -2.1953538943227321e-05 0.0000000000000000e+00 -2.1953538943227321e-05 -6.0187515001828683e-04 0.0000000000000000e+00 0.0000000000000000e+00 0.0000000000000000e+00 0.0000000000000000e+00 2.8318788172926616e-04 -2.4381576070531534e-05 0.0000000000000000e+00 -2.4381576070531534e-05 -6.5046243882827871e-04 0.0000000000000000e+00 0.0000000000000000e+00 0.0000000000000000e+00 0.0000000000000000e+00 2.5431502465139840e-04 -2.0751271793052028e-05 0.0000000000000000e+00 -2.0751271793052028e-05 -5.8612111444842935e-04 0.0000000000000000e+00 0.0000000000000000e+00 0.0000000000000000e+00 0.0000000000000000e+00 2.7186888959273019e-04 -1.4611362539199492e-05 0.0000000000000000e+00 -1.4611362539199492e-05 -6.3181806154279671e-04 0.0000000000000000e+00 0.0000000000000000e+00 0.0000000000000000e+00 0.0000000000000000e+00 2.4563405848533122e-04 -7.0007473404049503e-06 0.0000000000000000e+00 -7.0007473404049503e-06 -5.7231641435703340e-04 0.0000000000000000e+00 0.0000000000000000e+00 0.0000000000000000e+00 0.0000000000000000e+00 1.9843941910092577e-04 5.6821423755057459e-06 0.0000000000000000e+00 5.6821423755057459e-06 -4.6224286127937624e-04 0.0000000000000000e+00 0.0000000000000000e+00 0.0000000000000000e+00 0.0000000000000000e+00 1.7554829615901027e-04 9.2669420996711505e-06 0.0000000000000000e+00 9.2669420996711505e-06 -4.0739151451719090e-04 0.0000000000000000e+00 0.0000000000000000e+00 0.0000000000000000e+00 0.0000000000000000e+00 2.0463834941468047e-04 1.6699753809945163e-05 0.0000000000000000e+00 1.6699753809945163e-05 -4.7049561517629524e-04 0.0000000000000000e+00 0.0000000000000000e+00 0.0000000000000000e+00 0.0000000000000000e+00 1.8213431935690279e-04 1.6043820078816499e-05 0.0000000000000000e+00 1.6043820078816499e-05 -4.1532464388569044e-04 0.0000000000000000e+00 0.0000000000000000e+00 0.0000000000000000e+00 0.0000000000000000e+00 2.1292355133398371e-04 1.8113612145149519e-05 0.0000000000000000e+00 1.8113612145149519e-05 -4.8159736257973442e-04 0.0000000000000000e+00 0.0000000000000000e+00 0.0000000000000000e+00 0.0000000000000000e+00 1.8929559634446114e-04 1.5001432229619212e-05 0.0000000000000000e+00 1.5001432229619212e-05 -4.2423008074637177e-04 0.0000000000000000e+00 0.0000000000000000e+00 0.0000000000000000e+00 0.0000000000000000e+00 2.1921609321355680e-04 1.2072415564362404e-05 0.0000000000000000e+00 1.2072415564362404e-05 -4.9011881041486846e-04 0.0000000000000000e+00 0.0000000000000000e+00 0.0000000000000000e+00 0.0000000000000000e+00 1.9406130573845060e-04 8.0174854710833720e-06 0.0000000000000000e+00 8.0174854710833720e-06 -4.3019496715947388e-04 0.0000000000000000e+00 0.0000000000000000e+00 0.0000000000000000e+00 0.0000000000000000e+00 2.2186927646971856e-04 1.8191215497255356e-06 0.0000000000000000e+00 1.8191215497255356e-06 -4.9372375219838480e-04 0.0000000000000000e+00 0.0000000000000000e+00 0.0000000000000000e+00 0.0000000000000000e+00 1.9527990035693273e-04 -1.8441290061748530e-06 0.0000000000000000e+00 -1.8441290061748530e-06 -4.3170002767868202e-04 0.0000000000000000e+00 0.0000000000000000e+00 0.0000000000000000e+00 0.0000000000000000e+00 2.2046954950898228e-04 -9.0281082323514876e-06 0.0000000000000000e+00 -9.0281082323514876e-06 -4.9177740766514501e-04 0.0000000000000000e+00 0.0000000000000000e+00 0.0000000000000000e+00 0.0000000000000000e+00 1.9273311178768702e-04 -1.1092119910914150e-05 0.0000000000000000e+00 -1.1092119910914150e-05 -4.2846475010581642e-04 0.0000000000000000e+00 0.0000000000000000e+00 0.0000000000000000e+00 0.0000000000000000e+00 2.1521201467838405e-04 -1.6808598551773160e-05 0.0000000000000000e+00 -1.6808598551773160e-05 -4.8459016639271972e-04 0.0000000000000000e+00 0.0000000000000000e+00 0.0000000000000000e+00 0.0000000000000000e+00 1.8689707865548547e-04 -1.6283072935205479e-05 0.0000000000000000e+00 -1.6283072935205479e-05 -4.2113244056586776e-04 0.0000000000000000e+00 0.0000000000000000e+00 0.0000000000000000e+00 0.0000000000000000e+00 2.0725850065520836e-04 -1.8076887749247917e-05 0.0000000000000000e+00 -1.8076887749247917e-05 -4.7384434762084456e-04 0.0000000000000000e+00 0.0000000000000000e+00 0.0000000000000000e+00 0.0000000000000000e+00 1.7945980767453988e-04 -1.4599829243535162e-05 0.0000000000000000e+00 -1.4599829243535162e-05 -4.1193389046273639e-04 0.0000000000000000e+00 0.0000000000000000e+00 0.0000000000000000e+00 0.0000000000000000e+00 1.9974182297464974e-04 -1.0284037861955984e-05 0.0000000000000000e+00 -1.0284037861955984e-05 -4.6382623503915266e-04 0.0000000000000000e+00 0.0000000000000000e+00 0.0000000000000000e+00 0.0000000000000000e+00 1.7426962289747897e-04 -4.6999418325839308e-06 0.0000000000000000e+00 -4.6999418325839308e-06 -4.0586010493498726e-04 0.0000000000000000e+00 0.0000000000000000e+00 0.0000000000000000e+00 0.0000000000000000e+00 1.2573241816014337e-04 3.4241983332730355e-06 0.0000000000000000e+00 3.4241983332730355e-06 -2.9258622683787412e-04 0.0000000000000000e+00 0.0000000000000000e+00 0.0000000000000000e+00 0.0000000000000000e+00 1.0175070018243773e-04 5.1586932289571106e-06 0.0000000000000000e+00 5.1586932289571106e-06 -2.3503753890442963e-04 0.0000000000000000e+00 0.0000000000000000e+00 0.0000000000000000e+00 0.0000000000000000e+00 1.2962710854788723e-04 1.0669255827191836e-05 0.0000000000000000e+00 1.0669255827191836e-05 -2.9558976669792858e-04 0.0000000000000000e+00 0.0000000000000000e+00 0.0000000000000000e+00 0.0000000000000000e+00 1.0646927992571202e-04 9.8675297391403326e-06 0.0000000000000000e+00 9.8675297391403326e-06 -2.3865871723992266e-04 0.0000000000000000e+00 0.0000000000000000e+00 0.0000000000000000e+00 0.0000000000000000e+00 1.3569044307193949e-04 1.2325399956450596e-05 0.0000000000000000e+00 1.2325399956450596e-05 -3.0158908665985518e-04 0.0000000000000000e+00 0.0000000000000000e+00 0.0000000000000000e+00 0.0000000000000000e+00 1.1197527418933793e-04 9.8095395266098428e-06 0.0000000000000000e+00 9.8095395266098428e-06 -2.4338327527645965e-04 0.0000000000000000e+00 0.0000000000000000e+00 0.0000000000000000e+00 0.0000000000000000e+00 1.4056387779712605e-04 8.5217062075706176e-06 0.0000000000000000e+00 8.5217062075706176e-06 -3.0645873377841185e-04 0.0000000000000000e+00 0.0000000000000000e+00 0.0000000000000000e+00 0.0000000000000000e+00 1.1586347728800046e-04 5.3729371809131909e-06 0.0000000000000000e+00 5.3729371809131909e-06 -2.4665130827971905e-04 0.0000000000000000e+00 0.0000000000000000e+00 0.0000000000000000e+00 0.0000000000000000e+00 1.4270864573716260e-04 1.2812814676685014e-06 0.0000000000000000e+00 1.2812814676685014e-06 -3.0855833473274956e-04 0.0000000000000000e+00 0.0000000000000000e+00 0.0000000000000000e+00 0.0000000000000000e+00 1.1690876703553432e-04 -1.2959537504546175e-06 0.0000000000000000e+00 -1.2959537504546175e-06 -2.4748363784286186e-04 0.0000000000000000e+00 0.0000000000000000e+00 0.0000000000000000e+00 0.0000000000000000e+00 1.4158638239650977e-04 -6.4517798344378069e-06 0.0000000000000000e+00 -6.4517798344378069e-06 -3.0739849605397807e-04 0.0000000000000000e+00 0.0000000000000000e+00 0.0000000000000000e+00 0.0000000000000000e+00 1.1479480414406275e-04 -7.4533172619128399e-06 0.0000000000000000e+00 -7.4533172619128399e-06 -2.4567009773879354e-04 0.0000000000000000e+00 0.0000000000000000e+00 0.0000000000000000e+00 0.0000000000000000e+00 1.3746079467142076e-04 -1.1636835141590645e-05 0.0000000000000000e+00 -1.1636835141590645e-05 -3.0323444500581322e-04 0.0000000000000000e+00 0.0000000000000000e+00 0.0000000000000000e+00 0.0000000000000000e+00 1.1012991607123715e-04 -1.0469243608173143e-05 0.0000000000000000e+00 -1.0469243608173143e-05 -2.4166708311284084e-04 0.0000000000000000e+00 0.0000000000000000e+00 0.0000000000000000e+00 0.0000000000000000e+00 1.3153258482646106e-04 -1.1853585507559332e-05 0.0000000000000000e+00 -1.1853585507559332e-05 -2.9729638194012699e-04 0.0000000000000000e+00 0.0000000000000000e+00 0.0000000000000000e+00 0.0000000000000000e+00 1.0453352903302948e-04 -8.6428357898160059e-06 0.0000000000000000e+00 -8.6428357898160059e-06 -2.3692012390038897e-04 0.0000000000000000e+00 0.0000000000000000e+00 0.0000000000000000e+00 0.0000000000000000e+00 1.2641887938052797e-04 -6.2270665128323155e-06 0.0000000000000000e+00 -6.2270665128323155e-06 -2.9267971001804003e-04 0.0000000000000000e+00 0.0000000000000000e+00 0.0000000000000000e+00 0.0000000000000000e+00 1.0111802324257311e-04 -2.3999240608404173e-06 0.0000000000000000e+00 -2.3999240608404173e-06 -2.3500485270881778e-04 0.0000000000000000e+00 0.0000000000000000e+00 0.0000000000000000e+00 0.0000000000000000e+00 5.1066751613281063e-05 1.0696759847232834e-06 0.0000000000000000e+00 1.0696759847232834e-06 -1.1839715215419002e-04 0.0000000000000000e+00 0.0000000000000000e+00 0.0000000000000000e+00 0.0000000000000000e+00 2.6076740556142473e-05 1.1450474401312736e-06 0.0000000000000000e+00 1.1450474401312736e-06 -5.9419493318034055e-05 0.0000000000000000e+00 0.0000000000000000e+00 0.0000000000000000e+00 0.0000000000000000e+00 5.4190149833675911e-05 4.6352871279693512e-06 0.0000000000000000e+00 4.6352871279693512e-06 -1.1967710308320882e-04 0.0000000000000000e+00 0.0000000000000000e+00 0.0000000000000000e+00 0.0000000000000000e+00 3.0211928065107426e-05 2.9861715302884208e-06 0.0000000000000000e+00 2.9861715302884208e-06 -6.1361151414833875e-05 0.0000000000000000e+00 0.0000000000000000e+00 0.0000000000000000e+00 0.0000000000000000e+00 5.9643963381716996e-05 5.9300681260148934e-06 0.0000000000000000e+00 5.9300681260148934e-06 -1.2282317655488756e-04 0.0000000000000000e+00 0.0000000000000000e+00 0.0000000000000000e+00 0.0000000000000000e+00 3.6602535706390373e-05 3.1155161684083591e-06 0.0000000000000000e+00 3.1155161684083591e-06 -6.4384249702777849e-05 0.0000000000000000e+00 0.0000000000000000e+00 0.0000000000000000e+00 0.0000000000000000e+00 6.4647547603835046e-05 4.1785073241332499e-06 0.0000000000000000e+00 4.1785073241332499e-06 -1.2558635097794659e-04 0.0000000000000000e+00 0.0000000000000000e+00 0.0000000000000000e+00 0.0000000000000000e+00 4.1805461920360689e-05 1.6645274597892567e-06 0.0000000000000000e+00 1.6645274597892567e-06 -6.6799046212020439e-05 0.0000000000000000e+00 0.0000000000000000e+00 0.0000000000000000e+00 0.0000000000000000e+00 6.7049533099030714e-05 5.3250114833371755e-07 0.0000000000000000e+00 5.3250114833371755e-07 -1.2685474359386506e-04 0.0000000000000000e+00 0.0000000000000000e+00 0.0000000000000000e+00 0.0000000000000000e+00 4.3367152851452043e-05 -5.2835843594381143e-07 0.0000000000000000e+00 -5.2835843594381143e-07 -6.7513620240400491e-05 0.0000000000000000e+00 0.0000000000000000e+00 0.0000000000000000e+00 0.0000000000000000e+00 6.5875733663418675e-05 -3.3328789491146968e-06 0.0000000000000000e+00 -3.3328789491146968e-06 -1.2617883320113649e-04 0.0000000000000000e+00 0.0000000000000000e+00 0.0000000000000000e+00 0.0000000000000000e+00 4.0610403603412951e-05 -2.4979870724925947e-06 0.0000000000000000e+00 -2.4979870724925947e-06 -6.6229521841731887e-05 0.0000000000000000e+00 0.0000000000000000e+00 0.0000000000000000e+00 0.0000000000000000e+00 6.1581409859614244e-05 -5.7145781037028935e-06 0.0000000000000000e+00 -5.7145781037028935e-06 -1.2378046975136317e-04 0.0000000000000000e+00 0.0000000000000000e+00 0.0000000000000000e+00 0.0000000000000000e+00 3.4732700741942180e-05 -3.3116122631384809e-06 0.0000000000000000e+00 -3.3116122631384809e-06 -6.3464968733228686e-05 0.0000000000000000e+00 0.0000000000000000e+00 0.0000000000000000e+00 0.0000000000000000e+00 5.5937064804458007e-05 -5.3130357450713280e-06 0.0000000000000000e+00 -5.3130357450713280e-06 -1.2056329555603324e-04 0.0000000000000000e+00 0.0000000000000000e+00 0.0000000000000000e+00 0.0000000000000000e+00 2.8522267583942423e-05 -2.2987506095592173e-06 0.0000000000000000e+00 -2.2987506095592173e-06 -6.0473488708869443e-05 0.0000000000000000e+00 0.0000000000000000e+00 0.0000000000000000e+00 0.0000000000000000e+00 5.1633020497839135e-05 -2.1296036404448545e-06 0.0000000000000000e+00 -2.1296036404448545e-06 -1.1838834725796908e-04 0.0000000000000000e+00 0.0000000000000000e+00 0.0000000000000000e+00 0.0000000000000000e+00 2.5558198996089184e-05 -1.3049749022162303e-07 0.0000000000000000e+00 -1.3049749022162303e-07 -5.9461801003902860e-05 0.0000000000000000e+00 0.0000000000000000e+00 0.0000000000000000e+00 0.0000000000000000e+00
</DataArray>
        <DataArray type="Float64" format="ascii" Name="epsilon_xx">
4.2219149855463799e-04 4.0284678331936098e-04 4.3802740624172902e-04 4.3387020304417706e-04 4.5986769119114504e-04 4.5949681395632107e-04 4.7309096360415010e-04 4.7336834127624332e-04 4.7851628989142755e-04 4.7685503309897429e-04 4.7615755226178296e-04 4.7027583274816760e-04 4.6642456224286463e-04 4.5295300230873830e-04 4.4996775255742773e-04 4.2187975556291405e-04 4.2387831422936511e-04 3.9518030294655952e-04 4.0930844356801548e-04 4.1592491258781919e-04 4.1761492644246042e-04 4.3134287282151637e-04 4.4679150358024520e-04 4.5721781349285955e-04 4.6810638989226624e-04 4.7444259126573868e-04 4.7678996955107786e-04 4.7887512220080104e-04 4.7258499487463354e-04 4.7005863588397219e-04 4.5520211814622163e-04 4.4861768514254627e-04 4.2557000039976508e-04 4.2163766003418181e-04 4.0467729630492519e-04 4.2265940846417208e-04 4.3899507053358935e-04 4.4788242019455762e-04 4.4214164547935086e-04 4.5848430655229949e-04 4.6165190316943983e-04 4.7648217771489664e-04 4.7946058249395489e-04 4.8964419077217184e-04 4.8723953354870672e-04 4.9305289895875976e-04 4.8313416113391310e-04 4.8594960477270344e-04 4.6792536671113265e-04 4.7014438002855380e-04 4.4767293276950902e-04 4.5354818836279901e-04 4.3785234567316199e-04 4.4934319614685911e-04 4.6461812523798581e-04 4.7731118367226317e-04 4.7596328294051340e-04 4.9232787729533748e-04 4.9067394061113744e-04 5.0429626126921438e-04 5.0166876490860849e-04 5.1069005125245438e-04 5.0605443791988149e-04 5.1199450812888325e-04 5.0358185651327297e-04 5.0876740101273466e-04 4.9462274877276353e-04 5.0064435348718252e-04 4.8116164835468409e-04 4.8788529215907918e-04 4.6836244332808350e-04 4.7347437985342751e-04 4.8737415216793553e-04 5.0516619920315206e-04 5.0912870065995635e-04 5.2371726888238114e-04 5.1941199283044048e-04 5.2598837555703102e-04 5.2072567549292146e-04 5.2177052115546553e-04 5.1973653786583675e-04 5.1975559370023394e-04 5.1982634510147163e-04 5.2239854077224012e-04 5.1969858184046684e-04 5.2573326580286303e-04 5.1384150203258685e-04 5.1982790146639821e-04 4.9643644083382978e-04 4.9614564201345350e-04 5.0954501392867476e-04 5.3426174333446404e-04 5.3858564229428217e-04 5.4450191109127954e-04 5.3393275653829391e-04 5.2360983193351402e-04 5.1779016584719412e-04 5.0195762808501632e-04 5.0855673399548078e-04 4.9518614461557548e-04 5.1241669841430167e-04 5.0627997702382447e-04 5.2667874358792489e-04 5.2950811233566089e-04 5.3840831770933268e-04 5.4529551572403336e-04 5.2449939542467303e-04 5.2039135446467521e-04 5.3564118622141232e-04 5.6721799635505745e-04 5.5645500743548818e-04 5.3302728909175514e-04 5.1135179947230255e-04 4.6895779848452724e-04 4.6867819120332497e-04 4.2718851278689092e-04 4.4994379102563997e-04 4.1626301389879953e-04 4.5819666595583888e-04 4.3559756567143501e-04 4.9180038877216108e-04 4.8410624872053477e-04 5.3893863969242369e-04 5.4728089575519000e-04 5.5500750672584438e-04 5.5308680560590625e-04 5.7729443477561938e-04 5.7813193169873581e-04 5.1898075481769646e-04 4.2755959118161130e-04 4.0943132492270103e-04 3.2371396781777091e-04 3.4855146329608661e-04 2.8061787394446301e-04 3.2680678229656999e-04 2.7105325720458141e-04 3.3680804208880745e-04 2.9014736597169358e-04 3.8110230661017748e-04 3.4560253524851264e-04 4.6852245678263767e-04 4.5753266673361908e-04 5.7337780099477986e-04 5.9040639996474776e-04 6.5525506674117312e-04 2.2170228849513392e-04 2.7898906964905838e-04 1.1673646151797805e-04 1.8675621057667800e-04 8.6236050527098733e-05 1.5305533665066278e-04 7.4418207247174071e-05 1.4241310446971427e-04 7.2160088949296090e-05 1.4802905370475507e-04 7.8263273381327835e-05 1.7334047054604743e-04 9.7521075794555626e-05 2.3975350137067422e-04 1.5460470113441138e-04 4.2472864784962337e-04 3.6700690185264797e-04 5.3220514429644079e-04 5.5303911893727243e-04 5.0675472678807037e-04 5.2091589067721270e-04 4.9237189717428551e-04 5.0364796125450359e-04 4.8967736883310164e-04 4.9788619023398493e-04 4.8962450310002174e-04 4.9674367291872683e-04 4.8892491581800407e-04 4.9859221669670871e-04 4.8885069065239908e-04 5.0702581490013243e-04 4.9585715414362868e-04 5.3237159082596456e-04 5.1976601268371992e-04 5.7627825652448790e-04 5.3701974416893732e-04 5.2632896029033321e-04 5.3929699132384417e-04 5.2585684795582286e-04 5.1966446936289185e-04 5.1201264444068685e-04 5.0723594137414539e-04 5.0302263302881274e-04 5.0278675479469676e-04 5.0086640955475663e-04 5.0496285882692762e-04 5.0551924018210159e-04 5.1504722695073428e-04 5.1761295217926304e-04 5.3613629719319929e-04 5.3242086843831673e-04 5.4835800025416939e-04 5.1139419846973270e-04 4.7083924555976753e-04 4.5882594954975035e-04 4.9428322812912332e-04 4.7600678202292169e-04 4.9453045090948062e-04 4.7756846732188718e-04 4.8919749891070965e-04 4.7508845019158684e-04 4.8643295432851473e-04 4.7430796786673341e-04 4.8821403223938358e-04 4.7639029609273435e-04 4.9378047554413161e-04 4.7890446988079724e-04 4.9682840292125674e-04 4.7297446763617368e-04 4.8169040365858508e-04 4.4694106009719568e-04 4.0475814912795864e-04 3.8946672613958757e-04 4.2645795651868662e-04 4.0761900443699424e-04 4.3765074503034453e-04 4.1732478660663931e-04 4.4089782886599579e-04 4.2084791250771763e-04 4.4143698714500324e-04 4.2156813483441711e-04 4.4146323119995627e-04 4.2038457793919546e-04 4.3970196326005703e-04 4.1522003922452304e-04 4.3138291060372812e-04 4.0208271283952585e-04 4.1219522554364536e-04 3.8196127392479577e-04 3.3800915051627084e-04 3.1948664215100751e-04 3.5373821241343833e-04 3.3375416426550849e-04 3.6681454978186855e-04 3.4487781359116270e-04 3.7407238847615492e-04 3.5086014674281092e-04 3.7662654619753427e-04 3.5228997206633692e-04 3.7543382863665760e-04 3.4944887713644776e-04 3.6985221537552243e-04 3.4163809809218277e-04 3.5846283187499639e-04 3.2872559526207177e-04 3.4261710493166457e-04 3.1494406461853681e-04 2.6926598611830526e-04 2.4818870905399552e-04 2.7951337387254290e-04 2.5812337715002163e-04 2.9060952839934142e-04 2.6760323036473845e-04 2.9820584037531898e-04 2.7349293721286235e-04 3.0123830163140839e-04 2.7496668506408290e-04 2.9968493128043714e-04 2.7192857256263657e-04 2.9348791539871786e-04 2.6456153639142175e-04 2.8318788172926616e-04 2.5431502465139840e-04 2.7186888959273019e-04 2.4563405848533122e-04 1.9843941910092577e-04 1.7554829615901027e-04 2.0463834941468047e-04 1.8213431935690279e-04 2.1292355133398371e-04 1.8929559634446114e-04 2.1921609321355680e-04 1.9406130573845060e-04 2.2186927646971856e-04 1.9527990035693273e-04 2.2046954950898228e-04 1.9273311178768702e-04 2.1521201467838405e-04 1.8689707865548547e-04 2.0725850065520836e-04 1.7945980767453988e-04 1.9974182297464974e-04 1.7426962289747897e-04 1.2573241816014337e-04 1.0175070018243773e-04 1.2962710854788723e-04 1.0646927992571202e-04 1.3569044307193949e-04 1.1197527418933793e-04 1.4056387779712605e-04 1.1586347728800046e-04 1.4270864573716260e-04 1.1690876703553432e-04 1.4158638239650977e-04 1.1479480414406275e-04 1.3746079467142076e-04 1.1012991607123715e-04 1.3153258482646106e-04 1.0453352903302948e-04 1.2641887938052797e-04 1.0111802324257311e-04 5.1066751613281063e-05 2.6076740556142473e-05 5.4190149833675911e-05 3.0211928065107426e-05 5.9643963381716996e-05 3.6602535706390373e-05 6.4647547603835046e-05 4.1805461920360689e-05 6.7049533099030714e-05 4.3367152851452043e-05 6.5875733663418675e-05 4.0610403603412951e-05 6.1581409859614244e-05 3.4732700741942180e-05 5.5937064804458007e-05 2.8522267583942423e-05 5.1633020497839135e-05 2.5558198996089184e-05
</DataArray>
        <DataArray type="Float64" format="ascii" Name="epsilon_yy">
-8.7843475320570862e-04 -8.7619402102325199e-04 -8.5496715232361183e-04 -8.8070327599578486e-04 -8.7560394778354574e-04 -9.0191835996213023e-04 -8.8972278183961954e-04 -9.1549137427343206e-04 -8.9567550334570265e-04 -9.1902871415484410e-04 -8.9301495006830162e-04 -9.1218995372074137e-04 -8.8224256381563317e-04 -8.9537882588388445e-04 -8.6525100132273851e-04 -8.7177519428807823e-04 -8.5290418867245855e-04 -8.9809262362393317e-04 -9.5479030081366593e-04 -9.6356899637482449e-04 -9.2479700902391344e-04 -9.5706953114351606e-04 -9.4205954445698641e-04 -9.7621989337605560e-04 -9.6094583456700529e-04 -9.9229501496456087e-04 -9.6942618641497570e-04 -9.9671339967844701e-04 -9.6530120030157698e-04 -9.8809623470853250e-04 -9.4922414691386576e-04 -9.6915599039970959e-04 -9.2721536649857965e-04 -9.5352991266047145e-04 -9.3502599373906643e-04 -9.8458359167615320e-04 -1.0244992342621148e-03 -1.0422650764609093e-03 -1.0143820560894528e-03 -1.0485662932054815e-03 -1.0291617551102621e-03 -1.0673473565891757e-03 -1.0470247143710828e-03 -1.0825863397143703e-03 -1.0555064814941641e-03 -1.0867640286452921e-03 -1.0511495648402379e-03 -1.0785064797038714e-03 -1.0355551228672462e-03 -1.0609911046852126e-03 -1.0181067984119602e-03 -1.0453979349170847e-03 -1.0192320615095907e-03 -1.0475225564163804e-03 -1.0834741801432209e-03 -1.1115792161221951e-03 -1.1027022162890926e-03 -1.1414352136262041e-03 -1.1259614054309514e-03 -1.1660012695482510e-03 -1.1437831834363624e-03 -1.1803463588199333e-03 -1.1512945346084016e-03 -1.1838083384068767e-03 -1.1474502216404984e-03 -1.1767091516686216e-03 -1.1330337474565607e-03 -1.1592544753364867e-03 -1.1116511735493400e-03 -1.1331946614546902e-03 -1.0907268645831340e-03 -1.1039817407566420e-03 -1.1369349045627093e-03 -1.1785983973020024e-03 -1.1894545462973400e-03 -1.2344178105532081e-03 -1.2243135502049060e-03 -1.2633634802815235e-03 -1.2412968462498463e-03 -1.2740570926892650e-03 -1.2466404691673099e-03 -1.2758135578597419e-03 -1.2438259917097857e-03 -1.2713478565192485e-03 -1.2315384768423524e-03 -1.2562556430132565e-03 -1.2043834753147377e-03 -1.2202816211554451e-03 -1.1579061444695702e-03 -1.1573915232526476e-03 -1.1902534286710800e-03 -1.2526690720633424e-03 -1.2795194013658713e-03 -1.3284097298928484e-03 -1.3176757756116759e-03 -1.3485269672588538e-03 -1.3261901984413763e-03 -1.3479190302727799e-03 -1.3263434110187763e-03 -1.3462373170338396e-03 -1.3258176710362305e-03 -1.3475289750000678e-03 -1.3212544368794077e-03 -1.3439766644495971e-03 -1.2972226489507061e-03 -1.3113518992368177e-03 -1.2286386834977723e-03 -1.2149214120366182e-03 -1.2562520880811010e-03 -1.3526469963728845e-03 -1.3779373908744867e-03 -1.4157416436070087e-03 -1.3922842556173061e-03 -1.4011004411349729e-03 -1.3799237370122506e-03 -1.3823237392290519e-03 -1.3720680850917756e-03 -1.3766827209419422e-03 -1.3751342850925005e-03 -1.3855851129954591e-03 -1.3860055719261959e-03 -1.4042176126078582e-03 -1.3858758199331001e-03 -1.4053783166537346e-03 -1.3171495566900878e-03 -1.2959037559393722e-03 -1.3763614860984117e-03 -1.5075260007986831e-03 -1.4641823387688605e-03 -1.4524854765722514e-03 -1.4154724455773570e-03 -1.3881643504983839e-03 -1.3813439133923077e-03 -1.3615755860911505e-03 -1.3685911151084310e-03 -1.3556793966818964e-03 -1.3740078234471737e-03 -1.3669697562002415e-03 -1.3984161000336181e-03 -1.4005198627453030e-03 -1.4411241463300900e-03 -1.4647868250756864e-03 -1.4427741876196440e-03 -1.4469424559661718e-03 -1.7586412491997555e-03 -1.5105284437813909e-03 -1.4271644125738786e-03 -1.3312248438344877e-03 -1.3470137216368082e-03 -1.3009097343660945e-03 -1.3232066058986086e-03 -1.2931934658151790e-03 -1.3165403362650019e-03 -1.2919544758109537e-03 -1.3197092339365969e-03 -1.2950967770019772e-03 -1.3359298880802702e-03 -1.3086985325547838e-03 -1.3859099406752307e-03 -1.3664670823373207e-03 -1.5455517530813317e-03 -1.6903635790596293e-03 -1.4309784211036427e-03 -1.4139168114641787e-03 -1.4725222431801435e-03 -1.4400744333219351e-03 -1.4832523963413545e-03 -1.4488895136241726e-03 -1.4938597769955399e-03 -1.4553500476678196e-03 -1.4987973397849669e-03 -1.4571406107141934e-03 -1.4957736780128932e-03 -1.4535047608699361e-03 -1.4856778966088364e-03 -1.4464984121098142e-03 -1.4724392531689568e-03 -1.4394885036041654e-03 -1.4572989950699152e-03 -1.3928682462693838e-03 -1.2582550352294372e-03 -1.2409749971855747e-03 -1.3410026192945586e-03 -1.2970915177064756e-03 -1.3597922195856956e-03 -1.3136102875620013e-03 -1.3660632485149342e-03 -1.3192730368755646e-03 -1.3682972936310128e-03 -1.3205341605443605e-03 -1.3671966413001397e-03 -1.3182647418175249e-03 -1.3629714743685782e-03 -1.3109168759102886e-03 -1.3529745921405162e-03 -1.2868256288813035e-03 -1.3010310898998875e-03 -1.1962144133203154e-03 -1.0967996981607615e-03 -1.0698749363388430e-03 -1.1686162665746197e-03 -1.1242227170246591e-03 -1.2013723558436551e-03 -1.1502910785984590e-03 -1.2139466851622766e-03 -1.1608009503215652e-03 -1.2177984307315164e-03 -1.1630963726040288e-03 -1.2162076726937978e-03 -1.1587428585688032e-03 -1.2076924497634786e-03 -1.1443432903176095e-03 -1.1832433835562315e-03 -1.1091027111163468e-03 -1.1237438456571259e-03 -1.0424605553361341e-03 -9.4320345843132685e-04 -9.0616296903033402e-04 -9.9244839671634570e-04 -9.4633960324426523e-04 -1.0255923046809117e-03 -9.7265782743131653e-04 -1.0424649821953269e-03 -9.8573609123804974e-04 -1.0483056653426135e-03 -9.8877436927371620e-04 -1.0455764909668127e-03 -9.8268653480403068e-04 -1.0328331951173632e-03 -9.6533204546394094e-04 -1.0049966905751535e-03 -9.3323358472618121e-04 -9.5919041627036113e-04 -8.9032544552781904e-04 -7.8765465968502735e-04 -7.4271533657108428e-04 -8.1824872652710350e-04 -7.6895466379025645e-04 -8.4457055777769263e-04 -7.9006995304563483e-04 -8.6077575817533527e-04 -8.0217497612907276e-04 -8.6696585624891674e-04 -8.0512068547413372e-04 -8.6385241489775485e-04 -7.9904547823046225e-04 -8.5089202810314385e-04 -7.8355278348733216e-04 -8.2732032151251755e-04 -7.5961085449415217e-04 -7.9660660777396424e-04 -7.3392499613257622e-04 -6.2738689296972536e-04 -5.7665072060174240e-04 -6.4462693720619213e-04 -5.9207029053072707e-04 -6.6276766741118153e-04 -6.0669844040906384e-04 -6.7547102684337862e-04 -6.1592547255165191e-04 -6.8064688505757804e-04 -6.1823367102702522e-04 -6.7793370603393339e-04 -6.1338090966259738e-04 -6.6743567735819348e-04 -6.0187515001828683e-04 -6.5046243882827871e-04 -5.8612111444842935e-04 -6.3181806154279671e-04 -5.7231641435703340e-04 -4.6224286127937624e-04 -4.0739151451719090e-04 -4.7049561517629524e-04 -4.1532464388569044e-04 -4.8159736257973442e-04 -4.2423008074637177e-04 -4.9011881041486846e-04 -4.3019496715947388e-04 -4.9372375219838480e-04 -4.3170002767868202e-04 -4.9177740766514501e-04 -4.2846475010581642e-04 -4.8459016639271972e-04 -4.2113244056586776e-04 -4.7384434762084456e-04 -4.1193389046273639e-04 -4.6382623503915266e-04 -4.0586010493498726e-04 -2.9258622683787412e-04 -2.3503753890442963e-04 -2.9558976669792858e-04 -2.3865871723992266e-04 -3.0158908665985518e-04 -2.4338327527645965e-04 -3.0645873377841185e-04 -2.4665130827971905e-04 -3.0855833473274956e-04 -2.4748363784286186e-04 -3.0739849605397807e-04 -2.4567009773879354e-04 -3.0323444500581322e-04 -2.4166708311284084e-04 -2.9729638194012699e-04 -2.3692012390038897e-04 -2.9267971001804003e-04 -2.3500485270881778e-04 -1.1839715215419002e-04 -5.9419493318034055e-05 -1.1967710308320882e-04 -6.1361151414833875e-05 -1.2282317655488756e-04 -6.4384249702777849e-05 -1.2558635097794659e-04 -6.6799046212020439e-05 -1.2685474359386506e-04 -6.7513620240400491e-05 -1.2617883320113649e-04 -6.6229521841731887e-05 -1.2378046975136317e-04 -6.3464968733228686e-05 -1.2056329555603324e-04 -6.0473488708869443e-05 -1.1838834725796908e-04 -5.9461801003902860e-05
</DataArray>
        <DataArray type="Float64" format="ascii" Name="gamma_xy">
-7.1634687260676251e-05 -4.1771123197058739e-05 -8.9657596919220703e-05 -4.9320476973045982e-05 -5.0750154062144641e-05 -2.7755529074356013e-05 -2.1989609224800489e-05 -1.0113263991981168e-05 -2.2466033922012646e-06 2.4879742027751605e-06 1.6147068361852945e-05 1.6431576574840734e-05 4.1346704867923408e-05 3.7750655043869247e-05 7.8929355303816265e-05 6.0895582050545909e-05 9.2382045251244630e-05 1.8868082441324851e-05 2.4432124089786619e-05 3.5228954318706824e-05 9.2230398876687071e-06 3.1187764175505235e-05 2.8363338643463000e-06 2.1295696755935420e-05 3.4226560243894306e-06 1.0846366064878150e-05 1.3631791421628644e-06 -1.3165494031723574e-06 -1.3474008065123571e-06 -1.2885956791154876e-05 -1.4734650172250607e-06 -2.3016797429936660e-05 -4.3533499297332371e-06 -3.7888653516728960e-05 -2.6598352535628800e-05 -3.0955588894295474e-05 3.4549719059233933e-05 6.1559528305008191e-05 7.2793304134741716e-05 8.2925483395753909e-05 5.9051717028458588e-05 6.2761648954151909e-05 3.3666682392820899e-05 3.0133830702065598e-05 5.4656737140133774e-06 -5.3683516923986482e-06 -2.3060981642051113e-05 -4.0688412317262907e-05 -5.0143088143295740e-05 -7.2162447874846481e-05 -7.0909702868474951e-05 -8.5537638515031746e-05 -5.8013716039677687e-05 -3.7023248596333319e-05 3.9692743166882924e-05 7.2931267345981477e-05 9.9942339968732419e-05 1.0437208346233925e-04 8.9024589089633160e-05 8.0183651185433607e-05 5.1202469207406492e-05 3.7808732346593858e-05 7.5375461080034934e-06 -7.4862856342083277e-06 -3.6305819410125478e-05 -5.2625336013484328e-05 -7.6983554339275171e-05 -9.2316617130500309e-05 -1.0049244039325063e-04 -1.0407013192991817e-04 -7.0796381773341081e-05 -4.1618855259361244e-05 4.3320237580178172e-05 7.4339713680005156e-05 1.0366978217953768e-04 9.5302165102430456e-05 8.6837784210659473e-05 6.4639013736227043e-05 4.6730682942325327e-05 2.7310275874886298e-05 5.9312161966103185e-06 -6.1073228189849879e-06 -3.3794835512693843e-05 -4.0288326323603594e-05 -7.3585114982164910e-05 -7.7357734145701965e-05 -1.0078559423958369e-04 -9.8003244408638663e-05 -7.4683799245159276e-05 -4.3474899825433055e-05 4.1531744581929430e-05 5.4568692693920598e-05 7.2383667403605053e-05 3.4425235535213461e-05 3.8725421032393058e-05 -4.8055899820090081e-08 1.1344141898684804e-05 -8.2478992824572512e-06 -7.4438284112726462e-07 -1.2874838212290696e-07 -9.5260577459926901e-06 5.5424536419081105e-06 -2.8344027737607487e-05 -9.0631725443009477e-06 -5.8686706913367592e-05 -4.6276026594222093e-05 -6.0769058107537825e-05 -3.6687220733278901e-05 2.2810257810765497e-05 -2.3764063288993368e-05 -3.6733556150033099e-05 -1.2785399018722045e-04 -8.1675011331774623e-05 -1.3165584937253135e-04 -6.2735723652501422e-05 -7.1036024591489004e-05 -1.2920802556966022e-05 1.0535694826075900e-05 4.0986187781078851e-05 8.9246255861424867e-05 7.5885209067633319e-05 1.3850035275476442e-04 6.3121333677115501e-05 1.0791426349040088e-04 1.8522476815298370e-06 -2.4767818102071284e-06 -6.4908956939114737e-05 -3.0450288550138880e-04 -3.0613333907035924e-04 -4.3745276096989507e-04 -2.8471581881258208e-04 -3.0967995596684034e-04 -1.6462578155669737e-04 -1.4320069049104681e-04 -2.7511041407148311e-05 2.2923495111874561e-05 1.0979507738458873e-04 1.8888515902181144e-04 2.3649545810622063e-04 3.5116566621591877e-04 3.1173468492738806e-04 4.5291483916032598e-04 2.0590284036733466e-04 1.6291401042513605e-04 -6.4730533739968342e-04 -1.1233211016869252e-03 -7.5147326324413722e-04 -7.1471985690642738e-04 -4.7701568588820632e-04 -4.2187702002602264e-04 -2.4562428457781499e-04 -1.8492867450788190e-04 -3.7663340049384303e-05 3.1105842301525668e-05 1.6640904741728054e-04 2.5003071123535684e-04 3.8337681627273885e-04 4.9629450034986559e-04 6.1943639648892493e-04 8.0366342599056165e-04 7.5492916757454712e-04 1.0986826566422052e-03 -1.7955597816994692e-04 -1.1512952136676754e-04 -1.7758988092826460e-04 -1.1662830860150649e-04 -1.0804942834516299e-04 -7.3274105234904033e-05 -5.1080655910872510e-05 -3.0996378689784303e-05 -6.2511013213565884e-06 6.7418624016446938e-06 3.6970789131943222e-05 4.6286431742531209e-05 9.0200018491223510e-05 9.3276846953751279e-05 1.5992556668221260e-04 1.3908093737471461e-04 2.0666855553603180e-04 7.9404350259947308e-05 1.3495770998017104e-05 1.4227974631468845e-05 -3.9128634175079152e-05 -1.0975181173366637e-05 -4.3143955041069960e-05 -1.6759664078062126e-05 -2.4831706076339445e-05 -8.8419159225677763e-06 -2.7976882136559205e-06 3.0071120461992533e-06 1.9514518888686318e-05 1.4560075073334013e-05 4.0266219476993570e-05 1.9429247680636790e-05 4.5741018264720399e-05 1.6584909662023574e-08 1.4379779799596505e-06 -2.5217755268242000e-05 3.0069093542124265e-05 4.4512465269498096e-05 4.2084962766754082e-05 4.6307338276234080e-05 2.1075246767602097e-05 2.7798394852009545e-05 8.0962248789326717e-06 1.1731539139559089e-05 1.5208487780915164e-06 -1.4624543466666780e-06 -4.3248597491648168e-06 -1.5615215662102250e-05 -1.5163666601002874e-05 -3.4582438042467637e-05 -3.5553218593718230e-05 -5.3691775644942051e-05 -4.3443449346205539e-05 -2.9359036285269163e-05 2.7142340325410508e-05 4.4119487202689219e-05 6.1784779766105205e-05 6.0946459927002450e-05 5.0613871087152861e-05 4.6450296648193461e-05 2.7833413470302524e-05 2.2130701618613404e-05 4.1704786042102531e-06 -4.2543930223758672e-06 -1.9536956673311615e-05 -3.0720435808078451e-05 -4.3407913074648896e-05 -5.4113116665074758e-05 -6.0766473433100985e-05 -6.1776287377444527e-05 -4.5757758644504079e-05 -2.4858493952091769e-05 2.1703215102938986e-05 3.6075202621892730e-05 5.7400425249896812e-05 5.6018256378827590e-05 5.4764739408532787e-05 4.7212420214961922e-05 3.3263110126424754e-05 2.3751134091902052e-05 4.9322801266838591e-06 -5.0538141997558983e-06 -2.4222488630722817e-05 -3.3039713869270791e-05 -4.8949417300116183e-05 -5.3153431057808064e-05 -5.9387925433586763e-05 -5.3695997799946339e-05 -3.8385747124173081e-05 -1.9232247907175269e-05 1.6222360471551790e-05 2.6991454858891210e-05 4.5901045655744220e-05 4.4602539618704312e-05 4.7295171875635828e-05 3.9821545068403380e-05 3.0341301099844354e-05 2.0717993683966384e-05 4.5297688450277655e-06 -4.6221672123393837e-06 -2.2456086535980021e-05 -2.8749253940248636e-05 -4.3198680116418176e-05 -4.3907077886454642e-05 -4.8763152141063068e-05 -4.1502543586104057e-05 -2.9222725078398983e-05 -1.4001494680809901e-05 1.1364284751011492e-05 1.8533884199342301e-05 3.3399507619890326e-05 3.2087640157632998e-05 3.6227224290299038e-05 3.0002864459238423e-05 2.4144831128724808e-05 1.6034970942166744e-05 3.6382430994510712e-06 -3.6882580123497061e-06 -1.8056216464702975e-05 -2.2184239821828300e-05 -3.3617197103546321e-05 -3.2566145870410958e-05 -3.6153775498495834e-05 -2.9199658487070324e-05 -2.0568075723911967e-05 -9.3998836651678615e-06 6.8483966665460710e-06 1.0317386457914221e-05 2.1338511654383671e-05 1.9735059478280665e-05 2.4650799912901192e-05 1.9619079053219686e-05 1.7043412415141235e-05 1.0745874361826382e-05 2.5625629353370028e-06 -2.5919075009092350e-06 -1.2903559668875614e-05 -1.4906634523825680e-05 -2.3273670283181290e-05 -2.0938487216346286e-05 -2.3707171015118664e-05 -1.7285671579632012e-05 -1.2454133025664631e-05 -4.7998481216808347e-06 2.1393519694465667e-06 2.2900948802625471e-06 9.2705742559387024e-06 5.9723430605768416e-06 1.1860136252029787e-05 6.2310323368167182e-06 8.3570146482664998e-06 3.3290549195785134e-06 1.0650022966674351e-06 -1.0567168718876229e-06 -6.6657578982293936e-06 -4.9959741449851894e-06 -1.1429156207405787e-05 -6.6232245262769618e-06 -1.0626071490142656e-05 -4.5975012191184346e-06 -4.2592072808897090e-06 -2.6099498044324606e-07
</DataArray>
        <DataArray type="Float64" format="ascii" Name="Stress" NumberOfComponents="9">
1.2309085779436153e+00 -5.5103605585135573e-01 0.0000000000000000e+00 -5.5103605585135573e-01 -1.8778726064523255e+01 0.0000000000000000e+00 0.0000000000000000e+00 0.0000000000000000e+00 -5.2643452459738915e+00 7.3594392371450068e-01 -3.2131633228506723e-01 0.0000000000000000e+00 -3.2131633228506723e-01 -1.8941606912325696e+01 0.0000000000000000e+00 0.0000000000000000e+00 0.0000000000000000e+00 -5.4616988965833597e+00 1.9280399489279549e+00 -6.8967382245554387e-01 0.0000000000000000e+00 -6.8967382245554387e-01 -1.7964184029000364e+01 0.0000000000000000e+00 0.0000000000000000e+00 0.0000000000000000e+00 -4.8108432240217232e+00 1.5191599743149411e+00 -3.7938828440804601e-01 0.0000000000000000e+00 -3.7938828440804601e-01 -1.8705047395530627e+01 0.0000000000000000e+00 0.0000000000000000e+00 0.0000000000000000e+00 -5.1557662263647055e+00 2.2779307499514556e+00 -3.9038580047803578e-01 0.0000000000000000e+00 -3.9038580047803578e-01 -1.8267786772736095e+01 0.0000000000000000e+00 0.0000000000000000e+00 0.0000000000000000e+00 -4.7969568068353921e+00 1.9643177607994486e+00 -2.1350406980273856e-01 0.0000000000000000e+00 -2.1350406980273856e-01 -1.8980531068715187e+01 0.0000000000000000e+00 0.0000000000000000e+00 0.0000000000000000e+00 -5.1048639923747201e+00 2.4710323065776629e+00 -1.6915084019077301e-01 0.0000000000000000e+00 -1.6915084019077301e-01 -1.8495333007941870e+01 0.0000000000000000e+00 0.0000000000000000e+00 0.0000000000000000e+00 -4.8072902104092616e+00 2.1811702542823341e+00 -7.7794338399855140e-02 0.0000000000000000e+00 -7.7794338399855140e-02 -1.9185902292635749e+01 0.0000000000000000e+00 0.0000000000000000e+00 0.0000000000000000e+00 -5.1014196115060235e+00 2.5484135353957118e+00 -1.7281564555394344e-02 0.0000000000000000e+00 -1.7281564555394344e-02 -1.8592998668252442e+01 0.0000000000000000e+00 0.0000000000000000e+00 0.0000000000000000e+00 -4.8133755398570193e+00 2.2342272662626463e+00 1.9138263098270467e-02 0.0000000000000000e+00 1.9138263098270467e-02 -1.9240907306873023e+01 0.0000000000000000e+00 0.0000000000000000e+00 0.0000000000000000e+00 -5.1020040121831132e+00 2.5156077524137537e+00 1.2420821816809957e-01 0.0000000000000000e+00 1.2420821816809957e-01 -1.8548584591126009e+01 0.0000000000000000e+00 0.0000000000000000e+00 0.0000000000000000e+00 -4.8098930516136758e+00 2.1360037233651901e+00 1.2639674288339026e-01 0.0000000000000000e+00 1.2639674288339026e-01 -1.9132700683848796e+01 0.0000000000000000e+00 0.0000000000000000e+00 0.0000000000000000e+00 -5.0990090881450820e+00 2.3778624778967412e+00 3.1805157590710309e-01 0.0000000000000000e+00 3.1805157590710309e-01 -1.8370862538387840e+01 0.0000000000000000e+00 0.0000000000000000e+00 0.0000000000000000e+00 -4.7979000181473292e+00 1.8635943788827498e+00 2.9038965418360957e-01 0.0000000000000000e+00 2.9038965418360957e-01 -1.8879972208696067e+01 0.0000000000000000e+00 0.0000000000000000e+00 0.0000000000000000e+00 -5.1049133489439926e+00 2.1308510151299185e+00 6.0714888695243285e-01 0.0000000000000000e+00 6.0714888695243285e-01 -1.8103283659949561e+01 0.0000000000000000e+00 0.0000000000000000e+00 0.0000000000000000e+00 -4.7917297934458940e+00 1.2993565618314014e+00 4.6842755423496862e-01 0.0000000000000000e+00 4.6842755423496862e-01 -1.8603027282030020e+01 0.0000000000000000e+00 0.0000000000000000e+00 0.0000000000000000e+00 -5.1911012160595842e+00 1.5709062830314646e+00 7.1063111731726636e-01 0.0000000000000000e+00 7.1063111731726636e-01 -1.8071901453919669e+01 0.0000000000000000e+00 0.0000000000000000e+00 0.0000000000000000e+00 -4.9502985512664601e+00 2.7686249905429683e-01 1.4513909570249878e-01 0.0000000000000000e+00 1.4513909570249878e-01 -1.9619644063568668e+01 0.0000000000000000e+00 0.0000000000000000e+00 0.0000000000000000e+00 -5.8028344693543108e+00 3.0315482119656323e-03 1.8793941607528167e-01 0.0000000000000000e+00 1.8793941607528167e-01 -2.0983102980736980e+01 0.0000000000000000e+00 0.0000000000000000e+00 0.0000000000000000e+00 -6.2940214297575032e+00 7.9874611501004264e-02 2.7099195629774475e-01 0.0000000000000000e+00 2.7099195629774475e-01 -2.1143108603308900e+01 0.0000000000000000e+00 0.0000000000000000e+00 0.0000000000000000e+00 -6.3189701975423684e+00 5.7274406932878208e-01 7.0946460674374684e-02 0.0000000000000000e+00 7.0946460674374684e-02 -2.0079747245538506e+01 0.0000000000000000e+00 0.0000000000000000e+00 0.0000000000000000e+00 -5.8521009528629184e+00 5.6996737046179369e-01 2.3990587827311718e-01 0.0000000000000000e+00 2.3990587827311718e-01 -2.0790223459769479e+01 0.0000000000000000e+00 0.0000000000000000e+00 0.0000000000000000e+00 -6.0660768267923038e+00 1.1590841988106071e+00 2.1817952802663840e-02 0.0000000000000000e+00 2.1817952802663840e-02 -2.0207855001762184e+01 0.0000000000000000e+00 0.0000000000000000e+00 0.0000000000000000e+00 -5.7146312408854740e+00 1.0456346704686552e+00 1.6381305196873405e-01 0.0000000000000000e+00 1.6381305196873405e-01 -2.1007253127514655e+01 0.0000000000000000e+00 0.0000000000000000e+00 0.0000000000000000e+00 -5.9884855371138004e+00 1.5150277905571083e+00 2.6328123264534084e-02 0.0000000000000000e+00 2.6328123264534084e-02 -2.0470391047277836e+01 0.0000000000000000e+00 0.0000000000000000e+00 0.0000000000000000e+00 -5.6866089770162187e+00 1.3238965152557232e+00 8.3433585114447276e-02 0.0000000000000000e+00 8.3433585114447276e-02 -2.1241297426748883e+01 0.0000000000000000e+00 0.0000000000000000e+00 0.0000000000000000e+00 -5.9752202734479498e+00 1.6509662600485291e+00 1.0485993401252803e-02 0.0000000000000000e+00 1.0485993401252803e-02 -2.0598513062506143e+01 0.0000000000000000e+00 0.0000000000000000e+00 0.0000000000000000e+00 -5.6842640407372853e+00 1.3922525245010227e+00 -1.0127303101325829e-02 0.0000000000000000e+00 -1.0127303101325829e-02 -2.1309109350564334e+01 0.0000000000000000e+00 0.0000000000000000e+00 0.0000000000000000e+00 -5.9750570478189928e+00 1.5853513969911670e+00 -1.0364621588556597e-02 0.0000000000000000e+00 -1.0364621588556597e-02 -2.0535974682642841e+01 0.0000000000000000e+00 0.0000000000000000e+00 0.0000000000000000e+00 -5.6851869856955028e+00 1.2543144117777214e+00 -9.9122744547345196e-02 0.0000000000000000e+00 -9.9122744547345196e-02 -2.1178837443491584e+01 0.0000000000000000e+00 0.0000000000000000e+00 0.0000000000000000e+00 -5.9773569095141577e+00 1.3028553318536682e+00 -1.1334346286346622e-02 0.0000000000000000e+00 -1.1334346286346622e-02 -2.0303702592147676e+01 0.0000000000000000e+00 0.0000000000000000e+00 0.0000000000000000e+00 -5.7002541780882021e+00 8.9559932614882731e-01 -1.7705228792258970e-01 0.0000000000000000e+00 -1.7705228792258970e-01 -2.0916303374501261e+01 0.0000000000000000e+00 0.0000000000000000e+00 0.0000000000000000e+00 -6.0062112145057309e+00 7.5901501270237182e-01 -3.3487307151794141e-02 0.0000000000000000e+00 -3.3487307151794141e-02 -2.0053067554964468e+01 0.0000000000000000e+00 0.0000000000000000e+00 0.0000000000000000e+00 -5.7882157626786279e+00 3.4951493176099430e-01 -2.9145118089791505e-01 0.0000000000000000e+00 -2.9145118089791505e-01 -2.0806909263541364e+01 0.0000000000000000e+00 0.0000000000000000e+00 0.0000000000000000e+00 -6.1372182995341102e+00 1.0639651122029853e-01 -2.0460271181252923e-01 0.0000000000000000e+00 -2.0460271181252923e-01 -2.0504423335610340e+01 0.0000000000000000e+00 0.0000000000000000e+00 0.0000000000000000e+00 -6.1194080473170125e+00 1.8711862387481376e-02 -2.3811991457150364e-01 0.0000000000000000e+00 -2.3811991457150364e-01 -2.1631180447463674e+01 0.0000000000000000e+00 0.0000000000000000e+00 0.0000000000000000e+00 -6.4837405755228597e+00 -2.0469578893037837e-03 2.6576706968641489e-01 0.0000000000000000e+00 2.6576706968641489e-01 -2.2517343954746291e+01 0.0000000000000000e+00 0.0000000000000000e+00 0.0000000000000000e+00 -6.7558172737906785e+00 3.2237353766059698e-02 4.7353483311544753e-01 0.0000000000000000e+00 4.7353483311544753e-01 -2.2893108748625743e+01 0.0000000000000000e+00 0.0000000000000000e+00 0.0000000000000000e+00 -6.8582614184579045e+00 1.9940519264268444e-01 5.5994849334416719e-01 0.0000000000000000e+00 5.5994849334416719e-01 -2.2208651754569679e+01 0.0000000000000000e+00 0.0000000000000000e+00 0.0000000000000000e+00 -6.6027739685780977e+00 2.4496640865250793e-01 6.3788833381349141e-01 0.0000000000000000e+00 6.3788833381349141e-01 -2.2940427433774893e+01 0.0000000000000000e+00 0.0000000000000000e+00 0.0000000000000000e+00 -6.8086383075367145e+00 5.5414637252035803e-01 4.5424397714198916e-01 0.0000000000000000e+00 4.5424397714198916e-01 -2.2381448370244286e+01 0.0000000000000000e+00 0.0000000000000000e+00 0.0000000000000000e+00 -6.5481905993171781e+00 5.1281990091057617e-01 4.8278191503193768e-01 0.0000000000000000e+00 4.8278191503193768e-01 -2.3238403703767460e+01 0.0000000000000000e+00 0.0000000000000000e+00 0.0000000000000000e+00 -6.8176751408570642e+00 8.2749974747860000e-01 2.5897447994477607e-01 0.0000000000000000e+00 2.5897447994477607e-01 -2.2656889435060442e+01 0.0000000000000000e+00 0.0000000000000000e+00 0.0000000000000000e+00 -6.5488169062745527e+00 6.9134737023881521e-01 2.3179869770819689e-01 0.0000000000000000e+00 2.3179869770819689e-01 -2.3496814637246452e+01 0.0000000000000000e+00 0.0000000000000000e+00 0.0000000000000000e+00 -6.8416401801022895e+00 9.3906650137867320e-01 4.2043643953949057e-02 0.0000000000000000e+00 4.2043643953949057e-02 -2.2795487576203953e+01 0.0000000000000000e+00 0.0000000000000000e+00 0.0000000000000000e+00 -6.5569263224475849e+00 7.3491617990554525e-01 -4.1295013018451149e-02 0.0000000000000000e+00 -4.1295013018451149e-02 -2.3569959629387569e+01 0.0000000000000000e+00 0.0000000000000000e+00 0.0000000000000000e+00 -6.8505130348446066e+00 8.7880935929491422e-01 -1.7739216647731626e-01 0.0000000000000000e+00 -1.7739216647731626e-01 -2.2725555655692027e+01 0.0000000000000000e+00 0.0000000000000000e+00 0.0000000000000000e+00 -6.5540238889191347e+00 6.3895305498965327e-01 -3.1298778705586855e-01 0.0000000000000000e+00 -3.1298778705586855e-01 -2.3429602090803808e+01 0.0000000000000000e+00 0.0000000000000000e+00 0.0000000000000000e+00 -6.8371947107442459e+00 6.4927768606227143e-01 -3.8571606264073649e-01 0.0000000000000000e+00 -3.8571606264073649e-01 -2.2481191384374327e+01 0.0000000000000000e+00 0.0000000000000000e+00 0.0000000000000000e+00 -6.5495741094936148e+00 4.1552825440091989e-01 -5.5509575288343460e-01 0.0000000000000000e+00 -5.5509575288343460e-01 -2.3140402279657021e+01 0.0000000000000000e+00 0.0000000000000000e+00 0.0000000000000000e+00 -6.8174622075768312e+00 3.0534666981031716e-01 -5.4545925283442276e-01 0.0000000000000000e+00 -5.4545925283442276e-01 -2.2245110732981516e+01 0.0000000000000000e+00 0.0000000000000000e+00 0.0000000000000000e+00 -6.5819292189513599e+00 1.4862889918591948e-01 -6.5798183473101346e-01 0.0000000000000000e+00 -6.5798183473101346e-01 -2.2912080689735365e+01 0.0000000000000000e+00 0.0000000000000000e+00 0.0000000000000000e+00 -6.8290355371648346e+00 2.7962443012930532e-02 -4.4625935415136675e-01 0.0000000000000000e+00 -4.4625935415136675e-01 -2.2388720744414037e+01 0.0000000000000000e+00 0.0000000000000000e+00 0.0000000000000000e+00 -6.7082274904203310e+00 1.0902706841819721e-02 -2.8479421997179477e-01 0.0000000000000000e+00 -2.8479421997179477e-01 -2.3017801178746481e+01 0.0000000000000000e+00 0.0000000000000000e+00 0.0000000000000000e+00 -6.9020695415713975e+00 7.3243701393780137e-03 3.0532879359140708e-01 0.0000000000000000e+00 3.0532879359140708e-01 -2.3809480328033032e+01 0.0000000000000000e+00 0.0000000000000000e+00 0.0000000000000000e+00 -7.1406467873680954e+00 2.4771682074062891e-02 5.6100974881524213e-01 0.0000000000000000e+00 5.6100974881524213e-01 -2.4419696007071444e+01 0.0000000000000000e+00 0.0000000000000000e+00 0.0000000000000000e+00 -7.3184772974992152e+00 9.0908968139679525e-02 7.6878723052871090e-01 0.0000000000000000e+00 7.6878723052871090e-01 -2.4196252558469642e+01 0.0000000000000000e+00 0.0000000000000000e+00 0.0000000000000000e+00 -7.2316030770989883e+00 8.4575000725961288e-02 8.0286218047953284e-01 0.0000000000000000e+00 8.0286218047953284e-01 -2.5050241782682367e+01 0.0000000000000000e+00 0.0000000000000000e+00 0.0000000000000000e+00 -7.4897000345869227e+00 2.1858987686580328e-01 6.8480453145871689e-01 0.0000000000000000e+00 6.8480453145871689e-01 -2.4652723139166334e+01 0.0000000000000000e+00 0.0000000000000000e+00 0.0000000000000000e+00 -7.3302399786901589e+00 1.2334623169133642e-01 6.1679731681102767e-01 0.0000000000000000e+00 6.1679731681102767e-01 -2.5573538857808128e+01 0.0000000000000000e+00 0.0000000000000000e+00 0.0000000000000000e+00 -7.6350577878350370e+00 3.0896847711989450e-01 3.9386514774928066e-01 0.0000000000000000e+00 3.9386514774928066e-01 -2.5005676882033502e+01 0.0000000000000000e+00 0.0000000000000000e+00 0.0000000000000000e+00 -7.4090125214740823e+00 1.2996647041300399e-01 2.9083640266610661e-01 0.0000000000000000e+00 2.9083640266610661e-01 -2.5885978299931420e+01 0.0000000000000000e+00 0.0000000000000000e+00 0.0000000000000000e+00 -7.7268035488555249e+00 3.4037485236140869e-01 5.7981123907719180e-02 0.0000000000000000e+00 5.7981123907719180e-02 -2.5157301648073716e+01 0.0000000000000000e+00 0.0000000000000000e+00 0.0000000000000000e+00 -7.4450780387136914e+00 1.2514054492905022e-01 -5.7586812570833291e-02 0.0000000000000000e+00 -5.7586812570833291e-02 -2.5964134017159566e+01 0.0000000000000000e+00 0.0000000000000000e+00 0.0000000000000000e+00 -7.7516980416691554e+00 3.1816281027467458e-01 -2.7927553392404209e-01 0.0000000000000000e+00 -2.7927553392404209e-01 -2.5082330699783348e+01 0.0000000000000000e+00 0.0000000000000000e+00 0.0000000000000000e+00 -7.4292503668526004e+00 1.2017058493568700e-01 -4.0481027702680250e-01 0.0000000000000000e+00 -4.0481027702680250e-01 -2.5810237917854412e+01 0.0000000000000000e+00 0.0000000000000000e+00 0.0000000000000000e+00 -7.7070201998756165e+00 2.4329999630639651e-01 -5.9218118722519364e-01 0.0000000000000000e+00 -5.9218118722519364e-01 -2.4797569176452434e+01 0.0000000000000000e+00 0.0000000000000000e+00 0.0000000000000000e+00 -7.3662807540438120e+00 1.0287326308006453e-01 -7.1012782408077169e-01 0.0000000000000000e+00 -7.1012782408077169e-01 -2.5434031795745614e+01 0.0000000000000000e+00 0.0000000000000000e+00 0.0000000000000000e+00 -7.5993475597996651e+00 1.2760776090295536e-01 -7.7301877225577420e-01 0.0000000000000000e+00 -7.7301877225577420e-01 -2.4377204883774343e+01 0.0000000000000000e+00 0.0000000000000000e+00 0.0000000000000000e+00 -7.2748791368614159e+00 6.0050233651858173e-02 -8.0053947638398615e-01 0.0000000000000000e+00 -8.0053947638398615e-01 -2.4879641360406133e+01 0.0000000000000000e+00 0.0000000000000000e+00 0.0000000000000000e+00 -7.4458773380262819e+00 2.4448113643011537e-02 -5.4458755210262377e-01 0.0000000000000000e+00 -5.4458755210262377e-01 -2.3961541238837256e+01 0.0000000000000000e+00 0.0000000000000000e+00 0.0000000000000000e+00 -7.1811279375582737e+00 9.1362950156416815e-03 -3.2014504045662495e-01 0.0000000000000000e+00 -3.2014504045662495e-01 -2.4259419406677740e+01 0.0000000000000000e+00 0.0000000000000000e+00 0.0000000000000000e+00 -7.2750849334986283e+00 3.1321211054639872e-03 3.3323259677060130e-01 0.0000000000000000e+00 3.3323259677060130e-01 -2.4986237982442915e+01 0.0000000000000000e+00 0.0000000000000000e+00 0.0000000000000000e+00 -7.4949317584012363e+00 1.4161635232980976e-03 5.7184395138465516e-01 0.0000000000000000e+00 5.7184395138465516e-01 -2.5902654551940618e+01 0.0000000000000000e+00 0.0000000000000000e+00 0.0000000000000000e+00 -7.7703715165251968e+00 -1.7164362585863659e-02 7.9745986291952053e-01 0.0000000000000000e+00 7.9745986291952053e-01 -2.6149214315775037e+01 0.0000000000000000e+00 0.0000000000000000e+00 0.0000000000000000e+00 -7.8499136035082708e+00 -1.4320211339598607e-01 7.3309357771100347e-01 0.0000000000000000e+00 7.3309357771100347e-01 -2.7191434104712744e+01 0.0000000000000000e+00 0.0000000000000000e+00 0.0000000000000000e+00 -8.2003908654326185e+00 -1.4252577231398042e-01 6.6798295546661146e-01 0.0000000000000000e+00 6.6798295546661146e-01 -2.6969072588242394e+01 0.0000000000000000e+00 0.0000000000000000e+00 0.0000000000000000e+00 -8.1334795081669107e+00 -4.1604543055904963e-01 4.9722318258636189e-01 0.0000000000000000e+00 4.9722318258636189e-01 -2.7944535520382964e+01 0.0000000000000000e+00 0.0000000000000000e+00 0.0000000000000000e+00 -8.5081742852826032e+00 -3.0311850115034006e-01 3.5946679186404096e-01 0.0000000000000000e+00 3.5946679186404096e-01 -2.7411157297192922e+01 0.0000000000000000e+00 0.0000000000000000e+00 0.0000000000000000e+00 -8.3142827395029784e+00 -6.5299088453667775e-01 2.1007904519143308e-01 0.0000000000000000e+00 2.1007904519143308e-01 -2.8281108020609455e+01 0.0000000000000000e+00 0.0000000000000000e+00 0.0000000000000000e+00 -8.6802296715438381e+00 -3.9140631708104640e-01 4.5624739973925535e-02 0.0000000000000000e+00 4.5624739973925535e-02 -2.7566437194514066e+01 0.0000000000000000e+00 0.0000000000000000e+00 0.0000000000000000e+00 -8.3873530534785345e+00 -7.2750583722149087e-01 -4.6979406299884521e-02 0.0000000000000000e+00 -4.6979406299884521e-02 -2.8351646630451889e+01 0.0000000000000000e+00 0.0000000000000000e+00 0.0000000000000000e+00 -8.7237457403020127e+00 -3.5651369007329292e-01 -2.5996027317456805e-01 0.0000000000000000e+00 -2.5996027317456805e-01 -2.7489626564092642e+01 0.0000000000000000e+00 0.0000000000000000e+00 0.0000000000000000e+00 -8.3538420762497783e+00 -6.0482224673870943e-01 -3.0991020248925844e-01 0.0000000000000000e+00 -3.0991020248925844e-01 -2.8200920666607768e+01 0.0000000000000000e+00 0.0000000000000000e+00 0.0000000000000000e+00 -8.6417228740039409e+00 -2.1817445247611220e-01 -5.6603934601665307e-01 0.0000000000000000e+00 -5.6603934601665307e-01 -2.7160283047596412e+01 0.0000000000000000e+00 0.0000000000000000e+00 0.0000000000000000e+00 -8.2135372500217567e+00 -3.4090026315279820e-01 -5.9505949342847675e-01 0.0000000000000000e+00 -5.9505949342847675e-01 -2.7756114244939251e+01 0.0000000000000000e+00 0.0000000000000000e+00 0.0000000000000000e+00 -8.4291043524276130e+00 -6.2538121985017292e-02 -7.7527380184295147e-01 0.0000000000000000e+00 -7.7527380184295147e-01 -2.6496768542713088e+01 0.0000000000000000e+00 0.0000000000000000e+00 0.0000000000000000e+00 -7.9677919994094308e+00 -8.4805973852104519e-02 -7.5387111083568215e-01 0.0000000000000000e+00 -7.5387111083568215e-01 -2.6855721706495849e+01 0.0000000000000000e+00 0.0000000000000000e+00 0.0000000000000000e+00 -8.0821583041043858e+00 5.1409708773013114e-03 -5.7449076342430205e-01 0.0000000000000000e+00 -5.7449076342430205e-01 -2.5446283418405773e+01 0.0000000000000000e+00 0.0000000000000000e+00 0.0000000000000000e+00 -7.6323427342585415e+00 3.2497089855060756e-03 -3.3442230634948505e-01 0.0000000000000000e+00 -3.3442230634948505e-01 -2.5435783602800665e+01 0.0000000000000000e+00 0.0000000000000000e+00 0.0000000000000000e+00 -7.6297601681445464e+00 -1.5173801971217912e-02 3.1947495832253398e-01 0.0000000000000000e+00 3.1947495832253398e-01 -2.6165919072736674e+01 0.0000000000000000e+00 0.0000000000000000e+00 0.0000000000000000e+00 -7.8543278624123669e+00 -6.9903895572228217e-02 4.1975917456861994e-01 0.0000000000000000e+00 4.1975917456861994e-01 -2.7561147209384636e+01 0.0000000000000000e+00 0.0000000000000000e+00 0.0000000000000000e+00 -8.2893153314870585e+00 -2.6330272322168896e-01 5.5679744156619271e-01 0.0000000000000000e+00 5.5679744156619271e-01 -2.8234149548762517e+01 0.0000000000000000e+00 0.0000000000000000e+00 0.0000000000000000e+00 -8.5492356815952615e+00 -6.6813773861379933e-01 2.6480950411702658e-01 0.0000000000000000e+00 2.6480950411702658e-01 -2.9482162984523463e+01 0.0000000000000000e+00 0.0000000000000000e+00 0.0000000000000000e+00 -9.0450902169411780e+00 -8.2883858102681041e-01 2.9788785409533119e-01 0.0000000000000000e+00 2.9788785409533119e-01 -2.9315123691026344e+01 0.0000000000000000e+00 0.0000000000000000e+00 0.0000000000000000e+00 -9.0431886816159466e+00 -1.4627387624690886e+00 -3.6966076784685154e-04 0.0000000000000000e+00 -3.6966076784685154e-04 -3.0264843365428597e+01 0.0000000000000000e+00 0.0000000000000000e+00 0.0000000000000000e+00 -9.5182746383693022e+00 -1.3616901322837287e+00 8.7262629989883128e-02 0.0000000000000000e+00 8.7262629989883128e-02 -2.9730618813646352e+01 0.0000000000000000e+00 0.0000000000000000e+00 0.0000000000000000e+00 -9.3276926837790235e+00 -2.0386680547047145e+00 -6.3445379095825011e-02 0.0000000000000000e+00 -6.3445379095825011e-02 -3.0498308952516965e+01 0.0000000000000000e+00 0.0000000000000000e+00 0.0000000000000000e+00 -9.7610931021665035e+00 -1.6120503657229339e+00 -5.7260218548251130e-03 0.0000000000000000e+00 -5.7260218548251130e-03 -2.9841283365942274e+01 0.0000000000000000e+00 0.0000000000000000e+00 0.0000000000000000e+00 -9.4360001194995622e+00 -2.2015728415095772e+00 -9.9037217017620732e-04 0.0000000000000000e+00 -9.9037217017620732e-04 -3.0531164559192884e+01 0.0000000000000000e+00 0.0000000000000000e+00 0.0000000000000000e+00 -9.8198212202107378e+00 -1.5020620161868434e+00 -7.3277367276866845e-02 0.0000000000000000e+00 -7.3277367276866845e-02 -2.9782590776964255e+01 0.0000000000000000e+00 0.0000000000000000e+00 0.0000000000000000e+00 -9.3853958379453299e+00 -1.9177964839747415e+00 4.2634258783908557e-02 0.0000000000000000e+00 4.2634258783908557e-02 -3.0437934207419236e+01 0.0000000000000000e+00 0.0000000000000000e+00 0.0000000000000000e+00 -9.7067192074181925e+00 -1.0654311750874932e+00 -2.1803098259698070e-01 0.0000000000000000e+00 -2.1803098259698070e-01 -2.9495172413046454e+01 0.0000000000000000e+00 0.0000000000000000e+00 0.0000000000000000e+00 -9.1681810764401845e+00 -1.2514354115352495e+00 -6.9716711879238100e-02 0.0000000000000000e+00 -6.9716711879238100e-02 -3.0074278131308446e+01 0.0000000000000000e+00 0.0000000000000000e+00 0.0000000000000000e+00 -9.3977140628531082e+00 -4.7234508802611497e-01 -4.5143620702590459e-01 0.0000000000000000e+00 -4.5143620702590459e-01 -2.8712821498180560e+01 0.0000000000000000e+00 0.0000000000000000e+00 0.0000000000000000e+00 -8.7555499758620030e+00 -4.4995033708546017e-01 -3.5596943534017006e-01 0.0000000000000000e+00 -3.5596943534017006e-01 -2.9013756721098545e+01 0.0000000000000000e+00 0.0000000000000000e+00 0.0000000000000000e+00 -8.8391121174552030e+00 -5.5462625079251614e-02 -4.6745429313490633e-01 0.0000000000000000e+00 -4.6745429313490633e-01 -2.7026817685424568e+01 0.0000000000000000e+00 0.0000000000000000e+00 0.0000000000000000e+00 -8.1246840931511457e+00 -7.7875186812614043e-03 -2.8220939025599151e-01 0.0000000000000000e+00 -2.8220939025599151e-01 -2.6704907003316549e+01 0.0000000000000000e+00 0.0000000000000000e+00 0.0000000000000000e+00 -8.0138083565993412e+00 -7.4107541128524052e-02 1.7546352162127307e-01 0.0000000000000000e+00 1.7546352162127307e-01 -2.7641696376551803e+01 0.0000000000000000e+00 0.0000000000000000e+00 0.0000000000000000e+00 -8.3147411753040998e+00 -3.3621159474327711e-01 -1.8280048683841055e-01 0.0000000000000000e+00 -1.8280048683841055e-01 -2.9872596098250082e+01 0.0000000000000000e+00 0.0000000000000000e+00 0.0000000000000000e+00 -9.0626423078980061e+00 -9.1779661759631503e-01 -2.8256581653871610e-01 0.0000000000000000e+00 -2.8256581653871610e-01 -3.0677679668519005e+01 0.0000000000000000e+00 0.0000000000000000e+00 0.0000000000000000e+00 -9.4786428858345975e+00 -1.9847457968413049e+00 -9.8349223220938786e-01 0.0000000000000000e+00 -9.8349223220938786e-01 -3.1965806299899207e+01 0.0000000000000000e+00 0.0000000000000000e+00 0.0000000000000000e+00 -1.0185165629022155e+01 -2.2976545020992347e+00 -6.2826931793672791e-01 0.0000000000000000e+00 -6.2826931793672791e-01 -3.1584363041939369e+01 0.0000000000000000e+00 0.0000000000000000e+00 0.0000000000000000e+00 -1.0164605263211582e+01 -3.5407566692816466e+00 -1.0127373028656259e+00 0.0000000000000000e+00 -1.0127373028656259e+00 -3.2310883432658578e+01 0.0000000000000000e+00 0.0000000000000000e+00 0.0000000000000000e+00 -1.0755492030582067e+01 -3.3039379715902983e+00 -4.8258248963462635e-01 0.0000000000000000e+00 -4.8258248963462635e-01 -3.1743967636445312e+01 0.0000000000000000e+00 0.0000000000000000e+00 0.0000000000000000e+00 -1.0514371682410683e+01 -4.4486601083804569e+00 -5.4643095839606914e-01 0.0000000000000000e+00 -5.4643095839606914e-01 -3.2287310139394968e+01 0.0000000000000000e+00 0.0000000000000000e+00 0.0000000000000000e+00 -1.1020791074332626e+01 -3.7176835311378706e+00 -9.9390788899738639e-02 0.0000000000000000e+00 -9.9390788899738639e-02 -3.1748635471405805e+01 0.0000000000000000e+00 0.0000000000000000e+00 0.0000000000000000e+00 -1.0639895700763104e+01 -4.6777194828239574e+00 8.1043806354429995e-02 0.0000000000000000e+00 8.1043806354429995e-02 -3.2261500018835363e+01 0.0000000000000000e+00 0.0000000000000000e+00 0.0000000000000000e+00 -1.1081765850497796e+01 -3.5308699753331894e+00 3.1527836754676047e-01 0.0000000000000000e+00 3.1527836754676047e-01 -3.1735961529923028e+01 0.0000000000000000e+00 0.0000000000000000e+00 0.0000000000000000e+00 -1.0580049451576864e+01 -4.2598937664858898e+00 6.8650966047249906e-01 0.0000000000000000e+00 6.8650966047249906e-01 -3.2278088822899640e+01 0.0000000000000000e+00 0.0000000000000000e+00 0.0000000000000000e+00 -1.0961394776815661e+01 -2.7515922860517672e+00 5.8373237744333328e-01 0.0000000000000000e+00 5.8373237744333328e-01 -3.1640914758334183e+01 0.0000000000000000e+00 0.0000000000000000e+00 0.0000000000000000e+00 -1.0317752113315784e+01 -3.1688811414608895e+00 1.0653873288828033e+00 0.0000000000000000e+00 1.0653873288828033e+00 -3.2220017469590012e+01 0.0000000000000000e+00 0.0000000000000000e+00 0.0000000000000000e+00 -1.0616669583315272e+01 -1.4809883921243634e+00 4.8554872059319626e-01 0.0000000000000000e+00 4.8554872059319626e-01 -3.1093518540209342e+01 0.0000000000000000e+00 0.0000000000000000e+00 0.0000000000000000e+00 -9.7723520797001129e+00 -1.4814179987495142e+00 8.3010971915692988e-01 0.0000000000000000e+00 8.3010971915692988e-01 -3.1522328958886813e+01 0.0000000000000000e+00 0.0000000000000000e+00 0.0000000000000000e+00 -9.9011240872908992e+00 -2.5536970380520263e-01 1.4248059088691055e-02 0.0000000000000000e+00 1.4248059088691055e-02 -2.9057786064050312e+01 0.0000000000000000e+00 0.0000000000000000e+00 0.0000000000000000e+00 -8.7939467303566534e+00 -6.1937032987588077e-02 -1.9052167770824045e-02 0.0000000000000000e+00 -1.9052167770824045e-02 -2.8507945672145723e+01 0.0000000000000000e+00 0.0000000000000000e+00 0.0000000000000000e+00 -8.5709648115399943e+00 -3.3855159563807669e-01 -4.9929966876242105e-01 0.0000000000000000e+00 -4.9929966876242105e-01 -3.0394796532161628e+01 0.0000000000000000e+00 0.0000000000000000e+00 0.0000000000000000e+00 -9.2200044383399113e+00 -1.8294403096342227e+00 -2.3423298884722219e+00 0.0000000000000000e+00 -2.3423298884722219e+00 -3.3916485424979129e+01 0.0000000000000000e+00 0.0000000000000000e+00 0.0000000000000000e+00 -1.0723777720384005e+01 -2.9218528176257936e+00 -2.3548718390027639e+00 0.0000000000000000e+00 -2.3548718390027639e+00 -3.3432054257418983e+01 0.0000000000000000e+00 0.0000000000000000e+00 0.0000000000000000e+00 -1.0906172122513432e+01 -5.2482280440210554e+00 -3.3650212382299620e+00 0.0000000000000000e+00 -3.3650212382299620e+00 -3.4171998317157403e+01 0.0000000000000000e+00 0.0000000000000000e+00 0.0000000000000000e+00 -1.1826067908353536e+01 -5.3092233164352445e+00 -2.1901216831737078e+00 0.0000000000000000e+00 -2.1901216831737078e+00 -3.3384665939513056e+01 0.0000000000000000e+00 0.0000000000000000e+00 0.0000000000000000e+00 -1.1608166776784492e+01 -7.3019049106567531e+00 -2.3821535074372333e+00 0.0000000000000000e+00 -2.3821535074372333e+00 -3.3638494423212983e+01 0.0000000000000000e+00 0.0000000000000000e+00 0.0000000000000000e+00 -1.2282119800160919e+01 -6.5545057580935220e+00 -1.2663521658207488e+00 0.0000000000000000e+00 -1.2663521658207488e+00 -3.3168280784068813e+01 0.0000000000000000e+00 0.0000000000000000e+00 0.0000000000000000e+00 -1.1916835962648703e+01 -8.1553909256238821e+00 -1.1015437730080522e+00 0.0000000000000000e+00 -1.1015437730080522e+00 -3.3419905695402548e+01 0.0000000000000000e+00 0.0000000000000000e+00 0.0000000000000000e+00 -1.2472588986307930e+01 -6.9927918048050088e+00 -2.1162339543960237e-01 0.0000000000000000e+00 -2.1162339543960237e-01 -3.3075836380266566e+01 0.0000000000000000e+00 0.0000000000000000e+00 0.0000000000000000e+00 -1.2020588455521469e+01 -8.3448668831293045e+00 1.7633457778365047e-01 0.0000000000000000e+00 1.7633457778365047e-01 -3.3371523096767433e+01 0.0000000000000000e+00 0.0000000000000000e+00 0.0000000000000000e+00 -1.2514916993969017e+01 -6.7860275989225718e+00 8.4457751834299055e-01 0.0000000000000000e+00 8.4457751834299055e-01 -3.3106271684091510e+01 0.0000000000000000e+00 0.0000000000000000e+00 0.0000000000000000e+00 -1.1967689784904223e+01 -7.9610681030725745e+00 1.4529627617062419e+00 0.0000000000000000e+00 1.4529627617062419e+00 -3.3455177674948501e+01 0.0000000000000000e+00 0.0000000000000000e+00 0.0000000000000000e+00 -1.2424873733406322e+01 -5.8751236685754291e+00 1.8191958315863124e+00 0.0000000000000000e+00 1.8191958315863124e+00 -3.3252329924633827e+01 0.0000000000000000e+00 0.0000000000000000e+00 0.0000000000000000e+00 -1.1738236077962776e+01 -6.8551609288319995e+00 2.7012743555070671e+00 0.0000000000000000e+00 2.7012743555070671e+00 -3.3718582436429166e+01 0.0000000000000000e+00 0.0000000000000000e+00 0.0000000000000000e+00 -1.2172123009578348e+01 -4.0142893904300232e+00 2.3979591148260622e+00 0.0000000000000000e+00 2.3979591148260622e+00 -3.3393467899856610e+01 0.0000000000000000e+00 0.0000000000000000e+00 0.0000000000000000e+00 -1.1222327187085988e+01 -4.5831992618912496e+00 3.4839603012332763e+00 0.0000000000000000e+00 3.4839603012332763e+00 -3.4157345289726720e+01 0.0000000000000000e+00 0.0000000000000000e+00 0.0000000000000000e+00 -1.1622163365485390e+01 -1.2102998303672001e+00 1.5838680028256513e+00 0.0000000000000000e+00 1.5838680028256513e+00 -3.2228022732127563e+01 0.0000000000000000e+00 0.0000000000000000e+00 0.0000000000000000e+00 -1.0031496768748427e+01 -7.9993295440492407e-01 1.2531846955779697e+00 0.0000000000000000e+00 1.2531846955779697e+00 -3.2143761507188302e+01 0.0000000000000000e+00 0.0000000000000000e+00 0.0000000000000000e+00 -9.8831083384779674e+00 -2.6505318477348245e+00 -4.9792718261514120e+00 0.0000000000000000e+00 -4.9792718261514120e+00 -3.9787398246826029e+01 0.0000000000000000e+00 0.0000000000000000e+00 0.0000000000000000e+00 -1.2731379028368256e+01 -1.1460266584147057e+01 -8.6409315514378839e+00 0.0000000000000000e+00 -8.6409315514378839e+00 -3.8109970157632056e+01 0.0000000000000000e+00 0.0000000000000000e+00 0.0000000000000000e+00 -1.4871071022533732e+01 -8.9560375006854880e+00 -5.7805635634164414e+00 0.0000000000000000e+00 -5.7805635634164414e+00 -3.5204552611807593e+01 0.0000000000000000e+00 0.0000000000000000e+00 0.0000000000000000e+00 -1.3248177033747922e+01 -1.2217381926452370e+01 -5.4978450531263636e+00 0.0000000000000000e+00 -5.4978450531263636e+00 -3.4493709701105686e+01 0.0000000000000000e+00 0.0000000000000000e+00 0.0000000000000000e+00 -1.4013327488267420e+01 -1.0514414195667996e+01 -3.6693514299092791e+00 0.0000000000000000e+00 -3.6693514299092791e+00 -3.4110874691260101e+01 0.0000000000000000e+00 0.0000000000000000e+00 0.0000000000000000e+00 -1.3387586666078429e+01 -1.2688757113109970e+01 -3.2452078463540199e+00 0.0000000000000000e+00 -3.2452078463540199e+00 -3.4029461496082163e+01 0.0000000000000000e+00 0.0000000000000000e+00 0.0000000000000000e+00 -1.4015465582757640e+01 -1.1147047927466099e+01 -1.8894175736755001e+00 0.0000000000000000e+00 -1.8894175736755001e+00 -3.3858770120531823e+01 0.0000000000000000e+00 0.0000000000000000e+00 0.0000000000000000e+00 -1.3501745414399375e+01 -1.2917895948905072e+01 -1.4225282654452456e+00 0.0000000000000000e+00 -1.4225282654452456e+00 -3.3958075534479732e+01 0.0000000000000000e+00 0.0000000000000000e+00 0.0000000000000000e+00 -1.4062791445015440e+01 -1.1356651067334637e+01 -2.8971800037987921e-01 0.0000000000000000e+00 -2.8971800037987921e-01 -3.3802088617099493e+01 0.0000000000000000e+00 0.0000000000000000e+00 0.0000000000000000e+00 -1.3547621905330240e+01 -1.2964395403029954e+01 2.3927571001173592e-01 0.0000000000000000e+00 2.3927571001173592e-01 -3.3950773322418414e+01 0.0000000000000000e+00 0.0000000000000000e+00 0.0000000000000000e+00 -1.4074550617634509e+01 -1.1242016637986559e+01 1.2800695955175430e+00 0.0000000000000000e+00 1.2800695955175430e+00 -3.3822605678622750e+01 0.0000000000000000e+00 0.0000000000000000e+00 0.0000000000000000e+00 -1.3519386694982794e+01 -1.2836336220525521e+01 1.9233131633488989e+00 0.0000000000000000e+00 1.9233131633488989e+00 -3.3964952380268677e+01 0.0000000000000000e+00 0.0000000000000000e+00 0.0000000000000000e+00 -1.4040386580238261e+01 -1.0747716809301840e+01 2.9490524328672221e+00 0.0000000000000000e+00 2.9490524328672221e+00 -3.3967260788168261e+01 0.0000000000000000e+00 0.0000000000000000e+00 0.0000000000000000e+00 -1.3414493279241031e+01 -1.2474800258086388e+01 3.8176500026912734e+00 0.0000000000000000e+00 3.8176500026912734e+00 -3.4108948078845451e+01 0.0000000000000000e+00 0.0000000000000000e+00 0.0000000000000000e+00 -1.3975124501079552e+01 -9.5363665862729690e+00 4.7648953576071147e+00 0.0000000000000000e+00 4.7648953576071147e+00 -3.4546573386979205e+01 0.0000000000000000e+00 0.0000000000000000e+00 0.0000000000000000e+00 -1.3224881991975650e+01 -1.1604493611811852e+01 6.1820263537735523e+00 0.0000000000000000e+00 6.1820263537735523e+00 -3.5005597972915417e+01 0.0000000000000000e+00 0.0000000000000000e+00 0.0000000000000000e+00 -1.3983027475418181e+01 -6.3982874011408910e+00 5.8071474428811314e+00 0.0000000000000000e+00 5.8071474428811314e+00 -3.6710293569309435e+01 0.0000000000000000e+00 0.0000000000000000e+00 0.0000000000000000e+00 -1.2932574291135097e+01 -9.6232400931167383e+00 8.4514050510938858e+00 0.0000000000000000e+00 8.4514050510938858e+00 -4.1275093645613310e+01 0.0000000000000000e+00 0.0000000000000000e+00 0.0000000000000000e+00 -1.5269500121619012e+01 -1.0913447177612341e+00 -6.9059991603825743e-01 0.0000000000000000e+00 -6.9059991603825743e-01 -1.6192756759300334e+01 0.0000000000000000e+00 0.0000000000000000e+00 0.0000000000000000e+00 -5.1852304431184715e+00 -7.1245500352236391e-01 -4.4280585141064432e-01 0.0000000000000000e+00 -4.4280585141064432e-01 -1.5842885237379679e+01 0.0000000000000000e+00 0.0000000000000000e+00 0.0000000000000000e+00 -4.9666020722706135e+00 -1.6736223885075725e+00 -6.8303800357024846e-01 0.0000000000000000e+00 -6.8303800357024846e-01 -1.6898829849801526e+01 0.0000000000000000e+00 0.0000000000000000e+00 0.0000000000000000e+00 -5.5717356714927302e+00 -1.2957924331256081e+00 -4.4857041769810185e-01 0.0000000000000000e+00 -4.4857041769810185e-01 -1.6380333386965205e+01 0.0000000000000000e+00 0.0000000000000000e+00 0.0000000000000000e+00 -5.3028377460272438e+00 -1.9291421323155080e+00 -4.1557472440447302e-01 0.0000000000000000e+00 -4.1557472440447302e-01 -1.7126252082435816e+01 0.0000000000000000e+00 0.0000000000000000e+00 0.0000000000000000e+00 -5.7166182644253958e+00 -1.5791015617134461e+00 -2.8182348167270788e-01 0.0000000000000000e+00 -2.8182348167270788e-01 -1.6598620599241727e+01 0.0000000000000000e+00 0.0000000000000000e+00 0.0000000000000000e+00 -5.4533166482865516e+00 -2.0266110560671300e+00 -1.9646406119566348e-01 0.0000000000000000e+00 -1.9646406119566348e-01 -1.7284589100902831e+01 0.0000000000000000e+00 0.0000000000000000e+00 0.0000000000000000e+00 -5.7933600470909878e+00 -1.6939361757030071e+00 -1.1921684111455501e-01 0.0000000000000000e+00 -1.1921684111455501e-01 -1.6718830313409196e+01 0.0000000000000000e+00 0.0000000000000000e+00 0.0000000000000000e+00 -5.5238299467336605e+00 -2.0558086493360554e+00 -2.4042697389833025e-02 0.0000000000000000e+00 -2.4042697389833025e-02 -1.7351361286912894e+01 0.0000000000000000e+00 0.0000000000000000e+00 0.0000000000000000e+00 -5.8221509808746834e+00 -1.7196463879067152e+00 2.5930240006325749e-02 0.0000000000000000e+00 2.5930240006325749e-02 -1.6749525492775330e+01 0.0000000000000000e+00 0.0000000000000000e+00 0.0000000000000000e+00 -5.5407515642046139e+00 -2.0477819679089411e+00 1.4219534281516624e-01 0.0000000000000000e+00 1.4219534281516624e-01 -1.7314694228146614e+01 0.0000000000000000e+00 0.0000000000000000e+00 0.0000000000000000e+00 -5.8087428588166654e+00 -1.6737860879477828e+00 1.7802473747127390e-01 0.0000000000000000e+00 1.7802473747127390e-01 -1.6689916684614282e+01 0.0000000000000000e+00 0.0000000000000000e+00 0.0000000000000000e+00 -5.5091108317686199e+00 -1.9905362601148351e+00 3.4692314804316726e-01 0.0000000000000000e+00 3.4692314804316726e-01 -1.7179217700585880e+01 0.0000000000000000e+00 0.0000000000000000e+00 0.0000000000000000e+00 -5.7509261882102134e+00 -1.5198356385163754e+00 3.5875710366827418e-01 0.0000000000000000e+00 3.5875710366827418e-01 -1.6546945077054424e+01 0.0000000000000000e+00 0.0000000000000000e+00 0.0000000000000000e+00 -5.4200342146712401e+00 -1.8198416932720571e+00 6.1509833339312536e-01 0.0000000000000000e+00 6.1509833339312536e-01 -1.6960583287984250e+01 0.0000000000000000e+00 0.0000000000000000e+00 0.0000000000000000e+00 -5.6341274943768926e+00 -1.1382007212129699e+00 5.3492668221044071e-01 0.0000000000000000e+00 5.3492668221044071e-01 -1.6306355293752429e+01 0.0000000000000000e+00 0.0000000000000000e+00 0.0000000000000000e+00 -5.2333668044896200e+00 -1.4106440315840514e+00 7.9487905975396855e-01 0.0000000000000000e+00 7.9487905975396855e-01 -1.6618836398919704e+01 0.0000000000000000e+00 0.0000000000000000e+00 0.0000000000000000e+00 -5.4088441291511273e+00 -2.7818642910910824e-01 3.0540134715364342e-01 0.0000000000000000e+00 3.0540134715364342e-01 -1.5425467219831196e+01 0.0000000000000000e+00 0.0000000000000000e+00 0.0000000000000000e+00 -4.7110960946820919e+00 -3.0051724049520501e-02 5.1906811530835019e-02 0.0000000000000000e+00 5.1906811530835019e-02 -1.3839857719421635e+01 0.0000000000000000e+00 0.0000000000000000e+00 0.0000000000000000e+00 -4.1609728330413454e+00 -7.4273595239214521e-02 5.4722979351803251e-02 0.0000000000000000e+00 5.4722979351803251e-02 -1.3668919421976970e+01 0.0000000000000000e+00 0.0000000000000000e+00 0.0000000000000000e+00 -4.1229579051648546e+00 -4.7678638195531814e-01 -1.5049474682722749e-01 0.0000000000000000e+00 -1.5049474682722749e-01 -1.4940629540558415e+01 0.0000000000000000e+00 0.0000000000000000e+00 0.0000000000000000e+00 -4.6252247767541199e+00 -4.0437811043974164e-01 -4.2212235282179371e-02 0.0000000000000000e+00 -4.2212235282179371e-02 -1.4427057846303574e+01 0.0000000000000000e+00 0.0000000000000000e+00 0.0000000000000000e+00 -4.4494307870229957e+00 -8.4947187157085358e-01 -1.6593828861949983e-01 0.0000000000000000e+00 -1.6593828861949983e-01 -1.5306831017329220e+01 0.0000000000000000e+00 0.0000000000000000e+00 0.0000000000000000e+00 -4.8468908666700203e+00 -6.8604298384845375e-01 -6.4460246454085102e-02 0.0000000000000000e+00 -6.4460246454085102e-02 -1.4729296306946056e+01 0.0000000000000000e+00 0.0000000000000000e+00 0.0000000000000000e+00 -4.6246017872383529e+00 -1.0529579921649710e+00 -9.5506561832074802e-02 0.0000000000000000e+00 -9.5506561832074802e-02 -1.5462951760542508e+01 0.0000000000000000e+00 0.0000000000000000e+00 0.0000000000000000e+00 -4.9547729258122439e+00 -8.3973207581731579e-01 -3.4007368932952982e-02 0.0000000000000000e+00 -3.4007368932952982e-02 -1.4857391075081757e+01 0.0000000000000000e+00 0.0000000000000000e+00 0.0000000000000000e+00 -4.7091369452697212e+00 -1.1257396102503099e+00 -1.0760339283292002e-02 0.0000000000000000e+00 -1.0760339283292002e-02 -1.5518693828909615e+01 0.0000000000000000e+00 0.0000000000000000e+00 0.0000000000000000e+00 -4.9933300317479770e+00 -8.7603387451881676e-01 1.1565815562304823e-02 0.0000000000000000e+00 1.1565815562304823e-02 -1.4886807490665873e+01 0.0000000000000000e+00 0.0000000000000000e+00 0.0000000000000000e+00 -4.7288524095554063e+00 -1.0900959848306271e+00 7.5055841879562754e-02 0.0000000000000000e+00 7.5055841879562754e-02 -1.5491322908884994e+01 0.0000000000000000e+00 0.0000000000000000e+00 0.0000000000000000e+00 -4.9744256681146846e+00 -8.0030681572666029e-01 5.6000288743592336e-02 0.0000000000000000e+00 5.6000288743592336e-02 -1.4829414369569943e+01 0.0000000000000000e+00 0.0000000000000000e+00 0.0000000000000000e+00 -4.6889163555889803e+00 -9.2996891240498891e-01 1.5487007491151372e-01 0.0000000000000000e+00 1.5487007491151372e-01 -1.5376266614861240e+01 0.0000000000000000e+00 0.0000000000000000e+00 0.0000000000000000e+00 -4.8918706581798688e+00 -5.9511531245389171e-01 7.4727875694756876e-02 0.0000000000000000e+00 7.4727875694756876e-02 -1.4660729374681210e+01 0.0000000000000000e+00 0.0000000000000000e+00 0.0000000000000000e+00 -4.5767534061405302e+00 -5.8840326167144785e-01 1.7592699332584771e-01 0.0000000000000000e+00 1.7592699332584771e-01 -1.5120025487315413e+01 0.0000000000000000e+00 0.0000000000000000e+00 0.0000000000000000e+00 -4.7125286246960583e+00 -2.5679001456864031e-01 6.3788114084690323e-05 0.0000000000000000e+00 6.3788114084690323e-05 -1.4250993840104181e+01 0.0000000000000000e+00 0.0000000000000000e+00 0.0000000000000000e+00 -4.3523351564018453e+00 -1.2420628446245423e-01 5.5306845383063536e-03 0.0000000000000000e+00 5.5306845383063536e-03 -1.4350276208724431e+01 0.0000000000000000e+00 0.0000000000000000e+00 0.0000000000000000e+00 -4.3423447479560648e+00 -1.7084328216955338e-02 -9.6991366416315367e-02 0.0000000000000000e+00 -9.6991366416315367e-02 -1.3152535188140401e+01 0.0000000000000000e+00 0.0000000000000000e+00 0.0000000000000000e+00 -3.9508858549072068e+00 1.0530046992477178e-02 1.1565035977740101e-01 0.0000000000000000e+00 1.1565035977740101e-01 -1.2048231058550055e+01 0.0000000000000000e+00 0.0000000000000000e+00 0.0000000000000000e+00 -3.6113103034672727e+00 4.1477650610065421e-03 1.7120178949806961e-01 0.0000000000000000e+00 1.7120178949806961e-01 -1.1755089818697405e+01 0.0000000000000000e+00 0.0000000000000000e+00 0.0000000000000000e+00 -3.5252826160909194e+00 -8.8204236192300042e-02 1.6186524141059264e-01 0.0000000000000000e+00 1.6186524141059264e-01 -1.2879738810836477e+01 0.0000000000000000e+00 0.0000000000000000e+00 0.0000000000000000e+00 -3.8903829141086335e+00 -7.8116686372163804e-02 1.7810514721628490e-01 0.0000000000000000e+00 1.7810514721628490e-01 -1.2387574371353555e+01 0.0000000000000000e+00 0.0000000000000000e+00 0.0000000000000000e+00 -3.7397073173177153e+00 -2.7385367531653948e-01 8.1058641413854216e-02 0.0000000000000000e+00 8.1058641413854216e-02 -1.3319259881109893e+01 0.0000000000000000e+00 0.0000000000000000e+00 0.0000000000000000e+00 -4.0779340669279298e+00 -2.0748839335032090e-01 1.0691690327695977e-01 0.0000000000000000e+00 1.0691690327695977e-01 -1.2729484900429908e+01 0.0000000000000000e+00 0.0000000000000000e+00 0.0000000000000000e+00 -3.8810919881340680e+00 -4.1818762136896381e-01 3.1139326457433350e-02 0.0000000000000000e+00 3.1139326457433350e-02 -1.3519296729622706e+01 0.0000000000000000e+00 0.0000000000000000e+00 0.0000000000000000e+00 -4.1812453052975007e+00 -3.0150711466074520e-01 4.5121304382919572e-02 0.0000000000000000e+00 4.5121304382919572e-02 -1.2885271733992687e+01 0.0000000000000000e+00 0.0000000000000000e+00 0.0000000000000000e+00 -3.9560336545960286e+00 -4.7762425364412603e-01 5.8494183772750622e-03 0.0000000000000000e+00 5.8494183772750622e-03 -1.3587096446413595e+01 0.0000000000000000e+00 0.0000000000000000e+00 0.0000000000000000e+00 -4.2194162100173171e+00 -3.2525642835567731e-01 -5.6248244102564552e-03 0.0000000000000000e+00 -5.6248244102564552e-03 -1.2920674431976925e+01 0.0000000000000000e+00 0.0000000000000000e+00 0.0000000000000000e+00 -3.9737792580997806e+00 -4.4447075462636121e-01 -1.6634075958326219e-02 0.0000000000000000e+00 -1.6634075958326219e-02 -1.3555406946420064e+01 0.0000000000000000e+00 0.0000000000000000e+00 0.0000000000000000e+00 -4.1999633103139278e+00 -2.7210865972551607e-01 -6.0058521777316354e-02 0.0000000000000000e+00 -6.0058521777316354e-02 -1.2850056003275807e+01 0.0000000000000000e+00 0.0000000000000000e+00 0.0000000000000000e+00 -3.9366493989003959e+00 -3.2041157784906510e-01 -5.8321794619241821e-02 0.0000000000000000e+00 -5.8321794619241821e-02 -1.3408664849446067e+01 0.0000000000000000e+00 0.0000000000000000e+00 0.0000000000000000e+00 -4.1187229281885402e+00 -1.5518958036008992e-01 -1.3300937708641400e-01 0.0000000000000000e+00 -1.3300937708641400e-01 -1.2641710812655527e+01 0.0000000000000000e+00 0.0000000000000000e+00 0.0000000000000000e+00 -3.8390701179046851e+00 -1.3832948119210947e-01 -1.3674314843737781e-01 0.0000000000000000e+00 -1.3674314843737781e-01 -1.3061958607942021e+01 0.0000000000000000e+00 0.0000000000000000e+00 0.0000000000000000e+00 -3.9600864267402378e+00 -3.1705499799661620e-02 -2.0650682940362328e-01 0.0000000000000000e+00 -2.0650682940362328e-01 -1.2201529951742128e+01 0.0000000000000000e+00 0.0000000000000000e+00 0.0000000000000000e+00 -3.6699706354625365e+00 1.1563243052268035e-03 -1.6709018979309823e-01 0.0000000000000000e+00 -1.6709018979309823e-01 -1.2348337901200242e+01 0.0000000000000000e+00 0.0000000000000000e+00 0.0000000000000000e+00 -3.7041544730685048e+00 2.3187589845534997e-03 -1.1291937032795832e-01 0.0000000000000000e+00 -1.1291937032795832e-01 -1.1454616744348753e+01 0.0000000000000000e+00 0.0000000000000000e+00 0.0000000000000000e+00 -3.4356893956092591e+00 7.1089780802498191e-03 1.0439361663619427e-01 0.0000000000000000e+00 1.0439361663619427e-01 -1.0361826464683485e+01 0.0000000000000000e+00 0.0000000000000000e+00 0.0000000000000000e+00 -3.1064152459809704e+00 1.4958030550213136e-02 1.6969033539495854e-01 0.0000000000000000e+00 1.6969033539495854e-01 -9.9514242399876469e+00 0.0000000000000000e+00 0.0000000000000000e+00 0.0000000000000000e+00 -2.9809398628312294e+00 1.5116356695710929e-02 2.3763376833117386e-01 0.0000000000000000e+00 2.3763376833117386e-01 -1.0899547898958383e+01 0.0000000000000000e+00 0.0000000000000000e+00 0.0000000000000000e+00 -3.2653294626788019e+00 2.7527348704162558e-02 2.3440946125770173e-01 0.0000000000000000e+00 2.3440946125770173e-01 -1.0387538864228603e+01 0.0000000000000000e+00 0.0000000000000000e+00 0.0000000000000000e+00 -3.1080034546573323e+00 -2.5426343904467512e-02 1.9466873495058790e-01 0.0000000000000000e+00 1.9466873495058790e-01 -1.1281142110914132e+01 0.0000000000000000e+00 0.0000000000000000e+00 0.0000000000000000e+00 -3.3919705364455792e+00 6.3461999087038642e-03 1.7865498710843641e-01 0.0000000000000000e+00 1.7865498710843641e-01 -1.0685827754229418e+01 0.0000000000000000e+00 0.0000000000000000e+00 0.0000000000000000e+00 -3.2038444662962142e+00 -7.9057970238481740e-02 1.0705159027039432e-01 0.0000000000000000e+00 1.0705159027039432e-01 -1.1489541132248656e+01 0.0000000000000000e+00 0.0000000000000000e+00 0.0000000000000000e+00 -3.4705797307461417e+00 -2.1678627231012090e-02 8.5118083148513102e-02 0.0000000000000000e+00 8.5118083148513102e-02 -1.0841555579121533e+01 0.0000000000000000e+00 0.0000000000000000e+00 0.0000000000000000e+00 -3.2589702619057626e+00 -1.0549631925541790e-01 1.6040302323885588e-02 0.0000000000000000e+00 1.6040302323885588e-02 -1.1565055184544779e+01 0.0000000000000000e+00 0.0000000000000000e+00 0.0000000000000000e+00 -3.5011654511400585e+00 -2.9511853808131743e-02 -1.6363050086061027e-02 0.0000000000000000e+00 -1.6363050086061027e-02 -1.0878300346947618e+01 0.0000000000000000e+00 0.0000000000000000e+00 0.0000000000000000e+00 -3.2723436602267246e+00 -8.9397797116814656e-02 -7.5142141051198513e-02 0.0000000000000000e+00 -7.5142141051198513e-02 -1.1528164890707343e+01 0.0000000000000000e+00 0.0000000000000000e+00 0.0000000000000000e+00 -3.4852688063472472e+00 -1.0322228534083835e-02 -1.1815552233876327e-01 0.0000000000000000e+00 -1.1815552233876327e-01 -1.0803176941943518e+01 0.0000000000000000e+00 0.0000000000000000e+00 0.0000000000000000e+00 -3.2440497511432795e+00 -3.9588158714788720e-02 -1.6695351182557269e-01 0.0000000000000000e+00 -1.6695351182557269e-01 -1.1366781684694946e+01 0.0000000000000000e+00 0.0000000000000000e+00 0.0000000000000000e+00 -3.4219109530229201e+00 2.0277188807381049e-02 -2.0812737178874904e-01 0.0000000000000000e+00 -2.0812737178874904e-01 -1.0599354231873113e+01 0.0000000000000000e+00 0.0000000000000000e+00 0.0000000000000000e+00 -3.1737231129197188e+00 9.0198125012243262e-03 -2.3371720551192682e-01 0.0000000000000000e+00 -2.3371720551192682e-01 -1.1040054042720943e+01 0.0000000000000000e+00 0.0000000000000000e+00 0.0000000000000000e+00 -3.3093102690659153e+00 2.8611991727187640e-02 -2.3760110529786355e-01 0.0000000000000000e+00 -2.3760110529786355e-01 -1.0243051835701328e+01 0.0000000000000000e+00 0.0000000000000000e+00 0.0000000000000000e+00 -3.0643319531922422e+00 1.4991019220066598e-02 -1.7599137940193876e-01 0.0000000000000000e+00 -1.7599137940193876e-01 -1.0534129302426138e+01 0.0000000000000000e+00 0.0000000000000000e+00 0.0000000000000000e+00 -3.1557414849618208e+00 5.2934247886798451e-03 -9.5609592123429857e-02 0.0000000000000000e+00 -9.5609592123429857e-02 -9.7815274940775883e+00 0.0000000000000000e+00 0.0000000000000000e+00 0.0000000000000000e+00 -2.9328702207866724e+00 5.9616818438731345e-03 8.3473904242073016e-02 0.0000000000000000e+00 8.3473904242073016e-02 -8.6529907043199596e+00 0.0000000000000000e+00 0.0000000000000000e+00 0.0000000000000000e+00 -2.5941087067428255e+00 1.5885548738076113e-02 1.3875077931497204e-01 0.0000000000000000e+00 1.3875077931497204e-01 -8.1548989029703218e+00 0.0000000000000000e+00 0.0000000000000000e+00 0.0000000000000000e+00 -2.4417040062696738e+00 4.1194821755303423e-02 2.2077086634575696e-01 0.0000000000000000e+00 2.2077086634575696e-01 -8.9740893239411736e+00 0.0000000000000000e+00 0.0000000000000000e+00 0.0000000000000000e+00 -2.6798683506557608e+00 5.6567612476518751e-02 2.1545483222626000e-01 0.0000000000000000e+00 2.1545483222626000e-01 -8.4258079879524423e+00 0.0000000000000000e+00 0.0000000000000000e+00 0.0000000000000000e+00 -2.5107721126427771e+00 6.5365721423080531e-02 2.1063361310974146e-01 0.0000000000000000e+00 2.1063361310974146e-01 -9.2529812598043151e+00 0.0000000000000000e+00 0.0000000000000000e+00 0.0000000000000000e+00 -2.7562846615143703e+00 8.4490069233143145e-02 1.8158623159600740e-01 0.0000000000000000e+00 1.8158623159600740e-01 -8.6458773664345312e+00 0.0000000000000000e+00 0.0000000000000000e+00 0.0000000000000000e+00 -2.5684161891604158e+00 6.9575855398228678e-02 1.2793503894778749e-01 0.0000000000000000e+00 1.2793503894778749e-01 -9.4292560419209259e+00 0.0000000000000000e+00 0.0000000000000000e+00 0.0000000000000000e+00 -2.8079040559568091e+00 9.5184805408573395e-02 9.1350515738084809e-02 0.0000000000000000e+00 9.1350515738084809e-02 -8.7743161397597618e+00 0.0000000000000000e+00 0.0000000000000000e+00 0.0000000000000000e+00 -2.6037394003053569e+00 6.8246643530749440e-02 1.8970308179553301e-02 0.0000000000000000e+00 1.8970308179553301e-02 -9.4978487599034889e+00 0.0000000000000000e+00 0.0000000000000000e+00 0.0000000000000000e+00 -2.8288806349118216e+00 9.7437977003764040e-02 -1.9437746922138070e-02 0.0000000000000000e+00 -1.9437746922138070e-02 -8.8057209271537022e+00 0.0000000000000000e+00 0.0000000000000000e+00 0.0000000000000000e+00 -2.6124848850449811e+00 7.0152991852574662e-02 -9.3163417810472340e-02 0.0000000000000000e+00 -9.3163417810472340e-02 -9.4628181122582902e+00 0.0000000000000000e+00 0.0000000000000000e+00 0.0000000000000000e+00 -2.8177995361217145e+00 9.4241740891823522e-02 -1.2707582257411845e-01 0.0000000000000000e+00 -1.2707582257411845e-01 -8.7403302234690230e+00 0.0000000000000000e+00 0.0000000000000000e+00 0.0000000000000000e+00 -2.5938265447731594e+00 6.9787352536971395e-02 -1.8826698961583146e-01 0.0000000000000000e+00 -1.8826698961583146e-01 -9.3205529819143074e+00 0.0000000000000000e+00 0.0000000000000000e+00 0.0000000000000000e+00 -2.7752296888132002e+00 7.8477569583236900e-02 -2.0443627329926178e-01 0.0000000000000000e+00 -2.0443627329926178e-01 -8.5768369041053383e+00 0.0000000000000000e+00 0.0000000000000000e+00 0.0000000000000000e+00 -2.5495078003566305e+00 5.2459343437350744e-02 -2.2841509782148758e-01 0.0000000000000000e+00 -2.2841509782148758e-01 -9.0689495287742954e+00 0.0000000000000000e+00 0.0000000000000000e+00 0.0000000000000000e+00 -2.7049470556010835e+00 4.2781929523164980e-02 -2.0652306846133209e-01 0.0000000000000000e+00 -2.0652306846133209e-01 -8.3290369147554806e+00 0.0000000000000000e+00 0.0000000000000000e+00 0.0000000000000000e+00 -2.4858764955696948e+00 1.6345983076460128e-02 -1.4763748893912726e-01 0.0000000000000000e+00 -1.4763748893912726e-01 -8.7469133454283785e+00 0.0000000000000000e+00 0.0000000000000000e+00 0.0000000000000000e+00 -2.6191702087055746e+00 5.4489691000556275e-03 -7.3970184258366406e-02 0.0000000000000000e+00 -7.3970184258366406e-02 -8.0627745751392741e+00 0.0000000000000000e+00 0.0000000000000000e+00 0.0000000000000000e+00 -2.4171976818117664e+00 5.1946613826167878e-03 6.2393694121353024e-02 0.0000000000000000e+00 6.2393694121353024e-02 -6.8921351777560798e+00 0.0000000000000000e+00 0.0000000000000000e+00 0.0000000000000000e+00 -2.0660821549120389e+00 1.4170772255272837e-02 1.0381328791881234e-01 0.0000000000000000e+00 1.0381328791881234e-01 -6.3307479174042500e+00 0.0000000000000000e+00 0.0000000000000000e+00 0.0000000000000000e+00 -1.8949731435446930e+00 4.3678472094662628e-02 1.7654248329132394e-01 0.0000000000000000e+00 1.7654248329132394e-01 -7.0650931515879147e+00 0.0000000000000000e+00 0.0000000000000000e+00 0.0000000000000000e+00 -2.1064244038479756e+00 5.8947631649943162e-02 1.7154822930270891e-01 0.0000000000000000e+00 1.7154822930270891e-01 -6.4810036582019679e+00 0.0000000000000000e+00 0.0000000000000000e+00 0.0000000000000000e+00 -1.9266168079656074e+00 8.8391724157395157e-02 1.8190450721398393e-01 0.0000000000000000e+00 1.8190450721398393e-01 -7.2452790128466287e+00 0.0000000000000000e+00 0.0000000000000000e+00 0.0000000000000000e+00 -2.1470661866067697e+00 1.0216786793457289e-01 1.5315978872462838e-01 0.0000000000000000e+00 1.5315978872462838e-01 -6.6232295995562129e+00 0.0000000000000000e+00 0.0000000000000000e+00 0.0000000000000000e+00 -1.9563185194864918e+00 1.1736115787903269e-01 1.1669731192247827e-01 0.0000000000000000e+00 1.1669731192247827e-01 -7.3724608976494093e+00 0.0000000000000000e+00 0.0000000000000000e+00 0.0000000000000000e+00 -2.1765299219311132e+00 1.2821950545207803e-01 7.9684591092178403e-02 0.0000000000000000e+00 7.9684591092178403e-02 -6.7134605696595697e+00 0.0000000000000000e+00 0.0000000000000000e+00 0.0000000000000000e+00 -1.9755723192622476e+00 1.2832203124447064e-01 1.7422187865491403e-02 0.0000000000000000e+00 1.7422187865491403e-02 -7.4246409432861942e+00 0.0000000000000000e+00 0.0000000000000000e+00 0.0000000000000000e+00 -2.1888956736125165e+00 1.3474188916827845e-01 -1.7777566201305318e-02 0.0000000000000000e+00 -1.7777566201305318e-02 -6.7360300807633235e+00 0.0000000000000000e+00 0.0000000000000000e+00 0.0000000000000000e+00 -1.9803864574785135e+00 1.2306423242549958e-01 -8.6369563599923163e-02 0.0000000000000000e+00 -8.6369563599923163e-02 -7.3970791315311963e+00 0.0000000000000000e+00 0.0000000000000000e+00 0.0000000000000000e+00 -2.1822044697317091e+00 1.2184092105896929e-01 -1.1057405361634090e-01 0.0000000000000000e+00 -1.1057405361634090e-01 -6.6882320191351381e+00 0.0000000000000000e+00 0.0000000000000000e+00 0.0000000000000000e+00 -1.9699173294228505e+00 1.0020841483931681e-01 -1.6614876967853148e-01 0.0000000000000000e+00 -1.6614876967853148e-01 -7.2915115294446160e+00 0.0000000000000000e+00 0.0000000000000000e+00 0.0000000000000000e+00 -2.1573909343815898e+00 8.9048662855946425e-02 -1.6887337648636400e-01 0.0000000000000000e+00 -1.6887337648636400e-01 -6.5758489249110426e+00 0.0000000000000000e+00 0.0000000000000000e+00 0.0000000000000000e+00 -1.9460400786165291e+00 5.9476645423128471e-02 -1.8755058515793488e-01 0.0000000000000000e+00 -1.8755058515793488e-01 -7.1224488973272173e+00 0.0000000000000000e+00 0.0000000000000000e+00 0.0000000000000000e+00 -2.1188916755712266e+00 4.2003517720193471e-02 -1.5962516763886175e-01 0.0000000000000000e+00 -1.5962516763886175e-01 -6.4228898599707893e+00 0.0000000000000000e+00 0.0000000000000000e+00 0.0000000000000000e+00 -1.9142659026751789e+00 1.4669312539849409e-02 -1.1239509645538071e-01 0.0000000000000000e+00 -1.1239509645538071e-01 -6.9367687731180485e+00 0.0000000000000000e+00 0.0000000000000000e+00 0.0000000000000000e+00 -2.0766298381734596e+00 4.7868583196510146e-03 -5.3851902618499620e-02 0.0000000000000000e+00 -5.3851902618499620e-02 -6.2871398558523843e+00 0.0000000000000000e+00 0.0000000000000000e+00 0.0000000000000000e+00 -1.8847058992598198e+00 4.5141343622152261e-03 4.3708787503890345e-02 0.0000000000000000e+00 4.3708787503890345e-02 -5.0776572531785700e+00 0.0000000000000000e+00 0.0000000000000000e+00 0.0000000000000000e+00 -1.5219429356449063e+00 1.2814479925960520e-02 7.1284169997470392e-02 0.0000000000000000e+00 7.1284169997470392e-02 -4.4713379098909725e+00 0.0000000000000000e+00 0.0000000000000000e+00 0.0000000000000000e+00 -1.3375570289895033e+00 4.0349231488226306e-02 1.2845964469188587e-01 0.0000000000000000e+00 1.2845964469188587e-01 -5.1529889576731245e+00 0.0000000000000000e+00 0.0000000000000000e+00 0.0000000000000000e+00 -1.5337919178554698e+00 5.5704430463939407e-02 1.2341400060628076e-01 0.0000000000000000e+00 1.2341400060628076e-01 -4.5401337483252400e+00 0.0000000000000000e+00 0.0000000000000000e+00 0.0000000000000000e+00 -1.3453287953583899e+00 8.7832253074389841e-02 1.3933547803961169e-01 0.0000000000000000e+00 1.3933547803961169e-01 -5.2546363154926725e+00 0.0000000000000000e+00 0.0000000000000000e+00 0.0000000000000000e+00 -1.5500412187254851e+00 1.0072871571560139e-01 1.1539563253553239e-01 0.0000000000000000e+00 1.1539563253553239e-01 -4.6186995695984976e+00 0.0000000000000000e+00 0.0000000000000000e+00 0.0000000000000000e+00 -1.3553912561648689e+00 1.2337734855825488e-01 9.2864735110480032e-02 0.0000000000000000e+00 9.2864735110480032e-02 -5.3330449870450174e+00 0.0000000000000000e+00 0.0000000000000000e+00 0.0000000000000000e+00 -1.5629002915460286e+00 1.3046968978986989e-01 6.1672965162179780e-02 0.0000000000000000e+00 6.1672965162179780e-02 -4.6715016401941645e+00 0.0000000000000000e+00 0.0000000000000000e+00 0.0000000000000000e+00 -1.3623095851212885e+00 1.3829553594783731e-01 1.3993242690196424e-02 0.0000000000000000e+00 1.3993242690196424e-02 -5.3662662230375728e+00 0.0000000000000000e+00 0.0000000000000000e+00 0.0000000000000000e+00 -1.5683912061269207e+00 1.3819080665862141e-01 -1.4185607739806563e-02 0.0000000000000000e+00 -1.4185607739806563e-02 -4.6847317166922622e+00 0.0000000000000000e+00 0.0000000000000000e+00 0.0000000000000000e+00 -1.3639622730100918e+00 1.3068196839892554e-01 -6.9446986402703748e-02 0.0000000000000000e+00 -6.9446986402703748e-02 -5.3481407790943614e+00 0.0000000000000000e+00 0.0000000000000000e+00 0.0000000000000000e+00 -1.5652376432086308e+00 1.2257217730069242e-01 -8.5323999314724258e-02 0.0000000000000000e+00 -8.5323999314724258e-02 -4.6558729141877953e+00 0.0000000000000000e+00 0.0000000000000000e+00 0.0000000000000000e+00 -1.3599902210661308e+00 1.0137231455871049e-01 -1.2929691193671661e-01 0.0000000000000000e+00 -1.2929691193671661e-01 -5.2817213859882424e+00 0.0000000000000000e+00 0.0000000000000000e+00 0.0000000000000000e+00 -1.5541047214288595e+00 8.6311978636144843e-02 -1.2525440719388828e-01 0.0000000000000000e+00 -1.2525440719388828e-01 -4.5908381692204188e+00 0.0000000000000000e+00 0.0000000000000000e+00 0.0000000000000000e+00 -1.3513578571752818e+00 5.6300887930624828e-02 -1.3905298268652250e-01 0.0000000000000000e+00 -1.3905298268652250e-01 -5.1829517911159364e+00 0.0000000000000000e+00 0.0000000000000000e+00 0.0000000000000000e+00 -1.5379952709555935e+00 3.9263427564557862e-02 -1.1230637879642434e-01 0.0000000000000000e+00 -1.1230637879642434e-01 -4.5099188657991052e+00 0.0000000000000000e+00 0.0000000000000000e+00 0.0000000000000000e+00 -1.3411966314703645e+00 1.2911645586711889e-02 -7.9107983553507566e-02 0.0000000000000000e+00 -7.9107983553507566e-02 -5.0914580314425359e+00 0.0000000000000000e+00 0.0000000000000000e+00 0.0000000000000000e+00 -1.5235639157567473e+00 4.4366259180598326e-03 -3.6153398712184079e-02 0.0000000000000000e+00 -3.6153398712184079e-02 -4.4580997420239878e+00 0.0000000000000000e+00 0.0000000000000000e+00 0.0000000000000000e+00 -1.3360989348317787e+00 4.5543203988095311e-03 2.6339987179023347e-02 0.0000000000000000e+00 2.6339987179023347e-02 -3.2132814103551715e+00 0.0000000000000000e+00 0.0000000000000000e+00 0.0000000000000000e+00 -9.6261812698690863e-01 1.3735162622644870e-02 3.9682255607362382e-02 0.0000000000000000e+00 3.9682255607362382e-02 -2.5769435995840269e+00 0.0000000000000000e+00 0.0000000000000000e+00 0.0000000000000000e+00 -7.6896253108841450e-01 3.9654730271971070e-02 8.2071198670706419e-02 0.0000000000000000e+00 8.2071198670706419e-02 -3.2312443100804580e+00 0.0000000000000000e+00 0.0000000000000000e+00 0.0000000000000000e+00 -9.5747687394254599e-01 5.6363091846569353e-02 7.5904074916464087e-02 0.0000000000000000e+00 7.5904074916464087e-02 -2.5984676555813895e+00 0.0000000000000000e+00 0.0000000000000000e+00 0.0000000000000000e+00 -7.6263136912044616e-01 8.6665079853867344e-02 9.4810768895773806e-02 0.0000000000000000e+00 9.4810768895773806e-02 -3.2770236103907067e+00 0.0000000000000000e+00 0.0000000000000000e+00 0.0000000000000000e+00 -9.5710755916105184e-01 1.0322517979997409e-01 7.5457996358537241e-02 0.0000000000000000e+00 7.5457996358537241e-02 -2.6303021237830846e+00 0.0000000000000000e+00 0.0000000000000000e+00 0.0000000000000000e+00 -7.5812308319493305e-01 1.2417489085509026e-01 6.5551586212081681e-02 0.0000000000000000e+00 6.5551586212081681e-02 -3.3144605828028926e+00 0.0000000000000000e+00 0.0000000000000000e+00 0.0000000000000000e+00 -9.5708570758434097e-01 1.3671233880162706e-01 4.1330286007024555e-02 0.0000000000000000e+00 4.1330286007024555e-02 -2.6518629347962150e+00 0.0000000000000000e+00 0.0000000000000000e+00 0.0000000000000000e+00 -7.5454517879837635e-01 1.4093368454209551e-01 9.8560112897577035e-03 0.0000000000000000e+00 9.8560112897577035e-03 -3.3303507806110750e+00 0.0000000000000000e+00 0.0000000000000000e+00 0.0000000000000000e+00 -9.5682512882069382e-01 1.4598164561568214e-01 -9.9688750034970536e-03 0.0000000000000000e+00 -9.9688750034970536e-03 -2.6570368534489051e+00 0.0000000000000000e+00 0.0000000000000000e+00 0.0000000000000000e+00 -7.5331656234996658e-01 1.3251767041083523e-01 -4.9629075649521584e-02 0.0000000000000000e+00 -4.9629075649521584e-02 -3.3212121638236862e+00 0.0000000000000000e+00 0.0000000000000000e+00 0.0000000000000000e+00 -9.5660834802385541e-01 1.2798718421549729e-01 -5.7333209707021854e-02 0.0000000000000000e+00 -5.7333209707021854e-02 -2.6448197533449362e+00 0.0000000000000000e+00 0.0000000000000000e+00 0.0000000000000000e+00 -7.5504977073883162e-01 1.0100428400481878e-01 -8.9514116473774177e-02 0.0000000000000000e+00 -8.9514116473774177e-02 -3.2889590981277506e+00 0.0000000000000000e+00 0.0000000000000000e+00 0.0000000000000000e+00 -9.5638644423687946e-01 8.8284929154110958e-02 -8.0532643139793414e-02 0.0000000000000000e+00 -8.0532643139793414e-02 -2.6178458338003354e+00 0.0000000000000000e+00 0.0000000000000000e+00 0.0000000000000000e+00 -7.5886827139386726e-01 5.5459515317012563e-02 -9.1181426981225625e-02 0.0000000000000000e+00 -9.1181426981225625e-02 -3.2432248444259719e+00 0.0000000000000000e+00 0.0000000000000000e+00 0.0000000000000000e+00 -9.5632959873268786e-01 4.0335252942383805e-02 -6.6483352229353893e-02 0.0000000000000000e+00 -6.6483352229353893e-02 -2.5862313080839119e+00 0.0000000000000000e+00 0.0000000000000000e+00 0.0000000000000000e+00 -7.6376881654245854e-01 1.3255818479953356e-02 -4.7900511637171655e-02 0.0000000000000000e+00 -4.7900511637171655e-02 -3.2105794845859541e+00 0.0000000000000000e+00 0.0000000000000000e+00 0.0000000000000000e+00 -9.5919709983180024e-01 5.4069318683816203e-03 -1.8460954314157053e-02 0.0000000000000000e+00 -1.8460954314157053e-02 -2.5801536523730868e+00 0.0000000000000000e+00 0.0000000000000000e+00 0.0000000000000000e+00 -7.7242401615141154e-01 4.3765477507642907e-03 8.2282768055637178e-03 0.0000000000000000e+00 8.2282768055637178e-03 -1.2991919427682441e+00 0.0000000000000000e+00 0.0000000000000000e+00 0.0000000000000000e+00 -3.8844461850524387e-01 8.2282768055676782e-03 8.8080572317790259e-03 0.0000000000000000e+00 8.8080572317790259e-03 -6.4943506068809786e-01 0.0000000000000000e+00 0.0000000000000000e+00 0.0000000000000000e+00 -1.9236203516475908e-01 3.9037960742509488e-02 3.5656054830533461e-02 0.0000000000000000e+00 3.5656054830533461e-02 -1.2984024463104500e+00 0.0000000000000000e+00 0.0000000000000000e+00 0.0000000000000000e+00 -3.7780934567038210e-01 5.2692388867789243e-02 2.2970550232987854e-02 0.0000000000000000e+00 2.2970550232987854e-02 -6.5171591482406699e-01 0.0000000000000000e+00 0.0000000000000000e+00 0.0000000000000000e+00 -1.7970705778688328e-01 9.4304257706454495e-02 4.5615908661653021e-02 0.0000000000000000e+00 4.5615908661653021e-02 -1.3092891264212727e+00 0.0000000000000000e+00 0.0000000000000000e+00 0.0000000000000000e+00 -3.6449546061444538e-01 1.2127884776230584e-01 2.3965508987756613e-02 0.0000000000000000e+00 2.3965508987756613e-02 -6.5554257846206521e-01 0.0000000000000000e+00 0.0000000000000000e+00 0.0000000000000000e+00 -1.6027911920992777e-01 1.4571880825578004e-01 3.2142364031794234e-02 0.0000000000000000e+00 3.2142364031794234e-02 -1.3176188731425402e+00 0.0000000000000000e+00 0.0000000000000000e+00 0.0000000000000000e+00 -3.5157001946602801e-01 1.7738672078166051e-01 1.2804057382994281e-02 0.0000000000000000e+00 1.2804057382994281e-02 -6.5803257254434822e-01 0.0000000000000000e+00 0.0000000000000000e+00 0.0000000000000000e+00 -1.4419375552880631e-01 1.7073557867619213e-01 4.0961626794901347e-03 0.0000000000000000e+00 4.0961626794901347e-03 -1.3208357804999293e+00 0.0000000000000000e+00 0.0000000000000000e+00 0.0000000000000000e+00 -3.4503006054712110e-01 1.9428694084415926e-01 -4.0642956611062408e-03 0.0000000000000000e+00 -4.0642956611062408e-03 -6.5864208293932180e-01 0.0000000000000000e+00 0.0000000000000000e+00 0.0000000000000000e+00 -1.3930654262854877e-01 1.5883391546254080e-01 -2.5637530377805355e-02 0.0000000000000000e+00 -2.5637530377805355e-02 -1.3185089065724991e+00 0.0000000000000000e+00 0.0000000000000000e+00 0.0000000000000000e+00 -3.4790249733298745e-01 1.6458511480518259e-01 -1.9215285173019955e-02 0.0000000000000000e+00 -1.9215285173019955e-02 -6.5726046554208528e-01 0.0000000000000000e+00 0.0000000000000000e+00 0.0000000000000000e+00 -1.4780260522107083e-01 1.1486242262155799e-01 -4.3958293105406873e-02 0.0000000000000000e+00 -4.3958293105406873e-02 -1.3109981897705760e+00 0.0000000000000000e+00 0.0000000000000000e+00 0.0000000000000000e+00 -3.5884073014470541e-01 1.0141153652674852e-01 -2.5473940485680618e-02 0.0000000000000000e+00 -2.5473940485680618e-02 -6.5395515174379659e-01 0.0000000000000000e+00 0.0000000000000000e+00 0.0000000000000000e+00 -1.6576308456511443e-01 5.7441474929050634e-02 -4.0869505731317909e-02 0.0000000000000000e+00 -4.0869505731317909e-02 -1.3002536047670361e+00 0.0000000000000000e+00 0.0000000000000000e+00 0.0000000000000000e+00 -3.7284363895139566e-01 3.5068090309593597e-02 -1.7682696996609362e-02 0.0000000000000000e+00 -1.7682696996609362e-02 -6.4951465040434386e-01 0.0000000000000000e+00 0.0000000000000000e+00 0.0000000000000000e+00 -1.8433396802842503e-01 1.2050195598012889e-02 -1.6381566464960418e-02 0.0000000000000000e+00 -1.6381566464960418e-02 -1.2958064794466657e+00 0.0000000000000000e+00 0.0000000000000000e+00 0.0000000000000000e+00 -3.8512688515459576e-01 1.0038268479148334e-03 -1.0038268478586385e-03 0.0000000000000000e+00 -1.0038268478586385e-03 -6.5299617315202407e-01 0.0000000000000000e+00 0.0000000000000000e+00 0.0000000000000000e+00 -1.9559770389123271e-01
</DataArray>
        <DataArray type="Float64" format="ascii" Name="sigma_xx">
1.2309085779436153e+00 7.3594392371450068e-01 1.9280399489279549e+00 1.5191599743149411e+00 2.2779307499514556e+00 1.9643177607994486e+00 2.4710323065776629e+00 2.1811702542823341e+00 2.5484135353957118e+00 2.2342272662626463e+00 2.5156077524137537e+00 2.1360037233651901e+00 2.3778624778967412e+00 1.8635943788827498e+00 2.1308510151299185e+00 1.2993565618314014e+00 1.5709062830314646e+00 2.7686249905429683e-01 3.0315482119656323e-03 7.9874611501004264e-02 5.7274406932878208e-01 5.6996737046179369e-01 1.1590841988106071e+00 1.0456346704686552e+00 1.5150277905571083e+00 1.3238965152557232e+00 1.6509662600485291e+00 1.3922525245010227e+00 1.5853513969911670e+00 1.2543144117777214e+00 1.3028553318536682e+00 8.9559932614882731e-01 7.5901501270237182e-01 3.4951493176099430e-01 1.0639651122029853e-01 1.8711862387481376e-02 -2.0469578893037837e-03 3.2237353766059698e-02 1.9940519264268444e-01 2.4496640865250793e-01 5.5414637252035803e-01 5.1281990091057617e-01 8.2749974747860000e-01 6.9134737023881521e-01 9.3906650137867320e-01 7.3491617990554525e-01 8.7880935929491422e-01 6.3895305498965327e-01 6.4927768606227143e-01 4.1552825440091989e-01 3.0534666981031716e-01 1.4862889918591948e-01 2.7962443012930532e-02 1.0902706841819721e-02 7.3243701393780137e-03 2.4771682074062891e-02 9.0908968139679525e-02 8.4575000725961288e-02 2.1858987686580328e-01 1.2334623169133642e-01 3.0896847711989450e-01 1.2996647041300399e-01 3.4037485236140869e-01 1.2514054492905022e-01 3.1816281027467458e-01 1.2017058493568700e-01 2.4329999630639651e-01 1.0287326308006453e-01 1.2760776090295536e-01 6.0050233651858173e-02 2.4448113643011537e-02 9.1362950156416815e-03 3.1321211054639872e-03 1.4161635232980976e-03 -1.7164362585863659e-02 -1.4320211339598607e-01 -1.4252577231398042e-01 -4.1604543055904963e-01 -3.0311850115034006e-01 -6.5299088453667775e-01 -3.9140631708104640e-01 -7.2750583722149087e-01 -3.5651369007329292e-01 -6.0482224673870943e-01 -2.1817445247611220e-01 -3.4090026315279820e-01 -6.2538121985017292e-02 -8.4805973852104519e-02 5.1409708773013114e-03 3.2497089855060756e-03 -1.5173801971217912e-02 -6.9903895572228217e-02 -2.6330272322168896e-01 -6.6813773861379933e-01 -8.2883858102681041e-01 -1.4627387624690886e+00 -1.3616901322837287e+00 -2.0386680547047145e+00 -1.6120503657229339e+00 -2.2015728415095772e+00 -1.5020620161868434e+00 -1.9177964839747415e+00 -1.0654311750874932e+00 -1.2514354115352495e+00 -4.7234508802611497e-01 -4.4995033708546017e-01 -5.5462625079251614e-02 -7.7875186812614043e-03 -7.4107541128524052e-02 -3.3621159474327711e-01 -9.1779661759631503e-01 -1.9847457968413049e+00 -2.2976545020992347e+00 -3.5407566692816466e+00 -3.3039379715902983e+00 -4.4486601083804569e+00 -3.7176835311378706e+00 -4.6777194828239574e+00 -3.5308699753331894e+00 -4.2598937664858898e+00 -2.7515922860517672e+00 -3.1688811414608895e+00 -1.4809883921243634e+00 -1.4814179987495142e+00 -2.5536970380520263e-01 -6.1937032987588077e-02 -3.3855159563807669e-01 -1.8294403096342227e+00 -2.9218528176257936e+00 -5.2482280440210554e+00 -5.3092233164352445e+00 -7.3019049106567531e+00 -6.5545057580935220e+00 -8.1553909256238821e+00 -6.9927918048050088e+00 -8.3448668831293045e+00 -6.7860275989225718e+00 -7.9610681030725745e+00 -5.8751236685754291e+00 -6.8551609288319995e+00 -4.0142893904300232e+00 -4.5831992618912496e+00 -1.2102998303672001e+00 -7.9993295440492407e-01 -2.6505318477348245e+00 -1.1460266584147057e+01 -8.9560375006854880e+00 -1.2217381926452370e+01 -1.0514414195667996e+01 -1.2688757113109970e+01 -1.1147047927466099e+01 -1.2917895948905072e+01 -1.1356651067334637e+01 -1.2964395403029954e+01 -1.1242016637986559e+01 -1.2836336220525521e+01 -1.0747716809301840e+01 -1.2474800258086388e+01 -9.5363665862729690e+00 -1.1604493611811852e+01 -6.3982874011408910e+00 -9.6232400931167383e+00 -1.0913447177612341e+00 -7.1245500352236391e-01 -1.6736223885075725e+00 -1.2957924331256081e+00 -1.9291421323155080e+00 -1.5791015617134461e+00 -2.0266110560671300e+00 -1.6939361757030071e+00 -2.0558086493360554e+00 -1.7196463879067152e+00 -2.0477819679089411e+00 -1.6737860879477828e+00 -1.9905362601148351e+00 -1.5198356385163754e+00 -1.8198416932720571e+00 -1.1382007212129699e+00 -1.4106440315840514e+00 -2.7818642910910824e-01 -3.0051724049520501e-02 -7.4273595239214521e-02 -4.7678638195531814e-01 -4.0437811043974164e-01 -8.4947187157085358e-01 -6.8604298384845375e-01 -1.0529579921649710e+00 -8.3973207581731579e-01 -1.1257396102503099e+00 -8.7603387451881676e-01 -1.0900959848306271e+00 -8.0030681572666029e-01 -9.2996891240498891e-01 -5.9511531245389171e-01 -5.8840326167144785e-01 -2.5679001456864031e-01 -1.2420628446245423e-01 -1.7084328216955338e-02 1.0530046992477178e-02 4.1477650610065421e-03 -8.8204236192300042e-02 -7.8116686372163804e-02 -2.7385367531653948e-01 -2.0748839335032090e-01 -4.1818762136896381e-01 -3.0150711466074520e-01 -4.7762425364412603e-01 -3.2525642835567731e-01 -4.4447075462636121e-01 -2.7210865972551607e-01 -3.2041157784906510e-01 -1.5518958036008992e-01 -1.3832948119210947e-01 -3.1705499799661620e-02 1.1563243052268035e-03 2.3187589845534997e-03 7.1089780802498191e-03 1.4958030550213136e-02 1.5116356695710929e-02 2.7527348704162558e-02 -2.5426343904467512e-02 6.3461999087038642e-03 -7.9057970238481740e-02 -2.1678627231012090e-02 -1.0549631925541790e-01 -2.9511853808131743e-02 -8.9397797116814656e-02 -1.0322228534083835e-02 -3.9588158714788720e-02 2.0277188807381049e-02 9.0198125012243262e-03 2.8611991727187640e-02 1.4991019220066598e-02 5.2934247886798451e-03 5.9616818438731345e-03 1.5885548738076113e-02 4.1194821755303423e-02 5.6567612476518751e-02 6.5365721423080531e-02 8.4490069233143145e-02 6.9575855398228678e-02 9.5184805408573395e-02 6.8246643530749440e-02 9.7437977003764040e-02 7.0152991852574662e-02 9.4241740891823522e-02 6.9787352536971395e-02 7.8477569583236900e-02 5.2459343437350744e-02 4.2781929523164980e-02 1.6345983076460128e-02 5.4489691000556275e-03 5.1946613826167878e-03 1.4170772255272837e-02 4.3678472094662628e-02 5.8947631649943162e-02 8.8391724157395157e-02 1.0216786793457289e-01 1.1736115787903269e-01 1.2821950545207803e-01 1.2832203124447064e-01 1.3474188916827845e-01 1.2306423242549958e-01 1.2184092105896929e-01 1.0020841483931681e-01 8.9048662855946425e-02 5.9476645423128471e-02 4.2003517720193471e-02 1.4669312539849409e-02 4.7868583196510146e-03 4.5141343622152261e-03 1.2814479925960520e-02 4.0349231488226306e-02 5.5704430463939407e-02 8.7832253074389841e-02 1.0072871571560139e-01 1.2337734855825488e-01 1.3046968978986989e-01 1.3829553594783731e-01 1.3819080665862141e-01 1.3068196839892554e-01 1.2257217730069242e-01 1.0137231455871049e-01 8.6311978636144843e-02 5.6300887930624828e-02 3.9263427564557862e-02 1.2911645586711889e-02 4.4366259180598326e-03 4.5543203988095311e-03 1.3735162622644870e-02 3.9654730271971070e-02 5.6363091846569353e-02 8.6665079853867344e-02 1.0322517979997409e-01 1.2417489085509026e-01 1.3671233880162706e-01 1.4093368454209551e-01 1.4598164561568214e-01 1.3251767041083523e-01 1.2798718421549729e-01 1.0100428400481878e-01 8.8284929154110958e-02 5.5459515317012563e-02 4.0335252942383805e-02 1.3255818479953356e-02 5.4069318683816203e-03 4.3765477507642907e-03 8.2282768055676782e-03 3.9037960742509488e-02 5.2692388867789243e-02 9.4304257706454495e-02 1.2127884776230584e-01 1.4571880825578004e-01 1.7738672078166051e-01 1.7073557867619213e-01 1.9428694084415926e-01 1.5883391546254080e-01 1.6458511480518259e-01 1.1486242262155799e-01 1.0141153652674852e-01 5.7441474929050634e-02 3.5068090309593597e-02 1.2050195598012889e-02 1.0038268479148334e-03
</DataArray>
        <DataArray type="Float64" format="ascii" Name="tau_xy">
-5.5103605585135573e-01 -3.2131633228506723e-01 -6.8967382245554387e-01 -3.7938828440804601e-01 -3.9038580047803578e-01 -2.1350406980273856e-01 -1.6915084019077301e-01 -7.7794338399855140e-02 -1.7281564555394344e-02 1.9138263098270467e-02 1.2420821816809957e-01 1.2639674288339026e-01 3.1805157590710309e-01 2.9038965418360957e-01 6.0714888695243285e-01 4.6842755423496862e-01 7.1063111731726636e-01 1.4513909570249878e-01 1.8793941607528167e-01 2.7099195629774475e-01 7.0946460674374684e-02 2.3990587827311718e-01 2.1817952802663840e-02 1.6381305196873405e-01 2.6328123264534084e-02 8.3433585114447276e-02 1.0485993401252803e-02 -1.0127303101325829e-02 -1.0364621588556597e-02 -9.9122744547345196e-02 -1.1334346286346622e-02 -1.7705228792258970e-01 -3.3487307151794141e-02 -2.9145118089791505e-01 -2.0460271181252923e-01 -2.3811991457150364e-01 2.6576706968641489e-01 4.7353483311544753e-01 5.5994849334416719e-01 6.3788833381349141e-01 4.5424397714198916e-01 4.8278191503193768e-01 2.5897447994477607e-01 2.3179869770819689e-01 4.2043643953949057e-02 -4.1295013018451149e-02 -1.7739216647731626e-01 -3.1298778705586855e-01 -3.8571606264073649e-01 -5.5509575288343460e-01 -5.4545925283442276e-01 -6.5798183473101346e-01 -4.4625935415136675e-01 -2.8479421997179477e-01 3.0532879359140708e-01 5.6100974881524213e-01 7.6878723052871090e-01 8.0286218047953284e-01 6.8480453145871689e-01 6.1679731681102767e-01 3.9386514774928066e-01 2.9083640266610661e-01 5.7981123907719180e-02 -5.7586812570833291e-02 -2.7927553392404209e-01 -4.0481027702680250e-01 -5.9218118722519364e-01 -7.1012782408077169e-01 -7.7301877225577420e-01 -8.0053947638398615e-01 -5.4458755210262377e-01 -3.2014504045662495e-01 3.3323259677060130e-01 5.7184395138465516e-01 7.9745986291952053e-01 7.3309357771100347e-01 6.6798295546661146e-01 4.9722318258636189e-01 3.5946679186404096e-01 2.1007904519143308e-01 4.5624739973925535e-02 -4.6979406299884521e-02 -2.5996027317456805e-01 -3.0991020248925844e-01 -5.6603934601665307e-01 -5.9505949342847675e-01 -7.7527380184295147e-01 -7.5387111083568215e-01 -5.7449076342430205e-01 -3.3442230634948505e-01 3.1947495832253398e-01 4.1975917456861994e-01 5.5679744156619271e-01 2.6480950411702658e-01 2.9788785409533119e-01 -3.6966076784685154e-04 8.7262629989883128e-02 -6.3445379095825011e-02 -5.7260218548251130e-03 -9.9037217017620732e-04 -7.3277367276866845e-02 4.2634258783908557e-02 -2.1803098259698070e-01 -6.9716711879238100e-02 -4.5143620702590459e-01 -3.5596943534017006e-01 -4.6745429313490633e-01 -2.8220939025599151e-01 1.7546352162127307e-01 -1.8280048683841055e-01 -2.8256581653871610e-01 -9.8349223220938786e-01 -6.2826931793672791e-01 -1.0127373028656259e+00 -4.8258248963462635e-01 -5.4643095839606914e-01 -9.9390788899738639e-02 8.1043806354429995e-02 3.1527836754676047e-01 6.8650966047249906e-01 5.8373237744333328e-01 1.0653873288828033e+00 4.8554872059319626e-01 8.3010971915692988e-01 1.4248059088691055e-02 -1.9052167770824045e-02 -4.9929966876242105e-01 -2.3423298884722219e+00 -2.3548718390027639e+00 -3.3650212382299620e+00 -2.1901216831737078e+00 -2.3821535074372333e+00 -1.2663521658207488e+00 -1.1015437730080522e+00 -2.1162339543960237e-01 1.7633457778365047e-01 8.4457751834299055e-01 1.4529627617062419e+00 1.8191958315863124e+00 2.7012743555070671e+00 2.3979591148260622e+00 3.4839603012332763e+00 1.5838680028256513e+00 1.2531846955779697e+00 -4.9792718261514120e+00 -8.6409315514378839e+00 -5.7805635634164414e+00 -5.4978450531263636e+00 -3.6693514299092791e+00 -3.2452078463540199e+00 -1.8894175736755001e+00 -1.4225282654452456e+00 -2.8971800037987921e-01 2.3927571001173592e-01 1.2800695955175430e+00 1.9233131633488989e+00 2.9490524328672221e+00 3.8176500026912734e+00 4.7648953576071147e+00 6.1820263537735523e+00 5.8071474428811314e+00 8.4514050510938858e+00 -6.9059991603825743e-01 -4.4280585141064432e-01 -6.8303800357024846e-01 -4.4857041769810185e-01 -4.1557472440447302e-01 -2.8182348167270788e-01 -1.9646406119566348e-01 -1.1921684111455501e-01 -2.4042697389833025e-02 2.5930240006325749e-02 1.4219534281516624e-01 1.7802473747127390e-01 3.4692314804316726e-01 3.5875710366827418e-01 6.1509833339312536e-01 5.3492668221044071e-01 7.9487905975396855e-01 3.0540134715364342e-01 5.1906811530835019e-02 5.4722979351803251e-02 -1.5049474682722749e-01 -4.2212235282179371e-02 -1.6593828861949983e-01 -6.4460246454085102e-02 -9.5506561832074802e-02 -3.4007368932952982e-02 -1.0760339283292002e-02 1.1565815562304823e-02 7.5055841879562754e-02 5.6000288743592336e-02 1.5487007491151372e-01 7.4727875694756876e-02 1.7592699332584771e-01 6.3788114084690323e-05 5.5306845383063536e-03 -9.6991366416315367e-02 1.1565035977740101e-01 1.7120178949806961e-01 1.6186524141059264e-01 1.7810514721628490e-01 8.1058641413854216e-02 1.0691690327695977e-01 3.1139326457433350e-02 4.5121304382919572e-02 5.8494183772750622e-03 -5.6248244102564552e-03 -1.6634075958326219e-02 -6.0058521777316354e-02 -5.8321794619241821e-02 -1.3300937708641400e-01 -1.3674314843737781e-01 -2.0650682940362328e-01 -1.6709018979309823e-01 -1.1291937032795832e-01 1.0439361663619427e-01 1.6969033539495854e-01 2.3763376833117386e-01 2.3440946125770173e-01 1.9466873495058790e-01 1.7865498710843641e-01 1.0705159027039432e-01 8.5118083148513102e-02 1.6040302323885588e-02 -1.6363050086061027e-02 -7.5142141051198513e-02 -1.1815552233876327e-01 -1.6695351182557269e-01 -2.0812737178874904e-01 -2.3371720551192682e-01 -2.3760110529786355e-01 -1.7599137940193876e-01 -9.5609592123429857e-02 8.3473904242073016e-02 1.3875077931497204e-01 2.2077086634575696e-01 2.1545483222626000e-01 2.1063361310974146e-01 1.8158623159600740e-01 1.2793503894778749e-01 9.1350515738084809e-02 1.8970308179553301e-02 -1.9437746922138070e-02 -9.3163417810472340e-02 -1.2707582257411845e-01 -1.8826698961583146e-01 -2.0443627329926178e-01 -2.2841509782148758e-01 -2.0652306846133209e-01 -1.4763748893912726e-01 -7.3970184258366406e-02 6.2393694121353024e-02 1.0381328791881234e-01 1.7654248329132394e-01 1.7154822930270891e-01 1.8190450721398393e-01 1.5315978872462838e-01 1.1669731192247827e-01 7.9684591092178403e-02 1.7422187865491403e-02 -1.7777566201305318e-02 -8.6369563599923163e-02 -1.1057405361634090e-01 -1.6614876967853148e-01 -1.6887337648636400e-01 -1.8755058515793488e-01 -1.5962516763886175e-01 -1.1239509645538071e-01 -5.3851902618499620e-02 4.3708787503890345e-02 7.1284169997470392e-02 1.2845964469188587e-01 1.2341400060628076e-01 1.3933547803961169e-01 1.1539563253553239e-01 9.2864735110480032e-02 6.1672965162179780e-02 1.3993242690196424e-02 -1.4185607739806563e-02 -6.9446986402703748e-02 -8.5323999314724258e-02 -1.2929691193671661e-01 -1.2525440719388828e-01 -1.3905298268652250e-01 -1.1230637879642434e-01 -7.9107983553507566e-02 -3.6153398712184079e-02 2.6339987179023347e-02 3.9682255607362382e-02 8.2071198670706419e-02 7.5904074916464087e-02 9.4810768895773806e-02 7.5457996358537241e-02 6.5551586212081681e-02 4.1330286007024555e-02 9.8560112897577035e-03 -9.9688750034970536e-03 -4.9629075649521584e-02 -5.7333209707021854e-02 -8.9514116473774177e-02 -8.0532643139793414e-02 -9.1181426981225625e-02 -6.6483352229353893e-02 -4.7900511637171655e-02 -1.8460954314157053e-02 8.2282768055637178e-03 8.8080572317790259e-03 3.5656054830533461e-02 2.2970550232987854e-02 4.5615908661653021e-02 2.3965508987756613e-02 3.2142364031794234e-02 1.2804057382994281e-02 4.0961626794901347e-03 -4.0642956611062408e-03 -2.5637530377805355e-02 -1.9215285173019955e-02 -4.3958293105406873e-02 -2.5473940485680618e-02 -4.0869505731317909e-02 -1.7682696996609362e-02 -1.6381566464960418e-02 -1.0038268478586385e-03
</DataArray>
        <DataArray type="Float64" format="ascii" Name="sigma_yy">
-1.8778726064523255e+01 -1.8941606912325696e+01 -1.7964184029000364e+01 -1.8705047395530627e+01 -1.8267786772736095e+01 -1.8980531068715187e+01 -1.8495333007941870e+01 -1.9185902292635749e+01 -1.8592998668252442e+01 -1.9240907306873023e+01 -1.8548584591126009e+01 -1.9132700683848796e+01 -1.8370862538387840e+01 -1.8879972208696067e+01 -1.8103283659949561e+01 -1.8603027282030020e+01 -1.8071901453919669e+01 -1.9619644063568668e+01 -2.0983102980736980e+01 -2.1143108603308900e+01 -2.0079747245538506e+01 -2.0790223459769479e+01 -2.0207855001762184e+01 -2.1007253127514655e+01 -2.0470391047277836e+01 -2.1241297426748883e+01 -2.0598513062506143e+01 -2.1309109350564334e+01 -2.0535974682642841e+01 -2.1178837443491584e+01 -2.0303702592147676e+01 -2.0916303374501261e+01 -2.0053067554964468e+01 -2.0806909263541364e+01 -2.0504423335610340e+01 -2.1631180447463674e+01 -2.2517343954746291e+01 -2.2893108748625743e+01 -2.2208651754569679e+01 -2.2940427433774893e+01 -2.2381448370244286e+01 -2.3238403703767460e+01 -2.2656889435060442e+01 -2.3496814637246452e+01 -2.2795487576203953e+01 -2.3569959629387569e+01 -2.2725555655692027e+01 -2.3429602090803808e+01 -2.2481191384374327e+01 -2.3140402279657021e+01 -2.2245110732981516e+01 -2.2912080689735365e+01 -2.2388720744414037e+01 -2.3017801178746481e+01 -2.3809480328033032e+01 -2.4419696007071444e+01 -2.4196252558469642e+01 -2.5050241782682367e+01 -2.4652723139166334e+01 -2.5573538857808128e+01 -2.5005676882033502e+01 -2.5885978299931420e+01 -2.5157301648073716e+01 -2.5964134017159566e+01 -2.5082330699783348e+01 -2.5810237917854412e+01 -2.4797569176452434e+01 -2.5434031795745614e+01 -2.4377204883774343e+01 -2.4879641360406133e+01 -2.3961541238837256e+01 -2.4259419406677740e+01 -2.4986237982442915e+01 -2.5902654551940618e+01 -2.6149214315775037e+01 -2.7191434104712744e+01 -2.6969072588242394e+01 -2.7944535520382964e+01 -2.7411157297192922e+01 -2.8281108020609455e+01 -2.7566437194514066e+01 -2.8351646630451889e+01 -2.7489626564092642e+01 -2.8200920666607768e+01 -2.7160283047596412e+01 -2.7756114244939251e+01 -2.6496768542713088e+01 -2.6855721706495849e+01 -2.5446283418405773e+01 -2.5435783602800665e+01 -2.6165919072736674e+01 -2.7561147209384636e+01 -2.8234149548762517e+01 -2.9482162984523463e+01 -2.9315123691026344e+01 -3.0264843365428597e+01 -2.9730618813646352e+01 -3.0498308952516965e+01 -2.9841283365942274e+01 -3.0531164559192884e+01 -2.9782590776964255e+01 -3.0437934207419236e+01 -2.9495172413046454e+01 -3.0074278131308446e+01 -2.8712821498180560e+01 -2.9013756721098545e+01 -2.7026817685424568e+01 -2.6704907003316549e+01 -2.7641696376551803e+01 -2.9872596098250082e+01 -3.0677679668519005e+01 -3.1965806299899207e+01 -3.1584363041939369e+01 -3.2310883432658578e+01 -3.1743967636445312e+01 -3.2287310139394968e+01 -3.1748635471405805e+01 -3.2261500018835363e+01 -3.1735961529923028e+01 -3.2278088822899640e+01 -3.1640914758334183e+01 -3.2220017469590012e+01 -3.1093518540209342e+01 -3.1522328958886813e+01 -2.9057786064050312e+01 -2.8507945672145723e+01 -3.0394796532161628e+01 -3.3916485424979129e+01 -3.3432054257418983e+01 -3.4171998317157403e+01 -3.3384665939513056e+01 -3.3638494423212983e+01 -3.3168280784068813e+01 -3.3419905695402548e+01 -3.3075836380266566e+01 -3.3371523096767433e+01 -3.3106271684091510e+01 -3.3455177674948501e+01 -3.3252329924633827e+01 -3.3718582436429166e+01 -3.3393467899856610e+01 -3.4157345289726720e+01 -3.2228022732127563e+01 -3.2143761507188302e+01 -3.9787398246826029e+01 -3.8109970157632056e+01 -3.5204552611807593e+01 -3.4493709701105686e+01 -3.4110874691260101e+01 -3.4029461496082163e+01 -3.3858770120531823e+01 -3.3958075534479732e+01 -3.3802088617099493e+01 -3.3950773322418414e+01 -3.3822605678622750e+01 -3.3964952380268677e+01 -3.3967260788168261e+01 -3.4108948078845451e+01 -3.4546573386979205e+01 -3.5005597972915417e+01 -3.6710293569309435e+01 -4.1275093645613310e+01 -1.6192756759300334e+01 -1.5842885237379679e+01 -1.6898829849801526e+01 -1.6380333386965205e+01 -1.7126252082435816e+01 -1.6598620599241727e+01 -1.7284589100902831e+01 -1.6718830313409196e+01 -1.7351361286912894e+01 -1.6749525492775330e+01 -1.7314694228146614e+01 -1.6689916684614282e+01 -1.7179217700585880e+01 -1.6546945077054424e+01 -1.6960583287984250e+01 -1.6306355293752429e+01 -1.6618836398919704e+01 -1.5425467219831196e+01 -1.3839857719421635e+01 -1.3668919421976970e+01 -1.4940629540558415e+01 -1.4427057846303574e+01 -1.5306831017329220e+01 -1.4729296306946056e+01 -1.5462951760542508e+01 -1.4857391075081757e+01 -1.5518693828909615e+01 -1.4886807490665873e+01 -1.5491322908884994e+01 -1.4829414369569943e+01 -1.5376266614861240e+01 -1.4660729374681210e+01 -1.5120025487315413e+01 -1.4250993840104181e+01 -1.4350276208724431e+01 -1.3152535188140401e+01 -1.2048231058550055e+01 -1.1755089818697405e+01 -1.2879738810836477e+01 -1.2387574371353555e+01 -1.3319259881109893e+01 -1.2729484900429908e+01 -1.3519296729622706e+01 -1.2885271733992687e+01 -1.3587096446413595e+01 -1.2920674431976925e+01 -1.3555406946420064e+01 -1.2850056003275807e+01 -1.3408664849446067e+01 -1.2641710812655527e+01 -1.3061958607942021e+01 -1.2201529951742128e+01 -1.2348337901200242e+01 -1.1454616744348753e+01 -1.0361826464683485e+01 -9.9514242399876469e+00 -1.0899547898958383e+01 -1.0387538864228603e+01 -1.1281142110914132e+01 -1.0685827754229418e+01 -1.1489541132248656e+01 -1.0841555579121533e+01 -1.1565055184544779e+01 -1.0878300346947618e+01 -1.1528164890707343e+01 -1.0803176941943518e+01 -1.1366781684694946e+01 -1.0599354231873113e+01 -1.1040054042720943e+01 -1.0243051835701328e+01 -1.0534129302426138e+01 -9.7815274940775883e+00 -8.6529907043199596e+00 -8.1548989029703218e+00 -8.9740893239411736e+00 -8.4258079879524423e+00 -9.2529812598043151e+00 -8.6458773664345312e+00 -9.4292560419209259e+00 -8.7743161397597618e+00 -9.4978487599034889e+00 -8.8057209271537022e+00 -9.4628181122582902e+00 -8.7403302234690230e+00 -9.3205529819143074e+00 -8.5768369041053383e+00 -9.0689495287742954e+00 -8.3290369147554806e+00 -8.7469133454283785e+00 -8.0627745751392741e+00 -6.8921351777560798e+00 -6.3307479174042500e+00 -7.0650931515879147e+00 -6.4810036582019679e+00 -7.2452790128466287e+00 -6.6232295995562129e+00 -7.3724608976494093e+00 -6.7134605696595697e+00 -7.4246409432861942e+00 -6.7360300807633235e+00 -7.3970791315311963e+00 -6.6882320191351381e+00 -7.2915115294446160e+00 -6.5758489249110426e+00 -7.1224488973272173e+00 -6.4228898599707893e+00 -6.9367687731180485e+00 -6.2871398558523843e+00 -5.0776572531785700e+00 -4.4713379098909725e+00 -5.1529889576731245e+00 -4.5401337483252400e+00 -5.2546363154926725e+00 -4.6186995695984976e+00 -5.3330449870450174e+00 -4.6715016401941645e+00 -5.3662662230375728e+00 -4.6847317166922622e+00 -5.3481407790943614e+00 -4.6558729141877953e+00 -5.2817213859882424e+00 -4.5908381692204188e+00 -5.1829517911159364e+00 -4.5099188657991052e+00 -5.0914580314425359e+00 -4.4580997420239878e+00 -3.2132814103551715e+00 -2.5769435995840269e+00 -3.2312443100804580e+00 -2.5984676555813895e+00 -3.2770236103907067e+00 -2.6303021237830846e+00 -3.3144605828028926e+00 -2.6518629347962150e+00 -3.3303507806110750e+00 -2.6570368534489051e+00 -3.3212121638236862e+00 -2.6448197533449362e+00 -3.2889590981277506e+00 -2.6178458338003354e+00 -3.2432248444259719e+00 -2.5862313080839119e+00 -3.2105794845859541e+00 -2.5801536523730868e+00 -1.2991919427682441e+00 -6.4943506068809786e-01 -1.2984024463104500e+00 -6.5171591482406699e-01 -1.3092891264212727e+00 -6.5554257846206521e-01 -1.3176188731425402e+00 -6.5803257254434822e-01 -1.3208357804999293e+00 -6.5864208293932180e-01 -1.3185089065724991e+00 -6.5726046554208528e-01 -1.3109981897705760e+00 -6.5395515174379659e-01 -1.3002536047670361e+00 -6.4951465040434386e-01 -1.2958064794466657e+00 -6.5299617315202407e-01
</DataArray>
        <DataArray type="Float64" format="ascii" Name="sigma_zz">
-5.2643452459738915e+00 -5.4616988965833597e+00 -4.8108432240217232e+00 -5.1557662263647055e+00 -4.7969568068353921e+00 -5.1048639923747201e+00 -4.8072902104092616e+00 -5.1014196115060235e+00 -4.8133755398570193e+00 -5.1020040121831132e+00 -4.8098930516136758e+00 -5.0990090881450820e+00 -4.7979000181473292e+00 -5.1049133489439926e+00 -4.7917297934458940e+00 -5.1911012160595842e+00 -4.9502985512664601e+00 -5.8028344693543108e+00 -6.2940214297575032e+00 -6.3189701975423684e+00 -5.8521009528629184e+00 -6.0660768267923038e+00 -5.7146312408854740e+00 -5.9884855371138004e+00 -5.6866089770162187e+00 -5.9752202734479498e+00 -5.6842640407372853e+00 -5.9750570478189928e+00 -5.6851869856955028e+00 -5.9773569095141577e+00 -5.7002541780882021e+00 -6.0062112145057309e+00 -5.7882157626786279e+00 -6.1372182995341102e+00 -6.1194080473170125e+00 -6.4837405755228597e+00 -6.7558172737906785e+00 -6.8582614184579045e+00 -6.6027739685780977e+00 -6.8086383075367145e+00 -6.5481905993171781e+00 -6.8176751408570642e+00 -6.5488169062745527e+00 -6.8416401801022895e+00 -6.5569263224475849e+00 -6.8505130348446066e+00 -6.5540238889191347e+00 -6.8371947107442459e+00 -6.5495741094936148e+00 -6.8174622075768312e+00 -6.5819292189513599e+00 -6.8290355371648346e+00 -6.7082274904203310e+00 -6.9020695415713975e+00 -7.1406467873680954e+00 -7.3184772974992152e+00 -7.2316030770989883e+00 -7.4897000345869227e+00 -7.3302399786901589e+00 -7.6350577878350370e+00 -7.4090125214740823e+00 -7.7268035488555249e+00 -7.4450780387136914e+00 -7.7516980416691554e+00 -7.4292503668526004e+00 -7.7070201998756165e+00 -7.3662807540438120e+00 -7.5993475597996651e+00 -7.2748791368614159e+00 -7.4458773380262819e+00 -7.1811279375582737e+00 -7.2750849334986283e+00 -7.4949317584012363e+00 -7.7703715165251968e+00 -7.8499136035082708e+00 -8.2003908654326185e+00 -8.1334795081669107e+00 -8.5081742852826032e+00 -8.3142827395029784e+00 -8.6802296715438381e+00 -8.3873530534785345e+00 -8.7237457403020127e+00 -8.3538420762497783e+00 -8.6417228740039409e+00 -8.2135372500217567e+00 -8.4291043524276130e+00 -7.9677919994094308e+00 -8.0821583041043858e+00 -7.6323427342585415e+00 -7.6297601681445464e+00 -7.8543278624123669e+00 -8.2893153314870585e+00 -8.5492356815952615e+00 -9.0450902169411780e+00 -9.0431886816159466e+00 -9.5182746383693022e+00 -9.3276926837790235e+00 -9.7610931021665035e+00 -9.4360001194995622e+00 -9.8198212202107378e+00 -9.3853958379453299e+00 -9.7067192074181925e+00 -9.1681810764401845e+00 -9.3977140628531082e+00 -8.7555499758620030e+00 -8.8391121174552030e+00 -8.1246840931511457e+00 -8.0138083565993412e+00 -8.3147411753040998e+00 -9.0626423078980061e+00 -9.4786428858345975e+00 -1.0185165629022155e+01 -1.0164605263211582e+01 -1.0755492030582067e+01 -1.0514371682410683e+01 -1.1020791074332626e+01 -1.0639895700763104e+01 -1.1081765850497796e+01 -1.0580049451576864e+01 -1.0961394776815661e+01 -1.0317752113315784e+01 -1.0616669583315272e+01 -9.7723520797001129e+00 -9.9011240872908992e+00 -8.7939467303566534e+00 -8.5709648115399943e+00 -9.2200044383399113e+00 -1.0723777720384005e+01 -1.0906172122513432e+01 -1.1826067908353536e+01 -1.1608166776784492e+01 -1.2282119800160919e+01 -1.1916835962648703e+01 -1.2472588986307930e+01 -1.2020588455521469e+01 -1.2514916993969017e+01 -1.1967689784904223e+01 -1.2424873733406322e+01 -1.1738236077962776e+01 -1.2172123009578348e+01 -1.1222327187085988e+01 -1.1622163365485390e+01 -1.0031496768748427e+01 -9.8831083384779674e+00 -1.2731379028368256e+01 -1.4871071022533732e+01 -1.3248177033747922e+01 -1.4013327488267420e+01 -1.3387586666078429e+01 -1.4015465582757640e+01 -1.3501745414399375e+01 -1.4062791445015440e+01 -1.3547621905330240e+01 -1.4074550617634509e+01 -1.3519386694982794e+01 -1.4040386580238261e+01 -1.3414493279241031e+01 -1.3975124501079552e+01 -1.3224881991975650e+01 -1.3983027475418181e+01 -1.2932574291135097e+01 -1.5269500121619012e+01 -5.1852304431184715e+00 -4.9666020722706135e+00 -5.5717356714927302e+00 -5.3028377460272438e+00 -5.7166182644253958e+00 -5.4533166482865516e+00 -5.7933600470909878e+00 -5.5238299467336605e+00 -5.8221509808746834e+00 -5.5407515642046139e+00 -5.8087428588166654e+00 -5.5091108317686199e+00 -5.7509261882102134e+00 -5.4200342146712401e+00 -5.6341274943768926e+00 -5.2333668044896200e+00 -5.4088441291511273e+00 -4.7110960946820919e+00 -4.1609728330413454e+00 -4.1229579051648546e+00 -4.6252247767541199e+00 -4.4494307870229957e+00 -4.8468908666700203e+00 -4.6246017872383529e+00 -4.9547729258122439e+00 -4.7091369452697212e+00 -4.9933300317479770e+00 -4.7288524095554063e+00 -4.9744256681146846e+00 -4.6889163555889803e+00 -4.8918706581798688e+00 -4.5767534061405302e+00 -4.7125286246960583e+00 -4.3523351564018453e+00 -4.3423447479560648e+00 -3.9508858549072068e+00 -3.6113103034672727e+00 -3.5252826160909194e+00 -3.8903829141086335e+00 -3.7397073173177153e+00 -4.0779340669279298e+00 -3.8810919881340680e+00 -4.1812453052975007e+00 -3.9560336545960286e+00 -4.2194162100173171e+00 -3.9737792580997806e+00 -4.1999633103139278e+00 -3.9366493989003959e+00 -4.1187229281885402e+00 -3.8390701179046851e+00 -3.9600864267402378e+00 -3.6699706354625365e+00 -3.7041544730685048e+00 -3.4356893956092591e+00 -3.1064152459809704e+00 -2.9809398628312294e+00 -3.2653294626788019e+00 -3.1080034546573323e+00 -3.3919705364455792e+00 -3.2038444662962142e+00 -3.4705797307461417e+00 -3.2589702619057626e+00 -3.5011654511400585e+00 -3.2723436602267246e+00 -3.4852688063472472e+00 -3.2440497511432795e+00 -3.4219109530229201e+00 -3.1737231129197188e+00 -3.3093102690659153e+00 -3.0643319531922422e+00 -3.1557414849618208e+00 -2.9328702207866724e+00 -2.5941087067428255e+00 -2.4417040062696738e+00 -2.6798683506557608e+00 -2.5107721126427771e+00 -2.7562846615143703e+00 -2.5684161891604158e+00 -2.8079040559568091e+00 -2.6037394003053569e+00 -2.8288806349118216e+00 -2.6124848850449811e+00 -2.8177995361217145e+00 -2.5938265447731594e+00 -2.7752296888132002e+00 -2.5495078003566305e+00 -2.7049470556010835e+00 -2.4858764955696948e+00 -2.6191702087055746e+00 -2.4171976818117664e+00 -2.0660821549120389e+00 -1.8949731435446930e+00 -2.1064244038479756e+00 -1.9266168079656074e+00 -2.1470661866067697e+00 -1.9563185194864918e+00 -2.1765299219311132e+00 -1.9755723192622476e+00 -2.1888956736125165e+00 -1.9803864574785135e+00 -2.1822044697317091e+00 -1.9699173294228505e+00 -2.1573909343815898e+00 -1.9460400786165291e+00 -2.1188916755712266e+00 -1.9142659026751789e+00 -2.0766298381734596e+00 -1.8847058992598198e+00 -1.5219429356449063e+00 -1.3375570289895033e+00 -1.5337919178554698e+00 -1.3453287953583899e+00 -1.5500412187254851e+00 -1.3553912561648689e+00 -1.5629002915460286e+00 -1.3623095851212885e+00 -1.5683912061269207e+00 -1.3639622730100918e+00 -1.5652376432086308e+00 -1.3599902210661308e+00 -1.5541047214288595e+00 -1.3513578571752818e+00 -1.5379952709555935e+00 -1.3411966314703645e+00 -1.5235639157567473e+00 -1.3360989348317787e+00 -9.6261812698690863e-01 -7.6896253108841450e-01 -9.5747687394254599e-01 -7.6263136912044616e-01 -9.5710755916105184e-01 -7.5812308319493305e-01 -9.5708570758434097e-01 -7.5454517879837635e-01 -9.5682512882069382e-01 -7.5331656234996658e-01 -9.5660834802385541e-01 -7.5504977073883162e-01 -9.5638644423687946e-01 -7.5886827139386726e-01 -9.5632959873268786e-01 -7.6376881654245854e-01 -9.5919709983180024e-01 -7.7242401615141154e-01 -3.8844461850524387e-01 -1.9236203516475908e-01 -3.7780934567038210e-01 -1.7970705778688328e-01 -3.6449546061444538e-01 -1.6027911920992777e-01 -3.5157001946602801e-01 -1.4419375552880631e-01 -3.4503006054712110e-01 -1.3930654262854877e-01 -3.4790249733298745e-01 -1.4780260522107083e-01 -3.5884073014470541e-01 -1.6576308456511443e-01 -3.7284363895139566e-01 -1.8433396802842503e-01 -3.8512688515459576e-01 -1.9559770389123271e-01
</DataArray>
        <DataArray type="Float64" format="ascii" Name="sigma1">
1.2460718138819746e+00 7.4118932605178756e-01 1.9519226278859918e+00 1.5262744610186105e+00 2.2853457302807314e+00 1.9664939164995781e+00 2.4723968799907201e+00 2.1814534881625183e+00 2.5484276618065236e+00 2.2342443219333465e+00 2.5163401396241372e+00 2.1367548538576093e+00 2.3827366591880907e+00 1.8676587538183380e+00 2.1490528542445912e+00 1.3103754909450303e+00 1.5965817040003785e+00 2.7792118924245252e-01 4.7144875727662787e-03 8.3334288694762615e-02 5.7298778524702332e-01 5.7266152111052437e-01 1.1591064772737834e+00 1.0468514378924116e+00 1.5150593191391057e+00 1.3242050022103995e+00 1.6509712020083651e+00 1.3922570423906655e+00 1.5853562531809227e+00 1.2547523853058806e+00 1.3028612776119348e+00 8.9703640607211999e-01 7.5906889471217853e-01 3.5352920542414973e-01 1.0842739332542511e-01 2.1330546831538663e-02 1.0896783652643315e-03 4.2014290117998149e-02 2.1338885811785019e-01 2.6250305242504168e-01 5.6313923804021027e-01 5.2262917051241242e-01 8.3035524552337958e-01 6.9356852712972150e-01 9.3914097770733851e-01 7.3498634167847110e-01 8.8014242644751528e-01 6.4302246398256058e-01 6.5570797210392351e-01 4.2860183584539657e-01 3.1853274043996316e-01 1.6738756771357322e-01 3.6842817885755892e-02 1.4424196685170256e-02 1.1238008295864920e-02 3.7640292719467956e-02 1.1521986940563214e-01 1.1019409905454922e-01 2.3743095131643144e-01 1.3814257750724032e-01 3.1509505789632536e-01 1.3321737079386897e-01 3.4050669940817391e-01 1.2526765558584740e-01 3.2123304186272122e-01 1.2648870528940545e-01 2.5729642175633033e-01 1.2260518347881003e-01 1.5196887588036570e-01 8.5720338534670121e-02 3.6806281290029386e-02 1.3358837894592615e-02 7.5749791728190550e-03 1.4033728745892725e-02 7.1487359786931576e-03 -1.2334750742856462e-01 -1.2590324823189172e-01 -4.0706744853629168e-01 -2.9835262111701966e-01 -6.5139357504165962e-01 -3.9132971694618379e-01 -7.2742594122583115e-01 -3.5402325922236477e-01 -6.0134232641445351e-01 -2.0628751197352463e-01 -3.2799030979409866e-01 -3.9820102588929922e-02 -6.3593711360084210e-02 1.8101803600434112e-02 7.6452753032343664e-03 -1.1271464974526958e-02 -6.3496156805828943e-02 -2.5222330759237765e-01 -6.6570426564077390e-01 -8.2572383750557909e-01 -1.4627387577246755e+00 -1.3614217155722361e+00 -2.0385266159515645e+00 -1.6120492042558501e+00 -2.2015728068872273e+00 -1.5018721492804994e+00 -1.9177327509038222e+00 -1.0637591685304018e+00 -1.2512667816909804e+00 -4.6513052846326747e-01 -4.4551484401446217e-01 -4.7363368748659609e-02 -4.8046784292065069e-03 -7.2990787666143475e-02 -3.3508028708010107e-01 -9.1511393756805537e-01 -1.9525181726398202e+00 -2.2841828328793086e+00 -3.5051513653713084e+00 -3.2957516635446971e+00 -4.4379386171591833e+00 -3.7173311205331241e+00 -4.6774813703635454e+00 -3.5273462132510351e+00 -4.2430828011678612e+00 -2.7398023077573903e+00 -3.1298627803463059e+00 -1.4730291191792546e+00 -1.4584973625813860e+00 -2.5536265553759974e-01 -6.1924272500219119e-02 -3.3025942874494563e-01 -1.6593536033279999e+00 -2.7411665685234361e+00 -4.8618981485717381e+00 -5.1394025250085145e+00 -7.0881728353514992e+00 -6.4943852628848147e+00 -8.1074540958355907e+00 -6.9910749226487301e+00 -8.3436245142096936e+00 -6.7589542095659487e+00 -7.8785279420681755e+00 -5.7547685060473066e+00 -6.5862243651704100e+00 -3.8198522951073275e+00 -4.1783169145164960e+00 -1.1296320595879847e+00 -7.4990813385947708e-01 -1.9945051223646544e+00 -8.9037653675938522e+00 -7.7394076535995495e+00 -1.0934394699283493e+01 -9.9569827090126317e+00 -1.2206181892638709e+01 -1.0990937863009096e+01 -1.2822154360481658e+01 -1.1352912109706658e+01 -1.2961667661013442e+01 -1.1169682566077713e+01 -1.2662686453080365e+01 -1.0379019952574954e+01 -1.1820887309190812e+01 -8.6593237154755229e+00 -1.0071740416586733e+01 -5.3238440678239201e+00 -7.5079794598085519e+00 -1.0598287913626863e+00 -6.9950696652978983e-01 -1.6430411499037398e+00 -1.2824650272402442e+00 -1.9177864600306311e+00 -1.5738153384683775e+00 -2.0240817740115147e+00 -1.6929902947946702e+00 -2.0557708573135485e+00 -1.7196016519949497e+00 -2.0464576816721665e+00 -1.6716758003717613e+00 -1.9826163530319563e+00 -1.5112755501742932e+00 -1.7948941978108619e+00 -1.1193591706508148e+00 -1.3692113591094230e+00 -2.7203139048330549e-01 -2.9856625072707230e-02 -7.4053320582090049e-02 -4.7522066963949666e-01 -4.0425104081436397e-01 -8.4756752038202721e-01 -6.8574710968483910e-01 -1.0523250215441793e+00 -8.3964957314442934e-01 -1.1257315657005240e+00 -8.7602432700901234e-01 -1.0897048218816989e+00 -8.0008328173778154e-01 -9.2830883418028864e-01 -5.9471830896940958e-01 -5.8627371470622425e-01 -2.5679001427788262e-01 -1.2420413429258990e-01 -1.6368188938284831e-02 1.1639097549698755e-02 6.6397499817780880e-03 -8.6156306586327253e-02 -7.5540227998544429e-02 -2.7335003061692420e-01 -2.0657556839062177e-01 -4.1811360838530809e-01 -3.0134532635689903e-01 -4.7762164364671067e-01 -3.2525391643877810e-01 -4.4444965071482018e-01 -2.7182189244115068e-01 -3.2015169869484555e-01 -1.5377289375355757e-01 -1.3688278262745240e-01 -2.8202343393923215e-02 3.4166616025021177e-03 3.4315823757346104e-03 8.1598981888242085e-03 1.7846387281917186e-02 2.0287662392944879e-02 3.2800477891522233e-02 -2.2060535058342174e-02 9.3305039879999635e-03 -7.8053715266218807e-02 -2.1009059564925839e-02 -1.0547386718744818e-01 -2.9487173743700336e-02 -8.8904203910369503e-02 -9.0288677831260149e-03 -3.7127935681642701e-02 2.4354578696361845e-02 1.3961341009742554e-02 3.4105172885322950e-02 1.7926273436756443e-02 6.2273666615679747e-03 6.7663109665049639e-03 1.8241042329200052e-02 4.6597932853113165e-02 6.2036702265961086e-02 7.0124491746401674e-02 8.8265317783275080e-02 7.1298636303651616e-02 9.6125560898234638e-02 6.8284262973377585e-02 9.7480414099245460e-02 7.1063368432743731e-02 9.6069212001613696e-02 7.3560402523543247e-02 8.3303610196719793e-02 5.8175651243342612e-02 4.7873517663062255e-02 1.8832574444666999e-02 6.1270772732517570e-03 5.7590326164137671e-03 1.5868873638000935e-02 4.8060108096141349e-02 6.3444389018105854e-02 9.2900914456974099e-02 1.0565402138938271e-01 1.1917895249841276e-01 1.2914746070384048e-01 1.2836221825664693e-01 1.3478788687357793e-01 1.2405606428627898e-01 1.2363582102180647e-01 1.0394116992380910e-01 9.3324787382937632e-02 6.4371052440271262e-02 4.5942434820309373e-02 1.6486110272576023e-02 5.2477370199582483e-03 4.8900203111812233e-03 1.3947391781162659e-02 4.3524799010421639e-02 5.9016132830512325e-02 9.1463755512180542e-02 1.0354859123987106e-01 1.2495738800026193e-01 1.3126164109147082e-01 1.3833110818486111e-01 1.3823253026606358e-01 1.3156210442508171e-01 1.2409523867395712e-01 1.0447611671746404e-01 8.9663898215594284e-02 5.9988843477258372e-02 4.2034265127158042e-02 1.4137373942566594e-02 4.7295047548169371e-03 4.7699151343862144e-03 1.4342845888552919e-02 4.1712710749068634e-02 5.8531488701841369e-02 8.9335348238516438e-02 1.0530658464303767e-01 1.2542406368979597e-01 1.3732477249942171e-01 1.4096166847035568e-01 1.4601709925678646e-01 1.3323067834362265e-01 1.2917215412346983e-01 1.0336631478688223e-01 9.0679408079690271e-02 5.7978007212233958e-02 4.2016995157607887e-02 1.3967378619235105e-02 5.5387367325740204e-03 4.4284835273318383e-03 8.3462215909977048e-03 3.9987873654395614e-02 5.3440656981713242e-02 9.5785183738609683e-02 1.2201749888107821e-01 1.4642447831979860e-01 1.7758291614625807e-01 1.7074682749915829e-01 1.9430630719669822e-01 1.5927869045266524e-01 1.6503413536773029e-01 1.1621634068468512e-01 1.0226964333320666e-01 5.8670621092565128e-02 3.5524528105974597e-02 1.2255350823580837e-02 1.0053676215639137e-03
</DataArray>
        <DataArray type="Float64" format="ascii" Name="sigma2">
-5.2643452459738915e+00 -5.4616988965833597e+00 -4.8108432240217232e+00 -5.1557662263647055e+00 -4.7969568068353921e+00 -5.1048639923747201e+00 -4.8072902104092616e+00 -5.1014196115060235e+00 -4.8133755398570193e+00 -5.1020040121831132e+00 -4.8098930516136758e+00 -5.0990090881450820e+00 -4.7979000181473292e+00 -5.1049133489439926e+00 -4.7917297934458940e+00 -5.1911012160595842e+00 -4.9502985512664601e+00 -5.8028344693543108e+00 -6.2940214297575032e+00 -6.3189701975423684e+00 -5.8521009528629184e+00 -6.0660768267923038e+00 -5.7146312408854740e+00 -5.9884855371138004e+00 -5.6866089770162187e+00 -5.9752202734479498e+00 -5.6842640407372853e+00 -5.9750570478189928e+00 -5.6851869856955028e+00 -5.9773569095141577e+00 -5.7002541780882021e+00 -6.0062112145057309e+00 -5.7882157626786279e+00 -6.1372182995341102e+00 -6.1194080473170125e+00 -6.4837405755228597e+00 -6.7558172737906785e+00 -6.8582614184579045e+00 -6.6027739685780977e+00 -6.8086383075367145e+00 -6.5481905993171781e+00 -6.8176751408570642e+00 -6.5488169062745527e+00 -6.8416401801022895e+00 -6.5569263224475849e+00 -6.8505130348446066e+00 -6.5540238889191347e+00 -6.8371947107442459e+00 -6.5495741094936148e+00 -6.8174622075768312e+00 -6.5819292189513599e+00 -6.8290355371648346e+00 -6.7082274904203310e+00 -6.9020695415713975e+00 -7.1406467873680954e+00 -7.3184772974992152e+00 -7.2316030770989883e+00 -7.4897000345869227e+00 -7.3302399786901589e+00 -7.6350577878350370e+00 -7.4090125214740823e+00 -7.7268035488555249e+00 -7.4450780387136914e+00 -7.7516980416691554e+00 -7.4292503668526004e+00 -7.7070201998756165e+00 -7.3662807540438120e+00 -7.5993475597996651e+00 -7.2748791368614159e+00 -7.4458773380262819e+00 -7.1811279375582737e+00 -7.2750849334986283e+00 -7.4949317584012363e+00 -7.7703715165251968e+00 -7.8499136035082708e+00 -8.2003908654326185e+00 -8.1334795081669107e+00 -8.5081742852826032e+00 -8.3142827395029784e+00 -8.6802296715438381e+00 -8.3873530534785345e+00 -8.7237457403020127e+00 -8.3538420762497783e+00 -8.6417228740039409e+00 -8.2135372500217567e+00 -8.4291043524276130e+00 -7.9677919994094308e+00 -8.0821583041043858e+00 -7.6323427342585415e+00 -7.6297601681445464e+00 -7.8543278624123669e+00 -8.2893153314870585e+00 -8.5492356815952615e+00 -9.0450902169411780e+00 -9.0431886816159466e+00 -9.5182746383693022e+00 -9.3276926837790235e+00 -9.7610931021665035e+00 -9.4360001194995622e+00 -9.8198212202107378e+00 -9.3853958379453299e+00 -9.7067192074181925e+00 -9.1681810764401845e+00 -9.3977140628531082e+00 -8.7555499758620030e+00 -8.8391121174552030e+00 -8.1246840931511457e+00 -8.0138083565993412e+00 -8.3147411753040998e+00 -9.0626423078980061e+00 -9.4786428858345975e+00 -1.0185165629022155e+01 -1.0164605263211582e+01 -1.0755492030582067e+01 -1.0514371682410683e+01 -1.1020791074332626e+01 -1.0639895700763104e+01 -1.1081765850497796e+01 -1.0580049451576864e+01 -1.0961394776815661e+01 -1.0317752113315784e+01 -1.0616669583315272e+01 -9.7723520797001129e+00 -9.9011240872908992e+00 -8.7939467303566534e+00 -8.5709648115399943e+00 -9.2200044383399113e+00 -1.0723777720384005e+01 -1.0906172122513432e+01 -1.1826067908353536e+01 -1.1608166776784492e+01 -1.2282119800160919e+01 -1.1916835962648703e+01 -1.2472588986307930e+01 -1.2020588455521469e+01 -1.2514916993969017e+01 -1.1967689784904223e+01 -1.2424873733406322e+01 -1.1738236077962776e+01 -1.2172123009578348e+01 -1.1222327187085988e+01 -1.1622163365485390e+01 -1.0031496768748427e+01 -9.8831083384779674e+00 -1.2731379028368256e+01 -1.4871071022533732e+01 -1.3248177033747922e+01 -1.4013327488267420e+01 -1.3387586666078429e+01 -1.4015465582757640e+01 -1.3501745414399375e+01 -1.4062791445015440e+01 -1.3547621905330240e+01 -1.4074550617634509e+01 -1.3519386694982794e+01 -1.4040386580238261e+01 -1.3414493279241031e+01 -1.3975124501079552e+01 -1.3224881991975650e+01 -1.3983027475418181e+01 -1.2932574291135097e+01 -1.5269500121619012e+01 -5.1852304431184715e+00 -4.9666020722706135e+00 -5.5717356714927302e+00 -5.3028377460272438e+00 -5.7166182644253958e+00 -5.4533166482865516e+00 -5.7933600470909878e+00 -5.5238299467336605e+00 -5.8221509808746834e+00 -5.5407515642046139e+00 -5.8087428588166654e+00 -5.5091108317686199e+00 -5.7509261882102134e+00 -5.4200342146712401e+00 -5.6341274943768926e+00 -5.2333668044896200e+00 -5.4088441291511273e+00 -4.7110960946820919e+00 -4.1609728330413454e+00 -4.1229579051648546e+00 -4.6252247767541199e+00 -4.4494307870229957e+00 -4.8468908666700203e+00 -4.6246017872383529e+00 -4.9547729258122439e+00 -4.7091369452697212e+00 -4.9933300317479770e+00 -4.7288524095554063e+00 -4.9744256681146846e+00 -4.6889163555889803e+00 -4.8918706581798688e+00 -4.5767534061405302e+00 -4.7125286246960583e+00 -4.3523351564018453e+00 -4.3423447479560648e+00 -3.9508858549072068e+00 -3.6113103034672727e+00 -3.5252826160909194e+00 -3.8903829141086335e+00 -3.7397073173177153e+00 -4.0779340669279298e+00 -3.8810919881340680e+00 -4.1812453052975007e+00 -3.9560336545960286e+00 -4.2194162100173171e+00 -3.9737792580997806e+00 -4.1999633103139278e+00 -3.9366493989003959e+00 -4.1187229281885402e+00 -3.8390701179046851e+00 -3.9600864267402378e+00 -3.6699706354625365e+00 -3.7041544730685048e+00 -3.4356893956092591e+00 -3.1064152459809704e+00 -2.9809398628312294e+00 -3.2653294626788019e+00 -3.1080034546573323e+00 -3.3919705364455792e+00 -3.2038444662962142e+00 -3.4705797307461417e+00 -3.2589702619057626e+00 -3.5011654511400585e+00 -3.2723436602267246e+00 -3.4852688063472472e+00 -3.2440497511432795e+00 -3.4219109530229201e+00 -3.1737231129197188e+00 -3.3093102690659153e+00 -3.0643319531922422e+00 -3.1557414849618208e+00 -2.9328702207866724e+00 -2.5941087067428255e+00 -2.4417040062696738e+00 -2.6798683506557608e+00 -2.5107721126427771e+00 -2.7562846615143703e+00 -2.5684161891604158e+00 -2.8079040559568091e+00 -2.6037394003053569e+00 -2.8288806349118216e+00 -2.6124848850449811e+00 -2.8177995361217145e+00 -2.5938265447731594e+00 -2.7752296888132002e+00 -2.5495078003566305e+00 -2.7049470556010835e+00 -2.4858764955696948e+00 -2.6191702087055746e+00 -2.4171976818117664e+00 -2.0660821549120389e+00 -1.8949731435446930e+00 -2.1064244038479756e+00 -1.9266168079656074e+00 -2.1470661866067697e+00 -1.9563185194864918e+00 -2.1765299219311132e+00 -1.9755723192622476e+00 -2.1888956736125165e+00 -1.9803864574785135e+00 -2.1822044697317091e+00 -1.9699173294228505e+00 -2.1573909343815898e+00 -1.9460400786165291e+00 -2.1188916755712266e+00 -1.9142659026751789e+00 -2.0766298381734596e+00 -1.8847058992598198e+00 -1.5219429356449063e+00 -1.3375570289895033e+00 -1.5337919178554698e+00 -1.3453287953583899e+00 -1.5500412187254851e+00 -1.3553912561648689e+00 -1.5629002915460286e+00 -1.3623095851212885e+00 -1.5683912061269207e+00 -1.3639622730100918e+00 -1.5652376432086308e+00 -1.3599902210661308e+00 -1.5541047214288595e+00 -1.3513578571752818e+00 -1.5379952709555935e+00 -1.3411966314703645e+00 -1.5235639157567473e+00 -1.3360989348317787e+00 -9.6261812698690863e-01 -7.6896253108841450e-01 -9.5747687394254599e-01 -7.6263136912044616e-01 -9.5710755916105184e-01 -7.5812308319493305e-01 -9.5708570758434097e-01 -7.5454517879837635e-01 -9.5682512882069382e-01 -7.5331656234996658e-01 -9.5660834802385541e-01 -7.5504977073883162e-01 -9.5638644423687946e-01 -7.5886827139386726e-01 -9.5632959873268786e-01 -7.6376881654245854e-01 -9.5919709983180024e-01 -7.7242401615141154e-01 -3.8844461850524387e-01 -1.9236203516475908e-01 -3.7780934567038210e-01 -1.7970705778688328e-01 -3.6449546061444538e-01 -1.6027911920992777e-01 -3.5157001946602801e-01 -1.4419375552880631e-01 -3.4503006054712110e-01 -1.3930654262854877e-01 -3.4790249733298745e-01 -1.4780260522107083e-01 -3.5884073014470541e-01 -1.6576308456511443e-01 -3.7284363895139566e-01 -1.8433396802842503e-01 -3.8512688515459576e-01 -1.9559770389123271e-01
</DataArray>
        <DataArray type="Float64" format="ascii" Name="sigma3">
-1.8793889300461615e+01 -1.8946852314662983e+01 -1.7988066707958403e+01 -1.8712161882234298e+01 -1.8275201753065371e+01 -1.8982707224415318e+01 -1.8496697581354930e+01 -1.9186185526515935e+01 -1.8593012794663252e+01 -1.9240924362543723e+01 -1.8549316978336392e+01 -1.9133451814341214e+01 -1.8375736719679189e+01 -1.8884036583631655e+01 -1.8121485499064235e+01 -1.8614046211143648e+01 -1.8097576874888581e+01 -1.9620702753756824e+01 -2.0984785920097782e+01 -2.1146568280502656e+01 -2.0079990961456748e+01 -2.0792917610418208e+01 -2.0207877280225361e+01 -2.1008469894938415e+01 -2.0470422575859835e+01 -2.1241605913703559e+01 -2.0598518004465980e+01 -2.1309113868453977e+01 -2.0535979538832599e+01 -2.1179275417019745e+01 -2.0303708537905941e+01 -2.0917740454424553e+01 -2.0053121436974273e+01 -2.0810923537204520e+01 -2.0506454217715465e+01 -2.1633799131907729e+01 -2.2520480591000862e+01 -2.2902885684977683e+01 -2.2222635420044845e+01 -2.2957964077547430e+01 -2.2390441235764140e+01 -2.3248212973369299e+01 -2.2659744933105223e+01 -2.3499035794137356e+01 -2.2795562052532617e+01 -2.3570029791160493e+01 -2.2726888722844627e+01 -2.3433671499796716e+01 -2.2487621670415979e+01 -2.3153475861101498e+01 -2.2258296803611163e+01 -2.2930839358263018e+01 -2.2397601119286861e+01 -2.3021322668589832e+01 -2.3813393966189519e+01 -2.4432564617716849e+01 -2.4220563459735594e+01 -2.5075860881010954e+01 -2.4671564213616961e+01 -2.5588335203624034e+01 -2.5011803462809933e+01 -2.5889229200312286e+01 -2.5157433495120483e+01 -2.5964261127816364e+01 -2.5085400931371396e+01 -2.5816556038208134e+01 -2.4811565601902366e+01 -2.5453763716144358e+01 -2.4401565998751753e+01 -2.4905311465288946e+01 -2.3973899406484275e+01 -2.4263641949556689e+01 -2.4990680840510272e+01 -2.5915272117163212e+01 -2.6173527414339592e+01 -2.7211288710680165e+01 -2.6985695112324485e+01 -2.7953513502405720e+01 -2.7415923177226244e+01 -2.8282705330104474e+01 -2.7566513794648927e+01 -2.8351726526447550e+01 -2.7492116994943572e+01 -2.8204400586932024e+01 -2.7172169988099000e+01 -2.7769024198297949e+01 -2.6519486562109176e+01 -2.6876933968987871e+01 -2.5459244251128908e+01 -2.5440179169118394e+01 -2.6169821409733366e+01 -2.7567554948151034e+01 -2.8245228964391828e+01 -2.9484596457496487e+01 -2.9318238434547574e+01 -3.0264843370173008e+01 -2.9730887230357844e+01 -3.0498450391270115e+01 -2.9841284527409357e+01 -3.0531164593815234e+01 -2.9782780643870598e+01 -3.0437997940490156e+01 -2.9496844419603548e+01 -3.0074446761152714e+01 -2.8720036057743407e+01 -2.9018192214169545e+01 -2.7034916941755164e+01 -2.6707889843568601e+01 -2.7642813130014183e+01 -2.9873727405913257e+01 -3.0680362348547263e+01 -3.1998033924100689e+01 -3.1597834711159294e+01 -3.2346488736568915e+01 -3.1752153944490914e+01 -3.2298031630616244e+01 -3.1748987882010553e+01 -3.2261738131295779e+01 -3.1739485292005185e+01 -3.2294899788217670e+01 -3.1652704736628557e+01 -3.2259035830704590e+01 -3.1101477813154450e+01 -3.1545249595054941e+01 -2.9057793112317913e+01 -2.8507958432633089e+01 -3.0403088699054756e+01 -3.4086572131285351e+01 -3.3612740506521341e+01 -3.4558328212606717e+01 -3.3554486730939786e+01 -3.3852226498518235e+01 -3.3228401279277520e+01 -3.3467842525190839e+01 -3.3077553262422846e+01 -3.3372765465687046e+01 -3.3133345073448133e+01 -3.3537717835952904e+01 -3.3372685087161948e+01 -3.3987519000090757e+01 -3.3587904995179308e+01 -3.4562227637101472e+01 -3.2308690502906778e+01 -3.2193786327733747e+01 -4.0443424972196198e+01 -4.0666471374185264e+01 -3.6421182458893533e+01 -3.5776696928274561e+01 -3.4668306177915468e+01 -3.4512036716553425e+01 -3.4014880184988826e+01 -3.4053817122903148e+01 -3.3805827574727473e+01 -3.3953501064434924e+01 -3.3894939750531599e+01 -3.4138602147713833e+01 -3.4335957644895146e+01 -3.4762861027741025e+01 -3.5423616257776651e+01 -3.6538351168140537e+01 -3.7784736902626406e+01 -4.3390354278921492e+01 -1.6224272685698882e+01 -1.5855833274372255e+01 -1.6929411088405359e+01 -1.6393660792850568e+01 -1.7137607754720690e+01 -1.6603906822486795e+01 -1.7287118382958447e+01 -1.6719776194317532e+01 -1.7351399078935401e+01 -1.6749570228687094e+01 -1.7316018514383387e+01 -1.6692026972190302e+01 -1.7187137607668760e+01 -1.6555505165396507e+01 -1.6985530783445444e+01 -1.6325196844314586e+01 -1.6660269071394332e+01 -1.5431622258456999e+01 -1.3840052818398448e+01 -1.3669139696634094e+01 -1.4942195252874235e+01 -1.4427184915928951e+01 -1.5308735368518043e+01 -1.4729592181109672e+01 -1.5463584731163298e+01 -1.4857473577754643e+01 -1.5518701873459401e+01 -1.4886817038175678e+01 -1.5491714071833922e+01 -1.4829637903558821e+01 -1.5377926693085939e+01 -1.4661126378165694e+01 -1.5122155034280636e+01 -1.4250993840394937e+01 -1.4350278358894295e+01 -1.3153251327419072e+01 -1.2049340109107277e+01 -1.1757581803618177e+01 -1.2881786740442450e+01 -1.2390150829727174e+01 -1.3319763525809508e+01 -1.2730397725389608e+01 -1.3519370742606363e+01 -1.2885433522296534e+01 -1.3587099056411009e+01 -1.2920676943893824e+01 -1.3555428050331605e+01 -1.2850342770560172e+01 -1.3408924728600287e+01 -1.2643127499262059e+01 -1.3063405306506677e+01 -1.2205033108147866e+01 -1.2350598238497518e+01 -1.1455729567739933e+01 -1.0362877384792061e+01 -9.9543125967193511e+00 -1.0904719204655617e+01 -1.0392811993415963e+01 -1.1284507919760257e+01 -1.0688812058308713e+01 -1.1490545387220919e+01 -1.0842225146787619e+01 -1.1565077636612749e+01 -1.0878325027012050e+01 -1.1528658483913787e+01 -1.0804470302694476e+01 -1.1369241907728092e+01 -1.0603431621762093e+01 -1.1044995571229460e+01 -1.0248545016859463e+01 -1.0537064556642829e+01 -9.7824614359504771e+00 -8.6537953334425914e+00 -8.1572543965614450e+00 -8.9794924350389831e+00 -8.4312770777418855e+00 -9.2577400301276356e+00 -8.6496526149846638e+00 -9.4309788228263489e+00 -8.7752568952494236e+00 -9.4978863793461166e+00 -8.8057633642491844e+00 -9.4637284888384592e+00 -8.7421576945788129e+00 -9.3243260319008776e+00 -8.5816629447188220e+00 -9.0746658365802872e+00 -8.3341285028953784e+00 -8.7493999367965856e+00 -8.0634526833124696e+00 -6.8926995489898761e+00 -6.3324460187869782e+00 -7.0694747875893933e+00 -6.4855004155701312e+00 -7.2497882031462080e+00 -6.6267157530110232e+00 -7.3742786922687902e+00 -6.7143885249113318e+00 -7.4246811302983708e+00 -6.7360760784686233e+00 -7.3980709633919757e+00 -6.6900269190979751e+00 -7.2952442845291081e+00 -6.5801250494380330e+00 -7.1273433043443601e+00 -6.4268287770709058e+00 -6.9385855708507744e+00 -6.2876007345526919e+00 -5.0780331391275357e+00 -4.4724708217461746e+00 -5.1561645251953205e+00 -4.5434454506918129e+00 -5.2582678179304629e+00 -4.6215194451227672e+00 -5.3346250264870241e+00 -4.6722935914957660e+00 -5.3663017952745964e+00 -4.6847734402997041e+00 -5.3490209151205175e+00 -4.6573959755610597e+00 -5.2848251881469963e+00 -4.5941900887998681e+00 -5.1866397466625696e+00 -4.5126897033617048e+00 -5.0926837597983905e+00 -4.4583926208607441e+00 -3.2134970050907481e+00 -2.5775512828499352e+00 -3.2333022905575550e+00 -2.6006360524366614e+00 -3.2796938787753556e+00 -2.6323835286261481e+00 -3.3157097556375983e+00 -2.6524753684940094e+00 -3.3303787645393355e+00 -2.6570723070900093e+00 -3.3219251717564737e+00 -2.6460047232529087e+00 -3.2913211289098139e+00 -2.6202403127259144e+00 -3.2457433363211932e+00 -2.5879130502991359e+00 -3.2112910447252361e+00 -2.5802854572372791e+00 -1.2992438785448117e+00 -6.4955300547352790e-01 -1.2993523592223362e+00 -6.5246418293799091e-01 -1.3107700524534278e+00 -6.5628122958083757e-01 -1.3183245432065589e+00 -6.5822876790894580e-01 -1.3208470293228958e+00 -6.5866144929186066e-01 -1.3189536815626237e+00 -6.5770948610463309e-01 -1.3123521078337030e+00 -6.5481325855025474e-01 -1.3014827509305507e+00 -6.4997108820072480e-01 -1.2960116346722337e+00 -6.5299771392567307e-01
</DataArray>
        <DataArray type="Float64" format="ascii" Name="EffectiveStress" NumberOfComponents="9">
6.4992419112784621e+00 -5.5103605585135573e-01 0.0000000000000000e+00 -5.5103605585135573e-01 -1.3510392731188411e+01 0.0000000000000000e+00 0.0000000000000000e+00 0.0000000000000000e+00 3.9880873609539338e-03 6.3676105903841309e+00 -3.2131633228506723e-01 0.0000000000000000e+00 -3.2131633228506723e-01 -1.3309940245656067e+01 0.0000000000000000e+00 0.0000000000000000e+00 0.0000000000000000e+00 1.6996777008627095e-01 7.1963732822627389e+00 -6.8967382245554387e-01 0.0000000000000000e+00 -6.8967382245554387e-01 -1.2695850695665579e+01 0.0000000000000000e+00 0.0000000000000000e+00 0.0000000000000000e+00 4.5749010931306133e-01 7.1508266409844481e+00 -3.7938828440804601e-01 0.0000000000000000e+00 -3.7938828440804601e-01 -1.3073380728861121e+01 0.0000000000000000e+00 0.0000000000000000e+00 0.0000000000000000e+00 4.7590044030480078e-01 7.5462640832861787e+00 -3.9038580047803578e-01 0.0000000000000000e+00 -3.9038580047803578e-01 -1.2999453439401373e+01 0.0000000000000000e+00 0.0000000000000000e+00 0.0000000000000000e+00 4.7137652649932998e-01 7.5959844274688333e+00 -2.1350406980273856e-01 0.0000000000000000e+00 -2.1350406980273856e-01 -1.3348864402045802e+01 0.0000000000000000e+00 0.0000000000000000e+00 0.0000000000000000e+00 5.2680267429466421e-01 7.7393656399123234e+00 -1.6915084019077301e-01 0.0000000000000000e+00 -1.6915084019077301e-01 -1.3226999674607208e+01 0.0000000000000000e+00 0.0000000000000000e+00 0.0000000000000000e+00 4.6104312292539928e-01 7.8128369209515958e+00 -7.7794338399855140e-02 0.0000000000000000e+00 -7.7794338399855140e-02 -1.3554235625966484e+01 0.0000000000000000e+00 0.0000000000000000e+00 0.0000000000000000e+00 5.3024705516323767e-01 7.8167468687303110e+00 -1.7281564555394344e-02 0.0000000000000000e+00 -1.7281564555394344e-02 -1.3324665334917846e+01 0.0000000000000000e+00 0.0000000000000000e+00 0.0000000000000000e+00 4.5495779347757975e-01 7.8658939329317850e+00 1.9138263098270467e-02 0.0000000000000000e+00 1.9138263098270467e-02 -1.3609240640203886e+01 0.0000000000000000e+00 0.0000000000000000e+00 0.0000000000000000e+00 5.2966265448602534e-01 7.7839410857482916e+00 1.2420821816809957e-01 0.0000000000000000e+00 1.2420821816809957e-01 -1.3280251257791472e+01 0.0000000000000000e+00 0.0000000000000000e+00 0.0000000000000000e+00 4.5844028172086038e-01 7.7676703900342030e+00 1.2639674288339026e-01 0.0000000000000000e+00 1.2639674288339026e-01 -1.3501034017179782e+01 0.0000000000000000e+00 0.0000000000000000e+00 0.0000000000000000e+00 5.3265757852393258e-01 7.6461958112312161e+00 3.1805157590710309e-01 0.0000000000000000e+00 3.1805157590710309e-01 -1.3102529205053363e+01 0.0000000000000000e+00 0.0000000000000000e+00 0.0000000000000000e+00 4.7043331518714648e-01 7.4952610455516409e+00 2.9038965418360957e-01 0.0000000000000000e+00 2.9038965418360957e-01 -1.3248305542027174e+01 0.0000000000000000e+00 0.0000000000000000e+00 0.0000000000000000e+00 5.2675331772489786e-01 7.3991843484643312e+00 6.0714888695243285e-01 0.0000000000000000e+00 6.0714888695243285e-01 -1.2834950326615152e+01 0.0000000000000000e+00 0.0000000000000000e+00 0.0000000000000000e+00 4.7660353988851900e-01 6.9310232285001678e+00 4.6842755423496862e-01 0.0000000000000000e+00 4.6842755423496862e-01 -1.2971360615361254e+01 0.0000000000000000e+00 0.0000000000000000e+00 0.0000000000000000e+00 4.4056545060918129e-01 6.8392396163658162e+00 7.1063111731726636e-01 0.0000000000000000e+00 7.1063111731726636e-01 -1.2803568120585316e+01 0.0000000000000000e+00 0.0000000000000000e+00 0.0000000000000000e+00 3.1803478206789143e-01 5.9085291657229408e+00 1.4513909570249878e-01 0.0000000000000000e+00 1.4513909570249878e-01 -1.3987977396900025e+01 0.0000000000000000e+00 0.0000000000000000e+00 0.0000000000000000e+00 -1.7116780268566728e-01 6.3613648815477593e+00 1.8793941607528167e-01 0.0000000000000000e+00 1.8793941607528167e-01 -1.4624769647401184e+01 0.0000000000000000e+00 0.0000000000000000e+00 0.0000000000000000e+00 6.4311903578290558e-02 6.8015412781683819e+00 2.7099195629774475e-01 0.0000000000000000e+00 2.7099195629774475e-01 -1.4421441936641521e+01 0.0000000000000000e+00 0.0000000000000000e+00 0.0000000000000000e+00 4.0269646912500984e-01 6.9310774026647222e+00 7.0946460674374684e-02 0.0000000000000000e+00 7.0946460674374684e-02 -1.3721413912202570e+01 0.0000000000000000e+00 0.0000000000000000e+00 0.0000000000000000e+00 5.0623238047302099e-01 7.2916340371296489e+00 2.3990587827311718e-01 0.0000000000000000e+00 2.3990587827311718e-01 -1.4068556793101623e+01 0.0000000000000000e+00 0.0000000000000000e+00 0.0000000000000000e+00 6.5558983987555031e-01 7.5174175321466921e+00 2.1817952802663840e-02 0.0000000000000000e+00 2.1817952802663840e-02 -1.3849521668426101e+01 0.0000000000000000e+00 0.0000000000000000e+00 0.0000000000000000e+00 6.4370209245061083e-01 7.7673013371369874e+00 1.6381305196873405e-01 0.0000000000000000e+00 1.6381305196873405e-01 -1.4285586460846323e+01 0.0000000000000000e+00 0.0000000000000000e+00 0.0000000000000000e+00 7.3318112955453285e-01 7.8733611238933392e+00 2.6328123264534084e-02 0.0000000000000000e+00 2.6328123264534084e-02 -1.4112057713941608e+01 0.0000000000000000e+00 0.0000000000000000e+00 0.0000000000000000e+00 6.7172435632001193e-01 8.0455631819245301e+00 8.3433585114447276e-02 0.0000000000000000e+00 8.3433585114447276e-02 -1.4519630760080082e+01 0.0000000000000000e+00 0.0000000000000000e+00 0.0000000000000000e+00 7.4644639322085726e-01 8.0092995933849043e+00 1.0485993401252803e-02 0.0000000000000000e+00 1.0485993401252803e-02 -1.4240179729169769e+01 0.0000000000000000e+00 0.0000000000000000e+00 0.0000000000000000e+00 6.7406929259909110e-01 8.1139191911703055e+00 -1.0127303101325829e-02 0.0000000000000000e+00 -1.0127303101325829e-02 -1.4587442683895052e+01 0.0000000000000000e+00 0.0000000000000000e+00 0.0000000000000000e+00 7.4660961885029076e-01 7.9436847303276883e+00 -1.0364621588556597e-02 0.0000000000000000e+00 -1.0364621588556597e-02 -1.4177641349306320e+01 0.0000000000000000e+00 0.0000000000000000e+00 0.0000000000000000e+00 6.7314634764101910e-01 7.9759810784474814e+00 -9.9122744547345196e-02 0.0000000000000000e+00 -9.9122744547345196e-02 -1.4457170776821824e+01 0.0000000000000000e+00 0.0000000000000000e+00 0.0000000000000000e+00 7.4430975715560244e-01 7.6611886651903340e+00 -1.1334346286346622e-02 0.0000000000000000e+00 -1.1334346286346622e-02 -1.3945369258811011e+01 0.0000000000000000e+00 0.0000000000000000e+00 0.0000000000000000e+00 6.5807915524846394e-01 7.6172659928190631e+00 -1.7705228792258970e-01 0.0000000000000000e+00 -1.7705228792258970e-01 -1.4194636707831028e+01 0.0000000000000000e+00 0.0000000000000000e+00 0.0000000000000000e+00 7.1545545216450479e-01 7.1173483460391838e+00 -3.3487307151794141e-02 0.0000000000000000e+00 -3.3487307151794141e-02 -1.3694734221627655e+01 0.0000000000000000e+00 0.0000000000000000e+00 0.0000000000000000e+00 5.7011757065818336e-01 7.0711815984317061e+00 -2.9145118089791505e-01 0.0000000000000000e+00 -2.9145118089791505e-01 -1.4085242596870652e+01 0.0000000000000000e+00 0.0000000000000000e+00 0.0000000000000000e+00 5.8444836713660142e-01 6.4647298445572572e+00 -2.0460271181252923e-01 0.0000000000000000e+00 -2.0460271181252923e-01 -1.4146090002273381e+01 0.0000000000000000e+00 0.0000000000000000e+00 0.0000000000000000e+00 2.3892528601994653e-01 6.7403785290586713e+00 -2.3811991457150364e-01 0.0000000000000000e+00 -2.3811991457150364e-01 -1.4909513780792485e+01 0.0000000000000000e+00 0.0000000000000000e+00 0.0000000000000000e+00 2.3792609114832980e-01 7.4462863754402635e+00 2.6576706968641489e-01 0.0000000000000000e+00 2.6576706968641489e-01 -1.5069010621416723e+01 0.0000000000000000e+00 0.0000000000000000e+00 0.0000000000000000e+00 6.9251605953888862e-01 7.8439040204270958e+00 4.7353483311544753e-01 0.0000000000000000e+00 4.7353483311544753e-01 -1.5081442081964708e+01 0.0000000000000000e+00 0.0000000000000000e+00 0.0000000000000000e+00 9.5340524820313188e-01 7.6477385259734456e+00 5.5994849334416719e-01 0.0000000000000000e+00 5.5994849334416719e-01 -1.4760318421238917e+01 0.0000000000000000e+00 0.0000000000000000e+00 0.0000000000000000e+00 8.4555936475266358e-01 8.0566330753151263e+00 6.3788833381349141e-01 0.0000000000000000e+00 6.3788833381349141e-01 -1.5128760767112274e+01 0.0000000000000000e+00 0.0000000000000000e+00 0.0000000000000000e+00 1.0030283591259039e+00 8.0024797058523127e+00 4.5424397714198916e-01 0.0000000000000000e+00 4.5424397714198916e-01 -1.4933115036912332e+01 0.0000000000000000e+00 0.0000000000000000e+00 0.0000000000000000e+00 9.0014273401477729e-01 8.3244865675747715e+00 4.8278191503193768e-01 0.0000000000000000e+00 4.8278191503193768e-01 -1.5426737037103264e+01 0.0000000000000000e+00 0.0000000000000000e+00 0.0000000000000000e+00 9.9399152580713213e-01 8.2758330808117488e+00 2.5897447994477607e-01 0.0000000000000000e+00 2.5897447994477607e-01 -1.5208556101727293e+01 0.0000000000000000e+00 0.0000000000000000e+00 0.0000000000000000e+00 8.9951642705859602e-01 8.5030140369045917e+00 2.3179869770819689e-01 0.0000000000000000e+00 2.3179869770819689e-01 -1.5685147970580676e+01 0.0000000000000000e+00 0.0000000000000000e+00 0.0000000000000000e+00 9.7002648656348611e-01 8.3873998347130154e+00 4.2043643953949057e-02 0.0000000000000000e+00 4.2043643953949057e-02 -1.5347154242869609e+01 0.0000000000000000e+00 0.0000000000000000e+00 0.0000000000000000e+00 8.9140701088675900e-01 8.5465828465729032e+00 -4.1295013018451149e-02 0.0000000000000000e+00 -4.1295013018451149e-02 -1.5758292962720210e+01 0.0000000000000000e+00 0.0000000000000000e+00 0.0000000000000000e+00 9.6115363182275193e-01 8.3271426926304510e+00 -1.7739216647731626e-01 0.0000000000000000e+00 -1.7739216647731626e-01 -1.5277222322356492e+01 0.0000000000000000e+00 0.0000000000000000e+00 0.0000000000000000e+00 8.9430944441640370e-01 8.4506197216585885e+00 -3.1298778705586855e-01 0.0000000000000000e+00 -3.1298778705586855e-01 -1.5617935424134874e+01 0.0000000000000000e+00 0.0000000000000000e+00 0.0000000000000000e+00 9.7447195592469038e-01 8.0976110193990003e+00 -3.8571606264073649e-01 0.0000000000000000e+00 -3.8571606264073649e-01 -1.5032858051037598e+01 0.0000000000000000e+00 0.0000000000000000e+00 0.0000000000000000e+00 8.9875922384311380e-01 8.2271949210714368e+00 -5.5509575288343460e-01 0.0000000000000000e+00 -5.5509575288343460e-01 -1.5328735612986504e+01 0.0000000000000000e+00 0.0000000000000000e+00 0.0000000000000000e+00 9.9420445909368693e-01 7.7536800031482400e+00 -5.4545925283442276e-01 0.0000000000000000e+00 -5.4545925283442276e-01 -1.4796777399643595e+01 0.0000000000000000e+00 0.0000000000000000e+00 0.0000000000000000e+00 8.6640411438656406e-01 7.9602955658580186e+00 -6.5798183473101346e-01 0.0000000000000000e+00 -6.5798183473101346e-01 -1.5100414023063271e+01 0.0000000000000000e+00 0.0000000000000000e+00 0.0000000000000000e+00 9.8263112950726272e-01 7.4762957763520479e+00 -4.4625935415136675e-01 0.0000000000000000e+00 -4.4625935415136675e-01 -1.4940387411074916e+01 0.0000000000000000e+00 0.0000000000000000e+00 0.0000000000000000e+00 7.4010584291878700e-01 7.8225693735154973e+00 -2.8479421997179477e-01 0.0000000000000000e+00 -2.8479421997179477e-01 -1.5206134512072802e+01 0.0000000000000000e+00 0.0000000000000000e+00 0.0000000000000000e+00 9.0959712510228063e-01 8.5456577034617727e+00 3.0532879359140708e-01 0.0000000000000000e+00 3.0532879359140708e-01 -1.5271146994710636e+01 0.0000000000000000e+00 0.0000000000000000e+00 0.0000000000000000e+00 1.3976865459542986e+00 8.9264383487283112e+00 5.6100974881524213e-01 0.0000000000000000e+00 5.6100974881524213e-01 -1.5518029340417201e+01 0.0000000000000000e+00 0.0000000000000000e+00 0.0000000000000000e+00 1.5831893691550327e+00 8.6292423014644264e+00 7.6878723052871090e-01 0.0000000000000000e+00 7.6878723052871090e-01 -1.5657919225144896e+01 0.0000000000000000e+00 0.0000000000000000e+00 0.0000000000000000e+00 1.3067302562257583e+00 8.9862416673829486e+00 8.0286218047953284e-01 0.0000000000000000e+00 8.0286218047953284e-01 -1.6148575116025381e+01 0.0000000000000000e+00 0.0000000000000000e+00 0.0000000000000000e+00 1.4119666320700652e+00 8.7569232101929035e+00 6.8480453145871689e-01 0.0000000000000000e+00 6.8480453145871689e-01 -1.6114389805839231e+01 0.0000000000000000e+00 0.0000000000000000e+00 0.0000000000000000e+00 1.2080933546369426e+00 9.0250128983510649e+00 6.1679731681102767e-01 0.0000000000000000e+00 6.1679731681102767e-01 -1.6671872191148402e+01 0.0000000000000000e+00 0.0000000000000000e+00 0.0000000000000000e+00 1.2666088788246885e+00 8.8473018104493466e+00 3.9386514774928066e-01 0.0000000000000000e+00 3.9386514774928066e-01 -1.6467343548704054e+01 0.0000000000000000e+00 0.0000000000000000e+00 0.0000000000000000e+00 1.1293208118553684e+00 9.0316331370754721e+00 2.9083640266610661e-01 0.0000000000000000e+00 2.9083640266610661e-01 -1.6984311633268952e+01 0.0000000000000000e+00 0.0000000000000000e+00 0.0000000000000000e+00 1.1748631178069431e+00 8.8787081856932151e+00 5.7981123907719180e-02 0.0000000000000000e+00 5.7981123907719180e-02 -1.6618968314741910e+01 0.0000000000000000e+00 0.0000000000000000e+00 0.0000000000000000e+00 1.0932552946181149e+00 9.0268072115942548e+00 -5.7586812570833291e-02 0.0000000000000000e+00 -5.7586812570833291e-02 -1.7062467350494359e+01 0.0000000000000000e+00 0.0000000000000000e+00 0.0000000000000000e+00 1.1499686249960519e+00 8.8564961436088332e+00 -2.7927553392404209e-01 0.0000000000000000e+00 -2.7927553392404209e-01 -1.6543997366449183e+01 0.0000000000000000e+00 0.0000000000000000e+00 0.0000000000000000e+00 1.1090829664815582e+00 9.0218372516036354e+00 -4.0481027702680250e-01 0.0000000000000000e+00 -4.0481027702680250e-01 -1.6908571251186462e+01 0.0000000000000000e+00 0.0000000000000000e+00 0.0000000000000000e+00 1.1946464667923313e+00 8.7816333296429097e+00 -5.9218118722519364e-01 0.0000000000000000e+00 -5.9218118722519364e-01 -1.6259235843115928e+01 0.0000000000000000e+00 0.0000000000000000e+00 0.0000000000000000e+00 1.1720525792926999e+00 9.0045399297507505e+00 -7.1012782408077169e-01 0.0000000000000000e+00 -7.1012782408077169e-01 -1.6532365129074929e+01 0.0000000000000000e+00 0.0000000000000000e+00 0.0000000000000000e+00 1.3023191068710214e+00 8.6659410942418216e+00 -7.7301877225577420e-01 0.0000000000000000e+00 -7.7301877225577420e-01 -1.5838871550435476e+01 0.0000000000000000e+00 0.0000000000000000e+00 0.0000000000000000e+00 1.2634541964774513e+00 8.9617169003252837e+00 -8.0053947638398615e-01 0.0000000000000000e+00 -8.0053947638398615e-01 -1.5977974693732707e+01 0.0000000000000000e+00 0.0000000000000000e+00 0.0000000000000000e+00 1.4557893286471431e+00 8.5627814469842303e+00 -5.4458755210262377e-01 0.0000000000000000e+00 -5.4458755210262377e-01 -1.5423207905496040e+01 0.0000000000000000e+00 0.0000000000000000e+00 0.0000000000000000e+00 1.3572053957829437e+00 8.9108029616918056e+00 -3.2014504045662495e-01 0.0000000000000000e+00 -3.2014504045662495e-01 -1.5357752740001576e+01 0.0000000000000000e+00 0.0000000000000000e+00 0.0000000000000000e+00 1.6265817331775365e+00 9.6314654544226990e+00 3.3323259677060130e-01 0.0000000000000000e+00 3.3323259677060130e-01 -1.5357904649125681e+01 0.0000000000000000e+00 0.0000000000000000e+00 0.0000000000000000e+00 2.1334015749159994e+00 9.9930828301744548e+00 5.7184395138465516e-01 0.0000000000000000e+00 5.7184395138465516e-01 -1.5910987885289460e+01 0.0000000000000000e+00 0.0000000000000000e+00 0.0000000000000000e+00 2.2212951501259615e+00 9.6111689707345480e+00 7.9745986291952053e-01 0.0000000000000000e+00 7.9745986291952053e-01 -1.6520880982454624e+01 0.0000000000000000e+00 0.0000000000000000e+00 0.0000000000000000e+00 1.7784197298121414e+00 9.8484645532583990e+00 7.3309357771100347e-01 0.0000000000000000e+00 7.3309357771100347e-01 -1.7199767438058359e+01 0.0000000000000000e+00 0.0000000000000000e+00 0.0000000000000000e+00 1.7912758012217660e+00 9.4858075610096098e+00 6.6798295546661146e-01 0.0000000000000000e+00 6.6798295546661146e-01 -1.7340739254918802e+01 0.0000000000000000e+00 0.0000000000000000e+00 0.0000000000000000e+00 1.4948538251566770e+00 9.5756212360985611e+00 4.9722318258636189e-01 0.0000000000000000e+00 4.9722318258636189e-01 -1.7952868853725359e+01 0.0000000000000000e+00 0.0000000000000000e+00 0.0000000000000000e+00 1.4834923813750069e+00 9.3252148321764228e+00 3.5946679186404096e-01 0.0000000000000000e+00 3.5946679186404096e-01 -1.7782823963866161e+01 0.0000000000000000e+00 0.0000000000000000e+00 0.0000000000000000e+00 1.3140505938237856e+00 9.3386757821241613e+00 2.1007904519143308e-01 0.0000000000000000e+00 2.1007904519143308e-01 -1.8289441353948618e+01 0.0000000000000000e+00 0.0000000000000000e+00 0.0000000000000000e+00 1.3114369951169984e+00 9.2369270162488952e+00 4.5624739973925535e-02 0.0000000000000000e+00 4.5624739973925535e-02 -1.7938103861184121e+01 0.0000000000000000e+00 0.0000000000000000e+00 0.0000000000000000e+00 1.2409802798514087e+00 9.2641608294425755e+00 -4.6979406299884521e-02 0.0000000000000000e+00 -4.6979406299884521e-02 -1.8359979963787826e+01 0.0000000000000000e+00 0.0000000000000000e+00 0.0000000000000000e+00 1.2679209263620528e+00 9.2718196432598230e+00 -2.5996027317456805e-01 0.0000000000000000e+00 -2.5996027317456805e-01 -1.7861293230759518e+01 0.0000000000000000e+00 0.0000000000000000e+00 0.0000000000000000e+00 1.2744912570833380e+00 9.3868444199285825e+00 -3.0991020248925844e-01 0.0000000000000000e+00 -3.0991020248925844e-01 -1.8209253999940479e+01 0.0000000000000000e+00 0.0000000000000000e+00 0.0000000000000000e+00 1.3499437926633504e+00 9.4101588808601804e+00 -5.6603934601665307e-01 0.0000000000000000e+00 -5.6603934601665307e-01 -1.7531949714260115e+01 0.0000000000000000e+00 0.0000000000000000e+00 0.0000000000000000e+00 1.4147960833145370e+00 9.6507664035177214e+00 -5.9505949342847675e-01 0.0000000000000000e+00 -5.9505949342847675e-01 -1.7764447578268733e+01 0.0000000000000000e+00 0.0000000000000000e+00 0.0000000000000000e+00 1.5625623142429044e+00 9.5657952113544535e+00 -7.7527380184295147e-01 0.0000000000000000e+00 -7.7527380184295147e-01 -1.6868435209373619e+01 0.0000000000000000e+00 0.0000000000000000e+00 0.0000000000000000e+00 1.6605413339300399e+00 9.9068606928216418e+00 -7.5387111083568215e-01 0.0000000000000000e+00 -7.5387111083568215e-01 -1.6864055039822105e+01 0.0000000000000000e+00 0.0000000000000000e+00 0.0000000000000000e+00 1.9095083625693587e+00 9.6334743042199502e+00 -5.7449076342430205e-01 0.0000000000000000e+00 -5.7449076342430205e-01 -1.5817950085063126e+01 0.0000000000000000e+00 0.0000000000000000e+00 0.0000000000000000e+00 1.9959905990841049e+00 9.9949163756624788e+00 -3.3442230634948505e-01 0.0000000000000000e+00 -3.3442230634948505e-01 -1.5444116936123690e+01 0.0000000000000000e+00 0.0000000000000000e+00 0.0000000000000000e+00 2.3619064985324258e+00 1.0703159531346571e+01 3.1947495832253398e-01 0.0000000000000000e+00 3.1947495832253398e-01 -1.5447585739418884e+01 0.0000000000000000e+00 0.0000000000000000e+00 0.0000000000000000e+00 2.8640054709054241e+00 1.1011762771081218e+01 4.1975917456861994e-01 0.0000000000000000e+00 4.1975917456861994e-01 -1.6479480542731192e+01 0.0000000000000000e+00 0.0000000000000000e+00 0.0000000000000000e+00 2.7923513351663845e+00 1.0455030610099094e+01 5.5679744156619271e-01 0.0000000000000000e+00 5.5679744156619271e-01 -1.7515816215441735e+01 0.0000000000000000e+00 0.0000000000000000e+00 0.0000000000000000e+00 2.1690976517255214e+00 1.0413528928042350e+01 2.6480950411702658e-01 0.0000000000000000e+00 2.6480950411702658e-01 -1.8400496317867315e+01 0.0000000000000000e+00 0.0000000000000000e+00 0.0000000000000000e+00 2.0365764497149712e+00 9.8894947522969616e+00 2.9788785409533119e-01 0.0000000000000000e+00 2.9788785409533119e-01 -1.8596790357702570e+01 0.0000000000000000e+00 0.0000000000000000e+00 0.0000000000000000e+00 1.6751446517078279e+00 9.6189279041897642e+00 -3.6966076784685154e-04 0.0000000000000000e+00 -3.6966076784685154e-04 -1.9183176698769739e+01 0.0000000000000000e+00 0.0000000000000000e+00 0.0000000000000000e+00 1.5633920282895488e+00 9.3566432010430365e+00 8.7262629989883128e-02 0.0000000000000000e+00 8.7262629989883128e-02 -1.9012285480319584e+01 0.0000000000000000e+00 0.0000000000000000e+00 0.0000000000000000e+00 1.3906406495477408e+00 9.0429986119568433e+00 -6.3445379095825011e-02 0.0000000000000000e+00 -6.3445379095825011e-02 -1.9416642285855406e+01 0.0000000000000000e+00 0.0000000000000000e+00 0.0000000000000000e+00 1.3205735644950558e+00 9.1062829676068233e+00 -5.7260218548251130e-03 0.0000000000000000e+00 -5.7260218548251130e-03 -1.9122950032612518e+01 0.0000000000000000e+00 0.0000000000000000e+00 0.0000000000000000e+00 1.2823332138301957e+00 8.8800938251546881e+00 -9.9037217017620732e-04 0.0000000000000000e+00 -9.9037217017620732e-04 -1.9449497892528619e+01 0.0000000000000000e+00 0.0000000000000000e+00 0.0000000000000000e+00 1.2618454464535271e+00 9.2162713171459050e+00 -7.3277367276866845e-02 0.0000000000000000e+00 -7.3277367276866845e-02 -1.9064257443631512e+01 0.0000000000000000e+00 0.0000000000000000e+00 0.0000000000000000e+00 1.3329374953874176e+00 9.1638701826922304e+00 4.2634258783908557e-02 0.0000000000000000e+00 4.2634258783908557e-02 -1.9356267540752267e+01 0.0000000000000000e+00 0.0000000000000000e+00 0.0000000000000000e+00 1.3749474592487774e+00 9.6529021582482457e+00 -2.1803098259698070e-01 0.0000000000000000e+00 -2.1803098259698070e-01 -1.8776839079710715e+01 0.0000000000000000e+00 0.0000000000000000e+00 0.0000000000000000e+00 1.5501522568955544e+00 9.8302312551344286e+00 -6.9716711879238100e-02 0.0000000000000000e+00 -6.9716711879238100e-02 -1.8992611464638774e+01 0.0000000000000000e+00 0.0000000000000000e+00 0.0000000000000000e+00 1.6839526038165680e+00 1.0245988245312615e+01 -4.5143620702590459e-01 0.0000000000000000e+00 -4.5143620702590459e-01 -1.7994488164841826e+01 0.0000000000000000e+00 0.0000000000000000e+00 0.0000000000000000e+00 1.9627833574767284e+00 1.0631716329586920e+01 -3.5596943534017006e-01 0.0000000000000000e+00 -3.5596943534017006e-01 -1.7932090054426165e+01 0.0000000000000000e+00 0.0000000000000000e+00 0.0000000000000000e+00 2.2425545492171790e+00 1.0662870708262467e+01 -4.6745429313490633e-01 0.0000000000000000e+00 -4.6745429313490633e-01 -1.6308484352082846e+01 0.0000000000000000e+00 0.0000000000000000e+00 0.0000000000000000e+00 2.5936492401905742e+00 1.1073879147993823e+01 -2.8220939025599151e-01 0.0000000000000000e+00 -2.8220939025599151e-01 -1.5623240336641464e+01 0.0000000000000000e+00 0.0000000000000000e+00 0.0000000000000000e+00 3.0678583100757444e+00 1.1734225792193520e+01 1.7546352162127307e-01 0.0000000000000000e+00 1.7546352162127307e-01 -1.5833363043229761e+01 0.0000000000000000e+00 0.0000000000000000e+00 0.0000000000000000e+00 3.4935921580179436e+00 1.1835455071914131e+01 -1.8280048683841055e-01 0.0000000000000000e+00 -1.8280048683841055e-01 -1.7700929431592670e+01 0.0000000000000000e+00 0.0000000000000000e+00 0.0000000000000000e+00 3.1090243587594042e+00 1.0890536715727860e+01 -2.8256581653871610e-01 0.0000000000000000e+00 -2.8256581653871610e-01 -1.8869346335194827e+01 0.0000000000000000e+00 0.0000000000000000e+00 0.0000000000000000e+00 2.3296904474895794e+00 1.0186920869817950e+01 -9.8349223220938786e-01 0.0000000000000000e+00 -9.8349223220938786e-01 -1.9794139633239951e+01 0.0000000000000000e+00 0.0000000000000000e+00 0.0000000000000000e+00 1.9865010376371013e+00 9.5106788312270769e+00 -6.2826931793672791e-01 0.0000000000000000e+00 -6.2826931793672791e-01 -1.9776029708613063e+01 0.0000000000000000e+00 0.0000000000000000e+00 0.0000000000000000e+00 1.6437280701147297e+00 8.6309099973794599e+00 -1.0127373028656259e+00 0.0000000000000000e+00 -1.0127373028656259e+00 -2.0139216765997471e+01 0.0000000000000000e+00 0.0000000000000000e+00 0.0000000000000000e+00 1.4161746360790384e+00 8.5043953617381440e+00 -4.8258248963462635e-01 0.0000000000000000e+00 -4.8258248963462635e-01 -1.9935634303116867e+01 0.0000000000000000e+00 0.0000000000000000e+00 0.0000000000000000e+00 1.2939616509177607e+00 7.7230065582824947e+00 -5.4643095839606914e-01 0.0000000000000000e+00 -5.4643095839606914e-01 -2.0115643472732014e+01 0.0000000000000000e+00 0.0000000000000000e+00 0.0000000000000000e+00 1.1508755923303253e+00 8.0906498021927042e+00 -9.9390788899738639e-02 0.0000000000000000e+00 -9.9390788899738639e-02 -1.9940302138075232e+01 0.0000000000000000e+00 0.0000000000000000e+00 0.0000000000000000e+00 1.1684376325674721e+00 7.4939471838408416e+00 8.1043806354429995e-02 0.0000000000000000e+00 8.1043806354429995e-02 -2.0089833352170569e+01 0.0000000000000000e+00 0.0000000000000000e+00 0.0000000000000000e+00 1.0899008161670038e+00 8.2774633579995207e+00 3.1527836754676047e-01 0.0000000000000000e+00 3.1527836754676047e-01 -1.9927628196590319e+01 0.0000000000000000e+00 0.0000000000000000e+00 0.0000000000000000e+00 1.2282838817558452e+00 7.9117729001807566e+00 6.8650966047249906e-01 0.0000000000000000e+00 6.8650966047249906e-01 -2.0106422156232995e+01 0.0000000000000000e+00 0.0000000000000000e+00 0.0000000000000000e+00 1.2102718898509870e+00 9.0567410472830758e+00 5.8373237744333328e-01 0.0000000000000000e+00 5.8373237744333328e-01 -1.9832581424999340e+01 0.0000000000000000e+00 0.0000000000000000e+00 0.0000000000000000e+00 1.4905812200190589e+00 9.0027855252076048e+00 1.0653873288828033e+00 0.0000000000000000e+00 1.0653873288828033e+00 -2.0048350802921522e+01 0.0000000000000000e+00 0.0000000000000000e+00 0.0000000000000000e+00 1.5549970833532243e+00 1.0327344941212614e+01 4.8554872059319626e-01 0.0000000000000000e+00 4.8554872059319626e-01 -1.9285185206872367e+01 0.0000000000000000e+00 0.0000000000000000e+00 0.0000000000000000e+00 2.0359812536368631e+00 1.0690248667920828e+01 8.3010971915692988e-01 0.0000000000000000e+00 8.3010971915692988e-01 -1.9350662292216473e+01 0.0000000000000000e+00 0.0000000000000000e+00 0.0000000000000000e+00 2.2705425793794438e+00 1.1552963629533906e+01 1.4248059088691055e-02 0.0000000000000000e+00 1.4248059088691055e-02 -1.7249452730711205e+01 0.0000000000000000e+00 0.0000000000000000e+00 0.0000000000000000e+00 3.0143866029824564e+00 1.2109729633684601e+01 -1.9052167770824045e-02 0.0000000000000000e+00 -1.9052167770824045e-02 -1.6336279005473529e+01 0.0000000000000000e+00 0.0000000000000000e+00 0.0000000000000000e+00 3.6007018551321961e+00 1.2559781737688215e+01 -4.9929966876242105e-01 0.0000000000000000e+00 -4.9929966876242105e-01 -1.7496463198835340e+01 0.0000000000000000e+00 0.0000000000000000e+00 0.0000000000000000e+00 3.6783288949863815e+00 1.1432226357027160e+01 -2.3423298884722219e+00 0.0000000000000000e+00 -2.3423298884722219e+00 -2.0654818758317745e+01 0.0000000000000000e+00 0.0000000000000000e+00 0.0000000000000000e+00 2.5378889462773762e+00 9.9764805157017840e+00 -2.3548718390027639e+00 0.0000000000000000e+00 -2.3548718390027639e+00 -2.0533720924091401e+01 0.0000000000000000e+00 0.0000000000000000e+00 0.0000000000000000e+00 1.9921612108141455e+00 8.0134386226413277e+00 -3.3650212382299620e+00 0.0000000000000000e+00 -3.3650212382299620e+00 -2.0910331650495024e+01 0.0000000000000000e+00 0.0000000000000000e+00 0.0000000000000000e+00 1.4355987583088465e+00 7.5891100168936161e+00 -2.1901216831737078e+00 0.0000000000000000e+00 -2.1901216831737078e+00 -2.0486332606184199e+01 0.0000000000000000e+00 0.0000000000000000e+00 0.0000000000000000e+00 1.2901665565443703e+00 5.9597617560066372e+00 -2.3821535074372333e+00 0.0000000000000000e+00 -2.3821535074372333e+00 -2.0376827756549591e+01 0.0000000000000000e+00 0.0000000000000000e+00 0.0000000000000000e+00 9.7954686650247047e-01 6.3438275752366193e+00 -1.2663521658207488e+00 0.0000000000000000e+00 -1.2663521658207488e+00 -2.0269947450738680e+01 0.0000000000000000e+00 0.0000000000000000e+00 0.0000000000000000e+00 9.8149737068143961e-01 5.1062757410405091e+00 -1.1015437730080522e+00 0.0000000000000000e+00 -1.1015437730080522e+00 -2.0158239028738155e+01 0.0000000000000000e+00 0.0000000000000000e+00 0.0000000000000000e+00 7.8907768035646331e-01 5.9055415285264159e+00 -2.1162339543960237e-01 0.0000000000000000e+00 -2.1162339543960237e-01 -2.0177503046935140e+01 0.0000000000000000e+00 0.0000000000000000e+00 0.0000000000000000e+00 8.7774487780995614e-01 4.9167997835360930e+00 1.7633457778365047e-01 0.0000000000000000e+00 1.7633457778365047e-01 -2.0109856430102028e+01 0.0000000000000000e+00 0.0000000000000000e+00 0.0000000000000000e+00 7.4674967269638026e-01 6.1123057344101364e+00 8.4457751834299055e-01 0.0000000000000000e+00 8.4457751834299055e-01 -2.0207938350758802e+01 0.0000000000000000e+00 0.0000000000000000e+00 0.0000000000000000e+00 9.3064354842848418e-01 5.3005985635938266e+00 1.4529627617062419e+00 0.0000000000000000e+00 1.4529627617062419e+00 -2.0193511008282101e+01 0.0000000000000000e+00 0.0000000000000000e+00 0.0000000000000000e+00 8.3679293326007842e-01 7.0232096647585616e+00 1.8191958315863124e+00 0.0000000000000000e+00 1.8191958315863124e+00 -2.0353996591299836e+01 0.0000000000000000e+00 0.0000000000000000e+00 0.0000000000000000e+00 1.1600972553712181e+00 6.4065057378354044e+00 2.7012743555070671e+00 0.0000000000000000e+00 2.7012743555070671e+00 -2.0456915769761761e+01 0.0000000000000000e+00 0.0000000000000000e+00 0.0000000000000000e+00 1.0895436570890564e+00 8.8840439429052491e+00 2.3979591148260622e+00 0.0000000000000000e+00 2.3979591148260622e+00 -2.0495134566521333e+01 0.0000000000000000e+00 0.0000000000000000e+00 0.0000000000000000e+00 1.6760061462492843e+00 8.6784674047771606e+00 3.4839603012332763e+00 0.0000000000000000e+00 3.4839603012332763e+00 -2.0895678623058309e+01 0.0000000000000000e+00 0.0000000000000000e+00 0.0000000000000000e+00 1.6395033011830196e+00 1.1688033502969356e+01 1.5838680028256513e+00 0.0000000000000000e+00 1.5838680028256513e+00 -1.9329689398791011e+01 0.0000000000000000e+00 0.0000000000000000e+00 0.0000000000000000e+00 2.8668365645881275e+00 1.2461733712264488e+01 1.2531846955779697e+00 0.0000000000000000e+00 1.2531846955779697e+00 -1.8882094840518889e+01 0.0000000000000000e+00 0.0000000000000000e+00 0.0000000000000000e+00 3.3785583281914451e+00 1.1337801485595728e+01 -4.9792718261514120e+00 0.0000000000000000e+00 -4.9792718261514120e+00 -2.5799064913495481e+01 0.0000000000000000e+00 0.0000000000000000e+00 0.0000000000000000e+00 1.2569543049622940e+00 2.8914000825183406e+00 -8.6409315514378839e+00 0.0000000000000000e+00 -8.6409315514378839e+00 -2.3758303490966661e+01 0.0000000000000000e+00 0.0000000000000000e+00 0.0000000000000000e+00 -5.1940435586833389e-01 5.0322958326455467e+00 -5.7805635634164414e+00 0.0000000000000000e+00 -5.7805635634164414e+00 -2.1216219278476558e+01 0.0000000000000000e+00 0.0000000000000000e+00 0.0000000000000000e+00 7.4015629958311269e-01 2.1342847402132676e+00 -5.4978450531263636e+00 0.0000000000000000e+00 -5.4978450531263636e+00 -2.0142043034440050e+01 0.0000000000000000e+00 0.0000000000000000e+00 0.0000000000000000e+00 3.3833917839822014e-01 3.4739191376635223e+00 -3.6693514299092791e+00 0.0000000000000000e+00 -3.6693514299092791e+00 -2.0122541357928579e+01 0.0000000000000000e+00 0.0000000000000000e+00 0.0000000000000000e+00 6.0074666725309100e-01 1.6629095535559113e+00 -3.2452078463540199e+00 0.0000000000000000e+00 -3.2452078463540199e+00 -1.9677794829416289e+01 0.0000000000000000e+00 0.0000000000000000e+00 0.0000000000000000e+00 3.3620108390823955e-01 2.8412854058659014e+00 -1.8894175736755001e+00 0.0000000000000000e+00 -1.8894175736755001e+00 -1.9870436787199818e+01 0.0000000000000000e+00 0.0000000000000000e+00 0.0000000000000000e+00 4.8658791893262732e-01 1.4337707177610528e+00 -1.4225282654452456e+00 0.0000000000000000e+00 -1.4225282654452456e+00 -1.9606408867813609e+01 0.0000000000000000e+00 0.0000000000000000e+00 0.0000000000000000e+00 2.8887522165068241e-01 2.6316822659978474e+00 -2.8971800037987921e-01 0.0000000000000000e+00 -2.8971800037987921e-01 -1.9813755283767019e+01 0.0000000000000000e+00 0.0000000000000000e+00 0.0000000000000000e+00 4.4071142800224428e-01 1.3872712636364115e+00 2.3927571001173592e-01 0.0000000000000000e+00 2.3927571001173592e-01 -1.9599106655752049e+01 0.0000000000000000e+00 0.0000000000000000e+00 0.0000000000000000e+00 2.7711604903185610e-01 2.7463166953464109e+00 1.2800695955175430e+00 0.0000000000000000e+00 1.2800695955175430e+00 -1.9834272345289779e+01 0.0000000000000000e+00 0.0000000000000000e+00 0.0000000000000000e+00 4.6894663835017769e-01 1.5153304461410835e+00 1.9233131633488989e+00 0.0000000000000000e+00 1.9233131633488989e+00 -1.9613285713602075e+01 0.0000000000000000e+00 0.0000000000000000e+00 0.0000000000000000e+00 3.1128008642834593e-01 3.2406165240316125e+00 2.9490524328672221e+00 0.0000000000000000e+00 2.9490524328672221e+00 -1.9978927454834810e+01 0.0000000000000000e+00 0.0000000000000000e+00 0.0000000000000000e+00 5.7384005409242178e-01 1.8768664085804592e+00 3.8176500026912734e+00 0.0000000000000000e+00 3.8176500026912734e+00 -1.9757281412178607e+01 0.0000000000000000e+00 0.0000000000000000e+00 0.0000000000000000e+00 3.7654216558729525e-01 4.4519667470609674e+00 4.7648953576071147e+00 0.0000000000000000e+00 4.7648953576071147e+00 -2.0558240053645264e+01 0.0000000000000000e+00 0.0000000000000000e+00 0.0000000000000000e+00 7.6345134135828696e-01 2.7471730548552364e+00 6.1820263537735523e+00 0.0000000000000000e+00 6.1820263537735523e+00 -2.0653931306248332e+01 0.0000000000000000e+00 0.0000000000000000e+00 0.0000000000000000e+00 3.6863919124890820e-01 7.5900459321935294e+00 5.8071474428811314e+00 0.0000000000000000e+00 5.8071474428811314e+00 -2.2721960235975015e+01 0.0000000000000000e+00 0.0000000000000000e+00 0.0000000000000000e+00 1.0557590421993217e+00 4.7284265735505935e+00 8.4514050510938858e+00 0.0000000000000000e+00 8.4514050510938858e+00 -2.6923426978945979e+01 0.0000000000000000e+00 0.0000000000000000e+00 0.0000000000000000e+00 -9.1783345495168156e-01 3.4503219489054318e+00 -6.9059991603825743e-01 0.0000000000000000e+00 -6.9059991603825743e-01 -1.1651090092633670e+01 0.0000000000000000e+00 0.0000000000000000e+00 0.0000000000000000e+00 -6.4356377645180518e-01 3.4658783298109688e+00 -4.4280585141064432e-01 0.0000000000000000e+00 -4.4280585141064432e-01 -1.1664551904046350e+01 0.0000000000000000e+00 0.0000000000000000e+00 0.0000000000000000e+00 -7.8826873893728089e-01 2.8680442781590929e+00 -6.8303800357024846e-01 0.0000000000000000e+00 -6.8303800357024846e-01 -1.2357163183134862e+01 0.0000000000000000e+00 0.0000000000000000e+00 0.0000000000000000e+00 -1.0300690048260639e+00 2.8825409002077249e+00 -4.4857041769810185e-01 0.0000000000000000e+00 -4.4857041769810185e-01 -1.2202000053631872e+01 0.0000000000000000e+00 0.0000000000000000e+00 0.0000000000000000e+00 -1.1245044126939112e+00 2.6125245343511594e+00 -4.1557472440447302e-01 0.0000000000000000e+00 -4.1557472440447302e-01 -1.2584585415769148e+01 0.0000000000000000e+00 0.0000000000000000e+00 0.0000000000000000e+00 -1.1749515977587286e+00 2.5992317716198889e+00 -2.8182348167270788e-01 0.0000000000000000e+00 -2.8182348167270788e-01 -1.2420287265908394e+01 0.0000000000000000e+00 0.0000000000000000e+00 0.0000000000000000e+00 -1.2749833149532166e+00 2.5150556105995361e+00 -1.9646406119566348e-01 0.0000000000000000e+00 -1.9646406119566348e-01 -1.2742922434236165e+01 0.0000000000000000e+00 0.0000000000000000e+00 0.0000000000000000e+00 -1.2516933804243227e+00 2.4843971576303256e+00 -1.1921684111455501e-01 0.0000000000000000e+00 -1.1921684111455501e-01 -1.2540496980075865e+01 0.0000000000000000e+00 0.0000000000000000e+00 0.0000000000000000e+00 -1.3454966134003279e+00 2.4858580173306102e+00 -2.4042697389833025e-02 0.0000000000000000e+00 -2.4042697389833025e-02 -1.2809694620246226e+01 0.0000000000000000e+00 0.0000000000000000e+00 0.0000000000000000e+00 -1.2804843142080180e+00 2.4586869454266171e+00 2.5930240006325749e-02 0.0000000000000000e+00 2.5930240006325749e-02 -1.2571192159441999e+01 0.0000000000000000e+00 0.0000000000000000e+00 0.0000000000000000e+00 -1.3624182308712816e+00 2.4938846987577246e+00 1.4219534281516624e-01 0.0000000000000000e+00 1.4219534281516624e-01 -1.2773027561479944e+01 0.0000000000000000e+00 0.0000000000000000e+00 0.0000000000000000e+00 -1.2670761921499996e+00 2.5045472453855506e+00 1.7802473747127390e-01 0.0000000000000000e+00 1.7802473747127390e-01 -1.2511583351280951e+01 0.0000000000000000e+00 0.0000000000000000e+00 0.0000000000000000e+00 -1.3307774984352863e+00 2.5511304065518301e+00 3.4692314804316726e-01 0.0000000000000000e+00 3.4692314804316726e-01 -1.2637551033919214e+01 0.0000000000000000e+00 0.0000000000000000e+00 0.0000000000000000e+00 -1.2092595215435484e+00 2.6584976948169570e+00 3.5875710366827418e-01 0.0000000000000000e+00 3.5875710366827418e-01 -1.2368611743721093e+01 0.0000000000000000e+00 0.0000000000000000e+00 0.0000000000000000e+00 -1.2417008813379080e+00 2.7218249733946083e+00 6.1509833339312536e-01 0.0000000000000000e+00 6.1509833339312536e-01 -1.2418916621317585e+01 0.0000000000000000e+00 0.0000000000000000e+00 0.0000000000000000e+00 -1.0924608277102270e+00 3.0401326121203631e+00 5.3492668221044071e-01 0.0000000000000000e+00 5.3492668221044071e-01 -1.2128021960419098e+01 0.0000000000000000e+00 0.0000000000000000e+00 0.0000000000000000e+00 -1.0550334711562874e+00 3.1310226350826147e+00 7.9487905975396855e-01 0.0000000000000000e+00 7.9487905975396855e-01 -1.2077169732253040e+01 0.0000000000000000e+00 0.0000000000000000e+00 0.0000000000000000e+00 -8.6717746248446104e-01 3.9001469042242247e+00 3.0540134715364342e-01 0.0000000000000000e+00 3.0540134715364342e-01 -1.1247133886497865e+01 0.0000000000000000e+00 0.0000000000000000e+00 0.0000000000000000e+00 -5.3276276134875888e-01 3.4216149426171465e+00 5.1906811530835019e-02 0.0000000000000000e+00 5.1906811530835019e-02 -1.0388191052754967e+01 0.0000000000000000e+00 0.0000000000000000e+00 0.0000000000000000e+00 -7.0930616637467869e-01 3.0140597380941183e+00 5.4722979351803251e-02 0.0000000000000000e+00 5.4722979351803251e-02 -1.0580586088643635e+01 0.0000000000000000e+00 0.0000000000000000e+00 0.0000000000000000e+00 -1.0346245718315215e+00 2.9748802847113476e+00 -1.5049474682722749e-01 0.0000000000000000e+00 -1.5049474682722749e-01 -1.1488962873891749e+01 0.0000000000000000e+00 0.0000000000000000e+00 0.0000000000000000e+00 -1.1735581100874537e+00 2.6839552228935903e+00 -4.2212235282179371e-02 0.0000000000000000e+00 -4.2212235282179371e-02 -1.1338724512970241e+01 0.0000000000000000e+00 0.0000000000000000e+00 0.0000000000000000e+00 -1.3610974536896625e+00 2.6021947950958131e+00 -1.6593828861949983e-01 0.0000000000000000e+00 -1.6593828861949983e-01 -1.1855164350662552e+01 0.0000000000000000e+00 0.0000000000000000e+00 0.0000000000000000e+00 -1.3952242000033546e+00 2.4022903494848786e+00 -6.4460246454085102e-02 0.0000000000000000e+00 -6.4460246454085102e-02 -1.1640962973612725e+01 0.0000000000000000e+00 0.0000000000000000e+00 0.0000000000000000e+00 -1.5362684539050202e+00 2.3987086745016954e+00 -9.5506561832074802e-02 0.0000000000000000e+00 -9.5506561832074802e-02 -1.2011285093875841e+01 0.0000000000000000e+00 0.0000000000000000e+00 0.0000000000000000e+00 -1.5031062591455777e+00 2.2486012575160164e+00 -3.4007368932952982e-02 0.0000000000000000e+00 -3.4007368932952982e-02 -1.1769057741748426e+01 0.0000000000000000e+00 0.0000000000000000e+00 0.0000000000000000e+00 -1.6208036119363893e+00 2.3259270564163566e+00 -1.0760339283292002e-02 0.0000000000000000e+00 -1.0760339283292002e-02 -1.2067027162242949e+01 0.0000000000000000e+00 0.0000000000000000e+00 0.0000000000000000e+00 -1.5416633650813105e+00 2.2122994588145160e+00 1.1565815562304823e-02 0.0000000000000000e+00 1.1565815562304823e-02 -1.1798474157332539e+01 0.0000000000000000e+00 0.0000000000000000e+00 0.0000000000000000e+00 -1.6405190762220734e+00 2.3615706818360396e+00 7.5055841879562754e-02 0.0000000000000000e+00 7.5055841879562754e-02 -1.2039656242218324e+01 0.0000000000000000e+00 0.0000000000000000e+00 0.0000000000000000e+00 -1.5227590014480190e+00 2.2880265176066721e+00 5.6000288743592336e-02 0.0000000000000000e+00 5.6000288743592336e-02 -1.1741081036236610e+01 0.0000000000000000e+00 0.0000000000000000e+00 0.0000000000000000e+00 -1.6005830222556485e+00 2.5216977542616776e+00 1.5487007491151372e-01 0.0000000000000000e+00 1.5487007491151372e-01 -1.1924599948194572e+01 0.0000000000000000e+00 0.0000000000000000e+00 0.0000000000000000e+00 -1.4402039915132017e+00 2.4932180208794410e+00 7.4727875694756876e-02 0.0000000000000000e+00 7.4727875694756876e-02 -1.1572396041347877e+01 0.0000000000000000e+00 0.0000000000000000e+00 0.0000000000000000e+00 -1.4884200728071975e+00 2.8632634049952186e+00 1.7592699332584771e-01 0.0000000000000000e+00 1.7592699332584771e-01 -1.1668358820648745e+01 0.0000000000000000e+00 0.0000000000000000e+00 0.0000000000000000e+00 -1.2608619580293916e+00 2.8315433187646923e+00 6.3788114084690323e-05 0.0000000000000000e+00 6.3788114084690323e-05 -1.1162660506770846e+01 0.0000000000000000e+00 0.0000000000000000e+00 0.0000000000000000e+00 -1.2640018230685128e+00 3.3274603822042117e+00 5.5306845383063536e-03 0.0000000000000000e+00 5.5306845383063536e-03 -1.0898609542057763e+01 0.0000000000000000e+00 0.0000000000000000e+00 0.0000000000000000e+00 -8.9067808128939918e-01 3.0712490051163766e+00 -9.6991366416315367e-02 0.0000000000000000e+00 -9.6991366416315367e-02 -1.0064201854807072e+01 0.0000000000000000e+00 0.0000000000000000e+00 0.0000000000000000e+00 -8.6255252157387541e-01 2.3721967136591444e+00 1.1565035977740101e-01 0.0000000000000000e+00 1.1565035977740101e-01 -9.6865643918833868e+00 0.0000000000000000e+00 0.0000000000000000e+00 0.0000000000000000e+00 -1.2496436368006052e+00 2.0024810983943411e+00 1.7120178949806961e-01 0.0000000000000000e+00 1.7120178949806961e-01 -9.7567564853640700e+00 0.0000000000000000e+00 0.0000000000000000e+00 0.0000000000000000e+00 -1.5269492827575850e+00 2.2734624304743671e+00 1.6186524141059264e-01 0.0000000000000000e+00 1.6186524141059264e-01 -1.0518072144169809e+01 0.0000000000000000e+00 0.0000000000000000e+00 0.0000000000000000e+00 -1.5287162474419655e+00 1.9202166469611701e+00 1.7810514721628490e-01 0.0000000000000000e+00 1.7810514721628490e-01 -1.0389241038020220e+01 0.0000000000000000e+00 0.0000000000000000e+00 0.0000000000000000e+00 -1.7413739839843816e+00 2.0878129913501278e+00 8.1058641413854216e-02 0.0000000000000000e+00 8.1058641413854216e-02 -1.0957593214443227e+01 0.0000000000000000e+00 0.0000000000000000e+00 0.0000000000000000e+00 -1.7162674002612621e+00 1.7908449399830131e+00 1.0691690327695977e-01 0.0000000000000000e+00 1.0691690327695977e-01 -1.0731151567096573e+01 0.0000000000000000e+00 0.0000000000000000e+00 0.0000000000000000e+00 -1.8827586548007340e+00 1.9434790452977029e+00 3.1139326457433350e-02 0.0000000000000000e+00 3.1139326457433350e-02 -1.1157630062956038e+01 0.0000000000000000e+00 0.0000000000000000e+00 0.0000000000000000e+00 -1.8195786386308337e+00 1.6968262186725891e+00 4.5121304382919572e-02 0.0000000000000000e+00 4.5121304382919572e-02 -1.0886938400659350e+01 0.0000000000000000e+00 0.0000000000000000e+00 0.0000000000000000e+00 -1.9577003212626944e+00 1.8840424130225417e+00 5.8494183772750622e-03 0.0000000000000000e+00 5.8494183772750622e-03 -1.1225429779746927e+01 0.0000000000000000e+00 0.0000000000000000e+00 0.0000000000000000e+00 -1.8577495433506486e+00 1.6730769049776568e+00 -5.6248244102564552e-03 0.0000000000000000e+00 -5.6248244102564552e-03 -1.0922341098643592e+01 0.0000000000000000e+00 0.0000000000000000e+00 0.0000000000000000e+00 -1.9754459247664464e+00 1.9171959120403066e+00 -1.6634075958326219e-02 0.0000000000000000e+00 -1.6634075958326219e-02 -1.1193740279753396e+01 0.0000000000000000e+00 0.0000000000000000e+00 0.0000000000000000e+00 -1.8382966436472590e+00 1.7262246736078184e+00 -6.0058521777316354e-02 0.0000000000000000e+00 -6.0058521777316354e-02 -1.0851722669942472e+01 0.0000000000000000e+00 0.0000000000000000e+00 0.0000000000000000e+00 -1.9383160655670619e+00 2.0412550888176026e+00 -5.8321794619241821e-02 0.0000000000000000e+00 -5.8321794619241821e-02 -1.1046998182779399e+01 0.0000000000000000e+00 0.0000000000000000e+00 0.0000000000000000e+00 -1.7570562615218721e+00 1.8431437529732428e+00 -1.3300937708641400e-01 0.0000000000000000e+00 -1.3300937708641400e-01 -1.0643377479322194e+01 0.0000000000000000e+00 0.0000000000000000e+00 0.0000000000000000e+00 -1.8407367845713518e+00 2.2233371854745552e+00 -1.3674314843737781e-01 0.0000000000000000e+00 -1.3674314843737781e-01 -1.0700291941275356e+01 0.0000000000000000e+00 0.0000000000000000e+00 0.0000000000000000e+00 -1.5984197600735741e+00 1.9666278335336735e+00 -2.0650682940362328e-01 0.0000000000000000e+00 -2.0650682940362328e-01 -1.0203196618408791e+01 0.0000000000000000e+00 0.0000000000000000e+00 0.0000000000000000e+00 -1.6716373021292019e+00 2.3628229909718947e+00 -1.6709018979309823e-01 0.0000000000000000e+00 -1.6709018979309823e-01 -9.9866712345335724e+00 0.0000000000000000e+00 0.0000000000000000e+00 0.0000000000000000e+00 -1.3424878064018371e+00 2.0006520923178868e+00 -1.1291937032795832e-01 0.0000000000000000e+00 -1.1291937032795832e-01 -9.4562834110154199e+00 0.0000000000000000e+00 0.0000000000000000e+00 0.0000000000000000e+00 -1.4373560622759263e+00 1.2787756447469174e+00 1.0439361663619427e-01 0.0000000000000000e+00 1.0439361663619427e-01 -9.0901597980168169e+00 0.0000000000000000e+00 0.0000000000000000e+00 0.0000000000000000e+00 -1.8347485793143026e+00 9.2329136388354760e-01 1.6969033539495854e-01 0.0000000000000000e+00 1.6969033539495854e-01 -9.0430909066543119e+00 0.0000000000000000e+00 0.0000000000000000e+00 0.0000000000000000e+00 -2.0726065294978948e+00 1.2867830233623807e+00 2.3763376833117386e-01 0.0000000000000000e+00 2.3763376833117386e-01 -9.6278812322917133e+00 0.0000000000000000e+00 0.0000000000000000e+00 0.0000000000000000e+00 -1.9936627960121325e+00 9.3586068203749895e-01 2.3440946125770173e-01 0.0000000000000000e+00 2.3440946125770173e-01 -9.4792055308952659e+00 0.0000000000000000e+00 0.0000000000000000e+00 0.0000000000000000e+00 -2.1996701213239955e+00 1.2462403227622005e+00 1.9466873495058790e-01 0.0000000000000000e+00 1.9466873495058790e-01 -1.0009475444247462e+01 0.0000000000000000e+00 0.0000000000000000e+00 0.0000000000000000e+00 -2.1203038697789114e+00 9.1467953324203866e-01 1.7865498710843641e-01 0.0000000000000000e+00 1.7865498710843641e-01 -9.7774944208960850e+00 0.0000000000000000e+00 0.0000000000000000e+00 0.0000000000000000e+00 -2.2955111329628797e+00 1.1926086964281859e+00 1.0705159027039432e-01 0.0000000000000000e+00 1.0705159027039432e-01 -1.0217874465581987e+01 0.0000000000000000e+00 0.0000000000000000e+00 0.0000000000000000e+00 -2.1989130640794738e+00 8.8665470610231689e-01 8.5118083148513102e-02 0.0000000000000000e+00 8.5118083148513102e-02 -9.9332222457882029e+00 0.0000000000000000e+00 0.0000000000000000e+00 0.0000000000000000e+00 -2.3506369285724333e+00 1.1661703474112481e+00 1.6040302323885588e-02 0.0000000000000000e+00 1.6040302323885588e-02 -1.0293388517878114e+01 0.0000000000000000e+00 0.0000000000000000e+00 0.0000000000000000e+00 -2.2294987844733924e+00 8.7882147952519851e-01 -1.6363050086061027e-02 0.0000000000000000e+00 -1.6363050086061027e-02 -9.9699670136142871e+00 0.0000000000000000e+00 0.0000000000000000e+00 0.0000000000000000e+00 -2.3640103268933941e+00 1.1822688695498531e+00 -7.5142141051198513e-02 0.0000000000000000e+00 -7.5142141051198513e-02 -1.0256498224040675e+01 0.0000000000000000e+00 0.0000000000000000e+00 0.0000000000000000e+00 -2.2136021396805794e+00 8.9801110479925084e-01 -1.1815552233876327e-01 0.0000000000000000e+00 -1.1815552233876327e-01 -9.8948436086101825e+00 0.0000000000000000e+00 0.0000000000000000e+00 0.0000000000000000e+00 -2.3357164178099450e+00 1.2320785079518797e+00 -1.6695351182557269e-01 0.0000000000000000e+00 -1.6695351182557269e-01 -1.0095115018028277e+01 0.0000000000000000e+00 0.0000000000000000e+00 0.0000000000000000e+00 -2.1502442863562519e+00 9.2861052214071427e-01 -2.0812737178874904e-01 0.0000000000000000e+00 -2.0812737178874904e-01 -9.6910208985397812e+00 0.0000000000000000e+00 0.0000000000000000e+00 0.0000000000000000e+00 -2.2653897795863860e+00 1.2806864791678909e+00 -2.3371720551192682e-01 0.0000000000000000e+00 -2.3371720551192682e-01 -9.7683873760542745e+00 0.0000000000000000e+00 0.0000000000000000e+00 0.0000000000000000e+00 -2.0376436023992484e+00 9.3694532506052186e-01 -2.3760110529786355e-01 0.0000000000000000e+00 -2.3760110529786355e-01 -9.3347185023679931e+00 0.0000000000000000e+00 0.0000000000000000e+00 0.0000000000000000e+00 -2.1559986198589076e+00 1.2866576858867345e+00 -1.7599137940193876e-01 0.0000000000000000e+00 -1.7599137940193876e-01 -9.2624626357594693e+00 0.0000000000000000e+00 0.0000000000000000e+00 0.0000000000000000e+00 -1.8840748182951530e+00 9.1362675812201444e-01 -9.5609592123429857e-02 0.0000000000000000e+00 -9.5609592123429857e-02 -8.8731941607442533e+00 0.0000000000000000e+00 0.0000000000000000e+00 0.0000000000000000e+00 -2.0245368874533378e+00 2.4818390406603047e-01 8.3473904242073016e-02 0.0000000000000000e+00 8.3473904242073016e-02 -8.4107684820978008e+00 0.0000000000000000e+00 0.0000000000000000e+00 0.0000000000000000e+00 -2.3518864845206680e+00 7.6441104293632253e-02 1.3875077931497204e-01 0.0000000000000000e+00 1.3875077931497204e-01 -8.0943433474147657e+00 0.0000000000000000e+00 0.0000000000000000e+00 0.0000000000000000e+00 -2.3811484507141176e+00 2.8341704397752721e-01 2.2077086634575696e-01 0.0000000000000000e+00 2.2077086634575696e-01 -8.7318671017189491e+00 0.0000000000000000e+00 0.0000000000000000e+00 0.0000000000000000e+00 -2.4376461284335367e+00 1.1712316803207395e-01 2.1545483222626000e-01 0.0000000000000000e+00 2.1545483222626000e-01 -8.3652524323968880e+00 0.0000000000000000e+00 0.0000000000000000e+00 0.0000000000000000e+00 -2.4502165570872219e+00 3.0758794364530417e-01 2.1063361310974146e-01 0.0000000000000000e+00 2.1063361310974146e-01 -9.0107590375820905e+00 0.0000000000000000e+00 0.0000000000000000e+00 0.0000000000000000e+00 -2.5140624392921462e+00 1.4504562478869878e-01 1.8158623159600740e-01 0.0000000000000000e+00 1.8158623159600740e-01 -8.5853218108789751e+00 0.0000000000000000e+00 0.0000000000000000e+00 0.0000000000000000e+00 -2.5078606336048601e+00 3.1179807762044937e-01 1.2793503894778749e-01 0.0000000000000000e+00 1.2793503894778749e-01 -9.1870338196987049e+00 0.0000000000000000e+00 0.0000000000000000e+00 0.0000000000000000e+00 -2.5656818337345886e+00 1.5574036096412788e-01 9.1350515738084809e-02 0.0000000000000000e+00 9.1350515738084809e-02 -8.7137605842042092e+00 0.0000000000000000e+00 0.0000000000000000e+00 0.0000000000000000e+00 -2.5431838447498030e+00 3.1046886575296845e-01 1.8970308179553301e-02 0.0000000000000000e+00 1.8970308179553301e-02 -9.2556265376812714e+00 0.0000000000000000e+00 0.0000000000000000e+00 0.0000000000000000e+00 -2.5866584126896028e+00 1.5799353255931964e-01 -1.9437746922138070e-02 0.0000000000000000e+00 -1.9437746922138070e-02 -8.7451653715981479e+00 0.0000000000000000e+00 0.0000000000000000e+00 0.0000000000000000e+00 -2.5519293294894259e+00 3.1237521407479846e-01 -9.3163417810472340e-02 0.0000000000000000e+00 -9.3163417810472340e-02 -9.2205958900360656e+00 0.0000000000000000e+00 0.0000000000000000e+00 0.0000000000000000e+00 -2.5755773138994904e+00 1.5479729644737947e-01 -1.2707582257411845e-01 0.0000000000000000e+00 -1.2707582257411845e-01 -8.6797746679134669e+00 0.0000000000000000e+00 0.0000000000000000e+00 0.0000000000000000e+00 -2.5332709892176037e+00 3.1200957475919500e-01 -1.8826698961583146e-01 0.0000000000000000e+00 -1.8826698961583146e-01 -9.0783307596920828e+00 0.0000000000000000e+00 0.0000000000000000e+00 0.0000000000000000e+00 -2.5330074665909770e+00 1.3903312513879257e-01 -2.0443627329926178e-01 0.0000000000000000e+00 -2.0443627329926178e-01 -8.5162813485497839e+00 0.0000000000000000e+00 0.0000000000000000e+00 0.0000000000000000e+00 -2.4889522448010744e+00 2.9468156565957437e-01 -2.2841509782148758e-01 0.0000000000000000e+00 -2.2841509782148758e-01 -8.8267273065520708e+00 0.0000000000000000e+00 0.0000000000000000e+00 0.0000000000000000e+00 -2.4627248333788594e+00 1.0333748507872091e-01 -2.0652306846133209e-01 0.0000000000000000e+00 -2.0652306846133209e-01 -8.2684813591999244e+00 0.0000000000000000e+00 0.0000000000000000e+00 0.0000000000000000e+00 -2.4253209400141391e+00 2.5856820529868385e-01 -1.4763748893912726e-01 0.0000000000000000e+00 -1.4763748893912726e-01 -8.5046911232061539e+00 0.0000000000000000e+00 0.0000000000000000e+00 0.0000000000000000e+00 -2.3769479864833514e+00 6.6004524655545266e-02 -7.3970184258366406e-02 0.0000000000000000e+00 -7.3970184258366406e-02 -8.0022190195837837e+00 0.0000000000000000e+00 0.0000000000000000e+00 0.0000000000000000e+00 -2.3566421262562769e+00 5.1946613826167878e-03 6.2393694121353024e-02 0.0000000000000000e+00 6.2393694121353024e-02 -6.8921351777560798e+00 0.0000000000000000e+00 0.0000000000000000e+00 0.0000000000000000e+00 -2.0660821549120389e+00 1.4170772255272837e-02 1.0381328791881234e-01 0.0000000000000000e+00 1.0381328791881234e-01 -6.3307479174042500e+00 0.0000000000000000e+00 0.0000000000000000e+00 0.0000000000000000e+00 -1.8949731435446930e+00 4.3678472094662628e-02 1.7654248329132394e-01 0.0000000000000000e+00 1.7654248329132394e-01 -7.0650931515879147e+00 0.0000000000000000e+00 0.0000000000000000e+00 0.0000000000000000e+00 -2.1064244038479756e+00 5.8947631649943162e-02 1.7154822930270891e-01 0.0000000000000000e+00 1.7154822930270891e-01 -6.4810036582019679e+00 0.0000000000000000e+00 0.0000000000000000e+00 0.0000000000000000e+00 -1.9266168079656074e+00 8.8391724157395157e-02 1.8190450721398393e-01 0.0000000000000000e+00 1.8190450721398393e-01 -7.2452790128466287e+00 0.0000000000000000e+00 0.0000000000000000e+00 0.0000000000000000e+00 -2.1470661866067697e+00 1.0216786793457289e-01 1.5315978872462838e-01 0.0000000000000000e+00 1.5315978872462838e-01 -6.6232295995562129e+00 0.0000000000000000e+00 0.0000000000000000e+00 0.0000000000000000e+00 -1.9563185194864918e+00 1.1736115787903269e-01 1.1669731192247827e-01 0.0000000000000000e+00 1.1669731192247827e-01 -7.3724608976494093e+00 0.0000000000000000e+00 0.0000000000000000e+00 0.0000000000000000e+00 -2.1765299219311132e+00 1.2821950545207803e-01 7.9684591092178403e-02 0.0000000000000000e+00 7.9684591092178403e-02 -6.7134605696595697e+00 0.0000000000000000e+00 0.0000000000000000e+00 0.0000000000000000e+00 -1.9755723192622476e+00 1.2832203124447064e-01 1.7422187865491403e-02 0.0000000000000000e+00 1.7422187865491403e-02 -7.4246409432861942e+00 0.0000000000000000e+00 0.0000000000000000e+00 0.0000000000000000e+00 -2.1888956736125165e+00 1.3474188916827845e-01 -1.7777566201305318e-02 0.0000000000000000e+00 -1.7777566201305318e-02 -6.7360300807633235e+00 0.0000000000000000e+00 0.0000000000000000e+00 0.0000000000000000e+00 -1.9803864574785135e+00 1.2306423242549958e-01 -8.6369563599923163e-02 0.0000000000000000e+00 -8.6369563599923163e-02 -7.3970791315311963e+00 0.0000000000000000e+00 0.0000000000000000e+00 0.0000000000000000e+00 -2.1822044697317091e+00 1.2184092105896929e-01 -1.1057405361634090e-01 0.0000000000000000e+00 -1.1057405361634090e-01 -6.6882320191351381e+00 0.0000000000000000e+00 0.0000000000000000e+00 0.0000000000000000e+00 -1.9699173294228505e+00 1.0020841483931681e-01 -1.6614876967853148e-01 0.0000000000000000e+00 -1.6614876967853148e-01 -7.2915115294446160e+00 0.0000000000000000e+00 0.0000000000000000e+00 0.0000000000000000e+00 -2.1573909343815898e+00 8.9048662855946425e-02 -1.6887337648636400e-01 0.0000000000000000e+00 -1.6887337648636400e-01 -6.5758489249110426e+00 0.0000000000000000e+00 0.0000000000000000e+00 0.0000000000000000e+00 -1.9460400786165291e+00 5.9476645423128471e-02 -1.8755058515793488e-01 0.0000000000000000e+00 -1.8755058515793488e-01 -7.1224488973272173e+00 0.0000000000000000e+00 0.0000000000000000e+00 0.0000000000000000e+00 -2.1188916755712266e+00 4.2003517720193471e-02 -1.5962516763886175e-01 0.0000000000000000e+00 -1.5962516763886175e-01 -6.4228898599707893e+00 0.0000000000000000e+00 0.0000000000000000e+00 0.0000000000000000e+00 -1.9142659026751789e+00 1.4669312539849409e-02 -1.1239509645538071e-01 0.0000000000000000e+00 -1.1239509645538071e-01 -6.9367687731180485e+00 0.0000000000000000e+00 0.0000000000000000e+00 0.0000000000000000e+00 -2.0766298381734596e+00 4.7868583196510146e-03 -5.3851902618499620e-02 0.0000000000000000e+00 -5.3851902618499620e-02 -6.2871398558523843e+00 0.0000000000000000e+00 0.0000000000000000e+00 0.0000000000000000e+00 -1.8847058992598198e+00 4.5141343622152261e-03 4.3708787503890345e-02 0.0000000000000000e+00 4.3708787503890345e-02 -5.0776572531785700e+00 0.0000000000000000e+00 0.0000000000000000e+00 0.0000000000000000e+00 -1.5219429356449063e+00 1.2814479925960520e-02 7.1284169997470392e-02 0.0000000000000000e+00 7.1284169997470392e-02 -4.4713379098909725e+00 0.0000000000000000e+00 0.0000000000000000e+00 0.0000000000000000e+00 -1.3375570289895033e+00 4.0349231488226306e-02 1.2845964469188587e-01 0.0000000000000000e+00 1.2845964469188587e-01 -5.1529889576731245e+00 0.0000000000000000e+00 0.0000000000000000e+00 0.0000000000000000e+00 -1.5337919178554698e+00 5.5704430463939407e-02 1.2341400060628076e-01 0.0000000000000000e+00 1.2341400060628076e-01 -4.5401337483252400e+00 0.0000000000000000e+00 0.0000000000000000e+00 0.0000000000000000e+00 -1.3453287953583899e+00 8.7832253074389841e-02 1.3933547803961169e-01 0.0000000000000000e+00 1.3933547803961169e-01 -5.2546363154926725e+00 0.0000000000000000e+00 0.0000000000000000e+00 0.0000000000000000e+00 -1.5500412187254851e+00 1.0072871571560139e-01 1.1539563253553239e-01 0.0000000000000000e+00 1.1539563253553239e-01 -4.6186995695984976e+00 0.0000000000000000e+00 0.0000000000000000e+00 0.0000000000000000e+00 -1.3553912561648689e+00 1.2337734855825488e-01 9.2864735110480032e-02 0.0000000000000000e+00 9.2864735110480032e-02 -5.3330449870450174e+00 0.0000000000000000e+00 0.0000000000000000e+00 0.0000000000000000e+00 -1.5629002915460286e+00 1.3046968978986989e-01 6.1672965162179780e-02 0.0000000000000000e+00 6.1672965162179780e-02 -4.6715016401941645e+00 0.0000000000000000e+00 0.0000000000000000e+00 0.0000000000000000e+00 -1.3623095851212885e+00 1.3829553594783731e-01 1.3993242690196424e-02 0.0000000000000000e+00 1.3993242690196424e-02 -5.3662662230375728e+00 0.0000000000000000e+00 0.0000000000000000e+00 0.0000000000000000e+00 -1.5683912061269207e+00 1.3819080665862141e-01 -1.4185607739806563e-02 0.0000000000000000e+00 -1.4185607739806563e-02 -4.6847317166922622e+00 0.0000000000000000e+00 0.0000000000000000e+00 0.0000000000000000e+00 -1.3639622730100918e+00 1.3068196839892554e-01 -6.9446986402703748e-02 0.0000000000000000e+00 -6.9446986402703748e-02 -5.3481407790943614e+00 0.0000000000000000e+00 0.0000000000000000e+00 0.0000000000000000e+00 -1.5652376432086308e+00 1.2257217730069242e-01 -8.5323999314724258e-02 0.0000000000000000e+00 -8.5323999314724258e-02 -4.6558729141877953e+00 0.0000000000000000e+00 0.0000000000000000e+00 0.0000000000000000e+00 -1.3599902210661308e+00 1.0137231455871049e-01 -1.2929691193671661e-01 0.0000000000000000e+00 -1.2929691193671661e-01 -5.2817213859882424e+00 0.0000000000000000e+00 0.0000000000000000e+00 0.0000000000000000e+00 -1.5541047214288595e+00 8.6311978636144843e-02 -1.2525440719388828e-01 0.0000000000000000e+00 -1.2525440719388828e-01 -4.5908381692204188e+00 0.0000000000000000e+00 0.0000000000000000e+00 0.0000000000000000e+00 -1.3513578571752818e+00 5.6300887930624828e-02 -1.3905298268652250e-01 0.0000000000000000e+00 -1.3905298268652250e-01 -5.1829517911159364e+00 0.0000000000000000e+00 0.0000000000000000e+00 0.0000000000000000e+00 -1.5379952709555935e+00 3.9263427564557862e-02 -1.1230637879642434e-01 0.0000000000000000e+00 -1.1230637879642434e-01 -4.5099188657991052e+00 0.0000000000000000e+00 0.0000000000000000e+00 0.0000000000000000e+00 -1.3411966314703645e+00 1.2911645586711889e-02 -7.9107983553507566e-02 0.0000000000000000e+00 -7.9107983553507566e-02 -5.0914580314425359e+00 0.0000000000000000e+00 0.0000000000000000e+00 0.0000000000000000e+00 -1.5235639157567473e+00 4.4366259180598326e-03 -3.6153398712184079e-02 0.0000000000000000e+00 -3.6153398712184079e-02 -4.4580997420239878e+00 0.0000000000000000e+00 0.0000000000000000e+00 0.0000000000000000e+00 -1.3360989348317787e+00 4.5543203988095311e-03 2.6339987179023347e-02 0.0000000000000000e+00 2.6339987179023347e-02 -3.2132814103551715e+00 0.0000000000000000e+00 0.0000000000000000e+00 0.0000000000000000e+00 -9.6261812698690863e-01 1.3735162622644870e-02 3.9682255607362382e-02 0.0000000000000000e+00 3.9682255607362382e-02 -2.5769435995840269e+00 0.0000000000000000e+00 0.0000000000000000e+00 0.0000000000000000e+00 -7.6896253108841450e-01 3.9654730271971070e-02 8.2071198670706419e-02 0.0000000000000000e+00 8.2071198670706419e-02 -3.2312443100804580e+00 0.0000000000000000e+00 0.0000000000000000e+00 0.0000000000000000e+00 -9.5747687394254599e-01 5.6363091846569353e-02 7.5904074916464087e-02 0.0000000000000000e+00 7.5904074916464087e-02 -2.5984676555813895e+00 0.0000000000000000e+00 0.0000000000000000e+00 0.0000000000000000e+00 -7.6263136912044616e-01 8.6665079853867344e-02 9.4810768895773806e-02 0.0000000000000000e+00 9.4810768895773806e-02 -3.2770236103907067e+00 0.0000000000000000e+00 0.0000000000000000e+00 0.0000000000000000e+00 -9.5710755916105184e-01 1.0322517979997409e-01 7.5457996358537241e-02 0.0000000000000000e+00 7.5457996358537241e-02 -2.6303021237830846e+00 0.0000000000000000e+00 0.0000000000000000e+00 0.0000000000000000e+00 -7.5812308319493305e-01 1.2417489085509026e-01 6.5551586212081681e-02 0.0000000000000000e+00 6.5551586212081681e-02 -3.3144605828028926e+00 0.0000000000000000e+00 0.0000000000000000e+00 0.0000000000000000e+00 -9.5708570758434097e-01 1.3671233880162706e-01 4.1330286007024555e-02 0.0000000000000000e+00 4.1330286007024555e-02 -2.6518629347962150e+00 0.0000000000000000e+00 0.0000000000000000e+00 0.0000000000000000e+00 -7.5454517879837635e-01 1.4093368454209551e-01 9.8560112897577035e-03 0.0000000000000000e+00 9.8560112897577035e-03 -3.3303507806110750e+00 0.0000000000000000e+00 0.0000000000000000e+00 0.0000000000000000e+00 -9.5682512882069382e-01 1.4598164561568214e-01 -9.9688750034970536e-03 0.0000000000000000e+00 -9.9688750034970536e-03 -2.6570368534489051e+00 0.0000000000000000e+00 0.0000000000000000e+00 0.0000000000000000e+00 -7.5331656234996658e-01 1.3251767041083523e-01 -4.9629075649521584e-02 0.0000000000000000e+00 -4.9629075649521584e-02 -3.3212121638236862e+00 0.0000000000000000e+00 0.0000000000000000e+00 0.0000000000000000e+00 -9.5660834802385541e-01 1.2798718421549729e-01 -5.7333209707021854e-02 0.0000000000000000e+00 -5.7333209707021854e-02 -2.6448197533449362e+00 0.0000000000000000e+00 0.0000000000000000e+00 0.0000000000000000e+00 -7.5504977073883162e-01 1.0100428400481878e-01 -8.9514116473774177e-02 0.0000000000000000e+00 -8.9514116473774177e-02 -3.2889590981277506e+00 0.0000000000000000e+00 0.0000000000000000e+00 0.0000000000000000e+00 -9.5638644423687946e-01 8.8284929154110958e-02 -8.0532643139793414e-02 0.0000000000000000e+00 -8.0532643139793414e-02 -2.6178458338003354e+00 0.0000000000000000e+00 0.0000000000000000e+00 0.0000000000000000e+00 -7.5886827139386726e-01 5.5459515317012563e-02 -9.1181426981225625e-02 0.0000000000000000e+00 -9.1181426981225625e-02 -3.2432248444259719e+00 0.0000000000000000e+00 0.0000000000000000e+00 0.0000000000000000e+00 -9.5632959873268786e-01 4.0335252942383805e-02 -6.6483352229353893e-02 0.0000000000000000e+00 -6.6483352229353893e-02 -2.5862313080839119e+00 0.0000000000000000e+00 0.0000000000000000e+00 0.0000000000000000e+00 -7.6376881654245854e-01 1.3255818479953356e-02 -4.7900511637171655e-02 0.0000000000000000e+00 -4.7900511637171655e-02 -3.2105794845859541e+00 0.0000000000000000e+00 0.0000000000000000e+00 0.0000000000000000e+00 -9.5919709983180024e-01 5.4069318683816203e-03 -1.8460954314157053e-02 0.0000000000000000e+00 -1.8460954314157053e-02 -2.5801536523730868e+00 0.0000000000000000e+00 0.0000000000000000e+00 0.0000000000000000e+00 -7.7242401615141154e-01 4.3765477507642907e-03 8.2282768055637178e-03 0.0000000000000000e+00 8.2282768055637178e-03 -1.2991919427682441e+00 0.0000000000000000e+00 0.0000000000000000e+00 0.0000000000000000e+00 -3.8844461850524387e-01 8.2282768055676782e-03 8.8080572317790259e-03 0.0000000000000000e+00 8.8080572317790259e-03 -6.4943506068809786e-01 0.0000000000000000e+00 0.0000000000000000e+00 0.0000000000000000e+00 -1.9236203516475908e-01 3.9037960742509488e-02 3.5656054830533461e-02 0.0000000000000000e+00 3.5656054830533461e-02 -1.2984024463104500e+00 0.0000000000000000e+00 0.0000000000000000e+00 0.0000000000000000e+00 -3.7780934567038210e-01 5.2692388867789243e-02 2.2970550232987854e-02 0.0000000000000000e+00 2.2970550232987854e-02 -6.5171591482406699e-01 0.0000000000000000e+00 0.0000000000000000e+00 0.0000000000000000e+00 -1.7970705778688328e-01 9.4304257706454495e-02 4.5615908661653021e-02 0.0000000000000000e+00 4.5615908661653021e-02 -1.3092891264212727e+00 0.0000000000000000e+00 0.0000000000000000e+00 0.0000000000000000e+00 -3.6449546061444538e-01 1.2127884776230584e-01 2.3965508987756613e-02 0.0000000000000000e+00 2.3965508987756613e-02 -6.5554257846206521e-01 0.0000000000000000e+00 0.0000000000000000e+00 0.0000000000000000e+00 -1.6027911920992777e-01 1.4571880825578004e-01 3.2142364031794234e-02 0.0000000000000000e+00 3.2142364031794234e-02 -1.3176188731425402e+00 0.0000000000000000e+00 0.0000000000000000e+00 0.0000000000000000e+00 -3.5157001946602801e-01 1.7738672078166051e-01 1.2804057382994281e-02 0.0000000000000000e+00 1.2804057382994281e-02 -6.5803257254434822e-01 0.0000000000000000e+00 0.0000000000000000e+00 0.0000000000000000e+00 -1.4419375552880631e-01 1.7073557867619213e-01 4.0961626794901347e-03 0.0000000000000000e+00 4.0961626794901347e-03 -1.3208357804999293e+00 0.0000000000000000e+00 0.0000000000000000e+00 0.0000000000000000e+00 -3.4503006054712110e-01 1.9428694084415926e-01 -4.0642956611062408e-03 0.0000000000000000e+00 -4.0642956611062408e-03 -6.5864208293932180e-01 0.0000000000000000e+00 0.0000000000000000e+00 0.0000000000000000e+00 -1.3930654262854877e-01 1.5883391546254080e-01 -2.5637530377805355e-02 0.0000000000000000e+00 -2.5637530377805355e-02 -1.3185089065724991e+00 0.0000000000000000e+00 0.0000000000000000e+00 0.0000000000000000e+00 -3.4790249733298745e-01 1.6458511480518259e-01 -1.9215285173019955e-02 0.0000000000000000e+00 -1.9215285173019955e-02 -6.5726046554208528e-01 0.0000000000000000e+00 0.0000000000000000e+00 0.0000000000000000e+00 -1.4780260522107083e-01 1.1486242262155799e-01 -4.3958293105406873e-02 0.0000000000000000e+00 -4.3958293105406873e-02 -1.3109981897705760e+00 0.0000000000000000e+00 0.0000000000000000e+00 0.0000000000000000e+00 -3.5884073014470541e-01 1.0141153652674852e-01 -2.5473940485680618e-02 0.0000000000000000e+00 -2.5473940485680618e-02 -6.5395515174379659e-01 0.0000000000000000e+00 0.0000000000000000e+00 0.0000000000000000e+00 -1.6576308456511443e-01 5.7441474929050634e-02 -4.0869505731317909e-02 0.0000000000000000e+00 -4.0869505731317909e-02 -1.3002536047670361e+00 0.0000000000000000e+00 0.0000000000000000e+00 0.0000000000000000e+00 -3.7284363895139566e-01 3.5068090309593597e-02 -1.7682696996609362e-02 0.0000000000000000e+00 -1.7682696996609362e-02 -6.4951465040434386e-01 0.0000000000000000e+00 0.0000000000000000e+00 0.0000000000000000e+00 -1.8433396802842503e-01 1.2050195598012889e-02 -1.6381566464960418e-02 0.0000000000000000e+00 -1.6381566464960418e-02 -1.2958064794466657e+00 0.0000000000000000e+00 0.0000000000000000e+00 0.0000000000000000e+00 -3.8512688515459576e-01 1.0038268479148334e-03 -1.0038268478586385e-03 0.0000000000000000e+00 -1.0038268478586385e-03 -6.5299617315202407e-01 0.0000000000000000e+00 0.0000000000000000e+00 0.0000000000000000e+00 -1.9559770389123271e-01
</DataArray>
        <DataArray type="Float64" format="ascii" Name="sigma_eff_xx">
6.4992419112784621e+00 6.3676105903841309e+00 7.1963732822627389e+00 7.1508266409844481e+00 7.5462640832861787e+00 7.5959844274688333e+00 7.7393656399123234e+00 7.8128369209515958e+00 7.8167468687303110e+00 7.8658939329317850e+00 7.7839410857482916e+00 7.7676703900342030e+00 7.6461958112312161e+00 7.4952610455516409e+00 7.3991843484643312e+00 6.9310232285001678e+00 6.8392396163658162e+00 5.9085291657229408e+00 6.3613648815477593e+00 6.8015412781683819e+00 6.9310774026647222e+00 7.2916340371296489e+00 7.5174175321466921e+00 7.7673013371369874e+00 7.8733611238933392e+00 8.0455631819245301e+00 8.0092995933849043e+00 8.1139191911703055e+00 7.9436847303276883e+00 7.9759810784474814e+00 7.6611886651903340e+00 7.6172659928190631e+00 7.1173483460391838e+00 7.0711815984317061e+00 6.4647298445572572e+00 6.7403785290586713e+00 7.4462863754402635e+00 7.8439040204270958e+00 7.6477385259734456e+00 8.0566330753151263e+00 8.0024797058523127e+00 8.3244865675747715e+00 8.2758330808117488e+00 8.5030140369045917e+00 8.3873998347130154e+00 8.5465828465729032e+00 8.3271426926304510e+00 8.4506197216585885e+00 8.0976110193990003e+00 8.2271949210714368e+00 7.7536800031482400e+00 7.9602955658580186e+00 7.4762957763520479e+00 7.8225693735154973e+00 8.5456577034617727e+00 8.9264383487283112e+00 8.6292423014644264e+00 8.9862416673829486e+00 8.7569232101929035e+00 9.0250128983510649e+00 8.8473018104493466e+00 9.0316331370754721e+00 8.8787081856932151e+00 9.0268072115942548e+00 8.8564961436088332e+00 9.0218372516036354e+00 8.7816333296429097e+00 9.0045399297507505e+00 8.6659410942418216e+00 8.9617169003252837e+00 8.5627814469842303e+00 8.9108029616918056e+00 9.6314654544226990e+00 9.9930828301744548e+00 9.6111689707345480e+00 9.8484645532583990e+00 9.4858075610096098e+00 9.5756212360985611e+00 9.3252148321764228e+00 9.3386757821241613e+00 9.2369270162488952e+00 9.2641608294425755e+00 9.2718196432598230e+00 9.3868444199285825e+00 9.4101588808601804e+00 9.6507664035177214e+00 9.5657952113544535e+00 9.9068606928216418e+00 9.6334743042199502e+00 9.9949163756624788e+00 1.0703159531346571e+01 1.1011762771081218e+01 1.0455030610099094e+01 1.0413528928042350e+01 9.8894947522969616e+00 9.6189279041897642e+00 9.3566432010430365e+00 9.0429986119568433e+00 9.1062829676068233e+00 8.8800938251546881e+00 9.2162713171459050e+00 9.1638701826922304e+00 9.6529021582482457e+00 9.8302312551344286e+00 1.0245988245312615e+01 1.0631716329586920e+01 1.0662870708262467e+01 1.1073879147993823e+01 1.1734225792193520e+01 1.1835455071914131e+01 1.0890536715727860e+01 1.0186920869817950e+01 9.5106788312270769e+00 8.6309099973794599e+00 8.5043953617381440e+00 7.7230065582824947e+00 8.0906498021927042e+00 7.4939471838408416e+00 8.2774633579995207e+00 7.9117729001807566e+00 9.0567410472830758e+00 9.0027855252076048e+00 1.0327344941212614e+01 1.0690248667920828e+01 1.1552963629533906e+01 1.2109729633684601e+01 1.2559781737688215e+01 1.1432226357027160e+01 9.9764805157017840e+00 8.0134386226413277e+00 7.5891100168936161e+00 5.9597617560066372e+00 6.3438275752366193e+00 5.1062757410405091e+00 5.9055415285264159e+00 4.9167997835360930e+00 6.1123057344101364e+00 5.3005985635938266e+00 7.0232096647585616e+00 6.4065057378354044e+00 8.8840439429052491e+00 8.6784674047771606e+00 1.1688033502969356e+01 1.2461733712264488e+01 1.1337801485595728e+01 2.8914000825183406e+00 5.0322958326455467e+00 2.1342847402132676e+00 3.4739191376635223e+00 1.6629095535559113e+00 2.8412854058659014e+00 1.4337707177610528e+00 2.6316822659978474e+00 1.3872712636364115e+00 2.7463166953464109e+00 1.5153304461410835e+00 3.2406165240316125e+00 1.8768664085804592e+00 4.4519667470609674e+00 2.7471730548552364e+00 7.5900459321935294e+00 4.7284265735505935e+00 3.4503219489054318e+00 3.4658783298109688e+00 2.8680442781590929e+00 2.8825409002077249e+00 2.6125245343511594e+00 2.5992317716198889e+00 2.5150556105995361e+00 2.4843971576303256e+00 2.4858580173306102e+00 2.4586869454266171e+00 2.4938846987577246e+00 2.5045472453855506e+00 2.5511304065518301e+00 2.6584976948169570e+00 2.7218249733946083e+00 3.0401326121203631e+00 3.1310226350826147e+00 3.9001469042242247e+00 3.4216149426171465e+00 3.0140597380941183e+00 2.9748802847113476e+00 2.6839552228935903e+00 2.6021947950958131e+00 2.4022903494848786e+00 2.3987086745016954e+00 2.2486012575160164e+00 2.3259270564163566e+00 2.2122994588145160e+00 2.3615706818360396e+00 2.2880265176066721e+00 2.5216977542616776e+00 2.4932180208794410e+00 2.8632634049952186e+00 2.8315433187646923e+00 3.3274603822042117e+00 3.0712490051163766e+00 2.3721967136591444e+00 2.0024810983943411e+00 2.2734624304743671e+00 1.9202166469611701e+00 2.0878129913501278e+00 1.7908449399830131e+00 1.9434790452977029e+00 1.6968262186725891e+00 1.8840424130225417e+00 1.6730769049776568e+00 1.9171959120403066e+00 1.7262246736078184e+00 2.0412550888176026e+00 1.8431437529732428e+00 2.2233371854745552e+00 1.9666278335336735e+00 2.3628229909718947e+00 2.0006520923178868e+00 1.2787756447469174e+00 9.2329136388354760e-01 1.2867830233623807e+00 9.3586068203749895e-01 1.2462403227622005e+00 9.1467953324203866e-01 1.1926086964281859e+00 8.8665470610231689e-01 1.1661703474112481e+00 8.7882147952519851e-01 1.1822688695498531e+00 8.9801110479925084e-01 1.2320785079518797e+00 9.2861052214071427e-01 1.2806864791678909e+00 9.3694532506052186e-01 1.2866576858867345e+00 9.1362675812201444e-01 2.4818390406603047e-01 7.6441104293632253e-02 2.8341704397752721e-01 1.1712316803207395e-01 3.0758794364530417e-01 1.4504562478869878e-01 3.1179807762044937e-01 1.5574036096412788e-01 3.1046886575296845e-01 1.5799353255931964e-01 3.1237521407479846e-01 1.5479729644737947e-01 3.1200957475919500e-01 1.3903312513879257e-01 2.9468156565957437e-01 1.0333748507872091e-01 2.5856820529868385e-01 6.6004524655545266e-02 5.1946613826167878e-03 1.4170772255272837e-02 4.3678472094662628e-02 5.8947631649943162e-02 8.8391724157395157e-02 1.0216786793457289e-01 1.1736115787903269e-01 1.2821950545207803e-01 1.2832203124447064e-01 1.3474188916827845e-01 1.2306423242549958e-01 1.2184092105896929e-01 1.0020841483931681e-01 8.9048662855946425e-02 5.9476645423128471e-02 4.2003517720193471e-02 1.4669312539849409e-02 4.7868583196510146e-03 4.5141343622152261e-03 1.2814479925960520e-02 4.0349231488226306e-02 5.5704430463939407e-02 8.7832253074389841e-02 1.0072871571560139e-01 1.2337734855825488e-01 1.3046968978986989e-01 1.3829553594783731e-01 1.3819080665862141e-01 1.3068196839892554e-01 1.2257217730069242e-01 1.0137231455871049e-01 8.6311978636144843e-02 5.6300887930624828e-02 3.9263427564557862e-02 1.2911645586711889e-02 4.4366259180598326e-03 4.5543203988095311e-03 1.3735162622644870e-02 3.9654730271971070e-02 5.6363091846569353e-02 8.6665079853867344e-02 1.0322517979997409e-01 1.2417489085509026e-01 1.3671233880162706e-01 1.4093368454209551e-01 1.4598164561568214e-01 1.3251767041083523e-01 1.2798718421549729e-01 1.0100428400481878e-01 8.8284929154110958e-02 5.5459515317012563e-02 4.0335252942383805e-02 1.3255818479953356e-02 5.4069318683816203e-03 4.3765477507642907e-03 8.2282768055676782e-03 3.9037960742509488e-02 5.2692388867789243e-02 9.4304257706454495e-02 1.2127884776230584e-01 1.4571880825578004e-01 1.7738672078166051e-01 1.7073557867619213e-01 1.9428694084415926e-01 1.5883391546254080e-01 1.6458511480518259e-01 1.1486242262155799e-01 1.0141153652674852e-01 5.7441474929050634e-02 3.5068090309593597e-02 1.2050195598012889e-02 1.0038268479148334e-03
</DataArray>
        <DataArray type="Float64" format="ascii" Name="tau_eff_xy">
-5.5103605585135573e-01 -3.2131633228506723e-01 -6.8967382245554387e-01 -3.7938828440804601e-01 -3.9038580047803578e-01 -2.1350406980273856e-01 -1.6915084019077301e-01 -7.7794338399855140e-02 -1.7281564555394344e-02 1.9138263098270467e-02 1.2420821816809957e-01 1.2639674288339026e-01 3.1805157590710309e-01 2.9038965418360957e-01 6.0714888695243285e-01 4.6842755423496862e-01 7.1063111731726636e-01 1.4513909570249878e-01 1.8793941607528167e-01 2.7099195629774475e-01 7.0946460674374684e-02 2.3990587827311718e-01 2.1817952802663840e-02 1.6381305196873405e-01 2.6328123264534084e-02 8.3433585114447276e-02 1.0485993401252803e-02 -1.0127303101325829e-02 -1.0364621588556597e-02 -9.9122744547345196e-02 -1.1334346286346622e-02 -1.7705228792258970e-01 -3.3487307151794141e-02 -2.9145118089791505e-01 -2.0460271181252923e-01 -2.3811991457150364e-01 2.6576706968641489e-01 4.7353483311544753e-01 5.5994849334416719e-01 6.3788833381349141e-01 4.5424397714198916e-01 4.8278191503193768e-01 2.5897447994477607e-01 2.3179869770819689e-01 4.2043643953949057e-02 -4.1295013018451149e-02 -1.7739216647731626e-01 -3.1298778705586855e-01 -3.8571606264073649e-01 -5.5509575288343460e-01 -5.4545925283442276e-01 -6.5798183473101346e-01 -4.4625935415136675e-01 -2.8479421997179477e-01 3.0532879359140708e-01 5.6100974881524213e-01 7.6878723052871090e-01 8.0286218047953284e-01 6.8480453145871689e-01 6.1679731681102767e-01 3.9386514774928066e-01 2.9083640266610661e-01 5.7981123907719180e-02 -5.7586812570833291e-02 -2.7927553392404209e-01 -4.0481027702680250e-01 -5.9218118722519364e-01 -7.1012782408077169e-01 -7.7301877225577420e-01 -8.0053947638398615e-01 -5.4458755210262377e-01 -3.2014504045662495e-01 3.3323259677060130e-01 5.7184395138465516e-01 7.9745986291952053e-01 7.3309357771100347e-01 6.6798295546661146e-01 4.9722318258636189e-01 3.5946679186404096e-01 2.1007904519143308e-01 4.5624739973925535e-02 -4.6979406299884521e-02 -2.5996027317456805e-01 -3.0991020248925844e-01 -5.6603934601665307e-01 -5.9505949342847675e-01 -7.7527380184295147e-01 -7.5387111083568215e-01 -5.7449076342430205e-01 -3.3442230634948505e-01 3.1947495832253398e-01 4.1975917456861994e-01 5.5679744156619271e-01 2.6480950411702658e-01 2.9788785409533119e-01 -3.6966076784685154e-04 8.7262629989883128e-02 -6.3445379095825011e-02 -5.7260218548251130e-03 -9.9037217017620732e-04 -7.3277367276866845e-02 4.2634258783908557e-02 -2.1803098259698070e-01 -6.9716711879238100e-02 -4.5143620702590459e-01 -3.5596943534017006e-01 -4.6745429313490633e-01 -2.8220939025599151e-01 1.7546352162127307e-01 -1.8280048683841055e-01 -2.8256581653871610e-01 -9.8349223220938786e-01 -6.2826931793672791e-01 -1.0127373028656259e+00 -4.8258248963462635e-01 -5.4643095839606914e-01 -9.9390788899738639e-02 8.1043806354429995e-02 3.1527836754676047e-01 6.8650966047249906e-01 5.8373237744333328e-01 1.0653873288828033e+00 4.8554872059319626e-01 8.3010971915692988e-01 1.4248059088691055e-02 -1.9052167770824045e-02 -4.9929966876242105e-01 -2.3423298884722219e+00 -2.3548718390027639e+00 -3.3650212382299620e+00 -2.1901216831737078e+00 -2.3821535074372333e+00 -1.2663521658207488e+00 -1.1015437730080522e+00 -2.1162339543960237e-01 1.7633457778365047e-01 8.4457751834299055e-01 1.4529627617062419e+00 1.8191958315863124e+00 2.7012743555070671e+00 2.3979591148260622e+00 3.4839603012332763e+00 1.5838680028256513e+00 1.2531846955779697e+00 -4.9792718261514120e+00 -8.6409315514378839e+00 -5.7805635634164414e+00 -5.4978450531263636e+00 -3.6693514299092791e+00 -3.2452078463540199e+00 -1.8894175736755001e+00 -1.4225282654452456e+00 -2.8971800037987921e-01 2.3927571001173592e-01 1.2800695955175430e+00 1.9233131633488989e+00 2.9490524328672221e+00 3.8176500026912734e+00 4.7648953576071147e+00 6.1820263537735523e+00 5.8071474428811314e+00 8.4514050510938858e+00 -6.9059991603825743e-01 -4.4280585141064432e-01 -6.8303800357024846e-01 -4.4857041769810185e-01 -4.1557472440447302e-01 -2.8182348167270788e-01 -1.9646406119566348e-01 -1.1921684111455501e-01 -2.4042697389833025e-02 2.5930240006325749e-02 1.4219534281516624e-01 1.7802473747127390e-01 3.4692314804316726e-01 3.5875710366827418e-01 6.1509833339312536e-01 5.3492668221044071e-01 7.9487905975396855e-01 3.0540134715364342e-01 5.1906811530835019e-02 5.4722979351803251e-02 -1.5049474682722749e-01 -4.2212235282179371e-02 -1.6593828861949983e-01 -6.4460246454085102e-02 -9.5506561832074802e-02 -3.4007368932952982e-02 -1.0760339283292002e-02 1.1565815562304823e-02 7.5055841879562754e-02 5.6000288743592336e-02 1.5487007491151372e-01 7.4727875694756876e-02 1.7592699332584771e-01 6.3788114084690323e-05 5.5306845383063536e-03 -9.6991366416315367e-02 1.1565035977740101e-01 1.7120178949806961e-01 1.6186524141059264e-01 1.7810514721628490e-01 8.1058641413854216e-02 1.0691690327695977e-01 3.1139326457433350e-02 4.5121304382919572e-02 5.8494183772750622e-03 -5.6248244102564552e-03 -1.6634075958326219e-02 -6.0058521777316354e-02 -5.8321794619241821e-02 -1.3300937708641400e-01 -1.3674314843737781e-01 -2.0650682940362328e-01 -1.6709018979309823e-01 -1.1291937032795832e-01 1.0439361663619427e-01 1.6969033539495854e-01 2.3763376833117386e-01 2.3440946125770173e-01 1.9466873495058790e-01 1.7865498710843641e-01 1.0705159027039432e-01 8.5118083148513102e-02 1.6040302323885588e-02 -1.6363050086061027e-02 -7.5142141051198513e-02 -1.1815552233876327e-01 -1.6695351182557269e-01 -2.0812737178874904e-01 -2.3371720551192682e-01 -2.3760110529786355e-01 -1.7599137940193876e-01 -9.5609592123429857e-02 8.3473904242073016e-02 1.3875077931497204e-01 2.2077086634575696e-01 2.1545483222626000e-01 2.1063361310974146e-01 1.8158623159600740e-01 1.2793503894778749e-01 9.1350515738084809e-02 1.8970308179553301e-02 -1.9437746922138070e-02 -9.3163417810472340e-02 -1.2707582257411845e-01 -1.8826698961583146e-01 -2.0443627329926178e-01 -2.2841509782148758e-01 -2.0652306846133209e-01 -1.4763748893912726e-01 -7.3970184258366406e-02 6.2393694121353024e-02 1.0381328791881234e-01 1.7654248329132394e-01 1.7154822930270891e-01 1.8190450721398393e-01 1.5315978872462838e-01 1.1669731192247827e-01 7.9684591092178403e-02 1.7422187865491403e-02 -1.7777566201305318e-02 -8.6369563599923163e-02 -1.1057405361634090e-01 -1.6614876967853148e-01 -1.6887337648636400e-01 -1.8755058515793488e-01 -1.5962516763886175e-01 -1.1239509645538071e-01 -5.3851902618499620e-02 4.3708787503890345e-02 7.1284169997470392e-02 1.2845964469188587e-01 1.2341400060628076e-01 1.3933547803961169e-01 1.1539563253553239e-01 9.2864735110480032e-02 6.1672965162179780e-02 1.3993242690196424e-02 -1.4185607739806563e-02 -6.9446986402703748e-02 -8.5323999314724258e-02 -1.2929691193671661e-01 -1.2525440719388828e-01 -1.3905298268652250e-01 -1.1230637879642434e-01 -7.9107983553507566e-02 -3.6153398712184079e-02 2.6339987179023347e-02 3.9682255607362382e-02 8.2071198670706419e-02 7.5904074916464087e-02 9.4810768895773806e-02 7.5457996358537241e-02 6.5551586212081681e-02 4.1330286007024555e-02 9.8560112897577035e-03 -9.9688750034970536e-03 -4.9629075649521584e-02 -5.7333209707021854e-02 -8.9514116473774177e-02 -8.0532643139793414e-02 -9.1181426981225625e-02 -6.6483352229353893e-02 -4.7900511637171655e-02 -1.8460954314157053e-02 8.2282768055637178e-03 8.8080572317790259e-03 3.5656054830533461e-02 2.2970550232987854e-02 4.5615908661653021e-02 2.3965508987756613e-02 3.2142364031794234e-02 1.2804057382994281e-02 4.0961626794901347e-03 -4.0642956611062408e-03 -2.5637530377805355e-02 -1.9215285173019955e-02 -4.3958293105406873e-02 -2.5473940485680618e-02 -4.0869505731317909e-02 -1.7682696996609362e-02 -1.6381566464960418e-02 -1.0038268478586385e-03
</DataArray>
        <DataArray type="Float64" format="ascii" Name="sigma_eff_yy">
-1.3510392731188411e+01 -1.3309940245656067e+01 -1.2695850695665579e+01 -1.3073380728861121e+01 -1.2999453439401373e+01 -1.3348864402045802e+01 -1.3226999674607208e+01 -1.3554235625966484e+01 -1.3324665334917846e+01 -1.3609240640203886e+01 -1.3280251257791472e+01 -1.3501034017179782e+01 -1.3102529205053363e+01 -1.3248305542027174e+01 -1.2834950326615152e+01 -1.2971360615361254e+01 -1.2803568120585316e+01 -1.3987977396900025e+01 -1.4624769647401184e+01 -1.4421441936641521e+01 -1.3721413912202570e+01 -1.4068556793101623e+01 -1.3849521668426101e+01 -1.4285586460846323e+01 -1.4112057713941608e+01 -1.4519630760080082e+01 -1.4240179729169769e+01 -1.4587442683895052e+01 -1.4177641349306320e+01 -1.4457170776821824e+01 -1.3945369258811011e+01 -1.4194636707831028e+01 -1.3694734221627655e+01 -1.4085242596870652e+01 -1.4146090002273381e+01 -1.4909513780792485e+01 -1.5069010621416723e+01 -1.5081442081964708e+01 -1.4760318421238917e+01 -1.5128760767112274e+01 -1.4933115036912332e+01 -1.5426737037103264e+01 -1.5208556101727293e+01 -1.5685147970580676e+01 -1.5347154242869609e+01 -1.5758292962720210e+01 -1.5277222322356492e+01 -1.5617935424134874e+01 -1.5032858051037598e+01 -1.5328735612986504e+01 -1.4796777399643595e+01 -1.5100414023063271e+01 -1.4940387411074916e+01 -1.5206134512072802e+01 -1.5271146994710636e+01 -1.5518029340417201e+01 -1.5657919225144896e+01 -1.6148575116025381e+01 -1.6114389805839231e+01 -1.6671872191148402e+01 -1.6467343548704054e+01 -1.6984311633268952e+01 -1.6618968314741910e+01 -1.7062467350494359e+01 -1.6543997366449183e+01 -1.6908571251186462e+01 -1.6259235843115928e+01 -1.6532365129074929e+01 -1.5838871550435476e+01 -1.5977974693732707e+01 -1.5423207905496040e+01 -1.5357752740001576e+01 -1.5357904649125681e+01 -1.5910987885289460e+01 -1.6520880982454624e+01 -1.7199767438058359e+01 -1.7340739254918802e+01 -1.7952868853725359e+01 -1.7782823963866161e+01 -1.8289441353948618e+01 -1.7938103861184121e+01 -1.8359979963787826e+01 -1.7861293230759518e+01 -1.8209253999940479e+01 -1.7531949714260115e+01 -1.7764447578268733e+01 -1.6868435209373619e+01 -1.6864055039822105e+01 -1.5817950085063126e+01 -1.5444116936123690e+01 -1.5447585739418884e+01 -1.6479480542731192e+01 -1.7515816215441735e+01 -1.8400496317867315e+01 -1.8596790357702570e+01 -1.9183176698769739e+01 -1.9012285480319584e+01 -1.9416642285855406e+01 -1.9122950032612518e+01 -1.9449497892528619e+01 -1.9064257443631512e+01 -1.9356267540752267e+01 -1.8776839079710715e+01 -1.8992611464638774e+01 -1.7994488164841826e+01 -1.7932090054426165e+01 -1.6308484352082846e+01 -1.5623240336641464e+01 -1.5833363043229761e+01 -1.7700929431592670e+01 -1.8869346335194827e+01 -1.9794139633239951e+01 -1.9776029708613063e+01 -2.0139216765997471e+01 -1.9935634303116867e+01 -2.0115643472732014e+01 -1.9940302138075232e+01 -2.0089833352170569e+01 -1.9927628196590319e+01 -2.0106422156232995e+01 -1.9832581424999340e+01 -2.0048350802921522e+01 -1.9285185206872367e+01 -1.9350662292216473e+01 -1.7249452730711205e+01 -1.6336279005473529e+01 -1.7496463198835340e+01 -2.0654818758317745e+01 -2.0533720924091401e+01 -2.0910331650495024e+01 -2.0486332606184199e+01 -2.0376827756549591e+01 -2.0269947450738680e+01 -2.0158239028738155e+01 -2.0177503046935140e+01 -2.0109856430102028e+01 -2.0207938350758802e+01 -2.0193511008282101e+01 -2.0353996591299836e+01 -2.0456915769761761e+01 -2.0495134566521333e+01 -2.0895678623058309e+01 -1.9329689398791011e+01 -1.8882094840518889e+01 -2.5799064913495481e+01 -2.3758303490966661e+01 -2.1216219278476558e+01 -2.0142043034440050e+01 -2.0122541357928579e+01 -1.9677794829416289e+01 -1.9870436787199818e+01 -1.9606408867813609e+01 -1.9813755283767019e+01 -1.9599106655752049e+01 -1.9834272345289779e+01 -1.9613285713602075e+01 -1.9978927454834810e+01 -1.9757281412178607e+01 -2.0558240053645264e+01 -2.0653931306248332e+01 -2.2721960235975015e+01 -2.6923426978945979e+01 -1.1651090092633670e+01 -1.1664551904046350e+01 -1.2357163183134862e+01 -1.2202000053631872e+01 -1.2584585415769148e+01 -1.2420287265908394e+01 -1.2742922434236165e+01 -1.2540496980075865e+01 -1.2809694620246226e+01 -1.2571192159441999e+01 -1.2773027561479944e+01 -1.2511583351280951e+01 -1.2637551033919214e+01 -1.2368611743721093e+01 -1.2418916621317585e+01 -1.2128021960419098e+01 -1.2077169732253040e+01 -1.1247133886497865e+01 -1.0388191052754967e+01 -1.0580586088643635e+01 -1.1488962873891749e+01 -1.1338724512970241e+01 -1.1855164350662552e+01 -1.1640962973612725e+01 -1.2011285093875841e+01 -1.1769057741748426e+01 -1.2067027162242949e+01 -1.1798474157332539e+01 -1.2039656242218324e+01 -1.1741081036236610e+01 -1.1924599948194572e+01 -1.1572396041347877e+01 -1.1668358820648745e+01 -1.1162660506770846e+01 -1.0898609542057763e+01 -1.0064201854807072e+01 -9.6865643918833868e+00 -9.7567564853640700e+00 -1.0518072144169809e+01 -1.0389241038020220e+01 -1.0957593214443227e+01 -1.0731151567096573e+01 -1.1157630062956038e+01 -1.0886938400659350e+01 -1.1225429779746927e+01 -1.0922341098643592e+01 -1.1193740279753396e+01 -1.0851722669942472e+01 -1.1046998182779399e+01 -1.0643377479322194e+01 -1.0700291941275356e+01 -1.0203196618408791e+01 -9.9866712345335724e+00 -9.4562834110154199e+00 -9.0901597980168169e+00 -9.0430909066543119e+00 -9.6278812322917133e+00 -9.4792055308952659e+00 -1.0009475444247462e+01 -9.7774944208960850e+00 -1.0217874465581987e+01 -9.9332222457882029e+00 -1.0293388517878114e+01 -9.9699670136142871e+00 -1.0256498224040675e+01 -9.8948436086101825e+00 -1.0095115018028277e+01 -9.6910208985397812e+00 -9.7683873760542745e+00 -9.3347185023679931e+00 -9.2624626357594693e+00 -8.8731941607442533e+00 -8.4107684820978008e+00 -8.0943433474147657e+00 -8.7318671017189491e+00 -8.3652524323968880e+00 -9.0107590375820905e+00 -8.5853218108789751e+00 -9.1870338196987049e+00 -8.7137605842042092e+00 -9.2556265376812714e+00 -8.7451653715981479e+00 -9.2205958900360656e+00 -8.6797746679134669e+00 -9.0783307596920828e+00 -8.5162813485497839e+00 -8.8267273065520708e+00 -8.2684813591999244e+00 -8.5046911232061539e+00 -8.0022190195837837e+00 -6.8921351777560798e+00 -6.3307479174042500e+00 -7.0650931515879147e+00 -6.4810036582019679e+00 -7.2452790128466287e+00 -6.6232295995562129e+00 -7.3724608976494093e+00 -6.7134605696595697e+00 -7.4246409432861942e+00 -6.7360300807633235e+00 -7.3970791315311963e+00 -6.6882320191351381e+00 -7.2915115294446160e+00 -6.5758489249110426e+00 -7.1224488973272173e+00 -6.4228898599707893e+00 -6.9367687731180485e+00 -6.2871398558523843e+00 -5.0776572531785700e+00 -4.4713379098909725e+00 -5.1529889576731245e+00 -4.5401337483252400e+00 -5.2546363154926725e+00 -4.6186995695984976e+00 -5.3330449870450174e+00 -4.6715016401941645e+00 -5.3662662230375728e+00 -4.6847317166922622e+00 -5.3481407790943614e+00 -4.6558729141877953e+00 -5.2817213859882424e+00 -4.5908381692204188e+00 -5.1829517911159364e+00 -4.5099188657991052e+00 -5.0914580314425359e+00 -4.4580997420239878e+00 -3.2132814103551715e+00 -2.5769435995840269e+00 -3.2312443100804580e+00 -2.5984676555813895e+00 -3.2770236103907067e+00 -2.6303021237830846e+00 -3.3144605828028926e+00 -2.6518629347962150e+00 -3.3303507806110750e+00 -2.6570368534489051e+00 -3.3212121638236862e+00 -2.6448197533449362e+00 -3.2889590981277506e+00 -2.6178458338003354e+00 -3.2432248444259719e+00 -2.5862313080839119e+00 -3.2105794845859541e+00 -2.5801536523730868e+00 -1.2991919427682441e+00 -6.4943506068809786e-01 -1.2984024463104500e+00 -6.5171591482406699e-01 -1.3092891264212727e+00 -6.5554257846206521e-01 -1.3176188731425402e+00 -6.5803257254434822e-01 -1.3208357804999293e+00 -6.5864208293932180e-01 -1.3185089065724991e+00 -6.5726046554208528e-01 -1.3109981897705760e+00 -6.5395515174379659e-01 -1.3002536047670361e+00 -6.4951465040434386e-01 -1.2958064794466657e+00 -6.5299617315202407e-01
</DataArray>
        <DataArray type="Float64" format="ascii" Name="sigma_eff_zz">
3.9880873609539338e-03 1.6996777008627095e-01 4.5749010931306133e-01 4.7590044030480078e-01 4.7137652649932998e-01 5.2680267429466421e-01 4.6104312292539928e-01 5.3024705516323767e-01 4.5495779347757975e-01 5.2966265448602534e-01 4.5844028172086038e-01 5.3265757852393258e-01 4.7043331518714648e-01 5.2675331772489786e-01 4.7660353988851900e-01 4.4056545060918129e-01 3.1803478206789143e-01 -1.7116780268566728e-01 6.4311903578290558e-02 4.0269646912500984e-01 5.0623238047302099e-01 6.5558983987555031e-01 6.4370209245061083e-01 7.3318112955453285e-01 6.7172435632001193e-01 7.4644639322085726e-01 6.7406929259909110e-01 7.4660961885029076e-01 6.7314634764101910e-01 7.4430975715560244e-01 6.5807915524846394e-01 7.1545545216450479e-01 5.7011757065818336e-01 5.8444836713660142e-01 2.3892528601994653e-01 2.3792609114832980e-01 6.9251605953888862e-01 9.5340524820313188e-01 8.4555936475266358e-01 1.0030283591259039e+00 9.0014273401477729e-01 9.9399152580713213e-01 8.9951642705859602e-01 9.7002648656348611e-01 8.9140701088675900e-01 9.6115363182275193e-01 8.9430944441640370e-01 9.7447195592469038e-01 8.9875922384311380e-01 9.9420445909368693e-01 8.6640411438656406e-01 9.8263112950726272e-01 7.4010584291878700e-01 9.0959712510228063e-01 1.3976865459542986e+00 1.5831893691550327e+00 1.3067302562257583e+00 1.4119666320700652e+00 1.2080933546369426e+00 1.2666088788246885e+00 1.1293208118553684e+00 1.1748631178069431e+00 1.0932552946181149e+00 1.1499686249960519e+00 1.1090829664815582e+00 1.1946464667923313e+00 1.1720525792926999e+00 1.3023191068710214e+00 1.2634541964774513e+00 1.4557893286471431e+00 1.3572053957829437e+00 1.6265817331775365e+00 2.1334015749159994e+00 2.2212951501259615e+00 1.7784197298121414e+00 1.7912758012217660e+00 1.4948538251566770e+00 1.4834923813750069e+00 1.3140505938237856e+00 1.3114369951169984e+00 1.2409802798514087e+00 1.2679209263620528e+00 1.2744912570833380e+00 1.3499437926633504e+00 1.4147960833145370e+00 1.5625623142429044e+00 1.6605413339300399e+00 1.9095083625693587e+00 1.9959905990841049e+00 2.3619064985324258e+00 2.8640054709054241e+00 2.7923513351663845e+00 2.1690976517255214e+00 2.0365764497149712e+00 1.6751446517078279e+00 1.5633920282895488e+00 1.3906406495477408e+00 1.3205735644950558e+00 1.2823332138301957e+00 1.2618454464535271e+00 1.3329374953874176e+00 1.3749474592487774e+00 1.5501522568955544e+00 1.6839526038165680e+00 1.9627833574767284e+00 2.2425545492171790e+00 2.5936492401905742e+00 3.0678583100757444e+00 3.4935921580179436e+00 3.1090243587594042e+00 2.3296904474895794e+00 1.9865010376371013e+00 1.6437280701147297e+00 1.4161746360790384e+00 1.2939616509177607e+00 1.1508755923303253e+00 1.1684376325674721e+00 1.0899008161670038e+00 1.2282838817558452e+00 1.2102718898509870e+00 1.4905812200190589e+00 1.5549970833532243e+00 2.0359812536368631e+00 2.2705425793794438e+00 3.0143866029824564e+00 3.6007018551321961e+00 3.6783288949863815e+00 2.5378889462773762e+00 1.9921612108141455e+00 1.4355987583088465e+00 1.2901665565443703e+00 9.7954686650247047e-01 9.8149737068143961e-01 7.8907768035646331e-01 8.7774487780995614e-01 7.4674967269638026e-01 9.3064354842848418e-01 8.3679293326007842e-01 1.1600972553712181e+00 1.0895436570890564e+00 1.6760061462492843e+00 1.6395033011830196e+00 2.8668365645881275e+00 3.3785583281914451e+00 1.2569543049622940e+00 -5.1940435586833389e-01 7.4015629958311269e-01 3.3833917839822014e-01 6.0074666725309100e-01 3.3620108390823955e-01 4.8658791893262732e-01 2.8887522165068241e-01 4.4071142800224428e-01 2.7711604903185610e-01 4.6894663835017769e-01 3.1128008642834593e-01 5.7384005409242178e-01 3.7654216558729525e-01 7.6345134135828696e-01 3.6863919124890820e-01 1.0557590421993217e+00 -9.1783345495168156e-01 -6.4356377645180518e-01 -7.8826873893728089e-01 -1.0300690048260639e+00 -1.1245044126939112e+00 -1.1749515977587286e+00 -1.2749833149532166e+00 -1.2516933804243227e+00 -1.3454966134003279e+00 -1.2804843142080180e+00 -1.3624182308712816e+00 -1.2670761921499996e+00 -1.3307774984352863e+00 -1.2092595215435484e+00 -1.2417008813379080e+00 -1.0924608277102270e+00 -1.0550334711562874e+00 -8.6717746248446104e-01 -5.3276276134875888e-01 -7.0930616637467869e-01 -1.0346245718315215e+00 -1.1735581100874537e+00 -1.3610974536896625e+00 -1.3952242000033546e+00 -1.5362684539050202e+00 -1.5031062591455777e+00 -1.6208036119363893e+00 -1.5416633650813105e+00 -1.6405190762220734e+00 -1.5227590014480190e+00 -1.6005830222556485e+00 -1.4402039915132017e+00 -1.4884200728071975e+00 -1.2608619580293916e+00 -1.2640018230685128e+00 -8.9067808128939918e-01 -8.6255252157387541e-01 -1.2496436368006052e+00 -1.5269492827575850e+00 -1.5287162474419655e+00 -1.7413739839843816e+00 -1.7162674002612621e+00 -1.8827586548007340e+00 -1.8195786386308337e+00 -1.9577003212626944e+00 -1.8577495433506486e+00 -1.9754459247664464e+00 -1.8382966436472590e+00 -1.9383160655670619e+00 -1.7570562615218721e+00 -1.8407367845713518e+00 -1.5984197600735741e+00 -1.6716373021292019e+00 -1.3424878064018371e+00 -1.4373560622759263e+00 -1.8347485793143026e+00 -2.0726065294978948e+00 -1.9936627960121325e+00 -2.1996701213239955e+00 -2.1203038697789114e+00 -2.2955111329628797e+00 -2.1989130640794738e+00 -2.3506369285724333e+00 -2.2294987844733924e+00 -2.3640103268933941e+00 -2.2136021396805794e+00 -2.3357164178099450e+00 -2.1502442863562519e+00 -2.2653897795863860e+00 -2.0376436023992484e+00 -2.1559986198589076e+00 -1.8840748182951530e+00 -2.0245368874533378e+00 -2.3518864845206680e+00 -2.3811484507141176e+00 -2.4376461284335367e+00 -2.4502165570872219e+00 -2.5140624392921462e+00 -2.5078606336048601e+00 -2.5656818337345886e+00 -2.5431838447498030e+00 -2.5866584126896028e+00 -2.5519293294894259e+00 -2.5755773138994904e+00 -2.5332709892176037e+00 -2.5330074665909770e+00 -2.4889522448010744e+00 -2.4627248333788594e+00 -2.4253209400141391e+00 -2.3769479864833514e+00 -2.3566421262562769e+00 -2.0660821549120389e+00 -1.8949731435446930e+00 -2.1064244038479756e+00 -1.9266168079656074e+00 -2.1470661866067697e+00 -1.9563185194864918e+00 -2.1765299219311132e+00 -1.9755723192622476e+00 -2.1888956736125165e+00 -1.9803864574785135e+00 -2.1822044697317091e+00 -1.9699173294228505e+00 -2.1573909343815898e+00 -1.9460400786165291e+00 -2.1188916755712266e+00 -1.9142659026751789e+00 -2.0766298381734596e+00 -1.8847058992598198e+00 -1.5219429356449063e+00 -1.3375570289895033e+00 -1.5337919178554698e+00 -1.3453287953583899e+00 -1.5500412187254851e+00 -1.3553912561648689e+00 -1.5629002915460286e+00 -1.3623095851212885e+00 -1.5683912061269207e+00 -1.3639622730100918e+00 -1.5652376432086308e+00 -1.3599902210661308e+00 -1.5541047214288595e+00 -1.3513578571752818e+00 -1.5379952709555935e+00 -1.3411966314703645e+00 -1.5235639157567473e+00 -1.3360989348317787e+00 -9.6261812698690863e-01 -7.6896253108841450e-01 -9.5747687394254599e-01 -7.6263136912044616e-01 -9.5710755916105184e-01 -7.5812308319493305e-01 -9.5708570758434097e-01 -7.5454517879837635e-01 -9.5682512882069382e-01 -7.5331656234996658e-01 -9.5660834802385541e-01 -7.5504977073883162e-01 -9.5638644423687946e-01 -7.5886827139386726e-01 -9.5632959873268786e-01 -7.6376881654245854e-01 -9.5919709983180024e-01 -7.7242401615141154e-01 -3.8844461850524387e-01 -1.9236203516475908e-01 -3.7780934567038210e-01 -1.7970705778688328e-01 -3.6449546061444538e-01 -1.6027911920992777e-01 -3.5157001946602801e-01 -1.4419375552880631e-01 -3.4503006054712110e-01 -1.3930654262854877e-01 -3.4790249733298745e-01 -1.4780260522107083e-01 -3.5884073014470541e-01 -1.6576308456511443e-01 -3.7284363895139566e-01 -1.8433396802842503e-01 -3.8512688515459576e-01 -1.9559770389123271e-01
</DataArray>
        <DataArray type="Float64" format="ascii" Name="sigma_eff_1">
6.5144051472168218e+00 6.3728559927214175e+00 7.2202559612207748e+00 7.1579411276881180e+00 7.5536790636154540e+00 7.5981605831689620e+00 7.7407302133253806e+00 7.8131201548317799e+00 7.8167609951411201e+00 7.8659109886024847e+00 7.7846734729586746e+00 7.7684215205266218e+00 7.6510699925225651e+00 7.4993254204872288e+00 7.4173861875790044e+00 6.9420421576137974e+00 6.8649150373347299e+00 5.9095878559110968e+00 6.3630478209085597e+00 6.8050009553621402e+00 6.9313211185829635e+00 7.2943281877783797e+00 7.5174398106098685e+00 7.7685181045607434e+00 7.8733926524753368e+00 8.0458716688792062e+00 8.0093045353447412e+00 8.1139237090599483e+00 7.9436895865174444e+00 7.9764190519756397e+00 7.6611946109486029e+00 7.6187030727423561e+00 7.1174022280489906e+00 7.0751958720948620e+00 6.4667607266623852e+00 6.7429972135027283e+00 7.4494230116948312e+00 7.8536809567790336e+00 7.6617221914486118e+00 8.0741697190876600e+00 8.0114725713721651e+00 8.3342958371766063e+00 8.2786885788565279e+00 8.5052351937954995e+00 8.3874743110416805e+00 8.5466530083458281e+00 8.3284757597830517e+00 8.4546891306514969e+00 8.1040413054406546e+00 8.2402685025159137e+00 7.7668660737778854e+00 7.9790542343856714e+00 7.4851761512248745e+00 7.8260908633588473e+00 8.5495713416182593e+00 8.9393069593737167e+00 8.6535532027303788e+00 9.0118607657115355e+00 8.7757642846435306e+00 9.0398092441669675e+00 8.8534283912257763e+00 9.0348840374563366e+00 8.8788400327399799e+00 9.0269343222510514e+00 8.8595663751968807e+00 9.0281553719573520e+00 8.7956297550928433e+00 9.0242718501494963e+00 8.6903022092192330e+00 8.9873870052080971e+00 8.5751396146312473e+00 8.9150255045707567e+00 9.6359083124900540e+00 1.0005700395397048e+01 9.6354820692991066e+00 9.8683191592258197e+00 9.5024300850916994e+00 9.5845992181213191e+00 9.3299807122097427e+00 9.3402730916191796e+00 9.2370036163837579e+00 9.2642407254382348e+00 9.2743100741107511e+00 9.3903243402528407e+00 9.4220458213627687e+00 9.6636763568764223e+00 9.5885132307505412e+00 9.9280729553136613e+00 9.6464351369430830e+00 9.9993119419802063e+00 1.0707061868343262e+01 1.1018170509847614e+01 1.0466110025728403e+01 1.0415962401015374e+01 9.8926094958181903e+00 9.6189279089341770e+00 9.3569116177545304e+00 9.0431400507099937e+00 9.1062841290739076e+00 8.8800938597770394e+00 9.2164611840522497e+00 9.1639339157631490e+00 9.6545741648053376e+00 9.8303998849786982e+00 1.0253202804875460e+01 1.0636151822657920e+01 1.0670969964593059e+01 1.1076861988245879e+01 1.1735342545655902e+01 1.1836586379577307e+01 1.0893219395756121e+01 1.0219148494019434e+01 9.5241505004470053e+00 8.6665153012897989e+00 8.5125816697837440e+00 7.7337280495037692e+00 8.0910022127974504e+00 7.4941852963012519e+00 8.2809871200816740e+00 7.9285838654987852e+00 9.0685310255774549e+00 9.0418038863221906e+00 1.0335304214157723e+01 1.0713169304088957e+01 1.1552970677801509e+01 1.2109742394171974e+01 1.2568073904581345e+01 1.1602313063333384e+01 1.0157166764804142e+01 8.3997685180906458e+00 7.7589308083203470e+00 6.1734938313118901e+00 6.4039480704453249e+00 5.1542125708288005e+00 5.9072584106826964e+00 4.9180421524557030e+00 6.1393791237667612e+00 5.3831387245982256e+00 7.1435648272866832e+00 6.6754423014969939e+00 9.0784810382279453e+00 9.0833497521519160e+00 1.1768701273748572e+01 1.2511758532809937e+01 1.1993828210965898e+01 5.4479012990715452e+00 6.2489256797314852e+00 3.4172719673821463e+00 4.0313506243188861e+00 2.1454847740271719e+00 2.9973954703229047e+00 1.5295123061844678e+00 2.6354212236258241e+00 1.3899990056529232e+00 2.8186507672552596e+00 1.6889802135862408e+00 3.6093133807585005e+00 2.5307793574760353e+00 5.3290096178584134e+00 4.2799262500803534e+00 8.6644892655105004e+00 6.8436872068587817e+00 3.4818378753039796e+00 3.4788263668035428e+00 2.8986255167629253e+00 2.8958683060930888e+00 2.6238802066360365e+00 2.6045179948649575e+00 2.5175848926551514e+00 2.4853430385386628e+00 2.4858958093531176e+00 2.4587316813383828e+00 2.4952089849944996e+00 2.5066575329615728e+00 2.5590503136347094e+00 2.6670577831590392e+00 2.7467724688558035e+00 3.0589741626825178e+00 3.1724553075572430e+00 3.9063019428500274e+00 3.4218100415939601e+00 3.0142800127512430e+00 2.9764459970271688e+00 2.6840822925189678e+00 2.6040991462846401e+00 2.4025862236484929e+00 2.3993416451224872e+00 2.2486837601889031e+00 2.3259351009661424e+00 2.2123090063243200e+00 2.3619618447849673e+00 2.2882500515955511e+00 2.5233578324863779e+00 2.4936150243639230e+00 2.8653929519604424e+00 2.8315433190554504e+00 3.3274625323740761e+00 3.0719651443950466e+00 2.3733057642163655e+00 2.0049730833151123e+00 2.2755103600803395e+00 1.9227931053347895e+00 2.0883166360497434e+00 1.7917577649427121e+00 1.9435530582813585e+00 1.6969880069764354e+00 1.8840450230199572e+00 1.6730794168945560e+00 1.9172170159518478e+00 1.7265114408921838e+00 2.0415149679718221e+00 1.8445604395797750e+00 2.2247838840392125e+00 1.9701309899394115e+00 2.3650833282691703e+00 2.0017649157090682e+00 1.2798265648554918e+00 9.2617972061525167e-01 1.2919543290596147e+00 9.4113381122485862e-01 1.2496061316083260e+00 9.1766383732133472e-01 1.1936129514004488e+00 8.8732427376840328e-01 1.1661927994792178e+00 8.7884615958962986e-01 1.1827624627562983e+00 8.9930446555020860e-01 1.2345387309850255e+00 9.3268791202969514e-01 1.2856280076764093e+00 9.4243850621865721e-01 1.2895929401034241e+00 9.1456069999490253e-01 2.4898853318866229e-01 7.8796597884756195e-02 2.8882015507533693e-01 1.2259225782151631e-01 3.1234671396862534e-01 1.4882087333883073e-01 3.1352085852587230e-01 1.5668111645378913e-01 3.1050648519559659e-01 1.5803596965480107e-01 3.1328559065496747e-01 1.5662476755716967e-01 3.1578262474576685e-01 1.4385916575227548e-01 3.0039787346556623e-01 1.0842907321861818e-01 2.6105479666689074e-01 6.6682632828741401e-02 5.7590326164137671e-03 1.5868873638000935e-02 4.8060108096141349e-02 6.3444389018105854e-02 9.2900914456974099e-02 1.0565402138938271e-01 1.1917895249841276e-01 1.2914746070384048e-01 1.2836221825664693e-01 1.3478788687357793e-01 1.2405606428627898e-01 1.2363582102180647e-01 1.0394116992380910e-01 9.3324787382937632e-02 6.4371052440271262e-02 4.5942434820309373e-02 1.6486110272576023e-02 5.2477370199582483e-03 4.8900203111812233e-03 1.3947391781162659e-02 4.3524799010421639e-02 5.9016132830512325e-02 9.1463755512180542e-02 1.0354859123987106e-01 1.2495738800026193e-01 1.3126164109147082e-01 1.3833110818486111e-01 1.3823253026606358e-01 1.3156210442508171e-01 1.2409523867395712e-01 1.0447611671746404e-01 8.9663898215594284e-02 5.9988843477258372e-02 4.2034265127158042e-02 1.4137373942566594e-02 4.7295047548169371e-03 4.7699151343862144e-03 1.4342845888552919e-02 4.1712710749068634e-02 5.8531488701841369e-02 8.9335348238516438e-02 1.0530658464303767e-01 1.2542406368979597e-01 1.3732477249942171e-01 1.4096166847035568e-01 1.4601709925678646e-01 1.3323067834362265e-01 1.2917215412346983e-01 1.0336631478688223e-01 9.0679408079690271e-02 5.7978007212233958e-02 4.2016995157607887e-02 1.3967378619235105e-02 5.5387367325740204e-03 4.4284835273318383e-03 8.3462215909977048e-03 3.9987873654395614e-02 5.3440656981713242e-02 9.5785183738609683e-02 1.2201749888107821e-01 1.4642447831979860e-01 1.7758291614625807e-01 1.7074682749915829e-01 1.9430630719669822e-01 1.5927869045266524e-01 1.6503413536773029e-01 1.1621634068468512e-01 1.0226964333320666e-01 5.8670621092565128e-02 3.5524528105974597e-02 1.2255350823580837e-02 1.0053676215639137e-03
</DataArray>
        <DataArray type="Float64" format="ascii" Name="sigma_eff_2">
3.9880873609539338e-03 1.6996777008627095e-01 4.5749010931306133e-01 4.7590044030480078e-01 4.7137652649932998e-01 5.2680267429466421e-01 4.6104312292539928e-01 5.3024705516323767e-01 4.5495779347757975e-01 5.2966265448602534e-01 4.5844028172086038e-01 5.3265757852393258e-01 4.7043331518714648e-01 5.2675331772489786e-01 4.7660353988851900e-01 4.4056545060918129e-01 3.1803478206789143e-01 -1.7116780268566728e-01 6.4311903578290558e-02 4.0269646912500984e-01 5.0623238047302099e-01 6.5558983987555031e-01 6.4370209245061083e-01 7.3318112955453285e-01 6.7172435632001193e-01 7.4644639322085726e-01 6.7406929259909110e-01 7.4660961885029076e-01 6.7314634764101910e-01 7.4430975715560244e-01 6.5807915524846394e-01 7.1545545216450479e-01 5.7011757065818336e-01 5.8444836713660142e-01 2.3892528601994653e-01 2.3792609114832980e-01 6.9251605953888862e-01 9.5340524820313188e-01 8.4555936475266358e-01 1.0030283591259039e+00 9.0014273401477729e-01 9.9399152580713213e-01 8.9951642705859602e-01 9.7002648656348611e-01 8.9140701088675900e-01 9.6115363182275193e-01 8.9430944441640370e-01 9.7447195592469038e-01 8.9875922384311380e-01 9.9420445909368693e-01 8.6640411438656406e-01 9.8263112950726272e-01 7.4010584291878700e-01 9.0959712510228063e-01 1.3976865459542986e+00 1.5831893691550327e+00 1.3067302562257583e+00 1.4119666320700652e+00 1.2080933546369426e+00 1.2666088788246885e+00 1.1293208118553684e+00 1.1748631178069431e+00 1.0932552946181149e+00 1.1499686249960519e+00 1.1090829664815582e+00 1.1946464667923313e+00 1.1720525792926999e+00 1.3023191068710214e+00 1.2634541964774513e+00 1.4557893286471431e+00 1.3572053957829437e+00 1.6265817331775365e+00 2.1334015749159994e+00 2.2212951501259615e+00 1.7784197298121414e+00 1.7912758012217660e+00 1.4948538251566770e+00 1.4834923813750069e+00 1.3140505938237856e+00 1.3114369951169984e+00 1.2409802798514087e+00 1.2679209263620528e+00 1.2744912570833380e+00 1.3499437926633504e+00 1.4147960833145370e+00 1.5625623142429044e+00 1.6605413339300399e+00 1.9095083625693587e+00 1.9959905990841049e+00 2.3619064985324258e+00 2.8640054709054241e+00 2.7923513351663845e+00 2.1690976517255214e+00 2.0365764497149712e+00 1.6751446517078279e+00 1.5633920282895488e+00 1.3906406495477408e+00 1.3205735644950558e+00 1.2823332138301957e+00 1.2618454464535271e+00 1.3329374953874176e+00 1.3749474592487774e+00 1.5501522568955544e+00 1.6839526038165680e+00 1.9627833574767284e+00 2.2425545492171790e+00 2.5936492401905742e+00 3.0678583100757444e+00 3.4935921580179436e+00 3.1090243587594042e+00 2.3296904474895794e+00 1.9865010376371013e+00 1.6437280701147297e+00 1.4161746360790384e+00 1.2939616509177607e+00 1.1508755923303253e+00 1.1684376325674721e+00 1.0899008161670038e+00 1.2282838817558452e+00 1.2102718898509870e+00 1.4905812200190589e+00 1.5549970833532243e+00 2.0359812536368631e+00 2.2705425793794438e+00 3.0143866029824564e+00 3.6007018551321961e+00 3.6783288949863815e+00 2.5378889462773762e+00 1.9921612108141455e+00 1.4355987583088465e+00 1.2901665565443703e+00 9.7954686650247047e-01 9.8149737068143961e-01 7.8907768035646331e-01 8.7774487780995614e-01 7.4674967269638026e-01 9.3064354842848418e-01 8.3679293326007842e-01 1.1600972553712181e+00 1.0895436570890564e+00 1.6760061462492843e+00 1.6395033011830196e+00 2.8668365645881275e+00 3.3785583281914451e+00 1.2569543049622940e+00 -5.1940435586833389e-01 7.4015629958311269e-01 3.3833917839822014e-01 6.0074666725309100e-01 3.3620108390823955e-01 4.8658791893262732e-01 2.8887522165068241e-01 4.4071142800224428e-01 2.7711604903185610e-01 4.6894663835017769e-01 3.1128008642834593e-01 5.7384005409242178e-01 3.7654216558729525e-01 7.6345134135828696e-01 3.6863919124890820e-01 1.0557590421993217e+00 -9.1783345495168156e-01 -6.4356377645180518e-01 -7.8826873893728089e-01 -1.0300690048260639e+00 -1.1245044126939112e+00 -1.1749515977587286e+00 -1.2749833149532166e+00 -1.2516933804243227e+00 -1.3454966134003279e+00 -1.2804843142080180e+00 -1.3624182308712816e+00 -1.2670761921499996e+00 -1.3307774984352863e+00 -1.2092595215435484e+00 -1.2417008813379080e+00 -1.0924608277102270e+00 -1.0550334711562874e+00 -8.6717746248446104e-01 -5.3276276134875888e-01 -7.0930616637467869e-01 -1.0346245718315215e+00 -1.1735581100874537e+00 -1.3610974536896625e+00 -1.3952242000033546e+00 -1.5362684539050202e+00 -1.5031062591455777e+00 -1.6208036119363893e+00 -1.5416633650813105e+00 -1.6405190762220734e+00 -1.5227590014480190e+00 -1.6005830222556485e+00 -1.4402039915132017e+00 -1.4884200728071975e+00 -1.2608619580293916e+00 -1.2640018230685128e+00 -8.9067808128939918e-01 -8.6255252157387541e-01 -1.2496436368006052e+00 -1.5269492827575850e+00 -1.5287162474419655e+00 -1.7413739839843816e+00 -1.7162674002612621e+00 -1.8827586548007340e+00 -1.8195786386308337e+00 -1.9577003212626944e+00 -1.8577495433506486e+00 -1.9754459247664464e+00 -1.8382966436472590e+00 -1.9383160655670619e+00 -1.7570562615218721e+00 -1.8407367845713518e+00 -1.5984197600735741e+00 -1.6716373021292019e+00 -1.3424878064018371e+00 -1.4373560622759263e+00 -1.8347485793143026e+00 -2.0726065294978948e+00 -1.9936627960121325e+00 -2.1996701213239955e+00 -2.1203038697789114e+00 -2.2955111329628797e+00 -2.1989130640794738e+00 -2.3506369285724333e+00 -2.2294987844733924e+00 -2.3640103268933941e+00 -2.2136021396805794e+00 -2.3357164178099450e+00 -2.1502442863562519e+00 -2.2653897795863860e+00 -2.0376436023992484e+00 -2.1559986198589076e+00 -1.8840748182951530e+00 -2.0245368874533378e+00 -2.3518864845206680e+00 -2.3811484507141176e+00 -2.4376461284335367e+00 -2.4502165570872219e+00 -2.5140624392921462e+00 -2.5078606336048601e+00 -2.5656818337345886e+00 -2.5431838447498030e+00 -2.5866584126896028e+00 -2.5519293294894259e+00 -2.5755773138994904e+00 -2.5332709892176037e+00 -2.5330074665909770e+00 -2.4889522448010744e+00 -2.4627248333788594e+00 -2.4253209400141391e+00 -2.3769479864833514e+00 -2.3566421262562769e+00 -2.0660821549120389e+00 -1.8949731435446930e+00 -2.1064244038479756e+00 -1.9266168079656074e+00 -2.1470661866067697e+00 -1.9563185194864918e+00 -2.1765299219311132e+00 -1.9755723192622476e+00 -2.1888956736125165e+00 -1.9803864574785135e+00 -2.1822044697317091e+00 -1.9699173294228505e+00 -2.1573909343815898e+00 -1.9460400786165291e+00 -2.1188916755712266e+00 -1.9142659026751789e+00 -2.0766298381734596e+00 -1.8847058992598198e+00 -1.5219429356449063e+00 -1.3375570289895033e+00 -1.5337919178554698e+00 -1.3453287953583899e+00 -1.5500412187254851e+00 -1.3553912561648689e+00 -1.5629002915460286e+00 -1.3623095851212885e+00 -1.5683912061269207e+00 -1.3639622730100918e+00 -1.5652376432086308e+00 -1.3599902210661308e+00 -1.5541047214288595e+00 -1.3513578571752818e+00 -1.5379952709555935e+00 -1.3411966314703645e+00 -1.5235639157567473e+00 -1.3360989348317787e+00 -9.6261812698690863e-01 -7.6896253108841450e-01 -9.5747687394254599e-01 -7.6263136912044616e-01 -9.5710755916105184e-01 -7.5812308319493305e-01 -9.5708570758434097e-01 -7.5454517879837635e-01 -9.5682512882069382e-01 -7.5331656234996658e-01 -9.5660834802385541e-01 -7.5504977073883162e-01 -9.5638644423687946e-01 -7.5886827139386726e-01 -9.5632959873268786e-01 -7.6376881654245854e-01 -9.5919709983180024e-01 -7.7242401615141154e-01 -3.8844461850524387e-01 -1.9236203516475908e-01 -3.7780934567038210e-01 -1.7970705778688328e-01 -3.6449546061444538e-01 -1.6027911920992777e-01 -3.5157001946602801e-01 -1.4419375552880631e-01 -3.4503006054712110e-01 -1.3930654262854877e-01 -3.4790249733298745e-01 -1.4780260522107083e-01 -3.5884073014470541e-01 -1.6576308456511443e-01 -3.7284363895139566e-01 -1.8433396802842503e-01 -3.8512688515459576e-01 -1.9559770389123271e-01
</DataArray>
        <DataArray type="Float64" format="ascii" Name="sigma_eff_3">
-1.3525555967126770e+01 -1.3315185647993355e+01 -1.2719733374623617e+01 -1.3080495215564790e+01 -1.3006868419730651e+01 -1.3351040557745932e+01 -1.3228364248020267e+01 -1.3554518859846668e+01 -1.3324679461328660e+01 -1.3609257695874586e+01 -1.3280983645001855e+01 -1.3501785147672202e+01 -1.3107403386344714e+01 -1.3252369916962762e+01 -1.2853152165729824e+01 -1.2982379544474883e+01 -1.2829243541554231e+01 -1.3989036087088181e+01 -1.4626452586761985e+01 -1.4424901613835280e+01 -1.3721657628120811e+01 -1.4071250943750353e+01 -1.3849543946889279e+01 -1.4286803228270081e+01 -1.4112089242523606e+01 -1.4519939247034758e+01 -1.4240184671129606e+01 -1.4587447201784695e+01 -1.4177646205496076e+01 -1.4457608750349985e+01 -1.3945375204569274e+01 -1.4196073787754321e+01 -1.3694788103637462e+01 -1.4089256870533807e+01 -1.4148120884378505e+01 -1.4912132465236542e+01 -1.5072147257671292e+01 -1.5091219018316647e+01 -1.4774302086714084e+01 -1.5146297410884809e+01 -1.4942107902432184e+01 -1.5436546306705102e+01 -1.5211411599772074e+01 -1.5687369127471582e+01 -1.5347228719198274e+01 -1.5758363124493137e+01 -1.5278555389509092e+01 -1.5622004833127782e+01 -1.5039288337079249e+01 -1.5341809194430979e+01 -1.4809963470273242e+01 -1.5119172691590926e+01 -1.4949267785947740e+01 -1.5209656001916153e+01 -1.5275060632867122e+01 -1.5530897951062606e+01 -1.5682230126410850e+01 -1.6174194214353967e+01 -1.6133230880289858e+01 -1.6686668536964309e+01 -1.6473470129480486e+01 -1.6987562533649818e+01 -1.6619100161788676e+01 -1.7062594461151157e+01 -1.6547067598037231e+01 -1.6914889371540184e+01 -1.6273232268565863e+01 -1.6552097049473677e+01 -1.5863232665412886e+01 -1.6003644798615518e+01 -1.5435566073143059e+01 -1.5361975282880525e+01 -1.5362347507193036e+01 -1.5923605450512056e+01 -1.6545194081019179e+01 -1.7219622044025783e+01 -1.7357361779000890e+01 -1.7961846835748116e+01 -1.7787589843899482e+01 -1.8291038663443636e+01 -1.7938180461318982e+01 -1.8360059859783487e+01 -1.7863783661610444e+01 -1.8212733920264732e+01 -1.7543836654762700e+01 -1.7777357531627430e+01 -1.6891153228769706e+01 -1.6885267302314126e+01 -1.5830910917786259e+01 -1.5448512502441419e+01 -1.5451488076415576e+01 -1.6485888281497594e+01 -1.7526895631071049e+01 -1.8402929790840339e+01 -1.8599905101223804e+01 -1.9183176703514150e+01 -1.9012553897031076e+01 -1.9416783724608557e+01 -1.9122951194079604e+01 -1.9449497927150965e+01 -1.9064447310537854e+01 -1.9356331273823187e+01 -1.8778511086267805e+01 -1.8992780094483042e+01 -1.8001702724404677e+01 -1.7936525547497162e+01 -1.6316583608413438e+01 -1.5626223176893518e+01 -1.5834479796692140e+01 -1.7702060739255845e+01 -1.8872029015223085e+01 -1.9826367257441436e+01 -1.9789501377832988e+01 -2.0174822069907808e+01 -1.9943820611162469e+01 -2.0126364963953286e+01 -1.9940654548679980e+01 -2.0090071464630981e+01 -1.9931151958672473e+01 -2.0123233121551024e+01 -1.9844371403293714e+01 -2.0087369164036105e+01 -1.9293144479817474e+01 -1.9373582928384600e+01 -1.7249459778978807e+01 -1.6336291765960894e+01 -1.7504755365728471e+01 -2.0824905464623967e+01 -2.0714407173193756e+01 -2.1296661545944339e+01 -2.0656153397610929e+01 -2.0590559831854847e+01 -2.0330067945947391e+01 -2.0206175858526446e+01 -2.0179219929091417e+01 -2.0111098799021640e+01 -2.0235011740115425e+01 -2.0276051169286497e+01 -2.0474351753827960e+01 -2.0725852333423351e+01 -2.0689571661844028e+01 -2.1300560970433061e+01 -1.9410357169570226e+01 -1.8932119661064334e+01 -2.6455091638865653e+01 -2.6314804707519869e+01 -2.2432849125562498e+01 -2.1425030261608928e+01 -2.0679972844583943e+01 -2.0160370049887550e+01 -2.0026546851656821e+01 -1.9702150456237021e+01 -1.9817494241394996e+01 -1.9601834397768563e+01 -1.9906606417198628e+01 -1.9786935481047230e+01 -2.0347624311561699e+01 -2.0411194361074184e+01 -2.1435282924442710e+01 -2.2186684501473451e+01 -2.3796403569291982e+01 -2.9038687612254165e+01 -1.1682606019032217e+01 -1.1677499941038924e+01 -1.2387744421738695e+01 -1.2215327459517237e+01 -1.2595941088054024e+01 -1.2425573489153463e+01 -1.2745451716291781e+01 -1.2541442860984201e+01 -1.2809732412268733e+01 -1.2571236895353763e+01 -1.2774351847716719e+01 -1.2513693638856971e+01 -1.2645470941002092e+01 -1.2377171832063176e+01 -1.2443864116778780e+01 -1.2146863510981253e+01 -1.2118602404727667e+01 -1.1253288925123668e+01 -1.0388386151731780e+01 -1.0580806363300759e+01 -1.1490528586207571e+01 -1.1338851582595620e+01 -1.1857068701851377e+01 -1.1641258847776340e+01 -1.2011918064496633e+01 -1.1769140244421312e+01 -1.2067035206792735e+01 -1.1798483704842344e+01 -1.2040047405167254e+01 -1.1741304570225488e+01 -1.1926260026419273e+01 -1.1572793044832359e+01 -1.1670488367613968e+01 -1.1162660507061602e+01 -1.0898611692227627e+01 -1.0064917994085743e+01 -9.6876734424406088e+00 -9.7592484702848417e+00 -1.0520120073775782e+01 -1.0391817496393839e+01 -1.0958096859142842e+01 -1.0732064392056273e+01 -1.1157704075939694e+01 -1.0887100188963196e+01 -1.1225432389744341e+01 -1.0922343610560493e+01 -1.1193761383664937e+01 -1.0852009437226837e+01 -1.1047258061933618e+01 -1.0644794165928726e+01 -1.0701738639840013e+01 -1.0206699774814531e+01 -9.9889315718308467e+00 -9.4573962344066000e+00 -9.0912107181253905e+00 -9.0459792633860161e+00 -9.6330525379889469e+00 -9.4844786600826261e+00 -1.0012841253093587e+01 -9.7804787249753815e+00 -1.0218878720554251e+01 -9.9338918134542880e+00 -1.0293410969946084e+01 -9.9699916936787183e+00 -1.0256991817247119e+01 -9.8961369693611410e+00 -1.0097575241061424e+01 -9.6950982884287615e+00 -9.7733289045627920e+00 -9.3402116835261282e+00 -9.2653978899761604e+00 -8.8741281026171421e+00 -8.4115731112204326e+00 -8.0966988410058889e+00 -8.7372702128167585e+00 -8.3707215221863294e+00 -9.0155178079054110e+00 -8.5890970594291076e+00 -9.1887566006041279e+00 -8.7147013396938711e+00 -9.2556641571238991e+00 -8.7452078086936282e+00 -9.2215062666162346e+00 -8.6816021390232567e+00 -9.0821038096786531e+00 -8.5211073891632658e+00 -8.8324436143580627e+00 -8.2735729473398223e+00 -8.5071777145743610e+00 -8.0028971277569791e+00 -6.8926995489898761e+00 -6.3324460187869782e+00 -7.0694747875893933e+00 -6.4855004155701312e+00 -7.2497882031462080e+00 -6.6267157530110232e+00 -7.3742786922687902e+00 -6.7143885249113318e+00 -7.4246811302983708e+00 -6.7360760784686233e+00 -7.3980709633919757e+00 -6.6900269190979751e+00 -7.2952442845291081e+00 -6.5801250494380330e+00 -7.1273433043443601e+00 -6.4268287770709058e+00 -6.9385855708507744e+00 -6.2876007345526919e+00 -5.0780331391275357e+00 -4.4724708217461746e+00 -5.1561645251953205e+00 -4.5434454506918129e+00 -5.2582678179304629e+00 -4.6215194451227672e+00 -5.3346250264870241e+00 -4.6722935914957660e+00 -5.3663017952745964e+00 -4.6847734402997041e+00 -5.3490209151205175e+00 -4.6573959755610597e+00 -5.2848251881469963e+00 -4.5941900887998681e+00 -5.1866397466625696e+00 -4.5126897033617048e+00 -5.0926837597983905e+00 -4.4583926208607441e+00 -3.2134970050907481e+00 -2.5775512828499352e+00 -3.2333022905575550e+00 -2.6006360524366614e+00 -3.2796938787753556e+00 -2.6323835286261481e+00 -3.3157097556375983e+00 -2.6524753684940094e+00 -3.3303787645393355e+00 -2.6570723070900093e+00 -3.3219251717564737e+00 -2.6460047232529087e+00 -3.2913211289098139e+00 -2.6202403127259144e+00 -3.2457433363211932e+00 -2.5879130502991359e+00 -3.2112910447252361e+00 -2.5802854572372791e+00 -1.2992438785448117e+00 -6.4955300547352790e-01 -1.2993523592223362e+00 -6.5246418293799091e-01 -1.3107700524534278e+00 -6.5628122958083757e-01 -1.3183245432065589e+00 -6.5822876790894580e-01 -1.3208470293228958e+00 -6.5866144929186066e-01 -1.3189536815626237e+00 -6.5770948610463309e-01 -1.3123521078337030e+00 -6.5481325855025474e-01 -1.3014827509305507e+00 -6.4997108820072480e-01 -1.2960116346722337e+00 -6.5299771392567307e-01
</DataArray>
        <DataArray type="Float64" format="ascii" Name="K0">
0.0000000000000000e+00 0.0000000000000000e+00 0.0000000000000000e+00 0.0000000000000000e+00 0.0000000000000000e+00 0.0000000000000000e+00 0.0000000000000000e+00 0.0000000000000000e+00 0.0000000000000000e+00 0.0000000000000000e+00 0.0000000000000000e+00 0.0000000000000000e+00 0.0000000000000000e+00 0.0000000000000000e+00 0.0000000000000000e+00 0.0000000000000000e+00 0.0000000000000000e+00 0.0000000000000000e+00 0.0000000000000000e+00 0.0000000000000000e+00 0.0000000000000000e+00 0.0000000000000000e+00 0.0000000000000000e+00 0.0000000000000000e+00 0.0000000000000000e+00 0.0000000000000000e+00 0.0000000000000000e+00 0.0000000000000000e+00 0.0000000000000000e+00 0.0000000000000000e+00 0.0000000000000000e+00 0.0000000000000000e+00 0.0000000000000000e+00 0.0000000000000000e+00 0.0000000000000000e+00 0.0000000000000000e+00 0.0000000000000000e+00 0.0000000000000000e+00 0.0000000000000000e+00 0.0000000000000000e+00 0.0000000000000000e+00 0.0000000000000000e+00 0.0000000000000000e+00 0.0000000000000000e+00 0.0000000000000000e+00 0.0000000000000000e+00 0.0000000000000000e+00 0.0000000000000000e+00 0.0000000000000000e+00 0.0000000000000000e+00 0.0000000000000000e+00 0.0000000000000000e+00 0.0000000000000000e+00 0.0000000000000000e+00 0.0000000000000000e+00 0.0000000000000000e+00 0.0000000000000000e+00 0.0000000000000000e+00 0.0000000000000000e+00 0.0000000000000000e+00 0.0000000000000000e+00 0.0000000000000000e+00 0.0000000000000000e+00 0.0000000000000000e+00 0.0000000000000000e+00 0.0000000000000000e+00 0.0000000000000000e+00 0.0000000000000000e+00 0.0000000000000000e+00 0.0000000000000000e+00 0.0000000000000000e+00 0.0000000000000000e+00 0.0000000000000000e+00 0.0000000000000000e+00 0.0000000000000000e+00 0.0000000000000000e+00 0.0000000000000000e+00 0.0000000000000000e+00 0.0000000000000000e+00 0.0000000000000000e+00 0.0000000000000000e+00 0.0000000000000000e+00 0.0000000000000000e+00 0.0000000000000000e+00 0.0000000000000000e+00 0.0000000000000000e+00 0.0000000000000000e+00 0.0000000000000000e+00 0.0000000000000000e+00 0.0000000000000000e+00 0.0000000000000000e+00 0.0000000000000000e+00 0.0000000000000000e+00 0.0000000000000000e+00 0.0000000000000000e+00 0.0000000000000000e+00 0.0000000000000000e+00 0.0000000000000000e+00 0.0000000000000000e+00 0.0000000000000000e+00 0.0000000000000000e+00 0.0000000000000000e+00 0.0000000000000000e+00 0.0000000000000000e+00 0.0000000000000000e+00 0.0000000000000000e+00 0.0000000000000000e+00 0.0000000000000000e+00 0.0000000000000000e+00 0.0000000000000000e+00 0.0000000000000000e+00 0.0000000000000000e+00 0.0000000000000000e+00 0.0000000000000000e+00 0.0000000000000000e+00 0.0000000000000000e+00 0.0000000000000000e+00 0.0000000000000000e+00 0.0000000000000000e+00 0.0000000000000000e+00 0.0000000000000000e+00 0.0000000000000000e+00 0.0000000000000000e+00 0.0000000000000000e+00 0.0000000000000000e+00 0.0000000000000000e+00 0.0000000000000000e+00 0.0000000000000000e+00 0.0000000000000000e+00 0.0000000000000000e+00 0.0000000000000000e+00 0.0000000000000000e+00 0.0000000000000000e+00 0.0000000000000000e+00 0.0000000000000000e+00 0.0000000000000000e+00 0.0000000000000000e+00 0.0000000000000000e+00 0.0000000000000000e+00 0.0000000000000000e+00 0.0000000000000000e+00 0.0000000000000000e+00 0.0000000000000000e+00 0.0000000000000000e+00 0.0000000000000000e+00 0.0000000000000000e+00 0.0000000000000000e+00 0.0000000000000000e+00 0.0000000000000000e+00 0.0000000000000000e+00 0.0000000000000000e+00 0.0000000000000000e+00 0.0000000000000000e+00 0.0000000000000000e+00 0.0000000000000000e+00 0.0000000000000000e+00 0.0000000000000000e+00 0.0000000000000000e+00 0.0000000000000000e+00 0.0000000000000000e+00 0.0000000000000000e+00 0.0000000000000000e+00 0.0000000000000000e+00 0.0000000000000000e+00 0.0000000000000000e+00 0.0000000000000000e+00 0.0000000000000000e+00 0.0000000000000000e+00 0.0000000000000000e+00 0.0000000000000000e+00 0.0000000000000000e+00 0.0000000000000000e+00 0.0000000000000000e+00 0.0000000000000000e+00 0.0000000000000000e+00 0.0000000000000000e+00 0.0000000000000000e+00 0.0000000000000000e+00 0.0000000000000000e+00 0.0000000000000000e+00 0.0000000000000000e+00 0.0000000000000000e+00 0.0000000000000000e+00 0.0000000000000000e+00 0.0000000000000000e+00 0.0000000000000000e+00 0.0000000000000000e+00 0.0000000000000000e+00 0.0000000000000000e+00 0.0000000000000000e+00 0.0000000000000000e+00 0.0000000000000000e+00 0.0000000000000000e+00 0.0000000000000000e+00 0.0000000000000000e+00 0.0000000000000000e+00 0.0000000000000000e+00 0.0000000000000000e+00 0.0000000000000000e+00 0.0000000000000000e+00 0.0000000000000000e+00 0.0000000000000000e+00 0.0000000000000000e+00 0.0000000000000000e+00 0.0000000000000000e+00 0.0000000000000000e+00 0.0000000000000000e+00 0.0000000000000000e+00 0.0000000000000000e+00 0.0000000000000000e+00 0.0000000000000000e+00 0.0000000000000000e+00 0.0000000000000000e+00 0.0000000000000000e+00 0.0000000000000000e+00 0.0000000000000000e+00 0.0000000000000000e+00 0.0000000000000000e+00 0.0000000000000000e+00 0.0000000000000000e+00 0.0000000000000000e+00 0.0000000000000000e+00 0.0000000000000000e+00 0.0000000000000000e+00 0.0000000000000000e+00 0.0000000000000000e+00 0.0000000000000000e+00 0.0000000000000000e+00 0.0000000000000000e+00 0.0000000000000000e+00 0.0000000000000000e+00 0.0000000000000000e+00 0.0000000000000000e+00 0.0000000000000000e+00 0.0000000000000000e+00 0.0000000000000000e+00 0.0000000000000000e+00 0.0000000000000000e+00 0.0000000000000000e+00 0.0000000000000000e+00 0.0000000000000000e+00 0.0000000000000000e+00 0.0000000000000000e+00 0.0000000000000000e+00 0.0000000000000000e+00 0.0000000000000000e+00 0.0000000000000000e+00 0.0000000000000000e+00 0.0000000000000000e+00 0.0000000000000000e+00 0.0000000000000000e+00 0.0000000000000000e+00 0.0000000000000000e+00 0.0000000000000000e+00 0.0000000000000000e+00 0.0000000000000000e+00 0.0000000000000000e+00 0.0000000000000000e+00 0.0000000000000000e+00 0.0000000000000000e+00 0.0000000000000000e+00 0.0000000000000000e+00 0.0000000000000000e+00 0.0000000000000000e+00 0.0000000000000000e+00 0.0000000000000000e+00 0.0000000000000000e+00 0.0000000000000000e+00 0.0000000000000000e+00 0.0000000000000000e+00 0.0000000000000000e+00 0.0000000000000000e+00 0.0000000000000000e+00 0.0000000000000000e+00 0.0000000000000000e+00 0.0000000000000000e+00 0.0000000000000000e+00 0.0000000000000000e+00 0.0000000000000000e+00 0.0000000000000000e+00 0.0000000000000000e+00 0.0000000000000000e+00 0.0000000000000000e+00 0.0000000000000000e+00 0.0000000000000000e+00 0.0000000000000000e+00 0.0000000000000000e+00 0.0000000000000000e+00 0.0000000000000000e+00 0.0000000000000000e+00 0.0000000000000000e+00 0.0000000000000000e+00 0.0000000000000000e+00 0.0000000000000000e+00 0.0000000000000000e+00 0.0000000000000000e+00 0.0000000000000000e+00 0.0000000000000000e+00 0.0000000000000000e+00 0.0000000000000000e+00 0.0000000000000000e+00 0.0000000000000000e+00 0.0000000000000000e+00 0.0000000000000000e+00 0.0000000000000000e+00 0.0000000000000000e+00 0.0000000000000000e+00 0.0000000000000000e+00 0.0000000000000000e+00 0.0000000000000000e+00 0.0000000000000000e+00 0.0000000000000000e+00 0.0000000000000000e+00 0.0000000000000000e+00 0.0000000000000000e+00 0.0000000000000000e+00 0.0000000000000000e+00 0.0000000000000000e+00 0.0000000000000000e+00 0.0000000000000000e+00 0.0000000000000000e+00 0.0000000000000000e+00 0.0000000000000000e+00 0.0000000000000000e+00
</DataArray>
        <DataArray type="Float64" format="ascii" Name="PlasticStrain" NumberOfComponents="9">
0.0000000000000000e+00 0.0000000000000000e+00 0.0000000000000000e+00 0.0000000000000000e+00 0.0000000000000000e+00 0.0000000000000000e+00 0.0000000000000000e+00 0.0000000000000000e+00 0.0000000000000000e+00 0.0000000000000000e+00 0.0000000000000000e+00 0.0000000000000000e+00 0.0000000000000000e+00 0.0000000000000000e+00 0.0000000000000000e+00 0.0000000000000000e+00 0.0000000000000000e+00 0.0000000000000000e+00 0.0000000000000000e+00 0.0000000000000000e+00 0.0000000000000000e+00 0.0000000000000000e+00 0.0000000000000000e+00 0.0000000000000000e+00 0.0000000000000000e+00 0.0000000000000000e+00 0.0000000000000000e+00 0.0000000000000000e+00 0.0000000000000000e+00 0.0000000000000000e+00 0.0000000000000000e+00 0.0000000000000000e+00 0.0000000000000000e+00 0.0000000000000000e+00 0.0000000000000000e+00 0.0000000000000000e+00 0.0000000000000000e+00 0.0000000000000000e+00 0.0000000000000000e+00 0.0000000000000000e+00 0.0000000000000000e+00 0.0000000000000000e+00 0.0000000000000000e+00 0.0000000000000000e+00 0.0000000000000000e+00 0.0000000000000000e+00 0.0000000000000000e+00 0.0000000000000000e+00 0.0000000000000000e+00 0.0000000000000000e+00 0.0000000000000000e+00 0.0000000000000000e+00 0.0000000000000000e+00 0.0000000000000000e+00 0.0000000000000000e+00 0.0000000000000000e+00 0.0000000000000000e+00 0.0000000000000000e+00 0.0000000000000000e+00 0.0000000000000000e+00 0.0000000000000000e+00 0.0000000000000000e+00 0.0000000000000000e+00 0.0000000000000000e+00 0.0000000000000000e+00 0.0000000000000000e+00 0.0000000000000000e+00 0.0000000000000000e+00 0.0000000000000000e+00 0.0000000000000000e+00 0.0000000000000000e+00 0.0000000000000000e+00 0.0000000000000000e+00 0.0000000000000000e+00 0.0000000000000000e+00 0.0000000000000000e+00 0.0000000000000000e+00 0.0000000000000000e+00 0.0000000000000000e+00 0.0000000000000000e+00 0.0000000000000000e+00 0.0000000000000000e+00 0.0000000000000000e+00 0.0000000000000000e+00 0.0000000000000000e+00 0.0000000000000000e+00 0.0000000000000000e+00 0.0000000000000000e+00 0.0000000000000000e+00 0.0000000000000000e+00 0.0000000000000000e+00 0.0000000000000000e+00 0.0000000000000000e+00 0.0000000000000000e+00 0.0000000000000000e+00 0.0000000000000000e+00 0.0000000000000000e+00 0.0000000000000000e+00 0.0000000000000000e+00 0.0000000000000000e+00 0.0000000000000000e+00 0.0000000000000000e+00 0.0000000000000000e+00 0.0000000000000000e+00 0.0000000000000000e+00 0.0000000000000000e+00 0.0000000000000000e+00 0.0000000000000000e+00 0.0000000000000000e+00 0.0000000000000000e+00 0.0000000000000000e+00 0.0000000000000000e+00 0.0000000000000000e+00 0.0000000000000000e+00 0.0000000000000000e+00 0.0000000000000000e+00 0.0000000000000000e+00 0.0000000000000000e+00 0.0000000000000000e+00 0.0000000000000000e+00 0.0000000000000000e+00 0.0000000000000000e+00 0.0000000000000000e+00 0.0000000000000000e+00 0.0000000000000000e+00 0.0000000000000000e+00 0.0000000000000000e+00 0.0000000000000000e+00 0.0000000000000000e+00 0.0000000000000000e+00 0.0000000000000000e+00 0.0000000000000000e+00 0.0000000000000000e+00 0.0000000000000000e+00 0.0000000000000000e+00 0.0000000000000000e+00 0.0000000000000000e+00 0.0000000000000000e+00 0.0000000000000000e+00 0.0000000000000000e+00 0.0000000000000000e+00 0.0000000000000000e+00 0.0000000000000000e+00 0.0000000000000000e+00 0.0000000000000000e+00 0.0000000000000000e+00 0.0000000000000000e+00 0.0000000000000000e+00 0.0000000000000000e+00 0.0000000000000000e+00 0.0000000000000000e+00 0.0000000000000000e+00 0.0000000000000000e+00 0.0000000000000000e+00 0.0000000000000000e+00 0.0000000000000000e+00 0.0000000000000000e+00 0.0000000000000000e+00 0.0000000000000000e+00 0.0000000000000000e+00 0.0000000000000000e+00 0.0000000000000000e+00 0.0000000000000000e+00 0.0000000000000000e+00 0.0000000000000000e+00 0.0000000000000000e+00 0.0000000000000000e+00 0.0000000000000000e+00 0.0000000000000000e+00 0.0000000000000000e+00 0.0000000000000000e+00 0.0000000000000000e+00 0.0000000000000000e+00 0.0000000000000000e+00 0.0000000000000000e+00 0.0000000000000000e+00 0.0000000000000000e+00 0.0000000000000000e+00 0.0000000000000000e+00 0.0000000000000000e+00 0.0000000000000000e+00 0.0000000000000000e+00 0.0000000000000000e+00 0.0000000000000000e+00 0.0000000000000000e+00 0.0000000000000000e+00 0.0000000000000000e+00 0.0000000000000000e+00 0.0000000000000000e+00 0.0000000000000000e+00 0.0000000000000000e+00 0.0000000000000000e+00 0.0000000000000000e+00 0.0000000000000000e+00 0.0000000000000000e+00 0.0000000000000000e+00 0.0000000000000000e+00 0.0000000000000000e+00 0.0000000000000000e+00 0.0000000000000000e+00 0.0000000000000000e+00 0.0000000000000000e+00 0.0000000000000000e+00 0.0000000000000000e+00 0.0000000000000000e+00 0.0000000000000000e+00 0.0000000000000000e+00 0.0000000000000000e+00 0.0000000000000000e+00 0.0000000000000000e+00 0.0000000000000000e+00 0.0000000000000000e+00 0.0000000000000000e+00 0.0000000000000000e+00 0.0000000000000000e+00 0.0000000000000000e+00 0.0000000000000000e+00 0.0000000000000000e+00 0.0000000000000000e+00 0.0000000000000000e+00 0.0000000000000000e+00 0.0000000000000000e+00 0.0000000000000000e+00 0.0000000000000000e+00 0.0000000000000000e+00 0.0000000000000000e+00 0.0000000000000000e+00 0.0000000000000000e+00 0.0000000000000000e+00 0.0000000000000000e+00 0.0000000000000000e+00 0.0000000000000000e+00 0.0000000000000000e+00 0.0000000000000000e+00 0.0000000000000000e+00 0.0000000000000000e+00 0.0000000000000000e+00 0.0000000000000000e+00 0.0000000000000000e+00 0.0000000000000000e+00 0.0000000000000000e+00 0.0000000000000000e+00 0.0000000000000000e+00 0.0000000000000000e+00 0.0000000000000000e+00 0.0000000000000000e+00 0.0000000000000000e+00 0.0000000000000000e+00 0.0000000000000000e+00 0.0000000000000000e+00 0.0000000000000000e+00 0.0000000000000000e+00 0.0000000000000000e+00 0.0000000000000000e+00 0.0000000000000000e+00 0.0000000000000000e+00 0.0000000000000000e+00 0.0000000000000000e+00 0.0000000000000000e+00 0.0000000000000000e+00 0.0000000000000000e+00 0.0000000000000000e+00 0.0000000000000000e+00 0.0000000000000000e+00 0.0000000000000000e+00 0.0000000000000000e+00 0.0000000000000000e+00 0.0000000000000000e+00 0.0000000000000000e+00 0.0000000000000000e+00 0.0000000000000000e+00 0.0000000000000000e+00 0.0000000000000000e+00 0.0000000000000000e+00 0.0000000000000000e+00 0.0000000000000000e+00 0.0000000000000000e+00 0.0000000000000000e+00 0.0000000000000000e+00 0.0000000000000000e+00 0.0000000000000000e+00 0.0000000000000000e+00 0.0000000000000000e+00 0.0000000000000000e+00 0.0000000000000000e+00 0.0000000000000000e+00 0.0000000000000000e+00 0.0000000000000000e+00 0.0000000000000000e+00 0.0000000000000000e+00 0.0000000000000000e+00 0.0000000000000000e+00 0.0000000000000000e+00 0.0000000000000000e+00 0.0000000000000000e+00 0.0000000000000000e+00 0.0000000000000000e+00 0.0000000000000000e+00 0.0000000000000000e+00 0.0000000000000000e+00 0.0000000000000000e+00 0.0000000000000000e+00 0.0000000000000000e+00 0.0000000000000000e+00 0.0000000000000000e+00 0.0000000000000000e+00 0.0000000000000000e+00 0.0000000000000000e+00 0.0000000000000000e+00 0.0000000000000000e+00 0.0000000000000000e+00 0.0000000000000000e+00 0.0000000000000000e+00 0.0000000000000000e+00 0.0000000000000000e+00 0.0000000000000000e+00 0.0000000000000000e+00 0.0000000000000000e+00 0.0000000000000000e+00 0.0000000000000000e+00 0.0000000000000000e+00 0.0000000000000000e+00 0.0000000000000000e+00 0.0000000000000000e+00 0.0000000000000000e+00 0.0000000000000000e+00 0.0000000000000000e+00 0.0000000000000000e+00 0.0000000000000000e+00 0.0000000000000000e+00 0.0000000000000000e+00 0.0000000000000000e+00 0.0000000000000000e+00 0.0000000000000000e+00 0.0000000000000000e+00 0.0000000000000000e+00 0.0000000000000000e+00 0.0000000000000000e+00 0.0000000000000000e+00 0.0000000000000000e+00 0.0000000000000000e+00 0.0000000000000000e+00 0.0000000000000000e+00 0.0000000000000000e+00 0.0000000000000000e+00 0.0000000000000000e+00 0.0000000000000000e+00 0.0000000000000000e+00 0.0000000000000000e+00 0.0000000000000000e+00 0.0000000000000000e+00 0.0000000000000000e+00 0.0000000000000000e+00 0.0000000000000000e+00 0.0000000000000000e+00 0.0000000000000000e+00 0.0000000000000000e+00 0.0000000000000000e+00 0.0000000000000000e+00 0.0000000000000000e+00 0.0000000000000000e+00 0.0000000000000000e+00 0.0000000000000000e+00 0.0000000000000000e+00 0.0000000000000000e+00 0.0000000000000000e+00 0.0000000000000000e+00 0.0000000000000000e+00 0.0000000000000000e+00 0.0000000000000000e+00 0.0000000000000000e+00 0.0000000000000000e+00 0.0000000000000000e+00 0.0000000000000000e+00 0.0000000000000000e+00 0.0000000000000000e+00 0.0000000000000000e+00 0.0000000000000000e+00 0.0000000000000000e+00 0.0000000000000000e+00 0.0000000000000000e+00 0.0000000000000000e+00 0.0000000000000000e+00 0.0000000000000000e+00 0.0000000000000000e+00 0.0000000000000000e+00 0.0000000000000000e+00 0.0000000000000000e+00 0.0000000000000000e+00 0.0000000000000000e+00 0.0000000000000000e+00 0.0000000000000000e+00 0.0000000000000000e+00 0.0000000000000000e+00 0.0000000000000000e+00 0.0000000000000000e+00 0.0000000000000000e+00 0.0000000000000000e+00 0.0000000000000000e+00 0.0000000000000000e+00 0.0000000000000000e+00 0.0000000000000000e+00 0.0000000000000000e+00 0.0000000000000000e+00 0.0000000000000000e+00 0.0000000000000000e+00 0.0000000000000000e+00 0.0000000000000000e+00 0.0000000000000000e+00 0.0000000000000000e+00 0.0000000000000000e+00 0.0000000000000000e+00 0.0000000000000000e+00 0.0000000000000000e+00 0.0000000000000000e+00 0.0000000000000000e+00 0.0000000000000000e+00 0.0000000000000000e+00 0.0000000000000000e+00 0.0000000000000000e+00 0.0000000000000000e+00 0.0000000000000000e+00 0.0000000000000000e+00 0.0000000000000000e+00 0.0000000000000000e+00 0.0000000000000000e+00 0.0000000000000000e+00 0.0000000000000000e+00 0.0000000000000000e+00 0.0000000000000000e+00 0.0000000000000000e+00 0.0000000000000000e+00 0.0000000000000000e+00 0.0000000000000000e+00 0.0000000000000000e+00 0.0000000000000000e+00 0.0000000000000000e+00 0.0000000000000000e+00 0.0000000000000000e+00 0.0000000000000000e+00 0.0000000000000000e+00 0.0000000000000000e+00 0.0000000000000000e+00 0.0000000000000000e+00 0.0000000000000000e+00 0.0000000000000000e+00 0.0000000000000000e+00 0.0000000000000000e+00 0.0000000000000000e+00 0.0000000000000000e+00 0.0000000000000000e+00 0.0000000000000000e+00 0.0000000000000000e+00 0.0000000000000000e+00 0.0000000000000000e+00 0.0000000000000000e+00 0.0000000000000000e+00 0.0000000000000000e+00 0.0000000000000000e+00 0.0000000000000000e+00 0.0000000000000000e+00 0.0000000000000000e+00 0.0000000000000000e+00 0.0000000000000000e+00 0.0000000000000000e+00 0.0000000000000000e+00 0.0000000000000000e+00 0.0000000000000000e+00 0.0000000000000000e+00 0.0000000000000000e+00 0.0000000000000000e+00 0.0000000000000000e+00 0.0000000000000000e+00 0.0000000000000000e+00 0.0000000000000000e+00 0.0000000000000000e+00 0.0000000000000000e+00 0.0000000000000000e+00 0.0000000000000000e+00 0.0000000000000000e+00 0.0000000000000000e+00 0.0000000000000000e+00 0.0000000000000000e+00 0.0000000000000000e+00 0.0000000000000000e+00 0.0000000000000000e+00 0.0000000000000000e+00 0.0000000000000000e+00 0.0000000000000000e+00 0.0000000000000000e+00 0.0000000000000000e+00 0.0000000000000000e+00 0.0000000000000000e+00 0.0000000000000000e+00 0.0000000000000000e+00 0.0000000000000000e+00 0.0000000000000000e+00 0.0000000000000000e+00 0.0000000000000000e+00 0.0000000000000000e+00 0.0000000000000000e+00 0.0000000000000000e+00 0.0000000000000000e+00 0.0000000000000000e+00 0.0000000000000000e+00 0.0000000000000000e+00 0.0000000000000000e+00 0.0000000000000000e+00 0.0000000000000000e+00 0.0000000000000000e+00 0.0000000000000000e+00 0.0000000000000000e+00 0.0000000000000000e+00 0.0000000000000000e+00 0.0000000000000000e+00 0.0000000000000000e+00 0.0000000000000000e+00 0.0000000000000000e+00 0.0000000000000000e+00 0.0000000000000000e+00 0.0000000000000000e+00 0.0000000000000000e+00 0.0000000000000000e+00 0.0000000000000000e+00 0.0000000000000000e+00 0.0000000000000000e+00 0.0000000000000000e+00 0.0000000000000000e+00 0.0000000000000000e+00 0.0000000000000000e+00 0.0000000000000000e+00 0.0000000000000000e+00 0.0000000000000000e+00 0.0000000000000000e+00 0.0000000000000000e+00 0.0000000000000000e+00 0.0000000000000000e+00 0.0000000000000000e+00 0.0000000000000000e+00 0.0000000000000000e+00 0.0000000000000000e+00 0.0000000000000000e+00 0.0000000000000000e+00 0.0000000000000000e+00 0.0000000000000000e+00 0.0000000000000000e+00 0.0000000000000000e+00 0.0000000000000000e+00 0.0000000000000000e+00 0.0000000000000000e+00 0.0000000000000000e+00 0.0000000000000000e+00 0.0000000000000000e+00 0.0000000000000000e+00 0.0000000000000000e+00 0.0000000000000000e+00 0.0000000000000000e+00 0.0000000000000000e+00 0.0000000000000000e+00 0.0000000000000000e+00 0.0000000000000000e+00 0.0000000000000000e+00 0.0000000000000000e+00 0.0000000000000000e+00 0.0000000000000000e+00 0.0000000000000000e+00 0.0000000000000000e+00 0.0000000000000000e+00 0.0000000000000000e+00 0.0000000000000000e+00 0.0000000000000000e+00 0.0000000000000000e+00 0.0000000000000000e+00 0.0000000000000000e+00 0.0000000000000000e+00 0.0000000000000000e+00 0.0000000000000000e+00 0.0000000000000000e+00 0.0000000000000000e+00 0.0000000000000000e+00 0.0000000000000000e+00 0.0000000000000000e+00 0.0000000000000000e+00 0.0000000000000000e+00 0.0000000000000000e+00 0.0000000000000000e+00 0.0000000000000000e+00 0.0000000000000000e+00 0.0000000000000000e+00 0.0000000000000000e+00 0.0000000000000000e+00 0.0000000000000000e+00 0.0000000000000000e+00 0.0000000000000000e+00 0.0000000000000000e+00 0.0000000000000000e+00 0.0000000000000000e+00 0.0000000000000000e+00 0.0000000000000000e+00 0.0000000000000000e+00 0.0000000000000000e+00 0.0000000000000000e+00 0.0000000000000000e+00 0.0000000000000000e+00 0.0000000000000000e+00 0.0000000000000000e+00 0.0000000000000000e+00 0.0000000000000000e+00 0.0000000000000000e+00 0.0000000000000000e+00 0.0000000000000000e+00 0.0000000000000000e+00 0.0000000000000000e+00 0.0000000000000000e+00 0.0000000000000000e+00 0.0000000000000000e+00 0.0000000000000000e+00 0.0000000000000000e+00 0.0000000000000000e+00 0.0000000000000000e+00 0.0000000000000000e+00 0.0000000000000000e+00 0.0000000000000000e+00 0.0000000000000000e+00 0.0000000000000000e+00 0.0000000000000000e+00 0.0000000000000000e+00 0.0000000000000000e+00 0.0000000000000000e+00 0.0000000000000000e+00 0.0000000000000000e+00 0.0000000000000000e+00 0.0000000000000000e+00 0.0000000000000000e+00 0.0000000000000000e+00 0.0000000000000000e+00 0.0000000000000000e+00 0.0000000000000000e+00 0.0000000000000000e+00 0.0000000000000000e+00 0.0000000000000000e+00 0.0000000000000000e+00 0.0000000000000000e+00 0.0000000000000000e+00 0.0000000000000000e+00 0.0000000000000000e+00 0.0000000000000000e+00 0.0000000000000000e+00 0.0000000000000000e+00 0.0000000000000000e+00 0.0000000000000000e+00 0.0000000000000000e+00 0.0000000000000000e+00 0.0000000000000000e+00 0.0000000000000000e+00 0.0000000000000000e+00 0.0000000000000000e+00 0.0000000000000000e+00 0.0000000000000000e+00 0.0000000000000000e+00 0.0000000000000000e+00 0.0000000000000000e+00 0.0000000000000000e+00 0.0000000000000000e+00 0.0000000000000000e+00 0.0000000000000000e+00 0.0000000000000000e+00 0.0000000000000000e+00 0.0000000000000000e+00 0.0000000000000000e+00 0.0000000000000000e+00 0.0000000000000000e+00 0.0000000000000000e+00 0.0000000000000000e+00 0.0000000000000000e+00 0.0000000000000000e+00 0.0000000000000000e+00 0.0000000000000000e+00 0.0000000000000000e+00 0.0000000000000000e+00 0.0000000000000000e+00 0.0000000000000000e+00 0.0000000000000000e+00 0.0000000000000000e+00 0.0000000000000000e+00 0.0000000000000000e+00 0.0000000000000000e+00 0.0000000000000000e+00 0.0000000000000000e+00 0.0000000000000000e+00 0.0000000000000000e+00 0.0000000000000000e+00 0.0000000000000000e+00 0.0000000000000000e+00 0.0000000000000000e+00 0.0000000000000000e+00 0.0000000000000000e+00 0.0000000000000000e+00 0.0000000000000000e+00 0.0000000000000000e+00 0.0000000000000000e+00 0.0000000000000000e+00 0.0000000000000000e+00 0.0000000000000000e+00 0.0000000000000000e+00 0.0000000000000000e+00 0.0000000000000000e+00 0.0000000000000000e+00 0.0000000000000000e+00 0.0000000000000000e+00 0.0000000000000000e+00 0.0000000000000000e+00 0.0000000000000000e+00 0.0000000000000000e+00 0.0000000000000000e+00 0.0000000000000000e+00 0.0000000000000000e+00 0.0000000000000000e+00 0.0000000000000000e+00 0.0000000000000000e+00 0.0000000000000000e+00 0.0000000000000000e+00 0.0000000000000000e+00 0.0000000000000000e+00 0.0000000000000000e+00 0.0000000000000000e+00 0.0000000000000000e+00 0.0000000000000000e+00 0.0000000000000000e+00 0.0000000000000000e+00 0.0000000000000000e+00 0.0000000000000000e+00 0.0000000000000000e+00 0.0000000000000000e+00 0.0000000000000000e+00 0.0000000000000000e+00 0.0000000000000000e+00 0.0000000000000000e+00 0.0000000000000000e+00 0.0000000000000000e+00 0.0000000000000000e+00 0.0000000000000000e+00 0.0000000000000000e+00 0.0000000000000000e+00 0.0000000000000000e+00 0.0000000000000000e+00 0.0000000000000000e+00 0.0000000000000000e+00 0.0000000000000000e+00 0.0000000000000000e+00 0.0000000000000000e+00 0.0000000000000000e+00 0.0000000000000000e+00 0.0000000000000000e+00 0.0000000000000000e+00 0.0000000000000000e+00 0.0000000000000000e+00 0.0000000000000000e+00 0.0000000000000000e+00 0.0000000000000000e+00 0.0000000000000000e+00 0.0000000000000000e+00 0.0000000000000000e+00 0.0000000000000000e+00 0.0000000000000000e+00 0.0000000000000000e+00 0.0000000000000000e+00 0.0000000000000000e+00 0.0000000000000000e+00 0.0000000000000000e+00 0.0000000000000000e+00 0.0000000000000000e+00 0.0000000000000000e+00 0.0000000000000000e+00 0.0000000000000000e+00 0.0000000000000000e+00 0.0000000000000000e+00 0.0000000000000000e+00 0.0000000000000000e+00 0.0000000000000000e+00 0.0000000000000000e+00 0.0000000000000000e+00 0.0000000000000000e+00 0.0000000000000000e+00 0.0000000000000000e+00 0.0000000000000000e+00 0.0000000000000000e+00 0.0000000000000000e+00 0.0000000000000000e+00 0.0000000000000000e+00 0.0000000000000000e+00 0.0000000000000000e+00 0.0000000000000000e+00 0.0000000000000000e+00 0.0000000000000000e+00 0.0000000000000000e+00 0.0000000000000000e+00 0.0000000000000000e+00 0.0000000000000000e+00 0.0000000000000000e+00 0.0000000000000000e+00 0.0000000000000000e+00 0.0000000000000000e+00 0.0000000000000000e+00 0.0000000000000000e+00 0.0000000000000000e+00 0.0000000000000000e+00 0.0000000000000000e+00 0.0000000000000000e+00 0.0000000000000000e+00 0.0000000000000000e+00 0.0000000000000000e+00 0.0000000000000000e+00 0.0000000000000000e+00 0.0000000000000000e+00 0.0000000000000000e+00 0.0000000000000000e+00 0.0000000000000000e+00 0.0000000000000000e+00 0.0000000000000000e+00 0.0000000000000000e+00 0.0000000000000000e+00 0.0000000000000000e+00 0.0000000000000000e+00 0.0000000000000000e+00 0.0000000000000000e+00 0.0000000000000000e+00 0.0000000000000000e+00 0.0000000000000000e+00 0.0000000000000000e+00 0.0000000000000000e+00 0.0000000000000000e+00 0.0000000000000000e+00 0.0000000000000000e+00 0.0000000000000000e+00 0.0000000000000000e+00 0.0000000000000000e+00 0.0000000000000000e+00 0.0000000000000000e+00 0.0000000000000000e+00 0.0000000000000000e+00 0.0000000000000000e+00 0.0000000000000000e+00 0.0000000000000000e+00 0.0000000000000000e+00 0.0000000000000000e+00 0.0000000000000000e+00 0.0000000000000000e+00 0.0000000000000000e+00 0.0000000000000000e+00 0.0000000000000000e+00 0.0000000000000000e+00 0.0000000000000000e+00 0.0000000000000000e+00 0.0000000000000000e+00 0.0000000000000000e+00 0.0000000000000000e+00 0.0000000000000000e+00 0.0000000000000000e+00 0.0000000000000000e+00 0.0000000000000000e+00 0.0000000000000000e+00 0.0000000000000000e+00 0.0000000000000000e+00 0.0000000000000000e+00 0.0000000000000000e+00 0.0000000000000000e+00 0.0000000000000000e+00 0.0000000000000000e+00 0.0000000000000000e+00 0.0000000000000000e+00 0.0000000000000000e+00 0.0000000000000000e+00 0.0000000000000000e+00 0.0000000000000000e+00 0.0000000000000000e+00 0.0000000000000000e+00 0.0000000000000000e+00 0.0000000000000000e+00 0.0000000000000000e+00 0.0000000000000000e+00 0.0000000000000000e+00 0.0000000000000000e+00 0.0000000000000000e+00 0.0000000000000000e+00 0.0000000000000000e+00 0.0000000000000000e+00 0.0000000000000000e+00 0.0000000000000000e+00 0.0000000000000000e+00 0.0000000000000000e+00 0.0000000000000000e+00 0.0000000000000000e+00 0.0000000000000000e+00 0.0000000000000000e+00 0.0000000000000000e+00 0.0000000000000000e+00 0.0000000000000000e+00 0.0000000000000000e+00 0.0000000000000000e+00 0.0000000000000000e+00 0.0000000000000000e+00 0.0000000000000000e+00 0.0000000000000000e+00 0.0000000000000000e+00 0.0000000000000000e+00 0.0000000000000000e+00 0.0000000000000000e+00 0.0000000000000000e+00 0.0000000000000000e+00 0.0000000000000000e+00 0.0000000000000000e+00 0.0000000000000000e+00 0.0000000000000000e+00 0.0000000000000000e+00 0.0000000000000000e+00 0.0000000000000000e+00 0.0000000000000000e+00 0.0000000000000000e+00 0.0000000000000000e+00 0.0000000000000000e+00 0.0000000000000000e+00 0.0000000000000000e+00 0.0000000000000000e+00 0.0000000000000000e+00 0.0000000000000000e+00 0.0000000000000000e+00 0.0000000000000000e+00 0.0000000000000000e+00 0.0000000000000000e+00 0.0000000000000000e+00 0.0000000000000000e+00 0.0000000000000000e+00 0.0000000000000000e+00 0.0000000000000000e+00 0.0000000000000000e+00 0.0000000000000000e+00 0.0000000000000000e+00 0.0000000000000000e+00 0.0000000000000000e+00 0.0000000000000000e+00 0.0000000000000000e+00 0.0000000000000000e+00 0.0000000000000000e+00 0.0000000000000000e+00 0.0000000000000000e+00 0.0000000000000000e+00 0.0000000000000000e+00 0.0000000000000000e+00 0.0000000000000000e+00 0.0000000000000000e+00 0.0000000000000000e+00 0.0000000000000000e+00 0.0000000000000000e+00 0.0000000000000000e+00 0.0000000000000000e+00 0.0000000000000000e+00 0.0000000000000000e+00 0.0000000000000000e+00 0.0000000000000000e+00 0.0000000000000000e+00 0.0000000000000000e+00 0.0000000000000000e+00 0.0000000000000000e+00 0.0000000000000000e+00 0.0000000000000000e+00 0.0000000000000000e+00 0.0000000000000000e+00 0.0000000000000000e+00 0.0000000000000000e+00 0.0000000000000000e+00 0.0000000000000000e+00 0.0000000000000000e+00 0.0000000000000000e+00 0.0000000000000000e+00 0.0000000000000000e+00 0.0000000000000000e+00 0.0000000000000000e+00 0.0000000000000000e+00 0.0000000000000000e+00 0.0000000000000000e+00 0.0000000000000000e+00 0.0000000000000000e+00 0.0000000000000000e+00 0.0000000000000000e+00 0.0000000000000000e+00 0.0000000000000000e+00 0.0000000000000000e+00 0.0000000000000000e+00 0.0000000000000000e+00 0.0000000000000000e+00 0.0000000000000000e+00 0.0000000000000000e+00 0.0000000000000000e+00 0.0000000000000000e+00 0.0000000000000000e+00 0.0000000000000000e+00 0.0000000000000000e+00 0.0000000000000000e+00 0.0000000000000000e+00 0.0000000000000000e+00 0.0000000000000000e+00 0.0000000000000000e+00 0.0000000000000000e+00 0.0000000000000000e+00 0.0000000000000000e+00 0.0000000000000000e+00 0.0000000000000000e+00 0.0000000000000000e+00 0.0000000000000000e+00 0.0000000000000000e+00 0.0000000000000000e+00 0.0000000000000000e+00 0.0000000000000000e+00 0.0000000000000000e+00 0.0000000000000000e+00 0.0000000000000000e+00 0.0000000000000000e+00 0.0000000000000000e+00 0.0000000000000000e+00 0.0000000000000000e+00 0.0000000000000000e+00 0.0000000000000000e+00 0.0000000000000000e+00 0.0000000000000000e+00 0.0000000000000000e+00 0.0000000000000000e+00 0.0000000000000000e+00 0.0000000000000000e+00 0.0000000000000000e+00 0.0000000000000000e+00 0.0000000000000000e+00 0.0000000000000000e+00 0.0000000000000000e+00 0.0000000000000000e+00 0.0000000000000000e+00 0.0000000000000000e+00 0.0000000000000000e+00 0.0000000000000000e+00 0.0000000000000000e+00 0.0000000000000000e+00 0.0000000000000000e+00 0.0000000000000000e+00 0.0000000000000000e+00 0.0000000000000000e+00 0.0000000000000000e+00 0.0000000000000000e+00 0.0000000000000000e+00 0.0000000000000000e+00 0.0000000000000000e+00 0.0000000000000000e+00 0.0000000000000000e+00 0.0000000000000000e+00 0.0000000000000000e+00 0.0000000000000000e+00 0.0000000000000000e+00 0.0000000000000000e+00 0.0000000000000000e+00 0.0000000000000000e+00 0.0000000000000000e+00 0.0000000000000000e+00 0.0000000000000000e+00 0.0000000000000000e+00 0.0000000000000000e+00 0.0000000000000000e+00 0.0000000000000000e+00 0.0000000000000000e+00 0.0000000000000000e+00 0.0000000000000000e+00 0.0000000000000000e+00 0.0000000000000000e+00 0.0000000000000000e+00 0.0000000000000000e+00 0.0000000000000000e+00 0.0000000000000000e+00 0.0000000000000000e+00 0.0000000000000000e+00 0.0000000000000000e+00 0.0000000000000000e+00 0.0000000000000000e+00 0.0000000000000000e+00 0.0000000000000000e+00 0.0000000000000000e+00 0.0000000000000000e+00 0.0000000000000000e+00 0.0000000000000000e+00 0.0000000000000000e+00 0.0000000000000000e+00 0.0000000000000000e+00 0.0000000000000000e+00 0.0000000000000000e+00 0.0000000000000000e+00 0.0000000000000000e+00 0.0000000000000000e+00 0.0000000000000000e+00 0.0000000000000000e+00 0.0000000000000000e+00 0.0000000000000000e+00 0.0000000000000000e+00 0.0000000000000000e+00 0.0000000000000000e+00 0.0000000000000000e+00 0.0000000000000000e+00 0.0000000000000000e+00 0.0000000000000000e+00 0.0000000000000000e+00 0.0000000000000000e+00 0.0000000000000000e+00 0.0000000000000000e+00 0.0000000000000000e+00 0.0000000000000000e+00 0.0000000000000000e+00 0.0000000000000000e+00 0.0000000000000000e+00 0.0000000000000000e+00 0.0000000000000000e+00 0.0000000000000000e+00 0.0000000000000000e+00 0.0000000000000000e+00 0.0000000000000000e+00 0.0000000000000000e+00 0.0000000000000000e+00 0.0000000000000000e+00 0.0000000000000000e+00 0.0000000000000000e+00 0.0000000000000000e+00 0.0000000000000000e+00 0.0000000000000000e+00 0.0000000000000000e+00 0.0000000000000000e+00 0.0000000000000000e+00 0.0000000000000000e+00 0.0000000000000000e+00 0.0000000000000000e+00 0.0000000000000000e+00 0.0000000000000000e+00 0.0000000000000000e+00 0.0000000000000000e+00 0.0000000000000000e+00 0.0000000000000000e+00 0.0000000000000000e+00 0.0000000000000000e+00 0.0000000000000000e+00 0.0000000000000000e+00 0.0000000000000000e+00 0.0000000000000000e+00 0.0000000000000000e+00 0.0000000000000000e+00 0.0000000000000000e+00 0.0000000000000000e+00 0.0000000000000000e+00 0.0000000000000000e+00 0.0000000000000000e+00 0.0000000000000000e+00 0.0000000000000000e+00 0.0000000000000000e+00 0.0000000000000000e+00 0.0000000000000000e+00 0.0000000000000000e+00 0.0000000000000000e+00 0.0000000000000000e+00 0.0000000000000000e+00 0.0000000000000000e+00 0.0000000000000000e+00 0.0000000000000000e+00 0.0000000000000000e+00 0.0000000000000000e+00 0.0000000000000000e+00 0.0000000000000000e+00 0.0000000000000000e+00 0.0000000000000000e+00 0.0000000000000000e+00 0.0000000000000000e+00 0.0000000000000000e+00 0.0000000000000000e+00 0.0000000000000000e+00 0.0000000000000000e+00 0.0000000000000000e+00 0.0000000000000000e+00 0.0000000000000000e+00 0.0000000000000000e+00 0.0000000000000000e+00 0.0000000000000000e+00 0.0000000000000000e+00 0.0000000000000000e+00 0.0000000000000000e+00 0.0000000000000000e+00 0.0000000000000000e+00 0.0000000000000000e+00 0.0000000000000000e+00 0.0000000000000000e+00 0.0000000000000000e+00 0.0000000000000000e+00 0.0000000000000000e+00 0.0000000000000000e+00 0.0000000000000000e+00 0.0000000000000000e+00 0.0000000000000000e+00 0.0000000000000000e+00 0.0000000000000000e+00 0.0000000000000000e+00 0.0000000000000000e+00 0.0000000000000000e+00 0.0000000000000000e+00 0.0000000000000000e+00 0.0000000000000000e+00 0.0000000000000000e+00 0.0000000000000000e+00 0.0000000000000000e+00 0.0000000000000000e+00 0.0000000000000000e+00 0.0000000000000000e+00 0.0000000000000000e+00 0.0000000000000000e+00 0.0000000000000000e+00 0.0000000000000000e+00 0.0000000000000000e+00 0.0000000000000000e+00 0.0000000000000000e+00 0.0000000000000000e+00 0.0000000000000000e+00 0.0000000000000000e+00 0.0000000000000000e+00 0.0000000000000000e+00 0.0000000000000000e+00 0.0000000000000000e+00 0.0000000000000000e+00 0.0000000000000000e+00 0.0000000000000000e+00 0.0000000000000000e+00 0.0000000000000000e+00 0.0000000000000000e+00 0.0000000000000000e+00 0.0000000000000000e+00 0.0000000000000000e+00 0.0000000000000000e+00 0.0000000000000000e+00 0.0000000000000000e+00 0.0000000000000000e+00 0.0000000000000000e+00 0.0000000000000000e+00 0.0000000000000000e+00 0.0000000000000000e+00 0.0000000000000000e+00 0.0000000000000000e+00 0.0000000000000000e+00 0.0000000000000000e+00 0.0000000000000000e+00 0.0000000000000000e+00 0.0000000000000000e+00 0.0000000000000000e+00 0.0000000000000000e+00 0.0000000000000000e+00 0.0000000000000000e+00 0.0000000000000000e+00 0.0000000000000000e+00 0.0000000000000000e+00 0.0000000000000000e+00 0.0000000000000000e+00 0.0000000000000000e+00 0.0000000000000000e+00 0.0000000000000000e+00 0.0000000000000000e+00 0.0000000000000000e+00 0.0000000000000000e+00 0.0000000000000000e+00 0.0000000000000000e+00 0.0000000000000000e+00 0.0000000000000000e+00 0.0000000000000000e+00 0.0000000000000000e+00 0.0000000000000000e+00 0.0000000000000000e+00 0.0000000000000000e+00 0.0000000000000000e+00 0.0000000000000000e+00 0.0000000000000000e+00 0.0000000000000000e+00 0.0000000000000000e+00 0.0000000000000000e+00 0.0000000000000000e+00 0.0000000000000000e+00 0.0000000000000000e+00 0.0000000000000000e+00 0.0000000000000000e+00 0.0000000000000000e+00 0.0000000000000000e+00 0.0000000000000000e+00 0.0000000000000000e+00 0.0000000000000000e+00 0.0000000000000000e+00 0.0000000000000000e+00 0.0000000000000000e+00 0.0000000000000000e+00 0.0000000000000000e+00 0.0000000000000000e+00 0.0000000000000000e+00 0.0000000000000000e+00 0.0000000000000000e+00 0.0000000000000000e+00 0.0000000000000000e+00 0.0000000000000000e+00 0.0000000000000000e+00 0.0000000000000000e+00 0.0000000000000000e+00 0.0000000000000000e+00 0.0000000000000000e+00 0.0000000000000000e+00 0.0000000000000000e+00 0.0000000000000000e+00 0.0000000000000000e+00 0.0000000000000000e+00 0.0000000000000000e+00 0.0000000000000000e+00 0.0000000000000000e+00 0.0000000000000000e+00 0.0000000000000000e+00 0.0000000000000000e+00 0.0000000000000000e+00 0.0000000000000000e+00 0.0000000000000000e+00 0.0000000000000000e+00 0.0000000000000000e+00 0.0000000000000000e+00 0.0000000000000000e+00 0.0000000000000000e+00 0.0000000000000000e+00 0.0000000000000000e+00 0.0000000000000000e+00 0.0000000000000000e+00 0.0000000000000000e+00 0.0000000000000000e+00 0.0000000000000000e+00 0.0000000000000000e+00 0.0000000000000000e+00 0.0000000000000000e+00 0.0000000000000000e+00 0.0000000000000000e+00 0.0000000000000000e+00 0.0000000000000000e+00 0.0000000000000000e+00 0.0000000000000000e+00 0.0000000000000000e+00 0.0000000000000000e+00 0.0000000000000000e+00 0.0000000000000000e+00 0.0000000000000000e+00 0.0000000000000000e+00 0.0000000000000000e+00 0.0000000000000000e+00 0.0000000000000000e+00 0.0000000000000000e+00 0.0000000000000000e+00 0.0000000000000000e+00 0.0000000000000000e+00 0.0000000000000000e+00 0.0000000000000000e+00 0.0000000000000000e+00 0.0000000000000000e+00 0.0000000000000000e+00 0.0000000000000000e+00 0.0000000000000000e+00 0.0000000000000000e+00 0.0000000000000000e+00 0.0000000000000000e+00 0.0000000000000000e+00 0.0000000000000000e+00 0.0000000000000000e+00 0.0000000000000000e+00 0.0000000000000000e+00 0.0000000000000000e+00 0.0000000000000000e+00 0.0000000000000000e+00 0.0000000000000000e+00 0.0000000000000000e+00 0.0000000000000000e+00 0.0000000000000000e+00 0.0000000000000000e+00 0.0000000000000000e+00 0.0000000000000000e+00 0.0000000000000000e+00 0.0000000000000000e+00 0.0000000000000000e+00 0.0000000000000000e+00 0.0000000000000000e+00 0.0000000000000000e+00 0.0000000000000000e+00 0.0000000000000000e+00 0.0000000000000000e+00 0.0000000000000000e+00 0.0000000000000000e+00 0.0000000000000000e+00 0.0000000000000000e+00 0.0000000000000000e+00 0.0000000000000000e+00 0.0000000000000000e+00 0.0000000000000000e+00 0.0000000000000000e+00 0.0000000000000000e+00 0.0000000000000000e+00 0.0000000000000000e+00 0.0000000000000000e+00 0.0000000000000000e+00 0.0000000000000000e+00 0.0000000000000000e+00 0.0000000000000000e+00 0.0000000000000000e+00 0.0000000000000000e+00 0.0000000000000000e+00 0.0000000000000000e+00 0.0000000000000000e+00 0.0000000000000000e+00 0.0000000000000000e+00 0.0000000000000000e+00 0.0000000000000000e+00 0.0000000000000000e+00 0.0000000000000000e+00 0.0000000000000000e+00 0.0000000000000000e+00 0.0000000000000000e+00 0.0000000000000000e+00 0.0000000000000000e+00 0.0000000000000000e+00 0.0000000000000000e+00 0.0000000000000000e+00 0.0000000000000000e+00 0.0000000000000000e+00 0.0000000000000000e+00 0.0000000000000000e+00 0.0000000000000000e+00 0.0000000000000000e+00 0.0000000000000000e+00 0.0000000000000000e+00 0.0000000000000000e+00 0.0000000000000000e+00 0.0000000000000000e+00 0.0000000000000000e+00 0.0000000000000000e+00 0.0000000000000000e+00 0.0000000000000000e+00 0.0000000000000000e+00 0.0000000000000000e+00 0.0000000000000000e+00 0.0000000000000000e+00 0.0000000000000000e+00 0.0000000000000000e+00 0.0000000000000000e+00 0.0000000000000000e+00 0.0000000000000000e+00 0.0000000000000000e+00 0.0000000000000000e+00 0.0000000000000000e+00 0.0000000000000000e+00 0.0000000000000000e+00 0.0000000000000000e+00 0.0000000000000000e+00 0.0000000000000000e+00 0.0000000000000000e+00 0.0000000000000000e+00 0.0000000000000000e+00 0.0000000000000000e+00 0.0000000000000000e+00 0.0000000000000000e+00 0.0000000000000000e+00 0.0000000000000000e+00 0.0000000000000000e+00 0.0000000000000000e+00 0.0000000000000000e+00 0.0000000000000000e+00 0.0000000000000000e+00 0.0000000000000000e+00 0.0000000000000000e+00 0.0000000000000000e+00 0.0000000000000000e+00 0.0000000000000000e+00 0.0000000000000000e+00 0.0000000000000000e+00 0.0000000000000000e+00 0.0000000000000000e+00 0.0000000000000000e+00 0.0000000000000000e+00 0.0000000000000000e+00 0.0000000000000000e+00 0.0000000000000000e+00 0.0000000000000000e+00 0.0000000000000000e+00 0.0000000000000000e+00 0.0000000000000000e+00 0.0000000000000000e+00 0.0000000000000000e+00 0.0000000000000000e+00 0.0000000000000000e+00 0.0000000000000000e+00 0.0000000000000000e+00 0.0000000000000000e+00 0.0000000000000000e+00 0.0000000000000000e+00 0.0000000000000000e+00 0.0000000000000000e+00 0.0000000000000000e+00 0.0000000000000000e+00 0.0000000000000000e+00 0.0000000000000000e+00 0.0000000000000000e+00 0.0000000000000000e+00 0.0000000000000000e+00 0.0000000000000000e+00 0.0000000000000000e+00 0.0000000000000000e+00 0.0000000000000000e+00 0.0000000000000000e+00 0.0000000000000000e+00 0.0000000000000000e+00 0.0000000000000000e+00 0.0000000000000000e+00 0.0000000000000000e+00 0.0000000000000000e+00 0.0000000000000000e+00 0.0000000000000000e+00 0.0000000000000000e+00 0.0000000000000000e+00 0.0000000000000000e+00 0.0000000000000000e+00 0.0000000000000000e+00 0.0000000000000000e+00 0.0000000000000000e+00 0.0000000000000000e+00 0.0000000000000000e+00 0.0000000000000000e+00 0.0000000000000000e+00 0.0000000000000000e+00 0.0000000000000000e+00 0.0000000000000000e+00 0.0000000000000000e+00 0.0000000000000000e+00 0.0000000000000000e+00 0.0000000000000000e+00 0.0000000000000000e+00 0.0000000000000000e+00 0.0000000000000000e+00 0.0000000000000000e+00 0.0000000000000000e+00 0.0000000000000000e+00 0.0000000000000000e+00 0.0000000000000000e+00 0.0000000000000000e+00 0.0000000000000000e+00 0.0000000000000000e+00 0.0000000000000000e+00 0.0000000000000000e+00 0.0000000000000000e+00 0.0000000000000000e+00 0.0000000000000000e+00 0.0000000000000000e+00 0.0000000000000000e+00 0.0000000000000000e+00 0.0000000000000000e+00 0.0000000000000000e+00 0.0000000000000000e+00 0.0000000000000000e+00 0.0000000000000000e+00 0.0000000000000000e+00 0.0000000000000000e+00 0.0000000000000000e+00 0.0000000000000000e+00 0.0000000000000000e+00 0.0000000000000000e+00 0.0000000000000000e+00 0.0000000000000000e+00 0.0000000000000000e+00 0.0000000000000000e+00 0.0000000000000000e+00 0.0000000000000000e+00 0.0000000000000000e+00 0.0000000000000000e+00 0.0000000000000000e+00 0.0000000000000000e+00 0.0000000000000000e+00 0.0000000000000000e+00 0.0000000000000000e+00 0.0000000000000000e+00 0.0000000000000000e+00 0.0000000000000000e+00 0.0000000000000000e+00 0.0000000000000000e+00 0.0000000000000000e+00 0.0000000000000000e+00 0.0000000000000000e+00 0.0000000000000000e+00 0.0000000000000000e+00 0.0000000000000000e+00 0.0000000000000000e+00 0.0000000000000000e+00 0.0000000000000000e+00 0.0000000000000000e+00 0.0000000000000000e+00 0.0000000000000000e+00 0.0000000000000000e+00 0.0000000000000000e+00 0.0000000000000000e+00 0.0000000000000000e+00 0.0000000000000000e+00 0.0000000000000000e+00 0.0000000000000000e+00 0.0000000000000000e+00 0.0000000000000000e+00 0.0000000000000000e+00 0.0000000000000000e+00 0.0000000000000000e+00 0.0000000000000000e+00 0.0000000000000000e+00 0.0000000000000000e+00 0.0000000000000000e+00 0.0000000000000000e+00 0.0000000000000000e+00 0.0000000000000000e+00 0.0000000000000000e+00 0.0000000000000000e+00 0.0000000000000000e+00 0.0000000000000000e+00 0.0000000000000000e+00 0.0000000000000000e+00 0.0000000000000000e+00 0.0000000000000000e+00 0.0000000000000000e+00 0.0000000000000000e+00 0.0000000000000000e+00 0.0000000000000000e+00 0.0000000000000000e+00 0.0000000000000000e+00 0.0000000000000000e+00 0.0000000000000000e+00 0.0000000000000000e+00 0.0000000000000000e+00 0.0000000000000000e+00 0.0000000000000000e+00 0.0000000000000000e+00 0.0000000000000000e+00 0.0000000000000000e+00 0.0000000000000000e+00 0.0000000000000000e+00 0.0000000000000000e+00 0.0000000000000000e+00 0.0000000000000000e+00 0.0000000000000000e+00 0.0000000000000000e+00 0.0000000000000000e+00 0.0000000000000000e+00 0.0000000000000000e+00 0.0000000000000000e+00 0.0000000000000000e+00 0.0000000000000000e+00 0.0000000000000000e+00 0.0000000000000000e+00 0.0000000000000000e+00 0.0000000000000000e+00 0.0000000000000000e+00 0.0000000000000000e+00 0.0000000000000000e+00 0.0000000000000000e+00 0.0000000000000000e+00 0.0000000000000000e+00 0.0000000000000000e+00 0.0000000000000000e+00 0.0000000000000000e+00 0.0000000000000000e+00 0.0000000000000000e+00 0.0000000000000000e+00 0.0000000000000000e+00 0.0000000000000000e+00 0.0000000000000000e+00 0.0000000000000000e+00 0.0000000000000000e+00 0.0000000000000000e+00 0.0000000000000000e+00 0.0000000000000000e+00 0.0000000000000000e+00 0.0000000000000000e+00 0.0000000000000000e+00 0.0000000000000000e+00 0.0000000000000000e+00 0.0000000000000000e+00 0.0000000000000000e+00 0.0000000000000000e+00 0.0000000000000000e+00 0.0000000000000000e+00 0.0000000000000000e+00 0.0000000000000000e+00 0.0000000000000000e+00 0.0000000000000000e+00 0.0000000000000000e+00 0.0000000000000000e+00 0.0000000000000000e+00 0.0000000000000000e+00 0.0000000000000000e+00 0.0000000000000000e+00 0.0000000000000000e+00 0.0000000000000000e+00 0.0000000000000000e+00 0.0000000000000000e+00 0.0000000000000000e+00 0.0000000000000000e+00 0.0000000000000000e+00 0.0000000000000000e+00 0.0000000000000000e+00 0.0000000000000000e+00 0.0000000000000000e+00 0.0000000000000000e+00 0.0000000000000000e+00 0.0000000000000000e+00 0.0000000000000000e+00 0.0000000000000000e+00 0.0000000000000000e+00 0.0000000000000000e+00 0.0000000000000000e+00 0.0000000000000000e+00 0.0000000000000000e+00 0.0000000000000000e+00 0.0000000000000000e+00 0.0000000000000000e+00 0.0000000000000000e+00 0.0000000000000000e+00 0.0000000000000000e+00 0.0000000000000000e+00 0.0000000000000000e+00 0.0000000000000000e+00 0.0000000000000000e+00 0.0000000000000000e+00 0.0000000000000000e+00 0.0000000000000000e+00 0.0000000000000000e+00 0.0000000000000000e+00 0.0000000000000000e+00 0.0000000000000000e+00 0.0000000000000000e+00 0.0000000000000000e+00 0.0000000000000000e+00 0.0000000000000000e+00 0.0000000000000000e+00 0.0000000000000000e+00 0.0000000000000000e+00 0.0000000000000000e+00 0.0000000000000000e+00 0.0000000000000000e+00 0.0000000000000000e+00 0.0000000000000000e+00 0.0000000000000000e+00 0.0000000000000000e+00 0.0000000000000000e+00 0.0000000000000000e+00 0.0000000000000000e+00 0.0000000000000000e+00 0.0000000000000000e+00 0.0000000000000000e+00 0.0000000000000000e+00 0.0000000000000000e+00 0.0000000000000000e+00 0.0000000000000000e+00 0.0000000000000000e+00 0.0000000000000000e+00 0.0000000000000000e+00 0.0000000000000000e+00 0.0000000000000000e+00 0.0000000000000000e+00 0.0000000000000000e+00 0.0000000000000000e+00 0.0000000000000000e+00 0.0000000000000000e+00 0.0000000000000000e+00 0.0000000000000000e+00 0.0000000000000000e+00 0.0000000000000000e+00 0.0000000000000000e+00 0.0000000000000000e+00 0.0000000000000000e+00 0.0000000000000000e+00 0.0000000000000000e+00 0.0000000000000000e+00 0.0000000000000000e+00 0.0000000000000000e+00 0.0000000000000000e+00 0.0000000000000000e+00 0.0000000000000000e+00 0.0000000000000000e+00 0.0000000000000000e+00 0.0000000000000000e+00 0.0000000000000000e+00 0.0000000000000000e+00 0.0000000000000000e+00 0.0000000000000000e+00 0.0000000000000000e+00 0.0000000000000000e+00 0.0000000000000000e+00 0.0000000000000000e+00 0.0000000000000000e+00 0.0000000000000000e+00 0.0000000000000000e+00 0.0000000000000000e+00 0.0000000000000000e+00 0.0000000000000000e+00 0.0000000000000000e+00 0.0000000000000000e+00 0.0000000000000000e+00 0.0000000000000000e+00 0.0000000000000000e+00 0.0000000000000000e+00 0.0000000000000000e+00 0.0000000000000000e+00 0.0000000000000000e+00 0.0000000000000000e+00 0.0000000000000000e+00 0.0000000000000000e+00 0.0000000000000000e+00 0.0000000000000000e+00 0.0000000000000000e+00 0.0000000000000000e+00 0.0000000000000000e+00 0.0000000000000000e+00 0.0000000000000000e+00 0.0000000000000000e+00 0.0000000000000000e+00 0.0000000000000000e+00 0.0000000000000000e+00 0.0000000000000000e+00 0.0000000000000000e+00 0.0000000000000000e+00 0.0000000000000000e+00 0.0000000000000000e+00 0.0000000000000000e+00 0.0000000000000000e+00 0.0000000000000000e+00 0.0000000000000000e+00 0.0000000000000000e+00 0.0000000000000000e+00 0.0000000000000000e+00 0.0000000000000000e+00 0.0000000000000000e+00 0.0000000000000000e+00 0.0000000000000000e+00 0.0000000000000000e+00 0.0000000000000000e+00 0.0000000000000000e+00 0.0000000000000000e+00 0.0000000000000000e+00 0.0000000000000000e+00 0.0000000000000000e+00 0.0000000000000000e+00 0.0000000000000000e+00 0.0000000000000000e+00 0.0000000000000000e+00 0.0000000000000000e+00 0.0000000000000000e+00 0.0000000000000000e+00 0.0000000000000000e+00 0.0000000000000000e+00 0.0000000000000000e+00 0.0000000000000000e+00 0.0000000000000000e+00 0.0000000000000000e+00 0.0000000000000000e+00 0.0000000000000000e+00 0.0000000000000000e+00 0.0000000000000000e+00 0.0000000000000000e+00 0.0000000000000000e+00 0.0000000000000000e+00 0.0000000000000000e+00 0.0000000000000000e+00 0.0000000000000000e+00 0.0000000000000000e+00 0.0000000000000000e+00 0.0000000000000000e+00 0.0000000000000000e+00 0.0000000000000000e+00 0.0000000000000000e+00 0.0000000000000000e+00 0.0000000000000000e+00 0.0000000000000000e+00 0.0000000000000000e+00 0.0000000000000000e+00 0.0000000000000000e+00 0.0000000000000000e+00 0.0000000000000000e+00 0.0000000000000000e+00 0.0000000000000000e+00 0.0000000000000000e+00 0.0000000000000000e+00 0.0000000000000000e+00 0.0000000000000000e+00 0.0000000000000000e+00 0.0000000000000000e+00 0.0000000000000000e+00 0.0000000000000000e+00 0.0000000000000000e+00 0.0000000000000000e+00 0.0000000000000000e+00 0.0000000000000000e+00 0.0000000000000000e+00 0.0000000000000000e+00 0.0000000000000000e+00 0.0000000000000000e+00 0.0000000000000000e+00 0.0000000000000000e+00 0.0000000000000000e+00 0.0000000000000000e+00 0.0000000000000000e+00 0.0000000000000000e+00 0.0000000000000000e+00 0.0000000000000000e+00 0.0000000000000000e+00 0.0000000000000000e+00 0.0000000000000000e+00 0.0000000000000000e+00 0.0000000000000000e+00 0.0000000000000000e+00 0.0000000000000000e+00 0.0000000000000000e+00 0.0000000000000000e+00 0.0000000000000000e+00 0.0000000000000000e+00 0.0000000000000000e+00 0.0000000000000000e+00 0.0000000000000000e+00 0.0000000000000000e+00 0.0000000000000000e+00 0.0000000000000000e+00 0.0000000000000000e+00 0.0000000000000000e+00 0.0000000000000000e+00 0.0000000000000000e+00 0.0000000000000000e+00 0.0000000000000000e+00 0.0000000000000000e+00 0.0000000000000000e+00 0.0000000000000000e+00 0.0000000000000000e+00 0.0000000000000000e+00 0.0000000000000000e+00 0.0000000000000000e+00 0.0000000000000000e+00 0.0000000000000000e+00 0.0000000000000000e+00 0.0000000000000000e+00 0.0000000000000000e+00 0.0000000000000000e+00 0.0000000000000000e+00 0.0000000000000000e+00 0.0000000000000000e+00 0.0000000000000000e+00 0.0000000000000000e+00 0.0000000000000000e+00 0.0000000000000000e+00 0.0000000000000000e+00 0.0000000000000000e+00 0.0000000000000000e+00 0.0000000000000000e+00 0.0000000000000000e+00 0.0000000000000000e+00 0.0000000000000000e+00 0.0000000000000000e+00 0.0000000000000000e+00 0.0000000000000000e+00 0.0000000000000000e+00 0.0000000000000000e+00 0.0000000000000000e+00 0.0000000000000000e+00 0.0000000000000000e+00 0.0000000000000000e+00 0.0000000000000000e+00 0.0000000000000000e+00 0.0000000000000000e+00 0.0000000000000000e+00 0.0000000000000000e+00 0.0000000000000000e+00 0.0000000000000000e+00 0.0000000000000000e+00 0.0000000000000000e+00 0.0000000000000000e+00 0.0000000000000000e+00 0.0000000000000000e+00 0.0000000000000000e+00 0.0000000000000000e+00 0.0000000000000000e+00 0.0000000000000000e+00 0.0000000000000000e+00 0.0000000000000000e+00 0.0000000000000000e+00 0.0000000000000000e+00 0.0000000000000000e+00 0.0000000000000000e+00 0.0000000000000000e+00 0.0000000000000000e+00 0.0000000000000000e+00 0.0000000000000000e+00 0.0000000000000000e+00 0.0000000000000000e+00 0.0000000000000000e+00 0.0000000000000000e+00 0.0000000000000000e+00 0.0000000000000000e+00 0.0000000000000000e+00 0.0000000000000000e+00 0.0000000000000000e+00 0.0000000000000000e+00 0.0000000000000000e+00 0.0000000000000000e+00 0.0000000000000000e+00 0.0000000000000000e+00 0.0000000000000000e+00 0.0000000000000000e+00 0.0000000000000000e+00 0.0000000000000000e+00 0.0000000000000000e+00 0.0000000000000000e+00 0.0000000000000000e+00 0.0000000000000000e+00 0.0000000000000000e+00 0.0000000000000000e+00 0.0000000000000000e+00 0.0000000000000000e+00 0.0000000000000000e+00 0.0000000000000000e+00 0.0000000000000000e+00 0.0000000000000000e+00 0.0000000000000000e+00 0.0000000000000000e+00 0.0000000000000000e+00 0.0000000000000000e+00 0.0000000000000000e+00 0.0000000000000000e+00 0.0000000000000000e+00 0.0000000000000000e+00 0.0000000000000000e+00 0.0000000000000000e+00 0.0000000000000000e+00 0.0000000000000000e+00 0.0000000000000000e+00 0.0000000000000000e+00 0.0000000000000000e+00 0.0000000000000000e+00 0.0000000000000000e+00 0.0000000000000000e+00 0.0000000000000000e+00 0.0000000000000000e+00 0.0000000000000000e+00 0.0000000000000000e+00 0.0000000000000000e+00 0.0000000000000000e+00 0.0000000000000000e+00 0.0000000000000000e+00 0.0000000000000000e+00 0.0000000000000000e+00 0.0000000000000000e+00 0.0000000000000000e+00 0.0000000000000000e+00 0.0000000000000000e+00 0.0000000000000000e+00 0.0000000000000000e+00 0.0000000000000000e+00 0.0000000000000000e+00 0.0000000000000000e+00 0.0000000000000000e+00 0.0000000000000000e+00 0.0000000000000000e+00 0.0000000000000000e+00 0.0000000000000000e+00 0.0000000000000000e+00 0.0000000000000000e+00 0.0000000000000000e+00 0.0000000000000000e+00 0.0000000000000000e+00 0.0000000000000000e+00 0.0000000000000000e+00 0.0000000000000000e+00 0.0000000000000000e+00 0.0000000000000000e+00 0.0000000000000000e+00 0.0000000000000000e+00 0.0000000000000000e+00 0.0000000000000000e+00 0.0000000000000000e+00 0.0000000000000000e+00 0.0000000000000000e+00 0.0000000000000000e+00 0.0000000000000000e+00 0.0000000000000000e+00 0.0000000000000000e+00 0.0000000000000000e+00 0.0000000000000000e+00 0.0000000000000000e+00 0.0000000000000000e+00 0.0000000000000000e+00 0.0000000000000000e+00 0.0000000000000000e+00 0.0000000000000000e+00 0.0000000000000000e+00 0.0000000000000000e+00 0.0000000000000000e+00 0.0000000000000000e+00 0.0000000000000000e+00 0.0000000000000000e+00 0.0000000000000000e+00 0.0000000000000000e+00 0.0000000000000000e+00 0.0000000000000000e+00 0.0000000000000000e+00 0.0000000000000000e+00 0.0000000000000000e+00 0.0000000000000000e+00 0.0000000000000000e+00 0.0000000000000000e+00 0.0000000000000000e+00 0.0000000000000000e+00 0.0000000000000000e+00 0.0000000000000000e+00 0.0000000000000000e+00 0.0000000000000000e+00 0.0000000000000000e+00 0.0000000000000000e+00 0.0000000000000000e+00 0.0000000000000000e+00 0.0000000000000000e+00 0.0000000000000000e+00 0.0000000000000000e+00 0.0000000000000000e+00 0.0000000000000000e+00 0.0000000000000000e+00 0.0000000000000000e+00 0.0000000000000000e+00 0.0000000000000000e+00 0.0000000000000000e+00 0.0000000000000000e+00 0.0000000000000000e+00 0.0000000000000000e+00 0.0000000000000000e+00 0.0000000000000000e+00 0.0000000000000000e+00 0.0000000000000000e+00 0.0000000000000000e+00 0.0000000000000000e+00 0.0000000000000000e+00 0.0000000000000000e+00 0.0000000000000000e+00 0.0000000000000000e+00 0.0000000000000000e+00 0.0000000000000000e+00 0.0000000000000000e+00 0.0000000000000000e+00 0.0000000000000000e+00 0.0000000000000000e+00 0.0000000000000000e+00 0.0000000000000000e+00 0.0000000000000000e+00 0.0000000000000000e+00 0.0000000000000000e+00 0.0000000000000000e+00 0.0000000000000000e+00 0.0000000000000000e+00 0.0000000000000000e+00 0.0000000000000000e+00 0.0000000000000000e+00 0.0000000000000000e+00 0.0000000000000000e+00 0.0000000000000000e+00 0.0000000000000000e+00 0.0000000000000000e+00 0.0000000000000000e+00 0.0000000000000000e+00 0.0000000000000000e+00 0.0000000000000000e+00 0.0000000000000000e+00 0.0000000000000000e+00 0.0000000000000000e+00 0.0000000000000000e+00 0.0000000000000000e+00 0.0000000000000000e+00 0.0000000000000000e+00 0.0000000000000000e+00 0.0000000000000000e+00 0.0000000000000000e+00 0.0000000000000000e+00 0.0000000000000000e+00 0.0000000000000000e+00 0.0000000000000000e+00 0.0000000000000000e+00 0.0000000000000000e+00 0.0000000000000000e+00 0.0000000000000000e+00 0.0000000000000000e+00 0.0000000000000000e+00 0.0000000000000000e+00 0.0000000000000000e+00 0.0000000000000000e+00 0.0000000000000000e+00 0.0000000000000000e+00 0.0000000000000000e+00 0.0000000000000000e+00 0.0000000000000000e+00 0.0000000000000000e+00 0.0000000000000000e+00 0.0000000000000000e+00 0.0000000000000000e+00 0.0000000000000000e+00 0.0000000000000000e+00 0.0000000000000000e+00 0.0000000000000000e+00 0.0000000000000000e+00 0.0000000000000000e+00 0.0000000000000000e+00 0.0000000000000000e+00 0.0000000000000000e+00 0.0000000000000000e+00 0.0000000000000000e+00 0.0000000000000000e+00 0.0000000000000000e+00 0.0000000000000000e+00 0.0000000000000000e+00 0.0000000000000000e+00 0.0000000000000000e+00 0.0000000000000000e+00 0.0000000000000000e+00 0.0000000000000000e+00 0.0000000000000000e+00 0.0000000000000000e+00 0.0000000000000000e+00 0.0000000000000000e+00 0.0000000000000000e+00 0.0000000000000000e+00 0.0000000000000000e+00 0.0000000000000000e+00 0.0000000000000000e+00 0.0000000000000000e+00 0.0000000000000000e+00 0.0000000000000000e+00 0.0000000000000000e+00 0.0000000000000000e+00 0.0000000000000000e+00 0.0000000000000000e+00 0.0000000000000000e+00 0.0000000000000000e+00 0.0000000000000000e+00 0.0000000000000000e+00 0.0000000000000000e+00 0.0000000000000000e+00 0.0000000000000000e+00 0.0000000000000000e+00 0.0000000000000000e+00 0.0000000000000000e+00 0.0000000000000000e+00 0.0000000000000000e+00 0.0000000000000000e+00 0.0000000000000000e+00 0.0000000000000000e+00 0.0000000000000000e+00 0.0000000000000000e+00 0.0000000000000000e+00 0.0000000000000000e+00 0.0000000000000000e+00 0.0000000000000000e+00 0.0000000000000000e+00 0.0000000000000000e+00 0.0000000000000000e+00 0.0000000000000000e+00 0.0000000000000000e+00 0.0000000000000000e+00 0.0000000000000000e+00 0.0000000000000000e+00 0.0000000000000000e+00 0.0000000000000000e+00 0.0000000000000000e+00 0.0000000000000000e+00 0.0000000000000000e+00 0.0000000000000000e+00 0.0000000000000000e+00 0.0000000000000000e+00 0.0000000000000000e+00 0.0000000000000000e+00 0.0000000000000000e+00 0.0000000000000000e+00 0.0000000000000000e+00 0.0000000000000000e+00 0.0000000000000000e+00 0.0000000000000000e+00 0.0000000000000000e+00 0.0000000000000000e+00 0.0000000000000000e+00 0.0000000000000000e+00 0.0000000000000000e+00 0.0000000000000000e+00 0.0000000000000000e+00 0.0000000000000000e+00 0.0000000000000000e+00 0.0000000000000000e+00 0.0000000000000000e+00 0.0000000000000000e+00 0.0000000000000000e+00 0.0000000000000000e+00 0.0000000000000000e+00 0.0000000000000000e+00 0.0000000000000000e+00 0.0000000000000000e+00 0.0000000000000000e+00 0.0000000000000000e+00 0.0000000000000000e+00 0.0000000000000000e+00 0.0000000000000000e+00 0.0000000000000000e+00 0.0000000000000000e+00 0.0000000000000000e+00 0.0000000000000000e+00 0.0000000000000000e+00 0.0000000000000000e+00 0.0000000000000000e+00 0.0000000000000000e+00 0.0000000000000000e+00 0.0000000000000000e+00 0.0000000000000000e+00 0.0000000000000000e+00 0.0000000000000000e+00 0.0000000000000000e+00 0.0000000000000000e+00 0.0000000000000000e+00 0.0000000000000000e+00 0.0000000000000000e+00 0.0000000000000000e+00 0.0000000000000000e+00 0.0000000000000000e+00 0.0000000000000000e+00 0.0000000000000000e+00 0.0000000000000000e+00 0.0000000000000000e+00 0.0000000000000000e+00 0.0000000000000000e+00 0.0000000000000000e+00 0.0000000000000000e+00 0.0000000000000000e+00 0.0000000000000000e+00 0.0000000000000000e+00 0.0000000000000000e+00 0.0000000000000000e+00 0.0000000000000000e+00 0.0000000000000000e+00 0.0000000000000000e+00 0.0000000000000000e+00 0.0000000000000000e+00 0.0000000000000000e+00 0.0000000000000000e+00 0.0000000000000000e+00 0.0000000000000000e+00 0.0000000000000000e+00 0.0000000000000000e+00 0.0000000000000000e+00 0.0000000000000000e+00 0.0000000000000000e+00 0.0000000000000000e+00 0.0000000000000000e+00 0.0000000000000000e+00 0.0000000000000000e+00 0.0000000000000000e+00 0.0000000000000000e+00 0.0000000000000000e+00 0.0000000000000000e+00 0.0000000000000000e+00 0.0000000000000000e+00 0.0000000000000000e+00 0.0000000000000000e+00 0.0000000000000000e+00 0.0000000000000000e+00 0.0000000000000000e+00 0.0000000000000000e+00 0.0000000000000000e+00 0.0000000000000000e+00 0.0000000000000000e+00 0.0000000000000000e+00 0.0000000000000000e+00 0.0000000000000000e+00 0.0000000000000000e+00 0.0000000000000000e+00 0.0000000000000000e+00 0.0000000000000000e+00 0.0000000000000000e+00 0.0000000000000000e+00 0.0000000000000000e+00 0.0000000000000000e+00 0.0000000000000000e+00 0.0000000000000000e+00 0.0000000000000000e+00 0.0000000000000000e+00 0.0000000000000000e+00 0.0000000000000000e+00 0.0000000000000000e+00 0.0000000000000000e+00 0.0000000000000000e+00 0.0000000000000000e+00 0.0000000000000000e+00 0.0000000000000000e+00 0.0000000000000000e+00 0.0000000000000000e+00 0.0000000000000000e+00 0.0000000000000000e+00 0.0000000000000000e+00 0.0000000000000000e+00 0.0000000000000000e+00 0.0000000000000000e+00 0.0000000000000000e+00 0.0000000000000000e+00 0.0000000000000000e+00 0.0000000000000000e+00 0.0000000000000000e+00 0.0000000000000000e+00 0.0000000000000000e+00 0.0000000000000000e+00 0.0000000000000000e+00 0.0000000000000000e+00 0.0000000000000000e+00 0.0000000000000000e+00 0.0000000000000000e+00 0.0000000000000000e+00 0.0000000000000000e+00 0.0000000000000000e+00 0.0000000000000000e+00 0.0000000000000000e+00 0.0000000000000000e+00 0.0000000000000000e+00 0.0000000000000000e+00 0.0000000000000000e+00 0.0000000000000000e+00 0.0000000000000000e+00 0.0000000000000000e+00 0.0000000000000000e+00 0.0000000000000000e+00 0.0000000000000000e+00 0.0000000000000000e+00 0.0000000000000000e+00 0.0000000000000000e+00 0.0000000000000000e+00 0.0000000000000000e+00 0.0000000000000000e+00 0.0000000000000000e+00 0.0000000000000000e+00 0.0000000000000000e+00 0.0000000000000000e+00 0.0000000000000000e+00 0.0000000000000000e+00 0.0000000000000000e+00 0.0000000000000000e+00 0.0000000000000000e+00 0.0000000000000000e+00 0.0000000000000000e+00 0.0000000000000000e+00 0.0000000000000000e+00 0.0000000000000000e+00 0.0000000000000000e+00 0.0000000000000000e+00 0.0000000000000000e+00 0.0000000000000000e+00 0.0000000000000000e+00 0.0000000000000000e+00 0.0000000000000000e+00 0.0000000000000000e+00 0.0000000000000000e+00 0.0000000000000000e+00 0.0000000000000000e+00 0.0000000000000000e+00 0.0000000000000000e+00 0.0000000000000000e+00 0.0000000000000000e+00 0.0000000000000000e+00 0.0000000000000000e+00 0.0000000000000000e+00 0.0000000000000000e+00 0.0000000000000000e+00 0.0000000000000000e+00 0.0000000000000000e+00 0.0000000000000000e+00 0.0000000000000000e+00 0.0000000000000000e+00 0.0000000000000000e+00 0.0000000000000000e+00 0.0000000000000000e+00 0.0000000000000000e+00 0.0000000000000000e+00 0.0000000000000000e+00 0.0000000000000000e+00 0.0000000000000000e+00 0.0000000000000000e+00 0.0000000000000000e+00 0.0000000000000000e+00 0.0000000000000000e+00 0.0000000000000000e+00 0.0000000000000000e+00 0.0000000000000000e+00 0.0000000000000000e+00 0.0000000000000000e+00 0.0000000000000000e+00 0.0000000000000000e+00 0.0000000000000000e+00 0.0000000000000000e+00 0.0000000000000000e+00 0.0000000000000000e+00 0.0000000000000000e+00 0.0000000000000000e+00 0.0000000000000000e+00 0.0000000000000000e+00 0.0000000000000000e+00 0.0000000000000000e+00 0.0000000000000000e+00 0.0000000000000000e+00 0.0000000000000000e+00 0.0000000000000000e+00 0.0000000000000000e+00 0.0000000000000000e+00 0.0000000000000000e+00 0.0000000000000000e+00 0.0000000000000000e+00 0.0000000000000000e+00 0.0000000000000000e+00 0.0000000000000000e+00 0.0000000000000000e+00 0.0000000000000000e+00 0.0000000000000000e+00 0.0000000000000000e+00 0.0000000000000000e+00 0.0000000000000000e+00 0.0000000000000000e+00 0.0000000000000000e+00 0.0000000000000000e+00 0.0000000000000000e+00 0.0000000000000000e+00 0.0000000000000000e+00 0.0000000000000000e+00 0.0000000000000000e+00 0.0000000000000000e+00 0.0000000000000000e+00 0.0000000000000000e+00 0.0000000000000000e+00 0.0000000000000000e+00 0.0000000000000000e+00 0.0000000000000000e+00 0.0000000000000000e+00 0.0000000000000000e+00 0.0000000000000000e+00 0.0000000000000000e+00 0.0000000000000000e+00 0.0000000000000000e+00 0.0000000000000000e+00 0.0000000000000000e+00 0.0000000000000000e+00 0.0000000000000000e+00 0.0000000000000000e+00 0.0000000000000000e+00 0.0000000000000000e+00 0.0000000000000000e+00 0.0000000000000000e+00 0.0000000000000000e+00 0.0000000000000000e+00 0.0000000000000000e+00 0.0000000000000000e+00 0.0000000000000000e+00 0.0000000000000000e+00 0.0000000000000000e+00 0.0000000000000000e+00 0.0000000000000000e+00 0.0000000000000000e+00 0.0000000000000000e+00 0.0000000000000000e+00 0.0000000000000000e+00 0.0000000000000000e+00 0.0000000000000000e+00 0.0000000000000000e+00 0.0000000000000000e+00 0.0000000000000000e+00 0.0000000000000000e+00 0.0000000000000000e+00 0.0000000000000000e+00 0.0000000000000000e+00 0.0000000000000000e+00 0.0000000000000000e+00 0.0000000000000000e+00 0.0000000000000000e+00 0.0000000000000000e+00 0.0000000000000000e+00 0.0000000000000000e+00 0.0000000000000000e+00 0.0000000000000000e+00 0.0000000000000000e+00 0.0000000000000000e+00 0.0000000000000000e+00 0.0000000000000000e+00 0.0000000000000000e+00 0.0000000000000000e+00 0.0000000000000000e+00 0.0000000000000000e+00 0.0000000000000000e+00 0.0000000000000000e+00 0.0000000000000000e+00 0.0000000000000000e+00 0.0000000000000000e+00 0.0000000000000000e+00 0.0000000000000000e+00 0.0000000000000000e+00 0.0000000000000000e+00 0.0000000000000000e+00 0.0000000000000000e+00 0.0000000000000000e+00 0.0000000000000000e+00 0.0000000000000000e+00 0.0000000000000000e+00 0.0000000000000000e+00 0.0000000000000000e+00 0.0000000000000000e+00 0.0000000000000000e+00 0.0000000000000000e+00 0.0000000000000000e+00 0.0000000000000000e+00 0.0000000000000000e+00 0.0000000000000000e+00 0.0000000000000000e+00 0.0000000000000000e+00 0.0000000000000000e+00 0.0000000000000000e+00 0.0000000000000000e+00 0.0000000000000000e+00 0.0000000000000000e+00 0.0000000000000000e+00 0.0000000000000000e+00 0.0000000000000000e+00 0.0000000000000000e+00 0.0000000000000000e+00 0.0000000000000000e+00 0.0000000000000000e+00 0.0000000000000000e+00 0.0000000000000000e+00 0.0000000000000000e+00 0.0000000000000000e+00 0.0000000000000000e+00 0.0000000000000000e+00 0.0000000000000000e+00 0.0000000000000000e+00 0.0000000000000000e+00 0.0000000000000000e+00 0.0000000000000000e+00 0.0000000000000000e+00 0.0000000000000000e+00 0.0000000000000000e+00 0.0000000000000000e+00 0.0000000000000000e+00 0.0000000000000000e+00 0.0000000000000000e+00 0.0000000000000000e+00 0.0000000000000000e+00 0.0000000000000000e+00 0.0000000000000000e+00 0.0000000000000000e+00 0.0000000000000000e+00 0.0000000000000000e+00 0.0000000000000000e+00 0.0000000000000000e+00 0.0000000000000000e+00 0.0000000000000000e+00 0.0000000000000000e+00 0.0000000000000000e+00 0.0000000000000000e+00 0.0000000000000000e+00 0.0000000000000000e+00 0.0000000000000000e+00 0.0000000000000000e+00 0.0000000000000000e+00 0.0000000000000000e+00 0.0000000000000000e+00 0.0000000000000000e+00 0.0000000000000000e+00 0.0000000000000000e+00 0.0000000000000000e+00 0.0000000000000000e+00 0.0000000000000000e+00 0.0000000000000000e+00 0.0000000000000000e+00 0.0000000000000000e+00 0.0000000000000000e+00 0.0000000000000000e+00 0.0000000000000000e+00 0.0000000000000000e+00 0.0000000000000000e+00 0.0000000000000000e+00 0.0000000000000000e+00 0.0000000000000000e+00 0.0000000000000000e+00 0.0000000000000000e+00 0.0000000000000000e+00 0.0000000000000000e+00 0.0000000000000000e+00 0.0000000000000000e+00 0.0000000000000000e+00 0.0000000000000000e+00 0.0000000000000000e+00 0.0000000000000000e+00 0.0000000000000000e+00 0.0000000000000000e+00 0.0000000000000000e+00 0.0000000000000000e+00 0.0000000000000000e+00 0.0000000000000000e+00 0.0000000000000000e+00 0.0000000000000000e+00 0.0000000000000000e+00 0.0000000000000000e+00 0.0000000000000000e+00 0.0000000000000000e+00 0.0000000000000000e+00 0.0000000000000000e+00 0.0000000000000000e+00 0.0000000000000000e+00 0.0000000000000000e+00 0.0000000000000000e+00 0.0000000000000000e+00 0.0000000000000000e+00 0.0000000000000000e+00 0.0000000000000000e+00 0.0000000000000000e+00 0.0000000000000000e+00 0.0000000000000000e+00 0.0000000000000000e+00 0.0000000000000000e+00 0.0000000000000000e+00 0.0000000000000000e+00 0.0000000000000000e+00 0.0000000000000000e+00 0.0000000000000000e+00 0.0000000000000000e+00 0.0000000000000000e+00 0.0000000000000000e+00 0.0000000000000000e+00 0.0000000000000000e+00 0.0000000000000000e+00 0.0000000000000000e+00 0.0000000000000000e+00 0.0000000000000000e+00 0.0000000000000000e+00 0.0000000000000000e+00 0.0000000000000000e+00 0.0000000000000000e+00 0.0000000000000000e+00 0.0000000000000000e+00 0.0000000000000000e+00 0.0000000000000000e+00 0.0000000000000000e+00 0.0000000000000000e+00 0.0000000000000000e+00 0.0000000000000000e+00 0.0000000000000000e+00 0.0000000000000000e+00 0.0000000000000000e+00 0.0000000000000000e+00 0.0000000000000000e+00 0.0000000000000000e+00 0.0000000000000000e+00 0.0000000000000000e+00 0.0000000000000000e+00 0.0000000000000000e+00 0.0000000000000000e+00 0.0000000000000000e+00 0.0000000000000000e+00 0.0000000000000000e+00 0.0000000000000000e+00 0.0000000000000000e+00 0.0000000000000000e+00 0.0000000000000000e+00 0.0000000000000000e+00 0.0000000000000000e+00 0.0000000000000000e+00 0.0000000000000000e+00 0.0000000000000000e+00 0.0000000000000000e+00 0.0000000000000000e+00 0.0000000000000000e+00 0.0000000000000000e+00 0.0000000000000000e+00 0.0000000000000000e+00 0.0000000000000000e+00 0.0000000000000000e+00 0.0000000000000000e+00 0.0000000000000000e+00 0.0000000000000000e+00 0.0000000000000000e+00 0.0000000000000000e+00 0.0000000000000000e+00 0.0000000000000000e+00 0.0000000000000000e+00 0.0000000000000000e+00 0.0000000000000000e+00 0.0000000000000000e+00 0.0000000000000000e+00 0.0000000000000000e+00 0.0000000000000000e+00 0.0000000000000000e+00 0.0000000000000000e+00 0.0000000000000000e+00 0.0000000000000000e+00 0.0000000000000000e+00 0.0000000000000000e+00 0.0000000000000000e+00 0.0000000000000000e+00 0.0000000000000000e+00 0.0000000000000000e+00 0.0000000000000000e+00 0.0000000000000000e+00 0.0000000000000000e+00 0.0000000000000000e+00 0.0000000000000000e+00 0.0000000000000000e+00 0.0000000000000000e+00 0.0000000000000000e+00 0.0000000000000000e+00 0.0000000000000000e+00 0.0000000000000000e+00 0.0000000000000000e+00 0.0000000000000000e+00 0.0000000000000000e+00 0.0000000000000000e+00 0.0000000000000000e+00 0.0000000000000000e+00 0.0000000000000000e+00 0.0000000000000000e+00 0.0000000000000000e+00 0.0000000000000000e+00 0.0000000000000000e+00 0.0000000000000000e+00 0.0000000000000000e+00 0.0000000000000000e+00 0.0000000000000000e+00 0.0000000000000000e+00 0.0000000000000000e+00 0.0000000000000000e+00 0.0000000000000000e+00 0.0000000000000000e+00 0.0000000000000000e+00 0.0000000000000000e+00 0.0000000000000000e+00 0.0000000000000000e+00 0.0000000000000000e+00 0.0000000000000000e+00 0.0000000000000000e+00 0.0000000000000000e+00 0.0000000000000000e+00 0.0000000000000000e+00 0.0000000000000000e+00 0.0000000000000000e+00 0.0000000000000000e+00 0.0000000000000000e+00 0.0000000000000000e+00 0.0000000000000000e+00 0.0000000000000000e+00 0.0000000000000000e+00 0.0000000000000000e+00 0.0000000000000000e+00 0.0000000000000000e+00 0.0000000000000000e+00 0.0000000000000000e+00 0.0000000000000000e+00 0.0000000000000000e+00 0.0000000000000000e+00 0.0000000000000000e+00 0.0000000000000000e+00 0.0000000000000000e+00 0.0000000000000000e+00 0.0000000000000000e+00 0.0000000000000000e+00 0.0000000000000000e+00 0.0000000000000000e+00 0.0000000000000000e+00 0.0000000000000000e+00 0.0000000000000000e+00 0.0000000000000000e+00 0.0000000000000000e+00 0.0000000000000000e+00 0.0000000000000000e+00 0.0000000000000000e+00 0.0000000000000000e+00 0.0000000000000000e+00 0.0000000000000000e+00 0.0000000000000000e+00 0.0000000000000000e+00 0.0000000000000000e+00 0.0000000000000000e+00 0.0000000000000000e+00 0.0000000000000000e+00 0.0000000000000000e+00 0.0000000000000000e+00 0.0000000000000000e+00 0.0000000000000000e+00 0.0000000000000000e+00 0.0000000000000000e+00 0.0000000000000000e+00 0.0000000000000000e+00 0.0000000000000000e+00 0.0000000000000000e+00 0.0000000000000000e+00 0.0000000000000000e+00 0.0000000000000000e+00 0.0000000000000000e+00 0.0000000000000000e+00 0.0000000000000000e+00 0.0000000000000000e+00 0.0000000000000000e+00 0.0000000000000000e+00 0.0000000000000000e+00 0.0000000000000000e+00 0.0000000000000000e+00 0.0000000000000000e+00 0.0000000000000000e+00 0.0000000000000000e+00 0.0000000000000000e+00 0.0000000000000000e+00 0.0000000000000000e+00 0.0000000000000000e+00
</DataArray>
        <DataArray type="Float64" format="ascii" Name="equivalent_plastic_strain">
0.0000000000000000e+00 0.0000000000000000e+00 0.0000000000000000e+00 0.0000000000000000e+00 0.0000000000000000e+00 0.0000000000000000e+00 0.0000000000000000e+00 0.0000000000000000e+00 0.0000000000000000e+00 0.0000000000000000e+00 0.0000000000000000e+00 0.0000000000000000e+00 0.0000000000000000e+00 0.0000000000000000e+00 0.0000000000000000e+00 0.0000000000000000e+00 0.0000000000000000e+00 0.0000000000000000e+00 0.0000000000000000e+00 0.0000000000000000e+00 0.0000000000000000e+00 0.0000000000000000e+00 0.0000000000000000e+00 0.0000000000000000e+00 0.0000000000000000e+00 0.0000000000000000e+00 0.0000000000000000e+00 0.0000000000000000e+00 0.0000000000000000e+00 0.0000000000000000e+00 0.0000000000000000e+00 0.0000000000000000e+00 0.0000000000000000e+00 0.0000000000000000e+00 0.0000000000000000e+00 0.0000000000000000e+00 0.0000000000000000e+00 0.0000000000000000e+00 0.0000000000000000e+00 0.0000000000000000e+00 0.0000000000000000e+00 0.0000000000000000e+00 0.0000000000000000e+00 0.0000000000000000e+00 0.0000000000000000e+00 0.0000000000000000e+00 0.0000000000000000e+00 0.0000000000000000e+00 0.0000000000000000e+00 0.0000000000000000e+00 0.0000000000000000e+00 0.0000000000000000e+00 0.0000000000000000e+00 0.0000000000000000e+00 0.0000000000000000e+00 0.0000000000000000e+00 0.0000000000000000e+00 0.0000000000000000e+00 0.0000000000000000e+00 0.0000000000000000e+00 0.0000000000000000e+00 0.0000000000000000e+00 0.0000000000000000e+00 0.0000000000000000e+00 0.0000000000000000e+00 0.0000000000000000e+00 0.0000000000000000e+00 0.0000000000000000e+00 0.0000000000000000e+00 0.0000000000000000e+00 0.0000000000000000e+00 0.0000000000000000e+00 0.0000000000000000e+00 0.0000000000000000e+00 0.0000000000000000e+00 0.0000000000000000e+00 0.0000000000000000e+00 0.0000000000000000e+00 0.0000000000000000e+00 0.0000000000000000e+00 0.0000000000000000e+00 0.0000000000000000e+00 0.0000000000000000e+00 0.0000000000000000e+00 0.0000000000000000e+00 0.0000000000000000e+00 0.0000000000000000e+00 0.0000000000000000e+00 0.0000000000000000e+00 0.0000000000000000e+00 0.0000000000000000e+00 0.0000000000000000e+00 0.0000000000000000e+00 0.0000000000000000e+00 0.0000000000000000e+00 0.0000000000000000e+00 0.0000000000000000e+00 0.0000000000000000e+00 0.0000000000000000e+00 0.0000000000000000e+00 0.0000000000000000e+00 0.0000000000000000e+00 0.0000000000000000e+00 0.0000000000000000e+00 0.0000000000000000e+00 0.0000000000000000e+00 0.0000000000000000e+00 0.0000000000000000e+00 0.0000000000000000e+00 0.0000000000000000e+00 0.0000000000000000e+00 0.0000000000000000e+00 0.0000000000000000e+00 0.0000000000000000e+00 0.0000000000000000e+00 0.0000000000000000e+00 0.0000000000000000e+00 0.0000000000000000e+00 0.0000000000000000e+00 0.0000000000000000e+00 0.0000000000000000e+00 0.0000000000000000e+00 0.0000000000000000e+00 0.0000000000000000e+00 0.0000000000000000e+00 0.0000000000000000e+00 0.0000000000000000e+00 0.0000000000000000e+00 0.0000000000000000e+00 0.0000000000000000e+00 0.0000000000000000e+00 0.0000000000000000e+00 0.0000000000000000e+00 0.0000000000000000e+00 0.0000000000000000e+00 0.0000000000000000e+00 0.0000000000000000e+00 0.0000000000000000e+00 0.0000000000000000e+00 0.0000000000000000e+00 0.0000000000000000e+00 0.0000000000000000e+00 0.0000000000000000e+00 0.0000000000000000e+00 0.0000000000000000e+00 0.0000000000000000e+00 0.0000000000000000e+00 0.0000000000000000e+00 0.0000000000000000e+00 0.0000000000000000e+00 0.0000000000000000e+00 0.0000000000000000e+00 0.0000000000000000e+00 0.0000000000000000e+00 0.0000000000000000e+00 0.0000000000000000e+00 0.0000000000000000e+00 0.0000000000000000e+00 0.0000000000000000e+00 0.0000000000000000e+00 0.0000000000000000e+00 0.0000000000000000e+00 0.0000000000000000e+00 0.0000000000000000e+00 0.0000000000000000e+00 0.0000000000000000e+00 0.0000000000000000e+00 0.0000000000000000e+00 0.0000000000000000e+00 0.0000000000000000e+00 0.0000000000000000e+00 0.0000000000000000e+00 0.0000000000000000e+00 0.0000000000000000e+00 0.0000000000000000e+00 0.0000000000000000e+00 0.0000000000000000e+00 0.0000000000000000e+00 0.0000000000000000e+00 0.0000000000000000e+00 0.0000000000000000e+00 0.0000000000000000e+00 0.0000000000000000e+00 0.0000000000000000e+00 0.0000000000000000e+00 0.0000000000000000e+00 0.0000000000000000e+00 0.0000000000000000e+00 0.0000000000000000e+00 0.0000000000000000e+00 0.0000000000000000e+00 0.0000000000000000e+00 0.0000000000000000e+00 0.0000000000000000e+00 0.0000000000000000e+00 0.0000000000000000e+00 0.0000000000000000e+00 0.0000000000000000e+00 0.0000000000000000e+00 0.0000000000000000e+00 0.0000000000000000e+00 0.0000000000000000e+00 0.0000000000000000e+00 0.0000000000000000e+00 0.0000000000000000e+00 0.0000000000000000e+00 0.0000000000000000e+00 0.0000000000000000e+00 0.0000000000000000e+00 0.0000000000000000e+00 0.0000000000000000e+00 0.0000000000000000e+00 0.0000000000000000e+00 0.0000000000000000e+00 0.0000000000000000e+00 0.0000000000000000e+00 0.0000000000000000e+00 0.0000000000000000e+00 0.0000000000000000e+00 0.0000000000000000e+00 0.0000000000000000e+00 0.0000000000000000e+00 0.0000000000000000e+00 0.0000000000000000e+00 0.0000000000000000e+00 0.0000000000000000e+00 0.0000000000000000e+00 0.0000000000000000e+00 0.0000000000000000e+00 0.0000000000000000e+00 0.0000000000000000e+00 0.0000000000000000e+00 0.0000000000000000e+00 0.0000000000000000e+00 0.0000000000000000e+00 0.0000000000000000e+00 0.0000000000000000e+00 0.0000000000000000e+00 0.0000000000000000e+00 0.0000000000000000e+00 0.0000000000000000e+00 0.0000000000000000e+00 0.0000000000000000e+00 0.0000000000000000e+00 0.0000000000000000e+00 0.0000000000000000e+00 0.0000000000000000e+00 0.0000000000000000e+00 0.0000000000000000e+00 0.0000000000000000e+00 0.0000000000000000e+00 0.0000000000000000e+00 0.0000000000000000e+00 0.0000000000000000e+00 0.0000000000000000e+00 0.0000000000000000e+00 0.0000000000000000e+00 0.0000000000000000e+00 0.0000000000000000e+00 0.0000000000000000e+00 0.0000000000000000e+00 0.0000000000000000e+00 0.0000000000000000e+00 0.0000000000000000e+00 0.0000000000000000e+00 0.0000000000000000e+00 0.0000000000000000e+00 0.0000000000000000e+00 0.0000000000000000e+00 0.0000000000000000e+00 0.0000000000000000e+00 0.0000000000000000e+00 0.0000000000000000e+00 0.0000000000000000e+00 0.0000000000000000e+00 0.0000000000000000e+00 0.0000000000000000e+00 0.0000000000000000e+00 0.0000000000000000e+00 0.0000000000000000e+00 0.0000000000000000e+00 0.0000000000000000e+00 0.0000000000000000e+00 0.0000000000000000e+00 0.0000000000000000e+00 0.0000000000000000e+00 0.0000000000000000e+00 0.0000000000000000e+00 0.0000000000000000e+00 0.0000000000000000e+00 0.0000000000000000e+00 0.0000000000000000e+00 0.0000000000000000e+00 0.0000000000000000e+00 0.0000000000000000e+00 0.0000000000000000e+00 0.0000000000000000e+00 0.0000000000000000e+00 0.0000000000000000e+00 0.0000000000000000e+00 0.0000000000000000e+00 0.0000000000000000e+00 0.0000000000000000e+00 0.0000000000000000e+00 0.0000000000000000e+00 0.0000000000000000e+00 0.0000000000000000e+00 0.0000000000000000e+00 0.0000000000000000e+00 0.0000000000000000e+00 0.0000000000000000e+00 0.0000000000000000e+00 0.0000000000000000e+00 0.0000000000000000e+00 0.0000000000000000e+00 0.0000000000000000e+00 0.0000000000000000e+00 0.0000000000000000e+00 0.0000000000000000e+00 0.0000000000000000e+00 0.0000000000000000e+00 0.0000000000000000e+00 0.0000000000000000e+00 0.0000000000000000e+00
</DataArray>
        <DataArray type="Int64" format="ascii" Name="yielded">
0 0 0 0 0 0 0 0 0 0 0 0 0 0 0 0 0 0 0 0 0 0 0 0 0 0 0 0 0 0 0 0 0 0 0 0 0 0 0 0 0 0 0 0 0 0 0 0 0 0 0 0 0 0 0 0 0 0 0 0 0 0 0 0 0 0 0 0 0 0 0 0 0 0 0 0 0 0 0 0 0 0 0 0 0 0 0 0 0 0 0 0 0 0 0 0 0 0 0 0 0 0 0 0 0 0 0 0 0 0 0 0 0 0 0 0 0 0 0 0 0 0 0 0 0 0 0 0 0 0 0 0 0 0 0 0 0 0 0 0 0 0 0 0 0 0 0 0 0 0 0 0 0 0 0 0 0 0 0 0 0 0 0 0 0 0 0 0 0 0 0 0 0 0 0 0 0 0 0 0 0 0 0 0 0 0 0 0 0 0 0 0 0 0 0 0 0 0 0 0 0 0 0 0 0 0 0 0 0 0 0 0 0 0 0 0 0 0 0 0 0 0 0 0 0 0 0 0 0 0 0 0 0 0 0 0 0 0 0 0 0 0 0 0 0 0 0 0 0 0 0 0 0 0 0 0 0 0 0 0 0 0 0 0 0 0 0 0 0 0 0 0 0 0 0 0 0 0 0 0 0 0 0 0 0 0 0 0 0 0 0 0 0 0 0 0 0 0 0 0 0 0 0 0 0 0 0 0 0 0 0 0 0 0 0 0 0 0 0 0 0 0 0 0
</DataArray>
        <DataArray type="Float64" format="ascii" Name="pore_pressure">
5.2683333333348461e+00 5.6316666666696298e+00 5.2683333333347839e+00 5.6316666666695063e+00 5.2683333333347226e+00 5.6316666666693855e+00 5.2683333333346614e+00 5.6316666666692621e+00 5.2683333333345992e+00 5.6316666666691386e+00 5.2683333333345361e+00 5.6316666666690134e+00 5.2683333333344766e+00 5.6316666666688899e+00 5.2683333333344136e+00 5.6316666666687656e+00 5.2683333333343523e+00 5.6316666666686439e+00 6.3583333333357945e+00 6.7216666666673781e+00 6.3583333333359393e+00 6.7216666666678551e+00 6.3583333333360850e+00 6.7216666666683329e+00 6.3583333333362306e+00 6.7216666666688072e+00 6.3583333333363754e+00 6.7216666666692833e+00 6.3583333333365220e+00 6.7216666666697602e+00 6.3583333333366658e+00 6.7216666666702345e+00 6.3583333333368115e+00 6.7216666666707123e+00 6.3583333333369580e+00 6.7216666666711893e+00 7.4483333333295683e+00 7.8116666666610364e+00 7.4483333333307620e+00 7.8116666666626191e+00 7.4483333333319557e+00 7.8116666666641956e+00 7.4483333333331485e+00 7.8116666666657757e+00 7.4483333333343431e+00 7.8116666666673584e+00 7.4483333333355377e+00 7.8116666666689349e+00 7.4483333333367288e+00 7.8116666666705177e+00 7.4483333333379234e+00 7.8116666666720977e+00 7.4483333333391171e+00 7.8116666666736787e+00 8.5383333333223934e+00 8.9016666666542488e+00 8.5383333333247471e+00 8.9016666666569879e+00 8.5383333333271008e+00 8.9016666666597271e+00 8.5383333333294527e+00 8.9016666666624680e+00 8.5383333333318063e+00 8.9016666666652053e+00 8.5383333333341582e+00 8.9016666666679480e+00 8.5383333333365137e+00 8.9016666666706872e+00 8.5383333333388656e+00 8.9016666666734263e+00 8.5383333333412175e+00 8.9016666666761655e+00 9.6283333333172347e+00 9.9916666666511578e+00 9.6283333333204109e+00 9.9916666666543854e+00 9.6283333333235870e+00 9.9916666666576113e+00 9.6283333333267631e+00 9.9916666666608371e+00 9.6283333333299428e+00 9.9916666666640648e+00 9.6283333333331171e+00 9.9916666666672924e+00 9.6283333333362933e+00 9.9916666666705183e+00 9.6283333333394694e+00 9.9916666666737441e+00 9.6283333333426473e+00 9.9916666666769736e+00 1.0718333333317792e+01 1.1081666666653444e+01 1.0718333333320782e+01 1.1081666666656149e+01 1.0718333333323773e+01 1.1081666666658853e+01 1.0718333333326765e+01 1.1081666666661560e+01 1.0718333333329758e+01 1.1081666666664265e+01 1.0718333333332749e+01 1.1081666666666971e+01 1.0718333333335741e+01 1.1081666666669676e+01 1.0718333333338730e+01 1.1081666666672382e+01 1.0718333333341720e+01 1.1081666666675087e+01 1.1808333333322041e+01 1.2171666666657408e+01 1.1808333333324175e+01 1.2171666666659256e+01 1.1808333333326312e+01 1.2171666666661105e+01 1.1808333333328443e+01 1.2171666666662951e+01 1.1808333333330577e+01 1.2171666666664800e+01 1.1808333333332710e+01 1.2171666666666647e+01 1.1808333333334843e+01 1.2171666666668495e+01 1.1808333333336977e+01 1.2171666666670340e+01 1.1808333333339110e+01 1.2171666666672191e+01 1.2898333333326294e+01 1.3261666666661382e+01 1.2898333333327578e+01 1.3261666666662384e+01 1.2898333333328861e+01 1.3261666666663389e+01 1.2898333333330140e+01 1.3261666666664393e+01 1.2898333333331426e+01 1.3261666666665397e+01 1.2898333333332710e+01 1.3261666666666400e+01 1.2898333333333992e+01 1.3261666666667402e+01 1.2898333333335273e+01 1.3261666666668409e+01 1.2898333333336558e+01 1.3261666666669413e+01 1.3988333333330552e+01 1.4351666666665398e+01 1.3988333333331035e+01 1.4351666666665638e+01 1.3988333333331520e+01 1.4351666666665881e+01 1.3988333333332001e+01 1.4351666666666121e+01 1.3988333333332484e+01 1.4351666666666363e+01 1.3988333333332971e+01 1.4351666666666606e+01 1.3988333333333452e+01 1.4351666666666848e+01 1.3988333333333939e+01 1.4351666666667089e+01 1.3988333333334419e+01 1.4351666666667331e+01 4.5416666666666661e+00 4.1783333333333328e+00 4.5416666666666652e+00 4.1783333333333337e+00 4.5416666666666679e+00 4.1783333333333355e+00 4.5416666666666652e+00 4.1783333333333328e+00 4.5416666666666652e+00 4.1783333333333328e+00 4.5416666666666652e+00 4.1783333333333337e+00 4.5416666666666652e+00 4.1783333333333319e+00 4.5416666666666652e+00 4.1783333333333328e+00 4.5416666666666661e+00 4.1783333333333337e+00 3.4516666666666667e+00 3.0883333333333329e+00 3.4516666666666662e+00 3.0883333333333320e+00 3.4516666666666667e+00 3.0883333333333320e+00 3.4516666666666667e+00 3.0883333333333320e+00 3.4516666666666662e+00 3.0883333333333325e+00 3.4516666666666667e+00 3.0883333333333329e+00 3.4516666666666662e+00 3.0883333333333329e+00 3.4516666666666667e+00 3.0883333333333329e+00 3.4516666666666658e+00 3.0883333333333320e+00 2.3616666666666672e+00 1.9983333333333342e+00 2.3616666666666677e+00 1.9983333333333342e+00 2.3616666666666677e+00 1.9983333333333342e+00 2.3616666666666668e+00 1.9983333333333342e+00 2.3616666666666681e+00 1.9983333333333340e+00 2.3616666666666677e+00 1.9983333333333346e+00 2.3616666666666677e+00 1.9983333333333329e+00 2.3616666666666646e+00 1.9983333333333348e+00 2.3616666666666677e+00 1.9983333333333333e+00 1.2716666666666678e+00 9.0833333333333466e-01 1.2716666666666698e+00 9.0833333333333632e-01 1.2716666666666678e+00 9.0833333333333466e-01 1.2716666666666678e+00 9.0833333333332900e-01 1.2716666666666661e+00 9.0833333333333022e-01 1.2716666666666678e+00 9.0833333333333455e-01 1.2716666666666685e+00 9.0833333333333310e-01 1.2716666666666667e+00 9.0833333333333421e-01 1.2716666666666681e+00 9.0833333333333466e-01 2.4222222222215731e-01 6.0555555555556147e-02 2.4222222222222378e-01 6.0555555555555203e-02 2.4222222222222364e-01 6.0555555555555626e-02 2.4222222222222067e-01 6.0555555555554488e-02 2.4222222222221901e-01 6.0555555555555585e-02 2.4222222222222375e-01 6.0555555555555966e-02 2.4222222222222359e-01 6.0555555555555682e-02 2.4222222222222367e-01 6.0555555555555939e-02 2.4222222222222373e-01 6.0555555555489644e-02 0.0000000000000000e+00 0.0000000000000000e+00 0.0000000000000000e+00 0.0000000000000000e+00 0.0000000000000000e+00 0.0000000000000000e+00 0.0000000000000000e+00 0.0000000000000000e+00 0.0000000000000000e+00 0.0000000000000000e+00 0.0000000000000000e+00 0.0000000000000000e+00 0.0000000000000000e+00 0.0000000000000000e+00 0.0000000000000000e+00 0.0000000000000000e+00 0.0000000000000000e+00 0.0000000000000000e+00 0.0000000000000000e+00 0.0000000000000000e+00 0.0000000000000000e+00 0.0000000000000000e+00 0.0000000000000000e+00 0.0000000000000000e+00 0.0000000000000000e+00 0.0000000000000000e+00 0.0000000000000000e+00 0.0000000000000000e+00 0.0000000000000000e+00 0.0000000000000000e+00 0.0000000000000000e+00 0.0000000000000000e+00 0.0000000000000000e+00 0.0000000000000000e+00 0.0000000000000000e+00 0.0000000000000000e+00 0.0000000000000000e+00 0.0000000000000000e+00 0.0000000000000000e+00 0.0000000000000000e+00 0.0000000000000000e+00 0.0000000000000000e+00 0.0000000000000000e+00 0.0000000000000000e+00 0.0000000000000000e+00 0.0000000000000000e+00 0.0000000000000000e+00 0.0000000000000000e+00 0.0000000000000000e+00 0.0000000000000000e+00 0.0000000000000000e+00 0.0000000000000000e+00 0.0000000000000000e+00 0.0000000000000000e+00 0.0000000000000000e+00 0.0000000000000000e+00 0.0000000000000000e+00 0.0000000000000000e+00 0.0000000000000000e+00 0.0000000000000000e+00 0.0000000000000000e+00 0.0000000000000000e+00 0.0000000000000000e+00 0.0000000000000000e+00 0.0000000000000000e+00 0.0000000000000000e+00 0.0000000000000000e+00 0.0000000000000000e+00 0.0000000000000000e+00 0.0000000000000000e+00 0.0000000000000000e+00 0.0000000000000000e+00
</DataArray>
        <DataArray type="Float64" format="ascii" Name="q">
1.7733739841433547e+01 1.7438471612516381e+01 1.7570664565967508e+01 1.7862497771317361e+01 1.8092124508737992e+01 1.8459647256816815e+01 1.8440892569868574e+01 1.8815175228943378e+01 1.8588469831097310e+01 1.8906793719288657e+01 1.8523631697050902e+01 1.8732163625131843e+01 1.8261039487298483e+01 1.8292725514123518e+01 1.7846347613984314e+01 1.7605429672651539e+01 1.7377458854325539e+01 1.7671454214640317e+01 1.8656748367931922e+01 1.8862655049043340e+01 1.8309682501257420e+01 1.8941285123736144e+01 1.8894240657929238e+01 1.9514084641213991e+01 1.9414362363972170e+01 1.9944783381452844e+01 1.9637941733401195e+01 2.0059642220444111e+01 1.9529213783282582e+01 1.9833296002215214e+01 1.9094552302732367e+01 1.9312999492609762e+01 1.8433705814316902e+01 1.8781803361750715e+01 1.8313985923206594e+01 1.9246644413343233e+01 2.0018301802952180e+01 2.0391290335551446e+01 1.9922940886562554e+01 2.0615719376515759e+01 2.0352927394719448e+01 2.1082563507530377e+01 2.0806802019791370e+01 2.1442682185866516e+01 2.1014813529571565e+01 2.1538931092720446e+01 2.0906166120154296e+01 2.1343785750361253e+01 2.0513040523144220e+01 2.0922652389603712e+01 2.0038663688705988e+01 2.0515483341915647e+01 1.9937551957167074e+01 2.0475334529134315e+01 2.1176690488360741e+01 2.1747745167467990e+01 2.1619802810148151e+01 2.2376002802083409e+01 2.2118750661256470e+01 2.2854190983128301e+01 2.2483468079821449e+01 2.3117867203616811e+01 2.2633239257335568e+01 2.3178267370547509e+01 2.2553727645497496e+01 2.3047979200423125e+01 2.2259000857422080e+01 2.2722208758899651e+01 2.1810067757727612e+01 2.2204853790177864e+01 2.1339301419161330e+01 2.1578980418029236e+01 2.2220475634740620e+01 2.3046345134694910e+01 2.3269425079666554e+01 2.4087575929048960e+01 2.3885243561093915e+01 2.4521276220095938e+01 2.4130133986555851e+01 2.4619523863737879e+01 2.4189899781266170e+01 2.4620681249010531e+01 2.4153629309961939e+01 2.4590416768027211e+01 2.3987104852365007e+01 2.4421249303877250e+01 2.3539414784797561e+01 2.3838303835712619e+01 2.2644544230097356e+01 2.2619423021036251e+01 2.3252934995658531e+01 2.4452227874261958e+01 2.4904766610236965e+01 2.5677210517722084e+01 2.5402655677655776e+01 2.5739007743656323e+01 2.5344421617582761e+01 2.5492329323590432e+01 2.5244016974918470e+01 2.5393393002639961e+01 2.5279166109381453e+01 2.5534946544284718e+01 2.5372549808003814e+01 2.5739676341008810e+01 2.5157640288328679e+01 2.5440180252827098e+01 2.3992095146415330e+01 2.3734723930868110e+01 2.4511636806027980e+01 2.6289981482759099e+01 2.6547241147853274e+01 2.6897856038295224e+01 2.6282122879301724e+01 2.5991951551437843e+01 2.5625843253750304e+01 2.5225583174888609e+01 2.5293313624293912e+01 2.5008428640281618e+01 2.5431778621455425e+01 2.5374095792274304e+01 2.5970636389392169e+01 2.6211509505049218e+01 2.6480615754680745e+01 2.6896233853717160e+01 2.5626338942862347e+01 2.5301094859806334e+01 2.6765052105500981e+01 2.9036038669969219e+01 2.7733717938696625e+01 2.6925480743649821e+01 2.5818740684165771e+01 2.4602325151055442e+01 2.4490631008237884e+01 2.3497755215153941e+01 2.3978786564169095e+01 2.3236846356336713e+01 2.4200499959219815e+01 2.3727399862782079e+01 2.5173955228349463e+01 2.5103466108616736e+01 2.6864621906935099e+01 2.7494161614328949e+01 2.7854721365771386e+01 2.8156409386596039e+01 3.4620053063616552e+01 2.9467606040100499e+01 2.6440075791607526e+01 2.3526897222746499e+01 2.3225799412986227e+01 2.1496131535051052e+01 2.1900941357910547e+01 2.0664472018506316e+01 2.1458151975913982e+01 2.0478862258599804e+01 2.1663012243771288e+01 2.0842685906425455e+01 2.2612055559051704e+01 2.1974245462831124e+01 2.4832659225677034e+01 2.4824971009447871e+01 2.9593050351060324e+01 3.3461199719382783e+01 1.3604407317899152e+01 1.3540418397089736e+01 1.3754226933170266e+01 1.3556800065816393e+01 1.3721759233712341e+01 1.3515137907803858e+01 1.3771402699883277e+01 1.3524967067298826e+01 1.3803779667858675e+01 1.3530690904877027e+01 1.3779724126768421e+01 1.3517123455571518e+01 1.3715355252971202e+01 1.3521780148627878e+01 1.3683651012322059e+01 1.3627062469416108e+01 1.3728951519392242e+01 1.3510236431496622e+01 1.2280208001619959e+01 1.2090758355662222e+01 1.2905052086298220e+01 1.2502024763556284e+01 1.2934965194566566e+01 1.2547324315391950e+01 1.2910669246404215e+01 1.2539296927707314e+01 1.2901778033437699e+01 1.2536716894736958e+01 1.2906123931682320e+01 1.2545974389188846e+01 1.2932174124510153e+01 1.2558953918124715e+01 1.2975329233708557e+01 1.2463017818306771e+01 1.2656826967474681e+01 1.1677970448928711e+01 1.0719036955064823e+01 1.0455866140977582e+01 1.1381372489918650e+01 1.0952527878634923e+01 1.1621575487481588e+01 1.1150514224420359e+01 1.1683720642158258e+01 1.1212809166376511e+01 1.1696550271973669e+01 1.1225102899481005e+01 1.1694660627235155e+01 1.1205126797983606e+01 1.1663175003607869e+01 1.1115016437902517e+01 1.1501954014285539e+01 1.0825740313346085e+01 1.0980255696365179e+01 1.0185238457745399e+01 9.2176830807357533e+00 8.8621564563449517e+00 9.7085906509381346e+00 9.2635705134476183e+00 1.0012525249780573e+01 9.5079924340716904e+00 1.0150945749220948e+01 9.6201091906036051e+00 1.0195232290341952e+01 9.6453977094456071e+00 1.0176021447932195e+01 9.5960873175691201e+00 1.0075623247941614e+01 9.4440606785581167e+00 9.8281837145298159e+00 9.1363931816070370e+00 9.3801514672881829e+00 8.7002696373790798e+00 7.6975666229697097e+00 7.2651913682621334e+00 8.0183932097311708e+00 7.5434825071704790e+00 8.2846292841791200e+00 7.7586239023578987e+00 8.4396260271241754e+00 7.8766084925189963e+00 8.4966672769784051e+00 7.9048063445202397e+00 8.4684811142545069e+00 7.8471121521670950e+00 8.3465117631060455e+00 7.6941904565000714e+00 8.1122471854606744e+00 7.4458209723520223e+00 7.7920199769386489e+00 7.1722144012900158e+00 6.1313710158613448e+00 5.6412977928494845e+00 6.3219244362731626e+00 5.8151804661570612e+00 6.5181141964187317e+00 5.9745309367275308e+00 6.6499156918676805e+00 6.0713576749081524e+00 6.7020986339081423e+00 6.0951722065902469e+00 6.6749500895849714e+00 6.0452603764428119e+00 6.5673559205055021e+00 5.9232221127608788e+00 6.3864004362180893e+00 5.7490393003256495e+00 6.1806124257271913e+00 5.5929965220705355e+00 4.5176533917510069e+00 3.9865066325298111e+00 4.6177259245316762e+00 4.0855221416490846e+00 4.7468735527653827e+00 4.1906351387855683e+00 4.8416966222236510e+00 4.2580806371560911e+00 4.8806218415943468e+00 4.2747918679198964e+00 4.8597843620560814e+00 4.2390587107554101e+00 4.7809160485763442e+00 4.1551897338187089e+00 4.6579811002906606e+00 4.0446014957847423e+00 4.5379947297585108e+00 3.9666533172327343e+00 2.8602268550327832e+00 2.3025262945927860e+00 2.9072174255191210e+00 2.3583831167612597e+00 2.9866387956422522e+00 2.4242169073533422e+00 3.0477436938978744e+00 2.4679494674380407e+00 3.0733251307192075e+00 2.4790714640002394e+00 3.0595457293161838e+00 2.4555978830836191e+00 3.0082565381247175e+00 2.4016397417744435e+00 2.9313091138004963e+00 2.3338428630363368e+00 2.8655740421264428e+00 2.2979204587993292e+00 1.1584435340858625e+00 5.8407981382453467e-01 1.1869668731607153e+00 6.2306885744115703e-01 1.2422013109775014e+00 6.8304047648700073e-01 1.2902481526931722e+00 7.3143892230195828e-01 1.3124755914335278e+00 7.4605919341935123e-01 1.3013949423567792e+00 7.2058717729399213e-01 1.2603049666305670e+00 6.6551861148658942e-01 1.2039557322839638e+00 6.0636902371856094e-01 1.1617997873288308e+00 5.8123366889964567e-01
</DataArray>
        <DataArray type="Float64" format="ascii" Name="current_yield_stress">
1.2000000000000000e+03 1.2000000000000000e+03 1.2000000000000002e+03 1.2000000000000000e+03 1.2000000000000000e+03 1.2000000000000000e+03 1.1999999999999998e+03 1.2000000000000002e+03 1.2000000000000000e+03 1.2000000000000000e+03 1.2000000000000000e+03 1.2000000000000000e+03 1.2000000000000002e+03 1.2000000000000000e+03 1.1999999999999998e+03 1.2000000000000000e+03 1.2000000000000002e+03 1.2000000000000000e+03 1.2000000000000002e+03 1.2000000000000000e+03 1.2000000000000000e+03 1.2000000000000000e+03 1.2000000000000000e+03 1.2000000000000000e+03 1.1999999999999998e+03 1.1999999999999998e+03 1.2000000000000002e+03 1.2000000000000000e+03 1.2000000000000000e+03 1.2000000000000000e+03 1.2000000000000000e+03 1.2000000000000000e+03 1.2000000000000000e+03 1.2000000000000000e+03 1.2000000000000000e+03 1.2000000000000000e+03 1.2000000000000000e+03 1.2000000000000000e+03 1.2000000000000000e+03 1.2000000000000002e+03 1.2000000000000000e+03 1.2000000000000000e+03 1.2000000000000000e+03 1.2000000000000000e+03 1.2000000000000000e+03 1.2000000000000000e+03 1.2000000000000000e+03 1.2000000000000000e+03 1.2000000000000000e+03 1.2000000000000002e+03 1.2000000000000002e+03 1.2000000000000002e+03 1.2000000000000000e+03 1.2000000000000000e+03 1.2000000000000000e+03 1.2000000000000000e+03 1.2000000000000002e+03 1.2000000000000002e+03 1.2000000000000000e+03 1.2000000000000002e+03 1.1999999999999998e+03 1.2000000000000000e+03 1.2000000000000000e+03 1.2000000000000000e+03 1.2000000000000000e+03 1.2000000000000002e+03 1.2000000000000000e+03 1.1999999999999998e+03 1.2000000000000000e+03 1.2000000000000000e+03 1.2000000000000000e+03 1.1999999999999998e+03 1.1999999999999998e+03 1.2000000000000002e+03 1.2000000000000000e+03 1.2000000000000000e+03 1.2000000000000000e+03 1.2000000000000000e+03 1.2000000000000002e+03 1.2000000000000000e+03 1.2000000000000000e+03 1.2000000000000000e+03 1.2000000000000000e+03 1.2000000000000000e+03 1.2000000000000000e+03 1.2000000000000000e+03 1.2000000000000000e+03 1.2000000000000000e+03 1.2000000000000000e+03 1.2000000000000000e+03 1.1999999999999998e+03 1.2000000000000002e+03 1.2000000000000000e+03 1.2000000000000000e+03 1.2000000000000000e+03 1.1999999999999998e+03 1.2000000000000000e+03 1.2000000000000000e+03 1.2000000000000000e+03 1.2000000000000000e+03 1.2000000000000000e+03 1.2000000000000000e+03 1.2000000000000000e+03 1.2000000000000000e+03 1.2000000000000000e+03 1.2000000000000000e+03 1.1999999999999998e+03 1.2000000000000000e+03 1.2000000000000000e+03 1.2000000000000002e+03 1.2000000000000000e+03 1.2000000000000000e+03 1.2000000000000002e+03 1.2000000000000000e+03 1.2000000000000000e+03 1.2000000000000000e+03 1.2000000000000000e+03 1.2000000000000000e+03 1.2000000000000000e+03 1.2000000000000000e+03 1.1999999999999998e+03 1.2000000000000000e+03 1.2000000000000000e+03 1.2000000000000000e+03 1.2000000000000000e+03 1.2000000000000000e+03 1.2000000000000002e+03 1.2000000000000000e+03 1.2000000000000000e+03 1.2000000000000000e+03 1.2000000000000000e+03 1.2000000000000000e+03 1.2000000000000000e+03 1.2000000000000000e+03 1.2000000000000000e+03 1.2000000000000000e+03 1.1999999999999998e+03 1.2000000000000000e+03 1.2000000000000000e+03 1.1999999999999998e+03 1.1999999999999998e+03 1.2000000000000000e+03 1.2000000000000002e+03 1.2000000000000000e+03 1.2000000000000000e+03 1.2000000000000000e+03 1.2000000000000000e+03 1.2000000000000000e+03 1.2000000000000000e+03 1.2000000000000000e+03 1.2000000000000000e+03 1.2000000000000000e+03 1.1999999999999998e+03 1.2000000000000000e+03 1.2000000000000002e+03 1.2000000000000000e+03 1.2000000000000000e+03 1.2000000000000000e+03 1.2000000000000002e+03 1.1999999999999998e+03 1.2000000000000000e+03 1.2000000000000000e+03 8.0000000000000011e+02 8.0000000000000000e+02 8.0000000000000000e+02 8.0000000000000011e+02 8.0000000000000000e+02 8.0000000000000000e+02 8.0000000000000000e+02 8.0000000000000000e+02 7.9999999999999989e+02 8.0000000000000011e+02 8.0000000000000000e+02 8.0000000000000000e+02 8.0000000000000000e+02 8.0000000000000000e+02 7.9999999999999989e+02 8.0000000000000000e+02 8.0000000000000000e+02 7.9999999999999989e+02 8.0000000000000000e+02 8.0000000000000000e+02 7.9999999999999989e+02 8.0000000000000000e+02 8.0000000000000000e+02 8.0000000000000011e+02 8.0000000000000000e+02 8.0000000000000000e+02 8.0000000000000011e+02 7.9999999999999989e+02 8.0000000000000000e+02 8.0000000000000000e+02 7.9999999999999989e+02 8.0000000000000000e+02 8.0000000000000000e+02 8.0000000000000000e+02 7.9999999999999989e+02 8.0000000000000011e+02 8.0000000000000000e+02 7.9999999999999989e+02 8.0000000000000011e+02 8.0000000000000000e+02 7.9999999999999989e+02 8.0000000000000000e+02 7.9999999999999989e+02 7.9999999999999989e+02 8.0000000000000000e+02 7.9999999999999989e+02 7.9999999999999989e+02 7.9999999999999989e+02 7.9999999999999989e+02 8.0000000000000011e+02 8.0000000000000000e+02 7.9999999999999989e+02 7.9999999999999989e+02 8.0000000000000000e+02 8.0000000000000000e+02 8.0000000000000000e+02 8.0000000000000000e+02 8.0000000000000000e+02 8.0000000000000000e+02 7.9999999999999989e+02 7.9999999999999989e+02 7.9999999999999989e+02 7.9999999999999989e+02 8.0000000000000000e+02 8.0000000000000011e+02 7.9999999999999989e+02 8.0000000000000000e+02 8.0000000000000000e+02 8.0000000000000011e+02 8.0000000000000000e+02 7.9999999999999989e+02 7.9999999999999989e+02 8.0000000000000000e+02 8.0000000000000011e+02 7.9999999999999989e+02 8.0000000000000000e+02 7.9999999999999989e+02 8.0000000000000000e+02 8.0000000000000000e+02 8.0000000000000011e+02 8.0000000000000011e+02 8.0000000000000011e+02 8.0000000000000000e+02 8.0000000000000000e+02 8.0000000000000000e+02 8.0000000000000023e+02 8.0000000000000000e+02 8.0000000000000000e+02 8.0000000000000000e+02 8.0000000000000000e+02 8.0000000000000000e+02 7.9999999999999989e+02 7.9999999999999989e+02 7.9999999999999989e+02 8.0000000000000000e+02 7.9999999999999989e+02 7.9999999999999989e+02 7.9999999999999989e+02 8.0000000000000000e+02 8.0000000000000000e+02 8.0000000000000000e+02 8.0000000000000000e+02 8.0000000000000000e+02 8.0000000000000011e+02 8.0000000000000000e+02 7.9999999999999989e+02 8.0000000000000000e+02 8.0000000000000011e+02 8.0000000000000000e+02 8.0000000000000000e+02 8.0000000000000000e+02 8.0000000000000000e+02 8.0000000000000011e+02 8.0000000000000000e+02 8.0000000000000011e+02 7.9999999999999989e+02 8.0000000000000000e+02 7.9999999999999989e+02 8.0000000000000011e+02 7.9999999999999989e+02 7.9999999999999989e+02 8.0000000000000000e+02 7.9999999999999989e+02 8.0000000000000000e+02 8.0000000000000000e+02 7.9999999999999977e+02 8.0000000000000000e+02 8.0000000000000000e+02 8.0000000000000011e+02 7.9999999999999989e+02 8.0000000000000000e+02 8.0000000000000011e+02 8.0000000000000000e+02 8.0000000000000000e+02 8.0000000000000000e+02 8.0000000000000000e+02 8.0000000000000000e+02 8.0000000000000000e+02 8.0000000000000011e+02 8.0000000000000000e+02 7.9999999999999989e+02 8.0000000000000000e+02 7.9999999999999989e+02 7.9999999999999989e+02 8.0000000000000000e+02 7.9999999999999989e+02 7.9999999999999989e+02 8.0000000000000011e+02 8.0000000000000011e+02 7.9999999999999989e+02 8.0000000000000011e+02 7.9999999999999989e+02 7.9999999999999989e+02 8.0000000000000011e+02 8.0000000000000000e+02 8.0000000000000000e+02 8.0000000000000000e+02 7.9999999999999989e+02 8.0000000000000011e+02 8.0000000000000011e+02 8.0000000000000000e+02 8.0000000000000000e+02
</DataArray>
        <DataArray type="Float64" format="ascii" Name="yield_function">
-1.1822662601585664e+03 -1.1825615283874836e+03 -1.1824293354340325e+03 -1.1821375022286827e+03 -1.1819078754912621e+03 -1.1815403527431833e+03 -1.1815591074301315e+03 -1.1811848247710566e+03 -1.1814115301689026e+03 -1.1810932062807115e+03 -1.1814763683029491e+03 -1.1812678363748682e+03 -1.1817389605127019e+03 -1.1817072744858767e+03 -1.1821536523860157e+03 -1.1823945703273484e+03 -1.1826225411456744e+03 -1.1823285457853597e+03 -1.1813432516320684e+03 -1.1811373449509567e+03 -1.1816903174987424e+03 -1.1810587148762638e+03 -1.1811057593420708e+03 -1.1804859153587863e+03 -1.1805856376360277e+03 -1.1800552166185473e+03 -1.1803620582665988e+03 -1.1799403577795558e+03 -1.1804707862167177e+03 -1.1801667039977849e+03 -1.1809054476972674e+03 -1.1806870005073904e+03 -1.1815662941856833e+03 -1.1812181966382493e+03 -1.1816860140767935e+03 -1.1807533555866569e+03 -1.1799816981970478e+03 -1.1796087096644483e+03 -1.1800770591134374e+03 -1.1793842806234845e+03 -1.1796470726052805e+03 -1.1789174364924695e+03 -1.1791931979802087e+03 -1.1785573178141335e+03 -1.1789851864704285e+03 -1.1784610689072795e+03 -1.1790938338798458e+03 -1.1786562142496387e+03 -1.1794869594768559e+03 -1.1790773476103964e+03 -1.1799613363112940e+03 -1.1794845166580842e+03 -1.1800624480428330e+03 -1.1795246654708658e+03 -1.1788233095116393e+03 -1.1782522548325319e+03 -1.1783801971898520e+03 -1.1776239971979164e+03 -1.1778812493387436e+03 -1.1771458090168717e+03 -1.1775165319201785e+03 -1.1768821327963833e+03 -1.1773667607426644e+03 -1.1768217326294523e+03 -1.1774462723545023e+03 -1.1769520207995770e+03 -1.1777409991425779e+03 -1.1772777912411002e+03 -1.1781899322422723e+03 -1.1777951462098220e+03 -1.1786606985808385e+03 -1.1784210195819708e+03 -1.1777795243652592e+03 -1.1769536548653052e+03 -1.1767305749203333e+03 -1.1759124240709511e+03 -1.1761147564389062e+03 -1.1754787237799042e+03 -1.1758698660134439e+03 -1.1753804761362619e+03 -1.1758101002187336e+03 -1.1753793187509896e+03 -1.1758463706900379e+03 -1.1754095832319729e+03 -1.1760128951476349e+03 -1.1755787506961228e+03 -1.1764605852152022e+03 -1.1761616961642874e+03 -1.1773554557699026e+03 -1.1773805769789640e+03 -1.1767470650043413e+03 -1.1755477721257380e+03 -1.1750952333897631e+03 -1.1743227894822780e+03 -1.1745973443223443e+03 -1.1742609922563436e+03 -1.1746555783824172e+03 -1.1745076706764098e+03 -1.1747559830250818e+03 -1.1746066069973601e+03 -1.1747208338906185e+03 -1.1744650534557154e+03 -1.1746274501919963e+03 -1.1742603236589912e+03 -1.1748423597116712e+03 -1.1745598197471729e+03 -1.1760079048535845e+03 -1.1762652760691319e+03 -1.1754883631939720e+03 -1.1737100185172410e+03 -1.1734527588521469e+03 -1.1731021439617048e+03 -1.1737178771206986e+03 -1.1740080484485620e+03 -1.1743741567462496e+03 -1.1747744168251113e+03 -1.1747066863757061e+03 -1.1749915713597184e+03 -1.1745682213785446e+03 -1.1746259042077256e+03 -1.1740293636106078e+03 -1.1737884904949508e+03 -1.1735193842453191e+03 -1.1731037661462829e+03 -1.1743736610571377e+03 -1.1746989051401938e+03 -1.1732349478944991e+03 -1.1709639613300308e+03 -1.1722662820613034e+03 -1.1730745192563502e+03 -1.1741812593158343e+03 -1.1753976748489445e+03 -1.1755093689917621e+03 -1.1765022447848462e+03 -1.1760212134358312e+03 -1.1767631536436634e+03 -1.1757995000407800e+03 -1.1762726001372180e+03 -1.1748260447716507e+03 -1.1748965338913831e+03 -1.1731353780930649e+03 -1.1725058383856710e+03 -1.1721452786342286e+03 -1.1718435906134041e+03 -1.1653799469363832e+03 -1.1705323939598995e+03 -1.1735599242083924e+03 -1.1764731027772534e+03 -1.1767742005870136e+03 -1.1785038684649489e+03 -1.1780990586420894e+03 -1.1793355279814937e+03 -1.1785418480240860e+03 -1.1795211377414000e+03 -1.1783369877562288e+03 -1.1791573140935745e+03 -1.1773879444409483e+03 -1.1780257545371690e+03 -1.1751673407743233e+03 -1.1751750289905519e+03 -1.1704069496489399e+03 -1.1665388002806171e+03 -7.8639559268210087e+02 -7.8645958160291013e+02 -7.8624577306682977e+02 -7.8644319993418367e+02 -7.8627824076628758e+02 -7.8648486209219618e+02 -7.8622859730011680e+02 -7.8647503293270108e+02 -7.8619622033214137e+02 -7.8646930909512298e+02 -7.8622027587323169e+02 -7.8648287654442856e+02 -7.8628464474702866e+02 -7.8647821985137205e+02 -7.8631634898767788e+02 -7.8637293753058373e+02 -7.8627104848060787e+02 -7.8648976356850335e+02 -7.8771979199838017e+02 -7.8790924164433795e+02 -7.8709494791370162e+02 -7.8749797523644372e+02 -7.8706503480543358e+02 -7.8745267568460804e+02 -7.8708933075359573e+02 -7.8746070307229263e+02 -7.8709822196656239e+02 -7.8746328310526314e+02 -7.8709387606831774e+02 -7.8745402561081107e+02 -7.8706782587548980e+02 -7.8744104608187536e+02 -7.8702467076629136e+02 -7.8753698218169336e+02 -7.8734317303252521e+02 -7.8832202955107130e+02 -7.8928096304493522e+02 -7.8954413385902239e+02 -7.8861862751008130e+02 -7.8904747212136499e+02 -7.8837842451251845e+02 -7.8884948577557964e+02 -7.8831627935784161e+02 -7.8878719083362341e+02 -7.8830344972802629e+02 -7.8877489710051884e+02 -7.8830533937276482e+02 -7.8879487320201622e+02 -7.8833682499639212e+02 -7.8888498356209743e+02 -7.8849804598571450e+02 -7.8917425968665384e+02 -7.8901974430363487e+02 -7.8981476154225459e+02 -7.9078231691926430e+02 -7.9113784354365509e+02 -7.9029140934906195e+02 -7.9073642948655231e+02 -7.8998747475021958e+02 -7.9049200756592825e+02 -7.8984905425077886e+02 -7.9037989080939644e+02 -7.8980476770965788e+02 -7.9035460229055434e+02 -7.8982397855206773e+02 -7.9040391268243093e+02 -7.8992437675205838e+02 -7.9055593932144200e+02 -7.9017181628547019e+02 -7.9086360681839278e+02 -7.9061984853271179e+02 -7.9129973036262095e+02 -7.9230243337703030e+02 -7.9273480863173791e+02 -7.9198160679026887e+02 -7.9245651749282956e+02 -7.9171537071582100e+02 -7.9224137609764205e+02 -7.9156037397287594e+02 -7.9212339150748119e+02 -7.9150333272302157e+02 -7.9209519365547976e+02 -7.9153151888574530e+02 -7.9215288784783286e+02 -7.9165348823689396e+02 -7.9230580954349989e+02 -7.9188775281453923e+02 -7.9255417902764793e+02 -7.9220798002306151e+02 -7.9282778559871008e+02 -7.9386862898413870e+02 -7.9435870220715049e+02 -7.9367807556372679e+02 -7.9418481953384298e+02 -7.9348188580358135e+02 -7.9402546906327245e+02 -7.9335008430813207e+02 -7.9392864232509169e+02 -7.9329790136609176e+02 -7.9390482779340982e+02 -7.9332504991041515e+02 -7.9395473962355720e+02 -7.9343264407949448e+02 -7.9407677788723925e+02 -7.9361359956378192e+02 -7.9425096069967435e+02 -7.9381938757427281e+02 -7.9440700347792961e+02 -7.9548234660824892e+02 -7.9601349336747012e+02 -7.9538227407546833e+02 -7.9591447785835101e+02 -7.9525312644723454e+02 -7.9580936486121436e+02 -7.9515830337777652e+02 -7.9574191936284399e+02 -7.9511937815840577e+02 -7.9572520813208007e+02 -7.9514021563794392e+02 -7.9576094128924456e+02 -7.9521908395142350e+02 -7.9584481026618141e+02 -7.9534201889970927e+02 -7.9595539850421528e+02 -7.9546200527024155e+02 -7.9603334668276716e+02 -7.9713977314496708e+02 -7.9769747370540722e+02 -7.9709278257448091e+02 -7.9764161688323873e+02 -7.9701336120435769e+02 -7.9757578309264670e+02 -7.9695225630610207e+02 -7.9753205053256181e+02 -7.9692667486928076e+02 -7.9752092853599959e+02 -7.9694045427068374e+02 -7.9754440211691633e+02 -7.9699174346187544e+02 -7.9759836025822551e+02 -7.9706869088619953e+02 -7.9766615713696365e+02 -7.9713442595787353e+02 -7.9770207954120065e+02 -7.9884155646591421e+02 -7.9941592018617541e+02 -7.9881303312683917e+02 -7.9937693114255876e+02 -7.9875779868902259e+02 -7.9931695952351288e+02 -7.9870975184730685e+02 -7.9926856107769800e+02 -7.9868752440856645e+02 -7.9925394080658077e+02 -7.9869860505764314e+02 -7.9927941282270592e+02 -7.9873969503336946e+02 -7.9933448138851338e+02 -7.9879604426771618e+02 -7.9939363097628154e+02 -7.9883820021267127e+02 -7.9941876633110030e+02
</DataArray>
        <DataArray type="Float64" format="ascii" Name="plastic_multiplier">
0.0000000000000000e+00 0.0000000000000000e+00 0.0000000000000000e+00 0.0000000000000000e+00 0.0000000000000000e+00 0.0000000000000000e+00 0.0000000000000000e+00 0.0000000000000000e+00 0.0000000000000000e+00 0.0000000000000000e+00 0.0000000000000000e+00 0.0000000000000000e+00 0.0000000000000000e+00 0.0000000000000000e+00 0.0000000000000000e+00 0.0000000000000000e+00 0.0000000000000000e+00 0.0000000000000000e+00 0.0000000000000000e+00 0.0000000000000000e+00 0.0000000000000000e+00 0.0000000000000000e+00 0.0000000000000000e+00 0.0000000000000000e+00 0.0000000000000000e+00 0.0000000000000000e+00 0.0000000000000000e+00 0.0000000000000000e+00 0.0000000000000000e+00 0.0000000000000000e+00 0.0000000000000000e+00 0.0000000000000000e+00 0.0000000000000000e+00 0.0000000000000000e+00 0.0000000000000000e+00 0.0000000000000000e+00 0.0000000000000000e+00 0.0000000000000000e+00 0.0000000000000000e+00 0.0000000000000000e+00 0.0000000000000000e+00 0.0000000000000000e+00 0.0000000000000000e+00 0.0000000000000000e+00 0.0000000000000000e+00 0.0000000000000000e+00 0.0000000000000000e+00 0.0000000000000000e+00 0.0000000000000000e+00 0.0000000000000000e+00 0.0000000000000000e+00 0.0000000000000000e+00 0.0000000000000000e+00 0.0000000000000000e+00 0.0000000000000000e+00 0.0000000000000000e+00 0.0000000000000000e+00 0.0000000000000000e+00 0.0000000000000000e+00 0.0000000000000000e+00 0.0000000000000000e+00 0.0000000000000000e+00 0.0000000000000000e+00 0.0000000000000000e+00 0.0000000000000000e+00 0.0000000000000000e+00 0.0000000000000000e+00 0.0000000000000000e+00 0.0000000000000000e+00 0.0000000000000000e+00 0.0000000000000000e+00 0.0000000000000000e+00 0.0000000000000000e+00 0.0000000000000000e+00 0.0000000000000000e+00 0.0000000000000000e+00 0.0000000000000000e+00 0.0000000000000000e+00 0.0000000000000000e+00 0.0000000000000000e+00 0.0000000000000000e+00 0.0000000000000000e+00 0.0000000000000000e+00 0.0000000000000000e+00 0.0000000000000000e+00 0.0000000000000000e+00 0.0000000000000000e+00 0.0000000000000000e+00 0.0000000000000000e+00 0.0000000000000000e+00 0.0000000000000000e+00 0.0000000000000000e+00 0.0000000000000000e+00 0.0000000000000000e+00 0.0000000000000000e+00 0.0000000000000000e+00 0.0000000000000000e+00 0.0000000000000000e+00 0.0000000000000000e+00 0.0000000000000000e+00 0.0000000000000000e+00 0.0000000000000000e+00 0.0000000000000000e+00 0.0000000000000000e+00 0.0000000000000000e+00 0.0000000000000000e+00 0.0000000000000000e+00 0.0000000000000000e+00 0.0000000000000000e+00 0.0000000000000000e+00 0.0000000000000000e+00 0.0000000000000000e+00 0.0000000000000000e+00 0.0000000000000000e+00 0.0000000000000000e+00 0.0000000000000000e+00 0.0000000000000000e+00 0.0000000000000000e+00 0.0000000000000000e+00 0.0000000000000000e+00 0.0000000000000000e+00 0.0000000000000000e+00 0.0000000000000000e+00 0.0000000000000000e+00 0.0000000000000000e+00 0.0000000000000000e+00 0.0000000000000000e+00 0.0000000000000000e+00 0.0000000000000000e+00 0.0000000000000000e+00 0.0000000000000000e+00 0.0000000000000000e+00 0.0000000000000000e+00 0.0000000000000000e+00 0.0000000000000000e+00 0.0000000000000000e+00 0.0000000000000000e+00 0.0000000000000000e+00 0.0000000000000000e+00 0.0000000000000000e+00 0.0000000000000000e+00 0.0000000000000000e+00 0.0000000000000000e+00 0.0000000000000000e+00 0.0000000000000000e+00 0.0000000000000000e+00 0.0000000000000000e+00 0.0000000000000000e+00 0.0000000000000000e+00 0.0000000000000000e+00 0.0000000000000000e+00 0.0000000000000000e+00 0.0000000000000000e+00 0.0000000000000000e+00 0.0000000000000000e+00 0.0000000000000000e+00 0.0000000000000000e+00 0.0000000000000000e+00 0.0000000000000000e+00 0.0000000000000000e+00 0.0000000000000000e+00 0.0000000000000000e+00 0.0000000000000000e+00 0.0000000000000000e+00 0.0000000000000000e+00 0.0000000000000000e+00 0.0000000000000000e+00 0.0000000000000000e+00 0.0000000000000000e+00 0.0000000000000000e+00 0.0000000000000000e+00 0.0000000000000000e+00 0.0000000000000000e+00 0.0000000000000000e+00 0.0000000000000000e+00 0.0000000000000000e+00 0.0000000000000000e+00 0.0000000000000000e+00 0.0000000000000000e+00 0.0000000000000000e+00 0.0000000000000000e+00 0.0000000000000000e+00 0.0000000000000000e+00 0.0000000000000000e+00 0.0000000000000000e+00 0.0000000000000000e+00 0.0000000000000000e+00 0.0000000000000000e+00 0.0000000000000000e+00 0.0000000000000000e+00 0.0000000000000000e+00 0.0000000000000000e+00 0.0000000000000000e+00 0.0000000000000000e+00 0.0000000000000000e+00 0.0000000000000000e+00 0.0000000000000000e+00 0.0000000000000000e+00 0.0000000000000000e+00 0.0000000000000000e+00 0.0000000000000000e+00 0.0000000000000000e+00 0.0000000000000000e+00 0.0000000000000000e+00 0.0000000000000000e+00 0.0000000000000000e+00 0.0000000000000000e+00 0.0000000000000000e+00 0.0000000000000000e+00 0.0000000000000000e+00 0.0000000000000000e+00 0.0000000000000000e+00 0.0000000000000000e+00 0.0000000000000000e+00 0.0000000000000000e+00 0.0000000000000000e+00 0.0000000000000000e+00 0.0000000000000000e+00 0.0000000000000000e+00 0.0000000000000000e+00 0.0000000000000000e+00 0.0000000000000000e+00 0.0000000000000000e+00 0.0000000000000000e+00 0.0000000000000000e+00 0.0000000000000000e+00 0.0000000000000000e+00 0.0000000000000000e+00 0.0000000000000000e+00 0.0000000000000000e+00 0.0000000000000000e+00 0.0000000000000000e+00 0.0000000000000000e+00 0.0000000000000000e+00 0.0000000000000000e+00 0.0000000000000000e+00 0.0000000000000000e+00 0.0000000000000000e+00 0.0000000000000000e+00 0.0000000000000000e+00 0.0000000000000000e+00 0.0000000000000000e+00 0.0000000000000000e+00 0.0000000000000000e+00 0.0000000000000000e+00 0.0000000000000000e+00 0.0000000000000000e+00 0.0000000000000000e+00 0.0000000000000000e+00 0.0000000000000000e+00 0.0000000000000000e+00 0.0000000000000000e+00 0.0000000000000000e+00 0.0000000000000000e+00 0.0000000000000000e+00 0.0000000000000000e+00 0.0000000000000000e+00 0.0000000000000000e+00 0.0000000000000000e+00 0.0000000000000000e+00 0.0000000000000000e+00 0.0000000000000000e+00 0.0000000000000000e+00 0.0000000000000000e+00 0.0000000000000000e+00 0.0000000000000000e+00 0.0000000000000000e+00 0.0000000000000000e+00 0.0000000000000000e+00 0.0000000000000000e+00 0.0000000000000000e+00 0.0000000000000000e+00 0.0000000000000000e+00 0.0000000000000000e+00 0.0000000000000000e+00 0.0000000000000000e+00 0.0000000000000000e+00 0.0000000000000000e+00 0.0000000000000000e+00 0.0000000000000000e+00 0.0000000000000000e+00 0.0000000000000000e+00 0.0000000000000000e+00 0.0000000000000000e+00 0.0000000000000000e+00 0.0000000000000000e+00 0.0000000000000000e+00 0.0000000000000000e+00 0.0000000000000000e+00 0.0000000000000000e+00 0.0000000000000000e+00 0.0000000000000000e+00 0.0000000000000000e+00 0.0000000000000000e+00 0.0000000000000000e+00 0.0000000000000000e+00 0.0000000000000000e+00 0.0000000000000000e+00 0.0000000000000000e+00 0.0000000000000000e+00 0.0000000000000000e+00 0.0000000000000000e+00 0.0000000000000000e+00 0.0000000000000000e+00 0.0000000000000000e+00 0.0000000000000000e+00 0.0000000000000000e+00 0.0000000000000000e+00 0.0000000000000000e+00 0.0000000000000000e+00 0.0000000000000000e+00 0.0000000000000000e+00 0.0000000000000000e+00 0.0000000000000000e+00 0.0000000000000000e+00 0.0000000000000000e+00 0.0000000000000000e+00 0.0000000000000000e+00 0.0000000000000000e+00 0.0000000000000000e+00 0.0000000000000000e+00 0.0000000000000000e+00 0.0000000000000000e+00 0.0000000000000000e+00
</DataArray>
      </CellData>
      <Points>
        <DataArray type="Float64" format="ascii" NumberOfComponents="3">
0.0000000000000000e+00 0.0000000000000000e+00 0.0000000000000000e+00 1.0000000000000000e+00 0.0000000000000000e+00 0.0000000000000000e+00 1.0000000000000000e+00 2.0000000000000000e+00 0.0000000000000000e+00 0.0000000000000000e+00 2.0000000000000000e+00 0.0000000000000000e+00 1.0000000000000000e+00 1.0000000000000000e+00 0.0000000000000000e+00 0.0000000000000000e+00 1.0000000000000000e+00 0.0000000000000000e+00 1.1111111111090820e-01 0.0000000000000000e+00 0.0000000000000000e+00 2.2222222222171431e-01 0.0000000000000000e+00 0.0000000000000000e+00 3.3333333333250098e-01 0.0000000000000000e+00 0.0000000000000000e+00 4.4444444444328779e-01 0.0000000000000000e+00 0.0000000000000000e+00 5.5555555555438330e-01 0.0000000000000000e+00 0.0000000000000000e+00 6.6666666666578744e-01 0.0000000000000000e+00 0.0000000000000000e+00 7.7777777777719159e-01 0.0000000000000000e+00 0.0000000000000000e+00 8.8888888888859585e-01 0.0000000000000000e+00 0.0000000000000000e+00 5.5555555555441602e-02 0.0000000000000000e+00 0.0000000000000000e+00 1.6666666666631960e-01 0.0000000000000000e+00 0.0000000000000000e+00 2.7777777777710772e-01 0.0000000000000000e+00 0.0000000000000000e+00 3.8888888888789441e-01 0.0000000000000000e+00 0.0000000000000000e+00 4.9999999999868139e-01 0.0000000000000000e+00 0.0000000000000000e+00 6.1111111111008543e-01 0.0000000000000000e+00 0.0000000000000000e+00 7.2222222222148957e-01 0.0000000000000000e+00 0.0000000000000000e+00 8.3333333333289372e-01 0.0000000000000000e+00 0.0000000000000000e+00 9.4444444444429798e-01 0.0000000000000000e+00 0.0000000000000000e+00 1.0000000000000000e+00 1.1111111111090820e-01 0.0000000000000000e+00 1.0000000000000000e+00 2.2222222222171431e-01 0.0000000000000000e+00 1.0000000000000000e+00 3.3333333333250098e-01 0.0000000000000000e+00 1.0000000000000000e+00 4.4444444444328779e-01 0.0000000000000000e+00 1.0000000000000000e+00 5.5555555555438330e-01 0.0000000000000000e+00 1.0000000000000000e+00 6.6666666666578744e-01 0.0000000000000000e+00 1.0000000000000000e+00 7.7777777777719159e-01 0.0000000000000000e+00 1.0000000000000000e+00 8.8888888888859585e-01 0.0000000000000000e+00 1.0000000000000000e+00 5.5555555555441602e-02 0.0000000000000000e+00 1.0000000000000000e+00 1.6666666666631960e-01 0.0000000000000000e+00 1.0000000000000000e+00 2.7777777777710772e-01 0.0000000000000000e+00 1.0000000000000000e+00 3.8888888888789441e-01 0.0000000000000000e+00 1.0000000000000000e+00 4.9999999999868139e-01 0.0000000000000000e+00 1.0000000000000000e+00 6.1111111111008543e-01 0.0000000000000000e+00 1.0000000000000000e+00 7.2222222222148957e-01 0.0000000000000000e+00 1.0000000000000000e+00 8.3333333333289372e-01 0.0000000000000000e+00 1.0000000000000000e+00 9.4444444444429798e-01 0.0000000000000000e+00 8.8888888888842621e-01 1.0000000000000000e+00 0.0000000000000000e+00 7.7777777777793200e-01 1.0000000000000000e+00 0.0000000000000000e+00 6.6666666666759178e-01 1.0000000000000000e+00 0.0000000000000000e+00 5.5555555555725133e-01 1.0000000000000000e+00 0.0000000000000000e+00 4.4444444444629427e-01 1.0000000000000000e+00 0.0000000000000000e+00 3.3333333333472071e-01 1.0000000000000000e+00 0.0000000000000000e+00 2.2222222222314711e-01 1.0000000000000000e+00 0.0000000000000000e+00 1.1111111111157360e-01 1.0000000000000000e+00 0.0000000000000000e+00 9.4444444444424491e-01 1.0000000000000000e+00 0.0000000000000000e+00 8.3333333333318171e-01 1.0000000000000000e+00 0.0000000000000000e+00 7.2222222222279631e-01 1.0000000000000000e+00 0.0000000000000000e+00 6.1111111111232574e-01 1.0000000000000000e+00 0.0000000000000000e+00 5.0000000000198208e-01 1.0000000000000000e+00 0.0000000000000000e+00 3.8888888889050749e-01 1.0000000000000000e+00 0.0000000000000000e+00 2.7777777777893392e-01 1.0000000000000000e+00 0.0000000000000000e+00 1.6666666666736041e-01 1.0000000000000000e+00 0.0000000000000000e+00 5.5555555555786729e-02 1.0000000000000000e+00 0.0000000000000000e+00 0.0000000000000000e+00 8.8888888888842621e-01 0.0000000000000000e+00 0.0000000000000000e+00 7.7777777777793200e-01 0.0000000000000000e+00 0.0000000000000000e+00 6.6666666666759178e-01 0.0000000000000000e+00 0.0000000000000000e+00 5.5555555555725133e-01 0.0000000000000000e+00 0.0000000000000000e+00 4.4444444444629427e-01 0.0000000000000000e+00 0.0000000000000000e+00 3.3333333333472071e-01 0.0000000000000000e+00 0.0000000000000000e+00 2.2222222222314711e-01 0.0000000000000000e+00 0.0000000000000000e+00 1.1111111111157360e-01 0.0000000000000000e+00 0.0000000000000000e+00 9.4444444444424491e-01 0.0000000000000000e+00 0.0000000000000000e+00 8.3333333333318171e-01 0.0000000000000000e+00 0.0000000000000000e+00 7.2222222222279631e-01 0.0000000000000000e+00 0.0000000000000000e+00 6.1111111111232574e-01 0.0000000000000000e+00 0.0000000000000000e+00 5.0000000000198208e-01 0.0000000000000000e+00 0.0000000000000000e+00 3.8888888889050749e-01 0.0000000000000000e+00 0.0000000000000000e+00 2.7777777777893392e-01 0.0000000000000000e+00 0.0000000000000000e+00 1.6666666666736041e-01 0.0000000000000000e+00 0.0000000000000000e+00 5.5555555555786729e-02 0.0000000000000000e+00 0.0000000000000000e+00 1.1111111111111109e+00 0.0000000000000000e+00 0.0000000000000000e+00 1.2222222222222221e+00 0.0000000000000000e+00 0.0000000000000000e+00 1.3333333333333330e+00 0.0000000000000000e+00 0.0000000000000000e+00 1.4444444444444440e+00 0.0000000000000000e+00 0.0000000000000000e+00 1.5555555555555560e+00 0.0000000000000000e+00 0.0000000000000000e+00 1.6666666666666670e+00 0.0000000000000000e+00 0.0000000000000000e+00 1.7777777777777779e+00 0.0000000000000000e+00 0.0000000000000000e+00 1.8888888888888891e+00 0.0000000000000000e+00 0.0000000000000000e+00 1.0555555555555229e+00 0.0000000000000000e+00 0.0000000000000000e+00 1.1666666666666441e+00 0.0000000000000000e+00 0.0000000000000000e+00 1.2777777777778541e+00 0.0000000000000000e+00 0.0000000000000000e+00 1.3888888888889610e+00 0.0000000000000000e+00 0.0000000000000000e+00 1.4999999999998170e+00 0.0000000000000000e+00 0.0000000000000000e+00 1.6111111111110770e+00 0.0000000000000000e+00 0.0000000000000000e+00 1.7222222222222030e+00 0.0000000000000000e+00 0.0000000000000000e+00 1.8333333333332540e+00 0.0000000000000000e+00 0.0000000000000000e+00 1.9444444444443749e+00 0.0000000000000000e+00 1.1111111111090820e-01 2.0000000000000000e+00 0.0000000000000000e+00 2.2222222222171431e-01 2.0000000000000000e+00 0.0000000000000000e+00 3.3333333333250098e-01 2.0000000000000000e+00 0.0000000000000000e+00 4.4444444444328779e-01 2.0000000000000000e+00 0.0000000000000000e+00 5.5555555555438330e-01 2.0000000000000000e+00 0.0000000000000000e+00 6.6666666666578744e-01 2.0000000000000000e+00 0.0000000000000000e+00 7.7777777777719159e-01 2.0000000000000000e+00 0.0000000000000000e+00 8.8888888888859585e-01 2.0000000000000000e+00 0.0000000000000000e+00 5.5555555555441602e-02 2.0000000000000000e+00 0.0000000000000000e+00 1.6666666666631960e-01 2.0000000000000000e+00 0.0000000000000000e+00 2.7777777777710772e-01 2.0000000000000000e+00 0.0000000000000000e+00 3.8888888888789441e-01 2.0000000000000000e+00 0.0000000000000000e+00 4.9999999999868139e-01 2.0000000000000000e+00 0.0000000000000000e+00 6.1111111111008543e-01 2.0000000000000000e+00 0.0000000000000000e+00 7.2222222222148957e-01 2.0000000000000000e+00 0.0000000000000000e+00 8.3333333333289372e-01 2.0000000000000000e+00 0.0000000000000000e+00 9.4444444444429798e-01 2.0000000000000000e+00 0.0000000000000000e+00 1.0000000000000000e+00 1.8888888888888891e+00 0.0000000000000000e+00 1.0000000000000000e+00 1.7777777777777779e+00 0.0000000000000000e+00 1.0000000000000000e+00 1.6666666666666670e+00 0.0000000000000000e+00 1.0000000000000000e+00 1.5555555555555560e+00 0.0000000000000000e+00 1.0000000000000000e+00 1.4444444444444440e+00 0.0000000000000000e+00 1.0000000000000000e+00 1.3333333333333330e+00 0.0000000000000000e+00 1.0000000000000000e+00 1.2222222222222221e+00 0.0000000000000000e+00 1.0000000000000000e+00 1.1111111111111109e+00 0.0000000000000000e+00 1.0000000000000000e+00 1.9444444444444771e+00 0.0000000000000000e+00 1.0000000000000000e+00 1.8333333333333559e+00 0.0000000000000000e+00 1.0000000000000000e+00 1.7222222222221459e+00 0.0000000000000000e+00 1.0000000000000000e+00 1.6111111111110390e+00 0.0000000000000000e+00 1.0000000000000000e+00 1.5000000000001830e+00 0.0000000000000000e+00 1.0000000000000000e+00 1.3888888888889230e+00 0.0000000000000000e+00 1.0000000000000000e+00 1.2777777777777970e+00 0.0000000000000000e+00 1.0000000000000000e+00 1.1666666666667460e+00 0.0000000000000000e+00 1.0000000000000000e+00 1.0555555555556251e+00 0.0000000000000000e+00 1.1111111111149960e-01 8.8888888888844508e-01 0.0000000000000000e+00 2.2222222222298790e-01 8.8888888888846396e-01 0.0000000000000000e+00 3.3333333333447412e-01 8.8888888888848250e-01 0.0000000000000000e+00 4.4444444444596021e-01 8.8888888888850170e-01 0.0000000000000000e+00 5.5555555555693259e-01 8.8888888888852058e-01 0.0000000000000000e+00 6.6666666666739127e-01 8.8888888888853923e-01 0.0000000000000000e+00 7.7777777777784962e-01 8.8888888888855844e-01 0.0000000000000000e+00 8.8888888888844497e-01 8.8888888888857698e-01 0.0000000000000000e+00 1.1111111111142570e-01 7.7777777777784973e-01 0.0000000000000000e+00 2.2222222222282870e-01 7.7777777777776747e-01 0.0000000000000000e+00 3.3333333333422738e-01 7.7777777777768509e-01 0.0000000000000000e+00 4.4444444444562609e-01 7.7777777777760293e-01 0.0000000000000000e+00 5.5555555555661418e-01 7.7777777777752055e-01 0.0000000000000000e+00 6.6666666666719099e-01 7.7777777777743839e-01 0.0000000000000000e+00 7.7777777777776747e-01 7.7777777777735624e-01 0.0000000000000000e+00 8.8888888888846407e-01 7.7777777777727386e-01 0.0000000000000000e+00 1.1111111111135180e-01 6.6666666666739127e-01 0.0000000000000000e+00 2.2222222222266949e-01 6.6666666666719077e-01 0.0000000000000000e+00 3.3333333333398091e-01 6.6666666666699048e-01 0.0000000000000000e+00 4.4444444444529219e-01 6.6666666666678998e-01 0.0000000000000000e+00 5.5555555555629532e-01 6.6666666666658925e-01 0.0000000000000000e+00 6.6666666666699026e-01 6.6666666666638896e-01 0.0000000000000000e+00 7.7777777777768531e-01 6.6666666666618823e-01 0.0000000000000000e+00 8.8888888888848272e-01 6.6666666666598795e-01 0.0000000000000000e+00 1.1111111111127790e-01 5.5555555555693270e-01 0.0000000000000000e+00 2.2222222222251031e-01 5.5555555555661407e-01 0.0000000000000000e+00 3.3333333333373422e-01 5.5555555555629543e-01 0.0000000000000000e+00 4.4444444444495812e-01 5.5555555555597658e-01 0.0000000000000000e+00 5.5555555555597658e-01 5.5555555555565794e-01 0.0000000000000000e+00 6.6666666666678998e-01 5.5555555555533931e-01 0.0000000000000000e+00 7.7777777777760293e-01 5.5555555555502067e-01 0.0000000000000000e+00 8.8888888888850159e-01 5.5555555555470204e-01 0.0000000000000000e+00 1.1111111111120391e-01 4.4444444444596032e-01 0.0000000000000000e+00 2.2222222222235111e-01 4.4444444444562609e-01 0.0000000000000000e+00 3.3333333333348752e-01 4.4444444444529219e-01 0.0000000000000000e+00 4.4444444444462411e-01 4.4444444444495801e-01 0.0000000000000000e+00 5.5555555555565805e-01 4.4444444444462411e-01 0.0000000000000000e+00 6.6666666666658925e-01 4.4444444444428999e-01 0.0000000000000000e+00 7.7777777777752055e-01 4.4444444444395592e-01 0.0000000000000000e+00 8.8888888888852047e-01 4.4444444444362202e-01 0.0000000000000000e+00 1.1111111111113001e-01 3.3333333333447401e-01 0.0000000000000000e+00 2.2222222222219190e-01 3.3333333333422738e-01 0.0000000000000000e+00 3.3333333333324089e-01 3.3333333333398091e-01 0.0000000000000000e+00 4.4444444444428999e-01 3.3333333333373422e-01 0.0000000000000000e+00 5.5555555555533920e-01 3.3333333333348758e-01 0.0000000000000000e+00 6.6666666666638896e-01 3.3333333333324089e-01 0.0000000000000000e+00 7.7777777777743839e-01 3.3333333333299420e-01 0.0000000000000000e+00 8.8888888888853934e-01 3.3333333333274773e-01 0.0000000000000000e+00 1.1111111111105609e-01 2.2222222222298799e-01 0.0000000000000000e+00 2.2222222222203269e-01 2.2222222222282870e-01 0.0000000000000000e+00 3.3333333333299442e-01 2.2222222222266949e-01 0.0000000000000000e+00 4.4444444444395592e-01 2.2222222222251031e-01 0.0000000000000000e+00 5.5555555555502079e-01 2.2222222222235111e-01 0.0000000000000000e+00 6.6666666666618846e-01 2.2222222222219190e-01 0.0000000000000000e+00 7.7777777777735602e-01 2.2222222222203269e-01 0.0000000000000000e+00 8.8888888888855822e-01 2.2222222222187349e-01 0.0000000000000000e+00 1.1111111111098219e-01 1.1111111111149960e-01 0.0000000000000000e+00 2.2222222222187349e-01 1.1111111111142570e-01 0.0000000000000000e+00 3.3333333333274773e-01 1.1111111111135180e-01 0.0000000000000000e+00 4.4444444444362191e-01 1.1111111111127790e-01 0.0000000000000000e+00 5.5555555555470193e-01 1.1111111111120391e-01 0.0000000000000000e+00 6.6666666666598795e-01 1.1111111111113001e-01 0.0000000000000000e+00 7.7777777777727386e-01 1.1111111111105609e-01 0.0000000000000000e+00 8.8888888888857709e-01 1.1111111111098219e-01 0.0000000000000000e+00 5.5555555555786777e-02 9.4444444444421305e-01 0.0000000000000000e+00 5.5555555555749807e-02 8.8888888888843565e-01 0.0000000000000000e+00 1.1111111111153660e-01 9.4444444444422260e-01 0.0000000000000000e+00 1.6666666666732341e-01 9.4444444444422260e-01 0.0000000000000000e+00 1.6666666666724381e-01 8.8888888888845452e-01 0.0000000000000000e+00 2.2222222222306751e-01 9.4444444444423192e-01 0.0000000000000000e+00 2.7777777777885432e-01 9.4444444444423192e-01 0.0000000000000000e+00 2.7777777777873103e-01 8.8888888888847317e-01 0.0000000000000000e+00 3.3333333333459741e-01 9.4444444444424125e-01 0.0000000000000000e+00 3.8888888889038420e-01 9.4444444444424125e-01 0.0000000000000000e+00 3.8888888889021722e-01 8.8888888888849205e-01 0.0000000000000000e+00 4.4444444444612718e-01 9.4444444444425080e-01 0.0000000000000000e+00 5.0000000000160583e-01 9.4444444444425080e-01 0.0000000000000000e+00 5.0000000000144640e-01 8.8888888888851114e-01 0.0000000000000000e+00 5.5555555555709191e-01 9.4444444444426034e-01 0.0000000000000000e+00 6.1111111111226224e-01 9.4444444444426034e-01 0.0000000000000000e+00 6.1111111111216188e-01 8.8888888888852990e-01 0.0000000000000000e+00 6.6666666666749153e-01 9.4444444444426967e-01 0.0000000000000000e+00 7.2222222222266164e-01 9.4444444444426967e-01 0.0000000000000000e+00 7.2222222222262045e-01 8.8888888888854889e-01 0.0000000000000000e+00 7.7777777777789081e-01 9.4444444444427922e-01 0.0000000000000000e+00 8.3333333333313786e-01 9.4444444444427922e-01 0.0000000000000000e+00 8.3333333333314730e-01 8.8888888888856776e-01 0.0000000000000000e+00 8.8888888888843565e-01 9.4444444444428854e-01 0.0000000000000000e+00 9.4444444444422249e-01 9.4444444444428854e-01 0.0000000000000000e+00 9.4444444444422249e-01 8.8888888888858641e-01 0.0000000000000000e+00 5.5555555555749807e-02 8.3333333333318849e-01 0.0000000000000000e+00 5.5555555555712857e-02 7.7777777777789092e-01 0.0000000000000000e+00 1.1111111111146270e-01 8.3333333333314741e-01 0.0000000000000000e+00 1.6666666666720681e-01 8.3333333333315684e-01 0.0000000000000000e+00 1.6666666666712721e-01 7.7777777777780854e-01 0.0000000000000000e+00 2.2222222222290830e-01 8.3333333333311566e-01 0.0000000000000000e+00 2.7777777777865142e-01 8.3333333333312498e-01 0.0000000000000000e+00 2.7777777777852808e-01 7.7777777777772628e-01 0.0000000000000000e+00 3.3333333333435078e-01 8.3333333333308379e-01 0.0000000000000000e+00 3.8888888889009382e-01 8.3333333333309345e-01 0.0000000000000000e+00 3.8888888888992668e-01 7.7777777777764401e-01 0.0000000000000000e+00 4.4444444444579312e-01 8.3333333333305237e-01 0.0000000000000000e+00 5.0000000000127931e-01 8.3333333333306170e-01 0.0000000000000000e+00 5.0000000000112010e-01 7.7777777777756174e-01 0.0000000000000000e+00 5.5555555555677338e-01 8.3333333333302062e-01 0.0000000000000000e+00 6.1111111111200267e-01 8.3333333333302995e-01 0.0000000000000000e+00 6.1111111111190253e-01 7.7777777777747947e-01 0.0000000000000000e+00 6.6666666666729113e-01 8.3333333333298887e-01 0.0000000000000000e+00 7.2222222222252030e-01 8.3333333333299842e-01 0.0000000000000000e+00 7.2222222222247923e-01 7.7777777777739732e-01 0.0000000000000000e+00 7.7777777777780854e-01 8.3333333333295734e-01 0.0000000000000000e+00 8.3333333333310622e-01 8.3333333333296666e-01 0.0000000000000000e+00 8.3333333333311577e-01 7.7777777777731505e-01 0.0000000000000000e+00 8.8888888888845452e-01 8.3333333333292536e-01 0.0000000000000000e+00 9.4444444444423203e-01 8.3333333333293491e-01 0.0000000000000000e+00 9.4444444444423203e-01 7.7777777777723278e-01 0.0000000000000000e+00 5.5555555555712857e-02 7.2222222222272081e-01 0.0000000000000000e+00 5.5555555555675901e-02 6.6666666666749153e-01 0.0000000000000000e+00 1.1111111111138880e-01 7.2222222222262045e-01 0.0000000000000000e+00 1.6666666666709029e-01 7.2222222222257937e-01 0.0000000000000000e+00 1.6666666666701069e-01 6.6666666666729102e-01 0.0000000000000000e+00 2.2222222222274909e-01 7.2222222222247912e-01 0.0000000000000000e+00 2.7777777777844848e-01 7.2222222222243793e-01 0.0000000000000000e+00 2.7777777777832519e-01 6.6666666666709062e-01 0.0000000000000000e+00 3.3333333333410409e-01 7.2222222222233778e-01 0.0000000000000000e+00 3.8888888888980350e-01 7.2222222222229671e-01 0.0000000000000000e+00 3.8888888888963657e-01 6.6666666666689023e-01 0.0000000000000000e+00 4.4444444444545922e-01 7.2222222222219645e-01 0.0000000000000000e+00 5.0000000000095324e-01 7.2222222222215526e-01 0.0000000000000000e+00 5.0000000000079381e-01 6.6666666666668961e-01 0.0000000000000000e+00 5.5555555555645475e-01 7.2222222222205490e-01 0.0000000000000000e+00 6.1111111111174310e-01 7.2222222222201382e-01 0.0000000000000000e+00 6.1111111111164274e-01 6.6666666666648910e-01 0.0000000000000000e+00 6.6666666666709062e-01 7.2222222222191368e-01 0.0000000000000000e+00 7.2222222222237886e-01 7.2222222222187260e-01 0.0000000000000000e+00 7.2222222222233778e-01 6.6666666666628860e-01 0.0000000000000000e+00 7.7777777777772639e-01 7.2222222222177224e-01 0.0000000000000000e+00 8.3333333333307469e-01 7.2222222222173105e-01 0.0000000000000000e+00 8.3333333333308401e-01 6.6666666666608809e-01 0.0000000000000000e+00 8.8888888888847339e-01 7.2222222222163091e-01 0.0000000000000000e+00 9.4444444444424136e-01 7.2222222222158972e-01 0.0000000000000000e+00 9.4444444444424136e-01 6.6666666666588770e-01 0.0000000000000000e+00 5.5555555555675901e-02 6.1111111111232130e-01 0.0000000000000000e+00 5.5555555555638930e-02 5.5555555555709202e-01 0.0000000000000000e+00 1.1111111111131480e-01 6.1111111111216199e-01 0.0000000000000000e+00 1.6666666666697369e-01 6.1111111111206173e-01 0.0000000000000000e+00 1.6666666666689409e-01 5.5555555555677338e-01 0.0000000000000000e+00 2.2222222222258989e-01 6.1111111111190242e-01 0.0000000000000000e+00 2.7777777777824558e-01 6.1111111111180227e-01 0.0000000000000000e+00 2.7777777777812218e-01 5.5555555555645475e-01 0.0000000000000000e+00 3.3333333333385751e-01 6.1111111111164296e-01 0.0000000000000000e+00 3.8888888888951317e-01 6.1111111111154270e-01 0.0000000000000000e+00 3.8888888888934608e-01 5.5555555555613600e-01 0.0000000000000000e+00 4.4444444444512521e-01 6.1111111111138328e-01 0.0000000000000000e+00 5.0000000000062672e-01 6.1111111111128291e-01 0.0000000000000000e+00 5.0000000000046740e-01 5.5555555555581726e-01 0.0000000000000000e+00 5.5555555555613600e-01 6.1111111111112359e-01 0.0000000000000000e+00 6.1111111111148342e-01 6.1111111111102345e-01 0.0000000000000000e+00 6.1111111111138328e-01 5.5555555555549863e-01 0.0000000000000000e+00 6.6666666666689012e-01 6.1111111111086414e-01 0.0000000000000000e+00 7.2222222222223764e-01 6.1111111111076377e-01 0.0000000000000000e+00 7.2222222222219645e-01 5.5555555555517999e-01 0.0000000000000000e+00 7.7777777777764412e-01 6.1111111111060445e-01 0.0000000000000000e+00 8.3333333333304282e-01 6.1111111111050431e-01 0.0000000000000000e+00 8.3333333333305226e-01 5.5555555555486136e-01 0.0000000000000000e+00 8.8888888888849216e-01 6.1111111111034500e-01 0.0000000000000000e+00 9.4444444444425080e-01 6.1111111111024474e-01 0.0000000000000000e+00 9.4444444444425080e-01 5.5555555555454261e-01 0.0000000000000000e+00 5.5555555555638930e-02 5.0000000000161349e-01 0.0000000000000000e+00 5.5555555555601960e-02 4.4444444444612730e-01 0.0000000000000000e+00 1.1111111111124090e-01 5.0000000000144651e-01 0.0000000000000000e+00 1.6666666666685709e-01 5.0000000000128719e-01 0.0000000000000000e+00 1.6666666666677751e-01 4.4444444444579317e-01 0.0000000000000000e+00 2.2222222222243071e-01 5.0000000000112010e-01 0.0000000000000000e+00 2.7777777777804258e-01 5.0000000000096079e-01 0.0000000000000000e+00 2.7777777777791929e-01 4.4444444444545922e-01 0.0000000000000000e+00 3.3333333333361082e-01 5.0000000000079381e-01 0.0000000000000000e+00 3.8888888888922279e-01 5.0000000000063438e-01 0.0000000000000000e+00 3.8888888888905582e-01 4.4444444444512510e-01 0.0000000000000000e+00 4.4444444444479109e-01 5.0000000000046729e-01 0.0000000000000000e+00 5.0000000000030032e-01 5.0000000000030798e-01 0.0000000000000000e+00 5.0000000000014100e-01 4.4444444444479098e-01 0.0000000000000000e+00 5.5555555555581737e-01 5.0000000000014100e-01 0.0000000000000000e+00 6.1111111111122396e-01 4.9999999999998168e-01 0.0000000000000000e+00 6.1111111111112359e-01 4.4444444444445702e-01 0.0000000000000000e+00 6.6666666666668961e-01 4.9999999999981459e-01 0.0000000000000000e+00 7.2222222222209609e-01 4.9999999999965528e-01 0.0000000000000000e+00 7.2222222222205490e-01 4.4444444444412301e-01 0.0000000000000000e+00 7.7777777777756174e-01 4.9999999999948830e-01 0.0000000000000000e+00 8.3333333333301107e-01 4.9999999999932898e-01 0.0000000000000000e+00 8.3333333333302051e-01 4.4444444444378889e-01 0.0000000000000000e+00 8.8888888888851103e-01 4.9999999999916200e-01 0.0000000000000000e+00 9.4444444444426023e-01 4.9999999999900258e-01 0.0000000000000000e+00 9.4444444444426023e-01 4.4444444444345488e-01 0.0000000000000000e+00 5.5555555555601960e-02 3.8888888889034051e-01 0.0000000000000000e+00 5.5555555555565003e-02 3.3333333333459741e-01 0.0000000000000000e+00 1.1111111111116700e-01 3.8888888889021711e-01 0.0000000000000000e+00 1.6666666666674060e-01 3.8888888889005002e-01 0.0000000000000000e+00 1.6666666666666100e-01 3.3333333333435072e-01 0.0000000000000000e+00 2.2222222222227150e-01 3.8888888888992679e-01 0.0000000000000000e+00 2.7777777777783969e-01 3.8888888888975981e-01 0.0000000000000000e+00 2.7777777777771639e-01 3.3333333333410409e-01 0.0000000000000000e+00 3.3333333333336418e-01 3.8888888888963652e-01 0.0000000000000000e+00 3.8888888888893253e-01 3.8888888888946938e-01 0.0000000000000000e+00 3.8888888888876549e-01 3.3333333333385751e-01 0.0000000000000000e+00 4.4444444444445702e-01 3.8888888888934608e-01 0.0000000000000000e+00 4.9999999999997402e-01 3.8888888888917911e-01 0.0000000000000000e+00 4.9999999999981459e-01 3.3333333333361093e-01 0.0000000000000000e+00 5.5555555555549863e-01 3.8888888888905582e-01 0.0000000000000000e+00 6.1111111111096417e-01 3.8888888888888878e-01 0.0000000000000000e+00 6.1111111111086402e-01 3.3333333333336418e-01 0.0000000000000000e+00 6.6666666666648910e-01 3.8888888888876538e-01 0.0000000000000000e+00 7.2222222222195476e-01 3.8888888888859841e-01 0.0000000000000000e+00 7.2222222222191368e-01 3.3333333333311749e-01 0.0000000000000000e+00 7.7777777777747947e-01 3.8888888888847511e-01 0.0000000000000000e+00 8.3333333333297943e-01 3.8888888888830808e-01 0.0000000000000000e+00 8.3333333333298887e-01 3.3333333333287102e-01 0.0000000000000000e+00 8.8888888888852990e-01 3.8888888888818479e-01 0.0000000000000000e+00 9.4444444444426967e-01 3.8888888888801781e-01 0.0000000000000000e+00 9.4444444444426967e-01 3.3333333333262438e-01 0.0000000000000000e+00 5.5555555555565003e-02 2.7777777777881052e-01 0.0000000000000000e+00 5.5555555555528047e-02 2.2222222222306759e-01 0.0000000000000000e+00 1.1111111111109299e-01 2.7777777777873103e-01 0.0000000000000000e+00 1.6666666666662400e-01 2.7777777777860768e-01 0.0000000000000000e+00 1.6666666666654439e-01 2.2222222222290830e-01 0.0000000000000000e+00 2.2222222222211230e-01 2.7777777777852808e-01 0.0000000000000000e+00 2.7777777777763679e-01 2.7777777777840468e-01 0.0000000000000000e+00 2.7777777777751361e-01 2.2222222222274909e-01 0.0000000000000000e+00 3.3333333333311771e-01 2.7777777777832519e-01 0.0000000000000000e+00 3.8888888888864209e-01 2.7777777777820178e-01 0.0000000000000000e+00 3.8888888888847523e-01 2.2222222222258989e-01 0.0000000000000000e+00 4.4444444444412301e-01 2.7777777777812218e-01 0.0000000000000000e+00 4.9999999999964762e-01 2.7777777777799889e-01 0.0000000000000000e+00 4.9999999999948841e-01 2.2222222222243071e-01 0.0000000000000000e+00 5.5555555555517999e-01 2.7777777777791929e-01 0.0000000000000000e+00 6.1111111111070482e-01 2.7777777777779600e-01 0.0000000000000000e+00 6.1111111111060468e-01 2.2222222222227150e-01 0.0000000000000000e+00 6.6666666666628871e-01 2.7777777777771639e-01 0.0000000000000000e+00 7.2222222222181343e-01 2.7777777777759299e-01 0.0000000000000000e+00 7.2222222222177224e-01 2.2222222222211230e-01 0.0000000000000000e+00 7.7777777777739721e-01 2.7777777777751339e-01 0.0000000000000000e+00 8.3333333333294768e-01 2.7777777777739021e-01 0.0000000000000000e+00 8.3333333333295712e-01 2.2222222222195309e-01 0.0000000000000000e+00 8.8888888888854878e-01 2.7777777777731061e-01 0.0000000000000000e+00 9.4444444444427911e-01 2.7777777777718732e-01 0.0000000000000000e+00 9.4444444444427911e-01 2.2222222222179391e-01 0.0000000000000000e+00 5.5555555555528047e-02 1.6666666666728081e-01 0.0000000000000000e+00 5.5555555555491083e-02 1.1111111111153660e-01 0.0000000000000000e+00 1.1111111111101910e-01 1.6666666666724381e-01 0.0000000000000000e+00 1.6666666666650740e-01 1.6666666666716409e-01 0.0000000000000000e+00 1.6666666666642779e-01 1.1111111111146270e-01 0.0000000000000000e+00 2.2222222222195309e-01 1.6666666666712721e-01 0.0000000000000000e+00 2.7777777777743401e-01 1.6666666666704760e-01 0.0000000000000000e+00 2.7777777777731061e-01 1.1111111111138870e-01 0.0000000000000000e+00 3.3333333333287107e-01 1.6666666666701069e-01 0.0000000000000000e+00 3.8888888888835182e-01 1.6666666666693111e-01 0.0000000000000000e+00 3.8888888888818479e-01 1.1111111111131480e-01 0.0000000000000000e+00 4.4444444444378889e-01 1.6666666666689409e-01 0.0000000000000000e+00 4.9999999999932132e-01 1.6666666666681451e-01 0.0000000000000000e+00 4.9999999999916189e-01 1.1111111111124090e-01 0.0000000000000000e+00 5.5555555555486136e-01 1.6666666666677751e-01 0.0000000000000000e+00 6.1111111111044525e-01 1.6666666666669791e-01 0.0000000000000000e+00 6.1111111111034488e-01 1.1111111111116700e-01 0.0000000000000000e+00 6.6666666666608820e-01 1.6666666666666100e-01 0.0000000000000000e+00 7.2222222222167198e-01 1.6666666666658139e-01 0.0000000000000000e+00 7.2222222222163091e-01 1.1111111111109299e-01 0.0000000000000000e+00 7.7777777777731494e-01 1.6666666666654439e-01 0.0000000000000000e+00 8.3333333333291604e-01 1.6666666666646479e-01 0.0000000000000000e+00 8.3333333333292547e-01 1.1111111111101910e-01 0.0000000000000000e+00 8.8888888888856765e-01 1.6666666666642779e-01 0.0000000000000000e+00 9.4444444444428854e-01 1.6666666666634819e-01 0.0000000000000000e+00 9.4444444444428854e-01 1.1111111111094520e-01 0.0000000000000000e+00 5.5555555555491083e-02 5.5555555555749821e-02 0.0000000000000000e+00 1.1111111111094520e-01 5.5555555555749821e-02 0.0000000000000000e+00 1.6666666666639091e-01 5.5555555555712843e-02 0.0000000000000000e+00 2.2222222222179391e-01 5.5555555555712843e-02 0.0000000000000000e+00 2.7777777777723101e-01 5.5555555555675901e-02 0.0000000000000000e+00 3.3333333333262438e-01 5.5555555555675901e-02 0.0000000000000000e+00 3.8888888888806139e-01 5.5555555555638930e-02 0.0000000000000000e+00 4.4444444444345488e-01 5.5555555555638930e-02 0.0000000000000000e+00 4.9999999999899492e-01 5.5555555555601967e-02 0.0000000000000000e+00 5.5555555555454261e-01 5.5555555555601967e-02 0.0000000000000000e+00 6.1111111111018568e-01 5.5555555555565003e-02 0.0000000000000000e+00 6.6666666666588770e-01 5.5555555555565003e-02 0.0000000000000000e+00 7.2222222222153065e-01 5.5555555555528047e-02 0.0000000000000000e+00 7.7777777777723278e-01 5.5555555555528047e-02 0.0000000000000000e+00 8.3333333333288429e-01 5.5555555555491083e-02 0.0000000000000000e+00 8.8888888888858641e-01 5.5555555555491083e-02 0.0000000000000000e+00 9.4444444444429787e-01 5.5555555555454113e-02 0.0000000000000000e+00 1.1111111111149960e-01 1.1111111111111109e+00 0.0000000000000000e+00 2.2222222222298790e-01 1.1111111111111109e+00 0.0000000000000000e+00 3.3333333333447412e-01 1.1111111111111109e+00 0.0000000000000000e+00 4.4444444444596021e-01 1.1111111111111109e+00 0.0000000000000000e+00 5.5555555555693259e-01 1.1111111111111109e+00 0.0000000000000000e+00 6.6666666666739127e-01 1.1111111111111109e+00 0.0000000000000000e+00 7.7777777777784962e-01 1.1111111111111109e+00 0.0000000000000000e+00 8.8888888888844497e-01 1.1111111111111109e+00 0.0000000000000000e+00 1.1111111111142570e-01 1.2222222222222221e+00 0.0000000000000000e+00 2.2222222222282870e-01 1.2222222222222221e+00 0.0000000000000000e+00 3.3333333333422738e-01 1.2222222222222221e+00 0.0000000000000000e+00 4.4444444444562609e-01 1.2222222222222221e+00 0.0000000000000000e+00 5.5555555555661396e-01 1.2222222222222221e+00 0.0000000000000000e+00 6.6666666666719099e-01 1.2222222222222221e+00 0.0000000000000000e+00 7.7777777777776747e-01 1.2222222222222221e+00 0.0000000000000000e+00 8.8888888888846385e-01 1.2222222222222221e+00 0.0000000000000000e+00 1.1111111111135180e-01 1.3333333333333330e+00 0.0000000000000000e+00 2.2222222222266949e-01 1.3333333333333330e+00 0.0000000000000000e+00 3.3333333333398091e-01 1.3333333333333330e+00 0.0000000000000000e+00 4.4444444444529219e-01 1.3333333333333330e+00 0.0000000000000000e+00 5.5555555555629532e-01 1.3333333333333330e+00 0.0000000000000000e+00 6.6666666666699026e-01 1.3333333333333330e+00 0.0000000000000000e+00 7.7777777777768531e-01 1.3333333333333339e+00 0.0000000000000000e+00 8.8888888888848272e-01 1.3333333333333330e+00 0.0000000000000000e+00 1.1111111111127790e-01 1.4444444444444440e+00 0.0000000000000000e+00 2.2222222222251031e-01 1.4444444444444440e+00 0.0000000000000000e+00 3.3333333333373422e-01 1.4444444444444440e+00 0.0000000000000000e+00 4.4444444444495812e-01 1.4444444444444451e+00 0.0000000000000000e+00 5.5555555555597669e-01 1.4444444444444440e+00 0.0000000000000000e+00 6.6666666666678998e-01 1.4444444444444440e+00 0.0000000000000000e+00 7.7777777777760293e-01 1.4444444444444440e+00 0.0000000000000000e+00 8.8888888888850159e-01 1.4444444444444440e+00 0.0000000000000000e+00 1.1111111111120391e-01 1.5555555555555549e+00 0.0000000000000000e+00 2.2222222222235111e-01 1.5555555555555560e+00 0.0000000000000000e+00 3.3333333333348752e-01 1.5555555555555549e+00 0.0000000000000000e+00 4.4444444444462411e-01 1.5555555555555549e+00 0.0000000000000000e+00 5.5555555555565805e-01 1.5555555555555560e+00 0.0000000000000000e+00 6.6666666666658925e-01 1.5555555555555560e+00 0.0000000000000000e+00 7.7777777777752055e-01 1.5555555555555560e+00 0.0000000000000000e+00 8.8888888888852047e-01 1.5555555555555560e+00 0.0000000000000000e+00 1.1111111111113001e-01 1.6666666666666670e+00 0.0000000000000000e+00 2.2222222222219190e-01 1.6666666666666670e+00 0.0000000000000000e+00 3.3333333333324089e-01 1.6666666666666670e+00 0.0000000000000000e+00 4.4444444444428999e-01 1.6666666666666670e+00 0.0000000000000000e+00 5.5555555555533920e-01 1.6666666666666661e+00 0.0000000000000000e+00 6.6666666666638896e-01 1.6666666666666670e+00 0.0000000000000000e+00 7.7777777777743839e-01 1.6666666666666670e+00 0.0000000000000000e+00 8.8888888888853934e-01 1.6666666666666661e+00 0.0000000000000000e+00 1.1111111111105609e-01 1.7777777777777770e+00 0.0000000000000000e+00 2.2222222222203269e-01 1.7777777777777779e+00 0.0000000000000000e+00 3.3333333333299442e-01 1.7777777777777779e+00 0.0000000000000000e+00 4.4444444444395592e-01 1.7777777777777779e+00 0.0000000000000000e+00 5.5555555555502079e-01 1.7777777777777779e+00 0.0000000000000000e+00 6.6666666666618823e-01 1.7777777777777779e+00 0.0000000000000000e+00 7.7777777777735624e-01 1.7777777777777779e+00 0.0000000000000000e+00 8.8888888888855822e-01 1.7777777777777779e+00 0.0000000000000000e+00 1.1111111111098219e-01 1.8888888888888891e+00 0.0000000000000000e+00 2.2222222222187349e-01 1.8888888888888891e+00 0.0000000000000000e+00 3.3333333333274773e-01 1.8888888888888891e+00 0.0000000000000000e+00 4.4444444444362202e-01 1.8888888888888891e+00 0.0000000000000000e+00 5.5555555555470193e-01 1.8888888888888891e+00 0.0000000000000000e+00 6.6666666666598795e-01 1.8888888888888891e+00 0.0000000000000000e+00 7.7777777777727386e-01 1.8888888888888891e+00 0.0000000000000000e+00 8.8888888888857687e-01 1.8888888888888891e+00 0.0000000000000000e+00 5.5555555555786777e-02 1.0555555555555560e+00 0.0000000000000000e+00 5.5555555555749807e-02 1.1111111111111109e+00 0.0000000000000000e+00 1.1111111111153660e-01 1.0555555555555560e+00 0.0000000000000000e+00 1.6666666666732341e-01 1.0555555555555560e+00 0.0000000000000000e+00 1.6666666666724381e-01 1.1111111111111109e+00 0.0000000000000000e+00 2.2222222222306751e-01 1.0555555555555549e+00 0.0000000000000000e+00 2.7777777777885432e-01 1.0555555555555549e+00 0.0000000000000000e+00 2.7777777777873103e-01 1.1111111111111109e+00 0.0000000000000000e+00 3.3333333333459741e-01 1.0555555555555560e+00 0.0000000000000000e+00 3.8888888889038420e-01 1.0555555555555560e+00 0.0000000000000000e+00 3.8888888889021711e-01 1.1111111111111109e+00 0.0000000000000000e+00 4.4444444444612718e-01 1.0555555555555560e+00 0.0000000000000000e+00 5.0000000000160583e-01 1.0555555555555560e+00 0.0000000000000000e+00 5.0000000000144640e-01 1.1111111111111109e+00 0.0000000000000000e+00 5.5555555555709191e-01 1.0555555555555560e+00 0.0000000000000000e+00 6.1111111111226224e-01 1.0555555555555560e+00 0.0000000000000000e+00 6.1111111111216188e-01 1.1111111111111109e+00 0.0000000000000000e+00 6.6666666666749153e-01 1.0555555555555560e+00 0.0000000000000000e+00 7.2222222222266164e-01 1.0555555555555560e+00 0.0000000000000000e+00 7.2222222222262045e-01 1.1111111111111109e+00 0.0000000000000000e+00 7.7777777777789081e-01 1.0555555555555560e+00 0.0000000000000000e+00 8.3333333333313786e-01 1.0555555555555560e+00 0.0000000000000000e+00 8.3333333333314730e-01 1.1111111111111109e+00 0.0000000000000000e+00 8.8888888888843565e-01 1.0555555555555560e+00 0.0000000000000000e+00 9.4444444444422249e-01 1.0555555555555560e+00 0.0000000000000000e+00 9.4444444444422249e-01 1.1111111111111109e+00 0.0000000000000000e+00 5.5555555555749807e-02 1.1666666666666670e+00 0.0000000000000000e+00 5.5555555555712857e-02 1.2222222222222221e+00 0.0000000000000000e+00 1.1111111111146270e-01 1.1666666666666670e+00 0.0000000000000000e+00 1.6666666666720681e-01 1.1666666666666670e+00 0.0000000000000000e+00 1.6666666666712721e-01 1.2222222222222221e+00 0.0000000000000000e+00 2.2222222222290830e-01 1.1666666666666670e+00 0.0000000000000000e+00 2.7777777777865142e-01 1.1666666666666670e+00 0.0000000000000000e+00 2.7777777777852808e-01 1.2222222222222221e+00 0.0000000000000000e+00 3.3333333333435072e-01 1.1666666666666670e+00 0.0000000000000000e+00 3.8888888889009382e-01 1.1666666666666670e+00 0.0000000000000000e+00 3.8888888888992679e-01 1.2222222222222221e+00 0.0000000000000000e+00 4.4444444444579317e-01 1.1666666666666670e+00 0.0000000000000000e+00 5.0000000000127942e-01 1.1666666666666670e+00 0.0000000000000000e+00 5.0000000000111999e-01 1.2222222222222221e+00 0.0000000000000000e+00 5.5555555555677327e-01 1.1666666666666670e+00 0.0000000000000000e+00 6.1111111111200267e-01 1.1666666666666670e+00 0.0000000000000000e+00 6.1111111111190253e-01 1.2222222222222221e+00 0.0000000000000000e+00 6.6666666666729113e-01 1.1666666666666670e+00 0.0000000000000000e+00 7.2222222222252030e-01 1.1666666666666670e+00 0.0000000000000000e+00 7.2222222222247923e-01 1.2222222222222221e+00 0.0000000000000000e+00 7.7777777777780854e-01 1.1666666666666670e+00 0.0000000000000000e+00 8.3333333333310622e-01 1.1666666666666670e+00 0.0000000000000000e+00 8.3333333333311566e-01 1.2222222222222221e+00 0.0000000000000000e+00 8.8888888888845441e-01 1.1666666666666670e+00 0.0000000000000000e+00 9.4444444444423192e-01 1.1666666666666670e+00 0.0000000000000000e+00 9.4444444444423192e-01 1.2222222222222221e+00 0.0000000000000000e+00 5.5555555555712857e-02 1.2777777777777779e+00 0.0000000000000000e+00 5.5555555555675901e-02 1.3333333333333330e+00 0.0000000000000000e+00 1.1111111111138880e-01 1.2777777777777779e+00 0.0000000000000000e+00 1.6666666666709029e-01 1.2777777777777779e+00 0.0000000000000000e+00 1.6666666666701069e-01 1.3333333333333330e+00 0.0000000000000000e+00 2.2222222222274909e-01 1.2777777777777779e+00 0.0000000000000000e+00 2.7777777777844848e-01 1.2777777777777779e+00 0.0000000000000000e+00 2.7777777777832519e-01 1.3333333333333330e+00 0.0000000000000000e+00 3.3333333333410409e-01 1.2777777777777779e+00 0.0000000000000000e+00 3.8888888888980361e-01 1.2777777777777779e+00 0.0000000000000000e+00 3.8888888888963657e-01 1.3333333333333330e+00 0.0000000000000000e+00 4.4444444444545922e-01 1.2777777777777779e+00 0.0000000000000000e+00 5.0000000000095302e-01 1.2777777777777779e+00 0.0000000000000000e+00 5.0000000000079381e-01 1.3333333333333330e+00 0.0000000000000000e+00 5.5555555555645464e-01 1.2777777777777779e+00 0.0000000000000000e+00 6.1111111111174310e-01 1.2777777777777779e+00 0.0000000000000000e+00 6.1111111111164274e-01 1.3333333333333330e+00 0.0000000000000000e+00 6.6666666666709062e-01 1.2777777777777779e+00 0.0000000000000000e+00 7.2222222222237886e-01 1.2777777777777779e+00 0.0000000000000000e+00 7.2222222222233778e-01 1.3333333333333330e+00 0.0000000000000000e+00 7.7777777777772639e-01 1.2777777777777779e+00 0.0000000000000000e+00 8.3333333333307458e-01 1.2777777777777779e+00 0.0000000000000000e+00 8.3333333333308401e-01 1.3333333333333330e+00 0.0000000000000000e+00 8.8888888888847328e-01 1.2777777777777779e+00 0.0000000000000000e+00 9.4444444444424136e-01 1.2777777777777779e+00 0.0000000000000000e+00 9.4444444444424136e-01 1.3333333333333330e+00 0.0000000000000000e+00 5.5555555555675901e-02 1.3888888888888891e+00 0.0000000000000000e+00 5.5555555555638930e-02 1.4444444444444440e+00 0.0000000000000000e+00 1.1111111111131480e-01 1.3888888888888891e+00 0.0000000000000000e+00 1.6666666666697369e-01 1.3888888888888880e+00 0.0000000000000000e+00 1.6666666666689409e-01 1.4444444444444440e+00 0.0000000000000000e+00 2.2222222222258989e-01 1.3888888888888891e+00 0.0000000000000000e+00 2.7777777777824558e-01 1.3888888888888891e+00 0.0000000000000000e+00 2.7777777777812229e-01 1.4444444444444440e+00 0.0000000000000000e+00 3.3333333333385762e-01 1.3888888888888891e+00 0.0000000000000000e+00 3.8888888888951317e-01 1.3888888888888891e+00 0.0000000000000000e+00 3.8888888888934608e-01 1.4444444444444451e+00 0.0000000000000000e+00 4.4444444444512521e-01 1.3888888888888891e+00 0.0000000000000000e+00 5.0000000000062672e-01 1.3888888888888891e+00 0.0000000000000000e+00 5.0000000000046740e-01 1.4444444444444451e+00 0.0000000000000000e+00 5.5555555555613600e-01 1.3888888888888891e+00 0.0000000000000000e+00 6.1111111111148353e-01 1.3888888888888891e+00 0.0000000000000000e+00 6.1111111111138339e-01 1.4444444444444440e+00 0.0000000000000000e+00 6.6666666666689012e-01 1.3888888888888891e+00 0.0000000000000000e+00 7.2222222222223764e-01 1.3888888888888891e+00 0.0000000000000000e+00 7.2222222222219645e-01 1.4444444444444440e+00 0.0000000000000000e+00 7.7777777777764412e-01 1.3888888888888891e+00 0.0000000000000000e+00 8.3333333333304282e-01 1.3888888888888891e+00 0.0000000000000000e+00 8.3333333333305226e-01 1.4444444444444440e+00 0.0000000000000000e+00 8.8888888888849216e-01 1.3888888888888891e+00 0.0000000000000000e+00 9.4444444444425080e-01 1.3888888888888891e+00 0.0000000000000000e+00 9.4444444444425080e-01 1.4444444444444440e+00 0.0000000000000000e+00 5.5555555555638930e-02 1.5000000000000000e+00 0.0000000000000000e+00 5.5555555555601960e-02 1.5555555555555549e+00 0.0000000000000000e+00 1.1111111111124090e-01 1.5000000000000000e+00 0.0000000000000000e+00 1.6666666666685709e-01 1.5000000000000000e+00 0.0000000000000000e+00 1.6666666666677751e-01 1.5555555555555560e+00 0.0000000000000000e+00 2.2222222222243071e-01 1.5000000000000000e+00 0.0000000000000000e+00 2.7777777777804269e-01 1.5000000000000000e+00 0.0000000000000000e+00 2.7777777777791929e-01 1.5555555555555560e+00 0.0000000000000000e+00 3.3333333333361093e-01 1.5000000000000000e+00 0.0000000000000000e+00 3.8888888888922279e-01 1.5000000000000000e+00 0.0000000000000000e+00 3.8888888888905582e-01 1.5555555555555549e+00 0.0000000000000000e+00 4.4444444444479109e-01 1.5000000000000000e+00 0.0000000000000000e+00 5.0000000000030043e-01 1.5000000000000000e+00 0.0000000000000000e+00 5.0000000000014100e-01 1.5555555555555549e+00 0.0000000000000000e+00 5.5555555555581737e-01 1.5000000000000000e+00 0.0000000000000000e+00 6.1111111111122396e-01 1.5000000000000000e+00 0.0000000000000000e+00 6.1111111111112359e-01 1.5555555555555560e+00 0.0000000000000000e+00 6.6666666666668961e-01 1.5000000000000000e+00 0.0000000000000000e+00 7.2222222222209609e-01 1.5000000000000000e+00 0.0000000000000000e+00 7.2222222222205490e-01 1.5555555555555560e+00 0.0000000000000000e+00 7.7777777777756174e-01 1.5000000000000000e+00 0.0000000000000000e+00 8.3333333333301107e-01 1.5000000000000000e+00 0.0000000000000000e+00 8.3333333333302051e-01 1.5555555555555560e+00 0.0000000000000000e+00 8.8888888888851103e-01 1.5000000000000000e+00 0.0000000000000000e+00 9.4444444444426023e-01 1.5000000000000000e+00 0.0000000000000000e+00 9.4444444444426023e-01 1.5555555555555560e+00 0.0000000000000000e+00 5.5555555555601960e-02 1.6111111111111109e+00 0.0000000000000000e+00 5.5555555555565003e-02 1.6666666666666670e+00 0.0000000000000000e+00 1.1111111111116700e-01 1.6111111111111109e+00 0.0000000000000000e+00 1.6666666666674060e-01 1.6111111111111109e+00 0.0000000000000000e+00 1.6666666666666100e-01 1.6666666666666670e+00 0.0000000000000000e+00 2.2222222222227150e-01 1.6111111111111109e+00 0.0000000000000000e+00 2.7777777777783969e-01 1.6111111111111109e+00 0.0000000000000000e+00 2.7777777777771639e-01 1.6666666666666670e+00 0.0000000000000000e+00 3.3333333333336418e-01 1.6111111111111109e+00 0.0000000000000000e+00 3.8888888888893253e-01 1.6111111111111109e+00 0.0000000000000000e+00 3.8888888888876549e-01 1.6666666666666670e+00 0.0000000000000000e+00 4.4444444444445702e-01 1.6111111111111109e+00 0.0000000000000000e+00 4.9999999999997402e-01 1.6111111111111109e+00 0.0000000000000000e+00 4.9999999999981459e-01 1.6666666666666670e+00 0.0000000000000000e+00 5.5555555555549863e-01 1.6111111111111109e+00 0.0000000000000000e+00 6.1111111111096417e-01 1.6111111111111109e+00 0.0000000000000000e+00 6.1111111111086402e-01 1.6666666666666670e+00 0.0000000000000000e+00 6.6666666666648910e-01 1.6111111111111109e+00 0.0000000000000000e+00 7.2222222222195476e-01 1.6111111111111109e+00 0.0000000000000000e+00 7.2222222222191368e-01 1.6666666666666670e+00 0.0000000000000000e+00 7.7777777777747947e-01 1.6111111111111109e+00 0.0000000000000000e+00 8.3333333333297943e-01 1.6111111111111109e+00 0.0000000000000000e+00 8.3333333333298887e-01 1.6666666666666670e+00 0.0000000000000000e+00 8.8888888888852990e-01 1.6111111111111109e+00 0.0000000000000000e+00 9.4444444444426967e-01 1.6111111111111109e+00 0.0000000000000000e+00 9.4444444444426967e-01 1.6666666666666670e+00 0.0000000000000000e+00 5.5555555555565003e-02 1.7222222222222221e+00 0.0000000000000000e+00 5.5555555555528047e-02 1.7777777777777779e+00 0.0000000000000000e+00 1.1111111111109299e-01 1.7222222222222221e+00 0.0000000000000000e+00 1.6666666666662400e-01 1.7222222222222221e+00 0.0000000000000000e+00 1.6666666666654439e-01 1.7777777777777779e+00 0.0000000000000000e+00 2.2222222222211230e-01 1.7222222222222221e+00 0.0000000000000000e+00 2.7777777777763679e-01 1.7222222222222221e+00 0.0000000000000000e+00 2.7777777777751361e-01 1.7777777777777779e+00 0.0000000000000000e+00 3.3333333333311771e-01 1.7222222222222221e+00 0.0000000000000000e+00 3.8888888888864209e-01 1.7222222222222221e+00 0.0000000000000000e+00 3.8888888888847523e-01 1.7777777777777779e+00 0.0000000000000000e+00 4.4444444444412301e-01 1.7222222222222221e+00 0.0000000000000000e+00 4.9999999999964762e-01 1.7222222222222221e+00 0.0000000000000000e+00 4.9999999999948841e-01 1.7777777777777779e+00 0.0000000000000000e+00 5.5555555555517999e-01 1.7222222222222221e+00 0.0000000000000000e+00 6.1111111111070482e-01 1.7222222222222221e+00 0.0000000000000000e+00 6.1111111111060445e-01 1.7777777777777779e+00 0.0000000000000000e+00 6.6666666666628860e-01 1.7222222222222221e+00 0.0000000000000000e+00 7.2222222222181331e-01 1.7222222222222221e+00 0.0000000000000000e+00 7.2222222222177224e-01 1.7777777777777779e+00 0.0000000000000000e+00 7.7777777777739732e-01 1.7222222222222221e+00 0.0000000000000000e+00 8.3333333333294779e-01 1.7222222222222221e+00 0.0000000000000000e+00 8.3333333333295723e-01 1.7777777777777779e+00 0.0000000000000000e+00 8.8888888888854878e-01 1.7222222222222221e+00 0.0000000000000000e+00 9.4444444444427911e-01 1.7222222222222221e+00 0.0000000000000000e+00 9.4444444444427911e-01 1.7777777777777779e+00 0.0000000000000000e+00 5.5555555555528047e-02 1.8333333333333330e+00 0.0000000000000000e+00 5.5555555555491083e-02 1.8888888888888891e+00 0.0000000000000000e+00 1.1111111111101910e-01 1.8333333333333330e+00 0.0000000000000000e+00 1.6666666666650740e-01 1.8333333333333330e+00 0.0000000000000000e+00 1.6666666666642779e-01 1.8888888888888891e+00 0.0000000000000000e+00 2.2222222222195309e-01 1.8333333333333330e+00 0.0000000000000000e+00 2.7777777777743401e-01 1.8333333333333330e+00 0.0000000000000000e+00 2.7777777777731061e-01 1.8888888888888891e+00 0.0000000000000000e+00 3.3333333333287102e-01 1.8333333333333330e+00 0.0000000000000000e+00 3.8888888888835182e-01 1.8333333333333330e+00 0.0000000000000000e+00 3.8888888888818479e-01 1.8888888888888891e+00 0.0000000000000000e+00 4.4444444444378889e-01 1.8333333333333330e+00 0.0000000000000000e+00 4.9999999999932138e-01 1.8333333333333330e+00 0.0000000000000000e+00 4.9999999999916189e-01 1.8888888888888891e+00 0.0000000000000000e+00 5.5555555555486136e-01 1.8333333333333330e+00 0.0000000000000000e+00 6.1111111111044503e-01 1.8333333333333330e+00 0.0000000000000000e+00 6.1111111111034488e-01 1.8888888888888891e+00 0.0000000000000000e+00 6.6666666666608809e-01 1.8333333333333330e+00 0.0000000000000000e+00 7.2222222222167209e-01 1.8333333333333330e+00 0.0000000000000000e+00 7.2222222222163091e-01 1.8888888888888891e+00 0.0000000000000000e+00 7.7777777777731505e-01 1.8333333333333330e+00 0.0000000000000000e+00 8.3333333333291604e-01 1.8333333333333330e+00 0.0000000000000000e+00 8.3333333333292536e-01 1.8888888888888891e+00 0.0000000000000000e+00 8.8888888888856754e-01 1.8333333333333330e+00 0.0000000000000000e+00 9.4444444444428843e-01 1.8333333333333330e+00 0.0000000000000000e+00 9.4444444444428843e-01 1.8888888888888891e+00 0.0000000000000000e+00 5.5555555555491083e-02 1.9444444444444440e+00 0.0000000000000000e+00 1.1111111111094520e-01 1.9444444444444440e+00 0.0000000000000000e+00 1.6666666666639091e-01 1.9444444444444440e+00 0.0000000000000000e+00 2.2222222222179391e-01 1.9444444444444440e+00 0.0000000000000000e+00 2.7777777777723101e-01 1.9444444444444440e+00 0.0000000000000000e+00 3.3333333333262438e-01 1.9444444444444440e+00 0.0000000000000000e+00 3.8888888888806150e-01 1.9444444444444440e+00 0.0000000000000000e+00 4.4444444444345488e-01 1.9444444444444440e+00 0.0000000000000000e+00 4.9999999999899492e-01 1.9444444444444440e+00 0.0000000000000000e+00 5.5555555555454261e-01 1.9444444444444440e+00 0.0000000000000000e+00 6.1111111111018568e-01 1.9444444444444440e+00 0.0000000000000000e+00 6.6666666666588770e-01 1.9444444444444440e+00 0.0000000000000000e+00 7.2222222222153065e-01 1.9444444444444451e+00 0.0000000000000000e+00 7.7777777777723278e-01 1.9444444444444451e+00 0.0000000000000000e+00 8.3333333333288429e-01 1.9444444444444440e+00 0.0000000000000000e+00 8.8888888888858641e-01 1.9444444444444440e+00 0.0000000000000000e+00 9.4444444444429787e-01 1.9444444444444440e+00 0.0000000000000000e+00
</DataArray>
      </Points>
      <Cells>
        <DataArray type="Int64" format="ascii" Name="connectivity">
5 57 47 65 189 56 47 57 125 189 190 191 47 125 46 191 192 55 46 125 126 192 193 194 46 126 45 194 195 54 45 126 127 195 196 197 45 127 44 197 198 53 44 127 128 198 199 200 44 128 43 200 201 52 43 128 129 201 202 203 43 129 42 203 204 51 42 129 130 204 205 206 42 130 41 206 207 50 41 130 131 207 208 209 41 131 40 209 210 49 40 131 132 210 211 212 40 132 4 212 213 48 4 132 30 213 214 39 57 58 125 66 215 190 125 58 133 215 216 217 125 133 126 217 218 193 126 133 134 218 219 220 126 134 127 220 221 196 127 134 135 221 222 223 127 135 128 223 224 199 128 135 136 224 225 226 128 136 129 226 227 202 129 136 137 227 228 229 129 137 130 229 230 205 130 137 138 230 231 232 130 138 131 232 233 208 131 138 139 233 234 235 131 139 132 235 236 211 132 139 140 236 237 238 132 140 30 238 239 214 30 140 29 239 240 38 58 59 133 67 241 216 133 59 141 241 242 243 133 141 134 243 244 219 134 141 142 244 245 246 134 142 135 246 247 222 135 142 143 247 248 249 135 143 136 249 250 225 136 143 144 250 251 252 136 144 137 252 253 228 137 144 145 253 254 255 137 145 138 255 256 231 138 145 146 256 257 258 138 146 139 258 259 234 139 146 147 259 260 261 139 147 140 261 262 237 140 147 148 262 263 264 140 148 29 264 265 240 29 148 28 265 266 37 59 60 141 68 267 242 141 60 149 267 268 269 141 149 142 269 270 245 142 149 150 270 271 272 142 150 143 272 273 248 143 150 151 273 274 275 143 151 144 275 276 251 144 151 152 276 277 278 144 152 145 278 279 254 145 152 153 279 280 281 145 153 146 281 282 257 146 153 154 282 283 284 146 154 147 284 285 260 147 154 155 285 286 287 147 155 148 287 288 263 148 155 156 288 289 290 148 156 28 290 291 266 28 156 27 291 292 36 60 61 149 69 293 268 149 61 157 293 294 295 149 157 150 295 296 271 150 157 158 296 297 298 150 158 151 298 299 274 151 158 159 299 300 301 151 159 152 301 302 277 152 159 160 302 303 304 152 160 153 304 305 280 153 160 161 305 306 307 153 161 154 307 308 283 154 161 162 308 309 310 154 162 155 310 311 286 155 162 163 311 312 313 155 163 156 313 314 289 156 163 164 314 315 316 156 164 27 316 317 292 27 164 26 317 318 35 61 62 157 70 319 294 157 62 165 319 320 321 157 165 158 321 322 297 158 165 166 322 323 324 158 166 159 324 325 300 159 166 167 325 326 327 159 167 160 327 328 303 160 167 168 328 329 330 160 168 161 330 331 306 161 168 169 331 332 333 161 169 162 333 334 309 162 169 170 334 335 336 162 170 163 336 337 312 163 170 171 337 338 339 163 171 164 339 340 315 164 171 172 340 341 342 164 172 26 342 343 318 26 172 25 343 344 34 62 63 165 71 345 320 165 63 173 345 346 347 165 173 166 347 348 323 166 173 174 348 349 350 166 174 167 350 351 326 167 174 175 351 352 353 167 175 168 353 354 329 168 175 176 354 355 356 168 176 169 356 357 332 169 176 177 357 358 359 169 177 170 359 360 335 170 177 178 360 361 362 170 178 171 362 363 338 171 178 179 363 364 365 171 179 172 365 366 341 172 179 180 366 367 368 172 180 25 368 369 344 25 180 24 369 370 33 63 64 173 72 371 346 173 64 181 371 372 373 173 181 174 373 374 349 174 181 182 374 375 376 174 182 175 376 377 352 175 182 183 377 378 379 175 183 176 379 380 355 176 183 184 380 381 382 176 184 177 382 383 358 177 184 185 383 384 385 177 185 178 385 386 361 178 185 186 386 387 388 178 186 179 388 389 364 179 186 187 389 390 391 179 187 180 391 392 367 180 187 188 392 393 394 180 188 24 394 395 370 24 188 23 395 396 32 64 0 181 73 397 372 181 0 6 397 14 398 181 6 182 398 399 375 182 6 7 399 15 400 182 7 183 400 401 378 183 7 8 401 16 402 183 8 184 402 403 381 184 8 9 403 17 404 184 9 185 404 405 384 185 9 10 405 18 406 185 10 186 406 407 387 186 10 11 407 19 408 186 11 187 408 409 390 187 11 12 409 20 410 187 12 188 410 411 393 188 12 13 411 21 412 188 13 23 412 413 396 23 13 1 413 22 31 5 47 74 56 478 82 47 414 74 480 479 478 47 46 414 55 481 480 46 415 414 483 482 481 46 45 415 54 484 483 45 416 415 486 485 484 45 44 416 53 487 486 44 417 416 489 488 487 44 43 417 52 490 489 43 418 417 492 491 490 43 42 418 51 493 492 42 419 418 495 494 493 42 41 419 50 496 495 41 420 419 498 497 496 41 40 420 49 499 498 40 421 420 501 500 499 40 4 421 48 502 501 4 115 421 124 503 502 74 414 75 479 504 83 414 422 75 506 505 504 414 415 422 482 507 506 415 423 422 509 508 507 415 416 423 485 510 509 416 424 423 512 511 510 416 417 424 488 513 512 417 425 424 515 514 513 417 418 425 491 516 515 418 426 425 518 517 516 418 419 426 494 519 518 419 427 426 521 520 519 419 420 427 497 522 521 420 428 427 524 523 522 420 421 428 500 525 524 421 429 428 527 526 525 421 115 429 503 528 527 115 114 429 123 529 528 75 422 76 505 530 84 422 430 76 532 531 530 422 423 430 508 533 532 423 431 430 535 534 533 423 424 431 511 536 535 424 432 431 538 537 536 424 425 432 514 539 538 425 433 432 541 540 539 425 426 433 517 542 541 426 434 433 544 543 542 426 427 434 520 545 544 427 435 434 547 546 545 427 428 435 523 548 547 428 436 435 550 549 548 428 429 436 526 551 550 429 437 436 553 552 551 429 114 437 529 554 553 114 113 437 122 555 554 76 430 77 531 556 85 430 438 77 558 557 556 430 431 438 534 559 558 431 439 438 561 560 559 431 432 439 537 562 561 432 440 439 564 563 562 432 433 440 540 565 564 433 441 440 567 566 565 433 434 441 543 568 567 434 442 441 570 569 568 434 435 442 546 571 570 435 443 442 573 572 571 435 436 443 549 574 573 436 444 443 576 575 574 436 437 444 552 577 576 437 445 444 579 578 577 437 113 445 555 580 579 113 112 445 121 581 580 77 438 78 557 582 86 438 446 78 584 583 582 438 439 446 560 585 584 439 447 446 587 586 585 439 440 447 563 588 587 440 448 447 590 589 588 440 441 448 566 591 590 441 449 448 593 592 591 441 442 449 569 594 593 442 450 449 596 595 594 442 443 450 572 597 596 443 451 450 599 598 597 443 444 451 575 600 599 444 452 451 602 601 600 444 445 452 578 603 602 445 453 452 605 604 603 445 112 453 581 606 605 112 111 453 120 607 606 78 446 79 583 608 87 446 454 79 610 609 608 446 447 454 586 611 610 447 455 454 613 612 611 447 448 455 589 614 613 448 456 455 616 615 614 448 449 456 592 617 616 449 457 456 619 618 617 449 450 457 595 620 619 450 458 457 622 621 620 450 451 458 598 623 622 451 459 458 625 624 623 451 452 459 601 626 625 452 460 459 628 627 626 452 453 460 604 629 628 453 461 460 631 630 629 453 111 461 607 632 631 111 110 461 119 633 632 79 454 80 609 634 88 454 462 80 636 635 634 454 455 462 612 637 636 455 463 462 639 638 637 455 456 463 615 640 639 456 464 463 642 641 640 456 457 464 618 643 642 457 465 464 645 644 643 457 458 465 621 646 645 458 466 465 648 647 646 458 459 466 624 649 648 459 467 466 651 650 649 459 460 467 627 652 651 460 468 467 654 653 652 460 461 468 630 655 654 461 469 468 657 656 655 461 110 469 633 658 657 110 109 469 118 659 658 80 462 81 635 660 89 462 470 81 662 661 660 462 463 470 638 663 662 463 471 470 665 664 663 463 464 471 641 666 665 464 472 471 668 667 666 464 465 472 644 669 668 465 473 472 671 670 669 465 466 473 647 672 671 466 474 473 674 673 672 466 467 474 650 675 674 467 475 474 677 676 675 467 468 475 653 678 677 468 476 475 680 679 678 468 469 476 656 681 680 469 477 476 683 682 681 469 109 477 659 684 683 109 108 477 117 685 684 81 470 3 661 686 90 470 91 3 687 99 686 470 471 91 664 688 687 471 92 91 689 100 688 471 472 92 667 690 689 472 93 92 691 101 690 472 473 93 670 692 691 473 94 93 693 102 692 473 474 94 673 694 693 474 95 94 695 103 694 474 475 95 676 696 695 475 96 95 697 104 696 475 476 96 679 698 697 476 97 96 699 105 698 476 477 97 682 700 699 477 98 97 701 106 700 477 108 98 685 702 701 108 2 98 116 107 702
</DataArray>
        <DataArray type="Int64" format="ascii" Name="offsets">
6 12 18 24 30 36 42 48 54 60 66 72 78 84 90 96 102 108 114 120 126 132 138 144 150 156 162 168 174 180 186 192 198 204 210 216 222 228 234 240 246 252 258 264 270 276 282 288 294 300 306 312 318 324 330 336 342 348 354 360 366 372 378 384 390 396 402 408 414 420 426 432 438 444 450 456 462 468 474 480 486 492 498 504 510 516 522 528 534 540 546 552 558 564 570 576 582 588 594 600 606 612 618 624 630 636 642 648 654 660 666 672 678 684 690 696 702 708 714 720 726 732 738 744 750 756 762 768 774 780 786 792 798 804 810 816 822 828 834 840 846 852 858 864 870 876 882 888 894 900 906 912 918 924 930 936 942 948 954 960 966 972 978 984 990 996 1002 1008 1014 1020 1026 1032 1038 1044 1050 1056 1062 1068 1074 1080 1086 1092 1098 1104 1110 1116 1122 1128 1134 1140 1146 1152 1158 1164 1170 1176 1182 1188 1194 1200 1206 1212 1218 1224 1230 1236 1242 1248 1254 1260 1266 1272 1278 1284 1290 1296 1302 1308 1314 1320 1326 1332 1338 1344 1350 1356 1362 1368 1374 1380 1386 1392 1398 1404 1410 1416 1422 1428 1434 1440 1446 1452 1458 1464 1470 1476 1482 1488 1494 1500 1506 1512 1518 1524 1530 1536 1542 1548 1554 1560 1566 1572 1578 1584 1590 1596 1602 1608 1614 1620 1626 1632 1638 1644 1650 1656 1662 1668 1674 1680 1686 1692 1698 1704 1710 1716 1722 1728 1734 1740 1746 1752 1758 1764 1770 1776 1782 1788 1794 1800 1806 1812 1818 1824 1830 1836 1842 1848 1854 1860 1866 1872 1878 1884 1890 1896 1902 1908 1914 1920 1926 1932 1938 1944
</DataArray>
        <DataArray type="UInt8" format="ascii" Name="types">
22 22 22 22 22 22 22 22 22 22 22 22 22 22 22 22 22 22 22 22 22 22 22 22 22 22 22 22 22 22 22 22 22 22 22 22 22 22 22 22 22 22 22 22 22 22 22 22 22 22 22 22 22 22 22 22 22 22 22 22 22 22 22 22 22 22 22 22 22 22 22 22 22 22 22 22 22 22 22 22 22 22 22 22 22 22 22 22 22 22 22 22 22 22 22 22 22 22 22 22 22 22 22 22 22 22 22 22 22 22 22 22 22 22 22 22 22 22 22 22 22 22 22 22 22 22 22 22 22 22 22 22 22 22 22 22 22 22 22 22 22 22 22 22 22 22 22 22 22 22 22 22 22 22 22 22 22 22 22 22 22 22 22 22 22 22 22 22 22 22 22 22 22 22 22 22 22 22 22 22 22 22 22 22 22 22 22 22 22 22 22 22 22 22 22 22 22 22 22 22 22 22 22 22 22 22 22 22 22 22 22 22 22 22 22 22 22 22 22 22 22 22 22 22 22 22 22 22 22 22 22 22 22 22 22 22 22 22 22 22 22 22 22 22 22 22 22 22 22 22 22 22 22 22 22 22 22 22 22 22 22 22 22 22 22 22 22 22 22 22 22 22 22 22 22 22 22 22 22 22 22 22 22 22 22 22 22 22 22 22 22 22 22 22 22 22 22 22 22 22 22 22 22 22 22 22 22 22 22 22 22 22 22 22 22 22 22 22 22 22 22 22 22 22
</DataArray>
      </Cells>
    </Piece>
  </UnstructuredGrid>
</VTKFile>