<?xml version='1.0' encoding='utf-8'?>
<VTKFile type="UnstructuredGrid" version="0.1" byte_order="LittleEndian">
  <UnstructuredGrid>
    <Piece NumberOfPoints="703" NumberOfCells="324">
      <PointData Vectors="U">
        <DataArray type="Float64" format="ascii" Name="U" NumberOfComponents="3">
4.1932190046322596e-16 5.9331842127587428e-16 0.0000000000000000e+00 -7.8145509799380393e-16 1.4019594879806404e-15 0.0000000000000000e+00 1.3154645906000267e-06 -1.9328917411214825e-03 0.0000000000000000e+00 -7.9966875686382967e-06 -1.9342739579293030e-03 0.0000000000000000e+00 2.3347412624014243e-04 -1.1972762472917027e-03 0.0000000000000000e+00 -2.3793319564393813e-04 -1.1994224497941489e-03 0.0000000000000000e+00 2.5858264920268681e-16 2.7997189784524359e-16 0.0000000000000000e+00 -1.0438892844563525e-16 1.7781511646112993e-16 0.0000000000000000e+00 -6.6638748657067933e-17 -1.4307791851962488e-15 0.0000000000000000e+00 -3.2089741060926323e-16 5.4782881026718867e-17 0.0000000000000000e+00 1.1371635921649050e-16 6.0635961544583630e-16 0.0000000000000000e+00 2.8564750983822482e-16 3.2976084869653436e-16 0.0000000000000000e+00 1.2363174484412556e-15 3.9624409119458731e-16 0.0000000000000000e+00 -1.0065283517826459e-15 -5.2300320383297499e-16 0.0000000000000000e+00 4.4421562105591543e-15 -2.1346785148223123e-15 0.0000000000000000e+00 -1.4669191911292415e-15 -6.9738004618527070e-16 0.0000000000000000e+00 1.4396843892979741e-15 -4.3069893074017441e-15 0.0000000000000000e+00 1.3336672756207725e-15 2.1300166876131548e-16 0.0000000000000000e+00 -2.4804096024073659e-14 2.3378856331407659e-15 0.0000000000000000e+00 8.6677585774789413e-16 2.0167390705350385e-15 0.0000000000000000e+00 1.0386200682610369e-14 -3.3564835034137922e-15 0.0000000000000000e+00 -6.0771515281890937e-16 -1.8764787627592866e-16 0.0000000000000000e+00 -4.6173018123803988e-15 -9.0693415785769672e-15 0.0000000000000000e+00 1.7171314052810314e-04 -2.1409553659081101e-04 0.0000000000000000e+00 2.3548764405074746e-04 -3.5973850501692380e-04 0.0000000000000000e+00 2.5815859909711619e-04 -4.9285823755161043e-04 0.0000000000000000e+00 2.5996049822548777e-04 -6.2159381725926995e-04 0.0000000000000000e+00 2.5099932359838383e-04 -7.4657526231466313e-04 0.0000000000000000e+00 2.3758004674626586e-04 -8.6733345052438849e-04 0.0000000000000000e+00 2.2454880887475020e-04 -9.8328009979108057e-04 0.0000000000000000e+00 2.1752810320088944e-04 -1.0942209814967254e-03 0.0000000000000000e+00 1.0595563654786574e-04 -1.1408287259916561e-04 0.0000000000000000e+00 2.0921848743164694e-04 -2.8986975137554734e-04 0.0000000000000000e+00 2.5007072173846220e-04 -4.2739389658898901e-04 0.0000000000000000e+00 2.6096072042549614e-04 -5.5790450584223530e-04 0.0000000000000000e+00 2.5649252544550664e-04 -6.8469884761714409e-04 0.0000000000000000e+00 2.4465906313425037e-04 -8.0761277457228476e-04 0.0000000000000000e+00 2.3088422648827843e-04 -9.2602908077091110e-04 0.0000000000000000e+00 2.2008792076499785e-04 -1.0395306493749057e-03 0.0000000000000000e+00 2.2058334173249495e-04 -1.1476677515618880e-03 0.0000000000000000e+00 1.8210908787261100e-04 -1.1876953842806992e-03 0.0000000000000000e+00 1.3028214828604730e-04 -1.1910253641728842e-03 0.0000000000000000e+00 7.7865391604826705e-05 -1.1943482342748034e-03 0.0000000000000000e+00 2.4737822294495330e-05 -1.1961488522011377e-03 0.0000000000000000e+00 -2.8681423992083408e-05 -1.1963324161135265e-03 0.0000000000000000e+00 -8.1818331220636769e-05 -1.1949031047575377e-03 0.0000000000000000e+00 -1.3426527930714464e-04 -1.1919557724165628e-03 0.0000000000000000e+00 -1.8610536246825452e-04 -1.1888433182970248e-03 0.0000000000000000e+00 2.0801564070679660e-04 -1.1895581481730568e-03 0.0000000000000000e+00 1.5626271789564484e-04 -1.1893951311168522e-03 0.0000000000000000e+00 1.0416507623025627e-04 -1.1929606642535663e-03 0.0000000000000000e+00 5.1351199969110325e-05 -1.1954958316769059e-03 0.0000000000000000e+00 -1.9930491387854955e-06 -1.1964436888982377e-03 0.0000000000000000e+00 -5.5338135349562969e-05 -1.1957932712056635e-03 0.0000000000000000e+00 -1.0816132714216729e-04 -1.1935434685778103e-03 0.0000000000000000e+00 -1.6027748191446039e-04 -1.1902302558257868e-03 0.0000000000000000e+00 -2.1174994574489465e-04 -1.1908683784283888e-03 0.0000000000000000e+00 -2.2131559112132420e-04 -1.0958641294136966e-03 0.0000000000000000e+00 -2.2802087990938082e-04 -9.8483765476288640e-04 0.0000000000000000e+00 -2.4072331732384705e-04 -8.6879605556683382e-04 0.0000000000000000e+00 -2.5383736543226960e-04 -7.4798969205217458e-04 0.0000000000000000e+00 -2.6251230467827264e-04 -6.2295841051323046e-04 0.0000000000000000e+00 -2.6041436907036768e-04 -4.9412510207419305e-04 0.0000000000000000e+00 -2.3730707238965175e-04 -3.6080711693319489e-04 0.0000000000000000e+00 -1.7302346037731387e-04 -2.1619903393689310e-04 0.0000000000000000e+00 -2.2475791246874633e-04 -1.1483128232693115e-03 0.0000000000000000e+00 -2.2351059551255903e-04 -1.0412162251268286e-03 0.0000000000000000e+00 -2.3394791904905707e-04 -9.2756730692286366e-04 0.0000000000000000e+00 -2.4739746998293246e-04 -8.0906426051255171e-04 0.0000000000000000e+00 -2.5890370468456151e-04 -6.8608532460014734e-04 0.0000000000000000e+00 -2.6306164400060987e-04 -5.5917062112869720e-04 0.0000000000000000e+00 -2.5198229901376128e-04 -4.2838416398367356e-04 0.0000000000000000e+00 -2.1186876292744088e-04 -2.9104386785768567e-04 0.0000000000000000e+00 -1.1377433909931663e-04 -1.2424637924025661e-04 0.0000000000000000e+00 -2.6607691933457013e-04 -1.3514187504283066e-03 0.0000000000000000e+00 -2.5435660364474949e-04 -1.4814372983718918e-03 0.0000000000000000e+00 -2.2832376776052142e-04 -1.5968614905137847e-03 0.0000000000000000e+00 -1.9537954665129804e-04 -1.6969389565380535e-03 0.0000000000000000e+00 -1.5901772950492943e-04 -1.7805607370042758e-03 0.0000000000000000e+00 -1.2118176710458736e-04 -1.8468135580839875e-03 0.0000000000000000e+00 -8.3020225841723348e-05 -1.8949554315045806e-03 0.0000000000000000e+00 -4.5225943804468858e-05 -1.9243388591640555e-03 0.0000000000000000e+00 -2.5953858161087130e-04 -1.2779408203643728e-03 0.0000000000000000e+00 -2.6254331757175650e-04 -1.4185523113186837e-03 0.0000000000000000e+00 -2.4257029820285477e-04 -1.5411451399566392e-03 0.0000000000000000e+00 -2.1252218596495132e-04 -1.6489602789114628e-03 0.0000000000000000e+00 -1.7754206111379468e-04 -1.7409017543062865e-03 0.0000000000000000e+00 -1.4024537264289847e-04 -1.8159260048062702e-03 0.0000000000000000e+00 -1.0212260787924218e-04 -1.8731984620465702e-03 0.0000000000000000e+00 -6.4065650757982078e-05 -1.9120324495336110e-03 0.0000000000000000e+00 -2.6556577007021767e-05 -1.9317665821862479e-03 0.0000000000000000e+00 -8.0191531179296639e-06 -1.9669870538273899e-03 0.0000000000000000e+00 -7.6568200959952830e-06 -1.9906912350389607e-03 0.0000000000000000e+00 -6.4553511045822925e-06 -2.0058005976612480e-03 0.0000000000000000e+00 -4.4880047315220793e-06 -2.0130405117571937e-03 0.0000000000000000e+00 -2.2190364664843506e-06 -2.0128824262436798e-03 0.0000000000000000e+00 -2.4680241123327724e-07 -2.0053280774171606e-03 0.0000000000000000e+00 9.6636300151691172e-07 -1.9899097896591811e-03 0.0000000000000000e+00 1.3478173698310690e-06 -1.9659056181907668e-03 0.0000000000000000e+00 -8.0291927826022078e-06 -1.9517569611604115e-03 0.0000000000000000e+00 -7.9232662685953922e-06 -1.9799542406719536e-03 0.0000000000000000e+00 -7.1549380865300327e-06 -1.9992662158486532e-03 0.0000000000000000e+00 -5.5313052392203318e-06 -2.0103628131930957e-03 0.0000000000000000e+00 -3.3468169025404180e-06 -2.0138787262034734e-03 0.0000000000000000e+00 -1.1627169553187975e-06 -2.0100578935863030e-03 0.0000000000000000e+00 4.6136762759955504e-07 -1.9986521681123214e-03 0.0000000000000000e+00 1.2346742078139865e-06 -1.9790256833712543e-03 0.0000000000000000e+00 1.3334248044249064e-06 -1.9505200610813853e-03 0.0000000000000000e+00 3.8845713986924215e-05 -1.9229388286686026e-03 0.0000000000000000e+00 7.6961686041196654e-05 -1.8935582132678132e-03 0.0000000000000000e+00 1.1544676926839548e-04 -1.8454129894444537e-03 0.0000000000000000e+00 1.5360931678915738e-04 -1.7791519051812046e-03 0.0000000000000000e+00 1.9030369700326726e-04 -1.6955135614426483e-03 0.0000000000000000e+00 2.2358682655678247e-04 -1.5953931411719368e-03 0.0000000000000000e+00 2.4995045226206436e-04 -1.4798366635397006e-03 0.0000000000000000e+00 2.6199253755044123e-04 -1.3497099282625386e-03 0.0000000000000000e+00 2.0023517537143998e-05 -1.9303936409892483e-03 0.0000000000000000e+00 5.7826365631885030e-05 -1.9106455434504286e-03 0.0000000000000000e+00 9.6178748083566013e-05 -1.8718119449008604e-03 0.0000000000000000e+00 1.3459712996824331e-04 -1.8145356363931085e-03 0.0000000000000000e+00 1.7218471657654314e-04 -1.7395002388648907e-03 0.0000000000000000e+00 2.0744770168776232e-04 -1.6475248249595183e-03 0.0000000000000000e+00 2.3777567281280514e-04 -1.5395976251309806e-03 0.0000000000000000e+00 2.5815780746273552e-04 -1.4168040570030913e-03 0.0000000000000000e+00 2.5646998423509967e-04 -1.2780007980723886e-03 0.0000000000000000e+00 -1.7731277504261497e-04 -1.0937144663975857e-03 0.0000000000000000e+00 -1.3066310973365594e-04 -1.0942059707588748e-03 0.0000000000000000e+00 -8.0492002032256336e-05 -1.0951800945572388e-03 0.0000000000000000e+00 -2.8270834337827073e-05 -1.0955937928281909e-03 0.0000000000000000e+00 2.4612841522403330e-05 -1.0954397609761655e-03 0.0000000000000000e+00 7.6832527453382185e-05 -1.0947269076827025e-03 0.0000000000000000e+00 1.2697473785104171e-04 -1.0934798043518898e-03 0.0000000000000000e+00 1.7351254029785893e-04 -1.0926716607592693e-03 0.0000000000000000e+00 -1.8034417790425123e-04 -9.8949939326293352e-04 0.0000000000000000e+00 -1.3210800897165304e-04 -9.8888252830709854e-04 0.0000000000000000e+00 -8.1306202352489932e-05 -9.8748645650761978e-04 0.0000000000000000e+00 -2.8458853347954979e-05 -9.8648808655047229e-04 0.0000000000000000e+00 2.5110466962620933e-05 -9.8633045600028603e-04 0.0000000000000000e+00 7.7954938267859626e-05 -9.8701261255486035e-04 0.0000000000000000e+00 1.2875480709508146e-04 -9.8808803350574855e-04 0.0000000000000000e+00 1.7707351063098235e-04 -9.8839664650107783e-04 0.0000000000000000e+00 -1.8977381505948888e-04 -8.7527853866057887e-04 0.0000000000000000e+00 -1.3788188961913383e-04 -8.7350818201715119e-04 0.0000000000000000e+00 -8.4269472428313228e-05 -8.6996897986792079e-04 0.0000000000000000e+00 -2.9270351319745101e-05 -8.6759700263699274e-04 0.0000000000000000e+00 2.6230604575249602e-05 -8.6743486021415039e-04 0.0000000000000000e+00 8.1244058214075728e-05 -8.6948216434905214e-04 0.0000000000000000e+00 1.3489927062993259e-04 -8.7270334965267482e-04 0.0000000000000000e+00 1.8683241625332090e-04 -8.7415899735341545e-04 0.0000000000000000e+00 -1.9997654437116534e-04 -7.5203040070345544e-04 0.0000000000000000e+00 -1.4431031356312846e-04 -7.4740275913708673e-04 0.0000000000000000e+00 -8.7461166508326300e-05 -7.4155563441064400e-04 0.0000000000000000e+00 -3.0102571557654064e-05 -7.3796898764167328e-04 0.0000000000000000e+00 2.7379218311255395e-05 -7.3780853751285276e-04 0.0000000000000000e+00 8.4757416601735004e-05 -7.4107215610752682e-04 0.0000000000000000e+00 1.4166144730433784e-04 -7.4659393202025854e-04 0.0000000000000000e+00 1.9736142980323327e-04 -7.5090650545825259e-04 0.0000000000000000e+00 -2.0582540754594713e-04 -6.2001616768833537e-04 0.0000000000000000e+00 -1.4685236281641298e-04 -6.1053719414799724e-04 0.0000000000000000e+00 -8.7923550805378499e-05 -6.0232216790616019e-04 0.0000000000000000e+00 -2.9944355879206204e-05 -5.9788675528809883e-04 0.0000000000000000e+00 2.7555485283269884e-05 -5.9773257910403590e-04 0.0000000000000000e+00 8.5525830027018287e-05 -6.0185449851748432e-04 0.0000000000000000e+00 1.4449198035169713e-04 -6.0973724223828114e-04 0.0000000000000000e+00 2.0354672810967591e-04 -6.1889321309373463e-04 0.0000000000000000e+00 -2.0059697569456148e-04 -4.7853728042451576e-04 0.0000000000000000e+00 -1.3965904863854253e-04 -4.6326026627687382e-04 0.0000000000000000e+00 -8.1915720345962273e-05 -4.5377160031277486e-04 0.0000000000000000e+00 -2.7531726318479540e-05 -4.4938048945414370e-04 0.0000000000000000e+00 2.5539213187743799e-05 -4.4923669088971013e-04 0.0000000000000000e+00 7.9831474078367819e-05 -4.5333131508118338e-04 0.0000000000000000e+00 1.3748776517743502e-04 -4.6249623943998646e-04 0.0000000000000000e+00 1.9860009741635626e-04 -4.7742153188957460e-04 0.0000000000000000e+00 -1.7370927019704543e-04 -3.2549723674996751e-04 0.0000000000000000e+00 -1.1511019534802342e-04 -3.0734756457824025e-04 0.0000000000000000e+00 -6.5472779589526709e-05 -2.9955332897110392e-04 0.0000000000000000e+00 -2.1674132883651534e-05 -2.9653733501505464e-04 0.0000000000000000e+00 2.0212860407884638e-05 -2.9641450046181950e-04 0.0000000000000000e+00 6.3820959135018460e-05 -2.9915698933740553e-04 0.0000000000000000e+00 1.1302614065218532e-04 -3.0663179382011026e-04 0.0000000000000000e+00 1.7159739600786434e-04 -3.2449597964429272e-04 0.0000000000000000e+00 -1.0954847263451229e-04 -1.6075149789961920e-04 0.0000000000000000e+00 -6.6434210365519893e-05 -1.4898070863290233e-04 0.0000000000000000e+00 -3.6803674969986539e-05 -1.4593301060121736e-04 0.0000000000000000e+00 -1.2066617440991970e-05 -1.4500125897943698e-04 0.0000000000000000e+00 1.1298129962712437e-05 -1.4493571510012599e-04 0.0000000000000000e+00 3.5910419529283018e-05 -1.4570206062698747e-04 0.0000000000000000e+00 6.5050687038918658e-05 -1.4844943698969539e-04 0.0000000000000000e+00 1.0531798727160047e-04 -1.5898962436243806e-04 0.0000000000000000e+00 -2.0253224588296607e-04 -1.1435550624227275e-03 0.0000000000000000e+00 -1.9928434806449870e-04 -1.0943211069786962e-03 0.0000000000000000e+00 -1.7996238462591579e-04 -1.1421273604349733e-03 0.0000000000000000e+00 -1.5642012156256660e-04 -1.1427652061067283e-03 0.0000000000000000e+00 -1.5443562359253595e-04 -1.0938107168545538e-03 0.0000000000000000e+00 -1.3192668763600734e-04 -1.1438673294007411e-03 0.0000000000000000e+00 -1.0671611705821874e-04 -1.1450139233433233e-03 0.0000000000000000e+00 -1.0591191019754362e-04 -1.0947848125629463e-03 0.0000000000000000e+00 -8.0967492820422545e-05 -1.1459475639921039e-03 0.0000000000000000e+00 -5.4827472660394211e-05 -1.1465804586021670e-03 0.0000000000000000e+00 -5.4547765214304835e-05 -1.0954741665671203e-03 0.0000000000000000e+00 -2.8435402810862087e-05 -1.1469374511740096e-03 0.0000000000000000e+00 -1.9138568916212750e-06 -1.1469887194405076e-03 0.0000000000000000e+00 -1.8319441045933005e-06 -1.0955802660669335e-03 0.0000000000000000e+00 2.4603143568171391e-05 -1.1467692286258400e-03 0.0000000000000000e+00 5.1001047262118639e-05 -1.1462551919772150e-03 0.0000000000000000e+00 5.0885736499242566e-05 -1.0951446941482781e-03 0.0000000000000000e+00 7.7135778508146037e-05 -1.1454376340533500e-03 0.0000000000000000e+00 1.0290030285780416e-04 -1.1443457822500629e-03 0.0000000000000000e+00 1.0225476226924890e-04 -1.0941172700481008e-03 0.0000000000000000e+00 1.2811083378388952e-04 -1.1429840633597279e-03 0.0000000000000000e+00 1.5265141160015745e-04 -1.1416772709616592e-03 0.0000000000000000e+00 1.5078201104980633e-04 -1.0927852689844716e-03 0.0000000000000000e+00 1.7617360728519827e-04 -1.1408232124663134e-03 0.0000000000000000e+00 1.9865554054590830e-04 -1.1422387299971763e-03 0.0000000000000000e+00 1.9525335435321856e-04 -1.0931614944770661e-03 0.0000000000000000e+00 -2.0040226256811788e-04 -1.0425118672407060e-03 0.0000000000000000e+00 -2.0407882763103443e-04 -9.8826821916017204e-04 0.0000000000000000e+00 -1.7766102868698854e-04 -1.0428451022007497e-03 0.0000000000000000e+00 -1.5452220114390953e-04 -1.0427980677199153e-03 0.0000000000000000e+00 -1.5650280575262314e-04 -9.8937313407119858e-04 0.0000000000000000e+00 -1.3063600397518208e-04 -1.0426951330290543e-03 0.0000000000000000e+00 -1.0594615560206527e-04 -1.0426107111381059e-03 0.0000000000000000e+00 -1.0701758650221162e-04 -9.8818246286941315e-04 0.0000000000000000e+00 -8.0545122799039812e-05 -1.0424600686717380e-03 0.0000000000000000e+00 -5.4591548898180332e-05 -1.0423187565325111e-03 0.0000000000000000e+00 -5.5056340669410348e-05 -9.8690393185506893e-04 0.0000000000000000e+00 -2.8266503543761172e-05 -1.0421762817066542e-03 0.0000000000000000e+00 -1.7549250463022217e-06 -1.0420711771019493e-03 0.0000000000000000e+00 -1.6736275369385696e-06 -9.8628905337281507e-04 0.0000000000000000e+00 2.4759005059380728e-05 -1.0420145933201603e-03 0.0000000000000000e+00 5.1086166482602598e-05 -1.0419802537005411e-03 0.0000000000000000e+00 5.1709441743482989e-05 -9.8656747459014327e-04 0.0000000000000000e+00 7.7046601646411152e-05 -1.0419796663298376e-03 0.0000000000000000e+00 1.0244455889227688e-04 -1.0419438315872518e-03 0.0000000000000000e+00 1.0367001382457934e-04 -9.8752877509874831e-04 0.0000000000000000e+00 1.2712939878048950e-04 -1.0419225705585922e-03 0.0000000000000000e+00 1.5095911486859493e-04 -1.0418652644877272e-03 0.0000000000000000e+00 1.5316013909707783e-04 -9.8847319199709544e-04 0.0000000000000000e+00 1.7401591065400174e-04 -1.0418542322201199e-03 0.0000000000000000e+00 1.9673512795378778e-04 -1.0413114152298898e-03 0.0000000000000000e+00 2.0061948647560112e-04 -9.8699800301640635e-04 0.0000000000000000e+00 -2.0928417200577953e-04 -9.3190368277126399e-04 0.0000000000000000e+00 -2.1531554236352832e-04 -8.7360347338394026e-04 0.0000000000000000e+00 -1.8469801255558858e-04 -9.3354188095221143e-04 0.0000000000000000e+00 -1.5991191766537378e-04 -9.3339650971482630e-04 0.0000000000000000e+00 -1.6404111703363473e-04 -8.7485957185394697e-04 0.0000000000000000e+00 -1.3467787347939280e-04 -9.3250131145604528e-04 0.0000000000000000e+00 -1.0890733320332449e-04 -9.3126256984980436e-04 0.0000000000000000e+00 -1.1129163365406559e-04 -8.7169632596099044e-04 0.0000000000000000e+00 -8.2603589358092299e-05 -9.3004235094377964e-04 0.0000000000000000e+00 -5.5860378067998570e-05 -9.2903124148442325e-04 0.0000000000000000e+00 -5.6888678055278762e-05 -8.6853848415353982e-04 0.0000000000000000e+00 -2.8806475780769798e-05 -9.2834425771362074e-04 0.0000000000000000e+00 -1.5955113961095113e-06 -9.2805295089360199e-04 0.0000000000000000e+00 -1.5167099322852422e-06 -8.6721318078654115e-04 0.0000000000000000e+00 2.5616991209948098e-05 -9.2818201327307638e-04 0.0000000000000000e+00 5.2667053477897406e-05 -9.2869557646682176e-04 0.0000000000000000e+00 5.3858263500034582e-05 -8.6820264854302678e-04 0.0000000000000000e+00 7.9409490465720648e-05 -9.2956096145056224e-04 0.0000000000000000e+00 1.0570330381795957e-04 -9.3061512691132323e-04 0.0000000000000000e+00 1.0827483705687641e-04 -8.7104537248412404e-04 0.0000000000000000e+00 1.3146819904953554e-04 -9.3171571878543087e-04 0.0000000000000000e+00 1.5669460089620389e-04 -9.3247712975932137e-04 0.0000000000000000e+00 1.6104232400837668e-04 -8.7392004746966940e-04 0.0000000000000000e+00 1.8150699685381912e-04 -9.3245390485909474e-04 0.0000000000000000e+00 2.0612586776578643e-04 -9.3062141017738085e-04 0.0000000000000000e+00 2.1225204512782253e-04 -8.7231452612578282e-04 0.0000000000000000e+00 -2.2141666844576911e-04 -8.1351554925127067e-04 0.0000000000000000e+00 -2.2717903231706332e-04 -7.5169598239754312e-04 0.0000000000000000e+00 -1.9510594173831238e-04 -8.1474081267533533e-04 0.0000000000000000e+00 -1.6841531618664316e-04 -8.1377975498633532e-04 0.0000000000000000e+00 -1.7236206586788429e-04 -7.5018650957130184e-04 0.0000000000000000e+00 -1.4130455078070915e-04 -8.1179284742312406e-04 0.0000000000000000e+00 -1.1381816002746533e-04 -8.0939256456224215e-04 0.0000000000000000e+00 -1.1598924136942647e-04 -7.4432912846462236e-04 0.0000000000000000e+00 -8.6005758352094880e-05 -8.0714137967342848e-04 0.0000000000000000e+00 -5.7949808220177819e-05 -8.0532655523190221e-04 0.0000000000000000e+00 -5.8808496859793404e-05 -7.3937136241272988e-04 0.0000000000000000e+00 -2.9731952686843545e-05 -8.0413923292732027e-04 0.0000000000000000e+00 -1.4359885007117987e-06 -8.0367897331831098e-04 0.0000000000000000e+00 -1.3553717229689874e-06 -7.3743485912661016e-04 0.0000000000000000e+00 2.6859773042688546e-05 -8.0397517277455048e-04 0.0000000000000000e+00 5.5071564342197053e-05 -8.0498837741517395e-04 0.0000000000000000e+00 5.6100186437276636e-05 -7.3903178350327606e-04 0.0000000000000000e+00 8.3124298187114498e-05 -8.0665095574188820e-04 0.0000000000000000e+00 1.1092905748067062e-04 -8.0872839558987540e-04 0.0000000000000000e+00 1.1329501999694460e-04 -7.4365121038659347e-04 0.0000000000000000e+00 1.3842341259544792e-04 -8.1098449635392633e-04 0.0000000000000000e+00 1.6553693021902429e-04 -8.1280980408195039e-04 0.0000000000000000e+00 1.6968864349703323e-04 -7.4919003860102640e-04 0.0000000000000000e+00 1.9226904227414082e-04 -8.1362020505072893e-04 0.0000000000000000e+00 2.1861233826174129e-04 -8.1223374371747605e-04 0.0000000000000000e+00 2.2442953691777549e-04 -7.5042481237323874e-04 0.0000000000000000e+00 -2.3175439726912279e-04 -6.8820922740211055e-04 0.0000000000000000e+00 -2.3467520907312296e-04 -6.2299625254743480e-04 0.0000000000000000e+00 -2.0382893828523125e-04 -6.8713283956586531e-04 0.0000000000000000e+00 -1.7531810426556758e-04 -6.8406885563374964e-04 0.0000000000000000e+00 -1.7648744671033741e-04 -6.1541709600172994e-04 0.0000000000000000e+00 -1.4641825970780040e-04 -6.8030160668490773e-04 0.0000000000000000e+00 -1.1734621373567340e-04 -6.7651939052832907e-04 0.0000000000000000e+00 -1.1728094835252862e-04 -6.0604746713118982e-04 0.0000000000000000e+00 -8.8246052108777439e-05 -6.7323689330160480e-04 0.0000000000000000e+00 -5.9191894555423182e-05 -6.7073832518488102e-04 0.0000000000000000e+00 -5.8813033201375942e-05 -5.9958745888268245e-04 0.0000000000000000e+00 -3.0205816524103573e-05 -6.6915290674241716e-04 0.0000000000000000e+00 -1.2648858359725517e-06 -6.6856871145121795e-04 0.0000000000000000e+00 -1.1823418397470445e-06 -5.9726990456525342e-04 0.0000000000000000e+00 2.7673120014967817e-05 -6.6898958832583243e-04 0.0000000000000000e+00 5.6647432533918250e-05 -6.7039860712980682e-04 0.0000000000000000e+00 5.6437698620734913e-05 -5.9925736681752954e-04 0.0000000000000000e+00 8.5688058078801585e-05 -6.7274311835986288e-04 0.0000000000000000e+00 1.1477026555629175e-04 -6.7582741838070957e-04 0.0000000000000000e+00 1.1489362454500794e-04 -6.0535362057524515e-04 0.0000000000000000e+00 1.4383983345847819e-04 -6.7947221804490372e-04 0.0000000000000000e+00 1.7273496300298943e-04 -6.8303892143702755e-04 0.0000000000000000e+00 1.7410872268172088e-04 -6.1435210943190329e-04 0.0000000000000000e+00 2.0129026785226266e-04 -6.8599678150128201e-04 0.0000000000000000e+00 2.2925049780646675e-04 -6.8693595675853271e-04 0.0000000000000000e+00 2.3219507056789537e-04 -6.2173202441789615e-04 0.0000000000000000e+00 -2.3477128378953044e-04 -5.5601679393401944e-04 0.0000000000000000e+00 -2.3126407355888244e-04 -4.8699742641085641e-04 0.0000000000000000e+00 -2.0520382018887363e-04 -5.5055204009515630e-04 0.0000000000000000e+00 -1.7506494451341838e-04 -5.4416020103682588e-04 0.0000000000000000e+00 -1.6990353768797699e-04 -4.7027862217998318e-04 0.0000000000000000e+00 -1.4492426701991502e-04 -5.3815094957597551e-04 0.0000000000000000e+00 -1.1516207364459789e-04 -5.3306038446450886e-04 0.0000000000000000e+00 -1.1027883807577412e-04 -4.5782077909126373e-04 0.0000000000000000e+00 -8.5963753056799607e-05 -5.2905136242998143e-04 0.0000000000000000e+00 -5.7309371301190419e-05 -5.2620925091084237e-04 0.0000000000000000e+00 -5.4400151920232349e-05 -4.5100923151326433e-04 0.0000000000000000e+00 -2.9075567467776276e-05 -5.2448197679417108e-04 0.0000000000000000e+00 -1.0707999255577388e-06 -5.2386785343879773e-04 0.0000000000000000e+00 -9.7939040279125393e-07 -4.4880538240623969e-04 0.0000000000000000e+00 2.6926977249085009e-05 -5.2432719061256566e-04 0.0000000000000000e+00 5.5135782597472578e-05 -5.2589653295148349e-04 0.0000000000000000e+00 5.2397954058874756e-05 -4.5073324756074679e-04 0.0000000000000000e+00 8.3752715459928492e-05 -5.2857242329240595e-04 0.0000000000000000e+00 1.1290107317744354e-04 -5.3237988002794812e-04 0.0000000000000000e+00 1.0818056093873994e-04 -4.5719207535713951e-04 0.0000000000000000e+00 1.4261267643030261e-04 -5.3731547934874723e-04 0.0000000000000000e+00 1.7271634929968830e-04 -5.4306047271917028e-04 0.0000000000000000e+00 1.6776137010238634e-04 -4.6914906808410089e-04 0.0000000000000000e+00 2.0287955921679873e-04 -5.4937712202612508e-04 0.0000000000000000e+00 2.3248439964006565e-04 -5.5471338776086614e-04 0.0000000000000000e+00 2.2894184831924859e-04 -4.8565383168474305e-04 0.0000000000000000e+00 -2.2229988183907748e-04 -4.1563924868856907e-04 0.0000000000000000e+00 -2.0623595174077046e-04 -3.4117867657545601e-04 0.0000000000000000e+00 -1.9093116602415458e-04 -4.0366120086941662e-04 0.0000000000000000e+00 -1.5979439716855138e-04 -3.9371051719200518e-04 0.0000000000000000e+00 -1.4319366934368894e-04 -3.1471022231588678e-04 0.0000000000000000e+00 -1.3002522512328690e-04 -3.8616449327019356e-04 0.0000000000000000e+00 -1.0184840724062115e-04 -3.8077526654777503e-04 0.0000000000000000e+00 -8.9301856007411307e-05 -3.0257146428874364e-04 0.0000000000000000e+00 -7.5177944640159798e-05 -3.7703785980811163e-04 0.0000000000000000e+00 -4.9717427213571172e-05 -3.7457015459762378e-04 0.0000000000000000e+00 -4.3105808153673588e-05 -2.9758729827162103e-04 0.0000000000000000e+00 -2.5068046157919502e-05 -3.7316780438355514e-04 0.0000000000000000e+00 -8.4046511572708358e-07 -3.7267716392491143e-04 0.0000000000000000e+00 -7.1924110550382310e-07 -2.9615915145326014e-04 0.0000000000000000e+00 2.3376371052961422e-05 -3.7304026217892640e-04 0.0000000000000000e+00 4.7986361326515316e-05 -3.7434427140999336e-04 0.0000000000000000e+00 4.1590023222049690e-05 -2.9742242676316998e-04 0.0000000000000000e+00 7.3384133783837511e-05 -3.7662042804349240e-04 0.0000000000000000e+00 9.9953426739598638e-05 -3.8023519246639778e-04 0.0000000000000000e+00 8.7525653304866083e-05 -3.0218316948822085e-04 0.0000000000000000e+00 1.2799431875303846e-04 -3.8536797484855470e-04 0.0000000000000000e+00 1.5762778900061113e-04 -3.9262552782844709e-04 0.0000000000000000e+00 1.4114861041103914e-04 -3.1374205616902130e-04 0.0000000000000000e+00 1.8859171647442970e-04 -4.0239648002192755e-04 0.0000000000000000e+00 2.1995271661494356e-04 -4.1412275668846455e-04 0.0000000000000000e+00 2.0374508261654980e-04 -3.3941071016016809e-04 0.0000000000000000e+00 -1.7966034391066736e-04 -2.6263390681532662e-04 0.0000000000000000e+00 -1.3814351090127796e-04 -1.7819317479365556e-04 0.0000000000000000e+00 -1.4735142987109325e-04 -2.4431399888347210e-04 0.0000000000000000e+00 -1.1875280234840902e-04 -2.3388146213048911e-04 0.0000000000000000e+00 -8.5454879811624337e-05 -1.5243271973557456e-04 0.0000000000000000e+00 -9.3901401983869403e-05 -2.2781163741354322e-04 0.0000000000000000e+00 -7.2191478846953639e-05 -2.2420714114389451e-04 0.0000000000000000e+00 -5.0737027011645984e-05 -1.4693185819526989e-04 0.0000000000000000e+00 -5.2622948711448456e-05 -2.2215400065833939e-04 0.0000000000000000e+00 -3.4526655113290873e-05 -2.2088038508130486e-04 0.0000000000000000e+00 -2.4109609062165871e-05 -1.4529977191573491e-04 0.0000000000000000e+00 -1.7326096666674055e-05 -2.2022778894895240e-04 0.0000000000000000e+00 -5.6394646481273256e-07 -2.1999391086954776e-04 0.0000000000000000e+00 -3.9118586683103867e-07 -1.4489032415274455e-04 0.0000000000000000e+00 1.6182638118035431e-05 -2.2015592759291752e-04 0.0000000000000000e+00 3.3347950277111250e-05 -2.2079147114921992e-04 0.0000000000000000e+00 2.3268390389402989e-05 -1.4524105697695066e-04 0.0000000000000000e+00 5.1373825049517134e-05 -2.2191664964003055e-04 0.0000000000000000e+00 7.0831055220221448e-05 -2.2401222666407940e-04 0.0000000000000000e+00 4.9644142269584637e-05 -1.4684782731151701e-04 0.0000000000000000e+00 9.2346199612163793e-05 -2.2724235340906908e-04 0.0000000000000000e+00 1.1674692383787994e-04 -2.3319396651671267e-04 0.0000000000000000e+00 8.3305666762581822e-05 -1.5250498658103310e-04 0.0000000000000000e+00 1.4480782100773811e-04 -2.4282712566673156e-04 0.0000000000000000e+00 1.7661674241395889e-04 -2.6055611667832261e-04 0.0000000000000000e+00 1.3589408800552738e-04 -1.7638832078639813e-04 0.0000000000000000e+00 -7.5038497139715755e-05 -8.5689495843618361e-05 0.0000000000000000e+00 -5.6563306431797824e-05 -7.6873972349074800e-05 0.0000000000000000e+00 -4.4092782861619461e-05 -7.3690226495291212e-05 0.0000000000000000e+00 -3.4364744401585212e-05 -7.2548879118166444e-05 0.0000000000000000e+00 -2.6209360702096663e-05 -7.1925891883892180e-05 0.0000000000000000e+00 -1.9023023158514651e-05 -7.1672030772474115e-05 0.0000000000000000e+00 -1.2452676152806505e-05 -7.1515807406991521e-05 0.0000000000000000e+00 -6.2511588818403725e-06 -7.1457199768380308e-05 0.0000000000000000e+00 -2.2458702643829396e-07 -7.1428944208681641e-05 0.0000000000000000e+00 5.7887537191605330e-06 -7.1436736177220826e-05 0.0000000000000000e+00 1.1971435801693907e-05 -7.1499216257873765e-05 0.0000000000000000e+00 1.8493375249541998e-05 -7.1612364337751285e-05 0.0000000000000000e+00 2.5653347582903204e-05 -7.1945851796605733e-05 0.0000000000000000e+00 3.3780103897554539e-05 -7.2503996091207571e-05 0.0000000000000000e+00 4.3692737288505762e-05 -7.4124850771153461e-05 0.0000000000000000e+00 5.6576462383695062e-05 -7.7175132712349999e-05 0.0000000000000000e+00 7.5371728058414291e-05 -8.7339747451902481e-05 0.0000000000000000e+00 -2.0330786979226408e-04 -1.3501755817831070e-03 0.0000000000000000e+00 -1.4334633707285111e-04 -1.3541987621946286e-03 0.0000000000000000e+00 -8.6092741483579440e-05 -1.3582816218306673e-03 0.0000000000000000e+00 -3.0015086671022857e-05 -1.3604669050214411e-03 0.0000000000000000e+00 2.5758081794983506e-05 -1.3603214138637016e-03 0.0000000000000000e+00 8.1855899386862736e-05 -1.3578546616651497e-03 0.0000000000000000e+00 1.3919516349337121e-04 -1.3535234637688193e-03 0.0000000000000000e+00 1.9950791413746665e-04 -1.3493078749496823e-03 0.0000000000000000e+00 -1.9899091776019338e-04 -1.4947562422984173e-03 0.0000000000000000e+00 -1.4169716963768648e-04 -1.5021934309229522e-03 0.0000000000000000e+00 -8.5293472193042518e-05 -1.5072554412789922e-03 0.0000000000000000e+00 -2.9831777837561918e-05 -1.5098193589237910e-03 0.0000000000000000e+00 2.5301285205400814e-05 -1.5096717233295215e-03 0.0000000000000000e+00 8.0791936189806971e-05 -1.5068129124547426e-03 0.0000000000000000e+00 1.3723853010556340e-04 -1.5014513512441429e-03 0.0000000000000000e+00 1.9441034116498684e-04 -1.4937002767396429e-03 0.0000000000000000e+00 -1.8053608458382225e-04 -1.6193264401911758e-03 0.0000000000000000e+00 -1.3023184668456967e-04 -1.6317049434750276e-03 0.0000000000000000e+00 -7.9105691577267657e-05 -1.6387728924432935e-03 0.0000000000000000e+00 -2.7956904314580597e-05 -1.6420427969278542e-03 0.0000000000000000e+00 2.3133840410754257e-05 -1.6418910400630721e-03 0.0000000000000000e+00 7.4287159738721967e-05 -1.6383180033374897e-03 0.0000000000000000e+00 1.2539095740666276e-04 -1.6309500373794701e-03 0.0000000000000000e+00 1.7562838369412172e-04 -1.6182545735937614e-03 0.0000000000000000e+00 -1.5509265163162061e-04 -1.7247154179347375e-03 0.0000000000000000e+00 -1.1278082775827550e-04 -1.7413736417849594e-03 0.0000000000000000e+00 -6.9105094288841922e-05 -1.7508520683298654e-03 0.0000000000000000e+00 -2.4801986138384542e-05 -1.7551372624017999e-03 0.0000000000000000e+00 1.9666176157265124e-05 -1.7549850339523107e-03 0.0000000000000000e+00 6.3960305473319794e-05 -1.7503962761842118e-03 0.0000000000000000e+00 1.0760981716067642e-04 -1.7406144087918692e-03 0.0000000000000000e+00 1.4990505209396557e-04 -1.7236360484845256e-03 0.0000000000000000e+00 -1.2638948820764599e-04 -1.8112900544273278e-03 0.0000000000000000e+00 -9.2345758439118717e-05 -1.8310199742980081e-03 0.0000000000000000e+00 -5.7017853690403972e-05 -1.8426334670564380e-03 0.0000000000000000e+00 -2.0907036678110847e-05 -1.8479482108374377e-03 0.0000000000000000e+00 1.5453539012706514e-05 -1.8477961721842999e-03 0.0000000000000000e+00 5.1555373236921645e-05 -1.8421773188995719e-03 0.0000000000000000e+00 8.6868336400891175e-05 -1.8302567033932015e-03 0.0000000000000000e+00 1.2091310847636111e-04 -1.8102101861179650e-03 0.0000000000000000e+00 -9.6417724141941786e-05 -1.8790020272402791e-03 0.0000000000000000e+00 -7.0741193831721621e-05 -1.9006959408171911e-03 0.0000000000000000e+00 -4.4062121763205400e-05 -1.9138907203992573e-03 0.0000000000000000e+00 -1.6689437159264387e-05 -1.9200384562760592e-03 0.0000000000000000e+00 1.0921274008386123e-05 -1.9198861228978763e-03 0.0000000000000000e+00 3.8288635769897987e-05 -1.9134330051172681e-03 0.0000000000000000e+00 6.4961548769017075e-05 -1.8999297819650121e-03 0.0000000000000000e+00 9.0642737514686302e-05 -1.8779231936450881e-03 0.0000000000000000e+00 -6.6302726179352344e-05 -1.9276631614598733e-03 0.0000000000000000e+00 -4.9006856587812994e-05 -1.9504797325130747e-03 0.0000000000000000e+00 -3.0980708512175570e-05 -1.9646896689171000e-03 0.0000000000000000e+00 -1.2416888574338196e-05 -1.9714020590607569e-03 0.0000000000000000e+00 6.3383518929176769e-06 -1.9712495705680342e-03 0.0000000000000000e+00 2.4899537744052957e-05 -1.9642310224241982e-03 0.0000000000000000e+00 4.2923871960896251e-05 -1.9497123149791378e-03 0.0000000000000000e+00 6.0224124655574001e-05 -1.9265858625686645e-03 0.0000000000000000e+00 -3.6717667317382153e-05 -1.9570691201696300e-03 0.0000000000000000e+00 -2.7782711923520406e-05 -1.9804574522809134e-03 0.0000000000000000e+00 -1.8260774024349912e-05 -1.9952290366294896e-03 0.0000000000000000e+00 -8.2737631114266903e-06 -2.0022645236329076e-03 0.0000000000000000e+00 1.8877861434727178e-06 -2.0021128605900622e-03 0.0000000000000000e+00 1.1873604589804712e-05 -1.9947722190949012e-03 0.0000000000000000e+00 2.1394710325907054e-05 -1.9796911094953126e-03 0.0000000000000000e+00 3.0333328244468728e-05 -1.9559918428238158e-03 0.0000000000000000e+00 -2.2814511121324978e-04 -1.2721175050284762e-03 0.0000000000000000e+00 -2.3477618918597306e-04 -1.3496108401122964e-03 0.0000000000000000e+00 -1.9775078035389561e-04 -1.2710907191666365e-03 0.0000000000000000e+00 -1.6848124057832690e-04 -1.2726073768859407e-03 0.0000000000000000e+00 -1.7296013299421506e-04 -1.3520528322182453e-03 0.0000000000000000e+00 -1.4006196620160028e-04 -1.2745714506426056e-03 0.0000000000000000e+00 -1.1214271179186925e-04 -1.2765870874950676e-03 0.0000000000000000e+00 -1.1451540017697445e-04 -1.3564832510287947e-03 0.0000000000000000e+00 -8.4485447251172975e-05 -1.2782312570715614e-03 0.0000000000000000e+00 -5.6963226655388322e-05 -1.2794369566870064e-03 0.0000000000000000e+00 -5.7975188851117714e-05 -1.3596825050990091e-03 0.0000000000000000e+00 -2.9492124505559249e-05 -1.2801282895814577e-03 0.0000000000000000e+00 -2.0448941522648436e-06 -1.2803098449866736e-03 0.0000000000000000e+00 -2.1259479325055292e-06 -1.3606950887972173e-03 0.0000000000000000e+00 2.5407119807738633e-05 -1.2799584070043012e-03 0.0000000000000000e+00 5.2868970464702058e-05 -1.2791004977623437e-03 0.0000000000000000e+00 5.3728073267511224e-05 -1.3593492876539243e-03 0.0000000000000000e+00 8.0393867457878329e-05 -1.2777167129151715e-03 0.0000000000000000e+00 1.0802723584165517e-04 -1.2758905487900594e-03 0.0000000000000000e+00 1.1029241567641505e-04 -1.3558075582335645e-03 0.0000000000000000e+00 1.3594457105645723e-04 -1.2736937113213022e-03 0.0000000000000000e+00 1.6430926567155584e-04 -1.2714738773152868e-03 0.0000000000000000e+00 1.6883404860500512e-04 -1.3510281299483871e-03 0.0000000000000000e+00 1.9359537724582309e-04 -1.2698121859051825e-03 0.0000000000000000e+00 2.2406795204442918e-04 -1.2705966084282983e-03 0.0000000000000000e+00 2.3106008137736069e-04 -1.3485605420413636e-03 0.0000000000000000e+00 -2.3348393460976633e-04 -1.4219607893955126e-03 0.0000000000000000e+00 -2.2713139490313411e-04 -1.4892302073654727e-03 0.0000000000000000e+00 -2.0346460938992273e-04 -1.4248771665759513e-03 0.0000000000000000e+00 -1.7351357662597137e-04 -1.4276578853639598e-03 0.0000000000000000e+00 -1.7031712358140408e-04 -1.4987501779907433e-03 0.0000000000000000e+00 -1.4401560966016531e-04 -1.4303219315423674e-03 0.0000000000000000e+00 -1.1502363611043033e-04 -1.4328006021455174e-03 0.0000000000000000e+00 -1.1336893957561152e-04 -1.5050246712469302e-03 0.0000000000000000e+00 -8.6456840101423906e-05 -1.4347862520872302e-03 0.0000000000000000e+00 -5.8206592023242541e-05 -1.4362776542798377e-03 0.0000000000000000e+00 -5.7487600507999907e-05 -1.5088789605438781e-03 0.0000000000000000e+00 -3.0153462859603280e-05 -1.4371383199192522e-03 0.0000000000000000e+00 -2.1978587432666393e-06 -1.4373817497908845e-03 0.0000000000000000e+00 -2.2686944094387871e-06 -1.5100886858031310e-03 0.0000000000000000e+00 2.5757742958842903e-05 -1.4369830312054850e-03 0.0000000000000000e+00 5.3813526796203063e-05 -1.4359447637291569e-03 0.0000000000000000e+00 5.2960214144356518e-05 -1.5085605961832262e-03 0.0000000000000000e+00 8.2067467398408197e-05 -1.4343268234073832e-03 0.0000000000000000e+00 1.1065325361742394e-04 -1.4321489517335581e-03 0.0000000000000000e+00 1.0887142100386623e-04 -1.5044100528572562e-03 0.0000000000000000e+00 1.3967601781988335e-04 -1.4295992471023641e-03 0.0000000000000000e+00 1.6927585492475220e-04 -1.4267940407579373e-03 0.0000000000000000e+00 1.6582968736112821e-04 -1.4979314093838871e-03 0.0000000000000000e+00 1.9935130786292348e-04 -1.4240098665015269e-03 0.0000000000000000e+00 2.2942665203104165e-04 -1.4208816990855272e-03 0.0000000000000000e+00 2.2279214836496230e-04 -1.4880345497095911e-03 0.0000000000000000e+00 -2.1717511587725571e-04 -1.5517741341767241e-03 0.0000000000000000e+00 -2.0478977701776329e-04 -1.6097878293984248e-03 0.0000000000000000e+00 -1.9088654087553669e-04 -1.5594475718052198e-03 0.0000000000000000e+00 -1.6401970889529601e-04 -1.5649923173987647e-03 0.0000000000000000e+00 -1.5555853743346793e-04 -1.6262996656794552e-03 0.0000000000000000e+00 -1.3692853653479226e-04 -1.5693662489216207e-03 0.0000000000000000e+00 -1.0981858998672298e-04 -1.5727611560958767e-03 0.0000000000000000e+00 -1.0469850858531131e-04 -1.6357393831879976e-03 0.0000000000000000e+00 -8.2802756486652059e-05 -1.5753446625049218e-03 0.0000000000000000e+00 -5.5901721832856473e-05 -1.5771618215163234e-03 0.0000000000000000e+00 -5.3523312075659459e-05 -1.6408393745421016e-03 0.0000000000000000e+00 -2.9098214465823296e-05 -1.5782138452716137e-03 0.0000000000000000e+00 -2.3454006992315103e-06 -1.5785160288630776e-03 0.0000000000000000e+00 -2.4154217880234950e-06 -1.6423858973966970e-03 0.0000000000000000e+00 2.4407577108292610e-05 -1.5780639569874871e-03 0.0000000000000000e+00 5.1219417048612250e-05 -1.5768564063909983e-03 0.0000000000000000e+00 4.8696078123999250e-05 -1.6405420385510532e-03 0.0000000000000000e+00 7.8130278557534487e-05 -1.5749014005069346e-03 0.0000000000000000e+00 1.0516700304040952e-04 -1.5721748176168696e-03 0.0000000000000000e+00 9.9872440520005858e-05 -1.6351620869428439e-03 0.0000000000000000e+00 1.3229975944667563e-04 -1.5686422232481703e-03 0.0000000000000000e+00 1.5940917359177028e-04 -1.5641603531464138e-03 0.0000000000000000e+00 1.5071867699734592e-04 -1.6254470048592433e-03 0.0000000000000000e+00 1.8626435598947540e-04 -1.5584225477678004e-03 0.0000000000000000e+00 2.1252019518690720e-04 -1.5505412959674837e-03 0.0000000000000000e+00 2.0000548631420251e-04 -1.6085238895040988e-03 0.0000000000000000e+00 -1.9073926099841268e-04 -1.6633687510949644e-03 0.0000000000000000e+00 -1.7547439427573728e-04 -1.7125350874115861e-03 0.0000000000000000e+00 -1.6835542424165225e-04 -1.6743737367730079e-03 0.0000000000000000e+00 -1.4539332067317612e-04 -1.6826564543032500e-03 0.0000000000000000e+00 -1.3414365193932558e-04 -1.7341009133294409e-03 0.0000000000000000e+00 -1.2200302627172568e-04 -1.6890254501455908e-03 0.0000000000000000e+00 -9.8313669629289442e-05 -1.6937882340005818e-03 0.0000000000000000e+00 -9.1055211473102228e-05 -1.7468232589815356e-03 0.0000000000000000e+00 -7.4455537446058392e-05 -1.6973063767887105e-03 0.0000000000000000e+00 -5.0501248522829692e-05 -1.6996916624200642e-03 0.0000000000000000e+00 -4.6996944254726115e-05 -1.7535627203214112e-03 0.0000000000000000e+00 -2.6506366184763881e-05 -1.7010691725794533e-03 0.0000000000000000e+00 -2.4926367707144997e-06 -1.7014710864734308e-03 0.0000000000000000e+00 -2.5691007621195842e-06 -1.7555954521072694e-03 0.0000000000000000e+00 2.1521000558213841e-05 -1.7009202962829902e-03 0.0000000000000000e+00 4.5521273326082301e-05 -1.6993999143259878e-03 0.0000000000000000e+00 4.1856964958711230e-05 -1.7532708906813181e-03 0.0000000000000000e+00 6.9479789158576055e-05 -1.6968611181517046e-03 0.0000000000000000e+00 9.3345670013126288e-05 -1.6932119516576225e-03 0.0000000000000000e+00 8.5906788388873703e-05 -1.7462401959265240e-03 0.0000000000000000e+00 1.1703496202657230e-04 -1.6882826782087630e-03 0.0000000000000000e+00 1.4042418133825040e-04 -1.6817806362207470e-03 0.0000000000000000e+00 1.2898337726371939e-04 -1.7332047328919016e-03 0.0000000000000000e+00 1.6335726534149133e-04 -1.6733016132711538e-03 0.0000000000000000e+00 1.8571725675458809e-04 -1.6621110554706001e-03 0.0000000000000000e+00 1.7034964570878533e-04 -1.7112747375302377e-03 0.0000000000000000e+00 -1.5944635565892361e-04 -1.7572675306021142e-03 0.0000000000000000e+00 -1.4284865011674933e-04 -1.7975168161932071e-03 0.0000000000000000e+00 -1.4097952913730586e-04 -1.7703524307593945e-03 0.0000000000000000e+00 -1.2207930073782389e-04 -1.7806446480835411e-03 0.0000000000000000e+00 -1.0954169598989441e-04 -1.8223126202711144e-03 0.0000000000000000e+00 -1.0277738615782102e-04 -1.7886903521620605e-03 0.0000000000000000e+00 -8.3128440376658785e-05 -1.7947925556680698e-03 0.0000000000000000e+00 -7.4808234112591922e-05 -1.8376863687402144e-03 0.0000000000000000e+00 -6.3220598764566636e-05 -1.7992968305409532e-03 0.0000000000000000e+00 -4.3123676762468494e-05 -1.8023486838210380e-03 0.0000000000000000e+00 -3.9023622527969633e-05 -1.8459938613895430e-03 0.0000000000000000e+00 -2.2913035453632735e-05 -1.8041145283011154e-03 0.0000000000000000e+00 -2.6445305111084343e-06 -1.8046398696857692e-03 0.0000000000000000e+00 -2.7256436047622695e-06 -1.8485304755839539e-03 0.0000000000000000e+00 1.7622823238363236e-05 -1.8039647581526573e-03 0.0000000000000000e+00 3.7835443295655445e-05 -1.8020558073648116e-03 0.0000000000000000e+00 3.3569522400390026e-05 -1.8456976698718540e-03 0.0000000000000000e+00 5.7930724500926676e-05 -1.7988466762207955e-03 0.0000000000000000e+00 7.7839364526966295e-05 -1.7942026042562936e-03 0.0000000000000000e+00 6.9346147787627144e-05 -1.8370880958965797e-03 0.0000000000000000e+00 9.7480965243610594e-05 -1.7879336237917889e-03 0.0000000000000000e+00 1.1677905916648130e-04 -1.7797375193676207e-03 0.0000000000000000e+00 1.0407308466008659e-04 -1.8213948895004376e-03 0.0000000000000000e+00 1.3566166575275926e-04 -1.7692698547589754e-03 0.0000000000000000e+00 1.5411342993650493e-04 -1.7560150871030371e-03 0.0000000000000000e+00 1.3740491919203966e-04 -1.7962659175127787e-03 0.0000000000000000e+00 -1.2596360079066406e-04 -1.8332358520040885e-03 0.0000000000000000e+00 -1.0887914961995476e-04 -1.8643620855176468e-03 0.0000000000000000e+00 -1.1147221911015596e-04 -1.8475168389972593e-03 0.0000000000000000e+00 -9.6690370396235287e-05 -1.8591035385017130e-03 0.0000000000000000e+00 -8.3707678012734528e-05 -1.8910237377494561e-03 0.0000000000000000e+00 -8.1599221544631560e-05 -1.8683470153412973e-03 0.0000000000000000e+00 -6.6213737031859342e-05 -1.8754980160613352e-03 0.0000000000000000e+00 -5.7509703198899685e-05 -1.9082419060930339e-03 0.0000000000000000e+00 -5.0583235851938884e-05 -1.8808238258915862e-03 0.0000000000000000e+00 -3.4760453407062179e-05 -1.8844688002907757e-03 0.0000000000000000e+00 -3.0432805989308873e-05 -1.9177733616437484e-03 0.0000000000000000e+00 -1.8812546456987342e-05 -1.8865874141454407e-03 0.0000000000000000e+00 -2.7994985770904321e-06 -1.8872284879790963e-03 0.0000000000000000e+00 -2.8819915391707885e-06 -1.9207254728862916e-03 0.0000000000000000e+00 1.3211714052992268e-05 -1.8864361927115752e-03 0.0000000000000000e+00 2.9159999770269034e-05 -1.8841696576962991e-03 0.0000000000000000e+00 2.4666619021597850e-05 -1.9174708119471030e-03 0.0000000000000000e+00 4.4978873710099301e-05 -1.8803686431877558e-03 0.0000000000000000e+00 6.0607959202294766e-05 -1.8748938141220205e-03 0.0000000000000000e+00 5.1738169596589741e-05 -1.9076318069806003e-03 0.0000000000000000e+00 7.5986525651788550e-05 -1.8675820565536394e-03 0.0000000000000000e+00 9.1074322777003302e-05 -1.8581818230931850e-03 0.0000000000000000e+00 7.7933152380648424e-05 -1.8900969974154369e-03 0.0000000000000000e+00 1.0584694431153412e-04 -1.8464332523352334e-03 0.0000000000000000e+00 1.2032863303280413e-04 -1.8319891707595593e-03 0.0000000000000000e+00 1.0312139327310705e-04 -1.8631169342235002e-03 0.0000000000000000e+00 -9.1777000361483994e-05 -1.8908468556024459e-03 0.0000000000000000e+00 -7.4701129907228368e-05 -1.9126308649239636e-03 0.0000000000000000e+00 -8.1327350597166888e-05 -1.9057300527085775e-03 0.0000000000000000e+00 -7.0693287390172961e-05 -1.9180664221259025e-03 0.0000000000000000e+00 -5.7746233009136351e-05 -1.9402308611923835e-03 0.0000000000000000e+00 -5.9839394841667392e-05 -1.9280689480414806e-03 0.0000000000000000e+00 -4.8765533580974101e-05 -1.9359290717173583e-03 0.0000000000000000e+00 -4.0076932207429014e-05 -1.9585818413167416e-03 0.0000000000000000e+00 -3.7497437571199235e-05 -1.9418353035977381e-03 0.0000000000000000e+00 -2.6072600954397709e-05 -1.9459168587155145e-03 0.0000000000000000e+00 -2.1744706720037482e-05 -1.9689255386159516e-03 0.0000000000000000e+00 -1.4541780460673855e-05 -1.9482985449817195e-03 0.0000000000000000e+00 -2.9553518801192445e-06 -1.9490282182066478e-03 0.0000000000000000e+00 -3.0373154987842519e-06 -1.9721623585956687e-03 0.0000000000000000e+00 8.6291630328050752e-06 -1.9481460010167052e-03 0.0000000000000000e+00 2.0159785051499649e-05 -1.9456114006683382e-03 0.0000000000000000e+00 1.5668669400309295e-05 -1.9686172921837687e-03 0.0000000000000000e+00 3.1580581237698602e-05 -1.9413763341984904e-03 0.0000000000000000e+00 4.2846687544441684e-05 -1.9353148165199448e-03 0.0000000000000000e+00 3.3997665804472726e-05 -1.9579635533135782e-03 0.0000000000000000e+00 5.3915360544863158e-05 -1.9272998979284175e-03 0.0000000000000000e+00 6.4766605079711849e-05 -1.9171383931303209e-03 0.0000000000000000e+00 5.1665219705873788e-05 -1.9393005501046529e-03 0.0000000000000000e+00 7.5396525878933154e-05 -1.9046472725182282e-03 0.0000000000000000e+00 8.5840669855112234e-05 -1.8896034532458646e-03 0.0000000000000000e+00 6.8630196353040691e-05 -1.9113888227012743e-03 0.0000000000000000e+00 -5.7767324160208073e-05 -1.9296671935789169e-03 0.0000000000000000e+00 -4.0999851963036535e-05 -1.9419021654768311e-03 0.0000000000000000e+00 -5.1415168266786648e-05 -1.9447885830353390e-03 0.0000000000000000e+00 -4.4936876619027156e-05 -1.9575118520730921e-03 0.0000000000000000e+00 -3.2322333653864594e-05 -1.9699056485677699e-03 0.0000000000000000e+00 -3.8298175473700577e-05 -1.9679407598866298e-03 0.0000000000000000e+00 -3.1497175569963041e-05 -1.9762198352630861e-03 0.0000000000000000e+00 -2.3092873351839034e-05 -1.9888669329413389e-03 0.0000000000000000e+00 -2.4546387195663747e-05 -1.9824763017615857e-03 0.0000000000000000e+00 -1.7473685697044589e-05 -1.9868289245027096e-03 0.0000000000000000e+00 -1.3310193723901332e-05 -1.9996675840496356e-03 0.0000000000000000e+00 -1.0315148651295273e-05 -1.9893738365605925e-03 0.0000000000000000e+00 -3.1115716233500597e-06 -1.9901599370136911e-03 0.0000000000000000e+00 -3.1923941262638700e-06 -2.0030677509950928e-03 0.0000000000000000e+00 4.0904383158841491e-06 -1.9892203811258981e-03 0.0000000000000000e+00 1.1249007052816103e-05 -1.9865180110161060e-03 0.0000000000000000e+00 6.9251215573827566e-06 -1.9993552199933421e-03 0.0000000000000000e+00 1.8318786119920533e-05 -1.9820150221495606e-03 0.0000000000000000e+00 2.5267768788334412e-05 -1.9755977912297379e-03 0.0000000000000000e+00 1.6706995108671651e-05 -1.9882420161934414e-03 0.0000000000000000e+00 3.2064985360260058e-05 -1.9671698784759083e-03 0.0000000000000000e+00 3.8700970922138328e-05 -1.9565805499706323e-03 0.0000000000000000e+00 2.5935312808393769e-05 -1.9689723985652067e-03 0.0000000000000000e+00 4.5177443861932131e-05 -1.9437074820535880e-03 0.0000000000000000e+00 5.1527960130601851e-05 -1.9284273034723192e-03 0.0000000000000000e+00 3.4611952240069495e-05 -1.9406658873478569e-03 0.0000000000000000e+00 -2.4428083494335178e-05 -1.9492848201317016e-03 0.0000000000000000e+00 -2.2249405394004275e-05 -1.9644892241787127e-03 0.0000000000000000e+00 -1.9967298423005478e-05 -1.9773992570769178e-03 0.0000000000000000e+00 -1.7540221006403362e-05 -1.9880510216302265e-03 0.0000000000000000e+00 -1.4950375199396587e-05 -1.9965437519647170e-03 0.0000000000000000e+00 -1.2200531138392593e-05 -2.0029939514571954e-03 0.0000000000000000e+00 -9.3099882329814972e-06 -2.0074902230398451e-03 0.0000000000000000e+00 -6.3180363328927926e-06 -2.0101279458612951e-03 0.0000000000000000e+00 -3.2709625550327407e-06 -2.0109449825968409e-03 0.0000000000000000e+00 -2.2427521700450948e-07 -2.0099700037145597e-03 0.0000000000000000e+00 2.7689146433731974e-06 -2.0071777313467125e-03 0.0000000000000000e+00 5.6600564298544179e-06 -2.0025209163831281e-03 0.0000000000000000e+00 8.4115641508049031e-06 -1.9959180907588425e-03 0.0000000000000000e+00 1.1002664526120438e-05 -1.9872673147211940e-03 0.0000000000000000e+00 1.3429432113526503e-05 -1.9764646698205886e-03 0.0000000000000000e+00 1.5710924153449523e-05 -1.9634077021648631e-03 0.0000000000000000e+00 1.7885579426000956e-05 -1.9480531391109458e-03 0.0000000000000000e+00
</DataArray>
        <DataArray type="Float64" format="ascii" Name="ux">
4.1932190046322596e-16 -7.8145509799380393e-16 1.3154645906000267e-06 -7.9966875686382967e-06 2.3347412624014243e-04 -2.3793319564393813e-04 2.5858264920268681e-16 -1.0438892844563525e-16 -6.6638748657067933e-17 -3.2089741060926323e-16 1.1371635921649050e-16 2.8564750983822482e-16 1.2363174484412556e-15 -1.0065283517826459e-15 4.4421562105591543e-15 -1.4669191911292415e-15 1.4396843892979741e-15 1.3336672756207725e-15 -2.4804096024073659e-14 8.6677585774789413e-16 1.0386200682610369e-14 -6.0771515281890937e-16 -4.6173018123803988e-15 1.7171314052810314e-04 2.3548764405074746e-04 2.5815859909711619e-04 2.5996049822548777e-04 2.5099932359838383e-04 2.3758004674626586e-04 2.2454880887475020e-04 2.1752810320088944e-04 1.0595563654786574e-04 2.0921848743164694e-04 2.5007072173846220e-04 2.6096072042549614e-04 2.5649252544550664e-04 2.4465906313425037e-04 2.3088422648827843e-04 2.2008792076499785e-04 2.2058334173249495e-04 1.8210908787261100e-04 1.3028214828604730e-04 7.7865391604826705e-05 2.4737822294495330e-05 -2.8681423992083408e-05 -8.1818331220636769e-05 -1.3426527930714464e-04 -1.8610536246825452e-04 2.0801564070679660e-04 1.5626271789564484e-04 1.0416507623025627e-04 5.1351199969110325e-05 -1.9930491387854955e-06 -5.5338135349562969e-05 -1.0816132714216729e-04 -1.6027748191446039e-04 -2.1174994574489465e-04 -2.2131559112132420e-04 -2.2802087990938082e-04 -2.4072331732384705e-04 -2.5383736543226960e-04 -2.6251230467827264e-04 -2.6041436907036768e-04 -2.3730707238965175e-04 -1.7302346037731387e-04 -2.2475791246874633e-04 -2.2351059551255903e-04 -2.3394791904905707e-04 -2.4739746998293246e-04 -2.5890370468456151e-04 -2.6306164400060987e-04 -2.5198229901376128e-04 -2.1186876292744088e-04 -1.1377433909931663e-04 -2.6607691933457013e-04 -2.5435660364474949e-04 -2.2832376776052142e-04 -1.9537954665129804e-04 -1.5901772950492943e-04 -1.2118176710458736e-04 -8.3020225841723348e-05 -4.5225943804468858e-05 -2.5953858161087130e-04 -2.6254331757175650e-04 -2.4257029820285477e-04 -2.1252218596495132e-04 -1.7754206111379468e-04 -1.4024537264289847e-04 -1.0212260787924218e-04 -6.4065650757982078e-05 -2.6556577007021767e-05 -8.0191531179296639e-06 -7.6568200959952830e-06 -6.4553511045822925e-06 -4.4880047315220793e-06 -2.2190364664843506e-06 -2.4680241123327724e-07 9.6636300151691172e-07 1.3478173698310690e-06 -8.0291927826022078e-06 -7.9232662685953922e-06 -7.1549380865300327e-06 -5.5313052392203318e-06 -3.3468169025404180e-06 -1.1627169553187975e-06 4.6136762759955504e-07 1.2346742078139865e-06 1.3334248044249064e-06 3.8845713986924215e-05 7.6961686041196654e-05 1.1544676926839548e-04 1.5360931678915738e-04 1.9030369700326726e-04 2.2358682655678247e-04 2.4995045226206436e-04 2.6199253755044123e-04 2.0023517537143998e-05 5.7826365631885030e-05 9.6178748083566013e-05 1.3459712996824331e-04 1.7218471657654314e-04 2.0744770168776232e-04 2.3777567281280514e-04 2.5815780746273552e-04 2.5646998423509967e-04 -1.7731277504261497e-04 -1.3066310973365594e-04 -8.0492002032256336e-05 -2.8270834337827073e-05 2.4612841522403330e-05 7.6832527453382185e-05 1.2697473785104171e-04 1.7351254029785893e-04 -1.8034417790425123e-04 -1.3210800897165304e-04 -8.1306202352489932e-05 -2.8458853347954979e-05 2.5110466962620933e-05 7.7954938267859626e-05 1.2875480709508146e-04 1.7707351063098235e-04 -1.8977381505948888e-04 -1.3788188961913383e-04 -8.4269472428313228e-05 -2.9270351319745101e-05 2.6230604575249602e-05 8.1244058214075728e-05 1.3489927062993259e-04 1.8683241625332090e-04 -1.9997654437116534e-04 -1.4431031356312846e-04 -8.7461166508326300e-05 -3.0102571557654064e-05 2.7379218311255395e-05 8.4757416601735004e-05 1.4166144730433784e-04 1.9736142980323327e-04 -2.0582540754594713e-04 -1.4685236281641298e-04 -8.7923550805378499e-05 -2.9944355879206204e-05 2.7555485283269884e-05 8.5525830027018287e-05 1.4449198035169713e-04 2.0354672810967591e-04 -2.0059697569456148e-04 -1.3965904863854253e-04 -8.1915720345962273e-05 -2.7531726318479540e-05 2.5539213187743799e-05 7.9831474078367819e-05 1.3748776517743502e-04 1.9860009741635626e-04 -1.7370927019704543e-04 -1.1511019534802342e-04 -6.5472779589526709e-05 -2.1674132883651534e-05 2.0212860407884638e-05 6.3820959135018460e-05 1.1302614065218532e-04 1.7159739600786434e-04 -1.0954847263451229e-04 -6.6434210365519893e-05 -3.6803674969986539e-05 -1.2066617440991970e-05 1.1298129962712437e-05 3.5910419529283018e-05 6.5050687038918658e-05 1.0531798727160047e-04 -2.0253224588296607e-04 -1.9928434806449870e-04 -1.7996238462591579e-04 -1.5642012156256660e-04 -1.5443562359253595e-04 -1.3192668763600734e-04 -1.0671611705821874e-04 -1.0591191019754362e-04 -8.0967492820422545e-05 -5.4827472660394211e-05 -5.4547765214304835e-05 -2.8435402810862087e-05 -1.9138568916212750e-06 -1.8319441045933005e-06 2.4603143568171391e-05 5.1001047262118639e-05 5.0885736499242566e-05 7.7135778508146037e-05 1.0290030285780416e-04 1.0225476226924890e-04 1.2811083378388952e-04 1.5265141160015745e-04 1.5078201104980633e-04 1.7617360728519827e-04 1.9865554054590830e-04 1.9525335435321856e-04 -2.0040226256811788e-04 -2.0407882763103443e-04 -1.7766102868698854e-04 -1.5452220114390953e-04 -1.5650280575262314e-04 -1.3063600397518208e-04 -1.0594615560206527e-04 -1.0701758650221162e-04 -8.0545122799039812e-05 -5.4591548898180332e-05 -5.5056340669410348e-05 -2.8266503543761172e-05 -1.7549250463022217e-06 -1.6736275369385696e-06 2.4759005059380728e-05 5.1086166482602598e-05 5.1709441743482989e-05 7.7046601646411152e-05 1.0244455889227688e-04 1.0367001382457934e-04 1.2712939878048950e-04 1.5095911486859493e-04 1.5316013909707783e-04 1.7401591065400174e-04 1.9673512795378778e-04 2.0061948647560112e-04 -2.0928417200577953e-04 -2.1531554236352832e-04 -1.8469801255558858e-04 -1.5991191766537378e-04 -1.6404111703363473e-04 -1.3467787347939280e-04 -1.0890733320332449e-04 -1.1129163365406559e-04 -8.2603589358092299e-05 -5.5860378067998570e-05 -5.6888678055278762e-05 -2.8806475780769798e-05 -1.5955113961095113e-06 -1.5167099322852422e-06 2.5616991209948098e-05 5.2667053477897406e-05 5.3858263500034582e-05 7.9409490465720648e-05 1.0570330381795957e-04 1.0827483705687641e-04 1.3146819904953554e-04 1.5669460089620389e-04 1.6104232400837668e-04 1.8150699685381912e-04 2.0612586776578643e-04 2.1225204512782253e-04 -2.2141666844576911e-04 -2.2717903231706332e-04 -1.9510594173831238e-04 -1.6841531618664316e-04 -1.7236206586788429e-04 -1.4130455078070915e-04 -1.1381816002746533e-04 -1.1598924136942647e-04 -8.6005758352094880e-05 -5.7949808220177819e-05 -5.8808496859793404e-05 -2.9731952686843545e-05 -1.4359885007117987e-06 -1.3553717229689874e-06 2.6859773042688546e-05 5.5071564342197053e-05 5.6100186437276636e-05 8.3124298187114498e-05 1.1092905748067062e-04 1.1329501999694460e-04 1.3842341259544792e-04 1.6553693021902429e-04 1.6968864349703323e-04 1.9226904227414082e-04 2.1861233826174129e-04 2.2442953691777549e-04 -2.3175439726912279e-04 -2.3467520907312296e-04 -2.0382893828523125e-04 -1.7531810426556758e-04 -1.7648744671033741e-04 -1.4641825970780040e-04 -1.1734621373567340e-04 -1.1728094835252862e-04 -8.8246052108777439e-05 -5.9191894555423182e-05 -5.8813033201375942e-05 -3.0205816524103573e-05 -1.2648858359725517e-06 -1.1823418397470445e-06 2.7673120014967817e-05 5.6647432533918250e-05 5.6437698620734913e-05 8.5688058078801585e-05 1.1477026555629175e-04 1.1489362454500794e-04 1.4383983345847819e-04 1.7273496300298943e-04 1.7410872268172088e-04 2.0129026785226266e-04 2.2925049780646675e-04 2.3219507056789537e-04 -2.3477128378953044e-04 -2.3126407355888244e-04 -2.0520382018887363e-04 -1.7506494451341838e-04 -1.6990353768797699e-04 -1.4492426701991502e-04 -1.1516207364459789e-04 -1.1027883807577412e-04 -8.5963753056799607e-05 -5.7309371301190419e-05 -5.4400151920232349e-05 -2.9075567467776276e-05 -1.0707999255577388e-06 -9.7939040279125393e-07 2.6926977249085009e-05 5.5135782597472578e-05 5.2397954058874756e-05 8.3752715459928492e-05 1.1290107317744354e-04 1.0818056093873994e-04 1.4261267643030261e-04 1.7271634929968830e-04 1.6776137010238634e-04 2.0287955921679873e-04 2.3248439964006565e-04 2.2894184831924859e-04 -2.2229988183907748e-04 -2.0623595174077046e-04 -1.9093116602415458e-04 -1.5979439716855138e-04 -1.4319366934368894e-04 -1.3002522512328690e-04 -1.0184840724062115e-04 -8.9301856007411307e-05 -7.5177944640159798e-05 -4.9717427213571172e-05 -4.3105808153673588e-05 -2.5068046157919502e-05 -8.4046511572708358e-07 -7.1924110550382310e-07 2.3376371052961422e-05 4.7986361326515316e-05 4.1590023222049690e-05 7.3384133783837511e-05 9.9953426739598638e-05 8.7525653304866083e-05 1.2799431875303846e-04 1.5762778900061113e-04 1.4114861041103914e-04 1.8859171647442970e-04 2.1995271661494356e-04 2.0374508261654980e-04 -1.7966034391066736e-04 -1.3814351090127796e-04 -1.4735142987109325e-04 -1.1875280234840902e-04 -8.5454879811624337e-05 -9.3901401983869403e-05 -7.2191478846953639e-05 -5.0737027011645984e-05 -5.2622948711448456e-05 -3.4526655113290873e-05 -2.4109609062165871e-05 -1.7326096666674055e-05 -5.6394646481273256e-07 -3.9118586683103867e-07 1.6182638118035431e-05 3.3347950277111250e-05 2.3268390389402989e-05 5.1373825049517134e-05 7.0831055220221448e-05 4.9644142269584637e-05 9.2346199612163793e-05 1.1674692383787994e-04 8.3305666762581822e-05 1.4480782100773811e-04 1.7661674241395889e-04 1.3589408800552738e-04 -7.5038497139715755e-05 -5.6563306431797824e-05 -4.4092782861619461e-05 -3.4364744401585212e-05 -2.6209360702096663e-05 -1.9023023158514651e-05 -1.2452676152806505e-05 -6.2511588818403725e-06 -2.2458702643829396e-07 5.7887537191605330e-06 1.1971435801693907e-05 1.8493375249541998e-05 2.5653347582903204e-05 3.3780103897554539e-05 4.3692737288505762e-05 5.6576462383695062e-05 7.5371728058414291e-05 -2.0330786979226408e-04 -1.4334633707285111e-04 -8.6092741483579440e-05 -3.0015086671022857e-05 2.5758081794983506e-05 8.1855899386862736e-05 1.3919516349337121e-04 1.9950791413746665e-04 -1.9899091776019338e-04 -1.4169716963768648e-04 -8.5293472193042518e-05 -2.9831777837561918e-05 2.5301285205400814e-05 8.0791936189806971e-05 1.3723853010556340e-04 1.9441034116498684e-04 -1.8053608458382225e-04 -1.3023184668456967e-04 -7.9105691577267657e-05 -2.7956904314580597e-05 2.3133840410754257e-05 7.4287159738721967e-05 1.2539095740666276e-04 1.7562838369412172e-04 -1.5509265163162061e-04 -1.1278082775827550e-04 -6.9105094288841922e-05 -2.4801986138384542e-05 1.9666176157265124e-05 6.3960305473319794e-05 1.0760981716067642e-04 1.4990505209396557e-04 -1.2638948820764599e-04 -9.2345758439118717e-05 -5.7017853690403972e-05 -2.0907036678110847e-05 1.5453539012706514e-05 5.1555373236921645e-05 8.6868336400891175e-05 1.2091310847636111e-04 -9.6417724141941786e-05 -7.0741193831721621e-05 -4.4062121763205400e-05 -1.6689437159264387e-05 1.0921274008386123e-05 3.8288635769897987e-05 6.4961548769017075e-05 9.0642737514686302e-05 -6.6302726179352344e-05 -4.9006856587812994e-05 -3.0980708512175570e-05 -1.2416888574338196e-05 6.3383518929176769e-06 2.4899537744052957e-05 4.2923871960896251e-05 6.0224124655574001e-05 -3.6717667317382153e-05 -2.7782711923520406e-05 -1.8260774024349912e-05 -8.2737631114266903e-06 1.8877861434727178e-06 1.1873604589804712e-05 2.1394710325907054e-05 3.0333328244468728e-05 -2.2814511121324978e-04 -2.3477618918597306e-04 -1.9775078035389561e-04 -1.6848124057832690e-04 -1.7296013299421506e-04 -1.4006196620160028e-04 -1.1214271179186925e-04 -1.1451540017697445e-04 -8.4485447251172975e-05 -5.6963226655388322e-05 -5.7975188851117714e-05 -2.9492124505559249e-05 -2.0448941522648436e-06 -2.1259479325055292e-06 2.5407119807738633e-05 5.2868970464702058e-05 5.3728073267511224e-05 8.0393867457878329e-05 1.0802723584165517e-04 1.1029241567641505e-04 1.3594457105645723e-04 1.6430926567155584e-04 1.6883404860500512e-04 1.9359537724582309e-04 2.2406795204442918e-04 2.3106008137736069e-04 -2.3348393460976633e-04 -2.2713139490313411e-04 -2.0346460938992273e-04 -1.7351357662597137e-04 -1.7031712358140408e-04 -1.4401560966016531e-04 -1.1502363611043033e-04 -1.1336893957561152e-04 -8.6456840101423906e-05 -5.8206592023242541e-05 -5.7487600507999907e-05 -3.0153462859603280e-05 -2.1978587432666393e-06 -2.2686944094387871e-06 2.5757742958842903e-05 5.3813526796203063e-05 5.2960214144356518e-05 8.2067467398408197e-05 1.1065325361742394e-04 1.0887142100386623e-04 1.3967601781988335e-04 1.6927585492475220e-04 1.6582968736112821e-04 1.9935130786292348e-04 2.2942665203104165e-04 2.2279214836496230e-04 -2.1717511587725571e-04 -2.0478977701776329e-04 -1.9088654087553669e-04 -1.6401970889529601e-04 -1.5555853743346793e-04 -1.3692853653479226e-04 -1.0981858998672298e-04 -1.0469850858531131e-04 -8.2802756486652059e-05 -5.5901721832856473e-05 -5.3523312075659459e-05 -2.9098214465823296e-05 -2.3454006992315103e-06 -2.4154217880234950e-06 2.4407577108292610e-05 5.1219417048612250e-05 4.8696078123999250e-05 7.8130278557534487e-05 1.0516700304040952e-04 9.9872440520005858e-05 1.3229975944667563e-04 1.5940917359177028e-04 1.5071867699734592e-04 1.8626435598947540e-04 2.1252019518690720e-04 2.0000548631420251e-04 -1.9073926099841268e-04 -1.7547439427573728e-04 -1.6835542424165225e-04 -1.4539332067317612e-04 -1.3414365193932558e-04 -1.2200302627172568e-04 -9.8313669629289442e-05 -9.1055211473102228e-05 -7.4455537446058392e-05 -5.0501248522829692e-05 -4.6996944254726115e-05 -2.6506366184763881e-05 -2.4926367707144997e-06 -2.5691007621195842e-06 2.1521000558213841e-05 4.5521273326082301e-05 4.1856964958711230e-05 6.9479789158576055e-05 9.3345670013126288e-05 8.5906788388873703e-05 1.1703496202657230e-04 1.4042418133825040e-04 1.2898337726371939e-04 1.6335726534149133e-04 1.8571725675458809e-04 1.7034964570878533e-04 -1.5944635565892361e-04 -1.4284865011674933e-04 -1.4097952913730586e-04 -1.2207930073782389e-04 -1.0954169598989441e-04 -1.0277738615782102e-04 -8.3128440376658785e-05 -7.4808234112591922e-05 -6.3220598764566636e-05 -4.3123676762468494e-05 -3.9023622527969633e-05 -2.2913035453632735e-05 -2.6445305111084343e-06 -2.7256436047622695e-06 1.7622823238363236e-05 3.7835443295655445e-05 3.3569522400390026e-05 5.7930724500926676e-05 7.7839364526966295e-05 6.9346147787627144e-05 9.7480965243610594e-05 1.1677905916648130e-04 1.0407308466008659e-04 1.3566166575275926e-04 1.5411342993650493e-04 1.3740491919203966e-04 -1.2596360079066406e-04 -1.0887914961995476e-04 -1.1147221911015596e-04 -9.6690370396235287e-05 -8.3707678012734528e-05 -8.1599221544631560e-05 -6.6213737031859342e-05 -5.7509703198899685e-05 -5.0583235851938884e-05 -3.4760453407062179e-05 -3.0432805989308873e-05 -1.8812546456987342e-05 -2.7994985770904321e-06 -2.8819915391707885e-06 1.3211714052992268e-05 2.9159999770269034e-05 2.4666619021597850e-05 4.4978873710099301e-05 6.0607959202294766e-05 5.1738169596589741e-05 7.5986525651788550e-05 9.1074322777003302e-05 7.7933152380648424e-05 1.0584694431153412e-04 1.2032863303280413e-04 1.0312139327310705e-04 -9.1777000361483994e-05 -7.4701129907228368e-05 -8.1327350597166888e-05 -7.0693287390172961e-05 -5.7746233009136351e-05 -5.9839394841667392e-05 -4.8765533580974101e-05 -4.0076932207429014e-05 -3.7497437571199235e-05 -2.6072600954397709e-05 -2.1744706720037482e-05 -1.4541780460673855e-05 -2.9553518801192445e-06 -3.0373154987842519e-06 8.6291630328050752e-06 2.0159785051499649e-05 1.5668669400309295e-05 3.1580581237698602e-05 4.2846687544441684e-05 3.3997665804472726e-05 5.3915360544863158e-05 6.4766605079711849e-05 5.1665219705873788e-05 7.5396525878933154e-05 8.5840669855112234e-05 6.8630196353040691e-05 -5.7767324160208073e-05 -4.0999851963036535e-05 -5.1415168266786648e-05 -4.4936876619027156e-05 -3.2322333653864594e-05 -3.8298175473700577e-05 -3.1497175569963041e-05 -2.3092873351839034e-05 -2.4546387195663747e-05 -1.7473685697044589e-05 -1.3310193723901332e-05 -1.0315148651295273e-05 -3.1115716233500597e-06 -3.1923941262638700e-06 4.0904383158841491e-06 1.1249007052816103e-05 6.9251215573827566e-06 1.8318786119920533e-05 2.5267768788334412e-05 1.6706995108671651e-05 3.2064985360260058e-05 3.8700970922138328e-05 2.5935312808393769e-05 4.5177443861932131e-05 5.1527960130601851e-05 3.4611952240069495e-05 -2.4428083494335178e-05 -2.2249405394004275e-05 -1.9967298423005478e-05 -1.7540221006403362e-05 -1.4950375199396587e-05 -1.2200531138392593e-05 -9.3099882329814972e-06 -6.3180363328927926e-06 -3.2709625550327407e-06 -2.2427521700450948e-07 2.7689146433731974e-06 5.6600564298544179e-06 8.4115641508049031e-06 1.1002664526120438e-05 1.3429432113526503e-05 1.5710924153449523e-05 1.7885579426000956e-05
</DataArray>
        <DataArray type="Float64" format="ascii" Name="uy">
5.9331842127587428e-16 1.4019594879806404e-15 -1.9328917411214825e-03 -1.9342739579293030e-03 -1.1972762472917027e-03 -1.1994224497941489e-03 2.7997189784524359e-16 1.7781511646112993e-16 -1.4307791851962488e-15 5.4782881026718867e-17 6.0635961544583630e-16 3.2976084869653436e-16 3.9624409119458731e-16 -5.2300320383297499e-16 -2.1346785148223123e-15 -6.9738004618527070e-16 -4.3069893074017441e-15 2.1300166876131548e-16 2.3378856331407659e-15 2.0167390705350385e-15 -3.3564835034137922e-15 -1.8764787627592866e-16 -9.0693415785769672e-15 -2.1409553659081101e-04 -3.5973850501692380e-04 -4.9285823755161043e-04 -6.2159381725926995e-04 -7.4657526231466313e-04 -8.6733345052438849e-04 -9.8328009979108057e-04 -1.0942209814967254e-03 -1.1408287259916561e-04 -2.8986975137554734e-04 -4.2739389658898901e-04 -5.5790450584223530e-04 -6.8469884761714409e-04 -8.0761277457228476e-04 -9.2602908077091110e-04 -1.0395306493749057e-03 -1.1476677515618880e-03 -1.1876953842806992e-03 -1.1910253641728842e-03 -1.1943482342748034e-03 -1.1961488522011377e-03 -1.1963324161135265e-03 -1.1949031047575377e-03 -1.1919557724165628e-03 -1.1888433182970248e-03 -1.1895581481730568e-03 -1.1893951311168522e-03 -1.1929606642535663e-03 -1.1954958316769059e-03 -1.1964436888982377e-03 -1.1957932712056635e-03 -1.1935434685778103e-03 -1.1902302558257868e-03 -1.1908683784283888e-03 -1.0958641294136966e-03 -9.8483765476288640e-04 -8.6879605556683382e-04 -7.4798969205217458e-04 -6.2295841051323046e-04 -4.9412510207419305e-04 -3.6080711693319489e-04 -2.1619903393689310e-04 -1.1483128232693115e-03 -1.0412162251268286e-03 -9.2756730692286366e-04 -8.0906426051255171e-04 -6.8608532460014734e-04 -5.5917062112869720e-04 -4.2838416398367356e-04 -2.9104386785768567e-04 -1.2424637924025661e-04 -1.3514187504283066e-03 -1.4814372983718918e-03 -1.5968614905137847e-03 -1.6969389565380535e-03 -1.7805607370042758e-03 -1.8468135580839875e-03 -1.8949554315045806e-03 -1.9243388591640555e-03 -1.2779408203643728e-03 -1.4185523113186837e-03 -1.5411451399566392e-03 -1.6489602789114628e-03 -1.7409017543062865e-03 -1.8159260048062702e-03 -1.8731984620465702e-03 -1.9120324495336110e-03 -1.9317665821862479e-03 -1.9669870538273899e-03 -1.9906912350389607e-03 -2.0058005976612480e-03 -2.0130405117571937e-03 -2.0128824262436798e-03 -2.0053280774171606e-03 -1.9899097896591811e-03 -1.9659056181907668e-03 -1.9517569611604115e-03 -1.9799542406719536e-03 -1.9992662158486532e-03 -2.0103628131930957e-03 -2.0138787262034734e-03 -2.0100578935863030e-03 -1.9986521681123214e-03 -1.9790256833712543e-03 -1.9505200610813853e-03 -1.9229388286686026e-03 -1.8935582132678132e-03 -1.8454129894444537e-03 -1.7791519051812046e-03 -1.6955135614426483e-03 -1.5953931411719368e-03 -1.4798366635397006e-03 -1.3497099282625386e-03 -1.9303936409892483e-03 -1.9106455434504286e-03 -1.8718119449008604e-03 -1.8145356363931085e-03 -1.7395002388648907e-03 -1.6475248249595183e-03 -1.5395976251309806e-03 -1.4168040570030913e-03 -1.2780007980723886e-03 -1.0937144663975857e-03 -1.0942059707588748e-03 -1.0951800945572388e-03 -1.0955937928281909e-03 -1.0954397609761655e-03 -1.0947269076827025e-03 -1.0934798043518898e-03 -1.0926716607592693e-03 -9.8949939326293352e-04 -9.8888252830709854e-04 -9.8748645650761978e-04 -9.8648808655047229e-04 -9.8633045600028603e-04 -9.8701261255486035e-04 -9.8808803350574855e-04 -9.8839664650107783e-04 -8.7527853866057887e-04 -8.7350818201715119e-04 -8.6996897986792079e-04 -8.6759700263699274e-04 -8.6743486021415039e-04 -8.6948216434905214e-04 -8.7270334965267482e-04 -8.7415899735341545e-04 -7.5203040070345544e-04 -7.4740275913708673e-04 -7.4155563441064400e-04 -7.3796898764167328e-04 -7.3780853751285276e-04 -7.4107215610752682e-04 -7.4659393202025854e-04 -7.5090650545825259e-04 -6.2001616768833537e-04 -6.1053719414799724e-04 -6.0232216790616019e-04 -5.9788675528809883e-04 -5.9773257910403590e-04 -6.0185449851748432e-04 -6.0973724223828114e-04 -6.1889321309373463e-04 -4.7853728042451576e-04 -4.6326026627687382e-04 -4.5377160031277486e-04 -4.4938048945414370e-04 -4.4923669088971013e-04 -4.5333131508118338e-04 -4.6249623943998646e-04 -4.7742153188957460e-04 -3.2549723674996751e-04 -3.0734756457824025e-04 -2.9955332897110392e-04 -2.9653733501505464e-04 -2.9641450046181950e-04 -2.9915698933740553e-04 -3.0663179382011026e-04 -3.2449597964429272e-04 -1.6075149789961920e-04 -1.4898070863290233e-04 -1.4593301060121736e-04 -1.4500125897943698e-04 -1.4493571510012599e-04 -1.4570206062698747e-04 -1.4844943698969539e-04 -1.5898962436243806e-04 -1.1435550624227275e-03 -1.0943211069786962e-03 -1.1421273604349733e-03 -1.1427652061067283e-03 -1.0938107168545538e-03 -1.1438673294007411e-03 -1.1450139233433233e-03 -1.0947848125629463e-03 -1.1459475639921039e-03 -1.1465804586021670e-03 -1.0954741665671203e-03 -1.1469374511740096e-03 -1.1469887194405076e-03 -1.0955802660669335e-03 -1.1467692286258400e-03 -1.1462551919772150e-03 -1.0951446941482781e-03 -1.1454376340533500e-03 -1.1443457822500629e-03 -1.0941172700481008e-03 -1.1429840633597279e-03 -1.1416772709616592e-03 -1.0927852689844716e-03 -1.1408232124663134e-03 -1.1422387299971763e-03 -1.0931614944770661e-03 -1.0425118672407060e-03 -9.8826821916017204e-04 -1.0428451022007497e-03 -1.0427980677199153e-03 -9.8937313407119858e-04 -1.0426951330290543e-03 -1.0426107111381059e-03 -9.8818246286941315e-04 -1.0424600686717380e-03 -1.0423187565325111e-03 -9.8690393185506893e-04 -1.0421762817066542e-03 -1.0420711771019493e-03 -9.8628905337281507e-04 -1.0420145933201603e-03 -1.0419802537005411e-03 -9.8656747459014327e-04 -1.0419796663298376e-03 -1.0419438315872518e-03 -9.8752877509874831e-04 -1.0419225705585922e-03 -1.0418652644877272e-03 -9.8847319199709544e-04 -1.0418542322201199e-03 -1.0413114152298898e-03 -9.8699800301640635e-04 -9.3190368277126399e-04 -8.7360347338394026e-04 -9.3354188095221143e-04 -9.3339650971482630e-04 -8.7485957185394697e-04 -9.3250131145604528e-04 -9.3126256984980436e-04 -8.7169632596099044e-04 -9.3004235094377964e-04 -9.2903124148442325e-04 -8.6853848415353982e-04 -9.2834425771362074e-04 -9.2805295089360199e-04 -8.6721318078654115e-04 -9.2818201327307638e-04 -9.2869557646682176e-04 -8.6820264854302678e-04 -9.2956096145056224e-04 -9.3061512691132323e-04 -8.7104537248412404e-04 -9.3171571878543087e-04 -9.3247712975932137e-04 -8.7392004746966940e-04 -9.3245390485909474e-04 -9.3062141017738085e-04 -8.7231452612578282e-04 -8.1351554925127067e-04 -7.5169598239754312e-04 -8.1474081267533533e-04 -8.1377975498633532e-04 -7.5018650957130184e-04 -8.1179284742312406e-04 -8.0939256456224215e-04 -7.4432912846462236e-04 -8.0714137967342848e-04 -8.0532655523190221e-04 -7.3937136241272988e-04 -8.0413923292732027e-04 -8.0367897331831098e-04 -7.3743485912661016e-04 -8.0397517277455048e-04 -8.0498837741517395e-04 -7.3903178350327606e-04 -8.0665095574188820e-04 -8.0872839558987540e-04 -7.4365121038659347e-04 -8.1098449635392633e-04 -8.1280980408195039e-04 -7.4919003860102640e-04 -8.1362020505072893e-04 -8.1223374371747605e-04 -7.5042481237323874e-04 -6.8820922740211055e-04 -6.2299625254743480e-04 -6.8713283956586531e-04 -6.8406885563374964e-04 -6.1541709600172994e-04 -6.8030160668490773e-04 -6.7651939052832907e-04 -6.0604746713118982e-04 -6.7323689330160480e-04 -6.7073832518488102e-04 -5.9958745888268245e-04 -6.6915290674241716e-04 -6.6856871145121795e-04 -5.9726990456525342e-04 -6.6898958832583243e-04 -6.7039860712980682e-04 -5.9925736681752954e-04 -6.7274311835986288e-04 -6.7582741838070957e-04 -6.0535362057524515e-04 -6.7947221804490372e-04 -6.8303892143702755e-04 -6.1435210943190329e-04 -6.8599678150128201e-04 -6.8693595675853271e-04 -6.2173202441789615e-04 -5.5601679393401944e-04 -4.8699742641085641e-04 -5.5055204009515630e-04 -5.4416020103682588e-04 -4.7027862217998318e-04 -5.3815094957597551e-04 -5.3306038446450886e-04 -4.5782077909126373e-04 -5.2905136242998143e-04 -5.2620925091084237e-04 -4.5100923151326433e-04 -5.2448197679417108e-04 -5.2386785343879773e-04 -4.4880538240623969e-04 -5.2432719061256566e-04 -5.2589653295148349e-04 -4.5073324756074679e-04 -5.2857242329240595e-04 -5.3237988002794812e-04 -4.5719207535713951e-04 -5.3731547934874723e-04 -5.4306047271917028e-04 -4.6914906808410089e-04 -5.4937712202612508e-04 -5.5471338776086614e-04 -4.8565383168474305e-04 -4.1563924868856907e-04 -3.4117867657545601e-04 -4.0366120086941662e-04 -3.9371051719200518e-04 -3.1471022231588678e-04 -3.8616449327019356e-04 -3.8077526654777503e-04 -3.0257146428874364e-04 -3.7703785980811163e-04 -3.7457015459762378e-04 -2.9758729827162103e-04 -3.7316780438355514e-04 -3.7267716392491143e-04 -2.9615915145326014e-04 -3.7304026217892640e-04 -3.7434427140999336e-04 -2.9742242676316998e-04 -3.7662042804349240e-04 -3.8023519246639778e-04 -3.0218316948822085e-04 -3.8536797484855470e-04 -3.9262552782844709e-04 -3.1374205616902130e-04 -4.0239648002192755e-04 -4.1412275668846455e-04 -3.3941071016016809e-04 -2.6263390681532662e-04 -1.7819317479365556e-04 -2.4431399888347210e-04 -2.3388146213048911e-04 -1.5243271973557456e-04 -2.2781163741354322e-04 -2.2420714114389451e-04 -1.4693185819526989e-04 -2.2215400065833939e-04 -2.2088038508130486e-04 -1.4529977191573491e-04 -2.2022778894895240e-04 -2.1999391086954776e-04 -1.4489032415274455e-04 -2.2015592759291752e-04 -2.2079147114921992e-04 -1.4524105697695066e-04 -2.2191664964003055e-04 -2.2401222666407940e-04 -1.4684782731151701e-04 -2.2724235340906908e-04 -2.3319396651671267e-04 -1.5250498658103310e-04 -2.4282712566673156e-04 -2.6055611667832261e-04 -1.7638832078639813e-04 -8.5689495843618361e-05 -7.6873972349074800e-05 -7.3690226495291212e-05 -7.2548879118166444e-05 -7.1925891883892180e-05 -7.1672030772474115e-05 -7.1515807406991521e-05 -7.1457199768380308e-05 -7.1428944208681641e-05 -7.1436736177220826e-05 -7.1499216257873765e-05 -7.1612364337751285e-05 -7.1945851796605733e-05 -7.2503996091207571e-05 -7.4124850771153461e-05 -7.7175132712349999e-05 -8.7339747451902481e-05 -1.3501755817831070e-03 -1.3541987621946286e-03 -1.3582816218306673e-03 -1.3604669050214411e-03 -1.3603214138637016e-03 -1.3578546616651497e-03 -1.3535234637688193e-03 -1.3493078749496823e-03 -1.4947562422984173e-03 -1.5021934309229522e-03 -1.5072554412789922e-03 -1.5098193589237910e-03 -1.5096717233295215e-03 -1.5068129124547426e-03 -1.5014513512441429e-03 -1.4937002767396429e-03 -1.6193264401911758e-03 -1.6317049434750276e-03 -1.6387728924432935e-03 -1.6420427969278542e-03 -1.6418910400630721e-03 -1.6383180033374897e-03 -1.6309500373794701e-03 -1.6182545735937614e-03 -1.7247154179347375e-03 -1.7413736417849594e-03 -1.7508520683298654e-03 -1.7551372624017999e-03 -1.7549850339523107e-03 -1.7503962761842118e-03 -1.7406144087918692e-03 -1.7236360484845256e-03 -1.8112900544273278e-03 -1.8310199742980081e-03 -1.8426334670564380e-03 -1.8479482108374377e-03 -1.8477961721842999e-03 -1.8421773188995719e-03 -1.8302567033932015e-03 -1.8102101861179650e-03 -1.8790020272402791e-03 -1.9006959408171911e-03 -1.9138907203992573e-03 -1.9200384562760592e-03 -1.9198861228978763e-03 -1.9134330051172681e-03 -1.8999297819650121e-03 -1.8779231936450881e-03 -1.9276631614598733e-03 -1.9504797325130747e-03 -1.9646896689171000e-03 -1.9714020590607569e-03 -1.9712495705680342e-03 -1.9642310224241982e-03 -1.9497123149791378e-03 -1.9265858625686645e-03 -1.9570691201696300e-03 -1.9804574522809134e-03 -1.9952290366294896e-03 -2.0022645236329076e-03 -2.0021128605900622e-03 -1.9947722190949012e-03 -1.9796911094953126e-03 -1.9559918428238158e-03 -1.2721175050284762e-03 -1.3496108401122964e-03 -1.2710907191666365e-03 -1.2726073768859407e-03 -1.3520528322182453e-03 -1.2745714506426056e-03 -1.2765870874950676e-03 -1.3564832510287947e-03 -1.2782312570715614e-03 -1.2794369566870064e-03 -1.3596825050990091e-03 -1.2801282895814577e-03 -1.2803098449866736e-03 -1.3606950887972173e-03 -1.2799584070043012e-03 -1.2791004977623437e-03 -1.3593492876539243e-03 -1.2777167129151715e-03 -1.2758905487900594e-03 -1.3558075582335645e-03 -1.2736937113213022e-03 -1.2714738773152868e-03 -1.3510281299483871e-03 -1.2698121859051825e-03 -1.2705966084282983e-03 -1.3485605420413636e-03 -1.4219607893955126e-03 -1.4892302073654727e-03 -1.4248771665759513e-03 -1.4276578853639598e-03 -1.4987501779907433e-03 -1.4303219315423674e-03 -1.4328006021455174e-03 -1.5050246712469302e-03 -1.4347862520872302e-03 -1.4362776542798377e-03 -1.5088789605438781e-03 -1.4371383199192522e-03 -1.4373817497908845e-03 -1.5100886858031310e-03 -1.4369830312054850e-03 -1.4359447637291569e-03 -1.5085605961832262e-03 -1.4343268234073832e-03 -1.4321489517335581e-03 -1.5044100528572562e-03 -1.4295992471023641e-03 -1.4267940407579373e-03 -1.4979314093838871e-03 -1.4240098665015269e-03 -1.4208816990855272e-03 -1.4880345497095911e-03 -1.5517741341767241e-03 -1.6097878293984248e-03 -1.5594475718052198e-03 -1.5649923173987647e-03 -1.6262996656794552e-03 -1.5693662489216207e-03 -1.5727611560958767e-03 -1.6357393831879976e-03 -1.5753446625049218e-03 -1.5771618215163234e-03 -1.6408393745421016e-03 -1.5782138452716137e-03 -1.5785160288630776e-03 -1.6423858973966970e-03 -1.5780639569874871e-03 -1.5768564063909983e-03 -1.6405420385510532e-03 -1.5749014005069346e-03 -1.5721748176168696e-03 -1.6351620869428439e-03 -1.5686422232481703e-03 -1.5641603531464138e-03 -1.6254470048592433e-03 -1.5584225477678004e-03 -1.5505412959674837e-03 -1.6085238895040988e-03 -1.6633687510949644e-03 -1.7125350874115861e-03 -1.6743737367730079e-03 -1.6826564543032500e-03 -1.7341009133294409e-03 -1.6890254501455908e-03 -1.6937882340005818e-03 -1.7468232589815356e-03 -1.6973063767887105e-03 -1.6996916624200642e-03 -1.7535627203214112e-03 -1.7010691725794533e-03 -1.7014710864734308e-03 -1.7555954521072694e-03 -1.7009202962829902e-03 -1.6993999143259878e-03 -1.7532708906813181e-03 -1.6968611181517046e-03 -1.6932119516576225e-03 -1.7462401959265240e-03 -1.6882826782087630e-03 -1.6817806362207470e-03 -1.7332047328919016e-03 -1.6733016132711538e-03 -1.6621110554706001e-03 -1.7112747375302377e-03 -1.7572675306021142e-03 -1.7975168161932071e-03 -1.7703524307593945e-03 -1.7806446480835411e-03 -1.8223126202711144e-03 -1.7886903521620605e-03 -1.7947925556680698e-03 -1.8376863687402144e-03 -1.7992968305409532e-03 -1.8023486838210380e-03 -1.8459938613895430e-03 -1.8041145283011154e-03 -1.8046398696857692e-03 -1.8485304755839539e-03 -1.8039647581526573e-03 -1.8020558073648116e-03 -1.8456976698718540e-03 -1.7988466762207955e-03 -1.7942026042562936e-03 -1.8370880958965797e-03 -1.7879336237917889e-03 -1.7797375193676207e-03 -1.8213948895004376e-03 -1.7692698547589754e-03 -1.7560150871030371e-03 -1.7962659175127787e-03 -1.8332358520040885e-03 -1.8643620855176468e-03 -1.8475168389972593e-03 -1.8591035385017130e-03 -1.8910237377494561e-03 -1.8683470153412973e-03 -1.8754980160613352e-03 -1.9082419060930339e-03 -1.8808238258915862e-03 -1.8844688002907757e-03 -1.9177733616437484e-03 -1.8865874141454407e-03 -1.8872284879790963e-03 -1.9207254728862916e-03 -1.8864361927115752e-03 -1.8841696576962991e-03 -1.9174708119471030e-03 -1.8803686431877558e-03 -1.8748938141220205e-03 -1.9076318069806003e-03 -1.8675820565536394e-03 -1.8581818230931850e-03 -1.8900969974154369e-03 -1.8464332523352334e-03 -1.8319891707595593e-03 -1.8631169342235002e-03 -1.8908468556024459e-03 -1.9126308649239636e-03 -1.9057300527085775e-03 -1.9180664221259025e-03 -1.9402308611923835e-03 -1.9280689480414806e-03 -1.9359290717173583e-03 -1.9585818413167416e-03 -1.9418353035977381e-03 -1.9459168587155145e-03 -1.9689255386159516e-03 -1.9482985449817195e-03 -1.9490282182066478e-03 -1.9721623585956687e-03 -1.9481460010167052e-03 -1.9456114006683382e-03 -1.9686172921837687e-03 -1.9413763341984904e-03 -1.9353148165199448e-03 -1.9579635533135782e-03 -1.9272998979284175e-03 -1.9171383931303209e-03 -1.9393005501046529e-03 -1.9046472725182282e-03 -1.8896034532458646e-03 -1.9113888227012743e-03 -1.9296671935789169e-03 -1.9419021654768311e-03 -1.9447885830353390e-03 -1.9575118520730921e-03 -1.9699056485677699e-03 -1.9679407598866298e-03 -1.9762198352630861e-03 -1.9888669329413389e-03 -1.9824763017615857e-03 -1.9868289245027096e-03 -1.9996675840496356e-03 -1.9893738365605925e-03 -1.9901599370136911e-03 -2.0030677509950928e-03 -1.9892203811258981e-03 -1.9865180110161060e-03 -1.9993552199933421e-03 -1.9820150221495606e-03 -1.9755977912297379e-03 -1.9882420161934414e-03 -1.9671698784759083e-03 -1.9565805499706323e-03 -1.9689723985652067e-03 -1.9437074820535880e-03 -1.9284273034723192e-03 -1.9406658873478569e-03 -1.9492848201317016e-03 -1.9644892241787127e-03 -1.9773992570769178e-03 -1.9880510216302265e-03 -1.9965437519647170e-03 -2.0029939514571954e-03 -2.0074902230398451e-03 -2.0101279458612951e-03 -2.0109449825968409e-03 -2.0099700037145597e-03 -2.0071777313467125e-03 -2.0025209163831281e-03 -1.9959180907588425e-03 -1.9872673147211940e-03 -1.9764646698205886e-03 -1.9634077021648631e-03 -1.9480531391109458e-03
</DataArray>
        <DataArray type="Float64" format="ascii" Name="U_magnitude">
7.2653809620238595e-16 1.6050428268801569e-15 1.9328921887530937e-03 1.9342904878367057e-03 1.2198280944266287e-03 1.2227945120336179e-03 3.8111579611943049e-16 2.0619229865374012e-16 1.4323301992255213e-15 3.2554003162332853e-16 6.1693062300154656e-16 4.3627596451080980e-16 1.2982643078845391e-15 1.1342978771741779e-15 4.9284484536873529e-15 1.6242508556625847e-15 4.5412386014017402e-15 1.3505695513215300e-15 2.4914029959143759e-14 2.1951165951259009e-15 1.0915088003683023e-14 6.3602628281901730e-16 1.0177054224848969e-14 2.7444908711477141e-04 4.2996072203444684e-04 5.5637676498058867e-04 6.7376430173510563e-04 7.8763905613361655e-04 8.9928393347735267e-04 1.0085940324095846e-03 1.1156334667039322e-03 1.5569681671999871e-04 3.5748685045146463e-04 4.9517765368836545e-04 6.1592039684042180e-04 7.3116409070581349e-04 8.4385807504939656e-04 9.5437800921569296e-04 1.0625736039712606e-03 1.1686737263346832e-03 1.2015756512710600e-03 1.1981297326521779e-03 1.1968837553936111e-03 1.1964046290757876e-03 1.1966761775544133e-03 1.1977009931877544e-03 1.1994939468895165e-03 1.2033219192713650e-03 1.2076088334653616e-03 1.1996161114825891e-03 1.1974996908401961e-03 1.1965981904111024e-03 1.1964453489187430e-03 1.1970730373225805e-03 1.1984343470019146e-03 1.2009733273857326e-03 1.2095476568798873e-03 1.1179887213246028e-03 1.0108900671752148e-03 9.0152886901745226e-04 7.8988732582938850e-04 6.7601027457921733e-04 5.5854745556501231e-04 4.3185231530673952e-04 2.7690998558409870e-04 1.1701019012470861e-03 1.0649357791781349e-03 9.5661525060993988e-04 8.4604402119078774e-04 7.3331043967141238e-04 6.1795890808188578e-04 4.9699906535953520e-04 3.5999292454431118e-04 1.6846887840725941e-04 1.3773632658132643e-03 1.5031146831912402e-03 1.6131020931144644e-03 1.7081495805303833e-03 1.7876473859399992e-03 1.8507850601843069e-03 1.8967731665350820e-03 1.9248702374138947e-03 1.3040295302247373e-03 1.4426432870079714e-03 1.5601181660317243e-03 1.6625990740268956e-03 1.7499314562608561e-03 1.8213335827023582e-03 1.8759801452184117e-03 1.9131054585873055e-03 1.9319491141937116e-03 1.9670034002871690e-03 1.9907059602449892e-03 2.0058109853962067e-03 2.0130455146772355e-03 2.0128836493954346e-03 2.0053280926045584e-03 1.9899100243073549e-03 1.9659060802199287e-03 1.9517734764502935e-03 1.9799700940426389e-03 1.9992790187897277e-03 2.0103704225856753e-03 2.0138815071990470e-03 2.0100582298727874e-03 1.9986522213632295e-03 1.9790260685153844e-03 1.9505205168627783e-03 1.9233311540908737e-03 1.8951215813641871e-03 1.8490205672584677e-03 1.7857707926591088e-03 1.7061599380272191e-03 1.6109842779829331e-03 1.5007970480189264e-03 1.3749025347938619e-03 1.9304974878062617e-03 1.9115204108952580e-03 1.8742812778919987e-03 1.8195208059091359e-03 1.7480013322745370e-03 1.6605338291626058e-03 1.5578504799532392e-03 1.4401316570002846e-03 1.3034810672530746e-03 1.1079942031439823e-03 1.1019798340666861e-03 1.0981340546151748e-03 1.0959584841397131e-03 1.0957162323774004e-03 1.0974198101362154e-03 1.1008272646413641e-03 1.1063624902657519e-03 1.0057997175241570e-03 9.9766787099991048e-04 9.9082803771742317e-04 9.8689850098168295e-04 9.8665004129367632e-04 9.9008629408891256e-04 9.9644154987001067e-04 1.0041329388989074e-03 8.9561521934479851e-04 8.8432344735161897e-04 8.7404082851762546e-04 8.6809061304167739e-04 8.6783136687442093e-04 8.7326962108858690e-04 8.8306791908181474e-04 8.9390173085019970e-04 7.7816472670047977e-04 7.6120716691740272e-04 7.4669553003427701e-04 7.3858269106123785e-04 7.3831636824750815e-04 7.4590331828385014e-04 7.5991477481480128e-04 7.7640975902773231e-04 6.5328718538356864e-04 6.2795006322387823e-04 6.0870563061089105e-04 5.9863614708598374e-04 5.9836739624712098e-04 6.0790090063063981e-04 6.2662384008135179e-04 6.5150600898045532e-04 5.1888059841730073e-04 4.8385403189137819e-04 4.6110611630102526e-04 4.5022307832464720e-04 4.4996206045819687e-04 4.6030679496044839e-04 4.8249938556397647e-04 5.1708153883654978e-04 3.6894899604722405e-04 3.2819640845876979e-04 3.0662498555213851e-04 2.9732836913770762e-04 2.9710287075337835e-04 3.0588889992010868e-04 3.2679957994475174e-04 3.6707398044806859e-04 1.9452997695349107e-04 1.6312190487991455e-04 1.5050233909953505e-04 1.4550246857730287e-04 1.4537540800368964e-04 1.5006214946387863e-04 1.6207660912911795e-04 1.9070809919311281e-04 1.1613515795895085e-03 1.1123187207642293e-03 1.1562185638253717e-03 1.1534208125041792e-03 1.1046593348812512e-03 1.1514500068092370e-03 1.1499761798794154e-03 1.0998959580524779e-03 1.1488044021125017e-03 1.1478905870363611e-03 1.0968313946572654e-03 1.1472898888417651e-03 1.1469903161631214e-03 1.0955817976830828e-03 1.1470331200085463e-03 1.1473892416946200e-03 1.0963262558655593e-03 1.1480319254410104e-03 1.1489628983051350e-03 1.0988851791812687e-03 1.1501412760296528e-03 1.1518374210338811e-03 1.1031386399567771e-03 1.1543460235154096e-03 1.1593848973033714e-03 1.1104620323962077e-03 1.0615988226162104e-03 1.0091195374628693e-03 1.0578701944464696e-03 1.0541844813346229e-03 1.0016747609031132e-03 1.0508467566572592e-03 1.0479798103335597e-03 9.9396043369110896e-04 1.0455670765578827e-03 1.0437473963706844e-03 9.8843845097148098e-04 1.0425595414049486e-03 1.0420726548127823e-03 9.8629047335568225e-04 1.0423086975669489e-03 1.0432318273076854e-03 9.8792168125038911e-04 1.0448242933001224e-03 1.0469679249286276e-03 9.9295546396322462e-04 1.0496497163690909e-03 1.0527449281321620e-03 1.0002686036786133e-03 1.0562867879301135e-03 1.0597330673613376e-03 1.0071808359535580e-03 9.5511483006745809e-04 8.9974652624602287e-04 9.5163743060777998e-04 9.4699570524857033e-04 8.9010603780791987e-04 9.4217664239365203e-04 9.3760907697649858e-04 8.7877204803935363e-04 9.3370344731283546e-04 9.3070910035949930e-04 8.7039957499220207e-04 9.2879108193218650e-04 9.2805432239655963e-04 8.6721450710820606e-04 9.2853544897451910e-04 9.3018777258738791e-04 8.6987157183366184e-04 9.3294664811494933e-04 9.3659900858062523e-04 8.7774909926795111e-04 9.4094530552693676e-04 9.4555105386975424e-04 8.8863427769325231e-04 9.4995530136626218e-04 9.5317578779715944e-04 8.9776587323811335e-04 8.4310906171101031e-04 7.8527521460767158e-04 8.3777617556269745e-04 8.3102419239867314e-04 7.6973273341661766e-04 8.2399915242594855e-04 8.1735604060940363e-04 7.5331225636807435e-04 8.1171066104298803e-04 8.0740884366870631e-04 7.4170644520522042e-04 8.0468869443003346e-04 8.0368025620699971e-04 7.3743610468134178e-04 8.0442372282633055e-04 8.0686998021528306e-04 7.4115801820281903e-04 8.1092256926811577e-04 8.1630072499473130e-04 7.5223193515401457e-04 8.2271313012556276e-04 8.2949517953878236e-04 7.6816661582684701e-04 8.3602943888585969e-04 8.4113911386498523e-04 7.8326624851741034e-04 7.2618320094517774e-04 6.6573026402715172e-04 7.1672712749855773e-04 7.0617748260004738e-04 6.4022341483074223e-04 6.9587971865396950e-04 6.8662116165970320e-04 6.1729114140946417e-04 6.7899578806880786e-04 6.7334506848485906e-04 6.0246501452261819e-04 6.6983431082149995e-04 6.6856990798847655e-04 5.9727107483253613e-04 6.6956170056218839e-04 6.7278765153224232e-04 6.0190913393192835e-04 6.7817825576898920e-04 6.8550340137084396e-04 6.1616032889552955e-04 6.9453033971470532e-04 7.0454207513923680e-04 6.3854707083917442e-04 7.1491912560943090e-04 7.2418008770765954e-04 6.6367556907182088e-04 6.0354969209572968e-04 5.3911924937795135e-04 5.8755098219052124e-04 5.7162755286106098e-04 5.0002919374611836e-04 5.5732350363212188e-04 5.4535830120350584e-04 4.7091537232827143e-04 5.3598984218791864e-04 5.2932082878258966e-04 4.5427822250150801e-04 5.2528728578321278e-04 5.2386894780952057e-04 4.4880645102579814e-04 5.2501815675216272e-04 5.2877889319925256e-04 4.5376867019023405e-04 5.3516663200550740e-04 5.4421961466230790e-04 4.6981658924987818e-04 5.5591932852383193e-04 5.6986455789545347e-04 4.9824163353016796e-04 5.8564096317941297e-04 6.0146150220703135e-04 5.3691155150723533e-04 4.7135254588902557e-04 3.9866797857390177e-04 4.4653899633367161e-04 4.2490260144420971e-04 3.4575562319393244e-04 4.0746726866214272e-04 3.9416100983225184e-04 3.1547474144248520e-04 3.8445971321973406e-04 3.7785529410612272e-04 3.0069305078299374e-04 3.7400884637481355e-04 3.7267811163620282e-04 2.9616002481307787e-04 3.7377197852451148e-04 3.7740737196143595e-04 3.0031621663390712e-04 3.8370324198639186e-04 3.9315326414382837e-04 3.1460357262496307e-04 4.0606775502609256e-04 4.2308548186836652e-04 3.4403053357243255e-04 4.4439820280555727e-04 4.6891028475983215e-04 3.9586827210810207e-04 3.1820497825015394e-04 2.2546937075171384e-04 2.8530996115714029e-04 2.6230281430799729e-04 1.7475202582403269e-04 2.4640538840613028e-04 2.3554288730086585e-04 1.5544522142123054e-04 2.2830149964376756e-04 2.2356259621631177e-04 1.4728644529587596e-04 2.2090829013653439e-04 2.1999463369658291e-04 1.4489085222839224e-04 2.2074988160983742e-04 2.2329567734266935e-04 1.4709310868662575e-04 2.2778557743561041e-04 2.3494364447375235e-04 1.5501233901788554e-04 2.4528943671854651e-04 2.6078587048650751e-04 1.7377458112980567e-04 2.8272657813614862e-04 3.1477446471943425e-04 2.2266576491391599e-04 1.1390112269385503e-04 9.5441161242012238e-05 8.5874460588752710e-05 8.0276245048511148e-05 7.6552364507609800e-05 7.4153593339364626e-05 7.2591871806976975e-05 7.1730107947111176e-05 7.1429297281293464e-05 7.1670893292011823e-05 7.2494504623759446e-05 7.3961717490626217e-05 7.6382588545743867e-05 7.9987029376789729e-05 8.6043877141887040e-05 9.5691677825307766e-05 1.1536519785218444e-04 1.3653967158166228e-03 1.3617644656406878e-03 1.3610073197228244e-03 1.3607979663001000e-03 1.3605652603950673e-03 1.3603196942153747e-03 1.3606619934843072e-03 1.3639776938076042e-03 1.5079435033319812e-03 1.5088615548788436e-03 1.5096668313452060e-03 1.5101140458753427e-03 1.5098837264020605e-03 1.5089772993963962e-03 1.5077103748062485e-03 1.5062987411147803e-03 1.6293591985007733e-03 1.6368938134319270e-03 1.6406810486645101e-03 1.6422807724142377e-03 1.6420540070325176e-03 1.6400013604146143e-03 1.6357630991764836e-03 1.6277571053803254e-03 1.7316746240133923e-03 1.7450219698941483e-03 1.7522153061857546e-03 1.7553124930871121e-03 1.7550952190354921e-03 1.7515644562378502e-03 1.7439376115111521e-03 1.7301424080920752e-03 1.8156943476248261e-03 1.8333471808089090e-03 1.8435154269915643e-03 1.8480664744862255e-03 1.8478607917824783e-03 1.8428985948167667e-03 1.8323170326624179e-03 1.8142438914673666e-03 1.8814741549917156e-03 1.9020119284441105e-03 1.9143978583890714e-03 1.9201109892117293e-03 1.9199171854853026e-03 1.9138160529949631e-03 1.9010400256743907e-03 1.8801094721037717e-03 1.9288030784785385e-03 1.9510952972463683e-03 1.9649339173238118e-03 1.9714411625992947e-03 1.9712597607036411e-03 1.9643888353463724e-03 1.9501847527773936e-03 1.9275269209637449e-03 1.9574135302012092e-03 1.9806523166312736e-03 1.9953125981854096e-03 2.0022816179935676e-03 2.0021137505837790e-03 1.9948075567730217e-03 1.9798067134558137e-03 1.9562270318129469e-03 1.2924136870098449e-03 1.3698792934989951e-03 1.2863813538302443e-03 1.2837115969450952e-03 1.3630708230736783e-03 1.2822440240334342e-03 1.2815032500025794e-03 1.3613084100229972e-03 1.2810202720300622e-03 1.2807043902975821e-03 1.3609179391846666e-03 1.2804679703899665e-03 1.2803114780247399e-03 1.3606967495851082e-03 1.2802105472920903e-03 1.2801926462114495e-03 1.3604106702397884e-03 1.2802434035712059e-03 1.2804556127314166e-03 1.3602862022085644e-03 1.2809280216542836e-03 1.2820465496543778e-03 1.3615366112889485e-03 1.2844851721854364e-03 1.2902023827612778e-03 1.3682120803285610e-03 1.4410021631833753e-03 1.5064512209429326e-03 1.4393306733005121e-03 1.4381634117566161e-03 1.5083965057677401e-03 1.4375539376582981e-03 1.4374101719316660e-03 1.5092885004274130e-03 1.4373887346082980e-03 1.4374566106629281e-03 1.5099736891032709e-03 1.4374546190759402e-03 1.4373834301309306e-03 1.5100903899982116e-03 1.4372138648422641e-03 1.4369527689341184e-03 1.5094899326060134e-03 1.4366727204033296e-03 1.4364173357654980e-03 1.5083443219137246e-03 1.4364064178600938e-03 1.4368004558054915e-03 1.5070826096896905e-03 1.4378960476475184e-03 1.4392850278726404e-03 1.5046206041731919e-03 1.5668975698673545e-03 1.6227617534469677e-03 1.5710870124524051e-03 1.5735639225729768e-03 1.6337224553630730e-03 1.5753284887196949e-03 1.5765905545926343e-03 1.6390866686701588e-03 1.5775192874144309e-03 1.5781522150136739e-03 1.6417120935119116e-03 1.5784820706907356e-03 1.5785177712911882e-03 1.6423876735503003e-03 1.5782526990831675e-03 1.5776880411092469e-03 1.6412646003243670e-03 1.5768382167318819e-03 1.5756883434477576e-03 1.6382092524920920e-03 1.5742114378019907e-03 1.5722623492853618e-03 1.6324197025280342e-03 1.5695143349785806e-03 1.5650377451878932e-03 1.6209106383947190e-03 1.6742691145109983e-03 1.7215015796281587e-03 1.6828163771685823e-03 1.6889262745616689e-03 1.7392816036989581e-03 1.6934260272178927e-03 1.6966390774925545e-03 1.7491948289585367e-03 1.6989386580285944e-03 1.7004417436074211e-03 1.7541923859344247e-03 1.7012756735310321e-03 1.7014729123154290e-03 1.7555973318897627e-03 1.7010564387381277e-03 1.7000094867783541e-03 1.7537704586478861e-03 1.6982829844865589e-03 1.6957830425341606e-03 1.7483520235240942e-03 1.6923343593617411e-03 1.6876329752264199e-03 1.7379975137293041e-03 1.6812566386830109e-03 1.6724545016753196e-03 1.7197326039539670e-03 1.7644864166213817e-03 1.8031839732366582e-03 1.7759569129715601e-03 1.7848245623638178e-03 1.8256020018502712e-03 1.7916406913840370e-03 1.7967166319375399e-03 1.8392083790980944e-03 1.8004071563129465e-03 1.8028645067139522e-03 1.8464062877392615e-03 1.8042600251684498e-03 1.8046418073404745e-03 1.8485324850528592e-03 1.8040508342493196e-03 1.8024529546222896e-03 1.8460029256218912e-03 1.7997792457387115e-03 1.7958902950319733e-03 1.8383964643944200e-03 1.7905890599660393e-03 1.7835646852594445e-03 1.8243657940361019e-03 1.7744632727993159e-03 1.7627648553962838e-03 1.8015136297669788e-03 1.8375583032375616e-03 1.8675386622872563e-03 1.8508766911957608e-03 1.8616162318257090e-03 1.8928755247216355e-03 1.8701280712003184e-03 1.8766664773533224e-03 1.9091083096910979e-03 1.8815039005515553e-03 1.8847893644623583e-03 1.9180148128496678e-03 1.8866812086614361e-03 1.8872305643540615e-03 1.9207276350564388e-03 1.8864824564676877e-03 1.8843952888314042e-03 1.9176294628428714e-03 1.8809065190391549e-03 1.8758731670749185e-03 1.9083332909104939e-03 1.8691272535709684e-03 1.8604123790018174e-03 1.8917029988554850e-03 1.8494646065684405e-03 1.8359366279117155e-03 1.8659685775331161e-03 1.8930728589087659e-03 1.9140891003997713e-03 1.9074645925289916e-03 1.9193687349149174e-03 1.9410900087708668e-03 1.9289973098936138e-03 1.9365431696675057e-03 1.9589918299040550e-03 1.9421973133857760e-03 1.9460915193160323e-03 1.9690456086349185e-03 1.9483528129568453e-03 1.9490304588360122e-03 1.9721646974700338e-03 1.9481651120302988e-03 1.9457158423942422e-03 1.9686796464345666e-03 1.9416331795932204e-03 1.9357890581556552e-03 1.9582586952148293e-03 1.9280538796043983e-03 1.9182320849021007e-03 1.9399886387717496e-03 1.9061389951485013e-03 1.8915522279651363e-03 1.9126205414035531e-03 1.9305316733261239e-03 1.9423349371683035e-03 1.9454681061977098e-03 1.9580275722999667e-03 1.9701708041466957e-03 1.9683133857868722e-03 1.9764708217821342e-03 1.9890009949085326e-03 1.9826282586936595e-03 1.9869057614623881e-03 1.9997118812358629e-03 1.9894005790397039e-03 1.9901623694493636e-03 2.0030702949364499e-03 1.9892245867101782e-03 1.9865498604996201e-03 1.9993672131510035e-03 1.9820996760888262e-03 1.9757593711915832e-03 1.9883122085433470e-03 1.9674311916987272e-03 1.9569632632407022e-03 1.9691432011822029e-03 1.9442324390938953e-03 1.9291155992974453e-03 1.9409745164616443e-03 1.9494378782764755e-03 1.9646152162585595e-03 1.9775000669771570e-03 1.9881283972515307e-03 1.9965997263417501e-03 2.0030311087285112e-03 2.0075118110440757e-03 2.0101378749517789e-03 2.0109476428359454e-03 2.0099700162270282e-03 2.0071796412136204e-03 2.0025289153444733e-03 1.9959358154584745e-03 1.9872977730541188e-03 1.9765102935972532e-03 1.9634705595088669e-03 1.9481352434447187e-03
</DataArray>
      </PointData>
      <CellData>
        <DataArray type="Int64" format="ascii" Name="element_id">
0 1 2 3 4 5 6 7 8 9 10 11 12 13 14 15 16 17 18 19 20 21 22 23 24 25 26 27 28 29 30 31 32 33 34 35 36 37 38 39 40 41 42 43 44 45 46 47 48 49 50 51 52 53 54 55 56 57 58 59 60 61 62 63 64 65 66 67 68 69 70 71 72 73 74 75 76 77 78 79 80 81 82 83 84 85 86 87 88 89 90 91 92 93 94 95 96 97 98 99 100 101 102 103 104 105 106 107 108 109 110 111 112 113 114 115 116 117 118 119 120 121 122 123 124 125 126 127 128 129 130 131 132 133 134 135 136 137 138 139 140 141 142 143 144 145 146 147 148 149 150 151 152 153 154 155 156 157 158 159 160 161 162 163 164 165 166 167 168 169 170 171 172 173 174 175 176 177 178 179 180 181 182 183 184 185 186 187 188 189 190 191 192 193 194 195 196 197 198 199 200 201 202 203 204 205 206 207 208 209 210 211 212 213 214 215 216 217 218 219 220 221 222 223 224 225 226 227 228 229 230 231 232 233 234 235 236 237 238 239 240 241 242 243 244 245 246 247 248 249 250 251 252 253 254 255 256 257 258 259 260 261 262 263 264 265 266 267 268 269 270 271 272 273 274 275 276 277 278 279 280 281 282 283 284 285 286 287 288 289 290 291 292 293 294 295 296 297 298 299 300 301 302 303 304 305 306 307 308 309 310 311 312 313 314 315 316 317 318 319 320 321 322 323
</DataArray>
        <DataArray type="Int64" format="ascii" Name="material_id">
2 2 2 2 2 2 2 2 2 2 2 2 2 2 2 2 2 2 2 2 2 2 2 2 2 2 2 2 2 2 2 2 2 2 2 2 2 2 2 2 2 2 2 2 2 2 2 2 2 2 2 2 2 2 2 2 2 2 2 2 2 2 2 2 2 2 2 2 2 2 2 2 2 2 2 2 2 2 2 2 2 2 2 2 2 2 2 2 2 2 2 2 2 2 2 2 2 2 2 2 2 2 2 2 2 2 2 2 2 2 2 2 2 2 2 2 2 2 2 2 2 2 2 2 2 2 2 2 2 2 2 2 2 2 2 2 2 2 2 2 2 2 2 2 2 2 2 2 2 2 2 2 2 2 2 2 2 2 2 2 2 2 1 1 1 1 1 1 1 1 1 1 1 1 1 1 1 1 1 1 1 1 1 1 1 1 1 1 1 1 1 1 1 1 1 1 1 1 1 1 1 1 1 1 1 1 1 1 1 1 1 1 1 1 1 1 1 1 1 1 1 1 1 1 1 1 1 1 1 1 1 1 1 1 1 1 1 1 1 1 1 1 1 1 1 1 1 1 1 1 1 1 1 1 1 1 1 1 1 1 1 1 1 1 1 1 1 1 1 1 1 1 1 1 1 1 1 1 1 1 1 1 1 1 1 1 1 1 1 1 1 1 1 1 1 1 1 1 1 1 1 1 1 1 1 1 1 1 1 1 1 1 1 1 1 1 1 1 1 1 1 1 1 1
</DataArray>
        <DataArray type="Float64" format="ascii" Name="Strain" NumberOfComponents="9">
4.2219149855459971e-04 -3.5817343630332122e-05 0.0000000000000000e+00 -3.5817343630332122e-05 -8.7843475320563435e-04 0.0000000000000000e+00 0.0000000000000000e+00 0.0000000000000000e+00 0.0000000000000000e+00 4.0284678331933436e-04 -2.0885561598540503e-05 0.0000000000000000e+00 -2.0885561598540503e-05 -8.7619402102321047e-04 0.0000000000000000e+00 0.0000000000000000e+00 0.0000000000000000e+00 0.0000000000000000e+00 4.3802740624169660e-04 -4.4828798459623768e-05 0.0000000000000000e+00 -4.4828798459623768e-05 -8.5496715232359329e-04 0.0000000000000000e+00 0.0000000000000000e+00 0.0000000000000000e+00 0.0000000000000000e+00 4.3387020304412128e-04 -2.4660238486572099e-05 0.0000000000000000e+00 -2.4660238486572099e-05 -8.8070327599576871e-04 0.0000000000000000e+00 0.0000000000000000e+00 0.0000000000000000e+00 0.0000000000000000e+00 4.5986769119107262e-04 -2.5375077031109475e-05 0.0000000000000000e+00 -2.5375077031109475e-05 -8.7560394778352665e-04 0.0000000000000000e+00 0.0000000000000000e+00 0.0000000000000000e+00 0.0000000000000000e+00 4.5949681395620403e-04 -1.3877764537236337e-05 0.0000000000000000e+00 -1.3877764537236337e-05 -9.0191835996209326e-04 0.0000000000000000e+00 0.0000000000000000e+00 0.0000000000000000e+00 0.0000000000000000e+00 4.7309096360403094e-04 -1.0994804612425905e-05 0.0000000000000000e+00 -1.0994804612425905e-05 -8.8972278183957639e-04 0.0000000000000000e+00 0.0000000000000000e+00 0.0000000000000000e+00 0.0000000000000000e+00 4.7336834127607668e-04 -5.0566319960193153e-06 0.0000000000000000e+00 -5.0566319960193153e-06 -9.1549137427336148e-04 0.0000000000000000e+00 0.0000000000000000e+00 0.0000000000000000e+00 0.0000000000000000e+00 4.7851628989128904e-04 -1.1233016960947799e-06 0.0000000000000000e+00 -1.1233016960947799e-06 -8.9567550334564931e-04 0.0000000000000000e+00 0.0000000000000000e+00 0.0000000000000000e+00 0.0000000000000000e+00 4.7685503309879957e-04 1.2439871014103949e-06 0.0000000000000000e+00 1.2439871014103949e-06 -9.1902871415477125e-04 0.0000000000000000e+00 0.0000000000000000e+00 0.0000000000000000e+00 0.0000000000000000e+00 4.7615755226166273e-04 8.0735341809641655e-06 0.0000000000000000e+00 8.0735341809641655e-06 -8.9301495006826248e-04 0.0000000000000000e+00 0.0000000000000000e+00 0.0000000000000000e+00 0.0000000000000000e+00 4.7027583274802579e-04 8.2157882874879839e-06 0.0000000000000000e+00 8.2157882874879839e-06 -9.1218995372069637e-04 0.0000000000000000e+00 0.0000000000000000e+00 0.0000000000000000e+00 0.0000000000000000e+00 4.6642456224279513e-04 2.0673352434013454e-05 0.0000000000000000e+00 2.0673352434013454e-05 -8.8224256381562319e-04 0.0000000000000000e+00 0.0000000000000000e+00 0.0000000000000000e+00 0.0000000000000000e+00 4.5295300230866137e-04 1.8875327522009576e-05 0.0000000000000000e+00 1.8875327522009576e-05 -8.9537882588387979e-04 0.0000000000000000e+00 0.0000000000000000e+00 0.0000000000000000e+00 0.0000000000000000e+00 4.4996775255740535e-04 3.9464677651941675e-05 0.0000000000000000e+00 3.9464677651941675e-05 -8.6525100132274371e-04 0.0000000000000000e+00 0.0000000000000000e+00 0.0000000000000000e+00 0.0000000000000000e+00 4.2187975556289150e-04 3.0447791025310326e-05 0.0000000000000000e+00 3.0447791025310326e-05 -8.7177519428809308e-04 0.0000000000000000e+00 0.0000000000000000e+00 0.0000000000000000e+00 0.0000000000000000e+00 4.2387831422935042e-04 4.6191022625624917e-05 0.0000000000000000e+00 4.6191022625624917e-05 -8.5290418867243643e-04 0.0000000000000000e+00 0.0000000000000000e+00 0.0000000000000000e+00 0.0000000000000000e+00 3.9518030294653707e-04 9.4340412206613360e-06 0.0000000000000000e+00 9.4340412206613360e-06 -8.9809262362388817e-04 0.0000000000000000e+00 0.0000000000000000e+00 0.0000000000000000e+00 0.0000000000000000e+00 4.0930844356798659e-04 1.2216062044876106e-05 0.0000000000000000e+00 1.2216062044876106e-05 -9.5479030081361399e-04 0.0000000000000000e+00 0.0000000000000000e+00 0.0000000000000000e+00 0.0000000000000000e+00 4.1592491258780271e-04 1.7614477159274628e-05 0.0000000000000000e+00 1.7614477159274628e-05 -9.6356899637482806e-04 0.0000000000000000e+00 0.0000000000000000e+00 0.0000000000000000e+00 0.0000000000000000e+00 4.1761492644240556e-04 4.6115199437329823e-06 0.0000000000000000e+00 4.6115199437329823e-06 -9.2479700902390932e-04 0.0000000000000000e+00 0.0000000000000000e+00 0.0000000000000000e+00 0.0000000000000000e+00 4.3134287282141191e-04 1.5593882087581530e-05 0.0000000000000000e+00 1.5593882087581530e-05 -9.5706953114350327e-04 0.0000000000000000e+00 0.0000000000000000e+00 0.0000000000000000e+00 0.0000000000000000e+00 4.4679150358009097e-04 1.4181669320392512e-06 0.0000000000000000e+00 1.4181669320392512e-06 -9.4205954445692516e-04 0.0000000000000000e+00 0.0000000000000000e+00 0.0000000000000000e+00 0.0000000000000000e+00 4.5721781349262347e-04 1.0647848377798830e-05 0.0000000000000000e+00 1.0647848377798830e-05 -9.7621989337593992e-04 0.0000000000000000e+00 0.0000000000000000e+00 0.0000000000000000e+00 0.0000000000000000e+00 4.6810638989202121e-04 1.7113280121033899e-06 0.0000000000000000e+00 1.7113280121033899e-06 -9.6094583456688147e-04 0.0000000000000000e+00 0.0000000000000000e+00 0.0000000000000000e+00 0.0000000000000000e+00 4.7444259126541168e-04 5.4231830323546869e-06 0.0000000000000000e+00 5.4231830323546869e-06 -9.9229501496437243e-04 0.0000000000000000e+00 0.0000000000000000e+00 0.0000000000000000e+00 0.0000000000000000e+00 4.7678996955079412e-04 6.8158957107794253e-07 0.0000000000000000e+00 6.8158957107794253e-07 -9.6942618641482348e-04 0.0000000000000000e+00 0.0000000000000000e+00 0.0000000000000000e+00 0.0000000000000000e+00 4.7887512220045155e-04 -6.5827470155128317e-07 0.0000000000000000e+00 -6.5827470155128317e-07 -9.9671339967824946e-04 0.0000000000000000e+00 0.0000000000000000e+00 0.0000000000000000e+00 0.0000000000000000e+00 4.7258499487437436e-04 -6.7370040316686770e-07 0.0000000000000000e+00 -6.7370040316686770e-07 -9.6530120030145414e-04 0.0000000000000000e+00 0.0000000000000000e+00 0.0000000000000000e+00 0.0000000000000000e+00 4.7005863588367111e-04 -6.4429783954331308e-06 0.0000000000000000e+00 -6.4429783954331308e-06 -9.8809623470838786e-04 0.0000000000000000e+00 0.0000000000000000e+00 0.0000000000000000e+00 0.0000000000000000e+00 4.5520211814604317e-04 -7.3673250846851229e-07 0.0000000000000000e+00 -7.3673250846851229e-07 -9.4922414691380960e-04 0.0000000000000000e+00 0.0000000000000000e+00 0.0000000000000000e+00 0.0000000000000000e+00 4.4861768514236017e-04 -1.1508398714770861e-05 0.0000000000000000e+00 -1.1508398714770861e-05 -9.6915599039966687e-04 0.0000000000000000e+00 0.0000000000000000e+00 0.0000000000000000e+00 0.0000000000000000e+00 4.2557000039969390e-04 -2.1766749647390800e-06 0.0000000000000000e+00 -2.1766749647390800e-06 -9.2721536649860035e-04 0.0000000000000000e+00 0.0000000000000000e+00 0.0000000000000000e+00 0.0000000000000000e+00 4.2163766003412896e-04 -1.8944326758219051e-05 0.0000000000000000e+00 -1.8944326758219051e-05 -9.5352991266050516e-04 0.0000000000000000e+00 0.0000000000000000e+00 0.0000000000000000e+00 0.0000000000000000e+00 4.0467729630491202e-04 -1.3299176267767598e-05 0.0000000000000000e+00 -1.3299176267767598e-05 -9.3502599373907424e-04 0.0000000000000000e+00 0.0000000000000000e+00 0.0000000000000000e+00 0.0000000000000000e+00 4.2265940846415880e-04 -1.5477794447115499e-05 0.0000000000000000e+00 -1.5477794447115499e-05 -9.8458359167613823e-04 0.0000000000000000e+00 0.0000000000000000e+00 0.0000000000000000e+00 0.0000000000000000e+00 4.3899507053359759e-04 1.7274859529544108e-05 0.0000000000000000e+00 1.7274859529544108e-05 -1.0244992342621627e-03 0.0000000000000000e+00 0.0000000000000000e+00 0.0000000000000000e+00 0.0000000000000000e+00 4.4788242019457730e-04 3.0779764152295271e-05 0.0000000000000000e+00 3.0779764152295271e-05 -1.0422650764610425e-03 0.0000000000000000e+00 0.0000000000000000e+00 0.0000000000000000e+00 0.0000000000000000e+00 4.4214164547926179e-04 3.6396652067099631e-05 0.0000000000000000e+00 3.6396652067099631e-05 -1.0143820560894929e-03 0.0000000000000000e+00 0.0000000000000000e+00 0.0000000000000000e+00 0.0000000000000000e+00 4.5848430655210558e-04 4.1462741697486899e-05 0.0000000000000000e+00 4.1462741697486899e-05 -1.0485662932054607e-03 0.0000000000000000e+00 0.0000000000000000e+00 0.0000000000000000e+00 0.0000000000000000e+00 4.6165190316914363e-04 2.9525858513920158e-05 0.0000000000000000e+00 2.9525858513920158e-05 -1.0291617551101266e-03 0.0000000000000000e+00 0.0000000000000000e+00 0.0000000000000000e+00 0.0000000000000000e+00 4.7648217771445711e-04 3.1380824476734051e-05 0.0000000000000000e+00 3.1380824476734051e-05 -1.0673473565889235e-03 0.0000000000000000e+00 0.0000000000000000e+00 0.0000000000000000e+00 0.0000000000000000e+00 4.7946058249350148e-04 1.6833341196219322e-05 0.0000000000000000e+00 1.6833341196219322e-05 -1.0470247143708068e-03 0.0000000000000000e+00 0.0000000000000000e+00 0.0000000000000000e+00 0.0000000000000000e+00 4.8964419077159353e-04 1.5066915350867710e-05 0.0000000000000000e+00 1.5066915350867710e-05 -1.0825863397139906e-03 0.0000000000000000e+00 0.0000000000000000e+00 0.0000000000000000e+00 0.0000000000000000e+00 4.8723953354819162e-04 2.7328368569827121e-06 0.0000000000000000e+00 2.7328368569827121e-06 -1.0555064814938380e-03 0.0000000000000000e+00 0.0000000000000000e+00 0.0000000000000000e+00 0.0000000000000000e+00 4.9305289895814654e-04 -2.6841758461640300e-06 0.0000000000000000e+00 -2.6841758461640300e-06 -1.0867640286448931e-03 0.0000000000000000e+00 0.0000000000000000e+00 0.0000000000000000e+00 0.0000000000000000e+00 4.8313416113342033e-04 -1.1530490820876351e-05 0.0000000000000000e+00 -1.1530490820876351e-05 -1.0511495648399428e-03 0.0000000000000000e+00 0.0000000000000000e+00 0.0000000000000000e+00 0.0000000000000000e+00 4.8594960477213331e-04 -2.0344206158392533e-05 0.0000000000000000e+00 -2.0344206158392533e-05 -1.0785064797035324e-03 0.0000000000000000e+00 0.0000000000000000e+00 0.0000000000000000e+00 0.0000000000000000e+00 4.6792536671075855e-04 -2.5071544071355969e-05 0.0000000000000000e+00 -2.5071544071355969e-05 -1.0355551228670714e-03 0.0000000000000000e+00 0.0000000000000000e+00 0.0000000000000000e+00 0.0000000000000000e+00 4.7014438002815465e-04 -3.6081223937020283e-05 0.0000000000000000e+00 -3.6081223937020283e-05 -1.0609911046850493e-03 0.0000000000000000e+00 0.0000000000000000e+00 0.0000000000000000e+00 0.0000000000000000e+00 4.4767293276934812e-04 -3.5454851433916260e-05 0.0000000000000000e+00 -3.5454851433916260e-05 -1.0181067984119812e-03 0.0000000000000000e+00 0.0000000000000000e+00 0.0000000000000000e+00 0.0000000000000000e+00 4.5354818836268240e-04 -4.2768819257142257e-05 0.0000000000000000e+00 -4.2768819257142257e-05 -1.0453979349171669e-03 0.0000000000000000e+00 0.0000000000000000e+00 0.0000000000000000e+00 0.0000000000000000e+00 4.3785234567316600e-04 -2.9006858019676864e-05 0.0000000000000000e+00 -2.9006858019676864e-05 -1.0192320615096827e-03 0.0000000000000000e+00 0.0000000000000000e+00 0.0000000000000000e+00 0.0000000000000000e+00 4.4934319614689397e-04 -1.8511624298065683e-05 0.0000000000000000e+00 -1.8511624298065683e-05 -1.0475225564164931e-03 0.0000000000000000e+00 0.0000000000000000e+00 0.0000000000000000e+00 0.0000000000000000e+00 4.6461812523809553e-04 1.9846371583263829e-05 0.0000000000000000e+00 1.9846371583263829e-05 -1.0834741801435258e-03 0.0000000000000000e+00 0.0000000000000000e+00 0.0000000000000000e+00 0.0000000000000000e+00 4.7731118367236368e-04 3.6465633672531396e-05 0.0000000000000000e+00 3.6465633672531396e-05 -1.1115792161226093e-03 0.0000000000000000e+00 0.0000000000000000e+00 0.0000000000000000e+00 0.0000000000000000e+00 4.7596328294036052e-04 4.9971169983781276e-05 0.0000000000000000e+00 4.9971169983781276e-05 -1.1027022162891972e-03 0.0000000000000000e+00 0.0000000000000000e+00 0.0000000000000000e+00 0.0000000000000000e+00 4.9232787729497221e-04 5.2186041730409646e-05 0.0000000000000000e+00 5.2186041730409646e-05 -1.1414352136261399e-03 0.0000000000000000e+00 0.0000000000000000e+00 0.0000000000000000e+00 0.0000000000000000e+00 4.9067394061059197e-04 4.4512294544243586e-05 0.0000000000000000e+00 4.4512294544243586e-05 -1.1259614054306454e-03 0.0000000000000000e+00 0.0000000000000000e+00 0.0000000000000000e+00 0.0000000000000000e+00 5.0429626126844264e-04 4.0091825592144440e-05 0.0000000000000000e+00 4.0091825592144440e-05 -1.1660012695477308e-03 0.0000000000000000e+00 0.0000000000000000e+00 0.0000000000000000e+00 0.0000000000000000e+00 5.0166876490784532e-04 2.5601234603391287e-05 0.0000000000000000e+00 2.5601234603391287e-05 -1.1437831834358295e-03 0.0000000000000000e+00 0.0000000000000000e+00 0.0000000000000000e+00 0.0000000000000000e+00 5.1069005125154560e-04 1.8904366173047220e-05 0.0000000000000000e+00 1.8904366173047220e-05 -1.1803463588192630e-03 0.0000000000000000e+00 0.0000000000000000e+00 0.0000000000000000e+00 0.0000000000000000e+00 5.0605443791905977e-04 3.7687730539460433e-06 0.0000000000000000e+00 3.7687730539460433e-06 -1.1512945346078220e-03 0.0000000000000000e+00 0.0000000000000000e+00 0.0000000000000000e+00 0.0000000000000000e+00 5.1199450812794639e-04 -3.7431428171083380e-06 0.0000000000000000e+00 -3.7431428171083380e-06 -1.1838083384062077e-03 0.0000000000000000e+00 0.0000000000000000e+00 0.0000000000000000e+00 0.0000000000000000e+00 5.0358185651243391e-04 -1.8152909704881803e-05 0.0000000000000000e+00 -1.8152909704881803e-05 -1.1474502216399318e-03 0.0000000000000000e+00 0.0000000000000000e+00 0.0000000000000000e+00 0.0000000000000000e+00 5.0876740101174652e-04 -2.6312668006455349e-05 0.0000000000000000e+00 -2.6312668006455349e-05 -1.1767091516679462e-03 0.0000000000000000e+00 0.0000000000000000e+00 0.0000000000000000e+00 0.0000000000000000e+00 4.9462274877201966e-04 -3.8491777169156925e-05 0.0000000000000000e+00 -3.8491777169156925e-05 -1.1330337474561220e-03 0.0000000000000000e+00 0.0000000000000000e+00 0.0000000000000000e+00 0.0000000000000000e+00 5.0064435348633998e-04 -4.6158308564548100e-05 0.0000000000000000e+00 -4.6158308564548100e-05 -1.1592544753360121e-03 0.0000000000000000e+00 0.0000000000000000e+00 0.0000000000000000e+00 0.0000000000000000e+00 4.8116164835430598e-04 -5.0246220195948314e-05 0.0000000000000000e+00 -5.0246220195948314e-05 -1.1116511735492921e-03 0.0000000000000000e+00 0.0000000000000000e+00 0.0000000000000000e+00 0.0000000000000000e+00 4.8788529215878433e-04 -5.2035065964125627e-05 0.0000000000000000e+00 -5.2035065964125627e-05 -1.1331946614547973e-03 0.0000000000000000e+00 0.0000000000000000e+00 0.0000000000000000e+00 0.0000000000000000e+00 4.6836244332813353e-04 -3.5398190886250710e-05 0.0000000000000000e+00 -3.5398190886250710e-05 -1.0907268645834471e-03 0.0000000000000000e+00 0.0000000000000000e+00 0.0000000000000000e+00 0.0000000000000000e+00 4.7347437985359426e-04 -2.0809427629408125e-05 0.0000000000000000e+00 -2.0809427629408125e-05 -1.1039817407571093e-03 0.0000000000000000e+00 0.0000000000000000e+00 0.0000000000000000e+00 0.0000000000000000e+00 4.8737415216827375e-04 2.1660118789703540e-05 0.0000000000000000e+00 2.1660118789703540e-05 -1.1369349045635988e-03 0.0000000000000000e+00 0.0000000000000000e+00 0.0000000000000000e+00 0.0000000000000000e+00 5.0516619920341183e-04 3.7169856839073017e-05 0.0000000000000000e+00 3.7169856839073017e-05 -1.1785983973029543e-03 0.0000000000000000e+00 0.0000000000000000e+00 0.0000000000000000e+00 0.0000000000000000e+00 5.0912870065967088e-04 5.1834891088650959e-05 0.0000000000000000e+00 5.1834891088650959e-05 -1.1894545462975044e-03 0.0000000000000000e+00 0.0000000000000000e+00 0.0000000000000000e+00 0.0000000000000000e+00 5.2371726888170329e-04 4.7651082549873351e-05 0.0000000000000000e+00 4.7651082549873351e-05 -1.2344178105529774e-03 0.0000000000000000e+00 0.0000000000000000e+00 0.0000000000000000e+00 0.0000000000000000e+00 5.1941199282947207e-04 4.3418892104398271e-05 0.0000000000000000e+00 4.3418892104398271e-05 -1.2243135502042353e-03 0.0000000000000000e+00 0.0000000000000000e+00 0.0000000000000000e+00 0.0000000000000000e+00 5.2598837555573692e-04 3.2319506867320956e-05 0.0000000000000000e+00 3.2319506867320956e-05 -1.2633634802804914e-03 0.0000000000000000e+00 0.0000000000000000e+00 0.0000000000000000e+00 0.0000000000000000e+00 5.2072567549175594e-04 2.3365341470778026e-05 0.0000000000000000e+00 2.3365341470778026e-05 -1.2412968462489340e-03 0.0000000000000000e+00 0.0000000000000000e+00 0.0000000000000000e+00 0.0000000000000000e+00 5.2177052115421772e-04 1.3655137937213677e-05 0.0000000000000000e+00 1.3655137937213677e-05 -1.2740570926882645e-03 0.0000000000000000e+00 0.0000000000000000e+00 0.0000000000000000e+00 0.0000000000000000e+00 5.1973653786472978e-04 2.9656080982087987e-06 0.0000000000000000e+00 2.9656080982087987e-06 -1.2466404691664908e-03 0.0000000000000000e+00 0.0000000000000000e+00 0.0000000000000000e+00 0.0000000000000000e+00 5.1975559369906875e-04 -3.0536614096317610e-06 0.0000000000000000e+00 -3.0536614096317610e-06 -1.2758135578588975e-03 0.0000000000000000e+00 0.0000000000000000e+00 0.0000000000000000e+00 0.0000000000000000e+00 5.1982634510021677e-04 -1.6897417756296076e-05 0.0000000000000000e+00 -1.6897417756296076e-05 -1.2438259917088700e-03 0.0000000000000000e+00 0.0000000000000000e+00 0.0000000000000000e+00 0.0000000000000000e+00 5.2239854077069177e-04 -2.0144163161749250e-05 0.0000000000000000e+00 -2.0144163161749250e-05 -1.2713478565180879e-03 0.0000000000000000e+00 0.0000000000000000e+00 0.0000000000000000e+00 0.0000000000000000e+00 5.1969858183902702e-04 -3.6792557490498355e-05 0.0000000000000000e+00 -3.6792557490498355e-05 -1.2315384768413220e-03 0.0000000000000000e+00 0.0000000000000000e+00 0.0000000000000000e+00 0.0000000000000000e+00 5.2573326580109523e-04 -3.8678867071836359e-05 0.0000000000000000e+00 -3.8678867071836359e-05 -1.2562556430119800e-03 0.0000000000000000e+00 0.0000000000000000e+00 0.0000000000000000e+00 0.0000000000000000e+00 5.1384150203167417e-04 -5.0392797118490654e-05 0.0000000000000000e+00 -5.0392797118490654e-05 -1.2043834753143784e-03 0.0000000000000000e+00 0.0000000000000000e+00 0.0000000000000000e+00 0.0000000000000000e+00 5.1982790146562973e-04 -4.9001622202584533e-05 0.0000000000000000e+00 -4.9001622202584533e-05 -1.2202816211553970e-03 0.0000000000000000e+00 0.0000000000000000e+00 0.0000000000000000e+00 0.0000000000000000e+00 4.9643644083395154e-04 -3.7341899621564357e-05 0.0000000000000000e+00 -3.7341899621564357e-05 -1.1579061444703504e-03 0.0000000000000000e+00 0.0000000000000000e+00 0.0000000000000000e+00 0.0000000000000000e+00 4.9614564201393315e-04 -2.1737449912016062e-05 0.0000000000000000e+00 -2.1737449912016062e-05 -1.1573915232539833e-03 0.0000000000000000e+00 0.0000000000000000e+00 0.0000000000000000e+00 0.0000000000000000e+00 5.0954501392948867e-04 2.0765872290199916e-05 0.0000000000000000e+00 2.0765872290199916e-05 -1.1902534286731428e-03 0.0000000000000000e+00 0.0000000000000000e+00 0.0000000000000000e+00 0.0000000000000000e+00 5.3426174333508138e-04 2.7284346345247988e-05 0.0000000000000000e+00 2.7284346345247988e-05 -1.2526690720652618e-03 0.0000000000000000e+00 0.0000000000000000e+00 0.0000000000000000e+00 0.0000000000000000e+00 5.3858564229379200e-04 3.6191833699831880e-05 0.0000000000000000e+00 3.6191833699831880e-05 -1.2795194013660556e-03 0.0000000000000000e+00 0.0000000000000000e+00 0.0000000000000000e+00 0.0000000000000000e+00 5.4450191109015284e-04 1.7212617765381151e-05 0.0000000000000000e+00 1.7212617765381151e-05 -1.3284097298922142e-03 0.0000000000000000e+00 0.0000000000000000e+00 0.0000000000000000e+00 0.0000000000000000e+00 5.3393275653664646e-04 1.9362710514854758e-05 0.0000000000000000e+00 1.9362710514854758e-05 -1.3176757756102524e-03 0.0000000000000000e+00 0.0000000000000000e+00 0.0000000000000000e+00 0.0000000000000000e+00 5.2360983193144276e-04 -2.4027950740688900e-08 0.0000000000000000e+00 -2.4027950740688900e-08 -1.3485269672568350e-03 0.0000000000000000e+00 0.0000000000000000e+00 0.0000000000000000e+00 0.0000000000000000e+00 5.1779016584559926e-04 5.6720709491467585e-06 0.0000000000000000e+00 5.6720709491467585e-06 -1.3261901984399505e-03 0.0000000000000000e+00 0.0000000000000000e+00 0.0000000000000000e+00 0.0000000000000000e+00 5.0195762808360469e-04 -4.1239496410832155e-06 0.0000000000000000e+00 -4.1239496410832155e-06 -1.3479190302715380e-03 0.0000000000000000e+00 0.0000000000000000e+00 0.0000000000000000e+00 0.0000000000000000e+00 5.0855673399437804e-04 -3.7219142064135600e-07 0.0000000000000000e+00 -3.7219142064135600e-07 -1.3263434110180135e-03 0.0000000000000000e+00 0.0000000000000000e+00 0.0000000000000000e+00 0.0000000000000000e+00 4.9518614461466963e-04 -6.4374191473527968e-08 0.0000000000000000e+00 -6.4374191473527968e-08 -1.3462373170333517e-03 0.0000000000000000e+00 0.0000000000000000e+00 0.0000000000000000e+00 0.0000000000000000e+00 5.1241669841279127e-04 -4.7630288735731677e-06 0.0000000000000000e+00 -4.7630288735731677e-06 -1.3258176710351378e-03 0.0000000000000000e+00 0.0000000000000000e+00 0.0000000000000000e+00 0.0000000000000000e+00 5.0627997702173348e-04 2.7712268198663121e-06 0.0000000000000000e+00 2.7712268198663121e-06 -1.3475289749984149e-03 0.0000000000000000e+00 0.0000000000000000e+00 0.0000000000000000e+00 0.0000000000000000e+00 5.2667874358519335e-04 -1.4172013868591494e-05 0.0000000000000000e+00 -1.4172013868591494e-05 -1.3212544368770810e-03 0.0000000000000000e+00 0.0000000000000000e+00 0.0000000000000000e+00 0.0000000000000000e+00 5.2950811233197644e-04 -4.5315862710432510e-06 0.0000000000000000e+00 -4.5315862710432510e-06 -1.3439766644463289e-03 0.0000000000000000e+00 0.0000000000000000e+00 0.0000000000000000e+00 0.0000000000000000e+00 5.3840831770721588e-04 -2.9343353454301336e-05 0.0000000000000000e+00 -2.9343353454301336e-05 -1.2972226489493522e-03 0.0000000000000000e+00 0.0000000000000000e+00 0.0000000000000000e+00 0.0000000000000000e+00 5.4529551572230330e-04 -2.3138013293654363e-05 0.0000000000000000e+00 -2.3138013293654363e-05 -1.3113518992361299e-03 0.0000000000000000e+00 0.0000000000000000e+00 0.0000000000000000e+00 0.0000000000000000e+00 5.2449939542493281e-04 -3.0384529051461259e-05 0.0000000000000000e+00 -3.0384529051461259e-05 -1.2286386834994723e-03 0.0000000000000000e+00 0.0000000000000000e+00 0.0000000000000000e+00 0.0000000000000000e+00 5.2039135446591564e-04 -1.8343610364955935e-05 0.0000000000000000e+00 -1.8343610364955935e-05 -1.2149214120399992e-03 0.0000000000000000e+00 0.0000000000000000e+00 0.0000000000000000e+00 0.0000000000000000e+00 5.3564118622314010e-04 1.1405128904195332e-05 0.0000000000000000e+00 1.1405128904195332e-05 -1.2562520880852134e-03 0.0000000000000000e+00 0.0000000000000000e+00 0.0000000000000000e+00 0.0000000000000000e+00 5.6721799635678350e-04 -1.1882031646993945e-05 0.0000000000000000e+00 -1.1882031646993945e-05 -1.3526469963766039e-03 0.0000000000000000e+00 0.0000000000000000e+00 0.0000000000000000e+00 0.0000000000000000e+00 5.5645500743509244e-04 -1.8366778078233306e-05 0.0000000000000000e+00 -1.8366778078233306e-05 -1.3779373908748415e-03 0.0000000000000000e+00 0.0000000000000000e+00 0.0000000000000000e+00 0.0000000000000000e+00 5.3302728909049388e-04 -6.3926995097448396e-05 0.0000000000000000e+00 -6.3926995097448396e-05 -1.4157416436058653e-03 0.0000000000000000e+00 0.0000000000000000e+00 0.0000000000000000e+00 0.0000000000000000e+00 5.1135179946962728e-04 -4.0837505667696269e-05 0.0000000000000000e+00 -4.0837505667696269e-05 -1.3922842556142935e-03 0.0000000000000000e+00 0.0000000000000000e+00 0.0000000000000000e+00 0.0000000000000000e+00 4.6895779848137042e-04 -6.5827924686524418e-05 0.0000000000000000e+00 -6.5827924686524418e-05 -1.4011004411310167e-03 0.0000000000000000e+00 0.0000000000000000e+00 0.0000000000000000e+00 0.0000000000000000e+00 4.6867819120153940e-04 -3.1367861825691574e-05 0.0000000000000000e+00 -3.1367861825691574e-05 -1.3799237370103064e-03 0.0000000000000000e+00 0.0000000000000000e+00 0.0000000000000000e+00 0.0000000000000000e+00 4.2718851278588103e-04 -3.5518012294707442e-05 0.0000000000000000e+00 -3.5518012294707442e-05 -1.3823237392279759e-03 0.0000000000000000e+00 0.0000000000000000e+00 0.0000000000000000e+00 0.0000000000000000e+00 4.4994379102518715e-04 -6.4604012783010573e-06 0.0000000000000000e+00 -6.4604012783010573e-06 -1.3720680850918309e-03 0.0000000000000000e+00 0.0000000000000000e+00 0.0000000000000000e+00 0.0000000000000000e+00 4.1626301389906516e-04 5.2678474126274602e-06 0.0000000000000000e+00 5.2678474126274602e-06 -1.3766827209431638e-03 0.0000000000000000e+00 0.0000000000000000e+00 0.0000000000000000e+00 0.0000000000000000e+00 4.5819666595492474e-04 2.0493093888135858e-05 0.0000000000000000e+00 2.0493093888135858e-05 -1.3751342850923198e-03 0.0000000000000000e+00 0.0000000000000000e+00 0.0000000000000000e+00 0.0000000000000000e+00 4.3559756566922443e-04 4.4623127926103348e-05 0.0000000000000000e+00 4.4623127926103348e-05 -1.3855851129939256e-03 0.0000000000000000e+00 0.0000000000000000e+00 0.0000000000000000e+00 0.0000000000000000e+00 4.9180038876693328e-04 3.7942604532273420e-05 0.0000000000000000e+00 3.7942604532273420e-05 -1.3860055719208822e-03 0.0000000000000000e+00 0.0000000000000000e+00 0.0000000000000000e+00 0.0000000000000000e+00 4.8410624871285152e-04 6.9250176378256350e-05 0.0000000000000000e+00 6.9250176378256350e-05 -1.4042176125995804e-03 0.0000000000000000e+00 0.0000000000000000e+00 0.0000000000000000e+00 0.0000000000000000e+00 5.3893863968811745e-04 3.1560666843178186e-05 0.0000000000000000e+00 3.1560666843178186e-05 -1.3858758199292406e-03 0.0000000000000000e+00 0.0000000000000000e+00 0.0000000000000000e+00 0.0000000000000000e+00 5.4728089575281007e-04 5.3957131752420536e-05 0.0000000000000000e+00 5.3957131752420536e-05 -1.4053783166519803e-03 0.0000000000000000e+00 0.0000000000000000e+00 0.0000000000000000e+00 0.0000000000000000e+00 5.5500750672711908e-04 9.2612384537328309e-07 0.0000000000000000e+00 9.2612384537328309e-07 -1.3171495566940293e-03 0.0000000000000000e+00 0.0000000000000000e+00 0.0000000000000000e+00 0.0000000000000000e+00 5.5308680560960230e-04 -1.2383909023285110e-06 0.0000000000000000e+00 -1.2383909023285110e-06 -1.2959037559473999e-03 0.0000000000000000e+00 0.0000000000000000e+00 0.0000000000000000e+00 0.0000000000000000e+00 5.7729443477865460e-04 -3.2454478469940315e-05 0.0000000000000000e+00 -3.2454478469940315e-05 -1.3763614861047302e-03 0.0000000000000000e+00 0.0000000000000000e+00 0.0000000000000000e+00 0.0000000000000000e+00 5.7813193170350489e-04 -1.5225144275239584e-04 0.0000000000000000e+00 -1.5225144275239584e-04 -1.5075260008062348e-03 0.0000000000000000e+00 0.0000000000000000e+00 0.0000000000000000e+00 0.0000000000000000e+00 5.1898075481920827e-04 -1.5306666954027979e-04 0.0000000000000000e+00 -1.5306666954027979e-04 -1.4641823387709647e-03 0.0000000000000000e+00 0.0000000000000000e+00 0.0000000000000000e+00 0.0000000000000000e+00 4.2755959118193575e-04 -2.1872638049267833e-04 0.0000000000000000e+00 -2.1872638049267833e-04 -1.4524854765713300e-03 0.0000000000000000e+00 0.0000000000000000e+00 0.0000000000000000e+00 0.0000000000000000e+00 4.0943132491852593e-04 -1.4235790940870551e-04 0.0000000000000000e+00 -1.4235790940870551e-04 -1.4154724455705803e-03 0.0000000000000000e+00 0.0000000000000000e+00 0.0000000000000000e+00 0.0000000000000000e+00 3.2371396781312418e-04 -1.5483997798076339e-04 0.0000000000000000e+00 -1.5483997798076339e-04 -1.3881643504906483e-03 0.0000000000000000e+00 0.0000000000000000e+00 0.0000000000000000e+00 0.0000000000000000e+00 3.4855146329571500e-04 -8.2312890776509569e-05 0.0000000000000000e+00 -8.2312890776509569e-05 -1.3813439133909412e-03 0.0000000000000000e+00 0.0000000000000000e+00 0.0000000000000000e+00 0.0000000000000000e+00 2.8061787394688165e-04 -7.1600345244733862e-05 0.0000000000000000e+00 -7.1600345244733862e-05 -1.3615755860922358e-03 0.0000000000000000e+00 0.0000000000000000e+00 0.0000000000000000e+00 0.0000000000000000e+00 3.2680678229703630e-04 -1.3755520703309708e-05 0.0000000000000000e+00 -1.3755520703309708e-05 -1.3685911151099176e-03 0.0000000000000000e+00 0.0000000000000000e+00 0.0000000000000000e+00 0.0000000000000000e+00 2.7105325720538351e-04 1.1461747557771727e-05 0.0000000000000000e+00 1.1461747557771727e-05 -1.3556793966862731e-03 0.0000000000000000e+00 0.0000000000000000e+00 0.0000000000000000e+00 0.0000000000000000e+00 3.3680804209031931e-04 5.4897538684711434e-05 0.0000000000000000e+00 5.4897538684711434e-05 -1.3740078234519898e-03 0.0000000000000000e+00 0.0000000000000000e+00 0.0000000000000000e+00 0.0000000000000000e+00 2.9014736596826197e-04 9.4442579499038411e-05 0.0000000000000000e+00 9.4442579499038411e-05 -1.3669697561990630e-03 0.0000000000000000e+00 0.0000000000000000e+00 0.0000000000000000e+00 0.0000000000000000e+00 3.8110230660016553e-04 1.1824772904685040e-04 0.0000000000000000e+00 1.1824772904685040e-04 -1.3984161000214854e-03 0.0000000000000000e+00 0.0000000000000000e+00 0.0000000000000000e+00 0.0000000000000000e+00 3.4560253523193628e-04 1.7558283310940487e-04 0.0000000000000000e+00 1.7558283310940487e-04 -1.4005198627236519e-03 0.0000000000000000e+00 0.0000000000000000e+00 0.0000000000000000e+00 0.0000000000000000e+00 4.6852245677587198e-04 1.5586734247583013e-04 0.0000000000000000e+00 1.5586734247583013e-04 -1.4411241463206000e-03 0.0000000000000000e+00 0.0000000000000000e+00 0.0000000000000000e+00 0.0000000000000000e+00 4.5753266673595179e-04 2.2645741959722950e-04 0.0000000000000000e+00 2.2645741959722950e-04 -1.4647868250766412e-03 0.0000000000000000e+00 0.0000000000000000e+00 0.0000000000000000e+00 0.0000000000000000e+00 5.7337780100234434e-04 1.0295142019145621e-04 0.0000000000000000e+00 1.0295142019145621e-04 -1.4427741876306170e-03 0.0000000000000000e+00 0.0000000000000000e+00 0.0000000000000000e+00 0.0000000000000000e+00 5.9040639998050328e-04 8.1457005209890641e-05 0.0000000000000000e+00 8.1457005209890641e-05 -1.4469424559854051e-03 0.0000000000000000e+00 0.0000000000000000e+00 0.0000000000000000e+00 0.0000000000000000e+00 6.5525506674352747e-04 -3.2365266869779604e-04 0.0000000000000000e+00 -3.2365266869779604e-04 -1.7586412492055863e-03 0.0000000000000000e+00 0.0000000000000000e+00 0.0000000000000000e+00 0.0000000000000000e+00 2.2170228849493749e-04 -5.6166055084814061e-04 0.0000000000000000e+00 -5.6166055084814061e-04 -1.5105284437922899e-03 0.0000000000000000e+00 0.0000000000000000e+00 0.0000000000000000e+00 0.0000000000000000e+00 2.7898906964912040e-04 -3.7573663162846096e-04 0.0000000000000000e+00 -3.7573663162846096e-04 -1.4271644125781555e-03 0.0000000000000000e+00 0.0000000000000000e+00 0.0000000000000000e+00 0.0000000000000000e+00 1.1673646151964260e-04 -3.5735992844547693e-04 0.0000000000000000e+00 -3.5735992844547693e-04 -1.3312248438306171e-03 0.0000000000000000e+00 0.0000000000000000e+00 0.0000000000000000e+00 0.0000000000000000e+00 1.8675621058053261e-04 -2.3850784295211130e-04 0.0000000000000000e+00 -2.3850784295211130e-04 -1.3470137216319840e-03 0.0000000000000000e+00 0.0000000000000000e+00 0.0000000000000000e+00 0.0000000000000000e+00 8.6236050523349128e-05 -2.1093851000963360e-04 0.0000000000000000e+00 -2.1093851000963360e-04 -1.3009097343515703e-03 0.0000000000000000e+00 0.0000000000000000e+00 0.0000000000000000e+00 0.0000000000000000e+00 1.5305533665564138e-04 -1.2281214228580405e-04 0.0000000000000000e+00 -1.2281214228580405e-04 -1.3232066059014249e-03 0.0000000000000000e+00 0.0000000000000000e+00 0.0000000000000000e+00 0.0000000000000000e+00 7.4418207251048007e-05 -9.2464337251923573e-05 0.0000000000000000e+00 -9.2464337251923573e-05 -1.2931934658229908e-03 0.0000000000000000e+00 0.0000000000000000e+00 0.0000000000000000e+00 0.0000000000000000e+00 1.4241310447595261e-04 -1.8831670026827891e-05 0.0000000000000000e+00 -1.8831670026827891e-05 -1.3165403362652558e-03 0.0000000000000000e+00 0.0000000000000000e+00 0.0000000000000000e+00 0.0000000000000000e+00 7.2160088948499987e-05 1.5552921123568611e-05 0.0000000000000000e+00 1.5552921123568611e-05 -1.2919544758333518e-03 0.0000000000000000e+00 0.0000000000000000e+00 0.0000000000000000e+00 0.0000000000000000e+00 1.4802905368999189e-04 8.3204523695223320e-05 0.0000000000000000e+00 8.3204523695223320e-05 -1.3197092339300080e-03 0.0000000000000000e+00 0.0000000000000000e+00 0.0000000000000000e+00 0.0000000000000000e+00 7.8263273374486533e-05 1.2501535561868865e-04 0.0000000000000000e+00 1.2501535561868865e-04 -1.2950967770004151e-03 0.0000000000000000e+00 0.0000000000000000e+00 0.0000000000000000e+00 0.0000000000000000e+00 1.7334047052923159e-04 1.9168840811577143e-04 0.0000000000000000e+00 1.9168840811577143e-04 -1.3359298880606387e-03 0.0000000000000000e+00 0.0000000000000000e+00 0.0000000000000000e+00 0.0000000000000000e+00 9.7521075778410758e-05 2.4814725022421157e-04 0.0000000000000000e+00 2.4814725022421157e-04 -1.3086985324899088e-03 0.0000000000000000e+00 0.0000000000000000e+00 0.0000000000000000e+00 0.0000000000000000e+00 2.3975350138949185e-04 3.0971819826185090e-04 0.0000000000000000e+00 3.0971819826185090e-04 -1.3859099406894797e-03 0.0000000000000000e+00 0.0000000000000000e+00 0.0000000000000000e+00 0.0000000000000000e+00 1.5460470113513511e-04 4.0183171299558240e-04 0.0000000000000000e+00 4.0183171299558240e-04 -1.3664670823389272e-03 0.0000000000000000e+00 0.0000000000000000e+00 0.0000000000000000e+00 0.0000000000000000e+00 4.2472864786564056e-04 3.7746458381224393e-04 0.0000000000000000e+00 3.7746458381224393e-04 -1.5455517531015350e-03 0.0000000000000000e+00 0.0000000000000000e+00 0.0000000000000000e+00 0.0000000000000000e+00 3.6700690187335699e-04 5.4934132829239984e-04 0.0000000000000000e+00 5.4934132829239984e-04 -1.6903635790937236e-03 0.0000000000000000e+00 0.0000000000000000e+00 0.0000000000000000e+00 0.0000000000000000e+00 5.3220514429639363e-04 -8.9777989084954596e-05 0.0000000000000000e+00 -8.9777989084954596e-05 -1.4309784211035152e-03 0.0000000000000000e+00 0.0000000000000000e+00 0.0000000000000000e+00 0.0000000000000000e+00 5.5303911893723437e-04 -5.7564760683359401e-05 0.0000000000000000e+00 -5.7564760683359401e-05 -1.4139168114640883e-03 0.0000000000000000e+00 0.0000000000000000e+00 0.0000000000000000e+00 0.0000000000000000e+00 5.0675472678804424e-04 -8.8794940464120145e-05 0.0000000000000000e+00 -8.8794940464120145e-05 -1.4725222431801032e-03 0.0000000000000000e+00 0.0000000000000000e+00 0.0000000000000000e+00 0.0000000000000000e+00 5.2091589067718895e-04 -5.8314154300735496e-05 0.0000000000000000e+00 -5.8314154300735496e-05 -1.4400744333219130e-03 0.0000000000000000e+00 0.0000000000000000e+00 0.0000000000000000e+00 0.0000000000000000e+00 4.9237189717424626e-04 -5.4024714172584599e-05 0.0000000000000000e+00 -5.4024714172584599e-05 -1.4832523963413439e-03 0.0000000000000000e+00 0.0000000000000000e+00 0.0000000000000000e+00 0.0000000000000000e+00 5.0364796125447052e-04 -3.6637052617443180e-05 0.0000000000000000e+00 -3.6637052617443180e-05 -1.4488895136241780e-03 0.0000000000000000e+00 0.0000000000000000e+00 0.0000000000000000e+00 0.0000000000000000e+00 4.8967736883303746e-04 -2.5540327955437305e-05 0.0000000000000000e+00 -2.5540327955437305e-05 -1.4938597769955386e-03 0.0000000000000000e+00 0.0000000000000000e+00 0.0000000000000000e+00 0.0000000000000000e+00 4.9788619023393842e-04 -1.5498189344881004e-05 0.0000000000000000e+00 -1.5498189344881004e-05 -1.4553500476678337e-03 0.0000000000000000e+00 0.0000000000000000e+00 0.0000000000000000e+00 0.0000000000000000e+00 4.8962450309994725e-04 -3.1255506606588916e-06 0.0000000000000000e+00 -3.1255506606588916e-06 -1.4987973397849680e-03 0.0000000000000000e+00 0.0000000000000000e+00 0.0000000000000000e+00 0.0000000000000000e+00 4.9674367291868183e-04 3.3709312008470316e-06 0.0000000000000000e+00 3.3709312008470316e-06 -1.4571406107142112e-03 0.0000000000000000e+00 0.0000000000000000e+00 0.0000000000000000e+00 0.0000000000000000e+00 4.8892491581794542e-04 1.8485394566010188e-05 0.0000000000000000e+00 1.8485394566010188e-05 -1.4957736780129127e-03 0.0000000000000000e+00 0.0000000000000000e+00 0.0000000000000000e+00 0.0000000000000000e+00 4.9859221669668074e-04 2.3143215871291117e-05 0.0000000000000000e+00 2.3143215871291117e-05 -1.4535047608699736e-03 0.0000000000000000e+00 0.0000000000000000e+00 0.0000000000000000e+00 0.0000000000000000e+00 4.8885069065237523e-04 4.5100009245647439e-05 0.0000000000000000e+00 4.5100009245647439e-05 -1.4856778966088769e-03 0.0000000000000000e+00 0.0000000000000000e+00 0.0000000000000000e+00 0.0000000000000000e+00 5.0702581490012842e-04 4.6638423476889226e-05 0.0000000000000000e+00 4.6638423476889226e-05 -1.4464984121098476e-03 0.0000000000000000e+00 0.0000000000000000e+00 0.0000000000000000e+00 0.0000000000000000e+00 4.9585715414362760e-04 7.9962783341113944e-05 0.0000000000000000e+00 7.9962783341113944e-05 -1.4724392531689811e-03 0.0000000000000000e+00 0.0000000000000000e+00 0.0000000000000000e+00 0.0000000000000000e+00 5.3237159082596336e-04 6.9540468687342302e-05 0.0000000000000000e+00 6.9540468687342302e-05 -1.4394885036041695e-03 0.0000000000000000e+00 0.0000000000000000e+00 0.0000000000000000e+00 0.0000000000000000e+00 5.1976601268370246e-04 1.0333427776800145e-04 0.0000000000000000e+00 1.0333427776800145e-04 -1.4572989950698669e-03 0.0000000000000000e+00 0.0000000000000000e+00 0.0000000000000000e+00 0.0000000000000000e+00 5.7627825652445484e-04 3.9702175129959769e-05 0.0000000000000000e+00 3.9702175129959769e-05 -1.3928682462693018e-03 0.0000000000000000e+00 0.0000000000000000e+00 0.0000000000000000e+00 0.0000000000000000e+00 5.3701974416889352e-04 6.7478854990225017e-06 0.0000000000000000e+00 6.7478854990225017e-06 -1.2582550352293425e-03 0.0000000000000000e+00 0.0000000000000000e+00 0.0000000000000000e+00 0.0000000000000000e+00 5.2632896029030090e-04 7.1139873157592505e-06 0.0000000000000000e+00 7.1139873157592505e-06 -1.2409749971855042e-03 0.0000000000000000e+00 0.0000000000000000e+00 0.0000000000000000e+00 0.0000000000000000e+00 5.3929699132382520e-04 -1.9564317087507555e-05 0.0000000000000000e+00 -1.9564317087507555e-05 -1.3410026192945226e-03 0.0000000000000000e+00 0.0000000000000000e+00 0.0000000000000000e+00 0.0000000000000000e+00 5.2585684795581180e-04 -5.4875905866487325e-06 0.0000000000000000e+00 -5.4875905866487325e-06 -1.2970915177064558e-03 0.0000000000000000e+00 0.0000000000000000e+00 0.0000000000000000e+00 0.0000000000000000e+00 5.1966446936288046e-04 -2.1571977520503067e-05 0.0000000000000000e+00 -2.1571977520503067e-05 -1.3597922195856924e-03 0.0000000000000000e+00 0.0000000000000000e+00 0.0000000000000000e+00 0.0000000000000000e+00 5.1201264444068403e-04 -8.3798320389983556e-06 0.0000000000000000e+00 -8.3798320389983556e-06 -1.3136102875620176e-03 0.0000000000000000e+00 0.0000000000000000e+00 0.0000000000000000e+00 0.0000000000000000e+00 5.0723594137413368e-04 -1.2415853038145869e-05 0.0000000000000000e+00 -1.2415853038145869e-05 -1.3660632485149587e-03 0.0000000000000000e+00 0.0000000000000000e+00 0.0000000000000000e+00 0.0000000000000000e+00 5.0302263302881079e-04 -4.4209579612575234e-06 0.0000000000000000e+00 -4.4209579612575234e-06 -1.3192730368755930e-03 0.0000000000000000e+00 0.0000000000000000e+00 0.0000000000000000e+00 0.0000000000000000e+00 5.0278675479468625e-04 -1.3988441068051063e-06 0.0000000000000000e+00 -1.3988441068051063e-06 -1.3682972936310510e-03 0.0000000000000000e+00 0.0000000000000000e+00 0.0000000000000000e+00 0.0000000000000000e+00 5.0086640955475880e-04 1.5035560231157046e-06 0.0000000000000000e+00 1.5035560231157046e-06 -1.3205341605444039e-03 0.0000000000000000e+00 0.0000000000000000e+00 0.0000000000000000e+00 0.0000000000000000e+00 5.0496285882692415e-04 9.7572594443555815e-06 0.0000000000000000e+00 9.7572594443555815e-06 -1.3671966413001861e-03 0.0000000000000000e+00 0.0000000000000000e+00 0.0000000000000000e+00 0.0000000000000000e+00 5.0551924018211038e-04 7.2800375366727165e-06 0.0000000000000000e+00 7.2800375366727165e-06 -1.3182647418175631e-03 0.0000000000000000e+00 0.0000000000000000e+00 0.0000000000000000e+00 0.0000000000000000e+00 5.1504722695073992e-04 2.0133109738496785e-05 0.0000000000000000e+00 2.0133109738496785e-05 -1.3629714743686214e-03 0.0000000000000000e+00 0.0000000000000000e+00 0.0000000000000000e+00 0.0000000000000000e+00 5.1761295217927334e-04 9.7146238403089639e-06 0.0000000000000000e+00 9.7146238403089639e-06 -1.3109168759103174e-03 0.0000000000000000e+00 0.0000000000000000e+00 0.0000000000000000e+00 0.0000000000000000e+00 5.3613629719320092e-04 2.2870509132343215e-05 0.0000000000000000e+00 2.2870509132343215e-05 -1.3529745921405253e-03 0.0000000000000000e+00 0.0000000000000000e+00 0.0000000000000000e+00 0.0000000000000000e+00 5.3242086843831326e-04 8.2924548101946488e-09 0.0000000000000000e+00 8.2924548101946488e-09 -1.2868256288812946e-03 0.0000000000000000e+00 0.0000000000000000e+00 0.0000000000000000e+00 0.0000000000000000e+00 5.4835800025415063e-04 7.1898898995965899e-07 0.0000000000000000e+00 7.1898898995965899e-07 -1.3010310898998424e-03 0.0000000000000000e+00 0.0000000000000000e+00 0.0000000000000000e+00 0.0000000000000000e+00 5.1139419846970657e-04 -1.2608877634130106e-05 0.0000000000000000e+00 -1.2608877634130106e-05 -1.1962144133202568e-03 0.0000000000000000e+00 0.0000000000000000e+00 0.0000000000000000e+00 0.0000000000000000e+00 4.7083924555973739e-04 1.5034546771076590e-05 0.0000000000000000e+00 1.5034546771076590e-05 -1.0967996981606910e-03 0.0000000000000000e+00 0.0000000000000000e+00 0.0000000000000000e+00 0.0000000000000000e+00 4.5882594954973073e-04 2.2256232634774131e-05 0.0000000000000000e+00 2.2256232634774131e-05 -1.0698749363387940e-03 0.0000000000000000e+00 0.0000000000000000e+00 0.0000000000000000e+00 0.0000000000000000e+00 4.9428322812911031e-04 2.1042481383413541e-05 0.0000000000000000e+00 2.1042481383413541e-05 -1.1686162665745872e-03 0.0000000000000000e+00 0.0000000000000000e+00 0.0000000000000000e+00 0.0000000000000000e+00 4.7600678202291779e-04 2.3153669138154950e-05 0.0000000000000000e+00 2.3153669138154950e-05 -1.1242227170246443e-03 0.0000000000000000e+00 0.0000000000000000e+00 0.0000000000000000e+00 0.0000000000000000e+00 4.9453045090948322e-04 1.0537623383837837e-05 0.0000000000000000e+00 1.0537623383837837e-05 -1.2013723558436562e-03 0.0000000000000000e+00 0.0000000000000000e+00 0.0000000000000000e+00 0.0000000000000000e+00 4.7756846732189667e-04 1.3899197426041002e-05 0.0000000000000000e+00 1.3899197426041002e-05 -1.1502910785984733e-03 0.0000000000000000e+00 0.0000000000000000e+00 0.0000000000000000e+00 0.0000000000000000e+00 4.8919749891072125e-04 4.0481124394952485e-06 0.0000000000000000e+00 4.0481124394952485e-06 -1.2139466851623091e-03 0.0000000000000000e+00 0.0000000000000000e+00 0.0000000000000000e+00 0.0000000000000000e+00 4.7508845019160299e-04 5.8657695698032971e-06 0.0000000000000000e+00 5.8657695698032971e-06 -1.1608009503216025e-03 0.0000000000000000e+00 0.0000000000000000e+00 0.0000000000000000e+00 0.0000000000000000e+00 4.8643295432853001e-04 7.6042438906613222e-07 0.0000000000000000e+00 7.6042438906613222e-07 -1.2177984307315522e-03 0.0000000000000000e+00 0.0000000000000000e+00 0.0000000000000000e+00 0.0000000000000000e+00 4.7430796786675412e-04 -7.3122717332289106e-07 0.0000000000000000e+00 -7.3122717332289106e-07 -1.1630963726040717e-03 0.0000000000000000e+00 0.0000000000000000e+00 0.0000000000000000e+00 0.0000000000000000e+00 4.8821403223940098e-04 -2.1624298745800592e-06 0.0000000000000000e+00 -2.1624298745800592e-06 -1.2162076726938485e-03 0.0000000000000000e+00 0.0000000000000000e+00 0.0000000000000000e+00 0.0000000000000000e+00 4.7639029609275425e-04 -7.8076078310553720e-06 0.0000000000000000e+00 -7.8076078310553720e-06 -1.1587428585688425e-03 0.0000000000000000e+00 0.0000000000000000e+00 0.0000000000000000e+00 0.0000000000000000e+00 4.9378047554414516e-04 -7.5818333005157119e-06 0.0000000000000000e+00 -7.5818333005157119e-06 -1.2076924497635133e-03 0.0000000000000000e+00 0.0000000000000000e+00 0.0000000000000000e+00 0.0000000000000000e+00 4.7890446988080933e-04 -1.7291219021250661e-05 0.0000000000000000e+00 -1.7291219021250661e-05 -1.1443432903176262e-03 0.0000000000000000e+00 0.0000000000000000e+00 0.0000000000000000e+00 0.0000000000000000e+00 4.9682840292126075e-04 -1.7776609296882825e-05 0.0000000000000000e+00 -1.7776609296882825e-05 -1.1832433835562374e-03 0.0000000000000000e+00 0.0000000000000000e+00 0.0000000000000000e+00 0.0000000000000000e+00 4.7297446763617287e-04 -2.6845887822489169e-05 0.0000000000000000e+00 -2.6845887822489169e-05 -1.1091027111163334e-03 0.0000000000000000e+00 0.0000000000000000e+00 0.0000000000000000e+00 0.0000000000000000e+00 4.8169040365857136e-04 -2.1721724673116139e-05 0.0000000000000000e+00 -2.1721724673116139e-05 -1.1237438456570877e-03 0.0000000000000000e+00 0.0000000000000000e+00 0.0000000000000000e+00 0.0000000000000000e+00 4.4694106009717893e-04 -1.4679518142642967e-05 0.0000000000000000e+00 -1.4679518142642967e-05 -1.0424605553360949e-03 0.0000000000000000e+00 0.0000000000000000e+00 0.0000000000000000e+00 0.0000000000000000e+00 4.0475814912794010e-04 1.3571170162715445e-05 0.0000000000000000e+00 1.3571170162715445e-05 -9.4320345843127600e-04 0.0000000000000000e+00 0.0000000000000000e+00 0.0000000000000000e+00 0.0000000000000000e+00 3.8946672613957391e-04 2.2059743601362461e-05 0.0000000000000000e+00 2.2059743601362461e-05 -9.0616296903029715e-04 0.0000000000000000e+00 0.0000000000000000e+00 0.0000000000000000e+00 0.0000000000000000e+00 4.2645795651868087e-04 3.0892389883086213e-05 0.0000000000000000e+00 3.0892389883086213e-05 -9.9244839671632271e-04 0.0000000000000000e+00 0.0000000000000000e+00 0.0000000000000000e+00 0.0000000000000000e+00 4.0761900443699289e-04 3.0473229963532664e-05 0.0000000000000000e+00 3.0473229963532664e-05 -9.4633960324425764e-04 0.0000000000000000e+00 0.0000000000000000e+00 0.0000000000000000e+00 0.0000000000000000e+00 4.3765074503035201e-04 2.5306935543612283e-05 0.0000000000000000e+00 2.5306935543612283e-05 -1.0255923046809127e-03 0.0000000000000000e+00 0.0000000000000000e+00 0.0000000000000000e+00 0.0000000000000000e+00 4.1732478660664891e-04 2.3225148324130178e-05 0.0000000000000000e+00 2.3225148324130178e-05 -9.7265782743132694e-04 0.0000000000000000e+00 0.0000000000000000e+00 0.0000000000000000e+00 0.0000000000000000e+00 4.4089782886601184e-04 1.3916706735178257e-05 0.0000000000000000e+00 1.3916706735178257e-05 -1.0424649821953490e-03 0.0000000000000000e+00 0.0000000000000000e+00 0.0000000000000000e+00 0.0000000000000000e+00 4.2084791250773389e-04 1.1065350809328667e-05 0.0000000000000000e+00 1.1065350809328667e-05 -9.8573609123807533e-04 0.0000000000000000e+00 0.0000000000000000e+00 0.0000000000000000e+00 0.0000000000000000e+00 4.4143698714502611e-04 2.0852393021188180e-06 0.0000000000000000e+00 2.0852393021188180e-06 -1.0483056653426506e-03 0.0000000000000000e+00 0.0000000000000000e+00 0.0000000000000000e+00 0.0000000000000000e+00 4.2156813483444020e-04 -2.1271965111819379e-06 0.0000000000000000e+00 -2.1271965111819379e-06 -9.8877436927375479e-04 0.0000000000000000e+00 0.0000000000000000e+00 0.0000000000000000e+00 0.0000000000000000e+00 4.4146323119997758e-04 -9.7684783366596480e-06 0.0000000000000000e+00 -9.7684783366596480e-06 -1.0455764909668424e-03 0.0000000000000000e+00 0.0000000000000000e+00 0.0000000000000000e+00 0.0000000000000000e+00 4.2038457793921585e-04 -1.5360217904043352e-05 0.0000000000000000e+00 -1.5360217904043352e-05 -9.8268653480406082e-04 0.0000000000000000e+00 0.0000000000000000e+00 0.0000000000000000e+00 0.0000000000000000e+00 4.3970196326007221e-04 -2.1703956537338254e-05 0.0000000000000000e+00 -2.1703956537338254e-05 -1.0328331951173853e-03 0.0000000000000000e+00 0.0000000000000000e+00 0.0000000000000000e+00 0.0000000000000000e+00 4.1522003922453616e-04 -2.7056558332553747e-05 0.0000000000000000e+00 -2.7056558332553747e-05 -9.6533204546395840e-04 0.0000000000000000e+00 0.0000000000000000e+00 0.0000000000000000e+00 0.0000000000000000e+00 4.3138291060373186e-04 -3.0383236716570801e-05 0.0000000000000000e+00 -3.0383236716570801e-05 -1.0049966905751513e-03 0.0000000000000000e+00 0.0000000000000000e+00 0.0000000000000000e+00 0.0000000000000000e+00 4.0208271283952726e-04 -3.0888143688733830e-05 0.0000000000000000e+00 -3.0888143688733830e-05 -9.3323358472618186e-04 0.0000000000000000e+00 0.0000000000000000e+00 0.0000000000000000e+00 0.0000000000000000e+00 4.1219522554363685e-04 -2.2878879322266060e-05 0.0000000000000000e+00 -2.2878879322266060e-05 -9.5919041627034031e-04 0.0000000000000000e+00 0.0000000000000000e+00 0.0000000000000000e+00 0.0000000000000000e+00 3.8196127392478633e-04 -1.2429246976052606e-05 0.0000000000000000e+00 -1.2429246976052606e-05 -8.9032544552779366e-04 0.0000000000000000e+00 0.0000000000000000e+00 0.0000000000000000e+00 0.0000000000000000e+00 3.3800915051625848e-04 1.0851607551477154e-05 0.0000000000000000e+00 1.0851607551477154e-05 -7.8765465968499732e-04 0.0000000000000000e+00 0.0000000000000000e+00 0.0000000000000000e+00 0.0000000000000000e+00 3.1948664215099878e-04 1.8037601310958545e-05 0.0000000000000000e+00 1.8037601310958545e-05 -7.4271533657105935e-04 0.0000000000000000e+00 0.0000000000000000e+00 0.0000000000000000e+00 0.0000000000000000e+00 3.5373821241343291e-04 2.8700212624971032e-05 0.0000000000000000e+00 2.8700212624971032e-05 -8.1824872652708734e-04 0.0000000000000000e+00 0.0000000000000000e+00 0.0000000000000000e+00 0.0000000000000000e+00 3.3375416426550665e-04 2.8009128189439507e-05 0.0000000000000000e+00 2.8009128189439507e-05 -7.6895466379024442e-04 0.0000000000000000e+00 0.0000000000000000e+00 0.0000000000000000e+00 0.0000000000000000e+00 3.6681454978187462e-04 2.7382369704295125e-05 0.0000000000000000e+00 2.7382369704295125e-05 -8.4457055777769729e-04 0.0000000000000000e+00 0.0000000000000000e+00 0.0000000000000000e+00 0.0000000000000000e+00 3.4487781359117143e-04 2.3606210107502371e-05 0.0000000000000000e+00 2.3606210107502371e-05 -7.9006995304564524e-04 0.0000000000000000e+00 0.0000000000000000e+00 0.0000000000000000e+00 0.0000000000000000e+00 3.7407238847616989e-04 1.6631555063233915e-05 0.0000000000000000e+00 1.6631555063233915e-05 -8.6077575817535836e-04 0.0000000000000000e+00 0.0000000000000000e+00 0.0000000000000000e+00 0.0000000000000000e+00 3.5086014674282800e-04 1.1875567045971956e-05 0.0000000000000000e+00 1.1875567045971956e-05 -8.0217497612909293e-04 0.0000000000000000e+00 0.0000000000000000e+00 0.0000000000000000e+00 0.0000000000000000e+00 3.7662654619755373e-04 2.4661400633520957e-06 0.0000000000000000e+00 2.4661400633520957e-06 -8.6696585624894212e-04 0.0000000000000000e+00 0.0000000000000000e+00 0.0000000000000000e+00 0.0000000000000000e+00 3.5228997206635708e-04 -2.5269070998713986e-06 0.0000000000000000e+00 -2.5269070998713986e-06 -8.0512068547415963e-04 0.0000000000000000e+00 0.0000000000000000e+00 0.0000000000000000e+00 0.0000000000000000e+00 3.7543382863667723e-04 -1.2111244315360607e-05 0.0000000000000000e+00 -1.2111244315360607e-05 -8.6385241489777783e-04 0.0000000000000000e+00 0.0000000000000000e+00 0.0000000000000000e+00 0.0000000000000000e+00 3.4944887713646565e-04 -1.6519856934639424e-05 0.0000000000000000e+00 -1.6519856934639424e-05 -7.9904547823048415e-04 0.0000000000000000e+00 0.0000000000000000e+00 0.0000000000000000e+00 0.0000000000000000e+00 3.6985221537553777e-04 -2.4474708650067270e-05 0.0000000000000000e+00 -2.4474708650067270e-05 -8.5089202810315783e-04 0.0000000000000000e+00 0.0000000000000000e+00 0.0000000000000000e+00 0.0000000000000000e+00 3.4163809809219312e-04 -2.6576715528911401e-05 0.0000000000000000e+00 -2.6576715528911401e-05 -7.8355278348733954e-04 0.0000000000000000e+00 0.0000000000000000e+00 0.0000000000000000e+00 0.0000000000000000e+00 3.5846283187500203e-04 -2.9693962716804332e-05 0.0000000000000000e+00 -2.9693962716804332e-05 -8.2732032151251300e-04 0.0000000000000000e+00 0.0000000000000000e+00 0.0000000000000000e+00 0.0000000000000000e+00 3.2872559526207453e-04 -2.6847998899981521e-05 0.0000000000000000e+00 -2.6847998899981521e-05 -7.5961085449414284e-04 0.0000000000000000e+00 0.0000000000000000e+00 0.0000000000000000e+00 0.0000000000000000e+00 3.4261710493165958e-04 -1.9192873562094964e-05 0.0000000000000000e+00 -1.9192873562094964e-05 -7.9660660777394689e-04 0.0000000000000000e+00 0.0000000000000000e+00 0.0000000000000000e+00 0.0000000000000000e+00 3.1494406461852955e-04 -9.6161239535929825e-06 0.0000000000000000e+00 -9.6161239535929825e-06 -7.3392499613256299e-04 0.0000000000000000e+00 0.0000000000000000e+00 0.0000000000000000e+00 0.0000000000000000e+00 2.6926598611829990e-04 8.1111802357817478e-06 0.0000000000000000e+00 8.1111802357817478e-06 -6.2738689296970682e-04 0.0000000000000000e+00 0.0000000000000000e+00 0.0000000000000000e+00 0.0000000000000000e+00 2.4818870905399178e-04 1.3495727429453179e-05 0.0000000000000000e+00 1.3495727429453179e-05 -5.7665072060172603e-04 0.0000000000000000e+00 0.0000000000000000e+00 0.0000000000000000e+00 0.0000000000000000e+00 2.7951337387253802e-04 2.2950522827894773e-05 0.0000000000000000e+00 2.2950522827894773e-05 -6.4462693720617815e-04 0.0000000000000000e+00 0.0000000000000000e+00 0.0000000000000000e+00 0.0000000000000000e+00 2.5812337715001919e-04 2.2301269809372576e-05 0.0000000000000000e+00 2.2301269809372576e-05 -5.9207029053071948e-04 0.0000000000000000e+00 0.0000000000000000e+00 0.0000000000000000e+00 0.0000000000000000e+00 2.9060952839934457e-04 2.3647585937839598e-05 0.0000000000000000e+00 2.3647585937839598e-05 -6.6276766741117687e-04 0.0000000000000000e+00 0.0000000000000000e+00 0.0000000000000000e+00 0.0000000000000000e+00 2.6760323036474377e-04 1.9910772534218709e-05 0.0000000000000000e+00 1.9910772534218709e-05 -6.0669844040906731e-04 0.0000000000000000e+00 0.0000000000000000e+00 0.0000000000000000e+00 0.0000000000000000e+00 2.9820584037533091e-04 1.5170650549943805e-05 0.0000000000000000e+00 1.5170650549943805e-05 -6.7547102684338328e-04 0.0000000000000000e+00 0.0000000000000000e+00 0.0000000000000000e+00 0.0000000000000000e+00 2.7349293721287368e-04 1.0358996841994522e-05 0.0000000000000000e+00 1.0358996841994522e-05 -6.1592547255166481e-04 0.0000000000000000e+00 0.0000000000000000e+00 0.0000000000000000e+00 0.0000000000000000e+00 3.0123830163142411e-04 2.2648844225247404e-06 0.0000000000000000e+00 2.2648844225247404e-06 -6.8064688505759419e-04 0.0000000000000000e+00 0.0000000000000000e+00 0.0000000000000000e+00 0.0000000000000000e+00 2.7496668506409673e-04 -2.3110836061632256e-06 0.0000000000000000e+00 -2.3110836061632256e-06 -6.1823367102704430e-04 0.0000000000000000e+00 0.0000000000000000e+00 0.0000000000000000e+00 0.0000000000000000e+00 2.9968493128045199e-04 -1.1228043267990815e-05 0.0000000000000000e+00 -1.1228043267990815e-05 -6.7793370603394737e-04 0.0000000000000000e+00 0.0000000000000000e+00 0.0000000000000000e+00 0.0000000000000000e+00 2.7192857256264888e-04 -1.4374626970122432e-05 0.0000000000000000e+00 -1.4374626970122432e-05 -6.1338090966261462e-04 0.0000000000000000e+00 0.0000000000000000e+00 0.0000000000000000e+00 0.0000000000000000e+00 2.9348791539872919e-04 -2.1599340058214533e-05 0.0000000000000000e+00 -2.1599340058214533e-05 -6.6743567735820042e-04 0.0000000000000000e+00 0.0000000000000000e+00 0.0000000000000000e+00 0.0000000000000000e+00 2.6456153639142972e-04 -2.1953538943236374e-05 0.0000000000000000e+00 -2.1953538943236374e-05 -6.0187515001829139e-04 0.0000000000000000e+00 0.0000000000000000e+00 0.0000000000000000e+00 0.0000000000000000e+00 2.8318788172927039e-04 -2.4381576070539391e-05 0.0000000000000000e+00 -2.4381576070539391e-05 -6.5046243882827871e-04 0.0000000000000000e+00 0.0000000000000000e+00 0.0000000000000000e+00 0.0000000000000000e+00 2.5431502465140014e-04 -2.0751271793057212e-05 0.0000000000000000e+00 -2.0751271793057212e-05 -5.8612111444842653e-04 0.0000000000000000e+00 0.0000000000000000e+00 0.0000000000000000e+00 0.0000000000000000e+00 2.7186888959272802e-04 -1.4611362539205238e-05 0.0000000000000000e+00 -1.4611362539205238e-05 -6.3181806154279422e-04 0.0000000000000000e+00 0.0000000000000000e+00 0.0000000000000000e+00 0.0000000000000000e+00 2.4563405848533013e-04 -7.0007473404085290e-06 0.0000000000000000e+00 -7.0007473404085290e-06 -5.7231641435703513e-04 0.0000000000000000e+00 0.0000000000000000e+00 0.0000000000000000e+00 0.0000000000000000e+00 1.9843941910092163e-04 5.6821423755056730e-06 0.0000000000000000e+00 5.6821423755056730e-06 -4.6224286127937158e-04 0.0000000000000000e+00 0.0000000000000000e+00 0.0000000000000000e+00 0.0000000000000000e+00 1.7554829615900564e-04 9.2669420996788144e-06 0.0000000000000000e+00 9.2669420996788144e-06 -4.0739151451717816e-04 0.0000000000000000e+00 0.0000000000000000e+00 0.0000000000000000e+00 0.0000000000000000e+00 2.0463834941467790e-04 1.6699753809958915e-05 0.0000000000000000e+00 1.6699753809958915e-05 -4.7049561517628592e-04 0.0000000000000000e+00 0.0000000000000000e+00 0.0000000000000000e+00 0.0000000000000000e+00 1.8213431935690407e-04 1.6043820078827592e-05 0.0000000000000000e+00 1.6043820078827592e-05 -4.1532464388569098e-04 0.0000000000000000e+00 0.0000000000000000e+00 0.0000000000000000e+00 0.0000000000000000e+00 2.1292355133398685e-04 1.8113612145167646e-05 0.0000000000000000e+00 1.8113612145167646e-05 -4.8159736257973908e-04 0.0000000000000000e+00 0.0000000000000000e+00 0.0000000000000000e+00 0.0000000000000000e+00 1.8929559634446477e-04 1.5001432229633864e-05 0.0000000000000000e+00 1.5001432229633864e-05 -4.2423008074638044e-04 0.0000000000000000e+00 0.0000000000000000e+00 0.0000000000000000e+00 0.0000000000000000e+00 2.1921609321356384e-04 1.2072415564374801e-05 0.0000000000000000e+00 1.2072415564374801e-05 -4.9011881041487084e-04 0.0000000000000000e+00 0.0000000000000000e+00 0.0000000000000000e+00 0.0000000000000000e+00 1.9406130573845906e-04 8.0174854710941158e-06 0.0000000000000000e+00 8.0174854710941158e-06 -4.3019496715948207e-04 0.0000000000000000e+00 0.0000000000000000e+00 0.0000000000000000e+00 0.0000000000000000e+00 2.2186927646973006e-04 1.8191215497318466e-06 0.0000000000000000e+00 1.8191215497318466e-06 -4.9372375219839868e-04 0.0000000000000000e+00 0.0000000000000000e+00 0.0000000000000000e+00 0.0000000000000000e+00 1.9527990035694110e-04 -1.8441290061706043e-06 0.0000000000000000e+00 -1.8441290061706043e-06 -4.3170002767869297e-04 0.0000000000000000e+00 0.0000000000000000e+00 0.0000000000000000e+00 0.0000000000000000e+00 2.2046954950899247e-04 -9.0281082323478673e-06 0.0000000000000000e+00 -9.0281082323478673e-06 -4.9177740766515889e-04 0.0000000000000000e+00 0.0000000000000000e+00 0.0000000000000000e+00 0.0000000000000000e+00 1.9273311178769550e-04 -1.1092119910909347e-05 0.0000000000000000e+00 -1.1092119910909347e-05 -4.2846475010582677e-04 0.0000000000000000e+00 0.0000000000000000e+00 0.0000000000000000e+00 0.0000000000000000e+00 2.1521201467839348e-04 -1.6808598551772862e-05 0.0000000000000000e+00 -1.6808598551772862e-05 -4.8459016639272433e-04 0.0000000000000000e+00 0.0000000000000000e+00 0.0000000000000000e+00 0.0000000000000000e+00 1.8689707865549216e-04 -1.6283072935205974e-05 0.0000000000000000e+00 -1.6283072935205974e-05 -4.2113244056587410e-04 0.0000000000000000e+00 0.0000000000000000e+00 0.0000000000000000e+00 0.0000000000000000e+00 2.0725850065521045e-04 -1.8076887749251678e-05 0.0000000000000000e+00 -1.8076887749251678e-05 -4.7384434762085388e-04 0.0000000000000000e+00 0.0000000000000000e+00 0.0000000000000000e+00 0.0000000000000000e+00 1.7945980767454281e-04 -1.4599829243535545e-05 0.0000000000000000e+00 -1.4599829243535545e-05 -4.1193389046274679e-04 0.0000000000000000e+00 0.0000000000000000e+00 0.0000000000000000e+00 0.0000000000000000e+00 1.9974182297464950e-04 -1.0284037861957844e-05 0.0000000000000000e+00 -1.0284037861957844e-05 -4.6382623503915028e-04 0.0000000000000000e+00 0.0000000000000000e+00 0.0000000000000000e+00 0.0000000000000000e+00 1.7426962289747883e-04 -4.6999418325869479e-06 0.0000000000000000e+00 -4.6999418325869479e-06 -4.0586010493499127e-04 0.0000000000000000e+00 0.0000000000000000e+00 0.0000000000000000e+00 0.0000000000000000e+00 1.2573241816014075e-04 3.4241983332761073e-06 0.0000000000000000e+00 3.4241983332761073e-06 -2.9258622683786724e-04 0.0000000000000000e+00 0.0000000000000000e+00 0.0000000000000000e+00 0.0000000000000000e+00 1.0175070018243571e-04 5.1586932289611950e-06 0.0000000000000000e+00 5.1586932289611950e-06 -2.3503753890442671e-04 0.0000000000000000e+00 0.0000000000000000e+00 0.0000000000000000e+00 0.0000000000000000e+00 1.2962710854788783e-04 1.0669255827198810e-05 0.0000000000000000e+00 1.0669255827198810e-05 -2.9558976669792392e-04 0.0000000000000000e+00 0.0000000000000000e+00 0.0000000000000000e+00 0.0000000000000000e+00 1.0646927992571457e-04 9.8675297391467988e-06 0.0000000000000000e+00 9.8675297391467988e-06 -2.3865871723992443e-04 0.0000000000000000e+00 0.0000000000000000e+00 0.0000000000000000e+00 0.0000000000000000e+00 1.3569044307194464e-04 1.2325399956461374e-05 0.0000000000000000e+00 1.2325399956461374e-05 -3.0158908665985979e-04 0.0000000000000000e+00 0.0000000000000000e+00 0.0000000000000000e+00 0.0000000000000000e+00 1.1197527418934173e-04 9.8095395266175847e-06 0.0000000000000000e+00 9.8095395266175847e-06 -2.4338327527646835e-04 0.0000000000000000e+00 0.0000000000000000e+00 0.0000000000000000e+00 0.0000000000000000e+00 1.4056387779713084e-04 8.5217062075737990e-06 0.0000000000000000e+00 8.5217062075737990e-06 -3.0645873377842801e-04 0.0000000000000000e+00 0.0000000000000000e+00 0.0000000000000000e+00 0.0000000000000000e+00 1.1586347728800844e-04 5.3729371809194818e-06 0.0000000000000000e+00 5.3729371809194818e-06 -2.4665130827972132e-04 0.0000000000000000e+00 0.0000000000000000e+00 0.0000000000000000e+00 0.0000000000000000e+00 1.4270864573716932e-04 1.2812814676756345e-06 0.0000000000000000e+00 1.2812814676756345e-06 -3.0855833473275189e-04 0.0000000000000000e+00 0.0000000000000000e+00 0.0000000000000000e+00 0.0000000000000000e+00 1.1690876703554164e-04 -1.2959537504542560e-06 0.0000000000000000e+00 -1.2959537504542560e-06 -2.4748363784287460e-04 0.0000000000000000e+00 0.0000000000000000e+00 0.0000000000000000e+00 0.0000000000000000e+00 1.4158638239651739e-04 -6.4517798344334887e-06 0.0000000000000000e+00 -6.4517798344334887e-06 -3.0739849605398035e-04 0.0000000000000000e+00 0.0000000000000000e+00 0.0000000000000000e+00 0.0000000000000000e+00 1.1479480414406823e-04 -7.4533172619156131e-06 0.0000000000000000e+00 -7.4533172619156131e-06 -2.4567009773880628e-04 0.0000000000000000e+00 0.0000000000000000e+00 0.0000000000000000e+00 0.0000000000000000e+00 1.3746079467142613e-04 -1.1636835141584817e-05 0.0000000000000000e+00 -1.1636835141584817e-05 -3.0323444500581089e-04 0.0000000000000000e+00 0.0000000000000000e+00 0.0000000000000000e+00 0.0000000000000000e+00 1.1012991607124158e-04 -1.0469243608174392e-05 0.0000000000000000e+00 -1.0469243608174392e-05 -2.4166708311285415e-04 0.0000000000000000e+00 0.0000000000000000e+00 0.0000000000000000e+00 0.0000000000000000e+00 1.3153258482646499e-04 -1.1853585507564670e-05 0.0000000000000000e+00 -1.1853585507564670e-05 -2.9729638194013621e-04 0.0000000000000000e+00 0.0000000000000000e+00 0.0000000000000000e+00 0.0000000000000000e+00 1.0453352903303018e-04 -8.6428357898166920e-06 0.0000000000000000e+00 -8.6428357898166920e-06 -2.3692012390038087e-04 0.0000000000000000e+00 0.0000000000000000e+00 0.0000000000000000e+00 0.0000000000000000e+00 1.2641887938052868e-04 -6.2270665128337427e-06 0.0000000000000000e+00 -6.2270665128337427e-06 -2.9267971001804003e-04 0.0000000000000000e+00 0.0000000000000000e+00 0.0000000000000000e+00 0.0000000000000000e+00 1.0111802324257435e-04 -2.3999240608411403e-06 0.0000000000000000e+00 -2.3999240608411403e-06 -2.3500485270882182e-04 0.0000000000000000e+00 0.0000000000000000e+00 0.0000000000000000e+00 0.0000000000000000e+00 5.1066751613280304e-05 1.0696759847289572e-06 0.0000000000000000e+00 1.0696759847289572e-06 -1.1839715215418768e-04 0.0000000000000000e+00 0.0000000000000000e+00 0.0000000000000000e+00 0.0000000000000000e+00 2.6076740556143429e-05 1.1450474401298279e-06 0.0000000000000000e+00 1.1450474401298279e-06 -5.9419493318037517e-05 0.0000000000000000e+00 0.0000000000000000e+00 0.0000000000000000e+00 0.0000000000000000e+00 5.4190149833677483e-05 4.6352871279741928e-06 0.0000000000000000e+00 4.6352871279741928e-06 -1.1967710308320882e-04 0.0000000000000000e+00 0.0000000000000000e+00 0.0000000000000000e+00 0.0000000000000000e+00 3.0211928065110777e-05 2.9861715302882666e-06 0.0000000000000000e+00 2.9861715302882666e-06 -6.1361151414835027e-05 0.0000000000000000e+00 0.0000000000000000e+00 0.0000000000000000e+00 0.0000000000000000e+00 5.9643963381719639e-05 5.9300681260216374e-06 0.0000000000000000e+00 5.9300681260216374e-06 -1.2282317655488986e-04 0.0000000000000000e+00 0.0000000000000000e+00 0.0000000000000000e+00 0.0000000000000000e+00 3.6602535706393240e-05 3.1155161684096627e-06 0.0000000000000000e+00 3.1155161684096627e-06 -6.4384249702783636e-05 0.0000000000000000e+00 0.0000000000000000e+00 0.0000000000000000e+00 0.0000000000000000e+00 6.4647547603840399e-05 4.1785073241349042e-06 0.0000000000000000e+00 4.1785073241349042e-06 -1.2558635097795583e-04 0.0000000000000000e+00 0.0000000000000000e+00 0.0000000000000000e+00 0.0000000000000000e+00 4.1805461920366815e-05 1.6645274597910588e-06 0.0000000000000000e+00 1.6645274597910588e-06 -6.6799046212029112e-05 0.0000000000000000e+00 0.0000000000000000e+00 0.0000000000000000e+00 0.0000000000000000e+00 6.7049533099037477e-05 5.3250114833662002e-07 0.0000000000000000e+00 5.3250114833662002e-07 -1.2685474359386503e-04 0.0000000000000000e+00 0.0000000000000000e+00 0.0000000000000000e+00 0.0000000000000000e+00 4.3367152851458006e-05 -5.2835843594335509e-07 0.0000000000000000e+00 -5.2835843594335509e-07 -6.7513620240404544e-05 0.0000000000000000e+00 0.0000000000000000e+00 0.0000000000000000e+00 0.0000000000000000e+00 6.5875733663424706e-05 -3.3328789491179460e-06 0.0000000000000000e+00 -3.3328789491179460e-06 -1.2617883320113649e-04 0.0000000000000000e+00 0.0000000000000000e+00 0.0000000000000000e+00 0.0000000000000000e+00 4.0610403603420920e-05 -2.4979870724901095e-06 0.0000000000000000e+00 -2.4979870724901095e-06 -6.6229521841725531e-05 0.0000000000000000e+00 0.0000000000000000e+00 0.0000000000000000e+00 0.0000000000000000e+00 6.1581409859617930e-05 -5.7145781037042217e-06 0.0000000000000000e+00 -5.7145781037042217e-06 -1.2378046975136550e-04 0.0000000000000000e+00 0.0000000000000000e+00 0.0000000000000000e+00 0.0000000000000000e+00 3.4732700741946015e-05 -3.3116122631442310e-06 0.0000000000000000e+00 -3.3116122631442310e-06 -6.3464968733246033e-05 0.0000000000000000e+00 0.0000000000000000e+00 0.0000000000000000e+00 0.0000000000000000e+00 5.5937064804458969e-05 -5.3130357450652844e-06 0.0000000000000000e+00 -5.3130357450652844e-06 -1.2056329555603787e-04 0.0000000000000000e+00 0.0000000000000000e+00 0.0000000000000000e+00 0.0000000000000000e+00 2.8522267583944080e-05 -2.2987506095617609e-06 0.0000000000000000e+00 -2.2987506095617609e-06 -6.0473488708882744e-05 0.0000000000000000e+00 0.0000000000000000e+00 0.0000000000000000e+00 0.0000000000000000e+00 5.1633020497839007e-05 -2.1296036404471131e-06 0.0000000000000000e+00 -2.1296036404471131e-06 -1.1838834725797138e-04 0.0000000000000000e+00 0.0000000000000000e+00 0.0000000000000000e+00 0.0000000000000000e+00 2.5558198996090800e-05 -1.3049749022128874e-07 0.0000000000000000e+00 -1.3049749022128874e-07 -5.9461801003910958e-05 0.0000000000000000e+00 0.0000000000000000e+00 0.0000000000000000e+00 0.0000000000000000e+00
</DataArray>
        <DataArray type="Float64" format="ascii" Name="epsilon_xx">
4.2219149855459971e-04 4.0284678331933436e-04 4.3802740624169660e-04 4.3387020304412128e-04 4.5986769119107262e-04 4.5949681395620403e-04 4.7309096360403094e-04 4.7336834127607668e-04 4.7851628989128904e-04 4.7685503309879957e-04 4.7615755226166273e-04 4.7027583274802579e-04 4.6642456224279513e-04 4.5295300230866137e-04 4.4996775255740535e-04 4.2187975556289150e-04 4.2387831422935042e-04 3.9518030294653707e-04 4.0930844356798659e-04 4.1592491258780271e-04 4.1761492644240556e-04 4.3134287282141191e-04 4.4679150358009097e-04 4.5721781349262347e-04 4.6810638989202121e-04 4.7444259126541168e-04 4.7678996955079412e-04 4.7887512220045155e-04 4.7258499487437436e-04 4.7005863588367111e-04 4.5520211814604317e-04 4.4861768514236017e-04 4.2557000039969390e-04 4.2163766003412896e-04 4.0467729630491202e-04 4.2265940846415880e-04 4.3899507053359759e-04 4.4788242019457730e-04 4.4214164547926179e-04 4.5848430655210558e-04 4.6165190316914363e-04 4.7648217771445711e-04 4.7946058249350148e-04 4.8964419077159353e-04 4.8723953354819162e-04 4.9305289895814654e-04 4.8313416113342033e-04 4.8594960477213331e-04 4.6792536671075855e-04 4.7014438002815465e-04 4.4767293276934812e-04 4.5354818836268240e-04 4.3785234567316600e-04 4.4934319614689397e-04 4.6461812523809553e-04 4.7731118367236368e-04 4.7596328294036052e-04 4.9232787729497221e-04 4.9067394061059197e-04 5.0429626126844264e-04 5.0166876490784532e-04 5.1069005125154560e-04 5.0605443791905977e-04 5.1199450812794639e-04 5.0358185651243391e-04 5.0876740101174652e-04 4.9462274877201966e-04 5.0064435348633998e-04 4.8116164835430598e-04 4.8788529215878433e-04 4.6836244332813353e-04 4.7347437985359426e-04 4.8737415216827375e-04 5.0516619920341183e-04 5.0912870065967088e-04 5.2371726888170329e-04 5.1941199282947207e-04 5.2598837555573692e-04 5.2072567549175594e-04 5.2177052115421772e-04 5.1973653786472978e-04 5.1975559369906875e-04 5.1982634510021677e-04 5.2239854077069177e-04 5.1969858183902702e-04 5.2573326580109523e-04 5.1384150203167417e-04 5.1982790146562973e-04 4.9643644083395154e-04 4.9614564201393315e-04 5.0954501392948867e-04 5.3426174333508138e-04 5.3858564229379200e-04 5.4450191109015284e-04 5.3393275653664646e-04 5.2360983193144276e-04 5.1779016584559926e-04 5.0195762808360469e-04 5.0855673399437804e-04 4.9518614461466963e-04 5.1241669841279127e-04 5.0627997702173348e-04 5.2667874358519335e-04 5.2950811233197644e-04 5.3840831770721588e-04 5.4529551572230330e-04 5.2449939542493281e-04 5.2039135446591564e-04 5.3564118622314010e-04 5.6721799635678350e-04 5.5645500743509244e-04 5.3302728909049388e-04 5.1135179946962728e-04 4.6895779848137042e-04 4.6867819120153940e-04 4.2718851278588103e-04 4.4994379102518715e-04 4.1626301389906516e-04 4.5819666595492474e-04 4.3559756566922443e-04 4.9180038876693328e-04 4.8410624871285152e-04 5.3893863968811745e-04 5.4728089575281007e-04 5.5500750672711908e-04 5.5308680560960230e-04 5.7729443477865460e-04 5.7813193170350489e-04 5.1898075481920827e-04 4.2755959118193575e-04 4.0943132491852593e-04 3.2371396781312418e-04 3.4855146329571500e-04 2.8061787394688165e-04 3.2680678229703630e-04 2.7105325720538351e-04 3.3680804209031931e-04 2.9014736596826197e-04 3.8110230660016553e-04 3.4560253523193628e-04 4.6852245677587198e-04 4.5753266673595179e-04 5.7337780100234434e-04 5.9040639998050328e-04 6.5525506674352747e-04 2.2170228849493749e-04 2.7898906964912040e-04 1.1673646151964260e-04 1.8675621058053261e-04 8.6236050523349128e-05 1.5305533665564138e-04 7.4418207251048007e-05 1.4241310447595261e-04 7.2160088948499987e-05 1.4802905368999189e-04 7.8263273374486533e-05 1.7334047052923159e-04 9.7521075778410758e-05 2.3975350138949185e-04 1.5460470113513511e-04 4.2472864786564056e-04 3.6700690187335699e-04 5.3220514429639363e-04 5.5303911893723437e-04 5.0675472678804424e-04 5.2091589067718895e-04 4.9237189717424626e-04 5.0364796125447052e-04 4.8967736883303746e-04 4.9788619023393842e-04 4.8962450309994725e-04 4.9674367291868183e-04 4.8892491581794542e-04 4.9859221669668074e-04 4.8885069065237523e-04 5.0702581490012842e-04 4.9585715414362760e-04 5.3237159082596336e-04 5.1976601268370246e-04 5.7627825652445484e-04 5.3701974416889352e-04 5.2632896029030090e-04 5.3929699132382520e-04 5.2585684795581180e-04 5.1966446936288046e-04 5.1201264444068403e-04 5.0723594137413368e-04 5.0302263302881079e-04 5.0278675479468625e-04 5.0086640955475880e-04 5.0496285882692415e-04 5.0551924018211038e-04 5.1504722695073992e-04 5.1761295217927334e-04 5.3613629719320092e-04 5.3242086843831326e-04 5.4835800025415063e-04 5.1139419846970657e-04 4.7083924555973739e-04 4.5882594954973073e-04 4.9428322812911031e-04 4.7600678202291779e-04 4.9453045090948322e-04 4.7756846732189667e-04 4.8919749891072125e-04 4.7508845019160299e-04 4.8643295432853001e-04 4.7430796786675412e-04 4.8821403223940098e-04 4.7639029609275425e-04 4.9378047554414516e-04 4.7890446988080933e-04 4.9682840292126075e-04 4.7297446763617287e-04 4.8169040365857136e-04 4.4694106009717893e-04 4.0475814912794010e-04 3.8946672613957391e-04 4.2645795651868087e-04 4.0761900443699289e-04 4.3765074503035201e-04 4.1732478660664891e-04 4.4089782886601184e-04 4.2084791250773389e-04 4.4143698714502611e-04 4.2156813483444020e-04 4.4146323119997758e-04 4.2038457793921585e-04 4.3970196326007221e-04 4.1522003922453616e-04 4.3138291060373186e-04 4.0208271283952726e-04 4.1219522554363685e-04 3.8196127392478633e-04 3.3800915051625848e-04 3.1948664215099878e-04 3.5373821241343291e-04 3.3375416426550665e-04 3.6681454978187462e-04 3.4487781359117143e-04 3.7407238847616989e-04 3.5086014674282800e-04 3.7662654619755373e-04 3.5228997206635708e-04 3.7543382863667723e-04 3.4944887713646565e-04 3.6985221537553777e-04 3.4163809809219312e-04 3.5846283187500203e-04 3.2872559526207453e-04 3.4261710493165958e-04 3.1494406461852955e-04 2.6926598611829990e-04 2.4818870905399178e-04 2.7951337387253802e-04 2.5812337715001919e-04 2.9060952839934457e-04 2.6760323036474377e-04 2.9820584037533091e-04 2.7349293721287368e-04 3.0123830163142411e-04 2.7496668506409673e-04 2.9968493128045199e-04 2.7192857256264888e-04 2.9348791539872919e-04 2.6456153639142972e-04 2.8318788172927039e-04 2.5431502465140014e-04 2.7186888959272802e-04 2.4563405848533013e-04 1.9843941910092163e-04 1.7554829615900564e-04 2.0463834941467790e-04 1.8213431935690407e-04 2.1292355133398685e-04 1.8929559634446477e-04 2.1921609321356384e-04 1.9406130573845906e-04 2.2186927646973006e-04 1.9527990035694110e-04 2.2046954950899247e-04 1.9273311178769550e-04 2.1521201467839348e-04 1.8689707865549216e-04 2.0725850065521045e-04 1.7945980767454281e-04 1.9974182297464950e-04 1.7426962289747883e-04 1.2573241816014075e-04 1.0175070018243571e-04 1.2962710854788783e-04 1.0646927992571457e-04 1.3569044307194464e-04 1.1197527418934173e-04 1.4056387779713084e-04 1.1586347728800844e-04 1.4270864573716932e-04 1.1690876703554164e-04 1.4158638239651739e-04 1.1479480414406823e-04 1.3746079467142613e-04 1.1012991607124158e-04 1.3153258482646499e-04 1.0453352903303018e-04 1.2641887938052868e-04 1.0111802324257435e-04 5.1066751613280304e-05 2.6076740556143429e-05 5.4190149833677483e-05 3.0211928065110777e-05 5.9643963381719639e-05 3.6602535706393240e-05 6.4647547603840399e-05 4.1805461920366815e-05 6.7049533099037477e-05 4.3367152851458006e-05 6.5875733663424706e-05 4.0610403603420920e-05 6.1581409859617930e-05 3.4732700741946015e-05 5.5937064804458969e-05 2.8522267583944080e-05 5.1633020497839007e-05 2.5558198996090800e-05
</DataArray>
        <DataArray type="Float64" format="ascii" Name="epsilon_yy">
-8.7843475320563435e-04 -8.7619402102321047e-04 -8.5496715232359329e-04 -8.8070327599576871e-04 -8.7560394778352665e-04 -9.0191835996209326e-04 -8.8972278183957639e-04 -9.1549137427336148e-04 -8.9567550334564931e-04 -9.1902871415477125e-04 -8.9301495006826248e-04 -9.1218995372069637e-04 -8.8224256381562319e-04 -8.9537882588387979e-04 -8.6525100132274371e-04 -8.7177519428809308e-04 -8.5290418867243643e-04 -8.9809262362388817e-04 -9.5479030081361399e-04 -9.6356899637482806e-04 -9.2479700902390932e-04 -9.5706953114350327e-04 -9.4205954445692516e-04 -9.7621989337593992e-04 -9.6094583456688147e-04 -9.9229501496437243e-04 -9.6942618641482348e-04 -9.9671339967824946e-04 -9.6530120030145414e-04 -9.8809623470838786e-04 -9.4922414691380960e-04 -9.6915599039966687e-04 -9.2721536649860035e-04 -9.5352991266050516e-04 -9.3502599373907424e-04 -9.8458359167613823e-04 -1.0244992342621627e-03 -1.0422650764610425e-03 -1.0143820560894929e-03 -1.0485662932054607e-03 -1.0291617551101266e-03 -1.0673473565889235e-03 -1.0470247143708068e-03 -1.0825863397139906e-03 -1.0555064814938380e-03 -1.0867640286448931e-03 -1.0511495648399428e-03 -1.0785064797035324e-03 -1.0355551228670714e-03 -1.0609911046850493e-03 -1.0181067984119812e-03 -1.0453979349171669e-03 -1.0192320615096827e-03 -1.0475225564164931e-03 -1.0834741801435258e-03 -1.1115792161226093e-03 -1.1027022162891972e-03 -1.1414352136261399e-03 -1.1259614054306454e-03 -1.1660012695477308e-03 -1.1437831834358295e-03 -1.1803463588192630e-03 -1.1512945346078220e-03 -1.1838083384062077e-03 -1.1474502216399318e-03 -1.1767091516679462e-03 -1.1330337474561220e-03 -1.1592544753360121e-03 -1.1116511735492921e-03 -1.1331946614547973e-03 -1.0907268645834471e-03 -1.1039817407571093e-03 -1.1369349045635988e-03 -1.1785983973029543e-03 -1.1894545462975044e-03 -1.2344178105529774e-03 -1.2243135502042353e-03 -1.2633634802804914e-03 -1.2412968462489340e-03 -1.2740570926882645e-03 -1.2466404691664908e-03 -1.2758135578588975e-03 -1.2438259917088700e-03 -1.2713478565180879e-03 -1.2315384768413220e-03 -1.2562556430119800e-03 -1.2043834753143784e-03 -1.2202816211553970e-03 -1.1579061444703504e-03 -1.1573915232539833e-03 -1.1902534286731428e-03 -1.2526690720652618e-03 -1.2795194013660556e-03 -1.3284097298922142e-03 -1.3176757756102524e-03 -1.3485269672568350e-03 -1.3261901984399505e-03 -1.3479190302715380e-03 -1.3263434110180135e-03 -1.3462373170333517e-03 -1.3258176710351378e-03 -1.3475289749984149e-03 -1.3212544368770810e-03 -1.3439766644463289e-03 -1.2972226489493522e-03 -1.3113518992361299e-03 -1.2286386834994723e-03 -1.2149214120399992e-03 -1.2562520880852134e-03 -1.3526469963766039e-03 -1.3779373908748415e-03 -1.4157416436058653e-03 -1.3922842556142935e-03 -1.4011004411310167e-03 -1.3799237370103064e-03 -1.3823237392279759e-03 -1.3720680850918309e-03 -1.3766827209431638e-03 -1.3751342850923198e-03 -1.3855851129939256e-03 -1.3860055719208822e-03 -1.4042176125995804e-03 -1.3858758199292406e-03 -1.4053783166519803e-03 -1.3171495566940293e-03 -1.2959037559473999e-03 -1.3763614861047302e-03 -1.5075260008062348e-03 -1.4641823387709647e-03 -1.4524854765713300e-03 -1.4154724455705803e-03 -1.3881643504906483e-03 -1.3813439133909412e-03 -1.3615755860922358e-03 -1.3685911151099176e-03 -1.3556793966862731e-03 -1.3740078234519898e-03 -1.3669697561990630e-03 -1.3984161000214854e-03 -1.4005198627236519e-03 -1.4411241463206000e-03 -1.4647868250766412e-03 -1.4427741876306170e-03 -1.4469424559854051e-03 -1.7586412492055863e-03 -1.5105284437922899e-03 -1.4271644125781555e-03 -1.3312248438306171e-03 -1.3470137216319840e-03 -1.3009097343515703e-03 -1.3232066059014249e-03 -1.2931934658229908e-03 -1.3165403362652558e-03 -1.2919544758333518e-03 -1.3197092339300080e-03 -1.2950967770004151e-03 -1.3359298880606387e-03 -1.3086985324899088e-03 -1.3859099406894797e-03 -1.3664670823389272e-03 -1.5455517531015350e-03 -1.6903635790937236e-03 -1.4309784211035152e-03 -1.4139168114640883e-03 -1.4725222431801032e-03 -1.4400744333219130e-03 -1.4832523963413439e-03 -1.4488895136241780e-03 -1.4938597769955386e-03 -1.4553500476678337e-03 -1.4987973397849680e-03 -1.4571406107142112e-03 -1.4957736780129127e-03 -1.4535047608699736e-03 -1.4856778966088769e-03 -1.4464984121098476e-03 -1.4724392531689811e-03 -1.4394885036041695e-03 -1.4572989950698669e-03 -1.3928682462693018e-03 -1.2582550352293425e-03 -1.2409749971855042e-03 -1.3410026192945226e-03 -1.2970915177064558e-03 -1.3597922195856924e-03 -1.3136102875620176e-03 -1.3660632485149587e-03 -1.3192730368755930e-03 -1.3682972936310510e-03 -1.3205341605444039e-03 -1.3671966413001861e-03 -1.3182647418175631e-03 -1.3629714743686214e-03 -1.3109168759103174e-03 -1.3529745921405253e-03 -1.2868256288812946e-03 -1.3010310898998424e-03 -1.1962144133202568e-03 -1.0967996981606910e-03 -1.0698749363387940e-03 -1.1686162665745872e-03 -1.1242227170246443e-03 -1.2013723558436562e-03 -1.1502910785984733e-03 -1.2139466851623091e-03 -1.1608009503216025e-03 -1.2177984307315522e-03 -1.1630963726040717e-03 -1.2162076726938485e-03 -1.1587428585688425e-03 -1.2076924497635133e-03 -1.1443432903176262e-03 -1.1832433835562374e-03 -1.1091027111163334e-03 -1.1237438456570877e-03 -1.0424605553360949e-03 -9.4320345843127600e-04 -9.0616296903029715e-04 -9.9244839671632271e-04 -9.4633960324425764e-04 -1.0255923046809127e-03 -9.7265782743132694e-04 -1.0424649821953490e-03 -9.8573609123807533e-04 -1.0483056653426506e-03 -9.8877436927375479e-04 -1.0455764909668424e-03 -9.8268653480406082e-04 -1.0328331951173853e-03 -9.6533204546395840e-04 -1.0049966905751513e-03 -9.3323358472618186e-04 -9.5919041627034031e-04 -8.9032544552779366e-04 -7.8765465968499732e-04 -7.4271533657105935e-04 -8.1824872652708734e-04 -7.6895466379024442e-04 -8.4457055777769729e-04 -7.9006995304564524e-04 -8.6077575817535836e-04 -8.0217497612909293e-04 -8.6696585624894212e-04 -8.0512068547415963e-04 -8.6385241489777783e-04 -7.9904547823048415e-04 -8.5089202810315783e-04 -7.8355278348733954e-04 -8.2732032151251300e-04 -7.5961085449414284e-04 -7.9660660777394689e-04 -7.3392499613256299e-04 -6.2738689296970682e-04 -5.7665072060172603e-04 -6.4462693720617815e-04 -5.9207029053071948e-04 -6.6276766741117687e-04 -6.0669844040906731e-04 -6.7547102684338328e-04 -6.1592547255166481e-04 -6.8064688505759419e-04 -6.1823367102704430e-04 -6.7793370603394737e-04 -6.1338090966261462e-04 -6.6743567735820042e-04 -6.0187515001829139e-04 -6.5046243882827871e-04 -5.8612111444842653e-04 -6.3181806154279422e-04 -5.7231641435703513e-04 -4.6224286127937158e-04 -4.0739151451717816e-04 -4.7049561517628592e-04 -4.1532464388569098e-04 -4.8159736257973908e-04 -4.2423008074638044e-04 -4.9011881041487084e-04 -4.3019496715948207e-04 -4.9372375219839868e-04 -4.3170002767869297e-04 -4.9177740766515889e-04 -4.2846475010582677e-04 -4.8459016639272433e-04 -4.2113244056587410e-04 -4.7384434762085388e-04 -4.1193389046274679e-04 -4.6382623503915028e-04 -4.0586010493499127e-04 -2.9258622683786724e-04 -2.3503753890442671e-04 -2.9558976669792392e-04 -2.3865871723992443e-04 -3.0158908665985979e-04 -2.4338327527646835e-04 -3.0645873377842801e-04 -2.4665130827972132e-04 -3.0855833473275189e-04 -2.4748363784287460e-04 -3.0739849605398035e-04 -2.4567009773880628e-04 -3.0323444500581089e-04 -2.4166708311285415e-04 -2.9729638194013621e-04 -2.3692012390038087e-04 -2.9267971001804003e-04 -2.3500485270882182e-04 -1.1839715215418768e-04 -5.9419493318037517e-05 -1.1967710308320882e-04 -6.1361151414835027e-05 -1.2282317655488986e-04 -6.4384249702783636e-05 -1.2558635097795583e-04 -6.6799046212029112e-05 -1.2685474359386503e-04 -6.7513620240404544e-05 -1.2617883320113649e-04 -6.6229521841725531e-05 -1.2378046975136550e-04 -6.3464968733246033e-05 -1.2056329555603787e-04 -6.0473488708882744e-05 -1.1838834725797138e-04 -5.9461801003910958e-05
</DataArray>
        <DataArray type="Float64" format="ascii" Name="gamma_xy">
-7.1634687260664244e-05 -4.1771123197081006e-05 -8.9657596919247537e-05 -4.9320476973144197e-05 -5.0750154062218949e-05 -2.7755529074472673e-05 -2.1989609224851809e-05 -1.0113263992038631e-05 -2.2466033921895599e-06 2.4879742028207897e-06 1.6147068361928331e-05 1.6431576574975968e-05 4.1346704868026909e-05 3.7750655044019151e-05 7.8929355303883350e-05 6.0895582050620652e-05 9.2382045251249834e-05 1.8868082441322672e-05 2.4432124089752213e-05 3.5228954318549256e-05 9.2230398874659647e-06 3.1187764175163061e-05 2.8363338640785025e-06 2.1295696755597661e-05 3.4226560242067798e-06 1.0846366064709374e-05 1.3631791421558851e-06 -1.3165494031025663e-06 -1.3474008063337354e-06 -1.2885956790866262e-05 -1.4734650169370246e-06 -2.3016797429541722e-05 -4.3533499294781599e-06 -3.7888653516438102e-05 -2.6598352535535197e-05 -3.0955588894230998e-05 3.4549719059088216e-05 6.1559528304590543e-05 7.2793304134199263e-05 8.2925483394973799e-05 5.9051717027840315e-05 6.2761648953468102e-05 3.3666682392438643e-05 3.0133830701735421e-05 5.4656737139654243e-06 -5.3683516923280599e-06 -2.3060981641752703e-05 -4.0688412316785065e-05 -5.0143088142711938e-05 -7.2162447874040566e-05 -7.0909702867832521e-05 -8.5537638514284514e-05 -5.8013716039353727e-05 -3.7023248596131366e-05 3.9692743166527658e-05 7.2931267345062792e-05 9.9942339967562551e-05 1.0437208346081929e-04 8.9024589088487172e-05 8.0183651184288879e-05 5.1202469206782574e-05 3.7808732346094440e-05 7.5375461078920865e-06 -7.4862856342166761e-06 -3.6305819409763605e-05 -5.2625336012910697e-05 -7.6983554338313850e-05 -9.2316617129096200e-05 -1.0049244039189663e-04 -1.0407013192825125e-04 -7.0796381772501420e-05 -4.1618855258816249e-05 4.3320237579407081e-05 7.4339713678146034e-05 1.0366978217730192e-04 9.5302165099746703e-05 8.6837784208796542e-05 6.4639013734641912e-05 4.6730682941556051e-05 2.7310275874427355e-05 5.9312161964175974e-06 -6.1073228192635219e-06 -3.3794835512592152e-05 -4.0288326323498501e-05 -7.3585114980996710e-05 -7.7357734143672718e-05 -1.0078559423698131e-04 -9.8003244405169067e-05 -7.4683799243128714e-05 -4.3474899824032123e-05 4.1531744580399831e-05 5.4568692690495976e-05 7.2383667399663761e-05 3.4425235530762303e-05 3.8725421029709516e-05 -4.8055901481377799e-08 1.1344141898293517e-05 -8.2478992821664310e-06 -7.4438284128271200e-07 -1.2874838294705594e-07 -9.5260577471463354e-06 5.5424536397326241e-06 -2.8344027737182988e-05 -9.0631725420865020e-06 -5.8686706908602673e-05 -4.6276026587308725e-05 -6.0769058102922518e-05 -3.6687220729911870e-05 2.2810257808390664e-05 -2.3764063293987891e-05 -3.6733556156466613e-05 -1.2785399019489679e-04 -8.1675011335392538e-05 -1.3165584937304884e-04 -6.2735723651383149e-05 -7.1036024589414884e-05 -1.2920802556602115e-05 1.0535694825254920e-05 4.0986187776271715e-05 8.9246255852206696e-05 7.5885209064546839e-05 1.3850035275651270e-04 6.3121333686356373e-05 1.0791426350484107e-04 1.8522476907465662e-06 -2.4767818046570221e-06 -6.4908956939880631e-05 -3.0450288550479168e-04 -3.0613333908055957e-04 -4.3745276098535666e-04 -2.8471581881741101e-04 -3.0967995596152678e-04 -1.6462578155301914e-04 -1.4320069048946772e-04 -2.7511041406619417e-05 2.2923495115543454e-05 1.0979507736942287e-04 1.8888515899807682e-04 2.3649545809370081e-04 3.5116566621880974e-04 3.1173468495166026e-04 4.5291483919445899e-04 2.0590284038291242e-04 1.6291401041978128e-04 -6.4730533739559208e-04 -1.1233211016962812e-03 -7.5147326325692191e-04 -7.1471985689095386e-04 -4.7701568590422259e-04 -4.2187702001926720e-04 -2.4562428457160809e-04 -1.8492867450384715e-04 -3.7663340053655782e-05 3.1105842247137222e-05 1.6640904739044664e-04 2.5003071123737731e-04 3.8337681623154286e-04 4.9629450044842314e-04 6.1943639652370180e-04 8.0366342599116479e-04 7.5492916762448785e-04 1.0986826565847997e-03 -1.7955597816990919e-04 -1.1512952136671880e-04 -1.7758988092824029e-04 -1.1662830860147099e-04 -1.0804942834516920e-04 -7.3274105234886360e-05 -5.1080655910874611e-05 -3.0996378689762009e-05 -6.2511013213177832e-06 6.7418624016940631e-06 3.6970789132020376e-05 4.6286431742582234e-05 9.0200018491294877e-05 9.3276846953778452e-05 1.5992556668222789e-04 1.3908093737468460e-04 2.0666855553600291e-04 7.9404350259919539e-05 1.3495770998045003e-05 1.4227974631518501e-05 -3.9128634175015109e-05 -1.0975181173297465e-05 -4.3143955041006135e-05 -1.6759664077996711e-05 -2.4831706076291737e-05 -8.8419159225150468e-06 -2.7976882136102125e-06 3.0071120462314092e-06 1.9514518888711163e-05 1.4560075073345433e-05 4.0266219476993570e-05 1.9429247680617928e-05 4.5741018264686429e-05 1.6584909620389298e-08 1.4379779799193180e-06 -2.5217755268260211e-05 3.0069093542153179e-05 4.4512465269548261e-05 4.2084962766827083e-05 4.6307338276309900e-05 2.1075246767675674e-05 2.7798394852082004e-05 8.0962248789904969e-06 1.1731539139606594e-05 1.5208487781322644e-06 -1.4624543466457821e-06 -4.3248597491601183e-06 -1.5615215662110744e-05 -1.5163666601031424e-05 -3.4582438042501322e-05 -3.5553218593765650e-05 -5.3691775644978338e-05 -4.3443449346232278e-05 -2.9359036285285934e-05 2.7142340325430891e-05 4.4119487202724923e-05 6.1784779766172425e-05 6.0946459927065327e-05 5.0613871087224567e-05 4.6450296648260356e-05 2.7833413470356514e-05 2.2130701618657334e-05 4.1704786042376360e-06 -4.2543930223638758e-06 -1.9536956673319296e-05 -3.0720435808086705e-05 -4.3407913074676509e-05 -5.4113116665107495e-05 -6.0766473433141602e-05 -6.1776287377467661e-05 -4.5757758644532119e-05 -2.4858493952105213e-05 2.1703215102954307e-05 3.6075202621917091e-05 5.7400425249942064e-05 5.6018256378879015e-05 5.4764739408590250e-05 4.7212420215004742e-05 3.3263110126467830e-05 2.3751134091943912e-05 4.9322801267041913e-06 -5.0538141997427972e-06 -2.4222488630721215e-05 -3.3039713869278848e-05 -4.8949417300134540e-05 -5.3153431057822802e-05 -5.9387925433608664e-05 -5.3695997799963042e-05 -3.8385747124189927e-05 -1.9232247907185965e-05 1.6222360471563496e-05 2.6991454858906358e-05 4.5901045655789546e-05 4.4602539618745152e-05 4.7295171875679196e-05 3.9821545068437417e-05 3.0341301099887610e-05 2.0717993683989044e-05 4.5297688450494809e-06 -4.6221672123264512e-06 -2.2456086535981631e-05 -2.8749253940244865e-05 -4.3198680116429065e-05 -4.3907077886472748e-05 -4.8763152141078782e-05 -4.1502543586114425e-05 -2.9222725078410476e-05 -1.4001494680817058e-05 1.1364284751011346e-05 1.8533884199357629e-05 3.3399507619917830e-05 3.2087640157655183e-05 3.6227224290335291e-05 3.0002864459267727e-05 2.4144831128749602e-05 1.6034970942188232e-05 3.6382430994636933e-06 -3.6882580123412086e-06 -1.8056216464695735e-05 -2.2184239821818694e-05 -3.3617197103545725e-05 -3.2566145870411947e-05 -3.6153775498503356e-05 -2.9199658487071090e-05 -2.0568075723915687e-05 -9.3998836651738958e-06 6.8483966665522146e-06 1.0317386457922390e-05 2.1338511654397620e-05 1.9735059478293598e-05 2.4650799912922748e-05 1.9619079053235169e-05 1.7043412415147598e-05 1.0745874361838964e-05 2.5625629353512690e-06 -2.5919075009085121e-06 -1.2903559668866977e-05 -1.4906634523831226e-05 -2.3273670283169635e-05 -2.0938487216348783e-05 -2.3707171015129340e-05 -1.7285671579633384e-05 -1.2454133025667485e-05 -4.7998481216822805e-06 2.1393519694579144e-06 2.2900948802596558e-06 9.2705742559483856e-06 5.9723430605765333e-06 1.1860136252043275e-05 6.2310323368193254e-06 8.3570146482698083e-06 3.3290549195821175e-06 1.0650022966732400e-06 -1.0567168718867102e-06 -6.6657578982358921e-06 -4.9959741449802191e-06 -1.1429156207408443e-05 -6.6232245262884619e-06 -1.0626071490130569e-05 -4.5975012191235219e-06 -4.2592072808942262e-06 -2.6099498044257749e-07
</DataArray>
        <DataArray type="Float64" format="ascii" Name="Stress" NumberOfComponents="9">
1.2309085779434412e+00 -5.5103605585126336e-01 0.0000000000000000e+00 -5.5103605585126336e-01 -1.8778726064521695e+01 0.0000000000000000e+00 0.0000000000000000e+00 0.0000000000000000e+00 -5.2643452459734768e+00 7.3594392371426653e-01 -3.2131633228523848e-01 0.0000000000000000e+00 -3.2131633228523848e-01 -1.8941606912324886e+01 0.0000000000000000e+00 0.0000000000000000e+00 0.0000000000000000e+00 -5.4616988965831856e+00 1.9280399489272966e+00 -6.8967382245575015e-01 0.0000000000000000e+00 -6.8967382245575015e-01 -1.7964184029000240e+01 0.0000000000000000e+00 0.0000000000000000e+00 0.0000000000000000e+00 -4.8108432240218821e+00 1.5191599743136253e+00 -3.7938828440880162e-01 0.0000000000000000e+00 -3.7938828440880162e-01 -1.8705047395530841e+01 0.0000000000000000e+00 0.0000000000000000e+00 0.0000000000000000e+00 -5.1557662263651629e+00 2.2779307499497246e+00 -3.9038580047860733e-01 0.0000000000000000e+00 -3.9038580047860733e-01 -1.8267786772736418e+01 0.0000000000000000e+00 0.0000000000000000e+00 0.0000000000000000e+00 -4.7969568068360084e+00 1.9643177607967253e+00 -2.1350406980363595e-01 0.0000000000000000e+00 -2.1350406980363595e-01 -1.8980531068715543e+01 0.0000000000000000e+00 0.0000000000000000e+00 0.0000000000000000e+00 -5.1048639923756456e+00 2.4710323065749522e+00 -1.6915084019116777e-01 0.0000000000000000e+00 -1.6915084019116777e-01 -1.8495333007942087e+01 0.0000000000000000e+00 0.0000000000000000e+00 0.0000000000000000e+00 -4.8072902104101400e+00 2.1811702542786628e+00 -7.7794338400297161e-02 0.0000000000000000e+00 -7.7794338400297161e-02 -1.9185902292635774e+01 0.0000000000000000e+00 0.0000000000000000e+00 0.0000000000000000e+00 -5.1014196115071329e+00 2.5484135353925956e+00 -1.7281564555304309e-02 0.0000000000000000e+00 -1.7281564555304309e-02 -1.8592998668252608e+01 0.0000000000000000e+00 0.0000000000000000e+00 0.0000000000000000e+00 -4.8133755398580034e+00 2.2342272662587823e+00 1.9138263098621457e-02 0.0000000000000000e+00 1.9138263098621457e-02 -1.9240907306873080e+01 0.0000000000000000e+00 0.0000000000000000e+00 0.0000000000000000e+00 -5.1020040121842891e+00 2.5156077524109692e+00 1.2420821816867948e-01 0.0000000000000000e+00 1.2420821816867948e-01 -1.8548584591126346e+01 0.0000000000000000e+00 0.0000000000000000e+00 0.0000000000000000e+00 -4.8098930516146128e+00 2.1360037233618914e+00 1.2639674288443054e-01 0.0000000000000000e+00 1.2639674288443054e-01 -1.9132700683849215e+01 0.0000000000000000e+00 0.0000000000000000e+00 0.0000000000000000e+00 -5.0990090881461985e+00 2.3778624778949871e+00 3.1805157590789923e-01 0.0000000000000000e+00 3.1805157590789923e-01 -1.8370862538388373e+01 0.0000000000000000e+00 0.0000000000000000e+00 0.0000000000000000e+00 -4.7979000181480140e+00 1.8635943788807317e+00 2.9038965418476270e-01 0.0000000000000000e+00 2.9038965418476270e-01 -1.8879972208696827e+01 0.0000000000000000e+00 0.0000000000000000e+00 0.0000000000000000e+00 -5.1049133489448284e+00 2.1308510151292550e+00 6.0714888695294889e-01 0.0000000000000000e+00 6.0714888695294889e-01 -1.8103283659949962e+01 0.0000000000000000e+00 0.0000000000000000e+00 0.0000000000000000e+00 -4.7917297934462120e+00 1.2993565618306193e+00 4.6842755423554355e-01 0.0000000000000000e+00 4.6842755423554355e-01 -1.8603027282030681e+01 0.0000000000000000e+00 0.0000000000000000e+00 0.0000000000000000e+00 -5.1911012160600194e+00 1.5709062830313214e+00 7.1063111731730644e-01 0.0000000000000000e+00 7.1063111731730644e-01 -1.8071901453919246e+01 0.0000000000000000e+00 0.0000000000000000e+00 0.0000000000000000e+00 -4.9502985512663775e+00 2.7686249905421184e-01 1.4513909570248215e-01 0.0000000000000000e+00 1.4513909570248215e-01 -1.9619644063567712e+01 0.0000000000000000e+00 0.0000000000000000e+00 0.0000000000000000e+00 -5.8028344693540497e+00 3.0315482117842835e-03 1.8793941607501705e-01 0.0000000000000000e+00 1.8793941607501705e-01 -2.0983102980735918e+01 0.0000000000000000e+00 0.0000000000000000e+00 0.0000000000000000e+00 -6.2940214297572403e+00 7.9874611500520720e-02 2.7099195629653272e-01 0.0000000000000000e+00 2.7099195629653272e-01 -2.1143108603309187e+01 0.0000000000000000e+00 0.0000000000000000e+00 0.0000000000000000e+00 -6.3189701975425985e+00 5.7274406932735000e-01 7.0946460672815098e-02 0.0000000000000000e+00 7.0946460672815098e-02 -2.0079747245539036e+01 0.0000000000000000e+00 0.0000000000000000e+00 0.0000000000000000e+00 -5.8521009528635037e+00 5.6996737045912782e-01 2.3990587827048507e-01 0.0000000000000000e+00 2.3990587827048507e-01 -2.0790223459770338e+01 0.0000000000000000e+00 0.0000000000000000e+00 0.0000000000000000e+00 -6.0660768267933616e+00 1.1590841988071612e+00 2.1817952800603866e-02 0.0000000000000000e+00 2.1817952800603866e-02 -2.0207855001762319e+01 0.0000000000000000e+00 0.0000000000000000e+00 0.0000000000000000e+00 -5.7146312408865469e+00 1.0456346704636312e+00 1.6381305196613585e-01 0.0000000000000000e+00 1.6381305196613585e-01 -2.1007253127514264e+01 0.0000000000000000e+00 0.0000000000000000e+00 0.0000000000000000e+00 -5.9884855371151904e+00 1.5150277905519376e+00 2.6328123263129066e-02 0.0000000000000000e+00 2.6328123263129066e-02 -2.0470391047277335e+01 0.0000000000000000e+00 0.0000000000000000e+00 0.0000000000000000e+00 -5.6866089770176185e+00 1.3238965152490965e+00 8.3433585113149036e-02 0.0000000000000000e+00 8.3433585113149036e-02 -2.1241297426747582e+01 0.0000000000000000e+00 0.0000000000000000e+00 0.0000000000000000e+00 -5.9752202734495459e+00 1.6509662600426491e+00 1.0485993401199118e-02 0.0000000000000000e+00 1.0485993401199118e-02 -2.0598513062505315e+01 0.0000000000000000e+00 0.0000000000000000e+00 0.0000000000000000e+00 -5.6842640407387988e+00 1.3922525244938952e+00 -1.0127303100788973e-02 0.0000000000000000e+00 -1.0127303100788973e-02 -2.1309109350563045e+01 0.0000000000000000e+00 0.0000000000000000e+00 0.0000000000000000e+00 -5.9750570478207443e+00 1.5853513969856088e+00 -1.0364621587182581e-02 0.0000000000000000e+00 -1.0364621587182581e-02 -2.0535974682642522e+01 0.0000000000000000e+00 0.0000000000000000e+00 0.0000000000000000e+00 -5.6851869856970740e+00 1.2543144117712839e+00 -9.9122744545125097e-02 0.0000000000000000e+00 -9.9122744545125097e-02 -2.1178837443491165e+01 0.0000000000000000e+00 0.0000000000000000e+00 0.0000000000000000e+00 -5.9773569095159642e+00 1.3028553318495164e+00 -1.1334346284130964e-02 0.0000000000000000e+00 -1.1334346284130964e-02 -2.0303702592148216e+01 0.0000000000000000e+00 0.0000000000000000e+00 0.0000000000000000e+00 -5.7002541780896099e+00 8.9559932614431081e-01 -1.7705228791955174e-01 0.0000000000000000e+00 -1.7705228791955174e-01 -2.0916303374502260e+01 0.0000000000000000e+00 0.0000000000000000e+00 0.0000000000000000e+00 -6.0062112145073838e+00 7.5901501270021654e-01 -3.3487307149832009e-02 0.0000000000000000e+00 -3.3487307149832009e-02 -2.0053067554965846e+01 0.0000000000000000e+00 0.0000000000000000e+00 0.0000000000000000e+00 -5.7882157626796893e+00 3.4951493175918308e-01 -2.9145118089567773e-01 0.0000000000000000e+00 -2.9145118089567773e-01 -2.0806909263542877e+01 0.0000000000000000e+00 0.0000000000000000e+00 0.0000000000000000e+00 -6.1372182995351086e+00 1.0639651121985437e-01 -2.0460271181180922e-01 0.0000000000000000e+00 -2.0460271181180922e-01 -2.0504423335610703e+01 0.0000000000000000e+00 0.0000000000000000e+00 0.0000000000000000e+00 -6.1194080473172550e+00 1.8711862387296850e-02 -2.3811991457100770e-01 0.0000000000000000e+00 -2.3811991457100770e-01 -2.1631180447463429e+01 0.0000000000000000e+00 0.0000000000000000e+00 0.0000000000000000e+00 -6.4837405755228392e+00 -2.0469578896321109e-03 2.6576706968529396e-01 0.0000000000000000e+00 2.6576706968529396e-01 -2.2517343954747478e+01 0.0000000000000000e+00 0.0000000000000000e+00 0.0000000000000000e+00 -6.7558172737911351e+00 3.2237353765054426e-02 4.7353483311223499e-01 0.0000000000000000e+00 4.7353483311223499e-01 -2.2893108748629093e+01 0.0000000000000000e+00 0.0000000000000000e+00 0.0000000000000000e+00 -6.8582614184592128e+00 1.9940519263982340e-01 5.5994849333999430e-01 0.0000000000000000e+00 5.5994849333999430e-01 -2.2208651754571790e+01 0.0000000000000000e+00 0.0000000000000000e+00 0.0000000000000000e+00 -6.6027739685795899e+00 2.4496640864752683e-01 6.3788833380749077e-01 0.0000000000000000e+00 6.3788833380749077e-01 -2.2940427433776570e+01 0.0000000000000000e+00 0.0000000000000000e+00 0.0000000000000000e+00 -6.8086383075387129e+00 5.5414637251394983e-01 4.5424397713723313e-01 0.0000000000000000e+00 4.5424397713723313e-01 -2.2381448370244051e+01 0.0000000000000000e+00 0.0000000000000000e+00 0.0000000000000000e+00 -6.5481905993190308e+00 5.1281990090165142e-01 4.8278191502667761e-01 0.0000000000000000e+00 4.8278191502667761e-01 -2.3238403703765741e+01 0.0000000000000000e+00 0.0000000000000000e+00 0.0000000000000000e+00 -6.8176751408592278e+00 8.2749974746957811e-01 2.5897447994183570e-01 0.0000000000000000e+00 2.5897447994183570e-01 -2.2656889435058240e+01 0.0000000000000000e+00 0.0000000000000000e+00 0.0000000000000000e+00 -6.5488169062765982e+00 6.9134737022762982e-01 2.3179869770565706e-01 0.0000000000000000e+00 2.3179869770565706e-01 -2.3496814637242895e+01 0.0000000000000000e+00 0.0000000000000000e+00 0.0000000000000000e+00 -6.8416401801045783e+00 9.3906650136857039e-01 4.2043643953580193e-02 0.0000000000000000e+00 4.2043643953580193e-02 -2.2795487576201115e+01 0.0000000000000000e+00 0.0000000000000000e+00 0.0000000000000000e+00 -6.5569263224497636e+00 7.3491617989363778e-01 -4.1295013017908146e-02 0.0000000000000000e+00 -4.1295013017908146e-02 -2.3569959629383895e+01 0.0000000000000000e+00 0.0000000000000000e+00 0.0000000000000000e+00 -6.8505130348470784e+00 8.7880935928505788e-01 -1.7739216647502079e-01 0.0000000000000000e+00 -1.7739216647502079e-01 -2.2725555655689757e+01 0.0000000000000000e+00 0.0000000000000000e+00 0.0000000000000000e+00 -6.5540238889214084e+00 6.3895305497821286e-01 -3.1298778705219277e-01 0.0000000000000000e+00 -3.1298778705219277e-01 -2.3429602090801261e+01 0.0000000000000000e+00 0.0000000000000000e+00 0.0000000000000000e+00 -6.8371947107469149e+00 6.4927768605421599e-01 -3.8571606263624569e-01 0.0000000000000000e+00 -3.8571606263624569e-01 -2.2481191384373940e+01 0.0000000000000000e+00 0.0000000000000000e+00 0.0000000000000000e+00 -6.5495741094959170e+00 4.1552825439205454e-01 -5.5509575287723512e-01 0.0000000000000000e+00 -5.5509575287723512e-01 -2.3140402279657238e+01 0.0000000000000000e+00 0.0000000000000000e+00 0.0000000000000000e+00 -6.8174622075795535e+00 3.0534666980574199e-01 -5.4545925282948104e-01 0.0000000000000000e+00 -5.4545925282948104e-01 -2.2245110732983939e+01 0.0000000000000000e+00 0.0000000000000000e+00 0.0000000000000000e+00 -6.5819292189534595e+00 1.4862889918183128e-01 -6.5798183472526550e-01 0.0000000000000000e+00 -6.5798183472526550e-01 -2.2912080689738929e+01 0.0000000000000000e+00 0.0000000000000000e+00 0.0000000000000000e+00 -6.8290355371671279e+00 2.7962443011978623e-02 -4.4625935414887480e-01 0.0000000000000000e+00 -4.4625935414887480e-01 -2.2388720744416464e+01 0.0000000000000000e+00 0.0000000000000000e+00 0.0000000000000000e+00 -6.7082274904213453e+00 1.0902706841456533e-02 -2.8479421997024135e-01 0.0000000000000000e+00 -2.8479421997024135e-01 -2.3017801178749117e+01 0.0000000000000000e+00 0.0000000000000000e+00 0.0000000000000000e+00 -6.9020695415722972e+00 7.3243701388126881e-03 3.0532879358867432e-01 0.0000000000000000e+00 3.0532879358867432e-01 -2.3809480328039974e+01 0.0000000000000000e+00 0.0000000000000000e+00 0.0000000000000000e+00 -7.1406467873703487e+00 2.4771682071994396e-02 5.6100974880817545e-01 0.0000000000000000e+00 5.6100974880817545e-01 -2.4419696007081438e+01 0.0000000000000000e+00 0.0000000000000000e+00 0.0000000000000000e+00 -7.3184772975028327e+00 9.0908968134354132e-02 7.6878723051971209e-01 0.0000000000000000e+00 7.6878723051971209e-01 -2.4196252558474228e+01 0.0000000000000000e+00 0.0000000000000000e+00 0.0000000000000000e+00 -7.2316030771019602e+00 8.4575000716867993e-02 8.0286218046784052e-01 0.0000000000000000e+00 8.0286218046784052e-01 -2.5050241782684857e+01 0.0000000000000000e+00 0.0000000000000000e+00 0.0000000000000000e+00 -7.4897000345903963e+00 2.1858987685464451e-01 6.8480453144990139e-01 0.0000000000000000e+00 6.8480453144990139e-01 -2.4652723139164390e+01 0.0000000000000000e+00 0.0000000000000000e+00 0.0000000000000000e+00 -7.3302399786929238e+00 1.2334623167656326e-01 6.1679731680222205e-01 0.0000000000000000e+00 6.1679731680222205e-01 -2.5573538857803022e+01 0.0000000000000000e+00 0.0000000000000000e+00 0.0000000000000000e+00 -7.6350577878379378e+00 3.0896847710549635e-01 3.9386514774448128e-01 0.0000000000000000e+00 3.9386514774448128e-01 -2.5005676882027966e+01 0.0000000000000000e+00 0.0000000000000000e+00 0.0000000000000000e+00 -7.4090125214767406e+00 1.2996647039627196e-01 2.9083640266226496e-01 0.0000000000000000e+00 2.9083640266226496e-01 -2.5885978299923863e+01 0.0000000000000000e+00 0.0000000000000000e+00 0.0000000000000000e+00 -7.7268035488582765e+00 3.4037485234597242e-01 5.7981123906862206e-02 0.0000000000000000e+00 5.7981123906862206e-02 -2.5157301648067591e+01 0.0000000000000000e+00 0.0000000000000000e+00 0.0000000000000000e+00 -7.4450780387164848e+00 1.2514054491154453e-01 -5.7586812570897504e-02 0.0000000000000000e+00 -5.7586812570897504e-02 -2.5964134017152364e+01 0.0000000000000000e+00 0.0000000000000000e+00 0.0000000000000000e+00 -7.7516980416722454e+00 3.1816281025862264e-01 -2.7927553392125853e-01 0.0000000000000000e+00 -2.7927553392125853e-01 -2.5082330699777781e+01 0.0000000000000000e+00 0.0000000000000000e+00 0.0000000000000000e+00 -7.4292503668557472e+00 1.2017058491687681e-01 -4.0481027702239009e-01 0.0000000000000000e+00 -4.0481027702239009e-01 -2.5810237917847630e+01 0.0000000000000000e+00 0.0000000000000000e+00 0.0000000000000000e+00 -7.7070201998792243e+00 2.4329999629143204e-01 -5.9218118721779889e-01 0.0000000000000000e+00 -5.9218118721779889e-01 -2.4797569176449212e+01 0.0000000000000000e+00 0.0000000000000000e+00 0.0000000000000000e+00 -7.3662807540473318e+00 1.0287326306285935e-01 -7.1012782406997066e-01 0.0000000000000000e+00 -7.1012782406997066e-01 -2.5434031795742552e+01 0.0000000000000000e+00 0.0000000000000000e+00 0.0000000000000000e+00 -7.5993475598039080e+00 1.2760776089333142e-01 -7.7301877224535853e-01 0.0000000000000000e+00 -7.7301877224535853e-01 -2.4377204883777406e+01 0.0000000000000000e+00 0.0000000000000000e+00 0.0000000000000000e+00 -7.2748791368652226e+00 6.0050233642686544e-02 -8.0053947637116352e-01 0.0000000000000000e+00 -8.0053947637116352e-01 -2.4879641360412418e+01 0.0000000000000000e+00 0.0000000000000000e+00 0.0000000000000000e+00 -7.4458773380309200e+00 2.4448113640745200e-02 -5.4458755209616472e-01 0.0000000000000000e+00 -5.4458755209616472e-01 -2.3961541238845108e+01 0.0000000000000000e+00 0.0000000000000000e+00 0.0000000000000000e+00 -7.1811279375613095e+00 9.1362950147379617e-03 -3.2014504045243269e-01 0.0000000000000000e+00 -3.2014504045243269e-01 -2.4259419406688391e+01 0.0000000000000000e+00 0.0000000000000000e+00 0.0000000000000000e+00 -7.2750849335020966e+00 3.1321211043095795e-03 3.3323259676466982e-01 0.0000000000000000e+00 3.3323259676466982e-01 -2.4986237982462956e+01 0.0000000000000000e+00 0.0000000000000000e+00 0.0000000000000000e+00 -7.4949317584075938e+00 1.4161635193099559e-03 5.7184395137035415e-01 0.0000000000000000e+00 5.7184395137035415e-01 -2.5902654551963245e+01 0.0000000000000000e+00 0.0000000000000000e+00 0.0000000000000000e+00 -7.7703715165331797e+00 -1.7164362595448512e-02 7.9745986290232229e-01 0.0000000000000000e+00 7.9745986290232229e-01 -2.6149214315782764e+01 0.0000000000000000e+00 0.0000000000000000e+00 0.0000000000000000e+00 -7.8499136035134613e+00 -1.4320211341157485e-01 7.3309357769035921e-01 0.0000000000000000e+00 7.3309357769035921e-01 -2.7191434104714354e+01 0.0000000000000000e+00 0.0000000000000000e+00 0.0000000000000000e+00 -8.2003908654377771e+00 -1.4252577233231536e-01 6.6798295545228092e-01 0.0000000000000000e+00 6.6798295545228092e-01 -2.6969072588235509e+01 0.0000000000000000e+00 0.0000000000000000e+00 0.0000000000000000e+00 -8.1334795081703462e+00 -4.1604543058198457e-01 4.9722318257416853e-01 0.0000000000000000e+00 4.9722318257416853e-01 -2.7944535520370110e+01 0.0000000000000000e+00 0.0000000000000000e+00 0.0000000000000000e+00 -8.5081742852856284e+00 -3.0311850117119193e-01 3.5946679185812341e-01 0.0000000000000000e+00 3.5946679185812341e-01 -2.7411157297181802e+01 0.0000000000000000e+00 0.0000000000000000e+00 0.0000000000000000e+00 -8.3142827395058987e+00 -6.5299088455872933e-01 2.1007904518790274e-01 0.0000000000000000e+00 2.1007904518790274e-01 -2.8281108020596921e+01 0.0000000000000000e+00 0.0000000000000000e+00 0.0000000000000000e+00 -8.6802296715466944e+00 -3.9140631710140172e-01 4.5624739972443054e-02 0.0000000000000000e+00 4.5624739972443054e-02 -2.7566437194504797e+01 0.0000000000000000e+00 0.0000000000000000e+00 0.0000000000000000e+00 -8.3873530534818581e+00 -7.2750583724312223e-01 -4.6979406302027085e-02 0.0000000000000000e+00 -4.6979406302027085e-02 -2.8351646630442605e+01 0.0000000000000000e+00 0.0000000000000000e+00 0.0000000000000000e+00 -8.7237457403057181e+00 -3.5651369009650702e-01 -2.5996027317378578e-01 0.0000000000000000e+00 -2.5996027317378578e-01 -2.7489626564082457e+01 0.0000000000000000e+00 0.0000000000000000e+00 0.0000000000000000e+00 -8.3538420762536880e+00 -6.0482224676700791e-01 -3.0991020248845003e-01 0.0000000000000000e+00 -3.0991020248845003e-01 -2.8200920666594389e+01 0.0000000000000000e+00 0.0000000000000000e+00 0.0000000000000000e+00 -8.6417228740084173e+00 -2.1817445250298370e-01 -5.6603934600766703e-01 0.0000000000000000e+00 -5.6603934600766703e-01 -2.7160283047585267e+01 0.0000000000000000e+00 0.0000000000000000e+00 0.0000000000000000e+00 -8.2135372500264765e+00 -3.4090026318566696e-01 -5.9505949341286690e-01 0.0000000000000000e+00 -5.9505949341286690e-01 -2.7756114244925296e+01 0.0000000000000000e+00 0.0000000000000000e+00 0.0000000000000000e+00 -8.4291043524332885e+00 -6.2538122005448282e-02 -7.7527380182293326e-01 0.0000000000000000e+00 -7.7527380182293326e-01 -2.6496768542713951e+01 0.0000000000000000e+00 0.0000000000000000e+00 0.0000000000000000e+00 -7.9677919994158204e+00 -8.4805973872240481e-02 -7.5387111080899305e-01 0.0000000000000000e+00 -7.5387111080899305e-01 -2.6855721706503420e+01 0.0000000000000000e+00 0.0000000000000000e+00 0.0000000000000000e+00 -8.0821583041126992e+00 5.1409708715780397e-03 -5.7449076340868244e-01 0.0000000000000000e+00 -5.7449076340868244e-01 -2.5446283418425377e+01 0.0000000000000000e+00 0.0000000000000000e+00 0.0000000000000000e+00 -7.6323427342661381e+00 3.2497089830092578e-03 -3.3442230633870862e-01 0.0000000000000000e+00 -3.3442230633870862e-01 -2.5435783602831094e+01 0.0000000000000000e+00 0.0000000000000000e+00 0.0000000000000000e+00 -7.6297601681544247e+00 -1.5173801973107666e-02 3.1947495831076794e-01 0.0000000000000000e+00 3.1947495831076794e-01 -2.6165919072782827e+01 0.0000000000000000e+00 0.0000000000000000e+00 0.0000000000000000e+00 -7.8543278624267794e+00 -6.9903895577751576e-02 4.1975917454227668e-01 0.0000000000000000e+00 4.1975917454227668e-01 -2.7561147209429180e+01 0.0000000000000000e+00 0.0000000000000000e+00 0.0000000000000000e+00 -8.2893153315020811e+00 -2.6330272323701198e-01 5.5679744153587518e-01 0.0000000000000000e+00 5.5679744153587518e-01 -2.8234149548773125e+01 0.0000000000000000e+00 0.0000000000000000e+00 0.0000000000000000e+00 -8.5492356816030419e+00 -6.6813773863681369e-01 2.6480950408278697e-01 0.0000000000000000e+00 2.6480950408278697e-01 -2.9482162984519388e+01 0.0000000000000000e+00 0.0000000000000000e+00 0.0000000000000000e+00 -9.0450902169468570e+00 -8.2883858105473684e-01 2.9788785407468854e-01 0.0000000000000000e+00 2.9788785407468854e-01 -2.9315123691007027e+01 0.0000000000000000e+00 0.0000000000000000e+00 0.0000000000000000e+00 -9.0431886816185294e+00 -1.4627387625015600e+00 -3.6966078062598964e-04 0.0000000000000000e+00 -3.6966078062598964e-04 -3.0264843365398143e+01 0.0000000000000000e+00 0.0000000000000000e+00 0.0000000000000000e+00 -9.5182746383699115e+00 -1.3616901323102180e+00 8.7262629986873202e-02 0.0000000000000000e+00 8.7262629986873202e-02 -2.9730618813626371e+01 0.0000000000000000e+00 0.0000000000000000e+00 0.0000000000000000e+00 -9.3276926837809775e+00 -2.0386680547283853e+00 -6.3445379093587939e-02 0.0000000000000000e+00 -6.3445379093587939e-02 -3.0498308952499809e+01 0.0000000000000000e+00 0.0000000000000000e+00 0.0000000000000000e+00 -9.7610931021684593e+00 -1.6120503657438199e+00 -5.7260218560208622e-03 0.0000000000000000e+00 -5.7260218560208622e-03 -2.9841283365934459e+01 0.0000000000000000e+00 0.0000000000000000e+00 0.0000000000000000e+00 -9.4360001195034808e+00 -2.2015728415283347e+00 -9.9037217651581542e-04 0.0000000000000000e+00 -9.9037217651581542e-04 -3.0531164559190199e+01 0.0000000000000000e+00 0.0000000000000000e+00 0.0000000000000000e+00 -9.8198212202155606e+00 -1.5020620162149032e+00 -7.3277367285741052e-02 0.0000000000000000e+00 -7.3277367285741052e-02 -2.9782590776952272e+01 0.0000000000000000e+00 0.0000000000000000e+00 0.0000000000000000e+00 -9.3853958379501528e+00 -1.9177964840119601e+00 4.2634258767174041e-02 0.0000000000000000e+00 4.2634258767174041e-02 -3.0437934207398857e+01 0.0000000000000000e+00 0.0000000000000000e+00 0.0000000000000000e+00 -9.7067192074232445e+00 -1.0654311751341901e+00 -2.1803098259371528e-01 0.0000000000000000e+00 -2.1803098259371528e-01 -2.9495172413015332e+01 0.0000000000000000e+00 0.0000000000000000e+00 0.0000000000000000e+00 -9.1681810764448564e+00 -1.2514354115967350e+00 -6.9716711862203865e-02 0.0000000000000000e+00 -6.9716711862203865e-02 -3.0074278131262972e+01 0.0000000000000000e+00 0.0000000000000000e+00 0.0000000000000000e+00 -9.3977140628579114e+00 -4.7234508806748293e-01 -4.5143620698925124e-01 0.0000000000000000e+00 -4.5143620698925124e-01 -2.8712821498168534e+01 0.0000000000000000e+00 0.0000000000000000e+00 0.0000000000000000e+00 -8.7555499758708031e+00 -4.4995033712410237e-01 -3.5596943528699027e-01 0.0000000000000000e+00 -3.5596943528699027e-01 -2.9013756721099998e+01 0.0000000000000000e+00 0.0000000000000000e+00 0.0000000000000000e+00 -8.8391121174672325e+00 -5.5462625091873226e-02 -4.6745429309940401e-01 0.0000000000000000e+00 -4.6745429309940401e-01 -2.7026817685467339e+01 0.0000000000000000e+00 0.0000000000000000e+00 0.0000000000000000e+00 -8.1246840931677653e+00 -7.7875186868753615e-03 -2.8220939023009128e-01 0.0000000000000000e+00 -2.8220939023009128e-01 -2.6704907003393259e+01 0.0000000000000000e+00 0.0000000000000000e+00 0.0000000000000000e+00 -8.0138083566240397e+00 -7.4107541129458276e-02 1.7546352160300510e-01 0.0000000000000000e+00 1.7546352160300510e-01 -2.7641696376642589e+01 0.0000000000000000e+00 0.0000000000000000e+00 0.0000000000000000e+00 -8.3147411753316121e+00 -3.3621159473972467e-01 -1.8280048687682995e-01 0.0000000000000000e+00 -1.8280048687682995e-01 -2.9872596098330302e+01 0.0000000000000000e+00 0.0000000000000000e+00 0.0000000000000000e+00 -9.0626423079210081e+00 -9.1779661761106823e-01 -2.8256581658820468e-01 0.0000000000000000e+00 -2.8256581658820468e-01 -3.0677679668533134e+01 0.0000000000000000e+00 0.0000000000000000e+00 0.0000000000000000e+00 -9.4786428858432608e+00 -1.9847457968620694e+00 -9.8349223226843707e-01 0.0000000000000000e+00 -9.8349223226843707e-01 -3.1965806299882978e+01 0.0000000000000000e+00 0.0000000000000000e+00 0.0000000000000000e+00 -1.0185165629023514e+01 -2.2976545021364991e+00 -6.2826931796455798e-01 0.0000000000000000e+00 -6.2826931796455798e-01 -3.1584363041889127e+01 0.0000000000000000e+00 0.0000000000000000e+00 0.0000000000000000e+00 -1.0164605263207687e+01 -3.5407566693209906e+00 -1.0127373028696065e+00 0.0000000000000000e+00 -1.0127373028696065e+00 -3.2310883432588490e+01 0.0000000000000000e+00 0.0000000000000000e+00 0.0000000000000000e+00 -1.0755492030572842e+01 -3.3039379716159343e+00 -4.8258248962602418e-01 0.0000000000000000e+00 -4.8258248962602418e-01 -3.1743967636413569e+01 0.0000000000000000e+00 0.0000000000000000e+00 0.0000000000000000e+00 -1.0514371682408848e+01 -4.4486601083952308e+00 -5.4643095838011446e-01 0.0000000000000000e+00 -5.4643095838011446e-01 -3.2287310139377645e+01 0.0000000000000000e+00 0.0000000000000000e+00 0.0000000000000000e+00 -1.1020791074331862e+01 -3.7176835311507030e+00 -9.9390788896939336e-02 0.0000000000000000e+00 -9.9390788896939336e-02 -3.1748635471412523e+01 0.0000000000000000e+00 0.0000000000000000e+00 0.0000000000000000e+00 -1.0639895700768964e+01 -4.6777194828309012e+00 8.1043806348114769e-02 0.0000000000000000e+00 8.1043806348114769e-02 -3.2261500018865192e+01 0.0000000000000000e+00 0.0000000000000000e+00 0.0000000000000000e+00 -1.1081765850508829e+01 -3.5308699753557158e+00 3.1527836750978250e-01 0.0000000000000000e+00 3.1527836750978250e-01 -3.1735961529928709e+01 0.0000000000000000e+00 0.0000000000000000e+00 0.0000000000000000e+00 -1.0580049451585326e+01 -4.2598937665277115e+00 6.8650966040159001e-01 0.0000000000000000e+00 6.8650966040159001e-01 -3.2278088822883859e+01 0.0000000000000000e+00 0.0000000000000000e+00 0.0000000000000000e+00 -1.0961394776823473e+01 -2.7515922861312050e+00 5.8373237741959094e-01 0.0000000000000000e+00 5.8373237741959094e-01 -3.1640914758251444e+01 0.0000000000000000e+00 0.0000000000000000e+00 0.0000000000000000e+00 -1.0317752113314796e+01 -3.1688811415722284e+00 1.0653873288962514e+00 0.0000000000000000e+00 1.0653873288962514e+00 -3.2220017469455790e+01 0.0000000000000000e+00 0.0000000000000000e+00 0.0000000000000000e+00 -1.0616669583308406e+01 -1.4809883921957663e+00 4.8554872066427984e-01 0.0000000000000000e+00 4.8554872066427984e-01 -3.1093518540155117e+01 0.0000000000000000e+00 0.0000000000000000e+00 0.0000000000000000e+00 -9.7723520797052661e+00 -1.4814179987933476e+00 8.3010971926800814e-01 0.0000000000000000e+00 8.3010971926800814e-01 -3.1522328958867039e+01 0.0000000000000000e+00 0.0000000000000000e+00 0.0000000000000000e+00 -9.9011240872981165e+00 -2.5536970381635904e-01 1.4248059159588997e-02 0.0000000000000000e+00 1.4248059159588997e-02 -2.9057786064141720e+01 0.0000000000000000e+00 0.0000000000000000e+00 0.0000000000000000e+00 -8.7939467303874217e+00 -6.1937032980706824e-02 -1.9052167728130905e-02 0.0000000000000000e+00 -1.9052167728130905e-02 -2.8507945672319206e+01 0.0000000000000000e+00 0.0000000000000000e+00 0.0000000000000000e+00 -8.5709648115899721e+00 -3.3855159562926290e-01 -4.9929966876831255e-01 0.0000000000000000e+00 -4.9929966876831255e-01 -3.0394796532296727e+01 0.0000000000000000e+00 0.0000000000000000e+00 0.0000000000000000e+00 -9.2200044383777957e+00 -1.8294403095929641e+00 -2.3423298884983970e+00 0.0000000000000000e+00 -2.3423298884983970e+00 -3.3916485425127419e+01 0.0000000000000000e+00 0.0000000000000000e+00 0.0000000000000000e+00 -1.0723777720416116e+01 -2.9218528176093699e+00 -2.3548718390812278e+00 0.0000000000000000e+00 -2.3548718390812278e+00 -3.3432054257458184e+01 0.0000000000000000e+00 0.0000000000000000e+00 0.0000000000000000e+00 -1.0906172122520264e+01 -5.2482280440016913e+00 -3.3650212383488975e+00 0.0000000000000000e+00 -3.3650212383488975e+00 -3.4171998317128860e+01 0.0000000000000000e+00 0.0000000000000000e+00 0.0000000000000000e+00 -1.1826067908339164e+01 -5.3092233164694580e+00 -2.1901216832108537e+00 0.0000000000000000e+00 -2.1901216832108537e+00 -3.3384665939378792e+01 0.0000000000000000e+00 0.0000000000000000e+00 0.0000000000000000e+00 -1.1608166776754473e+01 -7.3019049106925973e+00 -2.3821535073963602e+00 0.0000000000000000e+00 -2.3821535073963602e+00 -3.3638494423058326e+01 0.0000000000000000e+00 0.0000000000000000e+00 0.0000000000000000e+00 -1.2282119800125278e+01 -6.5545057580877648e+00 -1.2663521657924550e+00 0.0000000000000000e+00 -1.2663521657924550e+00 -3.3168280784036320e+01 0.0000000000000000e+00 0.0000000000000000e+00 0.0000000000000000e+00 -1.1916835962637228e+01 -8.1553909255712895e+00 -1.1015437729959054e+00 0.0000000000000000e+00 -1.1015437729959054e+00 -3.3419905695403870e+01 0.0000000000000000e+00 0.0000000000000000e+00 0.0000000000000000e+00 -1.2472588986292546e+01 -6.9927918048096069e+00 -2.1162339543553402e-01 0.0000000000000000e+00 -2.1162339543553402e-01 -3.3075836380301205e+01 0.0000000000000000e+00 0.0000000000000000e+00 0.0000000000000000e+00 -1.2020588455533243e+01 -8.3448668831582093e+00 1.7633457781187267e-01 0.0000000000000000e+00 1.7633457781187267e-01 -3.3371523096876004e+01 0.0000000000000000e+00 0.0000000000000000e+00 0.0000000000000000e+00 -1.2514916994010266e+01 -6.7860275989374399e+00 8.4457751822632965e-01 0.0000000000000000e+00 8.4457751822632965e-01 -3.3106271684203747e+01 0.0000000000000000e+00 0.0000000000000000e+00 0.0000000000000000e+00 -1.1967689784942351e+01 -7.9610681031513657e+00 1.4529627615236680e+00 0.0000000000000000e+00 1.4529627615236680e+00 -3.3455177674956360e+01 0.0000000000000000e+00 0.0000000000000000e+00 0.0000000000000000e+00 -1.2424873733432319e+01 -5.8751236687049895e+00 1.8191958314900065e+00 0.0000000000000000e+00 1.8191958314900065e+00 -3.3252329924422696e+01 0.0000000000000000e+00 0.0000000000000000e+00 0.0000000000000000e+00 -1.1738236077938302e+01 -6.8551609290284654e+00 2.7012743555293057e+00 0.0000000000000000e+00 2.7012743555293057e+00 -3.3718582436037515e+01 0.0000000000000000e+00 0.0000000000000000e+00 0.0000000000000000e+00 -1.2172123009519794e+01 -4.0142893905026762e+00 2.3979591150127715e+00 0.0000000000000000e+00 2.3979591150127715e+00 -3.3393467899679173e+01 0.0000000000000000e+00 0.0000000000000000e+00 0.0000000000000000e+00 -1.1222327187054555e+01 -4.5831992618394626e+00 3.4839603014958378e+00 0.0000000000000000e+00 3.4839603014958378e+00 -3.4157345289725505e+01 0.0000000000000000e+00 0.0000000000000000e+00 0.0000000000000000e+00 -1.1622163365469490e+01 -1.2102998302901522e+00 1.5838680029454801e+00 0.0000000000000000e+00 1.5838680029454801e+00 -3.2228022732335710e+01 0.0000000000000000e+00 0.0000000000000000e+00 0.0000000000000000e+00 -1.0031496768787758e+01 -7.9993295420266342e-01 1.2531846955367791e+00 0.0000000000000000e+00 1.2531846955367791e+00 -3.2143761507524324e+01 0.0000000000000000e+00 0.0000000000000000e+00 0.0000000000000000e+00 -9.8831083385180953e+00 -2.6505318477387201e+00 -4.9792718261199393e+00 0.0000000000000000e+00 -4.9792718261199393e+00 -3.9787398246955853e+01 0.0000000000000000e+00 0.0000000000000000e+00 0.0000000000000000e+00 -1.2731379028408369e+01 -1.1460266584278104e+01 -8.6409315515098566e+00 0.0000000000000000e+00 -8.6409315515098566e+00 -3.8109970157927762e+01 0.0000000000000000e+00 0.0000000000000000e+00 0.0000000000000000e+00 -1.4871071022661758e+01 -8.9560375007331672e+00 -5.7805635635147832e+00 0.0000000000000000e+00 -5.7805635635147832e+00 -3.5204552611922026e+01 0.0000000000000000e+00 0.0000000000000000e+00 0.0000000000000000e+00 -1.3248177033796555e+01 -1.2217381926362897e+01 -5.4978450530073379e+00 0.0000000000000000e+00 -5.4978450530073379e+00 -3.4493709700982279e+01 0.0000000000000000e+00 0.0000000000000000e+00 0.0000000000000000e+00 -1.4013327488203553e+01 -1.0514414195508550e+01 -3.6693514300324819e+00 0.0000000000000000e+00 -3.6693514300324819e+00 -3.4110874691085733e+01 0.0000000000000000e+00 0.0000000000000000e+00 0.0000000000000000e+00 -1.3387586665978279e+01 -1.2688757113043335e+01 -3.2452078463020553e+00 0.0000000000000000e+00 -3.2452078463020553e+00 -3.4029461495734402e+01 0.0000000000000000e+00 0.0000000000000000e+00 0.0000000000000000e+00 -1.4015465582633322e+01 -1.1147047927364559e+01 -1.8894175736277548e+00 0.0000000000000000e+00 -1.8894175736277548e+00 -3.3858770120550204e+01 0.0000000000000000e+00 0.0000000000000000e+00 0.0000000000000000e+00 -1.3501745414374426e+01 -1.2917895948890907e+01 -1.4225282654142086e+00 0.0000000000000000e+00 -1.4225282654142086e+00 -3.3958075534645353e+01 0.0000000000000000e+00 0.0000000000000000e+00 0.0000000000000000e+00 -1.4062791445060876e+01 -1.1356651067169611e+01 -2.8971800041273676e-01 0.0000000000000000e+00 -2.8971800041273676e-01 -3.3802088617034364e+01 0.0000000000000000e+00 0.0000000000000000e+00 0.0000000000000000e+00 -1.3547621905261192e+01 -1.2964395403309824e+01 2.3927570959336320e-01 0.0000000000000000e+00 2.3927570959336320e-01 -3.3950773323030624e+01 0.0000000000000000e+00 0.0000000000000000e+00 0.0000000000000000e+00 -1.4074550617902132e+01 -1.1242016638308000e+01 1.2800695953111281e+00 0.0000000000000000e+00 1.2800695953111281e+00 -3.3822605678615687e+01 0.0000000000000000e+00 0.0000000000000000e+00 0.0000000000000000e+00 -1.3519386695077110e+01 -1.2836336220691690e+01 1.9233131633644411e+00 0.0000000000000000e+00 1.9233131633644411e+00 -3.3964952380305562e+01 0.0000000000000000e+00 0.0000000000000000e+00 0.0000000000000000e+00 -1.4040386580299174e+01 -1.0747716809528052e+01 2.9490524325503302e+00 0.0000000000000000e+00 2.9490524325503302e+00 -3.3967260787833752e+01 0.0000000000000000e+00 0.0000000000000000e+00 0.0000000000000000e+00 -1.3414493279208539e+01 -1.2474800257772506e+01 3.8176500034494092e+00 0.0000000000000000e+00 3.8176500034494092e+00 -3.4108948077285120e+01 0.0000000000000000e+00 0.0000000000000000e+00 0.0000000000000000e+00 -1.3975124500517285e+01 -9.5363665859307520e+00 4.7648953578746296e+00 0.0000000000000000e+00 4.7648953578746296e+00 -3.4546573387145692e+01 0.0000000000000000e+00 0.0000000000000000e+00 0.0000000000000000e+00 -1.3224881991922935e+01 -1.1604493611810904e+01 6.1820263537781903e+00 0.0000000000000000e+00 6.1820263537781903e+00 -3.5005597972950319e+01 0.0000000000000000e+00 0.0000000000000000e+00 0.0000000000000000e+00 -1.3983027475428365e+01 -6.3982874009427686e+00 5.8071474432652908e+00 0.0000000000000000e+00 5.8071474432652908e+00 -3.6710293569668544e+01 0.0000000000000000e+00 0.0000000000000000e+00 0.0000000000000000e+00 -1.2932574291183393e+01 -9.6232400929525816e+00 8.4514050506523049e+00 0.0000000000000000e+00 8.4514050506523049e+00 -4.1275093646292284e+01 0.0000000000000000e+00 0.0000000000000000e+00 0.0000000000000000e+00 -1.5269500121773460e+01 -1.0913447177611348e+00 -6.9059991603811233e-01 0.0000000000000000e+00 -6.9059991603811233e-01 -1.6192756759298895e+01 0.0000000000000000e+00 0.0000000000000000e+00 0.0000000000000000e+00 -5.1852304431180078e+00 -7.1245500352235380e-01 -4.4280585141045703e-01 0.0000000000000000e+00 -4.4280585141045703e-01 -1.5842885237378683e+01 0.0000000000000000e+00 0.0000000000000000e+00 0.0000000000000000e+00 -4.9666020722703106e+00 -1.6736223885076900e+00 -6.8303800357015498e-01 0.0000000000000000e+00 -6.8303800357015498e-01 -1.6898829849801135e+01 0.0000000000000000e+00 0.0000000000000000e+00 0.0000000000000000e+00 -5.5717356714926458e+00 -1.2957924331258002e+00 -4.4857041769796535e-01 0.0000000000000000e+00 -4.4857041769796535e-01 -1.6380333386965049e+01 0.0000000000000000e+00 0.0000000000000000e+00 0.0000000000000000e+00 -5.3028377460272544e+00 -1.9291421323159768e+00 -4.1557472440449694e-01 0.0000000000000000e+00 -4.1557472440449694e-01 -1.7126252082435904e+01 0.0000000000000000e+00 0.0000000000000000e+00 0.0000000000000000e+00 -5.7166182644255636e+00 -1.5791015617139241e+00 -2.8182348167263982e-01 0.0000000000000000e+00 -2.8182348167263982e-01 -1.6598620599241993e+01 0.0000000000000000e+00 0.0000000000000000e+00 0.0000000000000000e+00 -5.4533166482867745e+00 -2.0266110560679862e+00 -1.9646406119567159e-01 0.0000000000000000e+00 -1.9646406119567159e-01 -1.7284589100903187e+01 0.0000000000000000e+00 0.0000000000000000e+00 0.0000000000000000e+00 -5.7933600470913511e+00 -1.6939361757037137e+00 -1.1921684111446924e-01 0.0000000000000000e+00 -1.1921684111446924e-01 -1.6718830313409654e+01 0.0000000000000000e+00 0.0000000000000000e+00 0.0000000000000000e+00 -5.5238299467340095e+00 -2.0558086493370649e+00 -2.4042697389683784e-02 0.0000000000000000e+00 -2.4042697389683784e-02 -1.7351361286913335e+01 0.0000000000000000e+00 0.0000000000000000e+00 0.0000000000000000e+00 -5.8221509808751204e+00 -1.7196463879074253e+00 2.5930240006515625e-02 0.0000000000000000e+00 2.5930240006515625e-02 -1.6749525492775835e+01 0.0000000000000000e+00 0.0000000000000000e+00 0.0000000000000000e+00 -5.5407515642049763e+00 -2.0477819679098452e+00 1.4219534281546301e-01 0.0000000000000000e+00 1.4219534281546301e-01 -1.7314694228147214e+01 0.0000000000000000e+00 0.0000000000000000e+00 0.0000000000000000e+00 -5.8087428588171175e+00 -1.6737860879483741e+00 1.7802473747147016e-01 0.0000000000000000e+00 1.7802473747147016e-01 -1.6689916684614943e+01 0.0000000000000000e+00 0.0000000000000000e+00 0.0000000000000000e+00 -5.5091108317689965e+00 -1.9905362601153906e+00 3.4692314804344182e-01 0.0000000000000000e+00 3.4692314804344182e-01 -1.7179217700586563e+01 0.0000000000000000e+00 0.0000000000000000e+00 0.0000000000000000e+00 -5.7509261882105847e+00 -1.5198356385166221e+00 3.5875710366837871e-01 0.0000000000000000e+00 3.5875710366837871e-01 -1.6546945077054900e+01 0.0000000000000000e+00 0.0000000000000000e+00 0.0000000000000000e+00 -5.4200342146714569e+00 -1.8198416932722115e+00 6.1509833339318432e-01 0.0000000000000000e+00 6.1509833339318432e-01 -1.6960583287984587e+01 0.0000000000000000e+00 0.0000000000000000e+00 0.0000000000000000e+00 -5.6341274943770392e+00 -1.1382007212130085e+00 5.3492668221032558e-01 0.0000000000000000e+00 5.3492668221032558e-01 -1.6306355293752496e+01 0.0000000000000000e+00 0.0000000000000000e+00 0.0000000000000000e+00 -5.2333668044896502e+00 -1.4106440315840045e+00 7.9487905975385720e-01 0.0000000000000000e+00 7.9487905975385720e-01 -1.6618836398919150e+01 0.0000000000000000e+00 0.0000000000000000e+00 0.0000000000000000e+00 -5.4088441291509470e+00 -2.7818642910908026e-01 3.0540134715353667e-01 0.0000000000000000e+00 3.0540134715353667e-01 -1.5425467219830283e+01 0.0000000000000000e+00 0.0000000000000000e+00 0.0000000000000000e+00 -4.7110960946818086e+00 -3.0051724049562915e-02 5.1906811530942322e-02 0.0000000000000000e+00 5.1906811530942322e-02 -1.3839857719420610e+01 0.0000000000000000e+00 0.0000000000000000e+00 0.0000000000000000e+00 -4.1609728330410514e+00 -7.4273595239242513e-02 5.4722979351994244e-02 0.0000000000000000e+00 5.4722979351994244e-02 -1.3668919421976204e+01 0.0000000000000000e+00 0.0000000000000000e+00 0.0000000000000000e+00 -4.1229579051646343e+00 -4.7678638195536732e-01 -1.5049474682698119e-01 0.0000000000000000e+00 -1.5049474682698119e-01 -1.4940629540558044e+01 0.0000000000000000e+00 0.0000000000000000e+00 0.0000000000000000e+00 -4.6252247767540222e+00 -4.0437811043977795e-01 -4.2212235281913334e-02 0.0000000000000000e+00 -4.2212235281913334e-02 -1.4427057846303375e+01 0.0000000000000000e+00 0.0000000000000000e+00 0.0000000000000000e+00 -4.4494307870229459e+00 -8.4947187157098725e-01 -1.6593828861925439e-01 0.0000000000000000e+00 -1.6593828861925439e-01 -1.5306831017329237e+01 0.0000000000000000e+00 0.0000000000000000e+00 0.0000000000000000e+00 -4.8468908666700665e+00 -6.8604298384858597e-01 -6.4460246453833511e-02 0.0000000000000000e+00 -6.4460246453833511e-02 -1.4729296306946292e+01 0.0000000000000000e+00 0.0000000000000000e+00 0.0000000000000000e+00 -4.6246017872384630e+00 -1.0529579921652688e+00 -9.5506561831891310e-02 0.0000000000000000e+00 -9.5506561831891310e-02 -1.5462951760542904e+01 0.0000000000000000e+00 0.0000000000000000e+00 0.0000000000000000e+00 -4.9547729258124509e+00 -8.3973207581750564e-01 -3.4007368932750186e-02 0.0000000000000000e+00 -3.4007368932750186e-02 -1.4857391075082150e+01 0.0000000000000000e+00 0.0000000000000000e+00 0.0000000000000000e+00 -4.7091369452698961e+00 -1.1257396102506709e+00 -1.0760339283116201e-02 0.0000000000000000e+00 -1.0760339283116201e-02 -1.5518693828910189e+01 0.0000000000000000e+00 0.0000000000000000e+00 0.0000000000000000e+00 -4.9933300317482567e+00 -8.7603387451903714e-01 1.1565815562428496e-02 0.0000000000000000e+00 1.1565815562428496e-02 -1.4886807490666442e+01 0.0000000000000000e+00 0.0000000000000000e+00 0.0000000000000000e+00 -4.7288524095556435e+00 -1.0900959848309388e+00 7.5055841879658303e-02 0.0000000000000000e+00 7.5055841879658303e-02 -1.5491322908885632e+01 0.0000000000000000e+00 0.0000000000000000e+00 0.0000000000000000e+00 -4.9744256681149714e+00 -8.0030681572676243e-01 5.6000288743636273e-02 0.0000000000000000e+00 5.6000288743636273e-02 -1.4829414369570406e+01 0.0000000000000000e+00 0.0000000000000000e+00 0.0000000000000000e+00 -4.6889163555891491e+00 -9.2996891240515989e-01 1.5487007491151372e-01 0.0000000000000000e+00 1.5487007491151372e-01 -1.5376266614861782e+01 0.0000000000000000e+00 0.0000000000000000e+00 0.0000000000000000e+00 -4.8918706581800828e+00 -5.9511531245391946e-01 7.4727875694684337e-02 0.0000000000000000e+00 7.4727875694684337e-02 -1.4660729374681541e+01 0.0000000000000000e+00 0.0000000000000000e+00 0.0000000000000000e+00 -4.5767534061406367e+00 -5.8840326167147938e-01 1.7592699332571704e-01 0.0000000000000000e+00 1.7592699332571704e-01 -1.5120025487315525e+01 0.0000000000000000e+00 0.0000000000000000e+00 0.0000000000000000e+00 -4.7125286246961018e+00 -2.5679001456863587e-01 6.3788113924582800e-05 0.0000000000000000e+00 6.3788113924582800e-05 -1.4250993840104082e+01 0.0000000000000000e+00 0.0000000000000000e+00 0.0000000000000000e+00 -4.3523351564018151e+00 -1.2420628446244703e-01 5.5306845381512216e-03 0.0000000000000000e+00 5.5306845381512216e-03 -1.4350276208723932e+01 0.0000000000000000e+00 0.0000000000000000e+00 0.0000000000000000e+00 -4.3423447479559139e+00 -1.7084328216970660e-02 -9.6991366416385436e-02 0.0000000000000000e+00 -9.6991366416385436e-02 -1.3152535188139767e+01 0.0000000000000000e+00 0.0000000000000000e+00 0.0000000000000000e+00 -3.9508858549070212e+00 1.0530046992478509e-02 1.1565035977751223e-01 0.0000000000000000e+00 1.1565035977751223e-01 -1.2048231058549279e+01 0.0000000000000000e+00 0.0000000000000000e+00 0.0000000000000000e+00 -3.6113103034670395e+00 4.1477650610255278e-03 1.7120178949826254e-01 0.0000000000000000e+00 1.7120178949826254e-01 -1.1755089818696856e+01 0.0000000000000000e+00 0.0000000000000000e+00 0.0000000000000000e+00 -3.5252826160907489e+00 -8.8204236192288468e-02 1.6186524141087344e-01 0.0000000000000000e+00 1.6186524141087344e-01 -1.2879738810836118e+01 0.0000000000000000e+00 0.0000000000000000e+00 0.0000000000000000e+00 -3.8903829141085207e+00 -7.8116686372130636e-02 1.7810514721657655e-01 0.0000000000000000e+00 1.7810514721657655e-01 -1.2387574371353375e+01 0.0000000000000000e+00 0.0000000000000000e+00 0.0000000000000000e+00 -3.7397073173176518e+00 -2.7385367531651278e-01 8.1058641414137225e-02 0.0000000000000000e+00 8.1058641414137225e-02 -1.3319259881109893e+01 0.0000000000000000e+00 0.0000000000000000e+00 0.0000000000000000e+00 -4.0779340669279218e+00 -2.0748839335027630e-01 1.0691690327723848e-01 0.0000000000000000e+00 1.0691690327723848e-01 -1.2729484900430046e+01 0.0000000000000000e+00 0.0000000000000000e+00 0.0000000000000000e+00 -3.8810919881340968e+00 -4.1818762136899590e-01 3.1139326457655755e-02 0.0000000000000000e+00 3.1139326457655755e-02 -1.3519296729623075e+01 0.0000000000000000e+00 0.0000000000000000e+00 0.0000000000000000e+00 -4.1812453052976206e+00 -3.0150711466074143e-01 4.5121304383102287e-02 0.0000000000000000e+00 4.5121304383102287e-02 -1.2885271733993090e+01 0.0000000000000000e+00 0.0000000000000000e+00 0.0000000000000000e+00 -3.9560336545961490e+00 -4.7762425364412797e-01 5.8494183774317858e-03 0.0000000000000000e+00 5.8494183774317858e-03 -1.3587096446413991e+01 0.0000000000000000e+00 0.0000000000000000e+00 0.0000000000000000e+00 -4.2194162100174362e+00 -3.2525642835564506e-01 -5.6248244101760872e-03 0.0000000000000000e+00 -5.6248244101760872e-03 -1.2920674431977382e+01 0.0000000000000000e+00 0.0000000000000000e+00 0.0000000000000000e+00 -3.9737792580999081e+00 -4.4447075462642005e-01 -1.6634075958308150e-02 0.0000000000000000e+00 -1.6634075958308150e-02 -1.3555406946420648e+01 0.0000000000000000e+00 0.0000000000000000e+00 0.0000000000000000e+00 -4.1999633103141205e+00 -2.7210865972547560e-01 -6.0058521777349022e-02 0.0000000000000000e+00 -6.0058521777349022e-02 -1.2850056003276221e+01 0.0000000000000000e+00 0.0000000000000000e+00 0.0000000000000000e+00 -3.9366493989005082e+00 -3.2041157784908292e-01 -5.8321794619351629e-02 0.0000000000000000e+00 -5.8321794619351629e-02 -1.3408664849446456e+01 0.0000000000000000e+00 0.0000000000000000e+00 0.0000000000000000e+00 -4.1187229281886610e+00 -1.5518958036002545e-01 -1.3300937708654353e-01 0.0000000000000000e+00 -1.3300937708654353e-01 -1.2641710812655683e+01 0.0000000000000000e+00 0.0000000000000000e+00 0.0000000000000000e+00 -3.8390701179047122e+00 -1.3832948119208943e-01 -1.3674314843756019e-01 0.0000000000000000e+00 -1.3674314843756019e-01 -1.3061958607942074e+01 0.0000000000000000e+00 0.0000000000000000e+00 0.0000000000000000e+00 -3.9600864267402489e+00 -3.1705499799596235e-02 -2.0650682940376283e-01 0.0000000000000000e+00 -2.0650682940376283e-01 -1.2201529951741954e+01 0.0000000000000000e+00 0.0000000000000000e+00 0.0000000000000000e+00 -3.6699706354624646e+00 1.1563243052621446e-03 -1.6709018979320109e-01 0.0000000000000000e+00 -1.6709018979320109e-01 -1.2348337901199807e+01 0.0000000000000000e+00 0.0000000000000000e+00 0.0000000000000000e+00 -3.7041544730683640e+00 2.3187589845553506e-03 -1.1291937032802284e-01 0.0000000000000000e+00 -1.1291937032802284e-01 -1.1454616744348321e+01 0.0000000000000000e+00 0.0000000000000000e+00 0.0000000000000000e+00 -3.4356893956091290e+00 7.1089780802942280e-03 1.0439361663627264e-01 0.0000000000000000e+00 1.0439361663627264e-01 -1.0361826464682908e+01 0.0000000000000000e+00 0.0000000000000000e+00 0.0000000000000000e+00 -3.1064152459807830e+00 1.4958030550242762e-02 1.6969033539509584e-01 0.0000000000000000e+00 1.6969033539509584e-01 -9.9514242399872259e+00 0.0000000000000000e+00 0.0000000000000000e+00 0.0000000000000000e+00 -2.9809398628310952e+00 1.5116356695765998e-02 2.3763376833143243e-01 0.0000000000000000e+00 2.3763376833143243e-01 -1.0899547898958108e+01 0.0000000000000000e+00 0.0000000000000000e+00 0.0000000000000000e+00 -3.2653294626787019e+00 2.7527348704187719e-02 2.3440946125794360e-01 0.0000000000000000e+00 2.3440946125794360e-01 -1.0387538864228508e+01 0.0000000000000000e+00 0.0000000000000000e+00 0.0000000000000000e+00 -3.1080034546572963e+00 -2.5426343904372921e-02 1.9466873495086368e-01 0.0000000000000000e+00 1.9466873495086368e-01 -1.1281142110914104e+01 0.0000000000000000e+00 0.0000000000000000e+00 0.0000000000000000e+00 -3.3919705364455424e+00 6.3461999087722166e-03 1.7865498710869368e-01 0.0000000000000000e+00 1.7865498710869368e-01 -1.0685827754229503e+01 0.0000000000000000e+00 0.0000000000000000e+00 0.0000000000000000e+00 -3.2038444662962191e+00 -7.9057970238393047e-02 1.0705159027060197e-01 0.0000000000000000e+00 1.0705159027060197e-01 -1.1489541132248860e+01 0.0000000000000000e+00 0.0000000000000000e+00 0.0000000000000000e+00 -3.4705797307461759e+00 -2.1678627230938892e-02 8.5118083148682036e-02 0.0000000000000000e+00 8.5118083148682036e-02 -1.0841555579121778e+01 0.0000000000000000e+00 0.0000000000000000e+00 0.0000000000000000e+00 -3.2589702619058150e+00 -1.0549631925532382e-01 1.6040302323990906e-02 0.0000000000000000e+00 1.6040302323990906e-02 -1.1565055184545146e+01 0.0000000000000000e+00 0.0000000000000000e+00 0.0000000000000000e+00 -3.5011654511401407e+00 -2.9511853808043702e-02 -1.6363050086014908e-02 0.0000000000000000e+00 -1.6363050086014908e-02 -1.0878300346948006e+01 0.0000000000000000e+00 0.0000000000000000e+00 0.0000000000000000e+00 -3.2723436602268148e+00 -8.9397797116700831e-02 -7.5142141051228059e-02 0.0000000000000000e+00 -7.5142141051228059e-02 -1.1528164890707627e+01 0.0000000000000000e+00 0.0000000000000000e+00 0.0000000000000000e+00 -3.4852688063472979e+00 -1.0322228533982621e-02 -1.1815552233879502e-01 0.0000000000000000e+00 -1.1815552233879502e-01 -1.0803176941943805e+01 0.0000000000000000e+00 0.0000000000000000e+00 0.0000000000000000e+00 -3.2440497511433355e+00 -3.9588158714712010e-02 -1.6695351182567889e-01 0.0000000000000000e+00 -1.6695351182567889e-01 -1.1366781684695155e+01 0.0000000000000000e+00 0.0000000000000000e+00 0.0000000000000000e+00 -3.4219109530229597e+00 2.0277188807458171e-02 -2.0812737178887500e-01 0.0000000000000000e+00 -2.0812737178887500e-01 -1.0599354231873267e+01 0.0000000000000000e+00 0.0000000000000000e+00 0.0000000000000000e+00 -3.1737231129197432e+00 9.0198125012883133e-03 -2.3371720551208305e-01 0.0000000000000000e+00 -2.3371720551208305e-01 -1.1040054042720891e+01 0.0000000000000000e+00 0.0000000000000000e+00 0.0000000000000000e+00 -3.3093102690658793e+00 2.8611991727203634e-02 -2.3760110529795256e-01 0.0000000000000000e+00 -2.3760110529795256e-01 -1.0243051835701330e+01 0.0000000000000000e+00 0.0000000000000000e+00 0.0000000000000000e+00 -3.0643319531922368e+00 1.4991019220071854e-02 -1.7599137940204665e-01 0.0000000000000000e+00 -1.7599137940204665e-01 -1.0534129302425908e+01 0.0000000000000000e+00 0.0000000000000000e+00 0.0000000000000000e+00 -3.1557414849617502e+00 5.2934247886991448e-03 -9.5609592123481593e-02 0.0000000000000000e+00 -9.5609592123481593e-02 -9.7815274940773005e+00 0.0000000000000000e+00 0.0000000000000000e+00 0.0000000000000000e+00 -2.9328702207865809e+00 5.9616818438797767e-03 8.3473904242131969e-02 0.0000000000000000e+00 8.3473904242131969e-02 -8.6529907043196257e+00 0.0000000000000000e+00 0.0000000000000000e+00 0.0000000000000000e+00 -2.5941087067427233e+00 1.5885548738102374e-02 1.3875077931506574e-01 0.0000000000000000e+00 1.3875077931506574e-01 -8.1548989029700376e+00 0.0000000000000000e+00 0.0000000000000000e+00 0.0000000000000000e+00 -2.4417040062695805e+00 4.1194821755324032e-02 2.2077086634593099e-01 0.0000000000000000e+00 2.2077086634593099e-01 -8.9740893239409854e+00 0.0000000000000000e+00 0.0000000000000000e+00 0.0000000000000000e+00 -2.6798683506556986e+00 5.6567612476564479e-02 2.1545483222645778e-01 0.0000000000000000e+00 2.1545483222645778e-01 -8.4258079879522896e+00 0.0000000000000000e+00 0.0000000000000000e+00 0.0000000000000000e+00 -2.5107721126427172e+00 6.5365721423134751e-02 2.1063361310996251e-01 0.0000000000000000e+00 2.1063361310996251e-01 -9.2529812598043417e+00 0.0000000000000000e+00 0.0000000000000000e+00 0.0000000000000000e+00 -2.7562846615143624e+00 8.4490069233199822e-02 1.8158623159617207e-01 0.0000000000000000e+00 1.8158623159617207e-01 -8.6458773664346200e+00 0.0000000000000000e+00 0.0000000000000000e+00 0.0000000000000000e+00 -2.5684161891604265e+00 6.9575855398296915e-02 1.2793503894795322e-01 0.0000000000000000e+00 1.2793503894795322e-01 -9.4292560419211515e+00 0.0000000000000000e+00 0.0000000000000000e+00 0.0000000000000000e+00 -2.8079040559568562e+00 9.5184805408686610e-02 9.1350515738245819e-02 0.0000000000000000e+00 9.1350515738245819e-02 -8.7743161397599376e+00 0.0000000000000000e+00 0.0000000000000000e+00 0.0000000000000000e+00 -2.6037394003053747e+00 6.8246643530865528e-02 1.8970308179631509e-02 0.0000000000000000e+00 1.8970308179631509e-02 -9.4978487599037198e+00 0.0000000000000000e+00 0.0000000000000000e+00 0.0000000000000000e+00 -2.8288806349118558e+00 9.7437977003884804e-02 -1.9437746922087683e-02 0.0000000000000000e+00 -1.9437746922087683e-02 -8.8057209271539367e+00 0.0000000000000000e+00 0.0000000000000000e+00 0.0000000000000000e+00 -2.6124848850450153e+00 7.0152991852705543e-02 -9.3163417810466220e-02 0.0000000000000000e+00 -9.3163417810466220e-02 -9.4628181122584873e+00 0.0000000000000000e+00 0.0000000000000000e+00 0.0000000000000000e+00 -2.8177995361217345e+00 9.4241740891937223e-02 -1.2707582257414943e-01 0.0000000000000000e+00 -1.2707582257414943e-01 -8.7403302234692166e+00 0.0000000000000000e+00 0.0000000000000000e+00 0.0000000000000000e+00 -2.5938265447731825e+00 6.9787352537098626e-02 -1.8826698961590210e-01 0.0000000000000000e+00 -1.8826698961590210e-01 -9.3205529819144068e+00 0.0000000000000000e+00 0.0000000000000000e+00 0.0000000000000000e+00 -2.7752296888131918e+00 7.8477569583332185e-02 -2.0443627329931849e-01 0.0000000000000000e+00 -2.0443627329931849e-01 -8.5768369041053809e+00 0.0000000000000000e+00 0.0000000000000000e+00 0.0000000000000000e+00 -2.5495078003566145e+00 5.2459343437453808e-02 -2.2841509782157179e-01 0.0000000000000000e+00 -2.2841509782157179e-01 -9.0689495287742012e+00 0.0000000000000000e+00 0.0000000000000000e+00 0.0000000000000000e+00 -2.7049470556010240e+00 4.2781929523255838e-02 -2.0652306846139629e-01 0.0000000000000000e+00 -2.0652306846139629e-01 -8.3290369147553402e+00 0.0000000000000000e+00 0.0000000000000000e+00 0.0000000000000000e+00 -2.4858764955696251e+00 1.6345983076492123e-02 -1.4763748893919204e-01 0.0000000000000000e+00 -1.4763748893919204e-01 -8.7469133454281724e+00 0.0000000000000000e+00 0.0000000000000000e+00 0.0000000000000000e+00 -2.6191702087055044e+00 5.4489691000340346e-03 -7.3970184258407554e-02 0.0000000000000000e+00 -7.3970184258407554e-02 -8.0627745751391391e+00 0.0000000000000000e+00 0.0000000000000000e+00 0.0000000000000000e+00 -2.4171976818117318e+00 5.1946613826515742e-03 6.2393694121398072e-02 0.0000000000000000e+00 6.2393694121398072e-02 -6.8921351777558622e+00 0.0000000000000000e+00 0.0000000000000000e+00 0.0000000000000000e+00 -2.0660821549119630e+00 1.4170772255315784e-02 1.0381328791887059e-01 0.0000000000000000e+00 1.0381328791887059e-01 -6.3307479174040520e+00 0.0000000000000000e+00 0.0000000000000000e+00 0.0000000000000000e+00 -1.8949731435446211e+00 4.3678472094676520e-02 1.7654248329149821e-01 0.0000000000000000e+00 1.7654248329149821e-01 -7.0650931515877557e+00 0.0000000000000000e+00 0.0000000000000000e+00 0.0000000000000000e+00 -2.1064244038479236e+00 5.8947631649953584e-02 1.7154822930286598e-01 0.0000000000000000e+00 1.7154822930286598e-01 -6.4810036582018817e+00 0.0000000000000000e+00 0.0000000000000000e+00 0.0000000000000000e+00 -1.9266168079655785e+00 8.8391724157463589e-02 1.8190450721415077e-01 0.0000000000000000e+00 1.8190450721415077e-01 -7.2452790128465479e+00 0.0000000000000000e+00 0.0000000000000000e+00 0.0000000000000000e+00 -2.1470661866067253e+00 1.0216786793462479e-01 1.5315978872475930e-01 0.0000000000000000e+00 1.5315978872475930e-01 -6.6232295995562289e+00 0.0000000000000000e+00 0.0000000000000000e+00 0.0000000000000000e+00 -1.9563185194864812e+00 1.1736115787916687e-01 1.1669731192264465e-01 0.0000000000000000e+00 1.1669731192264465e-01 -7.3724608976494039e+00 0.0000000000000000e+00 0.0000000000000000e+00 0.0000000000000000e+00 -2.1765299219310714e+00 1.2821950545215738e-01 7.9684591092265555e-02 0.0000000000000000e+00 7.9684591092265555e-02 -6.7134605696596772e+00 0.0000000000000000e+00 0.0000000000000000e+00 0.0000000000000000e+00 -1.9755723192622554e+00 1.2832203124458960e-01 1.7422187865574923e-02 0.0000000000000000e+00 1.7422187865574923e-02 -7.4246409432863212e+00 0.0000000000000000e+00 0.0000000000000000e+00 0.0000000000000000e+00 -2.1888956736125191e+00 1.3474188916835436e-01 -1.7777566201255580e-02 0.0000000000000000e+00 -1.7777566201255580e-02 -6.7360300807635012e+00 0.0000000000000000e+00 0.0000000000000000e+00 0.0000000000000000e+00 -1.9803864574785439e+00 1.2306423242561992e-01 -8.6369563599929366e-02 0.0000000000000000e+00 -8.6369563599929366e-02 -7.3970791315312976e+00 0.0000000000000000e+00 0.0000000000000000e+00 0.0000000000000000e+00 -2.1822044697317033e+00 1.2184092105903549e-01 -1.1057405361632638e-01 0.0000000000000000e+00 -1.1057405361632638e-01 -6.6882320191353006e+00 0.0000000000000000e+00 0.0000000000000000e+00 0.0000000000000000e+00 -1.9699173294228791e+00 1.0020841483942951e-01 -1.6614876967857331e-01 0.0000000000000000e+00 -1.6614876967857331e-01 -7.2915115294446444e+00 0.0000000000000000e+00 0.0000000000000000e+00 0.0000000000000000e+00 -2.1573909343815645e+00 8.9048662856026875e-02 -1.6887337648643366e-01 0.0000000000000000e+00 -1.6887337648643366e-01 -6.5758489249110585e+00 0.0000000000000000e+00 0.0000000000000000e+00 0.0000000000000000e+00 -1.9460400786165095e+00 5.9476645423185669e-02 -1.8755058515799533e-01 0.0000000000000000e+00 -1.8755058515799533e-01 -7.1224488973271924e+00 0.0000000000000000e+00 0.0000000000000000e+00 0.0000000000000000e+00 -2.1188916755712022e+00 4.2003517720234557e-02 -1.5962516763890169e-01 0.0000000000000000e+00 -1.5962516763890169e-01 -6.4228898599707405e+00 0.0000000000000000e+00 0.0000000000000000e+00 0.0000000000000000e+00 -1.9142659026751516e+00 1.4669312539833567e-02 -1.1239509645542489e-01 0.0000000000000000e+00 -1.1239509645542489e-01 -6.9367687731180308e+00 0.0000000000000000e+00 0.0000000000000000e+00 0.0000000000000000e+00 -2.0766298381734591e+00 4.7868583196268299e-03 -5.3851902618527153e-02 0.0000000000000000e+00 -5.3851902618527153e-02 -6.2871398558524136e+00 0.0000000000000000e+00 0.0000000000000000e+00 0.0000000000000000e+00 -1.8847058992598364e+00 4.5141343621860558e-03 4.3708787503889797e-02 0.0000000000000000e+00 4.3708787503889797e-02 -5.0776572531785309e+00 0.0000000000000000e+00 0.0000000000000000e+00 0.0000000000000000e+00 -1.5219429356449035e+00 1.2814479925971142e-02 7.1284169997529331e-02 0.0000000000000000e+00 7.1284169997529331e-02 -4.4713379098908268e+00 0.0000000000000000e+00 0.0000000000000000e+00 0.0000000000000000e+00 -1.3375570289894567e+00 4.0349231488245263e-02 1.2845964469199164e-01 0.0000000000000000e+00 1.2845964469199164e-01 -5.1529889576730143e+00 0.0000000000000000e+00 0.0000000000000000e+00 0.0000000000000000e+00 -1.5337919178554309e+00 5.5704430463953070e-02 1.2341400060636611e-01 0.0000000000000000e+00 1.2341400060636611e-01 -4.5401337483252400e+00 0.0000000000000000e+00 0.0000000000000000e+00 0.0000000000000000e+00 -1.3453287953583859e+00 8.7832253074405731e-02 1.3933547803975113e-01 0.0000000000000000e+00 1.3933547803975113e-01 -5.2546363154927169e+00 0.0000000000000000e+00 0.0000000000000000e+00 0.0000000000000000e+00 -1.5500412187254933e+00 1.0072871571560024e-01 1.1539563253564512e-01 0.0000000000000000e+00 1.1539563253564512e-01 -4.6186995695985944e+00 0.0000000000000000e+00 0.0000000000000000e+00 0.0000000000000000e+00 -1.3553912561648982e+00 1.2337734855833553e-01 9.2864735110575414e-02 0.0000000000000000e+00 9.2864735110575414e-02 -5.3330449870450085e+00 0.0000000000000000e+00 0.0000000000000000e+00 0.0000000000000000e+00 -1.5629002915460015e+00 1.3046968978993687e-01 6.1672965162262422e-02 0.0000000000000000e+00 6.1672965162262422e-02 -4.6715016401942249e+00 0.0000000000000000e+00 0.0000000000000000e+00 0.0000000000000000e+00 -1.3623095851212861e+00 1.3829553594791189e-01 1.3993242690244970e-02 0.0000000000000000e+00 1.3993242690244970e-02 -5.3662662230376945e+00 0.0000000000000000e+00 0.0000000000000000e+00 0.0000000000000000e+00 -1.5683912061269345e+00 1.3819080665867076e-01 -1.4185607739773879e-02 0.0000000000000000e+00 -1.4185607739773879e-02 -4.6847317166923608e+00 0.0000000000000000e+00 0.0000000000000000e+00 0.0000000000000000e+00 -1.3639622730101069e+00 1.3068196839898241e-01 -6.9446986402675895e-02 0.0000000000000000e+00 -6.9446986402675895e-02 -5.3481407790944893e+00 0.0000000000000000e+00 0.0000000000000000e+00 0.0000000000000000e+00 -1.5652376432086519e+00 1.2257217730074663e-01 -8.5323999314687288e-02 0.0000000000000000e+00 -8.5323999314687288e-02 -4.6558729141878867e+00 0.0000000000000000e+00 0.0000000000000000e+00 0.0000000000000000e+00 -1.3599902210661421e+00 1.0137231455881025e-01 -1.2929691193671433e-01 0.0000000000000000e+00 -1.2929691193671433e-01 -5.2817213859882504e+00 0.0000000000000000e+00 0.0000000000000000e+00 0.0000000000000000e+00 -1.5541047214288317e+00 8.6311978636198300e-02 -1.2525440719389208e-01 0.0000000000000000e+00 -1.2525440719389208e-01 -4.5908381692204649e+00 0.0000000000000000e+00 0.0000000000000000e+00 0.0000000000000000e+00 -1.3513578571752800e+00 5.6300887930599612e-02 -1.3905298268655136e-01 0.0000000000000000e+00 -1.3905298268655136e-01 -5.1829517911160492e+00 0.0000000000000000e+00 0.0000000000000000e+00 0.0000000000000000e+00 -1.5379952709556348e+00 3.9263427564537254e-02 -1.1230637879642727e-01 0.0000000000000000e+00 -1.1230637879642727e-01 -4.5099188657992286e+00 0.0000000000000000e+00 0.0000000000000000e+00 0.0000000000000000e+00 -1.3411966314704076e+00 1.2911645586722335e-02 -7.9107983553521860e-02 0.0000000000000000e+00 -7.9107983553521860e-02 -5.0914580314425084e+00 0.0000000000000000e+00 0.0000000000000000e+00 0.0000000000000000e+00 -1.5235639157567353e+00 4.4366259180345100e-03 -3.6153398712207289e-02 0.0000000000000000e+00 -3.6153398712207289e-02 -4.4580997420240438e+00 0.0000000000000000e+00 0.0000000000000000e+00 0.0000000000000000e+00 -1.3360989348318026e+00 4.5543203988145367e-03 2.6339987179046977e-02 0.0000000000000000e+00 2.6339987179046977e-02 -3.2132814103550928e+00 0.0000000000000000e+00 0.0000000000000000e+00 0.0000000000000000e+00 -9.6261812698688354e-01 1.3735162622634293e-02 3.9682255607393808e-02 0.0000000000000000e+00 3.9682255607393808e-02 -2.5769435995839993e+00 0.0000000000000000e+00 0.0000000000000000e+00 0.0000000000000000e+00 -7.6896253108840962e-01 3.9654730272005563e-02 8.2071198670760084e-02 0.0000000000000000e+00 8.2071198670760084e-02 -3.2312443100803923e+00 0.0000000000000000e+00 0.0000000000000000e+00 0.0000000000000000e+00 -9.5747687394251590e-01 5.6363091846593889e-02 7.5904074916513853e-02 0.0000000000000000e+00 7.5904074916513853e-02 -2.5984676555813984e+00 0.0000000000000000e+00 0.0000000000000000e+00 0.0000000000000000e+00 -7.6263136912044127e-01 8.6665079853910240e-02 9.4810768895856712e-02 0.0000000000000000e+00 9.4810768895856712e-02 -3.2770236103907395e+00 0.0000000000000000e+00 0.0000000000000000e+00 0.0000000000000000e+00 -9.5710755916104862e-01 1.0322517979997521e-01 7.5457996358596818e-02 0.0000000000000000e+00 7.5457996358596818e-02 -2.6303021237831787e+00 0.0000000000000000e+00 0.0000000000000000e+00 0.0000000000000000e+00 -7.5812308319496113e-01 1.2417489085506123e-01 6.5551586212106147e-02 0.0000000000000000e+00 6.5551586212106147e-02 -3.3144605828030840e+00 0.0000000000000000e+00 0.0000000000000000e+00 0.0000000000000000e+00 -9.5708570758440681e-01 1.3671233880172134e-01 4.1330286007072933e-02 0.0000000000000000e+00 4.1330286007072933e-02 -2.6518629347961999e+00 0.0000000000000000e+00 0.0000000000000000e+00 0.0000000000000000e+00 -7.5454517879834349e-01 1.4093368454217275e-01 9.8560112898125728e-03 0.0000000000000000e+00 9.8560112898125728e-03 -3.3303507806110675e+00 0.0000000000000000e+00 0.0000000000000000e+00 0.0000000000000000e+00 -9.5682512882066839e-01 1.4598164561570715e-01 -9.9688750034942764e-03 0.0000000000000000e+00 -9.9688750034942764e-03 -2.6570368534490330e+00 0.0000000000000000e+00 0.0000000000000000e+00 0.0000000000000000e+00 -7.5331656234999766e-01 1.3251767041092449e-01 -4.9629075649488388e-02 0.0000000000000000e+00 -4.9629075649488388e-02 -3.3212121638236738e+00 0.0000000000000000e+00 0.0000000000000000e+00 0.0000000000000000e+00 -9.5660834802382466e-01 1.2798718421549762e-01 -5.7333209707043177e-02 0.0000000000000000e+00 -5.7333209707043177e-02 -2.6448197533450761e+00 0.0000000000000000e+00 0.0000000000000000e+00 0.0000000000000000e+00 -7.5504977073887347e-01 1.0100428400490435e-01 -8.9514116473729338e-02 0.0000000000000000e+00 -8.9514116473729338e-02 -3.2889590981276879e+00 0.0000000000000000e+00 0.0000000000000000e+00 0.0000000000000000e+00 -9.5638644423683516e-01 8.8284929154093708e-02 -8.0532643139802990e-02 0.0000000000000000e+00 -8.0532643139802990e-02 -2.6178458338004891e+00 0.0000000000000000e+00 0.0000000000000000e+00 0.0000000000000000e+00 -7.5886827139391855e-01 5.5459515317012223e-02 -9.1181426981266703e-02 0.0000000000000000e+00 -9.1181426981266703e-02 -3.2432248444260741e+00 0.0000000000000000e+00 0.0000000000000000e+00 0.0000000000000000e+00 -9.5632959873271861e-01 4.0335252942439857e-02 -6.6483352229359166e-02 0.0000000000000000e+00 -6.6483352229359166e-02 -2.5862313080837986e+00 0.0000000000000000e+00 0.0000000000000000e+00 0.0000000000000000e+00 -7.6376881654240769e-01 1.3255818479962569e-02 -4.7900511637182640e-02 0.0000000000000000e+00 -4.7900511637182640e-02 -3.2105794845859501e+00 0.0000000000000000e+00 0.0000000000000000e+00 0.0000000000000000e+00 -9.5919709983179646e-01 5.4069318683750379e-03 -1.8460954314162618e-02 0.0000000000000000e+00 -1.8460954314162618e-02 -2.5801536523731339e+00 0.0000000000000000e+00 0.0000000000000000e+00 0.0000000000000000e+00 -7.7242401615142764e-01 4.3765477507672909e-03 8.2282768056073635e-03 0.0000000000000000e+00 8.2282768056073635e-03 -1.2991919427682173e+00 0.0000000000000000e+00 0.0000000000000000e+00 0.0000000000000000e+00 -3.8844461850523493e-01 8.2282768055605450e-03 8.8080572317679063e-03 0.0000000000000000e+00 8.8080572317679063e-03 -6.4943506068813917e-01 0.0000000000000000e+00 0.0000000000000000e+00 0.0000000000000000e+00 -1.9236203516477354e-01 3.9037960742530610e-02 3.5656054830570716e-02 0.0000000000000000e+00 3.5656054830570716e-02 -1.2984024463104411e+00 0.0000000000000000e+00 0.0000000000000000e+00 0.0000000000000000e+00 -3.7780934567037305e-01 5.2692388867827643e-02 2.2970550232986667e-02 0.0000000000000000e+00 2.2970550232986667e-02 -6.5171591482406310e-01 0.0000000000000000e+00 0.0000000000000000e+00 0.0000000000000000e+00 -1.7970705778687063e-01 9.4304257706476671e-02 4.5615908661704903e-02 0.0000000000000000e+00 4.5615908661704903e-02 -1.3092891264212889e+00 0.0000000000000000e+00 0.0000000000000000e+00 0.0000000000000000e+00 -3.6449546061444354e-01 1.2127884776231114e-01 2.3965508987766636e-02 0.0000000000000000e+00 2.3965508987766636e-02 -6.5554257846212638e-01 0.0000000000000000e+00 0.0000000000000000e+00 0.0000000000000000e+00 -1.6027911920994456e-01 1.4571880825579869e-01 3.2142364031806953e-02 0.0000000000000000e+00 3.2142364031806953e-02 -1.3176188731426339e+00 0.0000000000000000e+00 0.0000000000000000e+00 0.0000000000000000e+00 -3.5157001946605054e-01 1.7738672078169296e-01 1.2804057383008145e-02 0.0000000000000000e+00 1.2804057383008145e-02 -6.5803257254442959e-01 0.0000000000000000e+00 0.0000000000000000e+00 0.0000000000000000e+00 -1.4419375552882097e-01 1.7073557867628322e-01 4.0961626795124615e-03 0.0000000000000000e+00 4.0961626795124615e-03 -1.3208357804998903e+00 0.0000000000000000e+00 0.0000000000000000e+00 0.0000000000000000e+00 -3.4503006054708207e-01 1.9428694084421627e-01 -4.0642956611027323e-03 0.0000000000000000e+00 -4.0642956611027323e-03 -6.5864208293934190e-01 0.0000000000000000e+00 0.0000000000000000e+00 0.0000000000000000e+00 -1.3930654262853767e-01 1.5883391546262199e-01 -2.5637530377830356e-02 0.0000000000000000e+00 -2.5637530377830356e-02 -1.3185089065724644e+00 0.0000000000000000e+00 0.0000000000000000e+00 0.0000000000000000e+00 -3.4790249733295275e-01 1.6458511480532662e-01 -1.9215285173000845e-02 0.0000000000000000e+00 -1.9215285173000845e-02 -6.5726046554195383e-01 0.0000000000000000e+00 0.0000000000000000e+00 0.0000000000000000e+00 -1.4780260522098815e-01 1.1486242262159425e-01 -4.3958293105417087e-02 0.0000000000000000e+00 -4.3958293105417087e-02 -1.3109981897705858e+00 0.0000000000000000e+00 0.0000000000000000e+00 0.0000000000000000e+00 -3.5884073014469747e-01 1.0141153652670000e-01 -2.5473940485724857e-02 0.0000000000000000e+00 -2.5473940485724857e-02 -6.5395515174400809e-01 0.0000000000000000e+00 0.0000000000000000e+00 0.0000000000000000e+00 -1.6576308456519243e-01 5.7441474929036875e-02 -4.0869505731271419e-02 0.0000000000000000e+00 -4.0869505731271419e-02 -1.3002536047670925e+00 0.0000000000000000e+00 0.0000000000000000e+00 0.0000000000000000e+00 -3.7284363895141670e-01 3.5068090309539189e-02 -1.7682696996628930e-02 0.0000000000000000e+00 -1.7682696996628930e-02 -6.4951465040451328e-01 0.0000000000000000e+00 0.0000000000000000e+00 0.0000000000000000e+00 -1.8433396802849222e-01 1.2050195597997953e-02 -1.6381566464977789e-02 0.0000000000000000e+00 -1.6381566464977789e-02 -1.2958064794466972e+00 0.0000000000000000e+00 0.0000000000000000e+00 0.0000000000000000e+00 -3.8512688515460974e-01 1.0038268478899089e-03 -1.0038268478560675e-03 0.0000000000000000e+00 -1.0038268478560675e-03 -6.5299617315212377e-01 0.0000000000000000e+00 0.0000000000000000e+00 0.0000000000000000e+00 -1.9559770389127012e-01
</DataArray>
        <DataArray type="Float64" format="ascii" Name="sigma_xx">
1.2309085779434412e+00 7.3594392371426653e-01 1.9280399489272966e+00 1.5191599743136253e+00 2.2779307499497246e+00 1.9643177607967253e+00 2.4710323065749522e+00 2.1811702542786628e+00 2.5484135353925956e+00 2.2342272662587823e+00 2.5156077524109692e+00 2.1360037233618914e+00 2.3778624778949871e+00 1.8635943788807317e+00 2.1308510151292550e+00 1.2993565618306193e+00 1.5709062830313214e+00 2.7686249905421184e-01 3.0315482117842835e-03 7.9874611500520720e-02 5.7274406932735000e-01 5.6996737045912782e-01 1.1590841988071612e+00 1.0456346704636312e+00 1.5150277905519376e+00 1.3238965152490965e+00 1.6509662600426491e+00 1.3922525244938952e+00 1.5853513969856088e+00 1.2543144117712839e+00 1.3028553318495164e+00 8.9559932614431081e-01 7.5901501270021654e-01 3.4951493175918308e-01 1.0639651121985437e-01 1.8711862387296850e-02 -2.0469578896321109e-03 3.2237353765054426e-02 1.9940519263982340e-01 2.4496640864752683e-01 5.5414637251394983e-01 5.1281990090165142e-01 8.2749974746957811e-01 6.9134737022762982e-01 9.3906650136857039e-01 7.3491617989363778e-01 8.7880935928505788e-01 6.3895305497821286e-01 6.4927768605421599e-01 4.1552825439205454e-01 3.0534666980574199e-01 1.4862889918183128e-01 2.7962443011978623e-02 1.0902706841456533e-02 7.3243701388126881e-03 2.4771682071994396e-02 9.0908968134354132e-02 8.4575000716867993e-02 2.1858987685464451e-01 1.2334623167656326e-01 3.0896847710549635e-01 1.2996647039627196e-01 3.4037485234597242e-01 1.2514054491154453e-01 3.1816281025862264e-01 1.2017058491687681e-01 2.4329999629143204e-01 1.0287326306285935e-01 1.2760776089333142e-01 6.0050233642686544e-02 2.4448113640745200e-02 9.1362950147379617e-03 3.1321211043095795e-03 1.4161635193099559e-03 -1.7164362595448512e-02 -1.4320211341157485e-01 -1.4252577233231536e-01 -4.1604543058198457e-01 -3.0311850117119193e-01 -6.5299088455872933e-01 -3.9140631710140172e-01 -7.2750583724312223e-01 -3.5651369009650702e-01 -6.0482224676700791e-01 -2.1817445250298370e-01 -3.4090026318566696e-01 -6.2538122005448282e-02 -8.4805973872240481e-02 5.1409708715780397e-03 3.2497089830092578e-03 -1.5173801973107666e-02 -6.9903895577751576e-02 -2.6330272323701198e-01 -6.6813773863681369e-01 -8.2883858105473684e-01 -1.4627387625015600e+00 -1.3616901323102180e+00 -2.0386680547283853e+00 -1.6120503657438199e+00 -2.2015728415283347e+00 -1.5020620162149032e+00 -1.9177964840119601e+00 -1.0654311751341901e+00 -1.2514354115967350e+00 -4.7234508806748293e-01 -4.4995033712410237e-01 -5.5462625091873226e-02 -7.7875186868753615e-03 -7.4107541129458276e-02 -3.3621159473972467e-01 -9.1779661761106823e-01 -1.9847457968620694e+00 -2.2976545021364991e+00 -3.5407566693209906e+00 -3.3039379716159343e+00 -4.4486601083952308e+00 -3.7176835311507030e+00 -4.6777194828309012e+00 -3.5308699753557158e+00 -4.2598937665277115e+00 -2.7515922861312050e+00 -3.1688811415722284e+00 -1.4809883921957663e+00 -1.4814179987933476e+00 -2.5536970381635904e-01 -6.1937032980706824e-02 -3.3855159562926290e-01 -1.8294403095929641e+00 -2.9218528176093699e+00 -5.2482280440016913e+00 -5.3092233164694580e+00 -7.3019049106925973e+00 -6.5545057580877648e+00 -8.1553909255712895e+00 -6.9927918048096069e+00 -8.3448668831582093e+00 -6.7860275989374399e+00 -7.9610681031513657e+00 -5.8751236687049895e+00 -6.8551609290284654e+00 -4.0142893905026762e+00 -4.5831992618394626e+00 -1.2102998302901522e+00 -7.9993295420266342e-01 -2.6505318477387201e+00 -1.1460266584278104e+01 -8.9560375007331672e+00 -1.2217381926362897e+01 -1.0514414195508550e+01 -1.2688757113043335e+01 -1.1147047927364559e+01 -1.2917895948890907e+01 -1.1356651067169611e+01 -1.2964395403309824e+01 -1.1242016638308000e+01 -1.2836336220691690e+01 -1.0747716809528052e+01 -1.2474800257772506e+01 -9.5363665859307520e+00 -1.1604493611810904e+01 -6.3982874009427686e+00 -9.6232400929525816e+00 -1.0913447177611348e+00 -7.1245500352235380e-01 -1.6736223885076900e+00 -1.2957924331258002e+00 -1.9291421323159768e+00 -1.5791015617139241e+00 -2.0266110560679862e+00 -1.6939361757037137e+00 -2.0558086493370649e+00 -1.7196463879074253e+00 -2.0477819679098452e+00 -1.6737860879483741e+00 -1.9905362601153906e+00 -1.5198356385166221e+00 -1.8198416932722115e+00 -1.1382007212130085e+00 -1.4106440315840045e+00 -2.7818642910908026e-01 -3.0051724049562915e-02 -7.4273595239242513e-02 -4.7678638195536732e-01 -4.0437811043977795e-01 -8.4947187157098725e-01 -6.8604298384858597e-01 -1.0529579921652688e+00 -8.3973207581750564e-01 -1.1257396102506709e+00 -8.7603387451903714e-01 -1.0900959848309388e+00 -8.0030681572676243e-01 -9.2996891240515989e-01 -5.9511531245391946e-01 -5.8840326167147938e-01 -2.5679001456863587e-01 -1.2420628446244703e-01 -1.7084328216970660e-02 1.0530046992478509e-02 4.1477650610255278e-03 -8.8204236192288468e-02 -7.8116686372130636e-02 -2.7385367531651278e-01 -2.0748839335027630e-01 -4.1818762136899590e-01 -3.0150711466074143e-01 -4.7762425364412797e-01 -3.2525642835564506e-01 -4.4447075462642005e-01 -2.7210865972547560e-01 -3.2041157784908292e-01 -1.5518958036002545e-01 -1.3832948119208943e-01 -3.1705499799596235e-02 1.1563243052621446e-03 2.3187589845553506e-03 7.1089780802942280e-03 1.4958030550242762e-02 1.5116356695765998e-02 2.7527348704187719e-02 -2.5426343904372921e-02 6.3461999087722166e-03 -7.9057970238393047e-02 -2.1678627230938892e-02 -1.0549631925532382e-01 -2.9511853808043702e-02 -8.9397797116700831e-02 -1.0322228533982621e-02 -3.9588158714712010e-02 2.0277188807458171e-02 9.0198125012883133e-03 2.8611991727203634e-02 1.4991019220071854e-02 5.2934247886991448e-03 5.9616818438797767e-03 1.5885548738102374e-02 4.1194821755324032e-02 5.6567612476564479e-02 6.5365721423134751e-02 8.4490069233199822e-02 6.9575855398296915e-02 9.5184805408686610e-02 6.8246643530865528e-02 9.7437977003884804e-02 7.0152991852705543e-02 9.4241740891937223e-02 6.9787352537098626e-02 7.8477569583332185e-02 5.2459343437453808e-02 4.2781929523255838e-02 1.6345983076492123e-02 5.4489691000340346e-03 5.1946613826515742e-03 1.4170772255315784e-02 4.3678472094676520e-02 5.8947631649953584e-02 8.8391724157463589e-02 1.0216786793462479e-01 1.1736115787916687e-01 1.2821950545215738e-01 1.2832203124458960e-01 1.3474188916835436e-01 1.2306423242561992e-01 1.2184092105903549e-01 1.0020841483942951e-01 8.9048662856026875e-02 5.9476645423185669e-02 4.2003517720234557e-02 1.4669312539833567e-02 4.7868583196268299e-03 4.5141343621860558e-03 1.2814479925971142e-02 4.0349231488245263e-02 5.5704430463953070e-02 8.7832253074405731e-02 1.0072871571560024e-01 1.2337734855833553e-01 1.3046968978993687e-01 1.3829553594791189e-01 1.3819080665867076e-01 1.3068196839898241e-01 1.2257217730074663e-01 1.0137231455881025e-01 8.6311978636198300e-02 5.6300887930599612e-02 3.9263427564537254e-02 1.2911645586722335e-02 4.4366259180345100e-03 4.5543203988145367e-03 1.3735162622634293e-02 3.9654730272005563e-02 5.6363091846593889e-02 8.6665079853910240e-02 1.0322517979997521e-01 1.2417489085506123e-01 1.3671233880172134e-01 1.4093368454217275e-01 1.4598164561570715e-01 1.3251767041092449e-01 1.2798718421549762e-01 1.0100428400490435e-01 8.8284929154093708e-02 5.5459515317012223e-02 4.0335252942439857e-02 1.3255818479962569e-02 5.4069318683750379e-03 4.3765477507672909e-03 8.2282768055605450e-03 3.9037960742530610e-02 5.2692388867827643e-02 9.4304257706476671e-02 1.2127884776231114e-01 1.4571880825579869e-01 1.7738672078169296e-01 1.7073557867628322e-01 1.9428694084421627e-01 1.5883391546262199e-01 1.6458511480532662e-01 1.1486242262159425e-01 1.0141153652670000e-01 5.7441474929036875e-02 3.5068090309539189e-02 1.2050195597997953e-02 1.0038268478899089e-03
</DataArray>
        <DataArray type="Float64" format="ascii" Name="tau_xy">
-5.5103605585126336e-01 -3.2131633228523848e-01 -6.8967382245575015e-01 -3.7938828440880162e-01 -3.9038580047860733e-01 -2.1350406980363595e-01 -1.6915084019116777e-01 -7.7794338400297161e-02 -1.7281564555304309e-02 1.9138263098621457e-02 1.2420821816867948e-01 1.2639674288443054e-01 3.1805157590789923e-01 2.9038965418476270e-01 6.0714888695294889e-01 4.6842755423554355e-01 7.1063111731730644e-01 1.4513909570248215e-01 1.8793941607501705e-01 2.7099195629653272e-01 7.0946460672815098e-02 2.3990587827048507e-01 2.1817952800603866e-02 1.6381305196613585e-01 2.6328123263129066e-02 8.3433585113149036e-02 1.0485993401199118e-02 -1.0127303100788973e-02 -1.0364621587182581e-02 -9.9122744545125097e-02 -1.1334346284130964e-02 -1.7705228791955174e-01 -3.3487307149832009e-02 -2.9145118089567773e-01 -2.0460271181180922e-01 -2.3811991457100770e-01 2.6576706968529396e-01 4.7353483311223499e-01 5.5994849333999430e-01 6.3788833380749077e-01 4.5424397713723313e-01 4.8278191502667761e-01 2.5897447994183570e-01 2.3179869770565706e-01 4.2043643953580193e-02 -4.1295013017908146e-02 -1.7739216647502079e-01 -3.1298778705219277e-01 -3.8571606263624569e-01 -5.5509575287723512e-01 -5.4545925282948104e-01 -6.5798183472526550e-01 -4.4625935414887480e-01 -2.8479421997024135e-01 3.0532879358867432e-01 5.6100974880817545e-01 7.6878723051971209e-01 8.0286218046784052e-01 6.8480453144990139e-01 6.1679731680222205e-01 3.9386514774448128e-01 2.9083640266226496e-01 5.7981123906862206e-02 -5.7586812570897504e-02 -2.7927553392125853e-01 -4.0481027702239009e-01 -5.9218118721779889e-01 -7.1012782406997066e-01 -7.7301877224535853e-01 -8.0053947637116352e-01 -5.4458755209616472e-01 -3.2014504045243269e-01 3.3323259676466982e-01 5.7184395137035415e-01 7.9745986290232229e-01 7.3309357769035921e-01 6.6798295545228092e-01 4.9722318257416853e-01 3.5946679185812341e-01 2.1007904518790274e-01 4.5624739972443054e-02 -4.6979406302027085e-02 -2.5996027317378578e-01 -3.0991020248845003e-01 -5.6603934600766703e-01 -5.9505949341286690e-01 -7.7527380182293326e-01 -7.5387111080899305e-01 -5.7449076340868244e-01 -3.3442230633870862e-01 3.1947495831076794e-01 4.1975917454227668e-01 5.5679744153587518e-01 2.6480950408278697e-01 2.9788785407468854e-01 -3.6966078062598964e-04 8.7262629986873202e-02 -6.3445379093587939e-02 -5.7260218560208622e-03 -9.9037217651581542e-04 -7.3277367285741052e-02 4.2634258767174041e-02 -2.1803098259371528e-01 -6.9716711862203865e-02 -4.5143620698925124e-01 -3.5596943528699027e-01 -4.6745429309940401e-01 -2.8220939023009128e-01 1.7546352160300510e-01 -1.8280048687682995e-01 -2.8256581658820468e-01 -9.8349223226843707e-01 -6.2826931796455798e-01 -1.0127373028696065e+00 -4.8258248962602418e-01 -5.4643095838011446e-01 -9.9390788896939336e-02 8.1043806348114769e-02 3.1527836750978250e-01 6.8650966040159001e-01 5.8373237741959094e-01 1.0653873288962514e+00 4.8554872066427984e-01 8.3010971926800814e-01 1.4248059159588997e-02 -1.9052167728130905e-02 -4.9929966876831255e-01 -2.3423298884983970e+00 -2.3548718390812278e+00 -3.3650212383488975e+00 -2.1901216832108537e+00 -2.3821535073963602e+00 -1.2663521657924550e+00 -1.1015437729959054e+00 -2.1162339543553402e-01 1.7633457781187267e-01 8.4457751822632965e-01 1.4529627615236680e+00 1.8191958314900065e+00 2.7012743555293057e+00 2.3979591150127715e+00 3.4839603014958378e+00 1.5838680029454801e+00 1.2531846955367791e+00 -4.9792718261199393e+00 -8.6409315515098566e+00 -5.7805635635147832e+00 -5.4978450530073379e+00 -3.6693514300324819e+00 -3.2452078463020553e+00 -1.8894175736277548e+00 -1.4225282654142086e+00 -2.8971800041273676e-01 2.3927570959336320e-01 1.2800695953111281e+00 1.9233131633644411e+00 2.9490524325503302e+00 3.8176500034494092e+00 4.7648953578746296e+00 6.1820263537781903e+00 5.8071474432652908e+00 8.4514050506523049e+00 -6.9059991603811233e-01 -4.4280585141045703e-01 -6.8303800357015498e-01 -4.4857041769796535e-01 -4.1557472440449694e-01 -2.8182348167263982e-01 -1.9646406119567159e-01 -1.1921684111446924e-01 -2.4042697389683784e-02 2.5930240006515625e-02 1.4219534281546301e-01 1.7802473747147016e-01 3.4692314804344182e-01 3.5875710366837871e-01 6.1509833339318432e-01 5.3492668221032558e-01 7.9487905975385720e-01 3.0540134715353667e-01 5.1906811530942322e-02 5.4722979351994244e-02 -1.5049474682698119e-01 -4.2212235281913334e-02 -1.6593828861925439e-01 -6.4460246453833511e-02 -9.5506561831891310e-02 -3.4007368932750186e-02 -1.0760339283116201e-02 1.1565815562428496e-02 7.5055841879658303e-02 5.6000288743636273e-02 1.5487007491151372e-01 7.4727875694684337e-02 1.7592699332571704e-01 6.3788113924582800e-05 5.5306845381512216e-03 -9.6991366416385436e-02 1.1565035977751223e-01 1.7120178949826254e-01 1.6186524141087344e-01 1.7810514721657655e-01 8.1058641414137225e-02 1.0691690327723848e-01 3.1139326457655755e-02 4.5121304383102287e-02 5.8494183774317858e-03 -5.6248244101760872e-03 -1.6634075958308150e-02 -6.0058521777349022e-02 -5.8321794619351629e-02 -1.3300937708654353e-01 -1.3674314843756019e-01 -2.0650682940376283e-01 -1.6709018979320109e-01 -1.1291937032802284e-01 1.0439361663627264e-01 1.6969033539509584e-01 2.3763376833143243e-01 2.3440946125794360e-01 1.9466873495086368e-01 1.7865498710869368e-01 1.0705159027060197e-01 8.5118083148682036e-02 1.6040302323990906e-02 -1.6363050086014908e-02 -7.5142141051228059e-02 -1.1815552233879502e-01 -1.6695351182567889e-01 -2.0812737178887500e-01 -2.3371720551208305e-01 -2.3760110529795256e-01 -1.7599137940204665e-01 -9.5609592123481593e-02 8.3473904242131969e-02 1.3875077931506574e-01 2.2077086634593099e-01 2.1545483222645778e-01 2.1063361310996251e-01 1.8158623159617207e-01 1.2793503894795322e-01 9.1350515738245819e-02 1.8970308179631509e-02 -1.9437746922087683e-02 -9.3163417810466220e-02 -1.2707582257414943e-01 -1.8826698961590210e-01 -2.0443627329931849e-01 -2.2841509782157179e-01 -2.0652306846139629e-01 -1.4763748893919204e-01 -7.3970184258407554e-02 6.2393694121398072e-02 1.0381328791887059e-01 1.7654248329149821e-01 1.7154822930286598e-01 1.8190450721415077e-01 1.5315978872475930e-01 1.1669731192264465e-01 7.9684591092265555e-02 1.7422187865574923e-02 -1.7777566201255580e-02 -8.6369563599929366e-02 -1.1057405361632638e-01 -1.6614876967857331e-01 -1.6887337648643366e-01 -1.8755058515799533e-01 -1.5962516763890169e-01 -1.1239509645542489e-01 -5.3851902618527153e-02 4.3708787503889797e-02 7.1284169997529331e-02 1.2845964469199164e-01 1.2341400060636611e-01 1.3933547803975113e-01 1.1539563253564512e-01 9.2864735110575414e-02 6.1672965162262422e-02 1.3993242690244970e-02 -1.4185607739773879e-02 -6.9446986402675895e-02 -8.5323999314687288e-02 -1.2929691193671433e-01 -1.2525440719389208e-01 -1.3905298268655136e-01 -1.1230637879642727e-01 -7.9107983553521860e-02 -3.6153398712207289e-02 2.6339987179046977e-02 3.9682255607393808e-02 8.2071198670760084e-02 7.5904074916513853e-02 9.4810768895856712e-02 7.5457996358596818e-02 6.5551586212106147e-02 4.1330286007072933e-02 9.8560112898125728e-03 -9.9688750034942764e-03 -4.9629075649488388e-02 -5.7333209707043177e-02 -8.9514116473729338e-02 -8.0532643139802990e-02 -9.1181426981266703e-02 -6.6483352229359166e-02 -4.7900511637182640e-02 -1.8460954314162618e-02 8.2282768056073635e-03 8.8080572317679063e-03 3.5656054830570716e-02 2.2970550232986667e-02 4.5615908661704903e-02 2.3965508987766636e-02 3.2142364031806953e-02 1.2804057383008145e-02 4.0961626795124615e-03 -4.0642956611027323e-03 -2.5637530377830356e-02 -1.9215285173000845e-02 -4.3958293105417087e-02 -2.5473940485724857e-02 -4.0869505731271419e-02 -1.7682696996628930e-02 -1.6381566464977789e-02 -1.0038268478560675e-03
</DataArray>
        <DataArray type="Float64" format="ascii" Name="sigma_yy">
-1.8778726064521695e+01 -1.8941606912324886e+01 -1.7964184029000240e+01 -1.8705047395530841e+01 -1.8267786772736418e+01 -1.8980531068715543e+01 -1.8495333007942087e+01 -1.9185902292635774e+01 -1.8592998668252608e+01 -1.9240907306873080e+01 -1.8548584591126346e+01 -1.9132700683849215e+01 -1.8370862538388373e+01 -1.8879972208696827e+01 -1.8103283659949962e+01 -1.8603027282030681e+01 -1.8071901453919246e+01 -1.9619644063567712e+01 -2.0983102980735918e+01 -2.1143108603309187e+01 -2.0079747245539036e+01 -2.0790223459770338e+01 -2.0207855001762319e+01 -2.1007253127514264e+01 -2.0470391047277335e+01 -2.1241297426747582e+01 -2.0598513062505315e+01 -2.1309109350563045e+01 -2.0535974682642522e+01 -2.1178837443491165e+01 -2.0303702592148216e+01 -2.0916303374502260e+01 -2.0053067554965846e+01 -2.0806909263542877e+01 -2.0504423335610703e+01 -2.1631180447463429e+01 -2.2517343954747478e+01 -2.2893108748629093e+01 -2.2208651754571790e+01 -2.2940427433776570e+01 -2.2381448370244051e+01 -2.3238403703765741e+01 -2.2656889435058240e+01 -2.3496814637242895e+01 -2.2795487576201115e+01 -2.3569959629383895e+01 -2.2725555655689757e+01 -2.3429602090801261e+01 -2.2481191384373940e+01 -2.3140402279657238e+01 -2.2245110732983939e+01 -2.2912080689738929e+01 -2.2388720744416464e+01 -2.3017801178749117e+01 -2.3809480328039974e+01 -2.4419696007081438e+01 -2.4196252558474228e+01 -2.5050241782684857e+01 -2.4652723139164390e+01 -2.5573538857803022e+01 -2.5005676882027966e+01 -2.5885978299923863e+01 -2.5157301648067591e+01 -2.5964134017152364e+01 -2.5082330699777781e+01 -2.5810237917847630e+01 -2.4797569176449212e+01 -2.5434031795742552e+01 -2.4377204883777406e+01 -2.4879641360412418e+01 -2.3961541238845108e+01 -2.4259419406688391e+01 -2.4986237982462956e+01 -2.5902654551963245e+01 -2.6149214315782764e+01 -2.7191434104714354e+01 -2.6969072588235509e+01 -2.7944535520370110e+01 -2.7411157297181802e+01 -2.8281108020596921e+01 -2.7566437194504797e+01 -2.8351646630442605e+01 -2.7489626564082457e+01 -2.8200920666594389e+01 -2.7160283047585267e+01 -2.7756114244925296e+01 -2.6496768542713951e+01 -2.6855721706503420e+01 -2.5446283418425377e+01 -2.5435783602831094e+01 -2.6165919072782827e+01 -2.7561147209429180e+01 -2.8234149548773125e+01 -2.9482162984519388e+01 -2.9315123691007027e+01 -3.0264843365398143e+01 -2.9730618813626371e+01 -3.0498308952499809e+01 -2.9841283365934459e+01 -3.0531164559190199e+01 -2.9782590776952272e+01 -3.0437934207398857e+01 -2.9495172413015332e+01 -3.0074278131262972e+01 -2.8712821498168534e+01 -2.9013756721099998e+01 -2.7026817685467339e+01 -2.6704907003393259e+01 -2.7641696376642589e+01 -2.9872596098330302e+01 -3.0677679668533134e+01 -3.1965806299882978e+01 -3.1584363041889127e+01 -3.2310883432588490e+01 -3.1743967636413569e+01 -3.2287310139377645e+01 -3.1748635471412523e+01 -3.2261500018865192e+01 -3.1735961529928709e+01 -3.2278088822883859e+01 -3.1640914758251444e+01 -3.2220017469455790e+01 -3.1093518540155117e+01 -3.1522328958867039e+01 -2.9057786064141720e+01 -2.8507945672319206e+01 -3.0394796532296727e+01 -3.3916485425127419e+01 -3.3432054257458184e+01 -3.4171998317128860e+01 -3.3384665939378792e+01 -3.3638494423058326e+01 -3.3168280784036320e+01 -3.3419905695403870e+01 -3.3075836380301205e+01 -3.3371523096876004e+01 -3.3106271684203747e+01 -3.3455177674956360e+01 -3.3252329924422696e+01 -3.3718582436037515e+01 -3.3393467899679173e+01 -3.4157345289725505e+01 -3.2228022732335710e+01 -3.2143761507524324e+01 -3.9787398246955853e+01 -3.8109970157927762e+01 -3.5204552611922026e+01 -3.4493709700982279e+01 -3.4110874691085733e+01 -3.4029461495734402e+01 -3.3858770120550204e+01 -3.3958075534645353e+01 -3.3802088617034364e+01 -3.3950773323030624e+01 -3.3822605678615687e+01 -3.3964952380305562e+01 -3.3967260787833752e+01 -3.4108948077285120e+01 -3.4546573387145692e+01 -3.5005597972950319e+01 -3.6710293569668544e+01 -4.1275093646292284e+01 -1.6192756759298895e+01 -1.5842885237378683e+01 -1.6898829849801135e+01 -1.6380333386965049e+01 -1.7126252082435904e+01 -1.6598620599241993e+01 -1.7284589100903187e+01 -1.6718830313409654e+01 -1.7351361286913335e+01 -1.6749525492775835e+01 -1.7314694228147214e+01 -1.6689916684614943e+01 -1.7179217700586563e+01 -1.6546945077054900e+01 -1.6960583287984587e+01 -1.6306355293752496e+01 -1.6618836398919150e+01 -1.5425467219830283e+01 -1.3839857719420610e+01 -1.3668919421976204e+01 -1.4940629540558044e+01 -1.4427057846303375e+01 -1.5306831017329237e+01 -1.4729296306946292e+01 -1.5462951760542904e+01 -1.4857391075082150e+01 -1.5518693828910189e+01 -1.4886807490666442e+01 -1.5491322908885632e+01 -1.4829414369570406e+01 -1.5376266614861782e+01 -1.4660729374681541e+01 -1.5120025487315525e+01 -1.4250993840104082e+01 -1.4350276208723932e+01 -1.3152535188139767e+01 -1.2048231058549279e+01 -1.1755089818696856e+01 -1.2879738810836118e+01 -1.2387574371353375e+01 -1.3319259881109893e+01 -1.2729484900430046e+01 -1.3519296729623075e+01 -1.2885271733993090e+01 -1.3587096446413991e+01 -1.2920674431977382e+01 -1.3555406946420648e+01 -1.2850056003276221e+01 -1.3408664849446456e+01 -1.2641710812655683e+01 -1.3061958607942074e+01 -1.2201529951741954e+01 -1.2348337901199807e+01 -1.1454616744348321e+01 -1.0361826464682908e+01 -9.9514242399872259e+00 -1.0899547898958108e+01 -1.0387538864228508e+01 -1.1281142110914104e+01 -1.0685827754229503e+01 -1.1489541132248860e+01 -1.0841555579121778e+01 -1.1565055184545146e+01 -1.0878300346948006e+01 -1.1528164890707627e+01 -1.0803176941943805e+01 -1.1366781684695155e+01 -1.0599354231873267e+01 -1.1040054042720891e+01 -1.0243051835701330e+01 -1.0534129302425908e+01 -9.7815274940773005e+00 -8.6529907043196257e+00 -8.1548989029700376e+00 -8.9740893239409854e+00 -8.4258079879522896e+00 -9.2529812598043417e+00 -8.6458773664346200e+00 -9.4292560419211515e+00 -8.7743161397599376e+00 -9.4978487599037198e+00 -8.8057209271539367e+00 -9.4628181122584873e+00 -8.7403302234692166e+00 -9.3205529819144068e+00 -8.5768369041053809e+00 -9.0689495287742012e+00 -8.3290369147553402e+00 -8.7469133454281724e+00 -8.0627745751391391e+00 -6.8921351777558622e+00 -6.3307479174040520e+00 -7.0650931515877557e+00 -6.4810036582018817e+00 -7.2452790128465479e+00 -6.6232295995562289e+00 -7.3724608976494039e+00 -6.7134605696596772e+00 -7.4246409432863212e+00 -6.7360300807635012e+00 -7.3970791315312976e+00 -6.6882320191353006e+00 -7.2915115294446444e+00 -6.5758489249110585e+00 -7.1224488973271924e+00 -6.4228898599707405e+00 -6.9367687731180308e+00 -6.2871398558524136e+00 -5.0776572531785309e+00 -4.4713379098908268e+00 -5.1529889576730143e+00 -4.5401337483252400e+00 -5.2546363154927169e+00 -4.6186995695985944e+00 -5.3330449870450085e+00 -4.6715016401942249e+00 -5.3662662230376945e+00 -4.6847317166923608e+00 -5.3481407790944893e+00 -4.6558729141878867e+00 -5.2817213859882504e+00 -4.5908381692204649e+00 -5.1829517911160492e+00 -4.5099188657992286e+00 -5.0914580314425084e+00 -4.4580997420240438e+00 -3.2132814103550928e+00 -2.5769435995839993e+00 -3.2312443100803923e+00 -2.5984676555813984e+00 -3.2770236103907395e+00 -2.6303021237831787e+00 -3.3144605828030840e+00 -2.6518629347961999e+00 -3.3303507806110675e+00 -2.6570368534490330e+00 -3.3212121638236738e+00 -2.6448197533450761e+00 -3.2889590981276879e+00 -2.6178458338004891e+00 -3.2432248444260741e+00 -2.5862313080837986e+00 -3.2105794845859501e+00 -2.5801536523731339e+00 -1.2991919427682173e+00 -6.4943506068813917e-01 -1.2984024463104411e+00 -6.5171591482406310e-01 -1.3092891264212889e+00 -6.5554257846212638e-01 -1.3176188731426339e+00 -6.5803257254442959e-01 -1.3208357804998903e+00 -6.5864208293934190e-01 -1.3185089065724644e+00 -6.5726046554195383e-01 -1.3109981897705858e+00 -6.5395515174400809e-01 -1.3002536047670925e+00 -6.4951465040451328e-01 -1.2958064794466972e+00 -6.5299617315212377e-01
</DataArray>
        <DataArray type="Float64" format="ascii" Name="sigma_zz">
-5.2643452459734768e+00 -5.4616988965831856e+00 -4.8108432240218821e+00 -5.1557662263651629e+00 -4.7969568068360084e+00 -5.1048639923756456e+00 -4.8072902104101400e+00 -5.1014196115071329e+00 -4.8133755398580034e+00 -5.1020040121842891e+00 -4.8098930516146128e+00 -5.0990090881461985e+00 -4.7979000181480140e+00 -5.1049133489448284e+00 -4.7917297934462120e+00 -5.1911012160600194e+00 -4.9502985512663775e+00 -5.8028344693540497e+00 -6.2940214297572403e+00 -6.3189701975425985e+00 -5.8521009528635037e+00 -6.0660768267933616e+00 -5.7146312408865469e+00 -5.9884855371151904e+00 -5.6866089770176185e+00 -5.9752202734495459e+00 -5.6842640407387988e+00 -5.9750570478207443e+00 -5.6851869856970740e+00 -5.9773569095159642e+00 -5.7002541780896099e+00 -6.0062112145073838e+00 -5.7882157626796893e+00 -6.1372182995351086e+00 -6.1194080473172550e+00 -6.4837405755228392e+00 -6.7558172737911351e+00 -6.8582614184592128e+00 -6.6027739685795899e+00 -6.8086383075387129e+00 -6.5481905993190308e+00 -6.8176751408592278e+00 -6.5488169062765982e+00 -6.8416401801045783e+00 -6.5569263224497636e+00 -6.8505130348470784e+00 -6.5540238889214084e+00 -6.8371947107469149e+00 -6.5495741094959170e+00 -6.8174622075795535e+00 -6.5819292189534595e+00 -6.8290355371671279e+00 -6.7082274904213453e+00 -6.9020695415722972e+00 -7.1406467873703487e+00 -7.3184772975028327e+00 -7.2316030771019602e+00 -7.4897000345903963e+00 -7.3302399786929238e+00 -7.6350577878379378e+00 -7.4090125214767406e+00 -7.7268035488582765e+00 -7.4450780387164848e+00 -7.7516980416722454e+00 -7.4292503668557472e+00 -7.7070201998792243e+00 -7.3662807540473318e+00 -7.5993475598039080e+00 -7.2748791368652226e+00 -7.4458773380309200e+00 -7.1811279375613095e+00 -7.2750849335020966e+00 -7.4949317584075938e+00 -7.7703715165331797e+00 -7.8499136035134613e+00 -8.2003908654377771e+00 -8.1334795081703462e+00 -8.5081742852856284e+00 -8.3142827395058987e+00 -8.6802296715466944e+00 -8.3873530534818581e+00 -8.7237457403057181e+00 -8.3538420762536880e+00 -8.6417228740084173e+00 -8.2135372500264765e+00 -8.4291043524332885e+00 -7.9677919994158204e+00 -8.0821583041126992e+00 -7.6323427342661381e+00 -7.6297601681544247e+00 -7.8543278624267794e+00 -8.2893153315020811e+00 -8.5492356816030419e+00 -9.0450902169468570e+00 -9.0431886816185294e+00 -9.5182746383699115e+00 -9.3276926837809775e+00 -9.7610931021684593e+00 -9.4360001195034808e+00 -9.8198212202155606e+00 -9.3853958379501528e+00 -9.7067192074232445e+00 -9.1681810764448564e+00 -9.3977140628579114e+00 -8.7555499758708031e+00 -8.8391121174672325e+00 -8.1246840931677653e+00 -8.0138083566240397e+00 -8.3147411753316121e+00 -9.0626423079210081e+00 -9.4786428858432608e+00 -1.0185165629023514e+01 -1.0164605263207687e+01 -1.0755492030572842e+01 -1.0514371682408848e+01 -1.1020791074331862e+01 -1.0639895700768964e+01 -1.1081765850508829e+01 -1.0580049451585326e+01 -1.0961394776823473e+01 -1.0317752113314796e+01 -1.0616669583308406e+01 -9.7723520797052661e+00 -9.9011240872981165e+00 -8.7939467303874217e+00 -8.5709648115899721e+00 -9.2200044383777957e+00 -1.0723777720416116e+01 -1.0906172122520264e+01 -1.1826067908339164e+01 -1.1608166776754473e+01 -1.2282119800125278e+01 -1.1916835962637228e+01 -1.2472588986292546e+01 -1.2020588455533243e+01 -1.2514916994010266e+01 -1.1967689784942351e+01 -1.2424873733432319e+01 -1.1738236077938302e+01 -1.2172123009519794e+01 -1.1222327187054555e+01 -1.1622163365469490e+01 -1.0031496768787758e+01 -9.8831083385180953e+00 -1.2731379028408369e+01 -1.4871071022661758e+01 -1.3248177033796555e+01 -1.4013327488203553e+01 -1.3387586665978279e+01 -1.4015465582633322e+01 -1.3501745414374426e+01 -1.4062791445060876e+01 -1.3547621905261192e+01 -1.4074550617902132e+01 -1.3519386695077110e+01 -1.4040386580299174e+01 -1.3414493279208539e+01 -1.3975124500517285e+01 -1.3224881991922935e+01 -1.3983027475428365e+01 -1.2932574291183393e+01 -1.5269500121773460e+01 -5.1852304431180078e+00 -4.9666020722703106e+00 -5.5717356714926458e+00 -5.3028377460272544e+00 -5.7166182644255636e+00 -5.4533166482867745e+00 -5.7933600470913511e+00 -5.5238299467340095e+00 -5.8221509808751204e+00 -5.5407515642049763e+00 -5.8087428588171175e+00 -5.5091108317689965e+00 -5.7509261882105847e+00 -5.4200342146714569e+00 -5.6341274943770392e+00 -5.2333668044896502e+00 -5.4088441291509470e+00 -4.7110960946818086e+00 -4.1609728330410514e+00 -4.1229579051646343e+00 -4.6252247767540222e+00 -4.4494307870229459e+00 -4.8468908666700665e+00 -4.6246017872384630e+00 -4.9547729258124509e+00 -4.7091369452698961e+00 -4.9933300317482567e+00 -4.7288524095556435e+00 -4.9744256681149714e+00 -4.6889163555891491e+00 -4.8918706581800828e+00 -4.5767534061406367e+00 -4.7125286246961018e+00 -4.3523351564018151e+00 -4.3423447479559139e+00 -3.9508858549070212e+00 -3.6113103034670395e+00 -3.5252826160907489e+00 -3.8903829141085207e+00 -3.7397073173176518e+00 -4.0779340669279218e+00 -3.8810919881340968e+00 -4.1812453052976206e+00 -3.9560336545961490e+00 -4.2194162100174362e+00 -3.9737792580999081e+00 -4.1999633103141205e+00 -3.9366493989005082e+00 -4.1187229281886610e+00 -3.8390701179047122e+00 -3.9600864267402489e+00 -3.6699706354624646e+00 -3.7041544730683640e+00 -3.4356893956091290e+00 -3.1064152459807830e+00 -2.9809398628310952e+00 -3.2653294626787019e+00 -3.1080034546572963e+00 -3.3919705364455424e+00 -3.2038444662962191e+00 -3.4705797307461759e+00 -3.2589702619058150e+00 -3.5011654511401407e+00 -3.2723436602268148e+00 -3.4852688063472979e+00 -3.2440497511433355e+00 -3.4219109530229597e+00 -3.1737231129197432e+00 -3.3093102690658793e+00 -3.0643319531922368e+00 -3.1557414849617502e+00 -2.9328702207865809e+00 -2.5941087067427233e+00 -2.4417040062695805e+00 -2.6798683506556986e+00 -2.5107721126427172e+00 -2.7562846615143624e+00 -2.5684161891604265e+00 -2.8079040559568562e+00 -2.6037394003053747e+00 -2.8288806349118558e+00 -2.6124848850450153e+00 -2.8177995361217345e+00 -2.5938265447731825e+00 -2.7752296888131918e+00 -2.5495078003566145e+00 -2.7049470556010240e+00 -2.4858764955696251e+00 -2.6191702087055044e+00 -2.4171976818117318e+00 -2.0660821549119630e+00 -1.8949731435446211e+00 -2.1064244038479236e+00 -1.9266168079655785e+00 -2.1470661866067253e+00 -1.9563185194864812e+00 -2.1765299219310714e+00 -1.9755723192622554e+00 -2.1888956736125191e+00 -1.9803864574785439e+00 -2.1822044697317033e+00 -1.9699173294228791e+00 -2.1573909343815645e+00 -1.9460400786165095e+00 -2.1188916755712022e+00 -1.9142659026751516e+00 -2.0766298381734591e+00 -1.8847058992598364e+00 -1.5219429356449035e+00 -1.3375570289894567e+00 -1.5337919178554309e+00 -1.3453287953583859e+00 -1.5500412187254933e+00 -1.3553912561648982e+00 -1.5629002915460015e+00 -1.3623095851212861e+00 -1.5683912061269345e+00 -1.3639622730101069e+00 -1.5652376432086519e+00 -1.3599902210661421e+00 -1.5541047214288317e+00 -1.3513578571752800e+00 -1.5379952709556348e+00 -1.3411966314704076e+00 -1.5235639157567353e+00 -1.3360989348318026e+00 -9.6261812698688354e-01 -7.6896253108840962e-01 -9.5747687394251590e-01 -7.6263136912044127e-01 -9.5710755916104862e-01 -7.5812308319496113e-01 -9.5708570758440681e-01 -7.5454517879834349e-01 -9.5682512882066839e-01 -7.5331656234999766e-01 -9.5660834802382466e-01 -7.5504977073887347e-01 -9.5638644423683516e-01 -7.5886827139391855e-01 -9.5632959873271861e-01 -7.6376881654240769e-01 -9.5919709983179646e-01 -7.7242401615142764e-01 -3.8844461850523493e-01 -1.9236203516477354e-01 -3.7780934567037305e-01 -1.7970705778687063e-01 -3.6449546061444354e-01 -1.6027911920994456e-01 -3.5157001946605054e-01 -1.4419375552882097e-01 -3.4503006054708207e-01 -1.3930654262853767e-01 -3.4790249733295275e-01 -1.4780260522098815e-01 -3.5884073014469747e-01 -1.6576308456519243e-01 -3.7284363895141670e-01 -1.8433396802849222e-01 -3.8512688515460974e-01 -1.9559770389127012e-01
</DataArray>
        <DataArray type="Float64" format="ascii" Name="sigma1">
1.2460718138817970e+00 7.4118932605155929e-01 1.9519226278853488e+00 1.5262744610173236e+00 2.2853457302790230e+00 1.9664939164968736e+00 2.4723968799880165e+00 2.1814534881588501e+00 2.5484276618034065e+00 2.2342443219294834e+00 2.5163401396213598e+00 2.1367548538543231e+00 2.3827366591863615e+00 1.8676587538163520e+00 2.1490528542439589e+00 1.3103754909442755e+00 1.5965817040002390e+00 2.7792118924236742e-01 4.7144875725802912e-03 8.3334288694248138e-02 5.7298778524558058e-01 5.7266152110779955e-01 1.1591064772703334e+00 1.0468514378873497e+00 1.5150593191339317e+00 1.3242050022037630e+00 1.6509712020024851e+00 1.3922570423835376e+00 1.5853562531753636e+00 1.2547523852994238e+00 1.3028612776077806e+00 8.9703640606755430e-01 7.5906889471001693e-01 3.5352920542227695e-01 1.0842739332496668e-01 2.1330546831343281e-02 1.0896783649094297e-03 4.2014290116859282e-02 2.1338885811478134e-01 2.6250305241973343e-01 5.6313923803361654e-01 5.2262917050327851e-01 8.3035524551429418e-01 6.9356852711848871e-01 9.3914097769723415e-01 7.3498634166656174e-01 8.8014242643762508e-01 6.4302246397102714e-01 6.5570797209572085e-01 4.2860183583624423e-01 3.1853274043515051e-01 1.6738756770915797e-01 3.6842817884704261e-02 1.4424196684768312e-02 1.1238008295228502e-02 3.7640292717071276e-02 1.1521986939973894e-01 1.1019409904471721e-01 2.3743095130479785e-01 1.3814257749205641e-01 3.1509505788178271e-01 1.3321737077705412e-01 3.4050669939273392e-01 1.2526765556834213e-01 3.2123304184661072e-01 1.2648870527046380e-01 2.5729642174102663e-01 1.2260518346102069e-01 1.5196887587009245e-01 8.5720338524679959e-02 3.6806281287467178e-02 1.3358837893576631e-02 7.5749791715031562e-03 1.4033728741264727e-02 7.1487359680623176e-03 -1.2334750744526057e-01 -1.2590324825092386e-01 -4.0706744855965515e-01 -2.9835262113802280e-01 -6.5139357506376294e-01 -3.9132971696654401e-01 -7.2742594124745519e-01 -3.5402325924559080e-01 -6.0134232644276486e-01 -2.0628751200075662e-01 -3.2799030982762234e-01 -3.9820102610516314e-02 -6.3593711381710993e-02 1.8101803593999363e-02 7.6452753004494873e-03 -1.1271464976710711e-02 -6.3496156812165472e-02 -2.5222330760890482e-01 -6.6570426566441510e-01 -8.2572383753393197e-01 -1.4627387577571465e+00 -1.3614217155987436e+00 -2.0385266159752442e+00 -1.6120492042767356e+00 -2.2015728069059843e+00 -1.5018721493085125e+00 -1.9177327509410909e+00 -1.0637591685771441e+00 -1.2512667817525478e+00 -4.6513052850579301e-01 -4.4551484405442382e-01 -4.7363368762520161e-02 -4.8046784353758549e-03 -7.2990787667313858e-02 -3.3508028707607634e-01 -9.1511393758186876e-01 -1.9525181726566792e+00 -2.2841828329153397e+00 -3.5051513654102382e+00 -3.2957516635706079e+00 -4.4379386171745709e+00 -3.7173311205459774e+00 -4.6774813703705274e+00 -3.5273462132743867e+00 -4.2430828012131183e+00 -2.7398023078377207e+00 -3.1298627804563308e+00 -1.4730291192482936e+00 -1.4584973626190414e+00 -2.5536265554868604e-01 -6.1924272493395119e-02 -3.3025942873597586e-01 -1.6593536032839542e+00 -2.7411665684953674e+00 -4.8618981485253006e+00 -5.1394025250359947e+00 -7.0881728353930979e+00 -6.4943852628816785e+00 -8.1074540957841545e+00 -6.9910749226533966e+00 -8.3436245142382059e+00 -6.7589542095883886e+00 -7.8785279421674161e+00 -5.7547685061880705e+00 -6.5862243653567178e+00 -3.8198522951482667e+00 -4.1783169144051699e+00 -1.1296320594995004e+00 -7.4990813366135622e-01 -1.9945051223788499e+00 -8.9037653676989930e+00 -7.7394076536104208e+00 -1.0934394699244951e+01 -9.9569827088162626e+00 -1.2206181892581112e+01 -1.0990937862916205e+01 -1.2822154360472464e+01 -1.1352912109540801e+01 -1.2961667661302894e+01 -1.1169682566421361e+01 -1.2662686453242705e+01 -1.0379019952870552e+01 -1.1820887308589086e+01 -8.6593237150547218e+00 -1.0071740416585698e+01 -5.3238440675067924e+00 -7.5079794599021081e+00 -1.0598287913625974e+00 -6.9950696652978994e-01 -1.6430411499038644e+00 -1.2824650272404441e+00 -1.9177864600310979e+00 -1.5738153384688582e+00 -2.0240817740123704e+00 -1.6929902947953783e+00 -2.0557708573145579e+00 -1.7196016519956590e+00 -2.0464576816730649e+00 -1.6716758003723478e+00 -1.9826163530324987e+00 -1.5112755501745347e+00 -1.7948941978110113e+00 -1.1193591706508617e+00 -1.3692113591093860e+00 -2.7203139048328140e-01 -2.9856625072748822e-02 -7.4053320582116486e-02 -4.7522066963955095e-01 -4.0425104081440183e-01 -8.4756752038216632e-01 -6.8574710968497354e-01 -1.0523250215444793e+00 -8.3964957314462019e-01 -1.1257315657008855e+00 -8.7602432700923261e-01 -1.0897048218820098e+00 -8.0008328173788335e-01 -9.2830883418045962e-01 -5.9471830896943823e-01 -5.8627371470625900e-01 -2.5679001427787818e-01 -1.2420413429258281e-01 -1.6368188938299083e-02 1.1639097549702288e-02 6.6397499818028009e-03 -8.6156306586308504e-02 -7.5540227998502824e-02 -2.7335003061689395e-01 -2.0657556839057242e-01 -4.1811360838533917e-01 -3.0134532635689398e-01 -4.7762164364671245e-01 -3.2525391643874585e-01 -4.4444965071487902e-01 -2.7182189244110982e-01 -3.2015169869486237e-01 -1.5377289375349038e-01 -1.3688278262742848e-01 -2.8202343393853073e-02 3.4166616025403142e-03 3.4315823757377750e-03 8.1598981888702481e-03 1.7846387281951599e-02 2.0287662393011299e-02 3.2800477891558308e-02 -2.2060535058238066e-02 9.3305039880768638e-03 -7.8053715266126256e-02 -2.1009059564850004e-02 -1.0547386718735381e-01 -2.9487173743612437e-02 -8.8904203910255317e-02 -9.0288677830241536e-03 -3.7127935681562925e-02 2.4354578696443814e-02 1.3961341009813140e-02 3.4105172885343052e-02 1.7926273436765360e-02 6.2273666615883108e-03 6.7663109665127737e-03 1.8241042329229566e-02 4.6597932853142385e-02 6.2036702266016909e-02 7.0124491746465845e-02 8.8265317783338543e-02 7.1298636303724267e-02 9.6125560898351156e-02 6.8284262973493992e-02 9.7480414099366003e-02 7.1063368432874446e-02 9.6069212001728216e-02 7.3560402523673213e-02 8.3303610196817687e-02 5.8175651243449866e-02 4.7873517663156319e-02 1.8832574444701225e-02 6.1270772732309317e-03 5.7590326164493836e-03 1.5868873638045830e-02 4.8060108096163977e-02 6.3444389018124547e-02 9.2900914457050801e-02 1.0565402138944056e-01 1.1917895249855212e-01 1.2914746070392183e-01 1.2836221825676625e-01 1.3478788687365356e-01 1.2405606428639945e-01 1.2363582102187212e-01 1.0394116992392360e-01 9.3324787383021551e-02 6.4371052440331589e-02 4.5942434820352443e-02 1.6486110272561617e-02 5.2477370199345338e-03 4.8900203111520496e-03 1.3947391781175187e-02 4.3524799010445883e-02 5.9016132830530560e-02 9.1463755512203648e-02 1.0354859123987536e-01 1.2495738800034580e-01 1.3126164109153990e-01 1.3833110818493591e-01 1.3823253026611274e-01 1.3156210442513783e-01 1.2409523867400996e-01 1.0447611671756366e-01 8.9663898215647880e-02 5.9988843477234620e-02 4.2034265127137510e-02 1.4137373942577487e-02 4.7295047547919874e-03 4.7699151343916111e-03 1.4342845888543315e-02 4.1712710749105840e-02 5.8531488701868709e-02 8.9335348238563941e-02 1.0530658464304199e-01 1.2542406368976783e-01 1.3732477249951741e-01 1.4096166847043326e-01 1.4601709925681144e-01 1.3323067834371091e-01 1.2917215412347094e-01 1.0336631478696541e-01 9.0679408079673465e-02 5.7978007212235803e-02 4.2016995157664244e-02 1.3967378619244644e-02 5.5387367325675152e-03 4.4284835273353893e-03 8.3462215909902663e-03 3.9987873654418714e-02 5.3440656981751530e-02 9.5785183738635191e-02 1.2201749888108405e-01 1.4642447831981775e-01 1.7758291614629093e-01 1.7074682749924952e-01 1.9430630719675515e-01 1.5927869045274728e-01 1.6503413536787345e-01 1.1621634068472193e-01 1.0226964333316095e-01 5.8670621092548531e-02 3.5524528105921119e-02 1.2255350823566335e-02 1.0053676215389812e-03
</DataArray>
        <DataArray type="Float64" format="ascii" Name="sigma2">
-5.2643452459734768e+00 -5.4616988965831856e+00 -4.8108432240218821e+00 -5.1557662263651629e+00 -4.7969568068360084e+00 -5.1048639923756456e+00 -4.8072902104101400e+00 -5.1014196115071329e+00 -4.8133755398580034e+00 -5.1020040121842891e+00 -4.8098930516146128e+00 -5.0990090881461985e+00 -4.7979000181480140e+00 -5.1049133489448284e+00 -4.7917297934462120e+00 -5.1911012160600194e+00 -4.9502985512663775e+00 -5.8028344693540497e+00 -6.2940214297572403e+00 -6.3189701975425985e+00 -5.8521009528635037e+00 -6.0660768267933616e+00 -5.7146312408865469e+00 -5.9884855371151904e+00 -5.6866089770176185e+00 -5.9752202734495459e+00 -5.6842640407387988e+00 -5.9750570478207443e+00 -5.6851869856970740e+00 -5.9773569095159642e+00 -5.7002541780896099e+00 -6.0062112145073838e+00 -5.7882157626796893e+00 -6.1372182995351086e+00 -6.1194080473172550e+00 -6.4837405755228392e+00 -6.7558172737911351e+00 -6.8582614184592128e+00 -6.6027739685795899e+00 -6.8086383075387129e+00 -6.5481905993190308e+00 -6.8176751408592278e+00 -6.5488169062765982e+00 -6.8416401801045783e+00 -6.5569263224497636e+00 -6.8505130348470784e+00 -6.5540238889214084e+00 -6.8371947107469149e+00 -6.5495741094959170e+00 -6.8174622075795535e+00 -6.5819292189534595e+00 -6.8290355371671279e+00 -6.7082274904213453e+00 -6.9020695415722972e+00 -7.1406467873703487e+00 -7.3184772975028327e+00 -7.2316030771019602e+00 -7.4897000345903963e+00 -7.3302399786929238e+00 -7.6350577878379378e+00 -7.4090125214767406e+00 -7.7268035488582765e+00 -7.4450780387164848e+00 -7.7516980416722454e+00 -7.4292503668557472e+00 -7.7070201998792243e+00 -7.3662807540473318e+00 -7.5993475598039080e+00 -7.2748791368652226e+00 -7.4458773380309200e+00 -7.1811279375613095e+00 -7.2750849335020966e+00 -7.4949317584075938e+00 -7.7703715165331797e+00 -7.8499136035134613e+00 -8.2003908654377771e+00 -8.1334795081703462e+00 -8.5081742852856284e+00 -8.3142827395058987e+00 -8.6802296715466944e+00 -8.3873530534818581e+00 -8.7237457403057181e+00 -8.3538420762536880e+00 -8.6417228740084173e+00 -8.2135372500264765e+00 -8.4291043524332885e+00 -7.9677919994158204e+00 -8.0821583041126992e+00 -7.6323427342661381e+00 -7.6297601681544247e+00 -7.8543278624267794e+00 -8.2893153315020811e+00 -8.5492356816030419e+00 -9.0450902169468570e+00 -9.0431886816185294e+00 -9.5182746383699115e+00 -9.3276926837809775e+00 -9.7610931021684593e+00 -9.4360001195034808e+00 -9.8198212202155606e+00 -9.3853958379501528e+00 -9.7067192074232445e+00 -9.1681810764448564e+00 -9.3977140628579114e+00 -8.7555499758708031e+00 -8.8391121174672325e+00 -8.1246840931677653e+00 -8.0138083566240397e+00 -8.3147411753316121e+00 -9.0626423079210081e+00 -9.4786428858432608e+00 -1.0185165629023514e+01 -1.0164605263207687e+01 -1.0755492030572842e+01 -1.0514371682408848e+01 -1.1020791074331862e+01 -1.0639895700768964e+01 -1.1081765850508829e+01 -1.0580049451585326e+01 -1.0961394776823473e+01 -1.0317752113314796e+01 -1.0616669583308406e+01 -9.7723520797052661e+00 -9.9011240872981165e+00 -8.7939467303874217e+00 -8.5709648115899721e+00 -9.2200044383777957e+00 -1.0723777720416116e+01 -1.0906172122520264e+01 -1.1826067908339164e+01 -1.1608166776754473e+01 -1.2282119800125278e+01 -1.1916835962637228e+01 -1.2472588986292546e+01 -1.2020588455533243e+01 -1.2514916994010266e+01 -1.1967689784942351e+01 -1.2424873733432319e+01 -1.1738236077938302e+01 -1.2172123009519794e+01 -1.1222327187054555e+01 -1.1622163365469490e+01 -1.0031496768787758e+01 -9.8831083385180953e+00 -1.2731379028408369e+01 -1.4871071022661758e+01 -1.3248177033796555e+01 -1.4013327488203553e+01 -1.3387586665978279e+01 -1.4015465582633322e+01 -1.3501745414374426e+01 -1.4062791445060876e+01 -1.3547621905261192e+01 -1.4074550617902132e+01 -1.3519386695077110e+01 -1.4040386580299174e+01 -1.3414493279208539e+01 -1.3975124500517285e+01 -1.3224881991922935e+01 -1.3983027475428365e+01 -1.2932574291183393e+01 -1.5269500121773460e+01 -5.1852304431180078e+00 -4.9666020722703106e+00 -5.5717356714926458e+00 -5.3028377460272544e+00 -5.7166182644255636e+00 -5.4533166482867745e+00 -5.7933600470913511e+00 -5.5238299467340095e+00 -5.8221509808751204e+00 -5.5407515642049763e+00 -5.8087428588171175e+00 -5.5091108317689965e+00 -5.7509261882105847e+00 -5.4200342146714569e+00 -5.6341274943770392e+00 -5.2333668044896502e+00 -5.4088441291509470e+00 -4.7110960946818086e+00 -4.1609728330410514e+00 -4.1229579051646343e+00 -4.6252247767540222e+00 -4.4494307870229459e+00 -4.8468908666700665e+00 -4.6246017872384630e+00 -4.9547729258124509e+00 -4.7091369452698961e+00 -4.9933300317482567e+00 -4.7288524095556435e+00 -4.9744256681149714e+00 -4.6889163555891491e+00 -4.8918706581800828e+00 -4.5767534061406367e+00 -4.7125286246961018e+00 -4.3523351564018151e+00 -4.3423447479559139e+00 -3.9508858549070212e+00 -3.6113103034670395e+00 -3.5252826160907489e+00 -3.8903829141085207e+00 -3.7397073173176518e+00 -4.0779340669279218e+00 -3.8810919881340968e+00 -4.1812453052976206e+00 -3.9560336545961490e+00 -4.2194162100174362e+00 -3.9737792580999081e+00 -4.1999633103141205e+00 -3.9366493989005082e+00 -4.1187229281886610e+00 -3.8390701179047122e+00 -3.9600864267402489e+00 -3.6699706354624646e+00 -3.7041544730683640e+00 -3.4356893956091290e+00 -3.1064152459807830e+00 -2.9809398628310952e+00 -3.2653294626787019e+00 -3.1080034546572963e+00 -3.3919705364455424e+00 -3.2038444662962191e+00 -3.4705797307461759e+00 -3.2589702619058150e+00 -3.5011654511401407e+00 -3.2723436602268148e+00 -3.4852688063472979e+00 -3.2440497511433355e+00 -3.4219109530229597e+00 -3.1737231129197432e+00 -3.3093102690658793e+00 -3.0643319531922368e+00 -3.1557414849617502e+00 -2.9328702207865809e+00 -2.5941087067427233e+00 -2.4417040062695805e+00 -2.6798683506556986e+00 -2.5107721126427172e+00 -2.7562846615143624e+00 -2.5684161891604265e+00 -2.8079040559568562e+00 -2.6037394003053747e+00 -2.8288806349118558e+00 -2.6124848850450153e+00 -2.8177995361217345e+00 -2.5938265447731825e+00 -2.7752296888131918e+00 -2.5495078003566145e+00 -2.7049470556010240e+00 -2.4858764955696251e+00 -2.6191702087055044e+00 -2.4171976818117318e+00 -2.0660821549119630e+00 -1.8949731435446211e+00 -2.1064244038479236e+00 -1.9266168079655785e+00 -2.1470661866067253e+00 -1.9563185194864812e+00 -2.1765299219310714e+00 -1.9755723192622554e+00 -2.1888956736125191e+00 -1.9803864574785439e+00 -2.1822044697317033e+00 -1.9699173294228791e+00 -2.1573909343815645e+00 -1.9460400786165095e+00 -2.1188916755712022e+00 -1.9142659026751516e+00 -2.0766298381734591e+00 -1.8847058992598364e+00 -1.5219429356449035e+00 -1.3375570289894567e+00 -1.5337919178554309e+00 -1.3453287953583859e+00 -1.5500412187254933e+00 -1.3553912561648982e+00 -1.5629002915460015e+00 -1.3623095851212861e+00 -1.5683912061269345e+00 -1.3639622730101069e+00 -1.5652376432086519e+00 -1.3599902210661421e+00 -1.5541047214288317e+00 -1.3513578571752800e+00 -1.5379952709556348e+00 -1.3411966314704076e+00 -1.5235639157567353e+00 -1.3360989348318026e+00 -9.6261812698688354e-01 -7.6896253108840962e-01 -9.5747687394251590e-01 -7.6263136912044127e-01 -9.5710755916104862e-01 -7.5812308319496113e-01 -9.5708570758440681e-01 -7.5454517879834349e-01 -9.5682512882066839e-01 -7.5331656234999766e-01 -9.5660834802382466e-01 -7.5504977073887347e-01 -9.5638644423683516e-01 -7.5886827139391855e-01 -9.5632959873271861e-01 -7.6376881654240769e-01 -9.5919709983179646e-01 -7.7242401615142764e-01 -3.8844461850523493e-01 -1.9236203516477354e-01 -3.7780934567037305e-01 -1.7970705778687063e-01 -3.6449546061444354e-01 -1.6027911920994456e-01 -3.5157001946605054e-01 -1.4419375552882097e-01 -3.4503006054708207e-01 -1.3930654262853767e-01 -3.4790249733295275e-01 -1.4780260522098815e-01 -3.5884073014469747e-01 -1.6576308456519243e-01 -3.7284363895141670e-01 -1.8433396802849222e-01 -3.8512688515460974e-01 -1.9559770389127012e-01
</DataArray>
        <DataArray type="Float64" format="ascii" Name="sigma3">
-1.8793889300460052e+01 -1.8946852314662181e+01 -1.7988066707958293e+01 -1.8712161882234540e+01 -1.8275201753065716e+01 -1.8982707224415691e+01 -1.8496697581355150e+01 -1.9186185526515963e+01 -1.8593012794663423e+01 -1.9240924362543780e+01 -1.8549316978336737e+01 -1.9133451814341647e+01 -1.8375736719679747e+01 -1.8884036583632451e+01 -1.8121485499064669e+01 -1.8614046211144338e+01 -1.8097576874888162e+01 -1.9620702753755864e+01 -2.0984785920096712e+01 -2.1146568280502915e+01 -2.0079990961457266e+01 -2.0792917610419011e+01 -2.0207877280225489e+01 -2.1008469894937981e+01 -2.0470422575859331e+01 -2.1241605913702251e+01 -2.0598518004465152e+01 -2.1309113868452688e+01 -2.0535979538832272e+01 -2.1179275417019305e+01 -2.0303708537906481e+01 -2.0917740454425505e+01 -2.0053121436975644e+01 -2.0810923537205973e+01 -2.0506454217715813e+01 -2.1633799131907473e+01 -2.2520480591002020e+01 -2.2902885684980895e+01 -2.2222635420046746e+01 -2.2957964077548773e+01 -2.2390441235763717e+01 -2.3248212973367366e+01 -2.2659744933102957e+01 -2.3499035794133754e+01 -2.2795562052529782e+01 -2.3570029791156820e+01 -2.2726888722842322e+01 -2.3433671499794073e+01 -2.2487621670415443e+01 -2.3153475861101427e+01 -2.2258296803613348e+01 -2.2930839358266255e+01 -2.2397601119289188e+01 -2.3021322668592425e+01 -2.3813393966196394e+01 -2.4432564617726513e+01 -2.4220563459739612e+01 -2.5075860881012705e+01 -2.4671564213614545e+01 -2.5588335203618513e+01 -2.5011803462804252e+01 -2.5889229200304648e+01 -2.5157433495114354e+01 -2.5964261127809163e+01 -2.5085400931365768e+01 -2.5816556038201217e+01 -2.4811565601898806e+01 -2.5453763716140713e+01 -2.4401565998754165e+01 -2.4905311465294410e+01 -2.3973899406491828e+01 -2.4263641949567230e+01 -2.4990680840530153e+01 -2.5915272117185197e+01 -2.6173527414346275e+01 -2.7211288710680666e+01 -2.6985695112316900e+01 -2.7953513502392440e+01 -2.7415923177214971e+01 -2.8282705330091886e+01 -2.7566513794639654e+01 -2.8351726526438274e+01 -2.7492116994933376e+01 -2.8204400586918631e+01 -2.7172169988087493e+01 -2.7769024198283340e+01 -2.6519486562108884e+01 -2.6876933968993953e+01 -2.5459244251147801e+01 -2.5440179169148536e+01 -2.6169821409779225e+01 -2.7567554948194765e+01 -2.8245228964401232e+01 -2.9484596457491786e+01 -2.9318238434527835e+01 -3.0264843370142557e+01 -2.9730887230337846e+01 -3.0498450391252952e+01 -2.9841284527401541e+01 -3.0531164593812548e+01 -2.9782780643858665e+01 -3.0437997940469728e+01 -2.9496844419572380e+01 -3.0074446761107158e+01 -2.8720036057730226e+01 -2.9018192214169673e+01 -2.7034916941796691e+01 -2.6707889843644757e+01 -2.7642813130104734e+01 -2.9873727405993950e+01 -3.0680362348562333e+01 -3.1998033924088368e+01 -3.1597834711110288e+01 -3.2346488736499239e+01 -3.1752153944458897e+01 -3.2298031630598302e+01 -3.1748987882017246e+01 -3.2261738131325565e+01 -3.1739485292010034e+01 -3.2294899788198450e+01 -3.1652704736544926e+01 -3.2259035830571690e+01 -3.1101477813102591e+01 -3.1545249595041348e+01 -2.9057793112409392e+01 -2.8507958432806518e+01 -3.0403088699190015e+01 -3.4086572131436427e+01 -3.3612740506572187e+01 -3.4558328212605247e+01 -3.3554486730812258e+01 -3.3852226498357822e+01 -3.3228401279242405e+01 -3.3467842525191003e+01 -3.3077553262457414e+01 -3.3372765465796007e+01 -3.3133345073552796e+01 -3.3537717835940306e+01 -3.3372685086939612e+01 -3.3987518999709266e+01 -3.3587904995033583e+01 -3.4562227637159801e+01 -3.2308690503126357e+01 -3.2193786328065627e+01 -4.0443424972315725e+01 -4.0666471374506870e+01 -3.6421182459044772e+01 -3.5776696928100222e+01 -3.4668306177778021e+01 -3.4512036716196626e+01 -3.4014880184998560e+01 -3.4053817123063794e+01 -3.3805827574663176e+01 -3.3953501065037557e+01 -3.3894939750502324e+01 -3.4138602147754547e+01 -3.4335957644491252e+01 -3.4762861026468542e+01 -3.5423616258021724e+01 -3.6538351168175524e+01 -3.7784736903104516e+01 -4.3390354279342759e+01 -1.6224272685697432e+01 -1.5855833274371246e+01 -1.6929411088404962e+01 -1.6393660792850405e+01 -1.7137607754720783e+01 -1.6603906822487058e+01 -1.7287118382958802e+01 -1.6719776194317987e+01 -1.7351399078935842e+01 -1.6749570228687602e+01 -1.7316018514383995e+01 -1.6692026972190970e+01 -1.7187137607669456e+01 -1.6555505165396987e+01 -1.6985530783445789e+01 -1.6325196844314643e+01 -1.6660269071393770e+01 -1.5431622258456082e+01 -1.3840052818397425e+01 -1.3669139696633330e+01 -1.4942195252873860e+01 -1.4427184915928752e+01 -1.5308735368518057e+01 -1.4729592181109904e+01 -1.5463584731163694e+01 -1.4857473577755036e+01 -1.5518701873459975e+01 -1.4886817038176247e+01 -1.5491714071834561e+01 -1.4829637903559284e+01 -1.5377926693086483e+01 -1.4661126378166021e+01 -1.5122155034280745e+01 -1.4250993840394838e+01 -1.4350278358893796e+01 -1.3153251327418438e+01 -1.2049340109106502e+01 -1.1757581803617633e+01 -1.2881786740442099e+01 -1.2390150829727002e+01 -1.3319763525809513e+01 -1.2730397725389750e+01 -1.3519370742606732e+01 -1.2885433522296939e+01 -1.3587099056411407e+01 -1.2920676943894282e+01 -1.3555428050332189e+01 -1.2850342770560587e+01 -1.3408924728600677e+01 -1.2643127499262217e+01 -1.3063405306506736e+01 -1.2205033108147695e+01 -1.2350598238497085e+01 -1.1455729567739503e+01 -1.0362877384791483e+01 -9.9543125967189354e+00 -1.0904719204655354e+01 -1.0392811993415879e+01 -1.1284507919760239e+01 -1.0688812058308809e+01 -1.1490545387221125e+01 -1.0842225146787868e+01 -1.1565077636613116e+01 -1.0878325027012437e+01 -1.1528658483914072e+01 -1.0804470302694764e+01 -1.1369241907728306e+01 -1.0603431621762253e+01 -1.1044995571229414e+01 -1.0248545016859469e+01 -1.0537064556642601e+01 -9.7824614359501894e+00 -8.6537953334422575e+00 -8.1572543965611644e+00 -8.9794924350388037e+00 -8.4312770777417434e+00 -9.2577400301276711e+00 -8.6496526149847597e+00 -9.4309788228265781e+00 -8.7752568952496013e+00 -9.4978863793463475e+00 -8.8057633642494189e+00 -9.4637284888386581e+00 -8.7421576945790083e+00 -9.3243260319009806e+00 -8.5816629447188664e+00 -9.0746658365801984e+00 -8.3341285028952399e+00 -8.7493999367963813e+00 -8.0634526833123346e+00 -6.8926995489896603e+00 -6.3324460187867828e+00 -7.0694747875892432e+00 -6.4855004155700531e+00 -7.2497882031461351e+00 -6.6267157530110445e+00 -7.3742786922687893e+00 -6.7143885249114419e+00 -7.4246811302984987e+00 -6.7360760784688010e+00 -7.3980709633920769e+00 -6.6900269190981376e+00 -7.2952442845291383e+00 -6.5801250494380525e+00 -7.1273433043443379e+00 -6.4268287770708588e+00 -6.9385855708507584e+00 -6.2876007345527221e+00 -5.0780331391274967e+00 -4.4724708217460307e+00 -5.1561645251952148e+00 -4.5434454506918174e+00 -5.2582678179305145e+00 -4.6215194451228694e+00 -5.3346250264870188e+00 -4.6722935914958281e+00 -5.3663017952747190e+00 -4.6847734402998027e+00 -5.3490209151206454e+00 -4.6573959755611494e+00 -5.2848251881470034e+00 -4.5941900887999143e+00 -5.1866397466626841e+00 -4.5126897033618292e+00 -5.0926837597983639e+00 -4.4583926208608009e+00 -3.2134970050906699e+00 -2.5775512828499085e+00 -3.2333022905574924e+00 -2.6006360524366734e+00 -3.2796938787753929e+00 -2.6323835286262458e+00 -3.3157097556377906e+00 -2.6524753684939961e+00 -3.3303787645393284e+00 -2.6570723070901372e+00 -3.3219251717564604e+00 -2.6460047232530495e+00 -3.2913211289097490e+00 -2.6202403127260689e+00 -3.2457433363212980e+00 -2.5879130502990231e+00 -3.2112910447252321e+00 -2.5802854572373262e+00 -1.2992438785447855e+00 -6.4955300547356887e-01 -1.2993523592223291e+00 -6.5246418293798691e-01 -1.3107700524534474e+00 -6.5628122958089929e-01 -1.3183245432066530e+00 -6.5822876790902751e-01 -1.3208470293228567e+00 -6.5866144929188075e-01 -1.3189536815625897e+00 -6.5770948610450064e-01 -1.3123521078337137e+00 -6.5481325855046901e-01 -1.3014827509306042e+00 -6.4997108820089522e-01 -1.2960116346722654e+00 -6.5299771392577277e-01
</DataArray>
        <DataArray type="Float64" format="ascii" Name="EffectiveStress" NumberOfComponents="9">
6.4992419112782871e+00 -5.5103605585126336e-01 0.0000000000000000e+00 -5.5103605585126336e-01 -1.3510392731186851e+01 0.0000000000000000e+00 0.0000000000000000e+00 0.0000000000000000e+00 3.9880873613686923e-03 6.3676105903838973e+00 -3.2131633228523848e-01 0.0000000000000000e+00 -3.2131633228523848e-01 -1.3309940245655255e+01 0.0000000000000000e+00 0.0000000000000000e+00 0.0000000000000000e+00 1.6996777008644504e-01 7.1963732822620798e+00 -6.8967382245575015e-01 0.0000000000000000e+00 -6.8967382245575015e-01 -1.2695850695665456e+01 0.0000000000000000e+00 0.0000000000000000e+00 0.0000000000000000e+00 4.5749010931290168e-01 7.1508266409831327e+00 -3.7938828440880162e-01 0.0000000000000000e+00 -3.7938828440880162e-01 -1.3073380728861331e+01 0.0000000000000000e+00 0.0000000000000000e+00 0.0000000000000000e+00 4.7590044030434397e-01 7.5462640832844468e+00 -3.9038580047860733e-01 0.0000000000000000e+00 -3.9038580047860733e-01 -1.2999453439401695e+01 0.0000000000000000e+00 0.0000000000000000e+00 0.0000000000000000e+00 4.7137652649871387e-01 7.5959844274661101e+00 -2.1350406980363595e-01 0.0000000000000000e+00 -2.1350406980363595e-01 -1.3348864402046155e+01 0.0000000000000000e+00 0.0000000000000000e+00 0.0000000000000000e+00 5.2680267429373995e-01 7.7393656399096136e+00 -1.6915084019116777e-01 0.0000000000000000e+00 -1.6915084019116777e-01 -1.3226999674607423e+01 0.0000000000000000e+00 0.0000000000000000e+00 0.0000000000000000e+00 4.6104312292452188e-01 7.8128369209479249e+00 -7.7794338400297161e-02 0.0000000000000000e+00 -7.7794338400297161e-02 -1.3554235625966507e+01 0.0000000000000000e+00 0.0000000000000000e+00 0.0000000000000000e+00 5.3024705516212944e-01 7.8167468687271944e+00 -1.7281564555304309e-02 0.0000000000000000e+00 -1.7281564555304309e-02 -1.3324665334918011e+01 0.0000000000000000e+00 0.0000000000000000e+00 0.0000000000000000e+00 4.5495779347659498e-01 7.8658939329279214e+00 1.9138263098621457e-02 0.0000000000000000e+00 1.9138263098621457e-02 -1.3609240640203939e+01 0.0000000000000000e+00 0.0000000000000000e+00 0.0000000000000000e+00 5.2966265448484973e-01 7.7839410857455054e+00 1.2420821816867948e-01 0.0000000000000000e+00 1.2420821816867948e-01 -1.3280251257791809e+01 0.0000000000000000e+00 0.0000000000000000e+00 0.0000000000000000e+00 4.5844028171992396e-01 7.7676703900309043e+00 1.2639674288443054e-01 0.0000000000000000e+00 1.2639674288443054e-01 -1.3501034017180205e+01 0.0000000000000000e+00 0.0000000000000000e+00 0.0000000000000000e+00 5.3265757852281581e-01 7.6461958112294637e+00 3.1805157590789923e-01 0.0000000000000000e+00 3.1805157590789923e-01 -1.3102529205053894e+01 0.0000000000000000e+00 0.0000000000000000e+00 0.0000000000000000e+00 4.7043331518646198e-01 7.4952610455496220e+00 2.9038965418476270e-01 0.0000000000000000e+00 2.9038965418476270e-01 -1.3248305542027939e+01 0.0000000000000000e+00 0.0000000000000000e+00 0.0000000000000000e+00 5.2675331772406264e-01 7.3991843484636677e+00 6.0714888695294889e-01 0.0000000000000000e+00 6.0714888695294889e-01 -1.2834950326615550e+01 0.0000000000000000e+00 0.0000000000000000e+00 0.0000000000000000e+00 4.7660353988820064e-01 6.9310232284993853e+00 4.6842755423554355e-01 0.0000000000000000e+00 4.6842755423554355e-01 -1.2971360615361920e+01 0.0000000000000000e+00 0.0000000000000000e+00 0.0000000000000000e+00 4.4056545060874658e-01 6.8392396163656732e+00 7.1063111731730644e-01 0.0000000000000000e+00 7.1063111731730644e-01 -1.2803568120584893e+01 0.0000000000000000e+00 0.0000000000000000e+00 0.0000000000000000e+00 3.1803478206797470e-01 5.9085291657228556e+00 1.4513909570248215e-01 0.0000000000000000e+00 1.4513909570248215e-01 -1.3987977396899069e+01 0.0000000000000000e+00 0.0000000000000000e+00 0.0000000000000000e+00 -1.7116780268540588e-01 6.3613648815475790e+00 1.8793941607501705e-01 0.0000000000000000e+00 1.8793941607501705e-01 -1.4624769647400125e+01 0.0000000000000000e+00 0.0000000000000000e+00 0.0000000000000000e+00 6.4311903578553764e-02 6.8015412781678979e+00 2.7099195629653272e-01 0.0000000000000000e+00 2.7099195629653272e-01 -1.4421441936641806e+01 0.0000000000000000e+00 0.0000000000000000e+00 0.0000000000000000e+00 4.0269646912477891e-01 6.9310774026632886e+00 7.0946460672815098e-02 0.0000000000000000e+00 7.0946460672815098e-02 -1.3721413912203097e+01 0.0000000000000000e+00 0.0000000000000000e+00 0.0000000000000000e+00 5.0623238047243413e-01 7.2916340371269817e+00 2.3990587827048507e-01 0.0000000000000000e+00 2.3990587827048507e-01 -1.4068556793102484e+01 0.0000000000000000e+00 0.0000000000000000e+00 0.0000000000000000e+00 6.5558983987449171e-01 7.5174175321432459e+00 2.1817952800603866e-02 0.0000000000000000e+00 2.1817952800603866e-02 -1.3849521668426233e+01 0.0000000000000000e+00 0.0000000000000000e+00 0.0000000000000000e+00 6.4370209244953835e-01 7.7673013371319630e+00 1.6381305196613585e-01 0.0000000000000000e+00 1.6381305196613585e-01 -1.4285586460845934e+01 0.0000000000000000e+00 0.0000000000000000e+00 0.0000000000000000e+00 7.3318112955314207e-01 7.8733611238881682e+00 2.6328123263129066e-02 0.0000000000000000e+00 2.6328123263129066e-02 -1.4112057713941102e+01 0.0000000000000000e+00 0.0000000000000000e+00 0.0000000000000000e+00 6.7172435631861183e-01 8.0455631819179025e+00 8.3433585113149036e-02 0.0000000000000000e+00 8.3433585113149036e-02 -1.4519630760078778e+01 0.0000000000000000e+00 0.0000000000000000e+00 0.0000000000000000e+00 7.4644639321925998e-01 8.0092995933790245e+00 1.0485993401199118e-02 0.0000000000000000e+00 1.0485993401199118e-02 -1.4240179729168938e+01 0.0000000000000000e+00 0.0000000000000000e+00 0.0000000000000000e+00 6.7406929259757609e-01 8.1139191911631805e+00 -1.0127303100788973e-02 0.0000000000000000e+00 -1.0127303100788973e-02 -1.4587442683893761e+01 0.0000000000000000e+00 0.0000000000000000e+00 0.0000000000000000e+00 7.4660961884853927e-01 7.9436847303221310e+00 -1.0364621587182581e-02 0.0000000000000000e+00 -1.0364621587182581e-02 -1.4177641349306006e+01 0.0000000000000000e+00 0.0000000000000000e+00 0.0000000000000000e+00 6.7314634763944736e-01 7.9759810784410439e+00 -9.9122744545125097e-02 0.0000000000000000e+00 -9.9122744545125097e-02 -1.4457170776821403e+01 0.0000000000000000e+00 0.0000000000000000e+00 0.0000000000000000e+00 7.4430975715379610e-01 7.6611886651861827e+00 -1.1334346284130964e-02 0.0000000000000000e+00 -1.1334346284130964e-02 -1.3945369258811551e+01 0.0000000000000000e+00 0.0000000000000000e+00 0.0000000000000000e+00 6.5807915524705629e-01 7.6172659928145467e+00 -1.7705228791955174e-01 0.0000000000000000e+00 -1.7705228791955174e-01 -1.4194636707832021e+01 0.0000000000000000e+00 0.0000000000000000e+00 0.0000000000000000e+00 7.1545545216285167e-01 7.1173483460370282e+00 -3.3487307149832009e-02 0.0000000000000000e+00 -3.3487307149832009e-02 -1.3694734221629039e+01 0.0000000000000000e+00 0.0000000000000000e+00 0.0000000000000000e+00 5.7011757065712221e-01 7.0711815984298951e+00 -2.9145118089567773e-01 0.0000000000000000e+00 -2.9145118089567773e-01 -1.4085242596872165e+01 0.0000000000000000e+00 0.0000000000000000e+00 0.0000000000000000e+00 5.8444836713560344e-01 6.4647298445568131e+00 -2.0460271181180922e-01 0.0000000000000000e+00 -2.0460271181180922e-01 -1.4146090002273743e+01 0.0000000000000000e+00 0.0000000000000000e+00 0.0000000000000000e+00 2.3892528601970436e-01 6.7403785290584857e+00 -2.3811991457100770e-01 0.0000000000000000e+00 -2.3811991457100770e-01 -1.4909513780792235e+01 0.0000000000000000e+00 0.0000000000000000e+00 0.0000000000000000e+00 2.3792609114835048e-01 7.4462863754399349e+00 2.6576706968529396e-01 0.0000000000000000e+00 2.6576706968529396e-01 -1.5069010621417915e+01 0.0000000000000000e+00 0.0000000000000000e+00 0.0000000000000000e+00 6.9251605953843343e-01 7.8439040204260904e+00 4.7353483311223499e-01 0.0000000000000000e+00 4.7353483311223499e-01 -1.5081442081968062e+01 0.0000000000000000e+00 0.0000000000000000e+00 0.0000000000000000e+00 9.5340524820182371e-01 7.6477385259705848e+00 5.5994849333999430e-01 0.0000000000000000e+00 5.5994849333999430e-01 -1.4760318421241026e+01 0.0000000000000000e+00 0.0000000000000000e+00 0.0000000000000000e+00 8.4555936475117199e-01 8.0566330753101454e+00 6.3788833380749077e-01 0.0000000000000000e+00 6.3788833380749077e-01 -1.5128760767113953e+01 0.0000000000000000e+00 0.0000000000000000e+00 0.0000000000000000e+00 1.0030283591239055e+00 8.0024797058459054e+00 4.5424397713723313e-01 0.0000000000000000e+00 4.5424397713723313e-01 -1.4933115036912097e+01 0.0000000000000000e+00 0.0000000000000000e+00 0.0000000000000000e+00 9.0014273401292544e-01 8.3244865675658488e+00 4.8278191502667761e-01 0.0000000000000000e+00 4.8278191502667761e-01 -1.5426737037101546e+01 0.0000000000000000e+00 0.0000000000000000e+00 0.0000000000000000e+00 9.9399152580496863e-01 8.2758330808027267e+00 2.5897447994183570e-01 0.0000000000000000e+00 2.5897447994183570e-01 -1.5208556101725089e+01 0.0000000000000000e+00 0.0000000000000000e+00 0.0000000000000000e+00 8.9951642705654999e-01 8.5030140368934060e+00 2.3179869770565706e-01 0.0000000000000000e+00 2.3179869770565706e-01 -1.5685147970577120e+01 0.0000000000000000e+00 0.0000000000000000e+00 0.0000000000000000e+00 9.7002648656119717e-01 8.3873998347029133e+00 4.2043643953580193e-02 0.0000000000000000e+00 4.2043643953580193e-02 -1.5347154242866772e+01 0.0000000000000000e+00 0.0000000000000000e+00 0.0000000000000000e+00 8.9140701088457974e-01 8.5465828465609963e+00 -4.1295013017908146e-02 0.0000000000000000e+00 -4.1295013017908146e-02 -1.5758292962716540e+01 0.0000000000000000e+00 0.0000000000000000e+00 0.0000000000000000e+00 9.6115363182028013e-01 8.3271426926205958e+00 -1.7739216647502079e-01 0.0000000000000000e+00 -1.7739216647502079e-01 -1.5277222322354216e+01 0.0000000000000000e+00 0.0000000000000000e+00 0.0000000000000000e+00 8.9430944441412874e-01 8.4506197216471506e+00 -3.1298778705219277e-01 0.0000000000000000e+00 -3.1298778705219277e-01 -1.5617935424132328e+01 0.0000000000000000e+00 0.0000000000000000e+00 0.0000000000000000e+00 9.7447195592202229e-01 8.0976110193909445e+00 -3.8571606263624569e-01 0.0000000000000000e+00 -3.8571606263624569e-01 -1.5032858051037211e+01 0.0000000000000000e+00 0.0000000000000000e+00 0.0000000000000000e+00 8.9875922384081219e-01 8.2271949210625710e+00 -5.5509575287723512e-01 0.0000000000000000e+00 -5.5509575287723512e-01 -1.5328735612986723e+01 0.0000000000000000e+00 0.0000000000000000e+00 0.0000000000000000e+00 9.9420445909096311e-01 7.7536800031436659e+00 -5.4545925282948104e-01 0.0000000000000000e+00 -5.4545925282948104e-01 -1.4796777399646016e+01 0.0000000000000000e+00 0.0000000000000000e+00 0.0000000000000000e+00 8.6640411438446430e-01 7.9602955658539285e+00 -6.5798183472526550e-01 0.0000000000000000e+00 -6.5798183472526550e-01 -1.5100414023066827e+01 0.0000000000000000e+00 0.0000000000000000e+00 0.0000000000000000e+00 9.8263112950496956e-01 7.4762957763510958e+00 -4.4625935414887480e-01 0.0000000000000000e+00 -4.4625935414887480e-01 -1.4940387411077346e+01 0.0000000000000000e+00 0.0000000000000000e+00 0.0000000000000000e+00 7.4010584291777215e-01 7.8225693735151358e+00 -2.8479421997024135e-01 0.0000000000000000e+00 -2.8479421997024135e-01 -1.5206134512075435e+01 0.0000000000000000e+00 0.0000000000000000e+00 0.0000000000000000e+00 9.0959712510138124e-01 8.5456577034612060e+00 3.0532879358867432e-01 0.0000000000000000e+00 3.0532879358867432e-01 -1.5271146994717581e+01 0.0000000000000000e+00 0.0000000000000000e+00 0.0000000000000000e+00 1.3976865459520449e+00 8.9264383487262435e+00 5.6100974880817545e-01 0.0000000000000000e+00 5.6100974880817545e-01 -1.5518029340427187e+01 0.0000000000000000e+00 0.0000000000000000e+00 0.0000000000000000e+00 1.5831893691514156e+00 8.6292423014591009e+00 7.6878723051971209e-01 0.0000000000000000e+00 7.6878723051971209e-01 -1.5657919225149479e+01 0.0000000000000000e+00 0.0000000000000000e+00 0.0000000000000000e+00 1.3067302562227860e+00 8.9862416673738572e+00 8.0286218046784052e-01 0.0000000000000000e+00 8.0286218046784052e-01 -1.6148575116027867e+01 0.0000000000000000e+00 0.0000000000000000e+00 0.0000000000000000e+00 1.4119666320665909e+00 8.7569232101817462e+00 6.8480453144990139e-01 0.0000000000000000e+00 6.8480453144990139e-01 -1.6114389805837291e+01 0.0000000000000000e+00 0.0000000000000000e+00 0.0000000000000000e+00 1.2080933546341770e+00 9.0250128983362892e+00 6.1679731680222205e-01 0.0000000000000000e+00 6.1679731680222205e-01 -1.6671872191143297e+01 0.0000000000000000e+00 0.0000000000000000e+00 0.0000000000000000e+00 1.2666088788217886e+00 8.8473018104349492e+00 3.9386514774448128e-01 0.0000000000000000e+00 3.9386514774448128e-01 -1.6467343548698516e+01 0.0000000000000000e+00 0.0000000000000000e+00 0.0000000000000000e+00 1.1293208118527112e+00 9.0316331370587388e+00 2.9083640266226496e-01 0.0000000000000000e+00 2.9083640266226496e-01 -1.6984311633261395e+01 0.0000000000000000e+00 0.0000000000000000e+00 0.0000000000000000e+00 1.1748631178041911e+00 8.8787081856777785e+00 5.7981123906862206e-02 0.0000000000000000e+00 5.7981123906862206e-02 -1.6618968314735785e+01 0.0000000000000000e+00 0.0000000000000000e+00 0.0000000000000000e+00 1.0932552946153213e+00 9.0268072115767506e+00 -5.7586812570897504e-02 0.0000000000000000e+00 -5.7586812570897504e-02 -1.7062467350487157e+01 0.0000000000000000e+00 0.0000000000000000e+00 0.0000000000000000e+00 1.1499686249929613e+00 8.8564961435927820e+00 -2.7927553392125853e-01 0.0000000000000000e+00 -2.7927553392125853e-01 -1.6543997366443620e+01 0.0000000000000000e+00 0.0000000000000000e+00 0.0000000000000000e+00 1.1090829664784123e+00 9.0218372515848255e+00 -4.0481027702239009e-01 0.0000000000000000e+00 -4.0481027702239009e-01 -1.6908571251179680e+01 0.0000000000000000e+00 0.0000000000000000e+00 0.0000000000000000e+00 1.1946464667887231e+00 8.7816333296279456e+00 -5.9218118721779889e-01 0.0000000000000000e+00 -5.9218118721779889e-01 -1.6259235843112698e+01 0.0000000000000000e+00 0.0000000000000000e+00 0.0000000000000000e+00 1.1720525792891803e+00 9.0045399297335464e+00 -7.1012782406997066e-01 0.0000000000000000e+00 -7.1012782406997066e-01 -1.6532365129071863e+01 0.0000000000000000e+00 0.0000000000000000e+00 0.0000000000000000e+00 1.3023191068667785e+00 8.6659410942321990e+00 -7.7301877224535853e-01 0.0000000000000000e+00 -7.7301877224535853e-01 -1.5838871550438540e+01 0.0000000000000000e+00 0.0000000000000000e+00 0.0000000000000000e+00 1.2634541964736439e+00 8.9617169003161106e+00 -8.0053947637116352e-01 0.0000000000000000e+00 -8.0053947637116352e-01 -1.5977974693738989e+01 0.0000000000000000e+00 0.0000000000000000e+00 0.0000000000000000e+00 1.4557893286425065e+00 8.5627814469819636e+00 -5.4458755209616472e-01 0.0000000000000000e+00 -5.4458755209616472e-01 -1.5423207905503890e+01 0.0000000000000000e+00 0.0000000000000000e+00 0.0000000000000000e+00 1.3572053957799073e+00 8.9108029616909032e+00 -3.2014504045243269e-01 0.0000000000000000e+00 -3.2014504045243269e-01 -1.5357752740012227e+01 0.0000000000000000e+00 0.0000000000000000e+00 0.0000000000000000e+00 1.6265817331740686e+00 9.6314654544215426e+00 3.3323259676466982e-01 0.0000000000000000e+00 3.3323259676466982e-01 -1.5357904649145722e+01 0.0000000000000000e+00 0.0000000000000000e+00 0.0000000000000000e+00 2.1334015749096404e+00 9.9930828301704668e+00 5.7184395137035415e-01 0.0000000000000000e+00 5.7184395137035415e-01 -1.5910987885312089e+01 0.0000000000000000e+00 0.0000000000000000e+00 0.0000000000000000e+00 2.2212951501179767e+00 9.6111689707249663e+00 7.9745986290232229e-01 0.0000000000000000e+00 7.9745986290232229e-01 -1.6520880982462351e+01 0.0000000000000000e+00 0.0000000000000000e+00 0.0000000000000000e+00 1.7784197298069497e+00 9.8484645532428097e+00 7.3309357769035921e-01 0.0000000000000000e+00 7.3309357769035921e-01 -1.7199767438059972e+01 0.0000000000000000e+00 0.0000000000000000e+00 0.0000000000000000e+00 1.7912758012166059e+00 9.4858075609912724e+00 6.6798295545228092e-01 0.0000000000000000e+00 6.6798295545228092e-01 -1.7340739254911917e+01 0.0000000000000000e+00 0.0000000000000000e+00 0.0000000000000000e+00 1.4948538251532415e+00 9.5756212360756265e+00 4.9722318257416853e-01 0.0000000000000000e+00 4.9722318257416853e-01 -1.7952868853712499e+01 0.0000000000000000e+00 0.0000000000000000e+00 0.0000000000000000e+00 1.4834923813719825e+00 9.3252148321555719e+00 3.5946679185812341e-01 0.0000000000000000e+00 3.5946679185812341e-01 -1.7782823963855041e+01 0.0000000000000000e+00 0.0000000000000000e+00 0.0000000000000000e+00 1.3140505938208653e+00 9.3386757821021078e+00 2.1007904518790274e-01 0.0000000000000000e+00 2.1007904518790274e-01 -1.8289441353936084e+01 0.0000000000000000e+00 0.0000000000000000e+00 0.0000000000000000e+00 1.3114369951141438e+00 9.2369270162285400e+00 4.5624739972443054e-02 0.0000000000000000e+00 4.5624739972443054e-02 -1.7938103861174856e+01 0.0000000000000000e+00 0.0000000000000000e+00 0.0000000000000000e+00 1.2409802798480836e+00 9.2641608294209430e+00 -4.6979406302027085e-02 0.0000000000000000e+00 -4.6979406302027085e-02 -1.8359979963778539e+01 0.0000000000000000e+00 0.0000000000000000e+00 0.0000000000000000e+00 1.2679209263583484e+00 9.2718196432366113e+00 -2.5996027317378578e-01 0.0000000000000000e+00 -2.5996027317378578e-01 -1.7861293230749336e+01 0.0000000000000000e+00 0.0000000000000000e+00 0.0000000000000000e+00 1.2744912570794289e+00 9.3868444199002834e+00 -3.0991020248845003e-01 0.0000000000000000e+00 -3.0991020248845003e-01 -1.8209253999927096e+01 0.0000000000000000e+00 0.0000000000000000e+00 0.0000000000000000e+00 1.3499437926588727e+00 9.4101588808333094e+00 -5.6603934600766703e-01 0.0000000000000000e+00 -5.6603934600766703e-01 -1.7531949714248974e+01 0.0000000000000000e+00 0.0000000000000000e+00 0.0000000000000000e+00 1.4147960833098165e+00 9.6507664034848517e+00 -5.9505949341286690e-01 0.0000000000000000e+00 -5.9505949341286690e-01 -1.7764447578254771e+01 0.0000000000000000e+00 0.0000000000000000e+00 0.0000000000000000e+00 1.5625623142372318e+00 9.5657952113340237e+00 -7.7527380182293326e-01 0.0000000000000000e+00 -7.7527380182293326e-01 -1.6868435209374482e+01 0.0000000000000000e+00 0.0000000000000000e+00 0.0000000000000000e+00 1.6605413339236506e+00 9.9068606928015051e+00 -7.5387111080899305e-01 0.0000000000000000e+00 -7.5387111080899305e-01 -1.6864055039829680e+01 0.0000000000000000e+00 0.0000000000000000e+00 0.0000000000000000e+00 1.9095083625610463e+00 9.6334743042142250e+00 -5.7449076340868244e-01 0.0000000000000000e+00 -5.7449076340868244e-01 -1.5817950085082728e+01 0.0000000000000000e+00 0.0000000000000000e+00 0.0000000000000000e+00 1.9959905990765088e+00 9.9949163756599830e+00 -3.3442230633870862e-01 0.0000000000000000e+00 -3.3442230633870862e-01 -1.5444116936154119e+01 0.0000000000000000e+00 0.0000000000000000e+00 0.0000000000000000e+00 2.3619064985225484e+00 1.0703159531344683e+01 3.1947495831076794e-01 0.0000000000000000e+00 3.1947495831076794e-01 -1.5447585739465035e+01 0.0000000000000000e+00 0.0000000000000000e+00 0.0000000000000000e+00 2.8640054708910112e+00 1.1011762771075691e+01 4.1975917454227668e-01 0.0000000000000000e+00 4.1975917454227668e-01 -1.6479480542775743e+01 0.0000000000000000e+00 0.0000000000000000e+00 0.0000000000000000e+00 2.7923513351513640e+00 1.0455030610083771e+01 5.5679744153587518e-01 0.0000000000000000e+00 5.5679744153587518e-01 -1.7515816215452343e+01 0.0000000000000000e+00 0.0000000000000000e+00 0.0000000000000000e+00 2.1690976517177405e+00 1.0413528928019335e+01 2.6480950408278697e-01 0.0000000000000000e+00 2.6480950408278697e-01 -1.8400496317863233e+01 0.0000000000000000e+00 0.0000000000000000e+00 0.0000000000000000e+00 2.0365764497092904e+00 9.8894947522690373e+00 2.9788785407468854e-01 0.0000000000000000e+00 2.9788785407468854e-01 -1.8596790357683251e+01 0.0000000000000000e+00 0.0000000000000000e+00 0.0000000000000000e+00 1.6751446517052448e+00 9.6189279041572924e+00 -3.6966078062598964e-04 0.0000000000000000e+00 -3.6966078062598964e-04 -1.9183176698739288e+01 0.0000000000000000e+00 0.0000000000000000e+00 0.0000000000000000e+00 1.5633920282889413e+00 9.3566432010165475e+00 8.7262629986873202e-02 0.0000000000000000e+00 8.7262629986873202e-02 -1.9012285480299607e+01 0.0000000000000000e+00 0.0000000000000000e+00 0.0000000000000000e+00 1.3906406495457888e+00 9.0429986119331733e+00 -6.3445379093587939e-02 0.0000000000000000e+00 -6.3445379093587939e-02 -1.9416642285838254e+01 0.0000000000000000e+00 0.0000000000000000e+00 0.0000000000000000e+00 1.3205735644931007e+00 9.1062829675859369e+00 -5.7260218560208622e-03 0.0000000000000000e+00 -5.7260218560208622e-03 -1.9122950032604702e+01 0.0000000000000000e+00 0.0000000000000000e+00 0.0000000000000000e+00 1.2823332138262753e+00 8.8800938251359316e+00 -9.9037217651581542e-04 0.0000000000000000e+00 -9.9037217651581542e-04 -1.9449497892525933e+01 0.0000000000000000e+00 0.0000000000000000e+00 0.0000000000000000e+00 1.2618454464487050e+00 9.2162713171178439e+00 -7.3277367285741052e-02 0.0000000000000000e+00 -7.3277367285741052e-02 -1.9064257443619525e+01 0.0000000000000000e+00 0.0000000000000000e+00 0.0000000000000000e+00 1.3329374953825961e+00 9.1638701826550104e+00 4.2634258767174041e-02 0.0000000000000000e+00 4.2634258767174041e-02 -1.9356267540731888e+01 0.0000000000000000e+00 0.0000000000000000e+00 0.0000000000000000e+00 1.3749474592437259e+00 9.6529021582015488e+00 -2.1803098259371528e-01 0.0000000000000000e+00 -2.1803098259371528e-01 -1.8776839079679593e+01 0.0000000000000000e+00 0.0000000000000000e+00 0.0000000000000000e+00 1.5501522568908832e+00 9.8302312550729418e+00 -6.9716711862203865e-02 0.0000000000000000e+00 -6.9716711862203865e-02 -1.8992611464593296e+01 0.0000000000000000e+00 0.0000000000000000e+00 0.0000000000000000e+00 1.6839526038117647e+00 1.0245988245271247e+01 -4.5143620698925124e-01 0.0000000000000000e+00 -4.5143620698925124e-01 -1.7994488164829800e+01 0.0000000000000000e+00 0.0000000000000000e+00 0.0000000000000000e+00 1.9627833574679268e+00 1.0631716329548277e+01 -3.5596943528699027e-01 0.0000000000000000e+00 -3.5596943528699027e-01 -1.7932090054427618e+01 0.0000000000000000e+00 0.0000000000000000e+00 0.0000000000000000e+00 2.2425545492051500e+00 1.0662870708249846e+01 -4.6745429309940401e-01 0.0000000000000000e+00 -4.6745429309940401e-01 -1.6308484352125621e+01 0.0000000000000000e+00 0.0000000000000000e+00 0.0000000000000000e+00 2.5936492401739546e+00 1.1073879147988210e+01 -2.8220939023009128e-01 0.0000000000000000e+00 -2.8220939023009128e-01 -1.5623240336718172e+01 0.0000000000000000e+00 0.0000000000000000e+00 0.0000000000000000e+00 3.0678583100510450e+00 1.1734225792192584e+01 1.7546352160300510e-01 0.0000000000000000e+00 1.7546352160300510e-01 -1.5833363043320544e+01 0.0000000000000000e+00 0.0000000000000000e+00 0.0000000000000000e+00 3.4935921579904297e+00 1.1835455071917686e+01 -1.8280048687682995e-01 0.0000000000000000e+00 -1.8280048687682995e-01 -1.7700929431672893e+01 0.0000000000000000e+00 0.0000000000000000e+00 0.0000000000000000e+00 3.1090243587364013e+00 1.0890536715713107e+01 -2.8256581658820468e-01 0.0000000000000000e+00 -2.8256581658820468e-01 -1.8869346335208963e+01 0.0000000000000000e+00 0.0000000000000000e+00 0.0000000000000000e+00 2.3296904474809144e+00 1.0186920869797188e+01 -9.8349223226843707e-01 0.0000000000000000e+00 -9.8349223226843707e-01 -1.9794139633223725e+01 0.0000000000000000e+00 0.0000000000000000e+00 0.0000000000000000e+00 1.9865010376357422e+00 9.5106788311898125e+00 -6.2826931796455798e-01 0.0000000000000000e+00 -6.2826931796455798e-01 -1.9776029708562820e+01 0.0000000000000000e+00 0.0000000000000000e+00 0.0000000000000000e+00 1.6437280701186239e+00 8.6309099973401135e+00 -1.0127373028696065e+00 0.0000000000000000e+00 -1.0127373028696065e+00 -2.0139216765927383e+01 0.0000000000000000e+00 0.0000000000000000e+00 0.0000000000000000e+00 1.4161746360882628e+00 8.5043953617125077e+00 -4.8258248962602418e-01 0.0000000000000000e+00 -4.8258248962602418e-01 -1.9935634303085124e+01 0.0000000000000000e+00 0.0000000000000000e+00 0.0000000000000000e+00 1.2939616509195939e+00 7.7230065582677208e+00 -5.4643095838011446e-01 0.0000000000000000e+00 -5.4643095838011446e-01 -2.0115643472714694e+01 0.0000000000000000e+00 0.0000000000000000e+00 0.0000000000000000e+00 1.1508755923310892e+00 8.0906498021798718e+00 -9.9390788896939336e-02 0.0000000000000000e+00 -9.9390788896939336e-02 -1.9940302138081947e+01 0.0000000000000000e+00 0.0000000000000000e+00 0.0000000000000000e+00 1.1684376325616093e+00 7.4939471838338996e+00 8.1043806348114769e-02 0.0000000000000000e+00 8.1043806348114769e-02 -2.0089833352200387e+01 0.0000000000000000e+00 0.0000000000000000e+00 0.0000000000000000e+00 1.0899008161559727e+00 8.2774633579769930e+00 3.1527836750978250e-01 0.0000000000000000e+00 3.1527836750978250e-01 -1.9927628196596000e+01 0.0000000000000000e+00 0.0000000000000000e+00 0.0000000000000000e+00 1.2282838817473831e+00 7.9117729001389359e+00 6.8650966040159001e-01 0.0000000000000000e+00 6.8650966040159001e-01 -2.0106422156217214e+01 0.0000000000000000e+00 0.0000000000000000e+00 0.0000000000000000e+00 1.2102718898431741e+00 9.0567410472036389e+00 5.8373237741959094e-01 0.0000000000000000e+00 5.8373237741959094e-01 -1.9832581424916604e+01 0.0000000000000000e+00 0.0000000000000000e+00 0.0000000000000000e+00 1.4905812200200490e+00 9.0027855250962663e+00 1.0653873288962514e+00 0.0000000000000000e+00 1.0653873288962514e+00 -2.0048350802787297e+01 0.0000000000000000e+00 0.0000000000000000e+00 0.0000000000000000e+00 1.5549970833600886e+00 1.0327344941141209e+01 4.8554872066427984e-01 0.0000000000000000e+00 4.8554872066427984e-01 -1.9285185206818145e+01 0.0000000000000000e+00 0.0000000000000000e+00 0.0000000000000000e+00 2.0359812536317103e+00 1.0690248667876995e+01 8.3010971926800814e-01 0.0000000000000000e+00 8.3010971926800814e-01 -1.9350662292196699e+01 0.0000000000000000e+00 0.0000000000000000e+00 0.0000000000000000e+00 2.2705425793722256e+00 1.1552963629522750e+01 1.4248059159588997e-02 0.0000000000000000e+00 1.4248059159588997e-02 -1.7249452730802606e+01 0.0000000000000000e+00 0.0000000000000000e+00 0.0000000000000000e+00 3.0143866029516877e+00 1.2109729633691483e+01 -1.9052167728130905e-02 0.0000000000000000e+00 -1.9052167728130905e-02 -1.6336279005647015e+01 0.0000000000000000e+00 0.0000000000000000e+00 0.0000000000000000e+00 3.6007018550822174e+00 1.2559781737697032e+01 -4.9929966876831255e-01 0.0000000000000000e+00 -4.9929966876831255e-01 -1.7496463198970432e+01 0.0000000000000000e+00 0.0000000000000000e+00 0.0000000000000000e+00 3.6783288949484971e+00 1.1432226357068416e+01 -2.3423298884983970e+00 0.0000000000000000e+00 -2.3423298884983970e+00 -2.0654818758466039e+01 0.0000000000000000e+00 0.0000000000000000e+00 0.0000000000000000e+00 2.5378889462452654e+00 9.9764805157182046e+00 -2.3548718390812278e+00 0.0000000000000000e+00 -2.3548718390812278e+00 -2.0533720924130613e+01 0.0000000000000000e+00 0.0000000000000000e+00 0.0000000000000000e+00 1.9921612108073119e+00 8.0134386226606917e+00 -3.3650212383488975e+00 0.0000000000000000e+00 -3.3650212383488975e+00 -2.0910331650466478e+01 0.0000000000000000e+00 0.0000000000000000e+00 0.0000000000000000e+00 1.4355987583232195e+00 7.5891100168594017e+00 -2.1901216832108537e+00 0.0000000000000000e+00 -2.1901216832108537e+00 -2.0486332606049928e+01 0.0000000000000000e+00 0.0000000000000000e+00 0.0000000000000000e+00 1.2901665565743876e+00 5.9597617559707929e+00 -2.3821535073963602e+00 0.0000000000000000e+00 -2.3821535073963602e+00 -2.0376827756394938e+01 0.0000000000000000e+00 0.0000000000000000e+00 0.0000000000000000e+00 9.7954686653811185e-01 6.3438275752423783e+00 -1.2663521657924550e+00 0.0000000000000000e+00 -1.2663521657924550e+00 -2.0269947450706180e+01 0.0000000000000000e+00 0.0000000000000000e+00 0.0000000000000000e+00 9.8149737069291487e-01 5.1062757410931026e+00 -1.1015437729959054e+00 0.0000000000000000e+00 -1.1015437729959054e+00 -2.0158239028739480e+01 0.0000000000000000e+00 0.0000000000000000e+00 0.0000000000000000e+00 7.8907768037184600e-01 5.9055415285218187e+00 -2.1162339543553402e-01 0.0000000000000000e+00 -2.1162339543553402e-01 -2.0177503046969782e+01 0.0000000000000000e+00 0.0000000000000000e+00 0.0000000000000000e+00 8.7774487779818189e-01 4.9167997835071864e+00 1.7633457781187267e-01 0.0000000000000000e+00 1.7633457781187267e-01 -2.0109856430210609e+01 0.0000000000000000e+00 0.0000000000000000e+00 0.0000000000000000e+00 7.4674967265513281e-01 6.1123057343952691e+00 8.4457751822632965e-01 0.0000000000000000e+00 8.4457751822632965e-01 -2.0207938350871029e+01 0.0000000000000000e+00 0.0000000000000000e+00 0.0000000000000000e+00 9.3064354839035579e-01 5.3005985635150363e+00 1.4529627615236680e+00 0.0000000000000000e+00 1.4529627615236680e+00 -2.0193511008289963e+01 0.0000000000000000e+00 0.0000000000000000e+00 0.0000000000000000e+00 8.3679293323408266e-01 7.0232096646290039e+00 1.8191958314900065e+00 0.0000000000000000e+00 1.8191958314900065e+00 -2.0353996591088706e+01 0.0000000000000000e+00 0.0000000000000000e+00 0.0000000000000000e+00 1.1600972553956885e+00 6.4065057376389385e+00 2.7012743555293057e+00 0.0000000000000000e+00 2.7012743555293057e+00 -2.0456915769370109e+01 0.0000000000000000e+00 0.0000000000000000e+00 0.0000000000000000e+00 1.0895436571476105e+00 8.8840439428325961e+00 2.3979591150127715e+00 0.0000000000000000e+00 2.3979591150127715e+00 -2.0495134566343896e+01 0.0000000000000000e+00 0.0000000000000000e+00 0.0000000000000000e+00 1.6760061462807176e+00 8.6784674048289467e+00 3.4839603014958378e+00 0.0000000000000000e+00 3.4839603014958378e+00 -2.0895678623057094e+01 0.0000000000000000e+00 0.0000000000000000e+00 0.0000000000000000e+00 1.6395033011989186e+00 1.1688033503046404e+01 1.5838680029454801e+00 0.0000000000000000e+00 1.5838680029454801e+00 -1.9329689398999157e+01 0.0000000000000000e+00 0.0000000000000000e+00 0.0000000000000000e+00 2.8668365645487981e+00 1.2461733712466749e+01 1.2531846955367791e+00 0.0000000000000000e+00 1.2531846955367791e+00 -1.8882094840854915e+01 0.0000000000000000e+00 0.0000000000000000e+00 0.0000000000000000e+00 3.3785583281513163e+00 1.1337801485591832e+01 -4.9792718261199393e+00 0.0000000000000000e+00 -4.9792718261199393e+00 -2.5799064913625301e+01 0.0000000000000000e+00 0.0000000000000000e+00 0.0000000000000000e+00 1.2569543049221810e+00 2.8914000823872934e+00 -8.6409315515098566e+00 0.0000000000000000e+00 -8.6409315515098566e+00 -2.3758303491262360e+01 0.0000000000000000e+00 0.0000000000000000e+00 0.0000000000000000e+00 -5.1940435599636137e-01 5.0322958325978675e+00 -5.7805635635147832e+00 0.0000000000000000e+00 -5.7805635635147832e+00 -2.1216219278590998e+01 0.0000000000000000e+00 0.0000000000000000e+00 0.0000000000000000e+00 7.4015629953447781e-01 2.1342847403027414e+00 -5.4978450530073379e+00 0.0000000000000000e+00 -5.4978450530073379e+00 -2.0142043034316639e+01 0.0000000000000000e+00 0.0000000000000000e+00 0.0000000000000000e+00 3.3833917846208672e-01 3.4739191378229681e+00 -3.6693514300324819e+00 0.0000000000000000e+00 -3.6693514300324819e+00 -2.0122541357754212e+01 0.0000000000000000e+00 0.0000000000000000e+00 0.0000000000000000e+00 6.0074666735323734e-01 1.6629095536225447e+00 -3.2452078463020553e+00 0.0000000000000000e+00 -3.2452078463020553e+00 -1.9677794829068528e+01 0.0000000000000000e+00 0.0000000000000000e+00 0.0000000000000000e+00 3.3620108403255838e-01 2.8412854059674415e+00 -1.8894175736277548e+00 0.0000000000000000e+00 -1.8894175736277548e+00 -1.9870436787218200e+01 0.0000000000000000e+00 0.0000000000000000e+00 0.0000000000000000e+00 4.8658791895757497e-01 1.4337707177752155e+00 -1.4225282654142086e+00 0.0000000000000000e+00 -1.4225282654142086e+00 -1.9606408867979230e+01 0.0000000000000000e+00 0.0000000000000000e+00 0.0000000000000000e+00 2.8887522160524626e-01 2.6316822661628727e+00 -2.8971800041273676e-01 0.0000000000000000e+00 -2.8971800041273676e-01 -1.9813755283701873e+01 0.0000000000000000e+00 0.0000000000000000e+00 0.0000000000000000e+00 4.4071142807129432e-01 1.3872712633565387e+00 2.3927570959336320e-01 0.0000000000000000e+00 2.3927570959336320e-01 -1.9599106656364260e+01 0.0000000000000000e+00 0.0000000000000000e+00 0.0000000000000000e+00 2.7711604876423251e-01 2.7463166950249707e+00 1.2800695953111281e+00 0.0000000000000000e+00 1.2800695953111281e+00 -1.9834272345282724e+01 0.0000000000000000e+00 0.0000000000000000e+00 0.0000000000000000e+00 4.6894663825586264e-01 1.5153304459749160e+00 1.9233131633644411e+00 0.0000000000000000e+00 1.9233131633644411e+00 -1.9613285713638959e+01 0.0000000000000000e+00 0.0000000000000000e+00 0.0000000000000000e+00 3.1128008636743110e-01 3.2406165238053974e+00 2.9490524325503302e+00 0.0000000000000000e+00 2.9490524325503302e+00 -1.9978927454500298e+01 0.0000000000000000e+00 0.0000000000000000e+00 0.0000000000000000e+00 5.7384005412491201e-01 1.8768664088943412e+00 3.8176500034494092e+00 0.0000000000000000e+00 3.8176500034494092e+00 -1.9757281410618276e+01 0.0000000000000000e+00 0.0000000000000000e+00 0.0000000000000000e+00 3.7654216614956243e-01 4.4519667474031843e+00 4.7648953578746296e+00 0.0000000000000000e+00 4.7648953578746296e+00 -2.0558240053811762e+01 0.0000000000000000e+00 0.0000000000000000e+00 0.0000000000000000e+00 7.6345134141100324e-01 2.7471730548561846e+00 6.1820263537781903e+00 0.0000000000000000e+00 6.1820263537781903e+00 -2.0653931306283230e+01 0.0000000000000000e+00 0.0000000000000000e+00 0.0000000000000000e+00 3.6863919123872252e-01 7.5900459323916500e+00 5.8071474432652908e+00 0.0000000000000000e+00 5.8071474432652908e+00 -2.2721960236334127e+01 0.0000000000000000e+00 0.0000000000000000e+00 0.0000000000000000e+00 1.0557590421510255e+00 4.7284265737147484e+00 8.4514050506523049e+00 0.0000000000000000e+00 8.4514050506523049e+00 -2.6923426979624956e+01 0.0000000000000000e+00 0.0000000000000000e+00 0.0000000000000000e+00 -9.1783345510612735e-01 3.4503219489055312e+00 -6.9059991603811233e-01 0.0000000000000000e+00 -6.9059991603811233e-01 -1.1651090092632229e+01 0.0000000000000000e+00 0.0000000000000000e+00 0.0000000000000000e+00 -6.4356377645134299e-01 3.4658783298109785e+00 -4.4280585141045703e-01 0.0000000000000000e+00 -4.4280585141045703e-01 -1.1664551904045352e+01 0.0000000000000000e+00 0.0000000000000000e+00 0.0000000000000000e+00 -7.8826873893697769e-01 2.8680442781589757e+00 -6.8303800357015498e-01 0.0000000000000000e+00 -6.8303800357015498e-01 -1.2357163183134466e+01 0.0000000000000000e+00 0.0000000000000000e+00 0.0000000000000000e+00 -1.0300690048259804e+00 2.8825409002075326e+00 -4.4857041769796535e-01 0.0000000000000000e+00 -4.4857041769796535e-01 -1.2202000053631716e+01 0.0000000000000000e+00 0.0000000000000000e+00 0.0000000000000000e+00 -1.1245044126939212e+00 2.6125245343506913e+00 -4.1557472440449694e-01 0.0000000000000000e+00 -4.1557472440449694e-01 -1.2584585415769237e+01 0.0000000000000000e+00 0.0000000000000000e+00 0.0000000000000000e+00 -1.1749515977588958e+00 2.5992317716194107e+00 -2.8182348167263982e-01 0.0000000000000000e+00 -2.8182348167263982e-01 -1.2420287265908657e+01 0.0000000000000000e+00 0.0000000000000000e+00 0.0000000000000000e+00 -1.2749833149534391e+00 2.5150556105986799e+00 -1.9646406119567159e-01 0.0000000000000000e+00 -1.9646406119567159e-01 -1.2742922434236522e+01 0.0000000000000000e+00 0.0000000000000000e+00 0.0000000000000000e+00 -1.2516933804246857e+00 2.4843971576296191e+00 -1.1921684111446924e-01 0.0000000000000000e+00 -1.1921684111446924e-01 -1.2540496980076322e+01 0.0000000000000000e+00 0.0000000000000000e+00 0.0000000000000000e+00 -1.3454966134006765e+00 2.4858580173296003e+00 -2.4042697389683784e-02 0.0000000000000000e+00 -2.4042697389683784e-02 -1.2809694620246672e+01 0.0000000000000000e+00 0.0000000000000000e+00 0.0000000000000000e+00 -1.2804843142084554e+00 2.4586869454259070e+00 2.5930240006515625e-02 0.0000000000000000e+00 2.5930240006515625e-02 -1.2571192159442502e+01 0.0000000000000000e+00 0.0000000000000000e+00 0.0000000000000000e+00 -1.3624182308716444e+00 2.4938846987568204e+00 1.4219534281546301e-01 0.0000000000000000e+00 1.4219534281546301e-01 -1.2773027561480552e+01 0.0000000000000000e+00 0.0000000000000000e+00 0.0000000000000000e+00 -1.2670761921504519e+00 2.5045472453849595e+00 1.7802473747147016e-01 0.0000000000000000e+00 1.7802473747147016e-01 -1.2511583351281612e+01 0.0000000000000000e+00 0.0000000000000000e+00 0.0000000000000000e+00 -1.3307774984356622e+00 2.5511304065512745e+00 3.4692314804344182e-01 0.0000000000000000e+00 3.4692314804344182e-01 -1.2637551033919895e+01 0.0000000000000000e+00 0.0000000000000000e+00 0.0000000000000000e+00 -1.2092595215439199e+00 2.6584976948167101e+00 3.5875710366837871e-01 0.0000000000000000e+00 3.5875710366837871e-01 -1.2368611743721566e+01 0.0000000000000000e+00 0.0000000000000000e+00 0.0000000000000000e+00 -1.2417008813381245e+00 2.7218249733944546e+00 6.1509833339318432e-01 0.0000000000000000e+00 6.1509833339318432e-01 -1.2418916621317919e+01 0.0000000000000000e+00 0.0000000000000000e+00 0.0000000000000000e+00 -1.0924608277103729e+00 3.0401326121203245e+00 5.3492668221032558e-01 0.0000000000000000e+00 5.3492668221032558e-01 -1.2128021960419161e+01 0.0000000000000000e+00 0.0000000000000000e+00 0.0000000000000000e+00 -1.0550334711563174e+00 3.1310226350826613e+00 7.9487905975385720e-01 0.0000000000000000e+00 7.9487905975385720e-01 -1.2077169732252482e+01 0.0000000000000000e+00 0.0000000000000000e+00 0.0000000000000000e+00 -8.6717746248428051e-01 3.9001469042242531e+00 3.0540134715353667e-01 0.0000000000000000e+00 3.0540134715353667e-01 -1.1247133886496952e+01 0.0000000000000000e+00 0.0000000000000000e+00 0.0000000000000000e+00 -5.3276276134847611e-01 3.4216149426171039e+00 5.1906811530942322e-02 0.0000000000000000e+00 5.1906811530942322e-02 -1.0388191052753943e+01 0.0000000000000000e+00 0.0000000000000000e+00 0.0000000000000000e+00 -7.0930616637438459e-01 3.0140597380940899e+00 5.4722979351994244e-02 0.0000000000000000e+00 5.4722979351994244e-02 -1.0580586088642871e+01 0.0000000000000000e+00 0.0000000000000000e+00 0.0000000000000000e+00 -1.0346245718313012e+00 2.9748802847112987e+00 -1.5049474682698119e-01 0.0000000000000000e+00 -1.5049474682698119e-01 -1.1488962873891376e+01 0.0000000000000000e+00 0.0000000000000000e+00 0.0000000000000000e+00 -1.1735581100873567e+00 2.6839552228935544e+00 -4.2212235281913334e-02 0.0000000000000000e+00 -4.2212235281913334e-02 -1.1338724512970044e+01 0.0000000000000000e+00 0.0000000000000000e+00 0.0000000000000000e+00 -1.3610974536896132e+00 2.6021947950956794e+00 -1.6593828861925439e-01 0.0000000000000000e+00 -1.6593828861925439e-01 -1.1855164350662573e+01 0.0000000000000000e+00 0.0000000000000000e+00 0.0000000000000000e+00 -1.3952242000034007e+00 2.4022903494847463e+00 -6.4460246453833511e-02 0.0000000000000000e+00 -6.4460246453833511e-02 -1.1640962973612957e+01 0.0000000000000000e+00 0.0000000000000000e+00 0.0000000000000000e+00 -1.5362684539051303e+00 2.3987086745013979e+00 -9.5506561831891310e-02 0.0000000000000000e+00 -9.5506561831891310e-02 -1.2011285093876236e+01 0.0000000000000000e+00 0.0000000000000000e+00 0.0000000000000000e+00 -1.5031062591457844e+00 2.2486012575158263e+00 -3.4007368932750186e-02 0.0000000000000000e+00 -3.4007368932750186e-02 -1.1769057741748819e+01 0.0000000000000000e+00 0.0000000000000000e+00 0.0000000000000000e+00 -1.6208036119365639e+00 2.3259270564159955e+00 -1.0760339283116201e-02 0.0000000000000000e+00 -1.0760339283116201e-02 -1.2067027162243525e+01 0.0000000000000000e+00 0.0000000000000000e+00 0.0000000000000000e+00 -1.5416633650815907e+00 2.2122994588142952e+00 1.1565815562428496e-02 0.0000000000000000e+00 1.1565815562428496e-02 -1.1798474157333107e+01 0.0000000000000000e+00 0.0000000000000000e+00 0.0000000000000000e+00 -1.6405190762223107e+00 2.3615706818357269e+00 7.5055841879658303e-02 0.0000000000000000e+00 7.5055841879658303e-02 -1.2039656242218967e+01 0.0000000000000000e+00 0.0000000000000000e+00 0.0000000000000000e+00 -1.5227590014483052e+00 2.2880265176065699e+00 5.6000288743636273e-02 0.0000000000000000e+00 5.6000288743636273e-02 -1.1741081036237073e+01 0.0000000000000000e+00 0.0000000000000000e+00 0.0000000000000000e+00 -1.6005830222558171e+00 2.5216977542615067e+00 1.5487007491151372e-01 0.0000000000000000e+00 1.5487007491151372e-01 -1.1924599948195116e+01 0.0000000000000000e+00 0.0000000000000000e+00 0.0000000000000000e+00 -1.4402039915134170e+00 2.4932180208794130e+00 7.4727875694684337e-02 0.0000000000000000e+00 7.4727875694684337e-02 -1.1572396041348206e+01 0.0000000000000000e+00 0.0000000000000000e+00 0.0000000000000000e+00 -1.4884200728073047e+00 2.8632634049951871e+00 1.7592699332571704e-01 0.0000000000000000e+00 1.7592699332571704e-01 -1.1668358820648859e+01 0.0000000000000000e+00 0.0000000000000000e+00 0.0000000000000000e+00 -1.2608619580294351e+00 2.8315433187646968e+00 6.3788113924582800e-05 0.0000000000000000e+00 6.3788113924582800e-05 -1.1162660506770747e+01 0.0000000000000000e+00 0.0000000000000000e+00 0.0000000000000000e+00 -1.2640018230684826e+00 3.3274603822042188e+00 5.5306845381512216e-03 0.0000000000000000e+00 5.5306845381512216e-03 -1.0898609542057265e+01 0.0000000000000000e+00 0.0000000000000000e+00 0.0000000000000000e+00 -8.9067808128924741e-01 3.0712490051163615e+00 -9.6991366416385436e-02 0.0000000000000000e+00 -9.6991366416385436e-02 -1.0064201854806434e+01 0.0000000000000000e+00 0.0000000000000000e+00 0.0000000000000000e+00 -8.6255252157368911e-01 2.3721967136591462e+00 1.1565035977751223e-01 0.0000000000000000e+00 1.1565035977751223e-01 -9.6865643918826105e+00 0.0000000000000000e+00 0.0000000000000000e+00 0.0000000000000000e+00 -1.2496436368003720e+00 2.0024810983943597e+00 1.7120178949826254e-01 0.0000000000000000e+00 1.7120178949826254e-01 -9.7567564853635229e+00 0.0000000000000000e+00 0.0000000000000000e+00 0.0000000000000000e+00 -1.5269492827574147e+00 2.2734624304743791e+00 1.6186524141087344e-01 0.0000000000000000e+00 1.6186524141087344e-01 -1.0518072144169448e+01 0.0000000000000000e+00 0.0000000000000000e+00 0.0000000000000000e+00 -1.5287162474418536e+00 1.9202166469612039e+00 1.7810514721657655e-01 0.0000000000000000e+00 1.7810514721657655e-01 -1.0389241038020042e+01 0.0000000000000000e+00 0.0000000000000000e+00 0.0000000000000000e+00 -1.7413739839843176e+00 2.0878129913501540e+00 8.1058641414137225e-02 0.0000000000000000e+00 8.1058641414137225e-02 -1.0957593214443229e+01 0.0000000000000000e+00 0.0000000000000000e+00 0.0000000000000000e+00 -1.7162674002612546e+00 1.7908449399830582e+00 1.0691690327723848e-01 0.0000000000000000e+00 1.0691690327723848e-01 -1.0731151567096711e+01 0.0000000000000000e+00 0.0000000000000000e+00 0.0000000000000000e+00 -1.8827586548007624e+00 1.9434790452976709e+00 3.1139326457655755e-02 0.0000000000000000e+00 3.1139326457655755e-02 -1.1157630062956407e+01 0.0000000000000000e+00 0.0000000000000000e+00 0.0000000000000000e+00 -1.8195786386309547e+00 1.6968262186725926e+00 4.5121304383102287e-02 0.0000000000000000e+00 4.5121304383102287e-02 -1.0886938400659757e+01 0.0000000000000000e+00 0.0000000000000000e+00 0.0000000000000000e+00 -1.9577003212628148e+00 1.8840424130225397e+00 5.8494183774317858e-03 0.0000000000000000e+00 5.8494183774317858e-03 -1.1225429779747323e+01 0.0000000000000000e+00 0.0000000000000000e+00 0.0000000000000000e+00 -1.8577495433507680e+00 1.6730769049776892e+00 -5.6248244101760872e-03 0.0000000000000000e+00 -5.6248244101760872e-03 -1.0922341098644049e+01 0.0000000000000000e+00 0.0000000000000000e+00 0.0000000000000000e+00 -1.9754459247665739e+00 1.9171959120402478e+00 -1.6634075958308150e-02 0.0000000000000000e+00 -1.6634075958308150e-02 -1.1193740279753980e+01 0.0000000000000000e+00 0.0000000000000000e+00 0.0000000000000000e+00 -1.8382966436474524e+00 1.7262246736078586e+00 -6.0058521777349022e-02 0.0000000000000000e+00 -6.0058521777349022e-02 -1.0851722669942886e+01 0.0000000000000000e+00 0.0000000000000000e+00 0.0000000000000000e+00 -1.9383160655671743e+00 2.0412550888175849e+00 -5.8321794619351629e-02 0.0000000000000000e+00 -5.8321794619351629e-02 -1.1046998182779788e+01 0.0000000000000000e+00 0.0000000000000000e+00 0.0000000000000000e+00 -1.7570562615219933e+00 1.8431437529733072e+00 -1.3300937708654353e-01 0.0000000000000000e+00 -1.3300937708654353e-01 -1.0643377479322350e+01 0.0000000000000000e+00 0.0000000000000000e+00 0.0000000000000000e+00 -1.8407367845713796e+00 2.2233371854745752e+00 -1.3674314843756019e-01 0.0000000000000000e+00 -1.3674314843756019e-01 -1.0700291941275411e+01 0.0000000000000000e+00 0.0000000000000000e+00 0.0000000000000000e+00 -1.5984197600735846e+00 1.9666278335337384e+00 -2.0650682940376283e-01 0.0000000000000000e+00 -2.0650682940376283e-01 -1.0203196618408617e+01 0.0000000000000000e+00 0.0000000000000000e+00 0.0000000000000000e+00 -1.6716373021291295e+00 2.3628229909719303e+00 -1.6709018979320109e-01 0.0000000000000000e+00 -1.6709018979320109e-01 -9.9866712345331408e+00 0.0000000000000000e+00 0.0000000000000000e+00 0.0000000000000000e+00 -1.3424878064016958e+00 2.0006520923178890e+00 -1.1291937032802284e-01 0.0000000000000000e+00 -1.1291937032802284e-01 -9.4562834110149865e+00 0.0000000000000000e+00 0.0000000000000000e+00 0.0000000000000000e+00 -1.4373560622757955e+00 1.2787756447469618e+00 1.0439361663627264e-01 0.0000000000000000e+00 1.0439361663627264e-01 -9.0901597980162396e+00 0.0000000000000000e+00 0.0000000000000000e+00 0.0000000000000000e+00 -1.8347485793141156e+00 9.2329136388357724e-01 1.6969033539509584e-01 0.0000000000000000e+00 1.6969033539509584e-01 -9.0430909066538909e+00 0.0000000000000000e+00 0.0000000000000000e+00 0.0000000000000000e+00 -2.0726065294977603e+00 1.2867830233624358e+00 2.3763376833143243e-01 0.0000000000000000e+00 2.3763376833143243e-01 -9.6278812322914380e+00 0.0000000000000000e+00 0.0000000000000000e+00 0.0000000000000000e+00 -1.9936627960120321e+00 9.3586068203752404e-01 2.3440946125794360e-01 0.0000000000000000e+00 2.3440946125794360e-01 -9.4792055308951717e+00 0.0000000000000000e+00 0.0000000000000000e+00 0.0000000000000000e+00 -2.1996701213239600e+00 1.2462403227622949e+00 1.9466873495086368e-01 0.0000000000000000e+00 1.9466873495086368e-01 -1.0009475444247434e+01 0.0000000000000000e+00 0.0000000000000000e+00 0.0000000000000000e+00 -2.1203038697788750e+00 9.1467953324210682e-01 1.7865498710869368e-01 0.0000000000000000e+00 1.7865498710869368e-01 -9.7774944208961703e+00 0.0000000000000000e+00 0.0000000000000000e+00 0.0000000000000000e+00 -2.2955111329628846e+00 1.1926086964282747e+00 1.0705159027060197e-01 0.0000000000000000e+00 1.0705159027060197e-01 -1.0217874465582195e+01 0.0000000000000000e+00 0.0000000000000000e+00 0.0000000000000000e+00 -2.1989130640795085e+00 8.8665470610239017e-01 8.5118083148682036e-02 0.0000000000000000e+00 8.5118083148682036e-02 -9.9332222457884498e+00 0.0000000000000000e+00 0.0000000000000000e+00 0.0000000000000000e+00 -2.3506369285724862e+00 1.1661703474113421e+00 1.6040302323990906e-02 0.0000000000000000e+00 1.6040302323990906e-02 -1.0293388517878478e+01 0.0000000000000000e+00 0.0000000000000000e+00 0.0000000000000000e+00 -2.2294987844734742e+00 8.7882147952528666e-01 -1.6363050086014908e-02 0.0000000000000000e+00 -1.6363050086014908e-02 -9.9699670136146743e+00 0.0000000000000000e+00 0.0000000000000000e+00 0.0000000000000000e+00 -2.3640103268934847e+00 1.1822688695499670e+00 -7.5142141051228059e-02 0.0000000000000000e+00 -7.5142141051228059e-02 -1.0256498224040957e+01 0.0000000000000000e+00 0.0000000000000000e+00 0.0000000000000000e+00 -2.2136021396806296e+00 8.9801110479935198e-01 -1.1815552233879502e-01 0.0000000000000000e+00 -1.1815552233879502e-01 -9.8948436086104703e+00 0.0000000000000000e+00 0.0000000000000000e+00 0.0000000000000000e+00 -2.3357164178100009e+00 1.2320785079519563e+00 -1.6695351182567889e-01 0.0000000000000000e+00 -1.6695351182567889e-01 -1.0095115018028485e+01 0.0000000000000000e+00 0.0000000000000000e+00 0.0000000000000000e+00 -2.1502442863562914e+00 9.2861052214079132e-01 -2.0812737178887500e-01 0.0000000000000000e+00 -2.0812737178887500e-01 -9.6910208985399358e+00 0.0000000000000000e+00 0.0000000000000000e+00 0.0000000000000000e+00 -2.2653897795864100e+00 1.2806864791679551e+00 -2.3371720551208305e-01 0.0000000000000000e+00 -2.3371720551208305e-01 -9.7683873760542230e+00 0.0000000000000000e+00 0.0000000000000000e+00 0.0000000000000000e+00 -2.0376436023992133e+00 9.3694532506053785e-01 -2.3760110529795256e-01 0.0000000000000000e+00 -2.3760110529795256e-01 -9.3347185023679948e+00 0.0000000000000000e+00 0.0000000000000000e+00 0.0000000000000000e+00 -2.1559986198589027e+00 1.2866576858867398e+00 -1.7599137940204665e-01 0.0000000000000000e+00 -1.7599137940204665e-01 -9.2624626357592401e+00 0.0000000000000000e+00 0.0000000000000000e+00 0.0000000000000000e+00 -1.8840748182950824e+00 9.1362675812203376e-01 -9.5609592123481593e-02 0.0000000000000000e+00 -9.5609592123481593e-02 -8.8731941607439655e+00 0.0000000000000000e+00 0.0000000000000000e+00 0.0000000000000000e+00 -2.0245368874532459e+00 2.4818390406603710e-01 8.3473904242131969e-02 0.0000000000000000e+00 8.3473904242131969e-02 -8.4107684820974686e+00 0.0000000000000000e+00 0.0000000000000000e+00 0.0000000000000000e+00 -2.3518864845205663e+00 7.6441104293658524e-02 1.3875077931506574e-01 0.0000000000000000e+00 1.3875077931506574e-01 -8.0943433474144815e+00 0.0000000000000000e+00 0.0000000000000000e+00 0.0000000000000000e+00 -2.3811484507140239e+00 2.8341704397754780e-01 2.2077086634593099e-01 0.0000000000000000e+00 2.2077086634593099e-01 -8.7318671017187626e+00 0.0000000000000000e+00 0.0000000000000000e+00 0.0000000000000000e+00 -2.4376461284334745e+00 1.1712316803211968e-01 2.1545483222645778e-01 0.0000000000000000e+00 2.1545483222645778e-01 -8.3652524323967352e+00 0.0000000000000000e+00 0.0000000000000000e+00 0.0000000000000000e+00 -2.4502165570871624e+00 3.0758794364535841e-01 2.1063361310996251e-01 0.0000000000000000e+00 2.1063361310996251e-01 -9.0107590375821172e+00 0.0000000000000000e+00 0.0000000000000000e+00 0.0000000000000000e+00 -2.5140624392921382e+00 1.4504562478875543e-01 1.8158623159617207e-01 0.0000000000000000e+00 1.8158623159617207e-01 -8.5853218108790657e+00 0.0000000000000000e+00 0.0000000000000000e+00 0.0000000000000000e+00 -2.5078606336048708e+00 3.1179807762051764e-01 1.2793503894795322e-01 0.0000000000000000e+00 1.2793503894795322e-01 -9.1870338196989305e+00 0.0000000000000000e+00 0.0000000000000000e+00 0.0000000000000000e+00 -2.5656818337346352e+00 1.5574036096424110e-01 9.1350515738245819e-02 0.0000000000000000e+00 9.1350515738245819e-02 -8.7137605842043833e+00 0.0000000000000000e+00 0.0000000000000000e+00 0.0000000000000000e+00 -2.5431838447498207e+00 3.1046886575308452e-01 1.8970308179631509e-02 0.0000000000000000e+00 1.8970308179631509e-02 -9.2556265376815006e+00 0.0000000000000000e+00 0.0000000000000000e+00 0.0000000000000000e+00 -2.5866584126896366e+00 1.5799353255944037e-01 -1.9437746922087683e-02 0.0000000000000000e+00 -1.9437746922087683e-02 -8.7451653715983806e+00 0.0000000000000000e+00 0.0000000000000000e+00 0.0000000000000000e+00 -2.5519293294894596e+00 3.1237521407492930e-01 -9.3163417810466220e-02 0.0000000000000000e+00 -9.3163417810466220e-02 -9.2205958900362646e+00 0.0000000000000000e+00 0.0000000000000000e+00 0.0000000000000000e+00 -2.5755773138995104e+00 1.5479729644749318e-01 -1.2707582257414943e-01 0.0000000000000000e+00 -1.2707582257414943e-01 -8.6797746679136605e+00 0.0000000000000000e+00 0.0000000000000000e+00 0.0000000000000000e+00 -2.5332709892176268e+00 3.1200957475932223e-01 -1.8826698961590210e-01 0.0000000000000000e+00 -1.8826698961590210e-01 -9.0783307596921823e+00 0.0000000000000000e+00 0.0000000000000000e+00 0.0000000000000000e+00 -2.5330074665909681e+00 1.3903312513888788e-01 -2.0443627329931849e-01 0.0000000000000000e+00 -2.0443627329931849e-01 -8.5162813485498248e+00 0.0000000000000000e+00 0.0000000000000000e+00 0.0000000000000000e+00 -2.4889522448010588e+00 2.9468156565967751e-01 -2.2841509782157179e-01 0.0000000000000000e+00 -2.2841509782157179e-01 -8.8267273065519767e+00 0.0000000000000000e+00 0.0000000000000000e+00 0.0000000000000000e+00 -2.4627248333787999e+00 1.0333748507881177e-01 -2.0652306846139629e-01 0.0000000000000000e+00 -2.0652306846139629e-01 -8.2684813591997841e+00 0.0000000000000000e+00 0.0000000000000000e+00 0.0000000000000000e+00 -2.4253209400140689e+00 2.5856820529871583e-01 -1.4763748893919204e-01 0.0000000000000000e+00 -1.4763748893919204e-01 -8.5046911232059497e+00 0.0000000000000000e+00 0.0000000000000000e+00 0.0000000000000000e+00 -2.3769479864832803e+00 6.6004524655523686e-02 -7.3970184258407554e-02 0.0000000000000000e+00 -7.3970184258407554e-02 -8.0022190195836487e+00 0.0000000000000000e+00 0.0000000000000000e+00 0.0000000000000000e+00 -2.3566421262562418e+00 5.1946613826515742e-03 6.2393694121398072e-02 0.0000000000000000e+00 6.2393694121398072e-02 -6.8921351777558622e+00 0.0000000000000000e+00 0.0000000000000000e+00 0.0000000000000000e+00 -2.0660821549119630e+00 1.4170772255315784e-02 1.0381328791887059e-01 0.0000000000000000e+00 1.0381328791887059e-01 -6.3307479174040520e+00 0.0000000000000000e+00 0.0000000000000000e+00 0.0000000000000000e+00 -1.8949731435446211e+00 4.3678472094676520e-02 1.7654248329149821e-01 0.0000000000000000e+00 1.7654248329149821e-01 -7.0650931515877557e+00 0.0000000000000000e+00 0.0000000000000000e+00 0.0000000000000000e+00 -2.1064244038479236e+00 5.8947631649953584e-02 1.7154822930286598e-01 0.0000000000000000e+00 1.7154822930286598e-01 -6.4810036582018817e+00 0.0000000000000000e+00 0.0000000000000000e+00 0.0000000000000000e+00 -1.9266168079655785e+00 8.8391724157463589e-02 1.8190450721415077e-01 0.0000000000000000e+00 1.8190450721415077e-01 -7.2452790128465479e+00 0.0000000000000000e+00 0.0000000000000000e+00 0.0000000000000000e+00 -2.1470661866067253e+00 1.0216786793462479e-01 1.5315978872475930e-01 0.0000000000000000e+00 1.5315978872475930e-01 -6.6232295995562289e+00 0.0000000000000000e+00 0.0000000000000000e+00 0.0000000000000000e+00 -1.9563185194864812e+00 1.1736115787916687e-01 1.1669731192264465e-01 0.0000000000000000e+00 1.1669731192264465e-01 -7.3724608976494039e+00 0.0000000000000000e+00 0.0000000000000000e+00 0.0000000000000000e+00 -2.1765299219310714e+00 1.2821950545215738e-01 7.9684591092265555e-02 0.0000000000000000e+00 7.9684591092265555e-02 -6.7134605696596772e+00 0.0000000000000000e+00 0.0000000000000000e+00 0.0000000000000000e+00 -1.9755723192622554e+00 1.2832203124458960e-01 1.7422187865574923e-02 0.0000000000000000e+00 1.7422187865574923e-02 -7.4246409432863212e+00 0.0000000000000000e+00 0.0000000000000000e+00 0.0000000000000000e+00 -2.1888956736125191e+00 1.3474188916835436e-01 -1.7777566201255580e-02 0.0000000000000000e+00 -1.7777566201255580e-02 -6.7360300807635012e+00 0.0000000000000000e+00 0.0000000000000000e+00 0.0000000000000000e+00 -1.9803864574785439e+00 1.2306423242561992e-01 -8.6369563599929366e-02 0.0000000000000000e+00 -8.6369563599929366e-02 -7.3970791315312976e+00 0.0000000000000000e+00 0.0000000000000000e+00 0.0000000000000000e+00 -2.1822044697317033e+00 1.2184092105903549e-01 -1.1057405361632638e-01 0.0000000000000000e+00 -1.1057405361632638e-01 -6.6882320191353006e+00 0.0000000000000000e+00 0.0000000000000000e+00 0.0000000000000000e+00 -1.9699173294228791e+00 1.0020841483942951e-01 -1.6614876967857331e-01 0.0000000000000000e+00 -1.6614876967857331e-01 -7.2915115294446444e+00 0.0000000000000000e+00 0.0000000000000000e+00 0.0000000000000000e+00 -2.1573909343815645e+00 8.9048662856026875e-02 -1.6887337648643366e-01 0.0000000000000000e+00 -1.6887337648643366e-01 -6.5758489249110585e+00 0.0000000000000000e+00 0.0000000000000000e+00 0.0000000000000000e+00 -1.9460400786165095e+00 5.9476645423185669e-02 -1.8755058515799533e-01 0.0000000000000000e+00 -1.8755058515799533e-01 -7.1224488973271924e+00 0.0000000000000000e+00 0.0000000000000000e+00 0.0000000000000000e+00 -2.1188916755712022e+00 4.2003517720234557e-02 -1.5962516763890169e-01 0.0000000000000000e+00 -1.5962516763890169e-01 -6.4228898599707405e+00 0.0000000000000000e+00 0.0000000000000000e+00 0.0000000000000000e+00 -1.9142659026751516e+00 1.4669312539833567e-02 -1.1239509645542489e-01 0.0000000000000000e+00 -1.1239509645542489e-01 -6.9367687731180308e+00 0.0000000000000000e+00 0.0000000000000000e+00 0.0000000000000000e+00 -2.0766298381734591e+00 4.7868583196268299e-03 -5.3851902618527153e-02 0.0000000000000000e+00 -5.3851902618527153e-02 -6.2871398558524136e+00 0.0000000000000000e+00 0.0000000000000000e+00 0.0000000000000000e+00 -1.8847058992598364e+00 4.5141343621860558e-03 4.3708787503889797e-02 0.0000000000000000e+00 4.3708787503889797e-02 -5.0776572531785309e+00 0.0000000000000000e+00 0.0000000000000000e+00 0.0000000000000000e+00 -1.5219429356449035e+00 1.2814479925971142e-02 7.1284169997529331e-02 0.0000000000000000e+00 7.1284169997529331e-02 -4.4713379098908268e+00 0.0000000000000000e+00 0.0000000000000000e+00 0.0000000000000000e+00 -1.3375570289894567e+00 4.0349231488245263e-02 1.2845964469199164e-01 0.0000000000000000e+00 1.2845964469199164e-01 -5.1529889576730143e+00 0.0000000000000000e+00 0.0000000000000000e+00 0.0000000000000000e+00 -1.5337919178554309e+00 5.5704430463953070e-02 1.2341400060636611e-01 0.0000000000000000e+00 1.2341400060636611e-01 -4.5401337483252400e+00 0.0000000000000000e+00 0.0000000000000000e+00 0.0000000000000000e+00 -1.3453287953583859e+00 8.7832253074405731e-02 1.3933547803975113e-01 0.0000000000000000e+00 1.3933547803975113e-01 -5.2546363154927169e+00 0.0000000000000000e+00 0.0000000000000000e+00 0.0000000000000000e+00 -1.5500412187254933e+00 1.0072871571560024e-01 1.1539563253564512e-01 0.0000000000000000e+00 1.1539563253564512e-01 -4.6186995695985944e+00 0.0000000000000000e+00 0.0000000000000000e+00 0.0000000000000000e+00 -1.3553912561648982e+00 1.2337734855833553e-01 9.2864735110575414e-02 0.0000000000000000e+00 9.2864735110575414e-02 -5.3330449870450085e+00 0.0000000000000000e+00 0.0000000000000000e+00 0.0000000000000000e+00 -1.5629002915460015e+00 1.3046968978993687e-01 6.1672965162262422e-02 0.0000000000000000e+00 6.1672965162262422e-02 -4.6715016401942249e+00 0.0000000000000000e+00 0.0000000000000000e+00 0.0000000000000000e+00 -1.3623095851212861e+00 1.3829553594791189e-01 1.3993242690244970e-02 0.0000000000000000e+00 1.3993242690244970e-02 -5.3662662230376945e+00 0.0000000000000000e+00 0.0000000000000000e+00 0.0000000000000000e+00 -1.5683912061269345e+00 1.3819080665867076e-01 -1.4185607739773879e-02 0.0000000000000000e+00 -1.4185607739773879e-02 -4.6847317166923608e+00 0.0000000000000000e+00 0.0000000000000000e+00 0.0000000000000000e+00 -1.3639622730101069e+00 1.3068196839898241e-01 -6.9446986402675895e-02 0.0000000000000000e+00 -6.9446986402675895e-02 -5.3481407790944893e+00 0.0000000000000000e+00 0.0000000000000000e+00 0.0000000000000000e+00 -1.5652376432086519e+00 1.2257217730074663e-01 -8.5323999314687288e-02 0.0000000000000000e+00 -8.5323999314687288e-02 -4.6558729141878867e+00 0.0000000000000000e+00 0.0000000000000000e+00 0.0000000000000000e+00 -1.3599902210661421e+00 1.0137231455881025e-01 -1.2929691193671433e-01 0.0000000000000000e+00 -1.2929691193671433e-01 -5.2817213859882504e+00 0.0000000000000000e+00 0.0000000000000000e+00 0.0000000000000000e+00 -1.5541047214288317e+00 8.6311978636198300e-02 -1.2525440719389208e-01 0.0000000000000000e+00 -1.2525440719389208e-01 -4.5908381692204649e+00 0.0000000000000000e+00 0.0000000000000000e+00 0.0000000000000000e+00 -1.3513578571752800e+00 5.6300887930599612e-02 -1.3905298268655136e-01 0.0000000000000000e+00 -1.3905298268655136e-01 -5.1829517911160492e+00 0.0000000000000000e+00 0.0000000000000000e+00 0.0000000000000000e+00 -1.5379952709556348e+00 3.9263427564537254e-02 -1.1230637879642727e-01 0.0000000000000000e+00 -1.1230637879642727e-01 -4.5099188657992286e+00 0.0000000000000000e+00 0.0000000000000000e+00 0.0000000000000000e+00 -1.3411966314704076e+00 1.2911645586722335e-02 -7.9107983553521860e-02 0.0000000000000000e+00 -7.9107983553521860e-02 -5.0914580314425084e+00 0.0000000000000000e+00 0.0000000000000000e+00 0.0000000000000000e+00 -1.5235639157567353e+00 4.4366259180345100e-03 -3.6153398712207289e-02 0.0000000000000000e+00 -3.6153398712207289e-02 -4.4580997420240438e+00 0.0000000000000000e+00 0.0000000000000000e+00 0.0000000000000000e+00 -1.3360989348318026e+00 4.5543203988145367e-03 2.6339987179046977e-02 0.0000000000000000e+00 2.6339987179046977e-02 -3.2132814103550928e+00 0.0000000000000000e+00 0.0000000000000000e+00 0.0000000000000000e+00 -9.6261812698688354e-01 1.3735162622634293e-02 3.9682255607393808e-02 0.0000000000000000e+00 3.9682255607393808e-02 -2.5769435995839993e+00 0.0000000000000000e+00 0.0000000000000000e+00 0.0000000000000000e+00 -7.6896253108840962e-01 3.9654730272005563e-02 8.2071198670760084e-02 0.0000000000000000e+00 8.2071198670760084e-02 -3.2312443100803923e+00 0.0000000000000000e+00 0.0000000000000000e+00 0.0000000000000000e+00 -9.5747687394251590e-01 5.6363091846593889e-02 7.5904074916513853e-02 0.0000000000000000e+00 7.5904074916513853e-02 -2.5984676555813984e+00 0.0000000000000000e+00 0.0000000000000000e+00 0.0000000000000000e+00 -7.6263136912044127e-01 8.6665079853910240e-02 9.4810768895856712e-02 0.0000000000000000e+00 9.4810768895856712e-02 -3.2770236103907395e+00 0.0000000000000000e+00 0.0000000000000000e+00 0.0000000000000000e+00 -9.5710755916104862e-01 1.0322517979997521e-01 7.5457996358596818e-02 0.0000000000000000e+00 7.5457996358596818e-02 -2.6303021237831787e+00 0.0000000000000000e+00 0.0000000000000000e+00 0.0000000000000000e+00 -7.5812308319496113e-01 1.2417489085506123e-01 6.5551586212106147e-02 0.0000000000000000e+00 6.5551586212106147e-02 -3.3144605828030840e+00 0.0000000000000000e+00 0.0000000000000000e+00 0.0000000000000000e+00 -9.5708570758440681e-01 1.3671233880172134e-01 4.1330286007072933e-02 0.0000000000000000e+00 4.1330286007072933e-02 -2.6518629347961999e+00 0.0000000000000000e+00 0.0000000000000000e+00 0.0000000000000000e+00 -7.5454517879834349e-01 1.4093368454217275e-01 9.8560112898125728e-03 0.0000000000000000e+00 9.8560112898125728e-03 -3.3303507806110675e+00 0.0000000000000000e+00 0.0000000000000000e+00 0.0000000000000000e+00 -9.5682512882066839e-01 1.4598164561570715e-01 -9.9688750034942764e-03 0.0000000000000000e+00 -9.9688750034942764e-03 -2.6570368534490330e+00 0.0000000000000000e+00 0.0000000000000000e+00 0.0000000000000000e+00 -7.5331656234999766e-01 1.3251767041092449e-01 -4.9629075649488388e-02 0.0000000000000000e+00 -4.9629075649488388e-02 -3.3212121638236738e+00 0.0000000000000000e+00 0.0000000000000000e+00 0.0000000000000000e+00 -9.5660834802382466e-01 1.2798718421549762e-01 -5.7333209707043177e-02 0.0000000000000000e+00 -5.7333209707043177e-02 -2.6448197533450761e+00 0.0000000000000000e+00 0.0000000000000000e+00 0.0000000000000000e+00 -7.5504977073887347e-01 1.0100428400490435e-01 -8.9514116473729338e-02 0.0000000000000000e+00 -8.9514116473729338e-02 -3.2889590981276879e+00 0.0000000000000000e+00 0.0000000000000000e+00 0.0000000000000000e+00 -9.5638644423683516e-01 8.8284929154093708e-02 -8.0532643139802990e-02 0.0000000000000000e+00 -8.0532643139802990e-02 -2.6178458338004891e+00 0.0000000000000000e+00 0.0000000000000000e+00 0.0000000000000000e+00 -7.5886827139391855e-01 5.5459515317012223e-02 -9.1181426981266703e-02 0.0000000000000000e+00 -9.1181426981266703e-02 -3.2432248444260741e+00 0.0000000000000000e+00 0.0000000000000000e+00 0.0000000000000000e+00 -9.5632959873271861e-01 4.0335252942439857e-02 -6.6483352229359166e-02 0.0000000000000000e+00 -6.6483352229359166e-02 -2.5862313080837986e+00 0.0000000000000000e+00 0.0000000000000000e+00 0.0000000000000000e+00 -7.6376881654240769e-01 1.3255818479962569e-02 -4.7900511637182640e-02 0.0000000000000000e+00 -4.7900511637182640e-02 -3.2105794845859501e+00 0.0000000000000000e+00 0.0000000000000000e+00 0.0000000000000000e+00 -9.5919709983179646e-01 5.4069318683750379e-03 -1.8460954314162618e-02 0.0000000000000000e+00 -1.8460954314162618e-02 -2.5801536523731339e+00 0.0000000000000000e+00 0.0000000000000000e+00 0.0000000000000000e+00 -7.7242401615142764e-01 4.3765477507672909e-03 8.2282768056073635e-03 0.0000000000000000e+00 8.2282768056073635e-03 -1.2991919427682173e+00 0.0000000000000000e+00 0.0000000000000000e+00 0.0000000000000000e+00 -3.8844461850523493e-01 8.2282768055605450e-03 8.8080572317679063e-03 0.0000000000000000e+00 8.8080572317679063e-03 -6.4943506068813917e-01 0.0000000000000000e+00 0.0000000000000000e+00 0.0000000000000000e+00 -1.9236203516477354e-01 3.9037960742530610e-02 3.5656054830570716e-02 0.0000000000000000e+00 3.5656054830570716e-02 -1.2984024463104411e+00 0.0000000000000000e+00 0.0000000000000000e+00 0.0000000000000000e+00 -3.7780934567037305e-01 5.2692388867827643e-02 2.2970550232986667e-02 0.0000000000000000e+00 2.2970550232986667e-02 -6.5171591482406310e-01 0.0000000000000000e+00 0.0000000000000000e+00 0.0000000000000000e+00 -1.7970705778687063e-01 9.4304257706476671e-02 4.5615908661704903e-02 0.0000000000000000e+00 4.5615908661704903e-02 -1.3092891264212889e+00 0.0000000000000000e+00 0.0000000000000000e+00 0.0000000000000000e+00 -3.6449546061444354e-01 1.2127884776231114e-01 2.3965508987766636e-02 0.0000000000000000e+00 2.3965508987766636e-02 -6.5554257846212638e-01 0.0000000000000000e+00 0.0000000000000000e+00 0.0000000000000000e+00 -1.6027911920994456e-01 1.4571880825579869e-01 3.2142364031806953e-02 0.0000000000000000e+00 3.2142364031806953e-02 -1.3176188731426339e+00 0.0000000000000000e+00 0.0000000000000000e+00 0.0000000000000000e+00 -3.5157001946605054e-01 1.7738672078169296e-01 1.2804057383008145e-02 0.0000000000000000e+00 1.2804057383008145e-02 -6.5803257254442959e-01 0.0000000000000000e+00 0.0000000000000000e+00 0.0000000000000000e+00 -1.4419375552882097e-01 1.7073557867628322e-01 4.0961626795124615e-03 0.0000000000000000e+00 4.0961626795124615e-03 -1.3208357804998903e+00 0.0000000000000000e+00 0.0000000000000000e+00 0.0000000000000000e+00 -3.4503006054708207e-01 1.9428694084421627e-01 -4.0642956611027323e-03 0.0000000000000000e+00 -4.0642956611027323e-03 -6.5864208293934190e-01 0.0000000000000000e+00 0.0000000000000000e+00 0.0000000000000000e+00 -1.3930654262853767e-01 1.5883391546262199e-01 -2.5637530377830356e-02 0.0000000000000000e+00 -2.5637530377830356e-02 -1.3185089065724644e+00 0.0000000000000000e+00 0.0000000000000000e+00 0.0000000000000000e+00 -3.4790249733295275e-01 1.6458511480532662e-01 -1.9215285173000845e-02 0.0000000000000000e+00 -1.9215285173000845e-02 -6.5726046554195383e-01 0.0000000000000000e+00 0.0000000000000000e+00 0.0000000000000000e+00 -1.4780260522098815e-01 1.1486242262159425e-01 -4.3958293105417087e-02 0.0000000000000000e+00 -4.3958293105417087e-02 -1.3109981897705858e+00 0.0000000000000000e+00 0.0000000000000000e+00 0.0000000000000000e+00 -3.5884073014469747e-01 1.0141153652670000e-01 -2.5473940485724857e-02 0.0000000000000000e+00 -2.5473940485724857e-02 -6.5395515174400809e-01 0.0000000000000000e+00 0.0000000000000000e+00 0.0000000000000000e+00 -1.6576308456519243e-01 5.7441474929036875e-02 -4.0869505731271419e-02 0.0000000000000000e+00 -4.0869505731271419e-02 -1.3002536047670925e+00 0.0000000000000000e+00 0.0000000000000000e+00 0.0000000000000000e+00 -3.7284363895141670e-01 3.5068090309539189e-02 -1.7682696996628930e-02 0.0000000000000000e+00 -1.7682696996628930e-02 -6.4951465040451328e-01 0.0000000000000000e+00 0.0000000000000000e+00 0.0000000000000000e+00 -1.8433396802849222e-01 1.2050195597997953e-02 -1.6381566464977789e-02 0.0000000000000000e+00 -1.6381566464977789e-02 -1.2958064794466972e+00 0.0000000000000000e+00 0.0000000000000000e+00 0.0000000000000000e+00 -3.8512688515460974e-01 1.0038268478899089e-03 -1.0038268478560675e-03 0.0000000000000000e+00 -1.0038268478560675e-03 -6.5299617315212377e-01 0.0000000000000000e+00 0.0000000000000000e+00 0.0000000000000000e+00 -1.9559770389127012e-01
</DataArray>
        <DataArray type="Float64" format="ascii" Name="sigma_eff_xx">
6.4992419112782871e+00 6.3676105903838973e+00 7.1963732822620798e+00 7.1508266409831327e+00 7.5462640832844468e+00 7.5959844274661101e+00 7.7393656399096136e+00 7.8128369209479249e+00 7.8167468687271944e+00 7.8658939329279214e+00 7.7839410857455054e+00 7.7676703900309043e+00 7.6461958112294637e+00 7.4952610455496220e+00 7.3991843484636677e+00 6.9310232284993853e+00 6.8392396163656732e+00 5.9085291657228556e+00 6.3613648815475790e+00 6.8015412781678979e+00 6.9310774026632886e+00 7.2916340371269817e+00 7.5174175321432459e+00 7.7673013371319630e+00 7.8733611238881682e+00 8.0455631819179025e+00 8.0092995933790245e+00 8.1139191911631805e+00 7.9436847303221310e+00 7.9759810784410439e+00 7.6611886651861827e+00 7.6172659928145467e+00 7.1173483460370282e+00 7.0711815984298951e+00 6.4647298445568131e+00 6.7403785290584857e+00 7.4462863754399349e+00 7.8439040204260904e+00 7.6477385259705848e+00 8.0566330753101454e+00 8.0024797058459054e+00 8.3244865675658488e+00 8.2758330808027267e+00 8.5030140368934060e+00 8.3873998347029133e+00 8.5465828465609963e+00 8.3271426926205958e+00 8.4506197216471506e+00 8.0976110193909445e+00 8.2271949210625710e+00 7.7536800031436659e+00 7.9602955658539285e+00 7.4762957763510958e+00 7.8225693735151358e+00 8.5456577034612060e+00 8.9264383487262435e+00 8.6292423014591009e+00 8.9862416673738572e+00 8.7569232101817462e+00 9.0250128983362892e+00 8.8473018104349492e+00 9.0316331370587388e+00 8.8787081856777785e+00 9.0268072115767506e+00 8.8564961435927820e+00 9.0218372515848255e+00 8.7816333296279456e+00 9.0045399297335464e+00 8.6659410942321990e+00 8.9617169003161106e+00 8.5627814469819636e+00 8.9108029616909032e+00 9.6314654544215426e+00 9.9930828301704668e+00 9.6111689707249663e+00 9.8484645532428097e+00 9.4858075609912724e+00 9.5756212360756265e+00 9.3252148321555719e+00 9.3386757821021078e+00 9.2369270162285400e+00 9.2641608294209430e+00 9.2718196432366113e+00 9.3868444199002834e+00 9.4101588808333094e+00 9.6507664034848517e+00 9.5657952113340237e+00 9.9068606928015051e+00 9.6334743042142250e+00 9.9949163756599830e+00 1.0703159531344683e+01 1.1011762771075691e+01 1.0455030610083771e+01 1.0413528928019335e+01 9.8894947522690373e+00 9.6189279041572924e+00 9.3566432010165475e+00 9.0429986119331733e+00 9.1062829675859369e+00 8.8800938251359316e+00 9.2162713171178439e+00 9.1638701826550104e+00 9.6529021582015488e+00 9.8302312550729418e+00 1.0245988245271247e+01 1.0631716329548277e+01 1.0662870708249846e+01 1.1073879147988210e+01 1.1734225792192584e+01 1.1835455071917686e+01 1.0890536715713107e+01 1.0186920869797188e+01 9.5106788311898125e+00 8.6309099973401135e+00 8.5043953617125077e+00 7.7230065582677208e+00 8.0906498021798718e+00 7.4939471838338996e+00 8.2774633579769930e+00 7.9117729001389359e+00 9.0567410472036389e+00 9.0027855250962663e+00 1.0327344941141209e+01 1.0690248667876995e+01 1.1552963629522750e+01 1.2109729633691483e+01 1.2559781737697032e+01 1.1432226357068416e+01 9.9764805157182046e+00 8.0134386226606917e+00 7.5891100168594017e+00 5.9597617559707929e+00 6.3438275752423783e+00 5.1062757410931026e+00 5.9055415285218187e+00 4.9167997835071864e+00 6.1123057343952691e+00 5.3005985635150363e+00 7.0232096646290039e+00 6.4065057376389385e+00 8.8840439428325961e+00 8.6784674048289467e+00 1.1688033503046404e+01 1.2461733712466749e+01 1.1337801485591832e+01 2.8914000823872934e+00 5.0322958325978675e+00 2.1342847403027414e+00 3.4739191378229681e+00 1.6629095536225447e+00 2.8412854059674415e+00 1.4337707177752155e+00 2.6316822661628727e+00 1.3872712633565387e+00 2.7463166950249707e+00 1.5153304459749160e+00 3.2406165238053974e+00 1.8768664088943412e+00 4.4519667474031843e+00 2.7471730548561846e+00 7.5900459323916500e+00 4.7284265737147484e+00 3.4503219489055312e+00 3.4658783298109785e+00 2.8680442781589757e+00 2.8825409002075326e+00 2.6125245343506913e+00 2.5992317716194107e+00 2.5150556105986799e+00 2.4843971576296191e+00 2.4858580173296003e+00 2.4586869454259070e+00 2.4938846987568204e+00 2.5045472453849595e+00 2.5511304065512745e+00 2.6584976948167101e+00 2.7218249733944546e+00 3.0401326121203245e+00 3.1310226350826613e+00 3.9001469042242531e+00 3.4216149426171039e+00 3.0140597380940899e+00 2.9748802847112987e+00 2.6839552228935544e+00 2.6021947950956794e+00 2.4022903494847463e+00 2.3987086745013979e+00 2.2486012575158263e+00 2.3259270564159955e+00 2.2122994588142952e+00 2.3615706818357269e+00 2.2880265176065699e+00 2.5216977542615067e+00 2.4932180208794130e+00 2.8632634049951871e+00 2.8315433187646968e+00 3.3274603822042188e+00 3.0712490051163615e+00 2.3721967136591462e+00 2.0024810983943597e+00 2.2734624304743791e+00 1.9202166469612039e+00 2.0878129913501540e+00 1.7908449399830582e+00 1.9434790452976709e+00 1.6968262186725926e+00 1.8840424130225397e+00 1.6730769049776892e+00 1.9171959120402478e+00 1.7262246736078586e+00 2.0412550888175849e+00 1.8431437529733072e+00 2.2233371854745752e+00 1.9666278335337384e+00 2.3628229909719303e+00 2.0006520923178890e+00 1.2787756447469618e+00 9.2329136388357724e-01 1.2867830233624358e+00 9.3586068203752404e-01 1.2462403227622949e+00 9.1467953324210682e-01 1.1926086964282747e+00 8.8665470610239017e-01 1.1661703474113421e+00 8.7882147952528666e-01 1.1822688695499670e+00 8.9801110479935198e-01 1.2320785079519563e+00 9.2861052214079132e-01 1.2806864791679551e+00 9.3694532506053785e-01 1.2866576858867398e+00 9.1362675812203376e-01 2.4818390406603710e-01 7.6441104293658524e-02 2.8341704397754780e-01 1.1712316803211968e-01 3.0758794364535841e-01 1.4504562478875543e-01 3.1179807762051764e-01 1.5574036096424110e-01 3.1046886575308452e-01 1.5799353255944037e-01 3.1237521407492930e-01 1.5479729644749318e-01 3.1200957475932223e-01 1.3903312513888788e-01 2.9468156565967751e-01 1.0333748507881177e-01 2.5856820529871583e-01 6.6004524655523686e-02 5.1946613826515742e-03 1.4170772255315784e-02 4.3678472094676520e-02 5.8947631649953584e-02 8.8391724157463589e-02 1.0216786793462479e-01 1.1736115787916687e-01 1.2821950545215738e-01 1.2832203124458960e-01 1.3474188916835436e-01 1.2306423242561992e-01 1.2184092105903549e-01 1.0020841483942951e-01 8.9048662856026875e-02 5.9476645423185669e-02 4.2003517720234557e-02 1.4669312539833567e-02 4.7868583196268299e-03 4.5141343621860558e-03 1.2814479925971142e-02 4.0349231488245263e-02 5.5704430463953070e-02 8.7832253074405731e-02 1.0072871571560024e-01 1.2337734855833553e-01 1.3046968978993687e-01 1.3829553594791189e-01 1.3819080665867076e-01 1.3068196839898241e-01 1.2257217730074663e-01 1.0137231455881025e-01 8.6311978636198300e-02 5.6300887930599612e-02 3.9263427564537254e-02 1.2911645586722335e-02 4.4366259180345100e-03 4.5543203988145367e-03 1.3735162622634293e-02 3.9654730272005563e-02 5.6363091846593889e-02 8.6665079853910240e-02 1.0322517979997521e-01 1.2417489085506123e-01 1.3671233880172134e-01 1.4093368454217275e-01 1.4598164561570715e-01 1.3251767041092449e-01 1.2798718421549762e-01 1.0100428400490435e-01 8.8284929154093708e-02 5.5459515317012223e-02 4.0335252942439857e-02 1.3255818479962569e-02 5.4069318683750379e-03 4.3765477507672909e-03 8.2282768055605450e-03 3.9037960742530610e-02 5.2692388867827643e-02 9.4304257706476671e-02 1.2127884776231114e-01 1.4571880825579869e-01 1.7738672078169296e-01 1.7073557867628322e-01 1.9428694084421627e-01 1.5883391546262199e-01 1.6458511480532662e-01 1.1486242262159425e-01 1.0141153652670000e-01 5.7441474929036875e-02 3.5068090309539189e-02 1.2050195597997953e-02 1.0038268478899089e-03
</DataArray>
        <DataArray type="Float64" format="ascii" Name="tau_eff_xy">
-5.5103605585126336e-01 -3.2131633228523848e-01 -6.8967382245575015e-01 -3.7938828440880162e-01 -3.9038580047860733e-01 -2.1350406980363595e-01 -1.6915084019116777e-01 -7.7794338400297161e-02 -1.7281564555304309e-02 1.9138263098621457e-02 1.2420821816867948e-01 1.2639674288443054e-01 3.1805157590789923e-01 2.9038965418476270e-01 6.0714888695294889e-01 4.6842755423554355e-01 7.1063111731730644e-01 1.4513909570248215e-01 1.8793941607501705e-01 2.7099195629653272e-01 7.0946460672815098e-02 2.3990587827048507e-01 2.1817952800603866e-02 1.6381305196613585e-01 2.6328123263129066e-02 8.3433585113149036e-02 1.0485993401199118e-02 -1.0127303100788973e-02 -1.0364621587182581e-02 -9.9122744545125097e-02 -1.1334346284130964e-02 -1.7705228791955174e-01 -3.3487307149832009e-02 -2.9145118089567773e-01 -2.0460271181180922e-01 -2.3811991457100770e-01 2.6576706968529396e-01 4.7353483311223499e-01 5.5994849333999430e-01 6.3788833380749077e-01 4.5424397713723313e-01 4.8278191502667761e-01 2.5897447994183570e-01 2.3179869770565706e-01 4.2043643953580193e-02 -4.1295013017908146e-02 -1.7739216647502079e-01 -3.1298778705219277e-01 -3.8571606263624569e-01 -5.5509575287723512e-01 -5.4545925282948104e-01 -6.5798183472526550e-01 -4.4625935414887480e-01 -2.8479421997024135e-01 3.0532879358867432e-01 5.6100974880817545e-01 7.6878723051971209e-01 8.0286218046784052e-01 6.8480453144990139e-01 6.1679731680222205e-01 3.9386514774448128e-01 2.9083640266226496e-01 5.7981123906862206e-02 -5.7586812570897504e-02 -2.7927553392125853e-01 -4.0481027702239009e-01 -5.9218118721779889e-01 -7.1012782406997066e-01 -7.7301877224535853e-01 -8.0053947637116352e-01 -5.4458755209616472e-01 -3.2014504045243269e-01 3.3323259676466982e-01 5.7184395137035415e-01 7.9745986290232229e-01 7.3309357769035921e-01 6.6798295545228092e-01 4.9722318257416853e-01 3.5946679185812341e-01 2.1007904518790274e-01 4.5624739972443054e-02 -4.6979406302027085e-02 -2.5996027317378578e-01 -3.0991020248845003e-01 -5.6603934600766703e-01 -5.9505949341286690e-01 -7.7527380182293326e-01 -7.5387111080899305e-01 -5.7449076340868244e-01 -3.3442230633870862e-01 3.1947495831076794e-01 4.1975917454227668e-01 5.5679744153587518e-01 2.6480950408278697e-01 2.9788785407468854e-01 -3.6966078062598964e-04 8.7262629986873202e-02 -6.3445379093587939e-02 -5.7260218560208622e-03 -9.9037217651581542e-04 -7.3277367285741052e-02 4.2634258767174041e-02 -2.1803098259371528e-01 -6.9716711862203865e-02 -4.5143620698925124e-01 -3.5596943528699027e-01 -4.6745429309940401e-01 -2.8220939023009128e-01 1.7546352160300510e-01 -1.8280048687682995e-01 -2.8256581658820468e-01 -9.8349223226843707e-01 -6.2826931796455798e-01 -1.0127373028696065e+00 -4.8258248962602418e-01 -5.4643095838011446e-01 -9.9390788896939336e-02 8.1043806348114769e-02 3.1527836750978250e-01 6.8650966040159001e-01 5.8373237741959094e-01 1.0653873288962514e+00 4.8554872066427984e-01 8.3010971926800814e-01 1.4248059159588997e-02 -1.9052167728130905e-02 -4.9929966876831255e-01 -2.3423298884983970e+00 -2.3548718390812278e+00 -3.3650212383488975e+00 -2.1901216832108537e+00 -2.3821535073963602e+00 -1.2663521657924550e+00 -1.1015437729959054e+00 -2.1162339543553402e-01 1.7633457781187267e-01 8.4457751822632965e-01 1.4529627615236680e+00 1.8191958314900065e+00 2.7012743555293057e+00 2.3979591150127715e+00 3.4839603014958378e+00 1.5838680029454801e+00 1.2531846955367791e+00 -4.9792718261199393e+00 -8.6409315515098566e+00 -5.7805635635147832e+00 -5.4978450530073379e+00 -3.6693514300324819e+00 -3.2452078463020553e+00 -1.8894175736277548e+00 -1.4225282654142086e+00 -2.8971800041273676e-01 2.3927570959336320e-01 1.2800695953111281e+00 1.9233131633644411e+00 2.9490524325503302e+00 3.8176500034494092e+00 4.7648953578746296e+00 6.1820263537781903e+00 5.8071474432652908e+00 8.4514050506523049e+00 -6.9059991603811233e-01 -4.4280585141045703e-01 -6.8303800357015498e-01 -4.4857041769796535e-01 -4.1557472440449694e-01 -2.8182348167263982e-01 -1.9646406119567159e-01 -1.1921684111446924e-01 -2.4042697389683784e-02 2.5930240006515625e-02 1.4219534281546301e-01 1.7802473747147016e-01 3.4692314804344182e-01 3.5875710366837871e-01 6.1509833339318432e-01 5.3492668221032558e-01 7.9487905975385720e-01 3.0540134715353667e-01 5.1906811530942322e-02 5.4722979351994244e-02 -1.5049474682698119e-01 -4.2212235281913334e-02 -1.6593828861925439e-01 -6.4460246453833511e-02 -9.5506561831891310e-02 -3.4007368932750186e-02 -1.0760339283116201e-02 1.1565815562428496e-02 7.5055841879658303e-02 5.6000288743636273e-02 1.5487007491151372e-01 7.4727875694684337e-02 1.7592699332571704e-01 6.3788113924582800e-05 5.5306845381512216e-03 -9.6991366416385436e-02 1.1565035977751223e-01 1.7120178949826254e-01 1.6186524141087344e-01 1.7810514721657655e-01 8.1058641414137225e-02 1.0691690327723848e-01 3.1139326457655755e-02 4.5121304383102287e-02 5.8494183774317858e-03 -5.6248244101760872e-03 -1.6634075958308150e-02 -6.0058521777349022e-02 -5.8321794619351629e-02 -1.3300937708654353e-01 -1.3674314843756019e-01 -2.0650682940376283e-01 -1.6709018979320109e-01 -1.1291937032802284e-01 1.0439361663627264e-01 1.6969033539509584e-01 2.3763376833143243e-01 2.3440946125794360e-01 1.9466873495086368e-01 1.7865498710869368e-01 1.0705159027060197e-01 8.5118083148682036e-02 1.6040302323990906e-02 -1.6363050086014908e-02 -7.5142141051228059e-02 -1.1815552233879502e-01 -1.6695351182567889e-01 -2.0812737178887500e-01 -2.3371720551208305e-01 -2.3760110529795256e-01 -1.7599137940204665e-01 -9.5609592123481593e-02 8.3473904242131969e-02 1.3875077931506574e-01 2.2077086634593099e-01 2.1545483222645778e-01 2.1063361310996251e-01 1.8158623159617207e-01 1.2793503894795322e-01 9.1350515738245819e-02 1.8970308179631509e-02 -1.9437746922087683e-02 -9.3163417810466220e-02 -1.2707582257414943e-01 -1.8826698961590210e-01 -2.0443627329931849e-01 -2.2841509782157179e-01 -2.0652306846139629e-01 -1.4763748893919204e-01 -7.3970184258407554e-02 6.2393694121398072e-02 1.0381328791887059e-01 1.7654248329149821e-01 1.7154822930286598e-01 1.8190450721415077e-01 1.5315978872475930e-01 1.1669731192264465e-01 7.9684591092265555e-02 1.7422187865574923e-02 -1.7777566201255580e-02 -8.6369563599929366e-02 -1.1057405361632638e-01 -1.6614876967857331e-01 -1.6887337648643366e-01 -1.8755058515799533e-01 -1.5962516763890169e-01 -1.1239509645542489e-01 -5.3851902618527153e-02 4.3708787503889797e-02 7.1284169997529331e-02 1.2845964469199164e-01 1.2341400060636611e-01 1.3933547803975113e-01 1.1539563253564512e-01 9.2864735110575414e-02 6.1672965162262422e-02 1.3993242690244970e-02 -1.4185607739773879e-02 -6.9446986402675895e-02 -8.5323999314687288e-02 -1.2929691193671433e-01 -1.2525440719389208e-01 -1.3905298268655136e-01 -1.1230637879642727e-01 -7.9107983553521860e-02 -3.6153398712207289e-02 2.6339987179046977e-02 3.9682255607393808e-02 8.2071198670760084e-02 7.5904074916513853e-02 9.4810768895856712e-02 7.5457996358596818e-02 6.5551586212106147e-02 4.1330286007072933e-02 9.8560112898125728e-03 -9.9688750034942764e-03 -4.9629075649488388e-02 -5.7333209707043177e-02 -8.9514116473729338e-02 -8.0532643139802990e-02 -9.1181426981266703e-02 -6.6483352229359166e-02 -4.7900511637182640e-02 -1.8460954314162618e-02 8.2282768056073635e-03 8.8080572317679063e-03 3.5656054830570716e-02 2.2970550232986667e-02 4.5615908661704903e-02 2.3965508987766636e-02 3.2142364031806953e-02 1.2804057383008145e-02 4.0961626795124615e-03 -4.0642956611027323e-03 -2.5637530377830356e-02 -1.9215285173000845e-02 -4.3958293105417087e-02 -2.5473940485724857e-02 -4.0869505731271419e-02 -1.7682696996628930e-02 -1.6381566464977789e-02 -1.0038268478560675e-03
</DataArray>
        <DataArray type="Float64" format="ascii" Name="sigma_eff_yy">
-1.3510392731186851e+01 -1.3309940245655255e+01 -1.2695850695665456e+01 -1.3073380728861331e+01 -1.2999453439401695e+01 -1.3348864402046155e+01 -1.3226999674607423e+01 -1.3554235625966507e+01 -1.3324665334918011e+01 -1.3609240640203939e+01 -1.3280251257791809e+01 -1.3501034017180205e+01 -1.3102529205053894e+01 -1.3248305542027939e+01 -1.2834950326615550e+01 -1.2971360615361920e+01 -1.2803568120584893e+01 -1.3987977396899069e+01 -1.4624769647400125e+01 -1.4421441936641806e+01 -1.3721413912203097e+01 -1.4068556793102484e+01 -1.3849521668426233e+01 -1.4285586460845934e+01 -1.4112057713941102e+01 -1.4519630760078778e+01 -1.4240179729168938e+01 -1.4587442683893761e+01 -1.4177641349306006e+01 -1.4457170776821403e+01 -1.3945369258811551e+01 -1.4194636707832021e+01 -1.3694734221629039e+01 -1.4085242596872165e+01 -1.4146090002273743e+01 -1.4909513780792235e+01 -1.5069010621417915e+01 -1.5081442081968062e+01 -1.4760318421241026e+01 -1.5128760767113953e+01 -1.4933115036912097e+01 -1.5426737037101546e+01 -1.5208556101725089e+01 -1.5685147970577120e+01 -1.5347154242866772e+01 -1.5758292962716540e+01 -1.5277222322354216e+01 -1.5617935424132328e+01 -1.5032858051037211e+01 -1.5328735612986723e+01 -1.4796777399646016e+01 -1.5100414023066827e+01 -1.4940387411077346e+01 -1.5206134512075435e+01 -1.5271146994717581e+01 -1.5518029340427187e+01 -1.5657919225149479e+01 -1.6148575116027867e+01 -1.6114389805837291e+01 -1.6671872191143297e+01 -1.6467343548698516e+01 -1.6984311633261395e+01 -1.6618968314735785e+01 -1.7062467350487157e+01 -1.6543997366443620e+01 -1.6908571251179680e+01 -1.6259235843112698e+01 -1.6532365129071863e+01 -1.5838871550438540e+01 -1.5977974693738989e+01 -1.5423207905503890e+01 -1.5357752740012227e+01 -1.5357904649145722e+01 -1.5910987885312089e+01 -1.6520880982462351e+01 -1.7199767438059972e+01 -1.7340739254911917e+01 -1.7952868853712499e+01 -1.7782823963855041e+01 -1.8289441353936084e+01 -1.7938103861174856e+01 -1.8359979963778539e+01 -1.7861293230749336e+01 -1.8209253999927096e+01 -1.7531949714248974e+01 -1.7764447578254771e+01 -1.6868435209374482e+01 -1.6864055039829680e+01 -1.5817950085082728e+01 -1.5444116936154119e+01 -1.5447585739465035e+01 -1.6479480542775743e+01 -1.7515816215452343e+01 -1.8400496317863233e+01 -1.8596790357683251e+01 -1.9183176698739288e+01 -1.9012285480299607e+01 -1.9416642285838254e+01 -1.9122950032604702e+01 -1.9449497892525933e+01 -1.9064257443619525e+01 -1.9356267540731888e+01 -1.8776839079679593e+01 -1.8992611464593296e+01 -1.7994488164829800e+01 -1.7932090054427618e+01 -1.6308484352125621e+01 -1.5623240336718172e+01 -1.5833363043320544e+01 -1.7700929431672893e+01 -1.8869346335208963e+01 -1.9794139633223725e+01 -1.9776029708562820e+01 -2.0139216765927383e+01 -1.9935634303085124e+01 -2.0115643472714694e+01 -1.9940302138081947e+01 -2.0089833352200387e+01 -1.9927628196596000e+01 -2.0106422156217214e+01 -1.9832581424916604e+01 -2.0048350802787297e+01 -1.9285185206818145e+01 -1.9350662292196699e+01 -1.7249452730802606e+01 -1.6336279005647015e+01 -1.7496463198970432e+01 -2.0654818758466039e+01 -2.0533720924130613e+01 -2.0910331650466478e+01 -2.0486332606049928e+01 -2.0376827756394938e+01 -2.0269947450706180e+01 -2.0158239028739480e+01 -2.0177503046969782e+01 -2.0109856430210609e+01 -2.0207938350871029e+01 -2.0193511008289963e+01 -2.0353996591088706e+01 -2.0456915769370109e+01 -2.0495134566343896e+01 -2.0895678623057094e+01 -1.9329689398999157e+01 -1.8882094840854915e+01 -2.5799064913625301e+01 -2.3758303491262360e+01 -2.1216219278590998e+01 -2.0142043034316639e+01 -2.0122541357754212e+01 -1.9677794829068528e+01 -1.9870436787218200e+01 -1.9606408867979230e+01 -1.9813755283701873e+01 -1.9599106656364260e+01 -1.9834272345282724e+01 -1.9613285713638959e+01 -1.9978927454500298e+01 -1.9757281410618276e+01 -2.0558240053811762e+01 -2.0653931306283230e+01 -2.2721960236334127e+01 -2.6923426979624956e+01 -1.1651090092632229e+01 -1.1664551904045352e+01 -1.2357163183134466e+01 -1.2202000053631716e+01 -1.2584585415769237e+01 -1.2420287265908657e+01 -1.2742922434236522e+01 -1.2540496980076322e+01 -1.2809694620246672e+01 -1.2571192159442502e+01 -1.2773027561480552e+01 -1.2511583351281612e+01 -1.2637551033919895e+01 -1.2368611743721566e+01 -1.2418916621317919e+01 -1.2128021960419161e+01 -1.2077169732252482e+01 -1.1247133886496952e+01 -1.0388191052753943e+01 -1.0580586088642871e+01 -1.1488962873891376e+01 -1.1338724512970044e+01 -1.1855164350662573e+01 -1.1640962973612957e+01 -1.2011285093876236e+01 -1.1769057741748819e+01 -1.2067027162243525e+01 -1.1798474157333107e+01 -1.2039656242218967e+01 -1.1741081036237073e+01 -1.1924599948195116e+01 -1.1572396041348206e+01 -1.1668358820648859e+01 -1.1162660506770747e+01 -1.0898609542057265e+01 -1.0064201854806434e+01 -9.6865643918826105e+00 -9.7567564853635229e+00 -1.0518072144169448e+01 -1.0389241038020042e+01 -1.0957593214443229e+01 -1.0731151567096711e+01 -1.1157630062956407e+01 -1.0886938400659757e+01 -1.1225429779747323e+01 -1.0922341098644049e+01 -1.1193740279753980e+01 -1.0851722669942886e+01 -1.1046998182779788e+01 -1.0643377479322350e+01 -1.0700291941275411e+01 -1.0203196618408617e+01 -9.9866712345331408e+00 -9.4562834110149865e+00 -9.0901597980162396e+00 -9.0430909066538909e+00 -9.6278812322914380e+00 -9.4792055308951717e+00 -1.0009475444247434e+01 -9.7774944208961703e+00 -1.0217874465582195e+01 -9.9332222457884498e+00 -1.0293388517878478e+01 -9.9699670136146743e+00 -1.0256498224040957e+01 -9.8948436086104703e+00 -1.0095115018028485e+01 -9.6910208985399358e+00 -9.7683873760542230e+00 -9.3347185023679948e+00 -9.2624626357592401e+00 -8.8731941607439655e+00 -8.4107684820974686e+00 -8.0943433474144815e+00 -8.7318671017187626e+00 -8.3652524323967352e+00 -9.0107590375821172e+00 -8.5853218108790657e+00 -9.1870338196989305e+00 -8.7137605842043833e+00 -9.2556265376815006e+00 -8.7451653715983806e+00 -9.2205958900362646e+00 -8.6797746679136605e+00 -9.0783307596921823e+00 -8.5162813485498248e+00 -8.8267273065519767e+00 -8.2684813591997841e+00 -8.5046911232059497e+00 -8.0022190195836487e+00 -6.8921351777558622e+00 -6.3307479174040520e+00 -7.0650931515877557e+00 -6.4810036582018817e+00 -7.2452790128465479e+00 -6.6232295995562289e+00 -7.3724608976494039e+00 -6.7134605696596772e+00 -7.4246409432863212e+00 -6.7360300807635012e+00 -7.3970791315312976e+00 -6.6882320191353006e+00 -7.2915115294446444e+00 -6.5758489249110585e+00 -7.1224488973271924e+00 -6.4228898599707405e+00 -6.9367687731180308e+00 -6.2871398558524136e+00 -5.0776572531785309e+00 -4.4713379098908268e+00 -5.1529889576730143e+00 -4.5401337483252400e+00 -5.2546363154927169e+00 -4.6186995695985944e+00 -5.3330449870450085e+00 -4.6715016401942249e+00 -5.3662662230376945e+00 -4.6847317166923608e+00 -5.3481407790944893e+00 -4.6558729141878867e+00 -5.2817213859882504e+00 -4.5908381692204649e+00 -5.1829517911160492e+00 -4.5099188657992286e+00 -5.0914580314425084e+00 -4.4580997420240438e+00 -3.2132814103550928e+00 -2.5769435995839993e+00 -3.2312443100803923e+00 -2.5984676555813984e+00 -3.2770236103907395e+00 -2.6303021237831787e+00 -3.3144605828030840e+00 -2.6518629347961999e+00 -3.3303507806110675e+00 -2.6570368534490330e+00 -3.3212121638236738e+00 -2.6448197533450761e+00 -3.2889590981276879e+00 -2.6178458338004891e+00 -3.2432248444260741e+00 -2.5862313080837986e+00 -3.2105794845859501e+00 -2.5801536523731339e+00 -1.2991919427682173e+00 -6.4943506068813917e-01 -1.2984024463104411e+00 -6.5171591482406310e-01 -1.3092891264212889e+00 -6.5554257846212638e-01 -1.3176188731426339e+00 -6.5803257254442959e-01 -1.3208357804998903e+00 -6.5864208293934190e-01 -1.3185089065724644e+00 -6.5726046554195383e-01 -1.3109981897705858e+00 -6.5395515174400809e-01 -1.3002536047670925e+00 -6.4951465040451328e-01 -1.2958064794466972e+00 -6.5299617315212377e-01
</DataArray>
        <DataArray type="Float64" format="ascii" Name="sigma_eff_zz">
3.9880873613686923e-03 1.6996777008644504e-01 4.5749010931290168e-01 4.7590044030434397e-01 4.7137652649871387e-01 5.2680267429373995e-01 4.6104312292452188e-01 5.3024705516212944e-01 4.5495779347659498e-01 5.2966265448484973e-01 4.5844028171992396e-01 5.3265757852281581e-01 4.7043331518646198e-01 5.2675331772406264e-01 4.7660353988820064e-01 4.4056545060874658e-01 3.1803478206797470e-01 -1.7116780268540588e-01 6.4311903578553764e-02 4.0269646912477891e-01 5.0623238047243413e-01 6.5558983987449171e-01 6.4370209244953835e-01 7.3318112955314207e-01 6.7172435631861183e-01 7.4644639321925998e-01 6.7406929259757609e-01 7.4660961884853927e-01 6.7314634763944736e-01 7.4430975715379610e-01 6.5807915524705629e-01 7.1545545216285167e-01 5.7011757065712221e-01 5.8444836713560344e-01 2.3892528601970436e-01 2.3792609114835048e-01 6.9251605953843343e-01 9.5340524820182371e-01 8.4555936475117199e-01 1.0030283591239055e+00 9.0014273401292544e-01 9.9399152580496863e-01 8.9951642705654999e-01 9.7002648656119717e-01 8.9140701088457974e-01 9.6115363182028013e-01 8.9430944441412874e-01 9.7447195592202229e-01 8.9875922384081219e-01 9.9420445909096311e-01 8.6640411438446430e-01 9.8263112950496956e-01 7.4010584291777215e-01 9.0959712510138124e-01 1.3976865459520449e+00 1.5831893691514156e+00 1.3067302562227860e+00 1.4119666320665909e+00 1.2080933546341770e+00 1.2666088788217886e+00 1.1293208118527112e+00 1.1748631178041911e+00 1.0932552946153213e+00 1.1499686249929613e+00 1.1090829664784123e+00 1.1946464667887231e+00 1.1720525792891803e+00 1.3023191068667785e+00 1.2634541964736439e+00 1.4557893286425065e+00 1.3572053957799073e+00 1.6265817331740686e+00 2.1334015749096404e+00 2.2212951501179767e+00 1.7784197298069497e+00 1.7912758012166059e+00 1.4948538251532415e+00 1.4834923813719825e+00 1.3140505938208653e+00 1.3114369951141438e+00 1.2409802798480836e+00 1.2679209263583484e+00 1.2744912570794289e+00 1.3499437926588727e+00 1.4147960833098165e+00 1.5625623142372318e+00 1.6605413339236506e+00 1.9095083625610463e+00 1.9959905990765088e+00 2.3619064985225484e+00 2.8640054708910112e+00 2.7923513351513640e+00 2.1690976517177405e+00 2.0365764497092904e+00 1.6751446517052448e+00 1.5633920282889413e+00 1.3906406495457888e+00 1.3205735644931007e+00 1.2823332138262753e+00 1.2618454464487050e+00 1.3329374953825961e+00 1.3749474592437259e+00 1.5501522568908832e+00 1.6839526038117647e+00 1.9627833574679268e+00 2.2425545492051500e+00 2.5936492401739546e+00 3.0678583100510450e+00 3.4935921579904297e+00 3.1090243587364013e+00 2.3296904474809144e+00 1.9865010376357422e+00 1.6437280701186239e+00 1.4161746360882628e+00 1.2939616509195939e+00 1.1508755923310892e+00 1.1684376325616093e+00 1.0899008161559727e+00 1.2282838817473831e+00 1.2102718898431741e+00 1.4905812200200490e+00 1.5549970833600886e+00 2.0359812536317103e+00 2.2705425793722256e+00 3.0143866029516877e+00 3.6007018550822174e+00 3.6783288949484971e+00 2.5378889462452654e+00 1.9921612108073119e+00 1.4355987583232195e+00 1.2901665565743876e+00 9.7954686653811185e-01 9.8149737069291487e-01 7.8907768037184600e-01 8.7774487779818189e-01 7.4674967265513281e-01 9.3064354839035579e-01 8.3679293323408266e-01 1.1600972553956885e+00 1.0895436571476105e+00 1.6760061462807176e+00 1.6395033011989186e+00 2.8668365645487981e+00 3.3785583281513163e+00 1.2569543049221810e+00 -5.1940435599636137e-01 7.4015629953447781e-01 3.3833917846208672e-01 6.0074666735323734e-01 3.3620108403255838e-01 4.8658791895757497e-01 2.8887522160524626e-01 4.4071142807129432e-01 2.7711604876423251e-01 4.6894663825586264e-01 3.1128008636743110e-01 5.7384005412491201e-01 3.7654216614956243e-01 7.6345134141100324e-01 3.6863919123872252e-01 1.0557590421510255e+00 -9.1783345510612735e-01 -6.4356377645134299e-01 -7.8826873893697769e-01 -1.0300690048259804e+00 -1.1245044126939212e+00 -1.1749515977588958e+00 -1.2749833149534391e+00 -1.2516933804246857e+00 -1.3454966134006765e+00 -1.2804843142084554e+00 -1.3624182308716444e+00 -1.2670761921504519e+00 -1.3307774984356622e+00 -1.2092595215439199e+00 -1.2417008813381245e+00 -1.0924608277103729e+00 -1.0550334711563174e+00 -8.6717746248428051e-01 -5.3276276134847611e-01 -7.0930616637438459e-01 -1.0346245718313012e+00 -1.1735581100873567e+00 -1.3610974536896132e+00 -1.3952242000034007e+00 -1.5362684539051303e+00 -1.5031062591457844e+00 -1.6208036119365639e+00 -1.5416633650815907e+00 -1.6405190762223107e+00 -1.5227590014483052e+00 -1.6005830222558171e+00 -1.4402039915134170e+00 -1.4884200728073047e+00 -1.2608619580294351e+00 -1.2640018230684826e+00 -8.9067808128924741e-01 -8.6255252157368911e-01 -1.2496436368003720e+00 -1.5269492827574147e+00 -1.5287162474418536e+00 -1.7413739839843176e+00 -1.7162674002612546e+00 -1.8827586548007624e+00 -1.8195786386309547e+00 -1.9577003212628148e+00 -1.8577495433507680e+00 -1.9754459247665739e+00 -1.8382966436474524e+00 -1.9383160655671743e+00 -1.7570562615219933e+00 -1.8407367845713796e+00 -1.5984197600735846e+00 -1.6716373021291295e+00 -1.3424878064016958e+00 -1.4373560622757955e+00 -1.8347485793141156e+00 -2.0726065294977603e+00 -1.9936627960120321e+00 -2.1996701213239600e+00 -2.1203038697788750e+00 -2.2955111329628846e+00 -2.1989130640795085e+00 -2.3506369285724862e+00 -2.2294987844734742e+00 -2.3640103268934847e+00 -2.2136021396806296e+00 -2.3357164178100009e+00 -2.1502442863562914e+00 -2.2653897795864100e+00 -2.0376436023992133e+00 -2.1559986198589027e+00 -1.8840748182950824e+00 -2.0245368874532459e+00 -2.3518864845205663e+00 -2.3811484507140239e+00 -2.4376461284334745e+00 -2.4502165570871624e+00 -2.5140624392921382e+00 -2.5078606336048708e+00 -2.5656818337346352e+00 -2.5431838447498207e+00 -2.5866584126896366e+00 -2.5519293294894596e+00 -2.5755773138995104e+00 -2.5332709892176268e+00 -2.5330074665909681e+00 -2.4889522448010588e+00 -2.4627248333787999e+00 -2.4253209400140689e+00 -2.3769479864832803e+00 -2.3566421262562418e+00 -2.0660821549119630e+00 -1.8949731435446211e+00 -2.1064244038479236e+00 -1.9266168079655785e+00 -2.1470661866067253e+00 -1.9563185194864812e+00 -2.1765299219310714e+00 -1.9755723192622554e+00 -2.1888956736125191e+00 -1.9803864574785439e+00 -2.1822044697317033e+00 -1.9699173294228791e+00 -2.1573909343815645e+00 -1.9460400786165095e+00 -2.1188916755712022e+00 -1.9142659026751516e+00 -2.0766298381734591e+00 -1.8847058992598364e+00 -1.5219429356449035e+00 -1.3375570289894567e+00 -1.5337919178554309e+00 -1.3453287953583859e+00 -1.5500412187254933e+00 -1.3553912561648982e+00 -1.5629002915460015e+00 -1.3623095851212861e+00 -1.5683912061269345e+00 -1.3639622730101069e+00 -1.5652376432086519e+00 -1.3599902210661421e+00 -1.5541047214288317e+00 -1.3513578571752800e+00 -1.5379952709556348e+00 -1.3411966314704076e+00 -1.5235639157567353e+00 -1.3360989348318026e+00 -9.6261812698688354e-01 -7.6896253108840962e-01 -9.5747687394251590e-01 -7.6263136912044127e-01 -9.5710755916104862e-01 -7.5812308319496113e-01 -9.5708570758440681e-01 -7.5454517879834349e-01 -9.5682512882066839e-01 -7.5331656234999766e-01 -9.5660834802382466e-01 -7.5504977073887347e-01 -9.5638644423683516e-01 -7.5886827139391855e-01 -9.5632959873271861e-01 -7.6376881654240769e-01 -9.5919709983179646e-01 -7.7242401615142764e-01 -3.8844461850523493e-01 -1.9236203516477354e-01 -3.7780934567037305e-01 -1.7970705778687063e-01 -3.6449546061444354e-01 -1.6027911920994456e-01 -3.5157001946605054e-01 -1.4419375552882097e-01 -3.4503006054708207e-01 -1.3930654262853767e-01 -3.4790249733295275e-01 -1.4780260522098815e-01 -3.5884073014469747e-01 -1.6576308456519243e-01 -3.7284363895141670e-01 -1.8433396802849222e-01 -3.8512688515460974e-01 -1.9559770389127012e-01
</DataArray>
        <DataArray type="Float64" format="ascii" Name="sigma_eff_1">
6.5144051472166433e+00 6.3728559927211892e+00 7.2202559612201318e+00 7.1579411276868301e+00 7.5536790636137461e+00 7.5981605831662575e+00 7.7407302133226770e+00 7.8131201548281126e+00 7.8167609951380044e+00 7.8659109885986211e+00 7.7846734729558964e+00 7.7684215205233347e+00 7.6510699925208385e+00 7.4993254204852429e+00 7.4173861875783711e+00 6.9420421576130407e+00 6.8649150373345895e+00 5.9095878559110124e+00 6.3630478209083750e+00 6.8050009553616242e+00 6.9313211185815193e+00 7.2943281877756547e+00 7.5174398106064180e+00 7.7685181045556826e+00 7.8733926524701614e+00 8.0458716688725698e+00 8.0093045353388614e+00 8.1139237090528233e+00 7.9436895865118862e+00 7.9764190519691835e+00 7.6611946109444480e+00 7.6187030727377891e+00 7.1174022280468288e+00 7.0751958720929888e+00 6.4667607266619260e+00 6.7429972135025320e+00 7.4494230116944768e+00 7.8536809567778958e+00 7.6617221914455422e+00 8.0741697190823523e+00 8.0114725713655712e+00 8.3342958371674776e+00 8.2786885788474454e+00 8.5052351937842658e+00 8.3874743110315766e+00 8.5466530083339194e+00 8.3284757597731645e+00 8.4546891306399647e+00 8.1040413054324496e+00 8.2402685025067601e+00 7.7668660737730759e+00 7.9790542343812554e+00 7.4851761512238220e+00 7.8260908633584494e+00 8.5495713416176198e+00 8.9393069593713204e+00 8.6535532027244866e+00 9.0118607657017087e+00 8.7757642846318991e+00 9.0398092441517814e+00 8.8534283912112368e+00 9.0348840374395216e+00 8.8788400327245380e+00 9.0269343222335472e+00 8.8595663751807692e+00 9.0281553719384124e+00 8.7956297550775417e+00 9.0242718501317079e+00 8.6903022092089586e+00 8.9873870051981051e+00 8.5751396146286858e+00 8.9150255045697406e+00 9.6359083124887359e+00 1.0005700395392424e+01 9.6354820692884751e+00 9.8683191592091255e+00 9.5024300850726640e+00 9.5845992180979547e+00 9.3299807121887408e+00 9.3402730915970729e+00 9.2370036163633973e+00 9.2642407254166095e+00 9.2743100740875288e+00 9.3903243402245273e+00 9.4220458213355354e+00 9.6636763568428972e+00 9.5885132307289549e+00 9.9280729552920342e+00 9.6464351369366454e+00 9.9993119419774228e+00 1.0707061868341080e+01 1.1018170509841278e+01 1.0466110025711879e+01 1.0415962400991733e+01 9.8926094957898414e+00 9.6189279089017052e+00 9.3569116177280236e+00 9.0431400506863131e+00 9.1062841290530212e+00 8.8800938597582828e+00 9.2164611840242348e+00 9.1639339157258775e+00 9.6545741647585945e+00 9.8303998849171297e+00 1.0253202804832938e+01 1.0636151822617959e+01 1.0670969964579202e+01 1.1076861988239706e+01 1.1735342545654726e+01 1.1836586379581334e+01 1.0893219395742307e+01 1.0219148494002578e+01 9.5241505004109719e+00 8.6665153012508664e+00 8.5125816697578340e+00 7.7337280494883816e+00 8.0910022127845984e+00 7.4941852962942743e+00 8.2809871200583220e+00 7.9285838654535290e+00 9.0685310254971245e+00 9.0418038862121630e+00 1.0335304214088682e+01 1.0713169304051299e+01 1.1552970677790423e+01 1.2109742394178793e+01 1.2568073904590317e+01 1.1602313063377428e+01 1.0157166764832207e+01 8.3997685181370816e+00 7.7589308082928650e+00 6.1734938312702932e+00 6.4039480704484646e+00 5.1542125708802375e+00 5.9072584106780299e+00 4.9180421524271907e+00 6.1393791237443214e+00 5.3831387244989859e+00 7.1435648271459238e+00 6.6754423013106852e+00 9.0784810381870056e+00 9.0833497522632385e+00 1.1768701273837054e+01 1.2511758533008056e+01 1.1993828210951703e+01 5.4479012989664062e+00 6.2489256797206139e+00 3.4172719674206902e+00 4.0313506245152571e+00 2.1454847740847676e+00 2.9973954704157957e+00 1.5295123061936604e+00 2.6354212237916808e+00 1.3899990053634701e+00 2.8186507669116110e+00 1.6889802134239025e+00 3.6093133804628983e+00 2.5307793580777593e+00 5.3290096182792119e+00 4.2799262500813917e+00 8.6644892658276245e+00 6.8436872067652210e+00 3.4818378753040693e+00 3.4788263668035424e+00 2.8986255167628010e+00 2.8958683060928885e+00 2.6238802066355702e+00 2.6045179948644765e+00 2.5175848926542956e+00 2.4853430385379549e+00 2.4858958093521073e+00 2.4587316813376736e+00 2.4952089849936012e+00 2.5066575329609857e+00 2.5590503136341658e+00 2.6670577831587972e+00 2.7467724688556552e+00 3.0589741626824707e+00 3.1724553075572803e+00 3.9063019428500518e+00 3.4218100415939179e+00 3.0142800127512159e+00 2.9764459970271151e+00 2.6840822925189305e+00 2.6040991462845007e+00 2.4025862236483588e+00 2.3993416451221870e+00 2.2486837601887117e+00 2.3259351009657814e+00 2.2123090063240998e+00 2.3619618447846560e+00 2.2882500515954494e+00 2.5233578324862069e+00 2.4936150243638946e+00 2.8653929519604078e+00 2.8315433190554549e+00 3.3274625323740832e+00 3.0719651443950333e+00 2.3733057642163700e+00 2.0049730833151371e+00 2.2755103600803590e+00 1.9227931053348315e+00 2.0883166360497722e+00 1.7917577649427621e+00 1.9435530582813276e+00 1.6969880069764400e+00 1.8840450230199552e+00 1.6730794168945884e+00 1.9172170159517887e+00 1.7265114408922242e+00 2.0415149679718056e+00 1.8445604395798421e+00 2.2247838840392360e+00 1.9701309899394814e+00 2.3650833282692085e+00 2.0017649157090713e+00 1.2798265648555380e+00 9.2617972061528597e-01 1.2919543290596811e+00 9.4113381122489470e-01 1.2496061316084295e+00 9.1766383732141132e-01 1.1936129514005416e+00 8.8732427376847889e-01 1.1661927994793120e+00 8.7884615958971790e-01 1.1827624627564124e+00 8.9930446555031041e-01 1.2345387309851055e+00 9.3268791202977697e-01 1.2856280076764801e+00 9.4243850621867731e-01 1.2895929401034334e+00 9.1456069999492295e-01 2.4898853318867015e-01 7.8796597884785727e-02 2.8882015507536618e-01 1.2259225782157213e-01 3.1234671396868957e-01 1.4882087333889418e-01 3.1352085852594502e-01 1.5668111645390562e-01 3.1050648519571300e-01 1.5803596965492156e-01 3.1328559065509820e-01 1.5662476755728416e-01 3.1578262474589686e-01 1.4385916575237337e-01 3.0039787346567354e-01 1.0842907321871226e-01 2.6105479666692494e-01 6.6682632828720584e-02 5.7590326164493836e-03 1.5868873638045830e-02 4.8060108096163977e-02 6.3444389018124547e-02 9.2900914457050801e-02 1.0565402138944056e-01 1.1917895249855212e-01 1.2914746070392183e-01 1.2836221825676625e-01 1.3478788687365356e-01 1.2405606428639945e-01 1.2363582102187212e-01 1.0394116992392360e-01 9.3324787383021551e-02 6.4371052440331589e-02 4.5942434820352443e-02 1.6486110272561617e-02 5.2477370199345338e-03 4.8900203111520496e-03 1.3947391781175187e-02 4.3524799010445883e-02 5.9016132830530560e-02 9.1463755512203648e-02 1.0354859123987536e-01 1.2495738800034580e-01 1.3126164109153990e-01 1.3833110818493591e-01 1.3823253026611274e-01 1.3156210442513783e-01 1.2409523867400996e-01 1.0447611671756366e-01 8.9663898215647880e-02 5.9988843477234620e-02 4.2034265127137510e-02 1.4137373942577487e-02 4.7295047547919874e-03 4.7699151343916111e-03 1.4342845888543315e-02 4.1712710749105840e-02 5.8531488701868709e-02 8.9335348238563941e-02 1.0530658464304199e-01 1.2542406368976783e-01 1.3732477249951741e-01 1.4096166847043326e-01 1.4601709925681144e-01 1.3323067834371091e-01 1.2917215412347094e-01 1.0336631478696541e-01 9.0679408079673465e-02 5.7978007212235803e-02 4.2016995157664244e-02 1.3967378619244644e-02 5.5387367325675152e-03 4.4284835273353893e-03 8.3462215909902663e-03 3.9987873654418714e-02 5.3440656981751530e-02 9.5785183738635191e-02 1.2201749888108405e-01 1.4642447831981775e-01 1.7758291614629093e-01 1.7074682749924952e-01 1.9430630719675515e-01 1.5927869045274728e-01 1.6503413536787345e-01 1.1621634068472193e-01 1.0226964333316095e-01 5.8670621092548531e-02 3.5524528105921119e-02 1.2255350823566335e-02 1.0053676215389812e-03
</DataArray>
        <DataArray type="Float64" format="ascii" Name="sigma_eff_2">
3.9880873613686923e-03 1.6996777008644504e-01 4.5749010931290168e-01 4.7590044030434397e-01 4.7137652649871387e-01 5.2680267429373995e-01 4.6104312292452188e-01 5.3024705516212944e-01 4.5495779347659498e-01 5.2966265448484973e-01 4.5844028171992396e-01 5.3265757852281581e-01 4.7043331518646198e-01 5.2675331772406264e-01 4.7660353988820064e-01 4.4056545060874658e-01 3.1803478206797470e-01 -1.7116780268540588e-01 6.4311903578553764e-02 4.0269646912477891e-01 5.0623238047243413e-01 6.5558983987449171e-01 6.4370209244953835e-01 7.3318112955314207e-01 6.7172435631861183e-01 7.4644639321925998e-01 6.7406929259757609e-01 7.4660961884853927e-01 6.7314634763944736e-01 7.4430975715379610e-01 6.5807915524705629e-01 7.1545545216285167e-01 5.7011757065712221e-01 5.8444836713560344e-01 2.3892528601970436e-01 2.3792609114835048e-01 6.9251605953843343e-01 9.5340524820182371e-01 8.4555936475117199e-01 1.0030283591239055e+00 9.0014273401292544e-01 9.9399152580496863e-01 8.9951642705654999e-01 9.7002648656119717e-01 8.9140701088457974e-01 9.6115363182028013e-01 8.9430944441412874e-01 9.7447195592202229e-01 8.9875922384081219e-01 9.9420445909096311e-01 8.6640411438446430e-01 9.8263112950496956e-01 7.4010584291777215e-01 9.0959712510138124e-01 1.3976865459520449e+00 1.5831893691514156e+00 1.3067302562227860e+00 1.4119666320665909e+00 1.2080933546341770e+00 1.2666088788217886e+00 1.1293208118527112e+00 1.1748631178041911e+00 1.0932552946153213e+00 1.1499686249929613e+00 1.1090829664784123e+00 1.1946464667887231e+00 1.1720525792891803e+00 1.3023191068667785e+00 1.2634541964736439e+00 1.4557893286425065e+00 1.3572053957799073e+00 1.6265817331740686e+00 2.1334015749096404e+00 2.2212951501179767e+00 1.7784197298069497e+00 1.7912758012166059e+00 1.4948538251532415e+00 1.4834923813719825e+00 1.3140505938208653e+00 1.3114369951141438e+00 1.2409802798480836e+00 1.2679209263583484e+00 1.2744912570794289e+00 1.3499437926588727e+00 1.4147960833098165e+00 1.5625623142372318e+00 1.6605413339236506e+00 1.9095083625610463e+00 1.9959905990765088e+00 2.3619064985225484e+00 2.8640054708910112e+00 2.7923513351513640e+00 2.1690976517177405e+00 2.0365764497092904e+00 1.6751446517052448e+00 1.5633920282889413e+00 1.3906406495457888e+00 1.3205735644931007e+00 1.2823332138262753e+00 1.2618454464487050e+00 1.3329374953825961e+00 1.3749474592437259e+00 1.5501522568908832e+00 1.6839526038117647e+00 1.9627833574679268e+00 2.2425545492051500e+00 2.5936492401739546e+00 3.0678583100510450e+00 3.4935921579904297e+00 3.1090243587364013e+00 2.3296904474809144e+00 1.9865010376357422e+00 1.6437280701186239e+00 1.4161746360882628e+00 1.2939616509195939e+00 1.1508755923310892e+00 1.1684376325616093e+00 1.0899008161559727e+00 1.2282838817473831e+00 1.2102718898431741e+00 1.4905812200200490e+00 1.5549970833600886e+00 2.0359812536317103e+00 2.2705425793722256e+00 3.0143866029516877e+00 3.6007018550822174e+00 3.6783288949484971e+00 2.5378889462452654e+00 1.9921612108073119e+00 1.4355987583232195e+00 1.2901665565743876e+00 9.7954686653811185e-01 9.8149737069291487e-01 7.8907768037184600e-01 8.7774487779818189e-01 7.4674967265513281e-01 9.3064354839035579e-01 8.3679293323408266e-01 1.1600972553956885e+00 1.0895436571476105e+00 1.6760061462807176e+00 1.6395033011989186e+00 2.8668365645487981e+00 3.3785583281513163e+00 1.2569543049221810e+00 -5.1940435599636137e-01 7.4015629953447781e-01 3.3833917846208672e-01 6.0074666735323734e-01 3.3620108403255838e-01 4.8658791895757497e-01 2.8887522160524626e-01 4.4071142807129432e-01 2.7711604876423251e-01 4.6894663825586264e-01 3.1128008636743110e-01 5.7384005412491201e-01 3.7654216614956243e-01 7.6345134141100324e-01 3.6863919123872252e-01 1.0557590421510255e+00 -9.1783345510612735e-01 -6.4356377645134299e-01 -7.8826873893697769e-01 -1.0300690048259804e+00 -1.1245044126939212e+00 -1.1749515977588958e+00 -1.2749833149534391e+00 -1.2516933804246857e+00 -1.3454966134006765e+00 -1.2804843142084554e+00 -1.3624182308716444e+00 -1.2670761921504519e+00 -1.3307774984356622e+00 -1.2092595215439199e+00 -1.2417008813381245e+00 -1.0924608277103729e+00 -1.0550334711563174e+00 -8.6717746248428051e-01 -5.3276276134847611e-01 -7.0930616637438459e-01 -1.0346245718313012e+00 -1.1735581100873567e+00 -1.3610974536896132e+00 -1.3952242000034007e+00 -1.5362684539051303e+00 -1.5031062591457844e+00 -1.6208036119365639e+00 -1.5416633650815907e+00 -1.6405190762223107e+00 -1.5227590014483052e+00 -1.6005830222558171e+00 -1.4402039915134170e+00 -1.4884200728073047e+00 -1.2608619580294351e+00 -1.2640018230684826e+00 -8.9067808128924741e-01 -8.6255252157368911e-01 -1.2496436368003720e+00 -1.5269492827574147e+00 -1.5287162474418536e+00 -1.7413739839843176e+00 -1.7162674002612546e+00 -1.8827586548007624e+00 -1.8195786386309547e+00 -1.9577003212628148e+00 -1.8577495433507680e+00 -1.9754459247665739e+00 -1.8382966436474524e+00 -1.9383160655671743e+00 -1.7570562615219933e+00 -1.8407367845713796e+00 -1.5984197600735846e+00 -1.6716373021291295e+00 -1.3424878064016958e+00 -1.4373560622757955e+00 -1.8347485793141156e+00 -2.0726065294977603e+00 -1.9936627960120321e+00 -2.1996701213239600e+00 -2.1203038697788750e+00 -2.2955111329628846e+00 -2.1989130640795085e+00 -2.3506369285724862e+00 -2.2294987844734742e+00 -2.3640103268934847e+00 -2.2136021396806296e+00 -2.3357164178100009e+00 -2.1502442863562914e+00 -2.2653897795864100e+00 -2.0376436023992133e+00 -2.1559986198589027e+00 -1.8840748182950824e+00 -2.0245368874532459e+00 -2.3518864845205663e+00 -2.3811484507140239e+00 -2.4376461284334745e+00 -2.4502165570871624e+00 -2.5140624392921382e+00 -2.5078606336048708e+00 -2.5656818337346352e+00 -2.5431838447498207e+00 -2.5866584126896366e+00 -2.5519293294894596e+00 -2.5755773138995104e+00 -2.5332709892176268e+00 -2.5330074665909681e+00 -2.4889522448010588e+00 -2.4627248333787999e+00 -2.4253209400140689e+00 -2.3769479864832803e+00 -2.3566421262562418e+00 -2.0660821549119630e+00 -1.8949731435446211e+00 -2.1064244038479236e+00 -1.9266168079655785e+00 -2.1470661866067253e+00 -1.9563185194864812e+00 -2.1765299219310714e+00 -1.9755723192622554e+00 -2.1888956736125191e+00 -1.9803864574785439e+00 -2.1822044697317033e+00 -1.9699173294228791e+00 -2.1573909343815645e+00 -1.9460400786165095e+00 -2.1188916755712022e+00 -1.9142659026751516e+00 -2.0766298381734591e+00 -1.8847058992598364e+00 -1.5219429356449035e+00 -1.3375570289894567e+00 -1.5337919178554309e+00 -1.3453287953583859e+00 -1.5500412187254933e+00 -1.3553912561648982e+00 -1.5629002915460015e+00 -1.3623095851212861e+00 -1.5683912061269345e+00 -1.3639622730101069e+00 -1.5652376432086519e+00 -1.3599902210661421e+00 -1.5541047214288317e+00 -1.3513578571752800e+00 -1.5379952709556348e+00 -1.3411966314704076e+00 -1.5235639157567353e+00 -1.3360989348318026e+00 -9.6261812698688354e-01 -7.6896253108840962e-01 -9.5747687394251590e-01 -7.6263136912044127e-01 -9.5710755916104862e-01 -7.5812308319496113e-01 -9.5708570758440681e-01 -7.5454517879834349e-01 -9.5682512882066839e-01 -7.5331656234999766e-01 -9.5660834802382466e-01 -7.5504977073887347e-01 -9.5638644423683516e-01 -7.5886827139391855e-01 -9.5632959873271861e-01 -7.6376881654240769e-01 -9.5919709983179646e-01 -7.7242401615142764e-01 -3.8844461850523493e-01 -1.9236203516477354e-01 -3.7780934567037305e-01 -1.7970705778687063e-01 -3.6449546061444354e-01 -1.6027911920994456e-01 -3.5157001946605054e-01 -1.4419375552882097e-01 -3.4503006054708207e-01 -1.3930654262853767e-01 -3.4790249733295275e-01 -1.4780260522098815e-01 -3.5884073014469747e-01 -1.6576308456519243e-01 -3.7284363895141670e-01 -1.8433396802849222e-01 -3.8512688515460974e-01 -1.9559770389127012e-01
</DataArray>
        <DataArray type="Float64" format="ascii" Name="sigma_eff_3">
-1.3525555967125205e+01 -1.3315185647992550e+01 -1.2719733374623509e+01 -1.3080495215565030e+01 -1.3006868419730992e+01 -1.3351040557746305e+01 -1.3228364248020489e+01 -1.3554518859846695e+01 -1.3324679461328824e+01 -1.3609257695874641e+01 -1.3280983645002200e+01 -1.3501785147672638e+01 -1.3107403386345268e+01 -1.3252369916963561e+01 -1.2853152165730254e+01 -1.2982379544475577e+01 -1.2829243541553812e+01 -1.3989036087087221e+01 -1.4626452586760921e+01 -1.4424901613835534e+01 -1.3721657628121328e+01 -1.4071250943751155e+01 -1.3849543946889405e+01 -1.4286803228269651e+01 -1.4112089242523098e+01 -1.4519939247033445e+01 -1.4240184671128775e+01 -1.4587447201783402e+01 -1.4177646205495758e+01 -1.4457608750349543e+01 -1.3945375204569814e+01 -1.4196073787755267e+01 -1.3694788103638839e+01 -1.4089256870535259e+01 -1.4148120884378855e+01 -1.4912132465236281e+01 -1.5072147257672455e+01 -1.5091219018319865e+01 -1.4774302086715984e+01 -1.5146297410886158e+01 -1.4942107902431765e+01 -1.5436546306703173e+01 -1.5211411599769804e+01 -1.5687369127467978e+01 -1.5347228719195435e+01 -1.5758363124489465e+01 -1.5278555389506781e+01 -1.5622004833125143e+01 -1.5039288337078716e+01 -1.5341809194430915e+01 -1.4809963470275424e+01 -1.5119172691594153e+01 -1.4949267785950070e+01 -1.5209656001918745e+01 -1.5275060632873998e+01 -1.5530897951072264e+01 -1.5682230126414861e+01 -1.6174194214355715e+01 -1.6133230880287446e+01 -1.6686668536958791e+01 -1.6473470129474801e+01 -1.6987562533642176e+01 -1.6619100161782548e+01 -1.7062594461143956e+01 -1.6547067598031610e+01 -1.6914889371533267e+01 -1.6273232268562293e+01 -1.6552097049470024e+01 -1.5863232665415302e+01 -1.6003644798620982e+01 -1.5435566073150611e+01 -1.5361975282891066e+01 -1.5362347507212917e+01 -1.5923605450534041e+01 -1.6545194081025866e+01 -1.7219622044026284e+01 -1.7357361778993308e+01 -1.7961846835734828e+01 -1.7787589843888210e+01 -1.8291038663431053e+01 -1.7938180461309713e+01 -1.8360059859774207e+01 -1.7863783661600252e+01 -1.8212733920251338e+01 -1.7543836654751200e+01 -1.7777357531612815e+01 -1.6891153228769415e+01 -1.6885267302320209e+01 -1.5830910917805150e+01 -1.5448512502471559e+01 -1.5451488076461432e+01 -1.6485888281541328e+01 -1.7526895631080450e+01 -1.8402929790835632e+01 -1.8599905101204058e+01 -1.9183176703483703e+01 -1.9012553897011081e+01 -1.9416783724591397e+01 -1.9122951194071788e+01 -1.9449497927148279e+01 -1.9064447310525914e+01 -1.9356331273802759e+01 -1.8778511086236641e+01 -1.8992780094437482e+01 -1.8001702724391489e+01 -1.7936525547497293e+01 -1.6316583608454973e+01 -1.5626223176969674e+01 -1.5834479796782690e+01 -1.7702060739336542e+01 -1.8872029015238162e+01 -1.9826367257429116e+01 -1.9789501377783978e+01 -2.0174822069838136e+01 -1.9943820611130448e+01 -2.0126364963935355e+01 -1.9940654548686673e+01 -2.0090071464660760e+01 -1.9931151958677329e+01 -2.0123233121531804e+01 -1.9844371403210086e+01 -2.0087369163903194e+01 -1.9293144479765616e+01 -1.9373582928371007e+01 -1.7249459779070278e+01 -1.6336291766134327e+01 -1.7504755365863719e+01 -2.0824905464775043e+01 -2.0714407173244616e+01 -2.1296661545942868e+01 -2.0656153397483390e+01 -2.0590559831694435e+01 -2.0330067945912269e+01 -2.0206175858526613e+01 -2.0179219929125992e+01 -2.0111098799130616e+01 -2.0235011740220081e+01 -2.0276051169273913e+01 -2.0474351753605625e+01 -2.0725852333041857e+01 -2.0689571661698306e+01 -2.1300560970491389e+01 -1.9410357169789808e+01 -1.8932119661396221e+01 -2.6455091638985170e+01 -2.6314804707841471e+01 -2.2432849125713744e+01 -2.1425030261434586e+01 -2.0679972844446500e+01 -2.0160370049530748e+01 -2.0026546851666552e+01 -1.9702150456397675e+01 -1.9817494241330682e+01 -1.9601834398371189e+01 -1.9906606417169364e+01 -1.9786935481087944e+01 -2.0347624311157794e+01 -2.0411194359801698e+01 -2.1435282924687790e+01 -2.2186684501508438e+01 -2.3796403569770106e+01 -2.9038687612675428e+01 -1.1682606019030764e+01 -1.1677499941037915e+01 -1.2387744421738290e+01 -1.2215327459517074e+01 -1.2595941088054115e+01 -1.2425573489153722e+01 -1.2745451716292138e+01 -1.2541442860984656e+01 -1.2809732412269179e+01 -1.2571236895354268e+01 -1.2774351847717332e+01 -1.2513693638857637e+01 -1.2645470941002786e+01 -1.2377171832063652e+01 -1.2443864116779118e+01 -1.2146863510981309e+01 -1.2118602404727099e+01 -1.1253288925122751e+01 -1.0388386151730757e+01 -1.0580806363299997e+01 -1.1490528586207192e+01 -1.1338851582595421e+01 -1.1857068701851393e+01 -1.1641258847776569e+01 -1.2011918064497026e+01 -1.1769140244421704e+01 -1.2067035206793310e+01 -1.1798483704842912e+01 -1.2040047405167897e+01 -1.1741304570225951e+01 -1.1926260026419817e+01 -1.1572793044832686e+01 -1.1670488367614078e+01 -1.1162660507061503e+01 -1.0898611692227130e+01 -1.0064917994085105e+01 -9.6876734424398343e+00 -9.7592484702842999e+00 -1.0520120073775429e+01 -1.0391817496393671e+01 -1.0958096859142849e+01 -1.0732064392056415e+01 -1.1157704075940064e+01 -1.0887100188963604e+01 -1.1225432389744739e+01 -1.0922343610560947e+01 -1.1193761383665521e+01 -1.0852009437227252e+01 -1.1047258061934009e+01 -1.0644794165928886e+01 -1.0701738639840073e+01 -1.0206699774814361e+01 -9.9889315718304186e+00 -9.4573962344061684e+00 -9.0912107181248150e+00 -9.0459792633856004e+00 -9.6330525379886822e+00 -9.4844786600825408e+00 -1.0012841253093569e+01 -9.7804787249754757e+00 -1.0218878720554461e+01 -9.9338918134545402e+00 -1.0293410969946448e+01 -9.9699916936791055e+00 -1.0256991817247403e+01 -9.8961369693614287e+00 -1.0097575241061634e+01 -9.6950982884289214e+00 -9.7733289045627458e+00 -9.3402116835261335e+00 -9.2653978899759331e+00 -8.8741281026168544e+00 -8.4115731112201004e+00 -8.0966988410056082e+00 -8.7372702128165809e+00 -8.3707215221861873e+00 -9.0155178079054465e+00 -8.5890970594292035e+00 -9.1887566006043571e+00 -8.7147013396940487e+00 -9.2556641571241283e+00 -8.7452078086938627e+00 -9.2215062666164336e+00 -8.6816021390234521e+00 -9.0821038096787561e+00 -8.5211073891633102e+00 -8.8324436143579739e+00 -8.2735729473396837e+00 -8.5071777145741585e+00 -8.0028971277568459e+00 -6.8926995489896603e+00 -6.3324460187867828e+00 -7.0694747875892432e+00 -6.4855004155700531e+00 -7.2497882031461351e+00 -6.6267157530110445e+00 -7.3742786922687893e+00 -6.7143885249114419e+00 -7.4246811302984987e+00 -6.7360760784688010e+00 -7.3980709633920769e+00 -6.6900269190981376e+00 -7.2952442845291383e+00 -6.5801250494380525e+00 -7.1273433043443379e+00 -6.4268287770708588e+00 -6.9385855708507584e+00 -6.2876007345527221e+00 -5.0780331391274967e+00 -4.4724708217460307e+00 -5.1561645251952148e+00 -4.5434454506918174e+00 -5.2582678179305145e+00 -4.6215194451228694e+00 -5.3346250264870188e+00 -4.6722935914958281e+00 -5.3663017952747190e+00 -4.6847734402998027e+00 -5.3490209151206454e+00 -4.6573959755611494e+00 -5.2848251881470034e+00 -4.5941900887999143e+00 -5.1866397466626841e+00 -4.5126897033618292e+00 -5.0926837597983639e+00 -4.4583926208608009e+00 -3.2134970050906699e+00 -2.5775512828499085e+00 -3.2333022905574924e+00 -2.6006360524366734e+00 -3.2796938787753929e+00 -2.6323835286262458e+00 -3.3157097556377906e+00 -2.6524753684939961e+00 -3.3303787645393284e+00 -2.6570723070901372e+00 -3.3219251717564604e+00 -2.6460047232530495e+00 -3.2913211289097490e+00 -2.6202403127260689e+00 -3.2457433363212980e+00 -2.5879130502990231e+00 -3.2112910447252321e+00 -2.5802854572373262e+00 -1.2992438785447855e+00 -6.4955300547356887e-01 -1.2993523592223291e+00 -6.5246418293798691e-01 -1.3107700524534474e+00 -6.5628122958089929e-01 -1.3183245432066530e+00 -6.5822876790902751e-01 -1.3208470293228567e+00 -6.5866144929188075e-01 -1.3189536815625897e+00 -6.5770948610450064e-01 -1.3123521078337137e+00 -6.5481325855046901e-01 -1.3014827509306042e+00 -6.4997108820089522e-01 -1.2960116346722654e+00 -6.5299771392577277e-01
</DataArray>
        <DataArray type="Float64" format="ascii" Name="K0">
0.0000000000000000e+00 0.0000000000000000e+00 0.0000000000000000e+00 0.0000000000000000e+00 0.0000000000000000e+00 0.0000000000000000e+00 0.0000000000000000e+00 0.0000000000000000e+00 0.0000000000000000e+00 0.0000000000000000e+00 0.0000000000000000e+00 0.0000000000000000e+00 0.0000000000000000e+00 0.0000000000000000e+00 0.0000000000000000e+00 0.0000000000000000e+00 0.0000000000000000e+00 0.0000000000000000e+00 0.0000000000000000e+00 0.0000000000000000e+00 0.0000000000000000e+00 0.0000000000000000e+00 0.0000000000000000e+00 0.0000000000000000e+00 0.0000000000000000e+00 0.0000000000000000e+00 0.0000000000000000e+00 0.0000000000000000e+00 0.0000000000000000e+00 0.0000000000000000e+00 0.0000000000000000e+00 0.0000000000000000e+00 0.0000000000000000e+00 0.0000000000000000e+00 0.0000000000000000e+00 0.0000000000000000e+00 0.0000000000000000e+00 0.0000000000000000e+00 0.0000000000000000e+00 0.0000000000000000e+00 0.0000000000000000e+00 0.0000000000000000e+00 0.0000000000000000e+00 0.0000000000000000e+00 0.0000000000000000e+00 0.0000000000000000e+00 0.0000000000000000e+00 0.0000000000000000e+00 0.0000000000000000e+00 0.0000000000000000e+00 0.0000000000000000e+00 0.0000000000000000e+00 0.0000000000000000e+00 0.0000000000000000e+00 0.0000000000000000e+00 0.0000000000000000e+00 0.0000000000000000e+00 0.0000000000000000e+00 0.0000000000000000e+00 0.0000000000000000e+00 0.0000000000000000e+00 0.0000000000000000e+00 0.0000000000000000e+00 0.0000000000000000e+00 0.0000000000000000e+00 0.0000000000000000e+00 0.0000000000000000e+00 0.0000000000000000e+00 0.0000000000000000e+00 0.0000000000000000e+00 0.0000000000000000e+00 0.0000000000000000e+00 0.0000000000000000e+00 0.0000000000000000e+00 0.0000000000000000e+00 0.0000000000000000e+00 0.0000000000000000e+00 0.0000000000000000e+00 0.0000000000000000e+00 0.0000000000000000e+00 0.0000000000000000e+00 0.0000000000000000e+00 0.0000000000000000e+00 0.0000000000000000e+00 0.0000000000000000e+00 0.0000000000000000e+00 0.0000000000000000e+00 0.0000000000000000e+00 0.0000000000000000e+00 0.0000000000000000e+00 0.0000000000000000e+00 0.0000000000000000e+00 0.0000000000000000e+00 0.0000000000000000e+00 0.0000000000000000e+00 0.0000000000000000e+00 0.0000000000000000e+00 0.0000000000000000e+00 0.0000000000000000e+00 0.0000000000000000e+00 0.0000000000000000e+00 0.0000000000000000e+00 0.0000000000000000e+00 0.0000000000000000e+00 0.0000000000000000e+00 0.0000000000000000e+00 0.0000000000000000e+00 0.0000000000000000e+00 0.0000000000000000e+00 0.0000000000000000e+00 0.0000000000000000e+00 0.0000000000000000e+00 0.0000000000000000e+00 0.0000000000000000e+00 0.0000000000000000e+00 0.0000000000000000e+00 0.0000000000000000e+00 0.0000000000000000e+00 0.0000000000000000e+00 0.0000000000000000e+00 0.0000000000000000e+00 0.0000000000000000e+00 0.0000000000000000e+00 0.0000000000000000e+00 0.0000000000000000e+00 0.0000000000000000e+00 0.0000000000000000e+00 0.0000000000000000e+00 0.0000000000000000e+00 0.0000000000000000e+00 0.0000000000000000e+00 0.0000000000000000e+00 0.0000000000000000e+00 0.0000000000000000e+00 0.0000000000000000e+00 0.0000000000000000e+00 0.0000000000000000e+00 0.0000000000000000e+00 0.0000000000000000e+00 0.0000000000000000e+00 0.0000000000000000e+00 0.0000000000000000e+00 0.0000000000000000e+00 0.0000000000000000e+00 0.0000000000000000e+00 0.0000000000000000e+00 0.0000000000000000e+00 0.0000000000000000e+00 0.0000000000000000e+00 0.0000000000000000e+00 0.0000000000000000e+00 0.0000000000000000e+00 0.0000000000000000e+00 0.0000000000000000e+00 0.0000000000000000e+00 0.0000000000000000e+00 0.0000000000000000e+00 0.0000000000000000e+00 0.0000000000000000e+00 0.0000000000000000e+00 0.0000000000000000e+00 0.0000000000000000e+00 0.0000000000000000e+00 0.0000000000000000e+00 0.0000000000000000e+00 0.0000000000000000e+00 0.0000000000000000e+00 0.0000000000000000e+00 0.0000000000000000e+00 0.0000000000000000e+00 0.0000000000000000e+00 0.0000000000000000e+00 0.0000000000000000e+00 0.0000000000000000e+00 0.0000000000000000e+00 0.0000000000000000e+00 0.0000000000000000e+00 0.0000000000000000e+00 0.0000000000000000e+00 0.0000000000000000e+00 0.0000000000000000e+00 0.0000000000000000e+00 0.0000000000000000e+00 0.0000000000000000e+00 0.0000000000000000e+00 0.0000000000000000e+00 0.0000000000000000e+00 0.0000000000000000e+00 0.0000000000000000e+00 0.0000000000000000e+00 0.0000000000000000e+00 0.0000000000000000e+00 0.0000000000000000e+00 0.0000000000000000e+00 0.0000000000000000e+00 0.0000000000000000e+00 0.0000000000000000e+00 0.0000000000000000e+00 0.0000000000000000e+00 0.0000000000000000e+00 0.0000000000000000e+00 0.0000000000000000e+00 0.0000000000000000e+00 0.0000000000000000e+00 0.0000000000000000e+00 0.0000000000000000e+00 0.0000000000000000e+00 0.0000000000000000e+00 0.0000000000000000e+00 0.0000000000000000e+00 0.0000000000000000e+00 0.0000000000000000e+00 0.0000000000000000e+00 0.0000000000000000e+00 0.0000000000000000e+00 0.0000000000000000e+00 0.0000000000000000e+00 0.0000000000000000e+00 0.0000000000000000e+00 0.0000000000000000e+00 0.0000000000000000e+00 0.0000000000000000e+00 0.0000000000000000e+00 0.0000000000000000e+00 0.0000000000000000e+00 0.0000000000000000e+00 0.0000000000000000e+00 0.0000000000000000e+00 0.0000000000000000e+00 0.0000000000000000e+00 0.0000000000000000e+00 0.0000000000000000e+00 0.0000000000000000e+00 0.0000000000000000e+00 0.0000000000000000e+00 0.0000000000000000e+00 0.0000000000000000e+00 0.0000000000000000e+00 0.0000000000000000e+00 0.0000000000000000e+00 0.0000000000000000e+00 0.0000000000000000e+00 0.0000000000000000e+00 0.0000000000000000e+00 0.0000000000000000e+00 0.0000000000000000e+00 0.0000000000000000e+00 0.0000000000000000e+00 0.0000000000000000e+00 0.0000000000000000e+00 0.0000000000000000e+00 0.0000000000000000e+00 0.0000000000000000e+00 0.0000000000000000e+00 0.0000000000000000e+00 0.0000000000000000e+00 0.0000000000000000e+00 0.0000000000000000e+00 0.0000000000000000e+00 0.0000000000000000e+00 0.0000000000000000e+00 0.0000000000000000e+00 0.0000000000000000e+00 0.0000000000000000e+00 0.0000000000000000e+00 0.0000000000000000e+00 0.0000000000000000e+00 0.0000000000000000e+00 0.0000000000000000e+00 0.0000000000000000e+00 0.0000000000000000e+00 0.0000000000000000e+00 0.0000000000000000e+00 0.0000000000000000e+00 0.0000000000000000e+00 0.0000000000000000e+00 0.0000000000000000e+00 0.0000000000000000e+00 0.0000000000000000e+00 0.0000000000000000e+00 0.0000000000000000e+00 0.0000000000000000e+00 0.0000000000000000e+00 0.0000000000000000e+00 0.0000000000000000e+00 0.0000000000000000e+00 0.0000000000000000e+00 0.0000000000000000e+00 0.0000000000000000e+00 0.0000000000000000e+00 0.0000000000000000e+00 0.0000000000000000e+00 0.0000000000000000e+00 0.0000000000000000e+00 0.0000000000000000e+00 0.0000000000000000e+00 0.0000000000000000e+00 0.0000000000000000e+00 0.0000000000000000e+00 0.0000000000000000e+00 0.0000000000000000e+00 0.0000000000000000e+00 0.0000000000000000e+00 0.0000000000000000e+00 0.0000000000000000e+00 0.0000000000000000e+00 0.0000000000000000e+00 0.0000000000000000e+00 0.0000000000000000e+00 0.0000000000000000e+00 0.0000000000000000e+00 0.0000000000000000e+00 0.0000000000000000e+00 0.0000000000000000e+00 0.0000000000000000e+00 0.0000000000000000e+00 0.0000000000000000e+00 0.0000000000000000e+00 0.0000000000000000e+00 0.0000000000000000e+00 0.0000000000000000e+00 0.0000000000000000e+00 0.0000000000000000e+00 0.0000000000000000e+00
</DataArray>
        <DataArray type="Float64" format="ascii" Name="PlasticStrain" NumberOfComponents="9">
0.0000000000000000e+00 0.0000000000000000e+00 0.0000000000000000e+00 0.0000000000000000e+00 0.0000000000000000e+00 0.0000000000000000e+00 0.0000000000000000e+00 0.0000000000000000e+00 0.0000000000000000e+00 0.0000000000000000e+00 0.0000000000000000e+00 0.0000000000000000e+00 0.0000000000000000e+00 0.0000000000000000e+00 0.0000000000000000e+00 0.0000000000000000e+00 0.0000000000000000e+00 0.0000000000000000e+00 0.0000000000000000e+00 0.0000000000000000e+00 0.0000000000000000e+00 0.0000000000000000e+00 0.0000000000000000e+00 0.0000000000000000e+00 0.0000000000000000e+00 0.0000000000000000e+00 0.0000000000000000e+00 0.0000000000000000e+00 0.0000000000000000e+00 0.0000000000000000e+00 0.0000000000000000e+00 0.0000000000000000e+00 0.0000000000000000e+00 0.0000000000000000e+00 0.0000000000000000e+00 0.0000000000000000e+00 0.0000000000000000e+00 0.0000000000000000e+00 0.0000000000000000e+00 0.0000000000000000e+00 0.0000000000000000e+00 0.0000000000000000e+00 0.0000000000000000e+00 0.0000000000000000e+00 0.0000000000000000e+00 0.0000000000000000e+00 0.0000000000000000e+00 0.0000000000000000e+00 0.0000000000000000e+00 0.0000000000000000e+00 0.0000000000000000e+00 0.0000000000000000e+00 0.0000000000000000e+00 0.0000000000000000e+00 0.0000000000000000e+00 0.0000000000000000e+00 0.0000000000000000e+00 0.0000000000000000e+00 0.0000000000000000e+00 0.0000000000000000e+00 0.0000000000000000e+00 0.0000000000000000e+00 0.0000000000000000e+00 0.0000000000000000e+00 0.0000000000000000e+00 0.0000000000000000e+00 0.0000000000000000e+00 0.0000000000000000e+00 0.0000000000000000e+00 0.0000000000000000e+00 0.0000000000000000e+00 0.0000000000000000e+00 0.0000000000000000e+00 0.0000000000000000e+00 0.0000000000000000e+00 0.0000000000000000e+00 0.0000000000000000e+00 0.0000000000000000e+00 0.0000000000000000e+00 0.0000000000000000e+00 0.0000000000000000e+00 0.0000000000000000e+00 0.0000000000000000e+00 0.0000000000000000e+00 0.0000000000000000e+00 0.0000000000000000e+00 0.0000000000000000e+00 0.0000000000000000e+00 0.0000000000000000e+00 0.0000000000000000e+00 0.0000000000000000e+00 0.0000000000000000e+00 0.0000000000000000e+00 0.0000000000000000e+00 0.0000000000000000e+00 0.0000000000000000e+00 0.0000000000000000e+00 0.0000000000000000e+00 0.0000000000000000e+00 0.0000000000000000e+00 0.0000000000000000e+00 0.0000000000000000e+00 0.0000000000000000e+00 0.0000000000000000e+00 0.0000000000000000e+00 0.0000000000000000e+00 0.0000000000000000e+00 0.0000000000000000e+00 0.0000000000000000e+00 0.0000000000000000e+00 0.0000000000000000e+00 0.0000000000000000e+00 0.0000000000000000e+00 0.0000000000000000e+00 0.0000000000000000e+00 0.0000000000000000e+00 0.0000000000000000e+00 0.0000000000000000e+00 0.0000000000000000e+00 0.0000000000000000e+00 0.0000000000000000e+00 0.0000000000000000e+00 0.0000000000000000e+00 0.0000000000000000e+00 0.0000000000000000e+00 0.0000000000000000e+00 0.0000000000000000e+00 0.0000000000000000e+00 0.0000000000000000e+00 0.0000000000000000e+00 0.0000000000000000e+00 0.0000000000000000e+00 0.0000000000000000e+00 0.0000000000000000e+00 0.0000000000000000e+00 0.0000000000000000e+00 0.0000000000000000e+00 0.0000000000000000e+00 0.0000000000000000e+00 0.0000000000000000e+00 0.0000000000000000e+00 0.0000000000000000e+00 0.0000000000000000e+00 0.0000000000000000e+00 0.0000000000000000e+00 0.0000000000000000e+00 0.0000000000000000e+00 0.0000000000000000e+00 0.0000000000000000e+00 0.0000000000000000e+00 0.0000000000000000e+00 0.0000000000000000e+00 0.0000000000000000e+00 0.0000000000000000e+00 0.0000000000000000e+00 0.0000000000000000e+00 0.0000000000000000e+00 0.0000000000000000e+00 0.0000000000000000e+00 0.0000000000000000e+00 0.0000000000000000e+00 0.0000000000000000e+00 0.0000000000000000e+00 0.0000000000000000e+00 0.0000000000000000e+00 0.0000000000000000e+00 0.0000000000000000e+00 0.0000000000000000e+00 0.0000000000000000e+00 0.0000000000000000e+00 0.0000000000000000e+00 0.0000000000000000e+00 0.0000000000000000e+00 0.0000000000000000e+00 0.0000000000000000e+00 0.0000000000000000e+00 0.0000000000000000e+00 0.0000000000000000e+00 0.0000000000000000e+00 0.0000000000000000e+00 0.0000000000000000e+00 0.0000000000000000e+00 0.0000000000000000e+00 0.0000000000000000e+00 0.0000000000000000e+00 0.0000000000000000e+00 0.0000000000000000e+00 0.0000000000000000e+00 0.0000000000000000e+00 0.0000000000000000e+00 0.0000000000000000e+00 0.0000000000000000e+00 0.0000000000000000e+00 0.0000000000000000e+00 0.0000000000000000e+00 0.0000000000000000e+00 0.0000000000000000e+00 0.0000000000000000e+00 0.0000000000000000e+00 0.0000000000000000e+00 0.0000000000000000e+00 0.0000000000000000e+00 0.0000000000000000e+00 0.0000000000000000e+00 0.0000000000000000e+00 0.0000000000000000e+00 0.0000000000000000e+00 0.0000000000000000e+00 0.0000000000000000e+00 0.0000000000000000e+00 0.0000000000000000e+00 0.0000000000000000e+00 0.0000000000000000e+00 0.0000000000000000e+00 0.0000000000000000e+00 0.0000000000000000e+00 0.0000000000000000e+00 0.0000000000000000e+00 0.0000000000000000e+00 0.0000000000000000e+00 0.0000000000000000e+00 0.0000000000000000e+00 0.0000000000000000e+00 0.0000000000000000e+00 0.0000000000000000e+00 0.0000000000000000e+00 0.0000000000000000e+00 0.0000000000000000e+00 0.0000000000000000e+00 0.0000000000000000e+00 0.0000000000000000e+00 0.0000000000000000e+00 0.0000000000000000e+00 0.0000000000000000e+00 0.0000000000000000e+00 0.0000000000000000e+00 0.0000000000000000e+00 0.0000000000000000e+00 0.0000000000000000e+00 0.0000000000000000e+00 0.0000000000000000e+00 0.0000000000000000e+00 0.0000000000000000e+00 0.0000000000000000e+00 0.0000000000000000e+00 0.0000000000000000e+00 0.0000000000000000e+00 0.0000000000000000e+00 0.0000000000000000e+00 0.0000000000000000e+00 0.0000000000000000e+00 0.0000000000000000e+00 0.0000000000000000e+00 0.0000000000000000e+00 0.0000000000000000e+00 0.0000000000000000e+00 0.0000000000000000e+00 0.0000000000000000e+00 0.0000000000000000e+00 0.0000000000000000e+00 0.0000000000000000e+00 0.0000000000000000e+00 0.0000000000000000e+00 0.0000000000000000e+00 0.0000000000000000e+00 0.0000000000000000e+00 0.0000000000000000e+00 0.0000000000000000e+00 0.0000000000000000e+00 0.0000000000000000e+00 0.0000000000000000e+00 0.0000000000000000e+00 0.0000000000000000e+00 0.0000000000000000e+00 0.0000000000000000e+00 0.0000000000000000e+00 0.0000000000000000e+00 0.0000000000000000e+00 0.0000000000000000e+00 0.0000000000000000e+00 0.0000000000000000e+00 0.0000000000000000e+00 0.0000000000000000e+00 0.0000000000000000e+00 0.0000000000000000e+00 0.0000000000000000e+00 0.0000000000000000e+00 0.0000000000000000e+00 0.0000000000000000e+00 0.0000000000000000e+00 0.0000000000000000e+00 0.0000000000000000e+00 0.0000000000000000e+00 0.0000000000000000e+00 0.0000000000000000e+00 0.0000000000000000e+00 0.0000000000000000e+00 0.0000000000000000e+00 0.0000000000000000e+00 0.0000000000000000e+00 0.0000000000000000e+00 0.0000000000000000e+00 0.0000000000000000e+00 0.0000000000000000e+00 0.0000000000000000e+00 0.0000000000000000e+00 0.0000000000000000e+00 0.0000000000000000e+00 0.0000000000000000e+00 0.0000000000000000e+00 0.0000000000000000e+00 0.0000000000000000e+00 0.0000000000000000e+00 0.0000000000000000e+00 0.0000000000000000e+00 0.0000000000000000e+00 0.0000000000000000e+00 0.0000000000000000e+00 0.0000000000000000e+00 0.0000000000000000e+00 0.0000000000000000e+00 0.0000000000000000e+00 0.0000000000000000e+00 0.0000000000000000e+00 0.0000000000000000e+00 0.0000000000000000e+00 0.0000000000000000e+00 0.0000000000000000e+00 0.0000000000000000e+00 0.0000000000000000e+00 0.0000000000000000e+00 0.0000000000000000e+00 0.0000000000000000e+00 0.0000000000000000e+00 0.0000000000000000e+00 0.0000000000000000e+00 0.0000000000000000e+00 0.0000000000000000e+00 0.0000000000000000e+00 0.0000000000000000e+00 0.0000000000000000e+00 0.0000000000000000e+00 0.0000000000000000e+00 0.0000000000000000e+00 0.0000000000000000e+00 0.0000000000000000e+00 0.0000000000000000e+00 0.0000000000000000e+00 0.0000000000000000e+00 0.0000000000000000e+00 0.0000000000000000e+00 0.0000000000000000e+00 0.0000000000000000e+00 0.0000000000000000e+00 0.0000000000000000e+00 0.0000000000000000e+00 0.0000000000000000e+00 0.0000000000000000e+00 0.0000000000000000e+00 0.0000000000000000e+00 0.0000000000000000e+00 0.0000000000000000e+00 0.0000000000000000e+00 0.0000000000000000e+00 0.0000000000000000e+00 0.0000000000000000e+00 0.0000000000000000e+00 0.0000000000000000e+00 0.0000000000000000e+00 0.0000000000000000e+00 0.0000000000000000e+00 0.0000000000000000e+00 0.0000000000000000e+00 0.0000000000000000e+00 0.0000000000000000e+00 0.0000000000000000e+00 0.0000000000000000e+00 0.0000000000000000e+00 0.0000000000000000e+00 0.0000000000000000e+00 0.0000000000000000e+00 0.0000000000000000e+00 0.0000000000000000e+00 0.0000000000000000e+00 0.0000000000000000e+00 0.0000000000000000e+00 0.0000000000000000e+00 0.0000000000000000e+00 0.0000000000000000e+00 0.0000000000000000e+00 0.0000000000000000e+00 0.0000000000000000e+00 0.0000000000000000e+00 0.0000000000000000e+00 0.0000000000000000e+00 0.0000000000000000e+00 0.0000000000000000e+00 0.0000000000000000e+00 0.0000000000000000e+00 0.0000000000000000e+00 0.0000000000000000e+00 0.0000000000000000e+00 0.0000000000000000e+00 0.0000000000000000e+00 0.0000000000000000e+00 0.0000000000000000e+00 0.0000000000000000e+00 0.0000000000000000e+00 0.0000000000000000e+00 0.0000000000000000e+00 0.0000000000000000e+00 0.0000000000000000e+00 0.0000000000000000e+00 0.0000000000000000e+00 0.0000000000000000e+00 0.0000000000000000e+00 0.0000000000000000e+00 0.0000000000000000e+00 0.0000000000000000e+00 0.0000000000000000e+00 0.0000000000000000e+00 0.0000000000000000e+00 0.0000000000000000e+00 0.0000000000000000e+00 0.0000000000000000e+00 0.0000000000000000e+00 0.0000000000000000e+00 0.0000000000000000e+00 0.0000000000000000e+00 0.0000000000000000e+00 0.0000000000000000e+00 0.0000000000000000e+00 0.0000000000000000e+00 0.0000000000000000e+00 0.0000000000000000e+00 0.0000000000000000e+00 0.0000000000000000e+00 0.0000000000000000e+00 0.0000000000000000e+00 0.0000000000000000e+00 0.0000000000000000e+00 0.0000000000000000e+00 0.0000000000000000e+00 0.0000000000000000e+00 0.0000000000000000e+00 0.0000000000000000e+00 0.0000000000000000e+00 0.0000000000000000e+00 0.0000000000000000e+00 0.0000000000000000e+00 0.0000000000000000e+00 0.0000000000000000e+00 0.0000000000000000e+00 0.0000000000000000e+00 0.0000000000000000e+00 0.0000000000000000e+00 0.0000000000000000e+00 0.0000000000000000e+00 0.0000000000000000e+00 0.0000000000000000e+00 0.0000000000000000e+00 0.0000000000000000e+00 0.0000000000000000e+00 0.0000000000000000e+00 0.0000000000000000e+00 0.0000000000000000e+00 0.0000000000000000e+00 0.0000000000000000e+00 0.0000000000000000e+00 0.0000000000000000e+00 0.0000000000000000e+00 0.0000000000000000e+00 0.0000000000000000e+00 0.0000000000000000e+00 0.0000000000000000e+00 0.0000000000000000e+00 0.0000000000000000e+00 0.0000000000000000e+00 0.0000000000000000e+00 0.0000000000000000e+00 0.0000000000000000e+00 0.0000000000000000e+00 0.0000000000000000e+00 0.0000000000000000e+00 0.0000000000000000e+00 0.0000000000000000e+00 0.0000000000000000e+00 0.0000000000000000e+00 0.0000000000000000e+00 0.0000000000000000e+00 0.0000000000000000e+00 0.0000000000000000e+00 0.0000000000000000e+00 0.0000000000000000e+00 0.0000000000000000e+00 0.0000000000000000e+00 0.0000000000000000e+00 0.0000000000000000e+00 0.0000000000000000e+00 0.0000000000000000e+00 0.0000000000000000e+00 0.0000000000000000e+00 0.0000000000000000e+00 0.0000000000000000e+00 0.0000000000000000e+00 0.0000000000000000e+00 0.0000000000000000e+00 0.0000000000000000e+00 0.0000000000000000e+00 0.0000000000000000e+00 0.0000000000000000e+00 0.0000000000000000e+00 0.0000000000000000e+00 0.0000000000000000e+00 0.0000000000000000e+00 0.0000000000000000e+00 0.0000000000000000e+00 0.0000000000000000e+00 0.0000000000000000e+00 0.0000000000000000e+00 0.0000000000000000e+00 0.0000000000000000e+00 0.0000000000000000e+00 0.0000000000000000e+00 0.0000000000000000e+00 0.0000000000000000e+00 0.0000000000000000e+00 0.0000000000000000e+00 0.0000000000000000e+00 0.0000000000000000e+00 0.0000000000000000e+00 0.0000000000000000e+00 0.0000000000000000e+00 0.0000000000000000e+00 0.0000000000000000e+00 0.0000000000000000e+00 0.0000000000000000e+00 0.0000000000000000e+00 0.0000000000000000e+00 0.0000000000000000e+00 0.0000000000000000e+00 0.0000000000000000e+00 0.0000000000000000e+00 0.0000000000000000e+00 0.0000000000000000e+00 0.0000000000000000e+00 0.0000000000000000e+00 0.0000000000000000e+00 0.0000000000000000e+00 0.0000000000000000e+00 0.0000000000000000e+00 0.0000000000000000e+00 0.0000000000000000e+00 0.0000000000000000e+00 0.0000000000000000e+00 0.0000000000000000e+00 0.0000000000000000e+00 0.0000000000000000e+00 0.0000000000000000e+00 0.0000000000000000e+00 0.0000000000000000e+00 0.0000000000000000e+00 0.0000000000000000e+00 0.0000000000000000e+00 0.0000000000000000e+00 0.0000000000000000e+00 0.0000000000000000e+00 0.0000000000000000e+00 0.0000000000000000e+00 0.0000000000000000e+00 0.0000000000000000e+00 0.0000000000000000e+00 0.0000000000000000e+00 0.0000000000000000e+00 0.0000000000000000e+00 0.0000000000000000e+00 0.0000000000000000e+00 0.0000000000000000e+00 0.0000000000000000e+00 0.0000000000000000e+00 0.0000000000000000e+00 0.0000000000000000e+00 0.0000000000000000e+00 0.0000000000000000e+00 0.0000000000000000e+00 0.0000000000000000e+00 0.0000000000000000e+00 0.0000000000000000e+00 0.0000000000000000e+00 0.0000000000000000e+00 0.0000000000000000e+00 0.0000000000000000e+00 0.0000000000000000e+00 0.0000000000000000e+00 0.0000000000000000e+00 0.0000000000000000e+00 0.0000000000000000e+00 0.0000000000000000e+00 0.0000000000000000e+00 0.0000000000000000e+00 0.0000000000000000e+00 0.0000000000000000e+00 0.0000000000000000e+00 0.0000000000000000e+00 0.0000000000000000e+00 0.0000000000000000e+00 0.0000000000000000e+00 0.0000000000000000e+00 0.0000000000000000e+00 0.0000000000000000e+00 0.0000000000000000e+00 0.0000000000000000e+00 0.0000000000000000e+00 0.0000000000000000e+00 0.0000000000000000e+00 0.0000000000000000e+00 0.0000000000000000e+00 0.0000000000000000e+00 0.0000000000000000e+00 0.0000000000000000e+00 0.0000000000000000e+00 0.0000000000000000e+00 0.0000000000000000e+00 0.0000000000000000e+00 0.0000000000000000e+00 0.0000000000000000e+00 0.0000000000000000e+00 0.0000000000000000e+00 0.0000000000000000e+00 0.0000000000000000e+00 0.0000000000000000e+00 0.0000000000000000e+00 0.0000000000000000e+00 0.0000000000000000e+00 0.0000000000000000e+00 0.0000000000000000e+00 0.0000000000000000e+00 0.0000000000000000e+00 0.0000000000000000e+00 0.0000000000000000e+00 0.0000000000000000e+00 0.0000000000000000e+00 0.0000000000000000e+00 0.0000000000000000e+00 0.0000000000000000e+00 0.0000000000000000e+00 0.0000000000000000e+00 0.0000000000000000e+00 0.0000000000000000e+00 0.0000000000000000e+00 0.0000000000000000e+00 0.0000000000000000e+00 0.0000000000000000e+00 0.0000000000000000e+00 0.0000000000000000e+00 0.0000000000000000e+00 0.0000000000000000e+00 0.0000000000000000e+00 0.0000000000000000e+00 0.0000000000000000e+00 0.0000000000000000e+00 0.0000000000000000e+00 0.0000000000000000e+00 0.0000000000000000e+00 0.0000000000000000e+00 0.0000000000000000e+00 0.0000000000000000e+00 0.0000000000000000e+00 0.0000000000000000e+00 0.0000000000000000e+00 0.0000000000000000e+00 0.0000000000000000e+00 0.0000000000000000e+00 0.0000000000000000e+00 0.0000000000000000e+00 0.0000000000000000e+00 0.0000000000000000e+00 0.0000000000000000e+00 0.0000000000000000e+00 0.0000000000000000e+00 0.0000000000000000e+00 0.0000000000000000e+00 0.0000000000000000e+00 0.0000000000000000e+00 0.0000000000000000e+00 0.0000000000000000e+00 0.0000000000000000e+00 0.0000000000000000e+00 0.0000000000000000e+00 0.0000000000000000e+00 0.0000000000000000e+00 0.0000000000000000e+00 0.0000000000000000e+00 0.0000000000000000e+00 0.0000000000000000e+00 0.0000000000000000e+00 0.0000000000000000e+00 0.0000000000000000e+00 0.0000000000000000e+00 0.0000000000000000e+00 0.0000000000000000e+00 0.0000000000000000e+00 0.0000000000000000e+00 0.0000000000000000e+00 0.0000000000000000e+00 0.0000000000000000e+00 0.0000000000000000e+00 0.0000000000000000e+00 0.0000000000000000e+00 0.0000000000000000e+00 0.0000000000000000e+00 0.0000000000000000e+00 0.0000000000000000e+00 0.0000000000000000e+00 0.0000000000000000e+00 0.0000000000000000e+00 0.0000000000000000e+00 0.0000000000000000e+00 0.0000000000000000e+00 0.0000000000000000e+00 0.0000000000000000e+00 0.0000000000000000e+00 0.0000000000000000e+00 0.0000000000000000e+00 0.0000000000000000e+00 0.0000000000000000e+00 0.0000000000000000e+00 0.0000000000000000e+00 0.0000000000000000e+00 0.0000000000000000e+00 0.0000000000000000e+00 0.0000000000000000e+00 0.0000000000000000e+00 0.0000000000000000e+00 0.0000000000000000e+00 0.0000000000000000e+00 0.0000000000000000e+00 0.0000000000000000e+00 0.0000000000000000e+00 0.0000000000000000e+00 0.0000000000000000e+00 0.0000000000000000e+00 0.0000000000000000e+00 0.0000000000000000e+00 0.0000000000000000e+00 0.0000000000000000e+00 0.0000000000000000e+00 0.0000000000000000e+00 0.0000000000000000e+00 0.0000000000000000e+00 0.0000000000000000e+00 0.0000000000000000e+00 0.0000000000000000e+00 0.0000000000000000e+00 0.0000000000000000e+00 0.0000000000000000e+00 0.0000000000000000e+00 0.0000000000000000e+00 0.0000000000000000e+00 0.0000000000000000e+00 0.0000000000000000e+00 0.0000000000000000e+00 0.0000000000000000e+00 0.0000000000000000e+00 0.0000000000000000e+00 0.0000000000000000e+00 0.0000000000000000e+00 0.0000000000000000e+00 0.0000000000000000e+00 0.0000000000000000e+00 0.0000000000000000e+00 0.0000000000000000e+00 0.0000000000000000e+00 0.0000000000000000e+00 0.0000000000000000e+00 0.0000000000000000e+00 0.0000000000000000e+00 0.0000000000000000e+00 0.0000000000000000e+00 0.0000000000000000e+00 0.0000000000000000e+00 0.0000000000000000e+00 0.0000000000000000e+00 0.0000000000000000e+00 0.0000000000000000e+00 0.0000000000000000e+00 0.0000000000000000e+00 0.0000000000000000e+00 0.0000000000000000e+00 0.0000000000000000e+00 0.0000000000000000e+00 0.0000000000000000e+00 0.0000000000000000e+00 0.0000000000000000e+00 0.0000000000000000e+00 0.0000000000000000e+00 0.0000000000000000e+00 0.0000000000000000e+00 0.0000000000000000e+00 0.0000000000000000e+00 0.0000000000000000e+00 0.0000000000000000e+00 0.0000000000000000e+00 0.0000000000000000e+00 0.0000000000000000e+00 0.0000000000000000e+00 0.0000000000000000e+00 0.0000000000000000e+00 0.0000000000000000e+00 0.0000000000000000e+00 0.0000000000000000e+00 0.0000000000000000e+00 0.0000000000000000e+00 0.0000000000000000e+00 0.0000000000000000e+00 0.0000000000000000e+00 0.0000000000000000e+00 0.0000000000000000e+00 0.0000000000000000e+00 0.0000000000000000e+00 0.0000000000000000e+00 0.0000000000000000e+00 0.0000000000000000e+00 0.0000000000000000e+00 0.0000000000000000e+00 0.0000000000000000e+00 0.0000000000000000e+00 0.0000000000000000e+00 0.0000000000000000e+00 0.0000000000000000e+00 0.0000000000000000e+00 0.0000000000000000e+00 0.0000000000000000e+00 0.0000000000000000e+00 0.0000000000000000e+00 0.0000000000000000e+00 0.0000000000000000e+00 0.0000000000000000e+00 0.0000000000000000e+00 0.0000000000000000e+00 0.0000000000000000e+00 0.0000000000000000e+00 0.0000000000000000e+00 0.0000000000000000e+00 0.0000000000000000e+00 0.0000000000000000e+00 0.0000000000000000e+00 0.0000000000000000e+00 0.0000000000000000e+00 0.0000000000000000e+00 0.0000000000000000e+00 0.0000000000000000e+00 0.0000000000000000e+00 0.0000000000000000e+00 0.0000000000000000e+00 0.0000000000000000e+00 0.0000000000000000e+00 0.0000000000000000e+00 0.0000000000000000e+00 0.0000000000000000e+00 0.0000000000000000e+00 0.0000000000000000e+00 0.0000000000000000e+00 0.0000000000000000e+00 0.0000000000000000e+00 0.0000000000000000e+00 0.0000000000000000e+00 0.0000000000000000e+00 0.0000000000000000e+00 0.0000000000000000e+00 0.0000000000000000e+00 0.0000000000000000e+00 0.0000000000000000e+00 0.0000000000000000e+00 0.0000000000000000e+00 0.0000000000000000e+00 0.0000000000000000e+00 0.0000000000000000e+00 0.0000000000000000e+00 0.0000000000000000e+00 0.0000000000000000e+00 0.0000000000000000e+00 0.0000000000000000e+00 0.0000000000000000e+00 0.0000000000000000e+00 0.0000000000000000e+00 0.0000000000000000e+00 0.0000000000000000e+00 0.0000000000000000e+00 0.0000000000000000e+00 0.0000000000000000e+00 0.0000000000000000e+00 0.0000000000000000e+00 0.0000000000000000e+00 0.0000000000000000e+00 0.0000000000000000e+00 0.0000000000000000e+00 0.0000000000000000e+00 0.0000000000000000e+00 0.0000000000000000e+00 0.0000000000000000e+00 0.0000000000000000e+00 0.0000000000000000e+00 0.0000000000000000e+00 0.0000000000000000e+00 0.0000000000000000e+00 0.0000000000000000e+00 0.0000000000000000e+00 0.0000000000000000e+00 0.0000000000000000e+00 0.0000000000000000e+00 0.0000000000000000e+00 0.0000000000000000e+00 0.0000000000000000e+00 0.0000000000000000e+00 0.0000000000000000e+00 0.0000000000000000e+00 0.0000000000000000e+00 0.0000000000000000e+00 0.0000000000000000e+00 0.0000000000000000e+00 0.0000000000000000e+00 0.0000000000000000e+00 0.0000000000000000e+00 0.0000000000000000e+00 0.0000000000000000e+00 0.0000000000000000e+00 0.0000000000000000e+00 0.0000000000000000e+00 0.0000000000000000e+00 0.0000000000000000e+00 0.0000000000000000e+00 0.0000000000000000e+00 0.0000000000000000e+00 0.0000000000000000e+00 0.0000000000000000e+00 0.0000000000000000e+00 0.0000000000000000e+00 0.0000000000000000e+00 0.0000000000000000e+00 0.0000000000000000e+00 0.0000000000000000e+00 0.0000000000000000e+00 0.0000000000000000e+00 0.0000000000000000e+00 0.0000000000000000e+00 0.0000000000000000e+00 0.0000000000000000e+00 0.0000000000000000e+00 0.0000000000000000e+00 0.0000000000000000e+00 0.0000000000000000e+00 0.0000000000000000e+00 0.0000000000000000e+00 0.0000000000000000e+00 0.0000000000000000e+00 0.0000000000000000e+00 0.0000000000000000e+00 0.0000000000000000e+00 0.0000000000000000e+00 0.0000000000000000e+00 0.0000000000000000e+00 0.0000000000000000e+00 0.0000000000000000e+00 0.0000000000000000e+00 0.0000000000000000e+00 0.0000000000000000e+00 0.0000000000000000e+00 0.0000000000000000e+00 0.0000000000000000e+00 0.0000000000000000e+00 0.0000000000000000e+00 0.0000000000000000e+00 0.0000000000000000e+00 0.0000000000000000e+00 0.0000000000000000e+00 0.0000000000000000e+00 0.0000000000000000e+00 0.0000000000000000e+00 0.0000000000000000e+00 0.0000000000000000e+00 0.0000000000000000e+00 0.0000000000000000e+00 0.0000000000000000e+00 0.0000000000000000e+00 0.0000000000000000e+00 0.0000000000000000e+00 0.0000000000000000e+00 0.0000000000000000e+00 0.0000000000000000e+00 0.0000000000000000e+00 0.0000000000000000e+00 0.0000000000000000e+00 0.0000000000000000e+00 0.0000000000000000e+00 0.0000000000000000e+00 0.0000000000000000e+00 0.0000000000000000e+00 0.0000000000000000e+00 0.0000000000000000e+00 0.0000000000000000e+00 0.0000000000000000e+00 0.0000000000000000e+00 0.0000000000000000e+00 0.0000000000000000e+00 0.0000000000000000e+00 0.0000000000000000e+00 0.0000000000000000e+00 0.0000000000000000e+00 0.0000000000000000e+00 0.0000000000000000e+00 0.0000000000000000e+00 0.0000000000000000e+00 0.0000000000000000e+00 0.0000000000000000e+00 0.0000000000000000e+00 0.0000000000000000e+00 0.0000000000000000e+00 0.0000000000000000e+00 0.0000000000000000e+00 0.0000000000000000e+00 0.0000000000000000e+00 0.0000000000000000e+00 0.0000000000000000e+00 0.0000000000000000e+00 0.0000000000000000e+00 0.0000000000000000e+00 0.0000000000000000e+00 0.0000000000000000e+00 0.0000000000000000e+00 0.0000000000000000e+00 0.0000000000000000e+00 0.0000000000000000e+00 0.0000000000000000e+00 0.0000000000000000e+00 0.0000000000000000e+00 0.0000000000000000e+00 0.0000000000000000e+00 0.0000000000000000e+00 0.0000000000000000e+00 0.0000000000000000e+00 0.0000000000000000e+00 0.0000000000000000e+00 0.0000000000000000e+00 0.0000000000000000e+00 0.0000000000000000e+00 0.0000000000000000e+00 0.0000000000000000e+00 0.0000000000000000e+00 0.0000000000000000e+00 0.0000000000000000e+00 0.0000000000000000e+00 0.0000000000000000e+00 0.0000000000000000e+00 0.0000000000000000e+00 0.0000000000000000e+00 0.0000000000000000e+00 0.0000000000000000e+00 0.0000000000000000e+00 0.0000000000000000e+00 0.0000000000000000e+00 0.0000000000000000e+00 0.0000000000000000e+00 0.0000000000000000e+00 0.0000000000000000e+00 0.0000000000000000e+00 0.0000000000000000e+00 0.0000000000000000e+00 0.0000000000000000e+00 0.0000000000000000e+00 0.0000000000000000e+00 0.0000000000000000e+00 0.0000000000000000e+00 0.0000000000000000e+00 0.0000000000000000e+00 0.0000000000000000e+00 0.0000000000000000e+00 0.0000000000000000e+00 0.0000000000000000e+00 0.0000000000000000e+00 0.0000000000000000e+00 0.0000000000000000e+00 0.0000000000000000e+00 0.0000000000000000e+00 0.0000000000000000e+00 0.0000000000000000e+00 0.0000000000000000e+00 0.0000000000000000e+00 0.0000000000000000e+00 0.0000000000000000e+00 0.0000000000000000e+00 0.0000000000000000e+00 0.0000000000000000e+00 0.0000000000000000e+00 0.0000000000000000e+00 0.0000000000000000e+00 0.0000000000000000e+00 0.0000000000000000e+00 0.0000000000000000e+00 0.0000000000000000e+00 0.0000000000000000e+00 0.0000000000000000e+00 0.0000000000000000e+00 0.0000000000000000e+00 0.0000000000000000e+00 0.0000000000000000e+00 0.0000000000000000e+00 0.0000000000000000e+00 0.0000000000000000e+00 0.0000000000000000e+00 0.0000000000000000e+00 0.0000000000000000e+00 0.0000000000000000e+00 0.0000000000000000e+00 0.0000000000000000e+00 0.0000000000000000e+00 0.0000000000000000e+00 0.0000000000000000e+00 0.0000000000000000e+00 0.0000000000000000e+00 0.0000000000000000e+00 0.0000000000000000e+00 0.0000000000000000e+00 0.0000000000000000e+00 0.0000000000000000e+00 0.0000000000000000e+00 0.0000000000000000e+00 0.0000000000000000e+00 0.0000000000000000e+00 0.0000000000000000e+00 0.0000000000000000e+00 0.0000000000000000e+00 0.0000000000000000e+00 0.0000000000000000e+00 0.0000000000000000e+00 0.0000000000000000e+00 0.0000000000000000e+00 0.0000000000000000e+00 0.0000000000000000e+00 0.0000000000000000e+00 0.0000000000000000e+00 0.0000000000000000e+00 0.0000000000000000e+00 0.0000000000000000e+00 0.0000000000000000e+00 0.0000000000000000e+00 0.0000000000000000e+00 0.0000000000000000e+00 0.0000000000000000e+00 0.0000000000000000e+00 0.0000000000000000e+00 0.0000000000000000e+00 0.0000000000000000e+00 0.0000000000000000e+00 0.0000000000000000e+00 0.0000000000000000e+00 0.0000000000000000e+00 0.0000000000000000e+00 0.0000000000000000e+00 0.0000000000000000e+00 0.0000000000000000e+00 0.0000000000000000e+00 0.0000000000000000e+00 0.0000000000000000e+00 0.0000000000000000e+00 0.0000000000000000e+00 0.0000000000000000e+00 0.0000000000000000e+00 0.0000000000000000e+00 0.0000000000000000e+00 0.0000000000000000e+00 0.0000000000000000e+00 0.0000000000000000e+00 0.0000000000000000e+00 0.0000000000000000e+00 0.0000000000000000e+00 0.0000000000000000e+00 0.0000000000000000e+00 0.0000000000000000e+00 0.0000000000000000e+00 0.0000000000000000e+00 0.0000000000000000e+00 0.0000000000000000e+00 0.0000000000000000e+00 0.0000000000000000e+00 0.0000000000000000e+00 0.0000000000000000e+00 0.0000000000000000e+00 0.0000000000000000e+00 0.0000000000000000e+00 0.0000000000000000e+00 0.0000000000000000e+00 0.0000000000000000e+00 0.0000000000000000e+00 0.0000000000000000e+00 0.0000000000000000e+00 0.0000000000000000e+00 0.0000000000000000e+00 0.0000000000000000e+00 0.0000000000000000e+00 0.0000000000000000e+00 0.0000000000000000e+00 0.0000000000000000e+00 0.0000000000000000e+00 0.0000000000000000e+00 0.0000000000000000e+00 0.0000000000000000e+00 0.0000000000000000e+00 0.0000000000000000e+00 0.0000000000000000e+00 0.0000000000000000e+00 0.0000000000000000e+00 0.0000000000000000e+00 0.0000000000000000e+00 0.0000000000000000e+00 0.0000000000000000e+00 0.0000000000000000e+00 0.0000000000000000e+00 0.0000000000000000e+00 0.0000000000000000e+00 0.0000000000000000e+00 0.0000000000000000e+00 0.0000000000000000e+00 0.0000000000000000e+00 0.0000000000000000e+00 0.0000000000000000e+00 0.0000000000000000e+00 0.0000000000000000e+00 0.0000000000000000e+00 0.0000000000000000e+00 0.0000000000000000e+00 0.0000000000000000e+00 0.0000000000000000e+00 0.0000000000000000e+00 0.0000000000000000e+00 0.0000000000000000e+00 0.0000000000000000e+00 0.0000000000000000e+00 0.0000000000000000e+00 0.0000000000000000e+00 0.0000000000000000e+00 0.0000000000000000e+00 0.0000000000000000e+00 0.0000000000000000e+00 0.0000000000000000e+00 0.0000000000000000e+00 0.0000000000000000e+00 0.0000000000000000e+00 0.0000000000000000e+00 0.0000000000000000e+00 0.0000000000000000e+00 0.0000000000000000e+00 0.0000000000000000e+00 0.0000000000000000e+00 0.0000000000000000e+00 0.0000000000000000e+00 0.0000000000000000e+00 0.0000000000000000e+00 0.0000000000000000e+00 0.0000000000000000e+00 0.0000000000000000e+00 0.0000000000000000e+00 0.0000000000000000e+00 0.0000000000000000e+00 0.0000000000000000e+00 0.0000000000000000e+00 0.0000000000000000e+00 0.0000000000000000e+00 0.0000000000000000e+00 0.0000000000000000e+00 0.0000000000000000e+00 0.0000000000000000e+00 0.0000000000000000e+00 0.0000000000000000e+00 0.0000000000000000e+00 0.0000000000000000e+00 0.0000000000000000e+00 0.0000000000000000e+00 0.0000000000000000e+00 0.0000000000000000e+00 0.0000000000000000e+00 0.0000000000000000e+00 0.0000000000000000e+00 0.0000000000000000e+00 0.0000000000000000e+00 0.0000000000000000e+00 0.0000000000000000e+00 0.0000000000000000e+00 0.0000000000000000e+00 0.0000000000000000e+00 0.0000000000000000e+00 0.0000000000000000e+00 0.0000000000000000e+00 0.0000000000000000e+00 0.0000000000000000e+00 0.0000000000000000e+00 0.0000000000000000e+00 0.0000000000000000e+00 0.0000000000000000e+00 0.0000000000000000e+00 0.0000000000000000e+00 0.0000000000000000e+00 0.0000000000000000e+00 0.0000000000000000e+00 0.0000000000000000e+00 0.0000000000000000e+00 0.0000000000000000e+00 0.0000000000000000e+00 0.0000000000000000e+00 0.0000000000000000e+00 0.0000000000000000e+00 0.0000000000000000e+00 0.0000000000000000e+00 0.0000000000000000e+00 0.0000000000000000e+00 0.0000000000000000e+00 0.0000000000000000e+00 0.0000000000000000e+00 0.0000000000000000e+00 0.0000000000000000e+00 0.0000000000000000e+00 0.0000000000000000e+00 0.0000000000000000e+00 0.0000000000000000e+00 0.0000000000000000e+00 0.0000000000000000e+00 0.0000000000000000e+00 0.0000000000000000e+00 0.0000000000000000e+00 0.0000000000000000e+00 0.0000000000000000e+00 0.0000000000000000e+00 0.0000000000000000e+00 0.0000000000000000e+00 0.0000000000000000e+00 0.0000000000000000e+00 0.0000000000000000e+00 0.0000000000000000e+00 0.0000000000000000e+00 0.0000000000000000e+00 0.0000000000000000e+00 0.0000000000000000e+00 0.0000000000000000e+00 0.0000000000000000e+00 0.0000000000000000e+00 0.0000000000000000e+00 0.0000000000000000e+00 0.0000000000000000e+00 0.0000000000000000e+00 0.0000000000000000e+00 0.0000000000000000e+00 0.0000000000000000e+00 0.0000000000000000e+00 0.0000000000000000e+00 0.0000000000000000e+00 0.0000000000000000e+00 0.0000000000000000e+00 0.0000000000000000e+00 0.0000000000000000e+00 0.0000000000000000e+00 0.0000000000000000e+00 0.0000000000000000e+00 0.0000000000000000e+00 0.0000000000000000e+00 0.0000000000000000e+00 0.0000000000000000e+00 0.0000000000000000e+00 0.0000000000000000e+00 0.0000000000000000e+00 0.0000000000000000e+00 0.0000000000000000e+00 0.0000000000000000e+00 0.0000000000000000e+00 0.0000000000000000e+00 0.0000000000000000e+00 0.0000000000000000e+00 0.0000000000000000e+00 0.0000000000000000e+00 0.0000000000000000e+00 0.0000000000000000e+00 0.0000000000000000e+00 0.0000000000000000e+00 0.0000000000000000e+00 0.0000000000000000e+00 0.0000000000000000e+00 0.0000000000000000e+00 0.0000000000000000e+00 0.0000000000000000e+00 0.0000000000000000e+00 0.0000000000000000e+00 0.0000000000000000e+00 0.0000000000000000e+00 0.0000000000000000e+00 0.0000000000000000e+00 0.0000000000000000e+00 0.0000000000000000e+00 0.0000000000000000e+00 0.0000000000000000e+00 0.0000000000000000e+00 0.0000000000000000e+00 0.0000000000000000e+00 0.0000000000000000e+00 0.0000000000000000e+00 0.0000000000000000e+00 0.0000000000000000e+00 0.0000000000000000e+00 0.0000000000000000e+00 0.0000000000000000e+00 0.0000000000000000e+00 0.0000000000000000e+00 0.0000000000000000e+00 0.0000000000000000e+00 0.0000000000000000e+00 0.0000000000000000e+00 0.0000000000000000e+00 0.0000000000000000e+00 0.0000000000000000e+00 0.0000000000000000e+00 0.0000000000000000e+00 0.0000000000000000e+00 0.0000000000000000e+00 0.0000000000000000e+00 0.0000000000000000e+00 0.0000000000000000e+00 0.0000000000000000e+00 0.0000000000000000e+00 0.0000000000000000e+00 0.0000000000000000e+00 0.0000000000000000e+00 0.0000000000000000e+00 0.0000000000000000e+00 0.0000000000000000e+00 0.0000000000000000e+00 0.0000000000000000e+00 0.0000000000000000e+00 0.0000000000000000e+00 0.0000000000000000e+00 0.0000000000000000e+00 0.0000000000000000e+00 0.0000000000000000e+00 0.0000000000000000e+00 0.0000000000000000e+00 0.0000000000000000e+00 0.0000000000000000e+00 0.0000000000000000e+00 0.0000000000000000e+00 0.0000000000000000e+00 0.0000000000000000e+00 0.0000000000000000e+00 0.0000000000000000e+00 0.0000000000000000e+00 0.0000000000000000e+00 0.0000000000000000e+00 0.0000000000000000e+00 0.0000000000000000e+00 0.0000000000000000e+00 0.0000000000000000e+00 0.0000000000000000e+00 0.0000000000000000e+00 0.0000000000000000e+00 0.0000000000000000e+00 0.0000000000000000e+00 0.0000000000000000e+00 0.0000000000000000e+00 0.0000000000000000e+00 0.0000000000000000e+00 0.0000000000000000e+00 0.0000000000000000e+00 0.0000000000000000e+00 0.0000000000000000e+00 0.0000000000000000e+00 0.0000000000000000e+00 0.0000000000000000e+00 0.0000000000000000e+00 0.0000000000000000e+00 0.0000000000000000e+00 0.0000000000000000e+00 0.0000000000000000e+00 0.0000000000000000e+00 0.0000000000000000e+00 0.0000000000000000e+00 0.0000000000000000e+00 0.0000000000000000e+00 0.0000000000000000e+00 0.0000000000000000e+00 0.0000000000000000e+00 0.0000000000000000e+00 0.0000000000000000e+00 0.0000000000000000e+00 0.0000000000000000e+00 0.0000000000000000e+00 0.0000000000000000e+00 0.0000000000000000e+00 0.0000000000000000e+00 0.0000000000000000e+00 0.0000000000000000e+00 0.0000000000000000e+00 0.0000000000000000e+00 0.0000000000000000e+00 0.0000000000000000e+00 0.0000000000000000e+00 0.0000000000000000e+00 0.0000000000000000e+00 0.0000000000000000e+00 0.0000000000000000e+00 0.0000000000000000e+00 0.0000000000000000e+00 0.0000000000000000e+00 0.0000000000000000e+00 0.0000000000000000e+00 0.0000000000000000e+00 0.0000000000000000e+00 0.0000000000000000e+00 0.0000000000000000e+00 0.0000000000000000e+00 0.0000000000000000e+00 0.0000000000000000e+00 0.0000000000000000e+00 0.0000000000000000e+00 0.0000000000000000e+00 0.0000000000000000e+00 0.0000000000000000e+00 0.0000000000000000e+00 0.0000000000000000e+00 0.0000000000000000e+00 0.0000000000000000e+00 0.0000000000000000e+00 0.0000000000000000e+00 0.0000000000000000e+00 0.0000000000000000e+00 0.0000000000000000e+00 0.0000000000000000e+00 0.0000000000000000e+00 0.0000000000000000e+00 0.0000000000000000e+00 0.0000000000000000e+00 0.0000000000000000e+00 0.0000000000000000e+00 0.0000000000000000e+00 0.0000000000000000e+00 0.0000000000000000e+00 0.0000000000000000e+00 0.0000000000000000e+00 0.0000000000000000e+00 0.0000000000000000e+00 0.0000000000000000e+00 0.0000000000000000e+00 0.0000000000000000e+00 0.0000000000000000e+00 0.0000000000000000e+00 0.0000000000000000e+00 0.0000000000000000e+00 0.0000000000000000e+00 0.0000000000000000e+00 0.0000000000000000e+00 0.0000000000000000e+00 0.0000000000000000e+00 0.0000000000000000e+00 0.0000000000000000e+00 0.0000000000000000e+00 0.0000000000000000e+00 0.0000000000000000e+00 0.0000000000000000e+00 0.0000000000000000e+00 0.0000000000000000e+00 0.0000000000000000e+00 0.0000000000000000e+00 0.0000000000000000e+00 0.0000000000000000e+00 0.0000000000000000e+00 0.0000000000000000e+00 0.0000000000000000e+00 0.0000000000000000e+00 0.0000000000000000e+00 0.0000000000000000e+00 0.0000000000000000e+00 0.0000000000000000e+00 0.0000000000000000e+00 0.0000000000000000e+00 0.0000000000000000e+00 0.0000000000000000e+00 0.0000000000000000e+00 0.0000000000000000e+00 0.0000000000000000e+00 0.0000000000000000e+00 0.0000000000000000e+00 0.0000000000000000e+00 0.0000000000000000e+00 0.0000000000000000e+00 0.0000000000000000e+00 0.0000000000000000e+00 0.0000000000000000e+00 0.0000000000000000e+00 0.0000000000000000e+00 0.0000000000000000e+00 0.0000000000000000e+00 0.0000000000000000e+00 0.0000000000000000e+00 0.0000000000000000e+00 0.0000000000000000e+00 0.0000000000000000e+00 0.0000000000000000e+00 0.0000000000000000e+00 0.0000000000000000e+00 0.0000000000000000e+00 0.0000000000000000e+00 0.0000000000000000e+00 0.0000000000000000e+00 0.0000000000000000e+00 0.0000000000000000e+00 0.0000000000000000e+00 0.0000000000000000e+00 0.0000000000000000e+00 0.0000000000000000e+00 0.0000000000000000e+00 0.0000000000000000e+00 0.0000000000000000e+00 0.0000000000000000e+00 0.0000000000000000e+00 0.0000000000000000e+00 0.0000000000000000e+00 0.0000000000000000e+00 0.0000000000000000e+00 0.0000000000000000e+00 0.0000000000000000e+00 0.0000000000000000e+00 0.0000000000000000e+00 0.0000000000000000e+00 0.0000000000000000e+00 0.0000000000000000e+00 0.0000000000000000e+00 0.0000000000000000e+00 0.0000000000000000e+00 0.0000000000000000e+00 0.0000000000000000e+00 0.0000000000000000e+00 0.0000000000000000e+00 0.0000000000000000e+00 0.0000000000000000e+00 0.0000000000000000e+00 0.0000000000000000e+00 0.0000000000000000e+00 0.0000000000000000e+00 0.0000000000000000e+00 0.0000000000000000e+00 0.0000000000000000e+00 0.0000000000000000e+00 0.0000000000000000e+00 0.0000000000000000e+00 0.0000000000000000e+00 0.0000000000000000e+00 0.0000000000000000e+00 0.0000000000000000e+00 0.0000000000000000e+00 0.0000000000000000e+00 0.0000000000000000e+00 0.0000000000000000e+00 0.0000000000000000e+00 0.0000000000000000e+00 0.0000000000000000e+00 0.0000000000000000e+00 0.0000000000000000e+00 0.0000000000000000e+00 0.0000000000000000e+00 0.0000000000000000e+00 0.0000000000000000e+00 0.0000000000000000e+00 0.0000000000000000e+00 0.0000000000000000e+00 0.0000000000000000e+00 0.0000000000000000e+00 0.0000000000000000e+00 0.0000000000000000e+00 0.0000000000000000e+00 0.0000000000000000e+00 0.0000000000000000e+00 0.0000000000000000e+00 0.0000000000000000e+00 0.0000000000000000e+00 0.0000000000000000e+00 0.0000000000000000e+00 0.0000000000000000e+00 0.0000000000000000e+00 0.0000000000000000e+00 0.0000000000000000e+00 0.0000000000000000e+00 0.0000000000000000e+00 0.0000000000000000e+00 0.0000000000000000e+00 0.0000000000000000e+00 0.0000000000000000e+00 0.0000000000000000e+00 0.0000000000000000e+00 0.0000000000000000e+00 0.0000000000000000e+00 0.0000000000000000e+00 0.0000000000000000e+00 0.0000000000000000e+00 0.0000000000000000e+00 0.0000000000000000e+00 0.0000000000000000e+00 0.0000000000000000e+00 0.0000000000000000e+00 0.0000000000000000e+00 0.0000000000000000e+00 0.0000000000000000e+00 0.0000000000000000e+00 0.0000000000000000e+00 0.0000000000000000e+00 0.0000000000000000e+00 0.0000000000000000e+00 0.0000000000000000e+00 0.0000000000000000e+00 0.0000000000000000e+00 0.0000000000000000e+00 0.0000000000000000e+00 0.0000000000000000e+00 0.0000000000000000e+00 0.0000000000000000e+00 0.0000000000000000e+00 0.0000000000000000e+00 0.0000000000000000e+00 0.0000000000000000e+00 0.0000000000000000e+00 0.0000000000000000e+00 0.0000000000000000e+00 0.0000000000000000e+00 0.0000000000000000e+00 0.0000000000000000e+00 0.0000000000000000e+00 0.0000000000000000e+00 0.0000000000000000e+00 0.0000000000000000e+00 0.0000000000000000e+00 0.0000000000000000e+00 0.0000000000000000e+00 0.0000000000000000e+00 0.0000000000000000e+00 0.0000000000000000e+00 0.0000000000000000e+00 0.0000000000000000e+00 0.0000000000000000e+00 0.0000000000000000e+00 0.0000000000000000e+00 0.0000000000000000e+00 0.0000000000000000e+00 0.0000000000000000e+00 0.0000000000000000e+00 0.0000000000000000e+00 0.0000000000000000e+00 0.0000000000000000e+00 0.0000000000000000e+00 0.0000000000000000e+00 0.0000000000000000e+00 0.0000000000000000e+00 0.0000000000000000e+00 0.0000000000000000e+00 0.0000000000000000e+00 0.0000000000000000e+00 0.0000000000000000e+00 0.0000000000000000e+00 0.0000000000000000e+00 0.0000000000000000e+00 0.0000000000000000e+00 0.0000000000000000e+00 0.0000000000000000e+00 0.0000000000000000e+00 0.0000000000000000e+00 0.0000000000000000e+00 0.0000000000000000e+00 0.0000000000000000e+00 0.0000000000000000e+00 0.0000000000000000e+00 0.0000000000000000e+00 0.0000000000000000e+00 0.0000000000000000e+00 0.0000000000000000e+00 0.0000000000000000e+00 0.0000000000000000e+00 0.0000000000000000e+00 0.0000000000000000e+00 0.0000000000000000e+00 0.0000000000000000e+00 0.0000000000000000e+00 0.0000000000000000e+00 0.0000000000000000e+00 0.0000000000000000e+00 0.0000000000000000e+00 0.0000000000000000e+00 0.0000000000000000e+00 0.0000000000000000e+00 0.0000000000000000e+00 0.0000000000000000e+00 0.0000000000000000e+00 0.0000000000000000e+00 0.0000000000000000e+00 0.0000000000000000e+00 0.0000000000000000e+00 0.0000000000000000e+00 0.0000000000000000e+00 0.0000000000000000e+00 0.0000000000000000e+00 0.0000000000000000e+00 0.0000000000000000e+00 0.0000000000000000e+00 0.0000000000000000e+00 0.0000000000000000e+00 0.0000000000000000e+00 0.0000000000000000e+00 0.0000000000000000e+00 0.0000000000000000e+00 0.0000000000000000e+00 0.0000000000000000e+00 0.0000000000000000e+00 0.0000000000000000e+00 0.0000000000000000e+00 0.0000000000000000e+00 0.0000000000000000e+00 0.0000000000000000e+00 0.0000000000000000e+00 0.0000000000000000e+00 0.0000000000000000e+00 0.0000000000000000e+00 0.0000000000000000e+00 0.0000000000000000e+00 0.0000000000000000e+00 0.0000000000000000e+00 0.0000000000000000e+00 0.0000000000000000e+00 0.0000000000000000e+00 0.0000000000000000e+00 0.0000000000000000e+00 0.0000000000000000e+00 0.0000000000000000e+00 0.0000000000000000e+00 0.0000000000000000e+00 0.0000000000000000e+00 0.0000000000000000e+00 0.0000000000000000e+00 0.0000000000000000e+00 0.0000000000000000e+00 0.0000000000000000e+00 0.0000000000000000e+00 0.0000000000000000e+00 0.0000000000000000e+00 0.0000000000000000e+00 0.0000000000000000e+00 0.0000000000000000e+00 0.0000000000000000e+00 0.0000000000000000e+00 0.0000000000000000e+00 0.0000000000000000e+00 0.0000000000000000e+00 0.0000000000000000e+00 0.0000000000000000e+00 0.0000000000000000e+00 0.0000000000000000e+00 0.0000000000000000e+00 0.0000000000000000e+00 0.0000000000000000e+00 0.0000000000000000e+00 0.0000000000000000e+00 0.0000000000000000e+00 0.0000000000000000e+00 0.0000000000000000e+00 0.0000000000000000e+00 0.0000000000000000e+00 0.0000000000000000e+00 0.0000000000000000e+00 0.0000000000000000e+00 0.0000000000000000e+00 0.0000000000000000e+00 0.0000000000000000e+00 0.0000000000000000e+00 0.0000000000000000e+00 0.0000000000000000e+00 0.0000000000000000e+00 0.0000000000000000e+00 0.0000000000000000e+00 0.0000000000000000e+00 0.0000000000000000e+00 0.0000000000000000e+00 0.0000000000000000e+00 0.0000000000000000e+00 0.0000000000000000e+00 0.0000000000000000e+00 0.0000000000000000e+00 0.0000000000000000e+00 0.0000000000000000e+00 0.0000000000000000e+00 0.0000000000000000e+00 0.0000000000000000e+00 0.0000000000000000e+00 0.0000000000000000e+00 0.0000000000000000e+00 0.0000000000000000e+00 0.0000000000000000e+00 0.0000000000000000e+00 0.0000000000000000e+00 0.0000000000000000e+00 0.0000000000000000e+00 0.0000000000000000e+00 0.0000000000000000e+00 0.0000000000000000e+00 0.0000000000000000e+00 0.0000000000000000e+00 0.0000000000000000e+00 0.0000000000000000e+00 0.0000000000000000e+00 0.0000000000000000e+00 0.0000000000000000e+00 0.0000000000000000e+00 0.0000000000000000e+00 0.0000000000000000e+00 0.0000000000000000e+00 0.0000000000000000e+00 0.0000000000000000e+00 0.0000000000000000e+00 0.0000000000000000e+00 0.0000000000000000e+00 0.0000000000000000e+00 0.0000000000000000e+00 0.0000000000000000e+00 0.0000000000000000e+00 0.0000000000000000e+00 0.0000000000000000e+00 0.0000000000000000e+00 0.0000000000000000e+00 0.0000000000000000e+00 0.0000000000000000e+00 0.0000000000000000e+00 0.0000000000000000e+00 0.0000000000000000e+00 0.0000000000000000e+00 0.0000000000000000e+00 0.0000000000000000e+00 0.0000000000000000e+00 0.0000000000000000e+00 0.0000000000000000e+00 0.0000000000000000e+00 0.0000000000000000e+00 0.0000000000000000e+00 0.0000000000000000e+00 0.0000000000000000e+00 0.0000000000000000e+00 0.0000000000000000e+00 0.0000000000000000e+00 0.0000000000000000e+00 0.0000000000000000e+00 0.0000000000000000e+00 0.0000000000000000e+00 0.0000000000000000e+00 0.0000000000000000e+00 0.0000000000000000e+00 0.0000000000000000e+00 0.0000000000000000e+00 0.0000000000000000e+00 0.0000000000000000e+00 0.0000000000000000e+00 0.0000000000000000e+00 0.0000000000000000e+00 0.0000000000000000e+00 0.0000000000000000e+00 0.0000000000000000e+00 0.0000000000000000e+00 0.0000000000000000e+00 0.0000000000000000e+00 0.0000000000000000e+00 0.0000000000000000e+00 0.0000000000000000e+00 0.0000000000000000e+00 0.0000000000000000e+00 0.0000000000000000e+00 0.0000000000000000e+00 0.0000000000000000e+00 0.0000000000000000e+00 0.0000000000000000e+00 0.0000000000000000e+00 0.0000000000000000e+00 0.0000000000000000e+00 0.0000000000000000e+00 0.0000000000000000e+00 0.0000000000000000e+00 0.0000000000000000e+00 0.0000000000000000e+00 0.0000000000000000e+00 0.0000000000000000e+00 0.0000000000000000e+00 0.0000000000000000e+00 0.0000000000000000e+00 0.0000000000000000e+00 0.0000000000000000e+00 0.0000000000000000e+00 0.0000000000000000e+00 0.0000000000000000e+00 0.0000000000000000e+00 0.0000000000000000e+00 0.0000000000000000e+00 0.0000000000000000e+00 0.0000000000000000e+00 0.0000000000000000e+00 0.0000000000000000e+00 0.0000000000000000e+00 0.0000000000000000e+00 0.0000000000000000e+00 0.0000000000000000e+00 0.0000000000000000e+00 0.0000000000000000e+00 0.0000000000000000e+00 0.0000000000000000e+00 0.0000000000000000e+00 0.0000000000000000e+00 0.0000000000000000e+00 0.0000000000000000e+00 0.0000000000000000e+00 0.0000000000000000e+00 0.0000000000000000e+00 0.0000000000000000e+00 0.0000000000000000e+00 0.0000000000000000e+00 0.0000000000000000e+00 0.0000000000000000e+00 0.0000000000000000e+00 0.0000000000000000e+00 0.0000000000000000e+00 0.0000000000000000e+00 0.0000000000000000e+00 0.0000000000000000e+00 0.0000000000000000e+00 0.0000000000000000e+00 0.0000000000000000e+00 0.0000000000000000e+00 0.0000000000000000e+00 0.0000000000000000e+00 0.0000000000000000e+00 0.0000000000000000e+00 0.0000000000000000e+00 0.0000000000000000e+00 0.0000000000000000e+00 0.0000000000000000e+00 0.0000000000000000e+00 0.0000000000000000e+00 0.0000000000000000e+00 0.0000000000000000e+00 0.0000000000000000e+00 0.0000000000000000e+00 0.0000000000000000e+00 0.0000000000000000e+00 0.0000000000000000e+00 0.0000000000000000e+00 0.0000000000000000e+00 0.0000000000000000e+00 0.0000000000000000e+00 0.0000000000000000e+00 0.0000000000000000e+00 0.0000000000000000e+00 0.0000000000000000e+00 0.0000000000000000e+00 0.0000000000000000e+00 0.0000000000000000e+00 0.0000000000000000e+00 0.0000000000000000e+00 0.0000000000000000e+00 0.0000000000000000e+00 0.0000000000000000e+00 0.0000000000000000e+00 0.0000000000000000e+00 0.0000000000000000e+00 0.0000000000000000e+00 0.0000000000000000e+00 0.0000000000000000e+00 0.0000000000000000e+00 0.0000000000000000e+00 0.0000000000000000e+00 0.0000000000000000e+00 0.0000000000000000e+00 0.0000000000000000e+00 0.0000000000000000e+00 0.0000000000000000e+00 0.0000000000000000e+00 0.0000000000000000e+00 0.0000000000000000e+00 0.0000000000000000e+00 0.0000000000000000e+00 0.0000000000000000e+00 0.0000000000000000e+00 0.0000000000000000e+00 0.0000000000000000e+00 0.0000000000000000e+00 0.0000000000000000e+00 0.0000000000000000e+00 0.0000000000000000e+00 0.0000000000000000e+00 0.0000000000000000e+00 0.0000000000000000e+00 0.0000000000000000e+00 0.0000000000000000e+00 0.0000000000000000e+00 0.0000000000000000e+00 0.0000000000000000e+00 0.0000000000000000e+00 0.0000000000000000e+00 0.0000000000000000e+00 0.0000000000000000e+00 0.0000000000000000e+00 0.0000000000000000e+00 0.0000000000000000e+00 0.0000000000000000e+00 0.0000000000000000e+00 0.0000000000000000e+00 0.0000000000000000e+00 0.0000000000000000e+00 0.0000000000000000e+00 0.0000000000000000e+00 0.0000000000000000e+00 0.0000000000000000e+00 0.0000000000000000e+00 0.0000000000000000e+00 0.0000000000000000e+00 0.0000000000000000e+00 0.0000000000000000e+00 0.0000000000000000e+00 0.0000000000000000e+00 0.0000000000000000e+00 0.0000000000000000e+00 0.0000000000000000e+00 0.0000000000000000e+00 0.0000000000000000e+00 0.0000000000000000e+00 0.0000000000000000e+00 0.0000000000000000e+00 0.0000000000000000e+00 0.0000000000000000e+00 0.0000000000000000e+00 0.0000000000000000e+00 0.0000000000000000e+00 0.0000000000000000e+00 0.0000000000000000e+00 0.0000000000000000e+00 0.0000000000000000e+00 0.0000000000000000e+00 0.0000000000000000e+00 0.0000000000000000e+00 0.0000000000000000e+00 0.0000000000000000e+00 0.0000000000000000e+00 0.0000000000000000e+00 0.0000000000000000e+00 0.0000000000000000e+00 0.0000000000000000e+00 0.0000000000000000e+00 0.0000000000000000e+00 0.0000000000000000e+00 0.0000000000000000e+00 0.0000000000000000e+00 0.0000000000000000e+00 0.0000000000000000e+00 0.0000000000000000e+00 0.0000000000000000e+00 0.0000000000000000e+00 0.0000000000000000e+00 0.0000000000000000e+00 0.0000000000000000e+00 0.0000000000000000e+00 0.0000000000000000e+00 0.0000000000000000e+00 0.0000000000000000e+00 0.0000000000000000e+00 0.0000000000000000e+00 0.0000000000000000e+00 0.0000000000000000e+00 0.0000000000000000e+00 0.0000000000000000e+00 0.0000000000000000e+00 0.0000000000000000e+00 0.0000000000000000e+00 0.0000000000000000e+00 0.0000000000000000e+00 0.0000000000000000e+00 0.0000000000000000e+00 0.0000000000000000e+00 0.0000000000000000e+00 0.0000000000000000e+00 0.0000000000000000e+00 0.0000000000000000e+00 0.0000000000000000e+00 0.0000000000000000e+00 0.0000000000000000e+00 0.0000000000000000e+00 0.0000000000000000e+00 0.0000000000000000e+00 0.0000000000000000e+00 0.0000000000000000e+00 0.0000000000000000e+00 0.0000000000000000e+00 0.0000000000000000e+00 0.0000000000000000e+00 0.0000000000000000e+00 0.0000000000000000e+00 0.0000000000000000e+00 0.0000000000000000e+00 0.0000000000000000e+00 0.0000000000000000e+00 0.0000000000000000e+00 0.0000000000000000e+00 0.0000000000000000e+00 0.0000000000000000e+00 0.0000000000000000e+00 0.0000000000000000e+00 0.0000000000000000e+00 0.0000000000000000e+00 0.0000000000000000e+00 0.0000000000000000e+00 0.0000000000000000e+00 0.0000000000000000e+00 0.0000000000000000e+00 0.0000000000000000e+00 0.0000000000000000e+00 0.0000000000000000e+00 0.0000000000000000e+00 0.0000000000000000e+00 0.0000000000000000e+00 0.0000000000000000e+00 0.0000000000000000e+00 0.0000000000000000e+00 0.0000000000000000e+00 0.0000000000000000e+00 0.0000000000000000e+00 0.0000000000000000e+00 0.0000000000000000e+00 0.0000000000000000e+00 0.0000000000000000e+00 0.0000000000000000e+00 0.0000000000000000e+00 0.0000000000000000e+00 0.0000000000000000e+00 0.0000000000000000e+00 0.0000000000000000e+00 0.0000000000000000e+00 0.0000000000000000e+00 0.0000000000000000e+00 0.0000000000000000e+00 0.0000000000000000e+00 0.0000000000000000e+00 0.0000000000000000e+00 0.0000000000000000e+00 0.0000000000000000e+00 0.0000000000000000e+00 0.0000000000000000e+00 0.0000000000000000e+00 0.0000000000000000e+00 0.0000000000000000e+00 0.0000000000000000e+00 0.0000000000000000e+00 0.0000000000000000e+00 0.0000000000000000e+00 0.0000000000000000e+00 0.0000000000000000e+00 0.0000000000000000e+00 0.0000000000000000e+00 0.0000000000000000e+00 0.0000000000000000e+00 0.0000000000000000e+00 0.0000000000000000e+00 0.0000000000000000e+00 0.0000000000000000e+00 0.0000000000000000e+00 0.0000000000000000e+00 0.0000000000000000e+00 0.0000000000000000e+00 0.0000000000000000e+00 0.0000000000000000e+00 0.0000000000000000e+00 0.0000000000000000e+00 0.0000000000000000e+00 0.0000000000000000e+00 0.0000000000000000e+00 0.0000000000000000e+00 0.0000000000000000e+00 0.0000000000000000e+00 0.0000000000000000e+00 0.0000000000000000e+00 0.0000000000000000e+00 0.0000000000000000e+00 0.0000000000000000e+00 0.0000000000000000e+00 0.0000000000000000e+00 0.0000000000000000e+00 0.0000000000000000e+00 0.0000000000000000e+00 0.0000000000000000e+00 0.0000000000000000e+00 0.0000000000000000e+00 0.0000000000000000e+00 0.0000000000000000e+00 0.0000000000000000e+00 0.0000000000000000e+00 0.0000000000000000e+00 0.0000000000000000e+00 0.0000000000000000e+00 0.0000000000000000e+00 0.0000000000000000e+00 0.0000000000000000e+00 0.0000000000000000e+00 0.0000000000000000e+00 0.0000000000000000e+00 0.0000000000000000e+00 0.0000000000000000e+00 0.0000000000000000e+00 0.0000000000000000e+00 0.0000000000000000e+00 0.0000000000000000e+00 0.0000000000000000e+00 0.0000000000000000e+00 0.0000000000000000e+00 0.0000000000000000e+00 0.0000000000000000e+00 0.0000000000000000e+00 0.0000000000000000e+00 0.0000000000000000e+00 0.0000000000000000e+00 0.0000000000000000e+00 0.0000000000000000e+00 0.0000000000000000e+00 0.0000000000000000e+00 0.0000000000000000e+00 0.0000000000000000e+00 0.0000000000000000e+00 0.0000000000000000e+00 0.0000000000000000e+00 0.0000000000000000e+00 0.0000000000000000e+00 0.0000000000000000e+00 0.0000000000000000e+00 0.0000000000000000e+00 0.0000000000000000e+00 0.0000000000000000e+00 0.0000000000000000e+00 0.0000000000000000e+00 0.0000000000000000e+00 0.0000000000000000e+00 0.0000000000000000e+00 0.0000000000000000e+00 0.0000000000000000e+00 0.0000000000000000e+00 0.0000000000000000e+00 0.0000000000000000e+00 0.0000000000000000e+00 0.0000000000000000e+00 0.0000000000000000e+00 0.0000000000000000e+00 0.0000000000000000e+00 0.0000000000000000e+00 0.0000000000000000e+00 0.0000000000000000e+00 0.0000000000000000e+00 0.0000000000000000e+00 0.0000000000000000e+00 0.0000000000000000e+00 0.0000000000000000e+00 0.0000000000000000e+00 0.0000000000000000e+00 0.0000000000000000e+00 0.0000000000000000e+00 0.0000000000000000e+00 0.0000000000000000e+00 0.0000000000000000e+00 0.0000000000000000e+00 0.0000000000000000e+00 0.0000000000000000e+00 0.0000000000000000e+00 0.0000000000000000e+00 0.0000000000000000e+00 0.0000000000000000e+00 0.0000000000000000e+00 0.0000000000000000e+00 0.0000000000000000e+00 0.0000000000000000e+00 0.0000000000000000e+00 0.0000000000000000e+00 0.0000000000000000e+00 0.0000000000000000e+00 0.0000000000000000e+00 0.0000000000000000e+00 0.0000000000000000e+00 0.0000000000000000e+00 0.0000000000000000e+00 0.0000000000000000e+00 0.0000000000000000e+00 0.0000000000000000e+00 0.0000000000000000e+00 0.0000000000000000e+00 0.0000000000000000e+00 0.0000000000000000e+00 0.0000000000000000e+00 0.0000000000000000e+00 0.0000000000000000e+00 0.0000000000000000e+00 0.0000000000000000e+00 0.0000000000000000e+00 0.0000000000000000e+00 0.0000000000000000e+00 0.0000000000000000e+00 0.0000000000000000e+00 0.0000000000000000e+00 0.0000000000000000e+00 0.0000000000000000e+00 0.0000000000000000e+00 0.0000000000000000e+00 0.0000000000000000e+00 0.0000000000000000e+00 0.0000000000000000e+00 0.0000000000000000e+00 0.0000000000000000e+00 0.0000000000000000e+00 0.0000000000000000e+00 0.0000000000000000e+00 0.0000000000000000e+00 0.0000000000000000e+00 0.0000000000000000e+00 0.0000000000000000e+00 0.0000000000000000e+00 0.0000000000000000e+00 0.0000000000000000e+00 0.0000000000000000e+00 0.0000000000000000e+00 0.0000000000000000e+00 0.0000000000000000e+00 0.0000000000000000e+00 0.0000000000000000e+00 0.0000000000000000e+00 0.0000000000000000e+00 0.0000000000000000e+00 0.0000000000000000e+00 0.0000000000000000e+00 0.0000000000000000e+00 0.0000000000000000e+00 0.0000000000000000e+00 0.0000000000000000e+00 0.0000000000000000e+00 0.0000000000000000e+00 0.0000000000000000e+00 0.0000000000000000e+00 0.0000000000000000e+00 0.0000000000000000e+00 0.0000000000000000e+00 0.0000000000000000e+00 0.0000000000000000e+00 0.0000000000000000e+00 0.0000000000000000e+00 0.0000000000000000e+00 0.0000000000000000e+00 0.0000000000000000e+00 0.0000000000000000e+00 0.0000000000000000e+00 0.0000000000000000e+00 0.0000000000000000e+00 0.0000000000000000e+00 0.0000000000000000e+00 0.0000000000000000e+00 0.0000000000000000e+00 0.0000000000000000e+00 0.0000000000000000e+00 0.0000000000000000e+00 0.0000000000000000e+00 0.0000000000000000e+00 0.0000000000000000e+00 0.0000000000000000e+00 0.0000000000000000e+00 0.0000000000000000e+00 0.0000000000000000e+00 0.0000000000000000e+00 0.0000000000000000e+00 0.0000000000000000e+00 0.0000000000000000e+00 0.0000000000000000e+00 0.0000000000000000e+00 0.0000000000000000e+00 0.0000000000000000e+00 0.0000000000000000e+00 0.0000000000000000e+00 0.0000000000000000e+00 0.0000000000000000e+00 0.0000000000000000e+00 0.0000000000000000e+00 0.0000000000000000e+00 0.0000000000000000e+00 0.0000000000000000e+00 0.0000000000000000e+00 0.0000000000000000e+00 0.0000000000000000e+00 0.0000000000000000e+00 0.0000000000000000e+00 0.0000000000000000e+00 0.0000000000000000e+00 0.0000000000000000e+00 0.0000000000000000e+00 0.0000000000000000e+00 0.0000000000000000e+00 0.0000000000000000e+00 0.0000000000000000e+00 0.0000000000000000e+00 0.0000000000000000e+00 0.0000000000000000e+00 0.0000000000000000e+00 0.0000000000000000e+00 0.0000000000000000e+00 0.0000000000000000e+00 0.0000000000000000e+00 0.0000000000000000e+00 0.0000000000000000e+00 0.0000000000000000e+00 0.0000000000000000e+00 0.0000000000000000e+00 0.0000000000000000e+00 0.0000000000000000e+00 0.0000000000000000e+00 0.0000000000000000e+00 0.0000000000000000e+00 0.0000000000000000e+00 0.0000000000000000e+00 0.0000000000000000e+00 0.0000000000000000e+00 0.0000000000000000e+00 0.0000000000000000e+00 0.0000000000000000e+00 0.0000000000000000e+00 0.0000000000000000e+00 0.0000000000000000e+00 0.0000000000000000e+00 0.0000000000000000e+00 0.0000000000000000e+00 0.0000000000000000e+00 0.0000000000000000e+00 0.0000000000000000e+00 0.0000000000000000e+00 0.0000000000000000e+00 0.0000000000000000e+00 0.0000000000000000e+00 0.0000000000000000e+00 0.0000000000000000e+00 0.0000000000000000e+00 0.0000000000000000e+00 0.0000000000000000e+00 0.0000000000000000e+00 0.0000000000000000e+00 0.0000000000000000e+00 0.0000000000000000e+00 0.0000000000000000e+00 0.0000000000000000e+00 0.0000000000000000e+00 0.0000000000000000e+00 0.0000000000000000e+00 0.0000000000000000e+00 0.0000000000000000e+00 0.0000000000000000e+00 0.0000000000000000e+00 0.0000000000000000e+00 0.0000000000000000e+00 0.0000000000000000e+00 0.0000000000000000e+00 0.0000000000000000e+00 0.0000000000000000e+00 0.0000000000000000e+00 0.0000000000000000e+00 0.0000000000000000e+00 0.0000000000000000e+00 0.0000000000000000e+00 0.0000000000000000e+00 0.0000000000000000e+00 0.0000000000000000e+00 0.0000000000000000e+00 0.0000000000000000e+00 0.0000000000000000e+00 0.0000000000000000e+00 0.0000000000000000e+00 0.0000000000000000e+00 0.0000000000000000e+00 0.0000000000000000e+00 0.0000000000000000e+00 0.0000000000000000e+00 0.0000000000000000e+00 0.0000000000000000e+00 0.0000000000000000e+00 0.0000000000000000e+00 0.0000000000000000e+00 0.0000000000000000e+00 0.0000000000000000e+00 0.0000000000000000e+00 0.0000000000000000e+00 0.0000000000000000e+00 0.0000000000000000e+00 0.0000000000000000e+00 0.0000000000000000e+00 0.0000000000000000e+00 0.0000000000000000e+00 0.0000000000000000e+00 0.0000000000000000e+00 0.0000000000000000e+00 0.0000000000000000e+00 0.0000000000000000e+00 0.0000000000000000e+00 0.0000000000000000e+00 0.0000000000000000e+00 0.0000000000000000e+00 0.0000000000000000e+00 0.0000000000000000e+00 0.0000000000000000e+00 0.0000000000000000e+00 0.0000000000000000e+00 0.0000000000000000e+00 0.0000000000000000e+00 0.0000000000000000e+00 0.0000000000000000e+00 0.0000000000000000e+00 0.0000000000000000e+00 0.0000000000000000e+00 0.0000000000000000e+00 0.0000000000000000e+00 0.0000000000000000e+00 0.0000000000000000e+00 0.0000000000000000e+00 0.0000000000000000e+00 0.0000000000000000e+00 0.0000000000000000e+00 0.0000000000000000e+00 0.0000000000000000e+00 0.0000000000000000e+00 0.0000000000000000e+00 0.0000000000000000e+00 0.0000000000000000e+00 0.0000000000000000e+00 0.0000000000000000e+00 0.0000000000000000e+00 0.0000000000000000e+00 0.0000000000000000e+00 0.0000000000000000e+00 0.0000000000000000e+00 0.0000000000000000e+00 0.0000000000000000e+00 0.0000000000000000e+00 0.0000000000000000e+00 0.0000000000000000e+00 0.0000000000000000e+00 0.0000000000000000e+00 0.0000000000000000e+00 0.0000000000000000e+00 0.0000000000000000e+00 0.0000000000000000e+00 0.0000000000000000e+00 0.0000000000000000e+00 0.0000000000000000e+00 0.0000000000000000e+00 0.0000000000000000e+00 0.0000000000000000e+00 0.0000000000000000e+00 0.0000000000000000e+00 0.0000000000000000e+00 0.0000000000000000e+00 0.0000000000000000e+00 0.0000000000000000e+00 0.0000000000000000e+00 0.0000000000000000e+00 0.0000000000000000e+00 0.0000000000000000e+00 0.0000000000000000e+00 0.0000000000000000e+00 0.0000000000000000e+00 0.0000000000000000e+00 0.0000000000000000e+00 0.0000000000000000e+00 0.0000000000000000e+00 0.0000000000000000e+00 0.0000000000000000e+00 0.0000000000000000e+00 0.0000000000000000e+00 0.0000000000000000e+00 0.0000000000000000e+00 0.0000000000000000e+00 0.0000000000000000e+00 0.0000000000000000e+00 0.0000000000000000e+00 0.0000000000000000e+00 0.0000000000000000e+00 0.0000000000000000e+00 0.0000000000000000e+00 0.0000000000000000e+00 0.0000000000000000e+00 0.0000000000000000e+00 0.0000000000000000e+00 0.0000000000000000e+00 0.0000000000000000e+00 0.0000000000000000e+00 0.0000000000000000e+00 0.0000000000000000e+00 0.0000000000000000e+00 0.0000000000000000e+00 0.0000000000000000e+00 0.0000000000000000e+00 0.0000000000000000e+00 0.0000000000000000e+00 0.0000000000000000e+00 0.0000000000000000e+00 0.0000000000000000e+00 0.0000000000000000e+00 0.0000000000000000e+00 0.0000000000000000e+00 0.0000000000000000e+00 0.0000000000000000e+00 0.0000000000000000e+00 0.0000000000000000e+00 0.0000000000000000e+00 0.0000000000000000e+00 0.0000000000000000e+00 0.0000000000000000e+00 0.0000000000000000e+00 0.0000000000000000e+00 0.0000000000000000e+00 0.0000000000000000e+00 0.0000000000000000e+00 0.0000000000000000e+00 0.0000000000000000e+00 0.0000000000000000e+00 0.0000000000000000e+00 0.0000000000000000e+00 0.0000000000000000e+00 0.0000000000000000e+00 0.0000000000000000e+00 0.0000000000000000e+00 0.0000000000000000e+00 0.0000000000000000e+00 0.0000000000000000e+00 0.0000000000000000e+00 0.0000000000000000e+00 0.0000000000000000e+00 0.0000000000000000e+00 0.0000000000000000e+00 0.0000000000000000e+00 0.0000000000000000e+00 0.0000000000000000e+00 0.0000000000000000e+00 0.0000000000000000e+00 0.0000000000000000e+00 0.0000000000000000e+00 0.0000000000000000e+00 0.0000000000000000e+00 0.0000000000000000e+00 0.0000000000000000e+00 0.0000000000000000e+00 0.0000000000000000e+00 0.0000000000000000e+00 0.0000000000000000e+00 0.0000000000000000e+00 0.0000000000000000e+00 0.0000000000000000e+00 0.0000000000000000e+00 0.0000000000000000e+00 0.0000000000000000e+00 0.0000000000000000e+00 0.0000000000000000e+00 0.0000000000000000e+00 0.0000000000000000e+00 0.0000000000000000e+00 0.0000000000000000e+00 0.0000000000000000e+00 0.0000000000000000e+00 0.0000000000000000e+00 0.0000000000000000e+00 0.0000000000000000e+00 0.0000000000000000e+00 0.0000000000000000e+00 0.0000000000000000e+00 0.0000000000000000e+00 0.0000000000000000e+00 0.0000000000000000e+00 0.0000000000000000e+00 0.0000000000000000e+00 0.0000000000000000e+00 0.0000000000000000e+00 0.0000000000000000e+00 0.0000000000000000e+00 0.0000000000000000e+00 0.0000000000000000e+00 0.0000000000000000e+00 0.0000000000000000e+00 0.0000000000000000e+00 0.0000000000000000e+00 0.0000000000000000e+00 0.0000000000000000e+00 0.0000000000000000e+00 0.0000000000000000e+00 0.0000000000000000e+00 0.0000000000000000e+00 0.0000000000000000e+00 0.0000000000000000e+00 0.0000000000000000e+00 0.0000000000000000e+00 0.0000000000000000e+00 0.0000000000000000e+00 0.0000000000000000e+00 0.0000000000000000e+00 0.0000000000000000e+00 0.0000000000000000e+00 0.0000000000000000e+00 0.0000000000000000e+00 0.0000000000000000e+00 0.0000000000000000e+00 0.0000000000000000e+00 0.0000000000000000e+00 0.0000000000000000e+00 0.0000000000000000e+00 0.0000000000000000e+00 0.0000000000000000e+00 0.0000000000000000e+00 0.0000000000000000e+00 0.0000000000000000e+00 0.0000000000000000e+00 0.0000000000000000e+00 0.0000000000000000e+00 0.0000000000000000e+00 0.0000000000000000e+00 0.0000000000000000e+00 0.0000000000000000e+00 0.0000000000000000e+00 0.0000000000000000e+00 0.0000000000000000e+00 0.0000000000000000e+00 0.0000000000000000e+00 0.0000000000000000e+00 0.0000000000000000e+00 0.0000000000000000e+00 0.0000000000000000e+00 0.0000000000000000e+00 0.0000000000000000e+00 0.0000000000000000e+00 0.0000000000000000e+00 0.0000000000000000e+00 0.0000000000000000e+00 0.0000000000000000e+00 0.0000000000000000e+00 0.0000000000000000e+00 0.0000000000000000e+00 0.0000000000000000e+00 0.0000000000000000e+00 0.0000000000000000e+00 0.0000000000000000e+00 0.0000000000000000e+00 0.0000000000000000e+00 0.0000000000000000e+00 0.0000000000000000e+00 0.0000000000000000e+00 0.0000000000000000e+00 0.0000000000000000e+00 0.0000000000000000e+00 0.0000000000000000e+00 0.0000000000000000e+00 0.0000000000000000e+00 0.0000000000000000e+00 0.0000000000000000e+00 0.0000000000000000e+00 0.0000000000000000e+00 0.0000000000000000e+00 0.0000000000000000e+00 0.0000000000000000e+00 0.0000000000000000e+00 0.0000000000000000e+00 0.0000000000000000e+00 0.0000000000000000e+00 0.0000000000000000e+00 0.0000000000000000e+00 0.0000000000000000e+00 0.0000000000000000e+00 0.0000000000000000e+00 0.0000000000000000e+00 0.0000000000000000e+00 0.0000000000000000e+00 0.0000000000000000e+00 0.0000000000000000e+00 0.0000000000000000e+00 0.0000000000000000e+00 0.0000000000000000e+00 0.0000000000000000e+00 0.0000000000000000e+00 0.0000000000000000e+00 0.0000000000000000e+00 0.0000000000000000e+00 0.0000000000000000e+00 0.0000000000000000e+00 0.0000000000000000e+00 0.0000000000000000e+00 0.0000000000000000e+00 0.0000000000000000e+00 0.0000000000000000e+00 0.0000000000000000e+00 0.0000000000000000e+00 0.0000000000000000e+00 0.0000000000000000e+00 0.0000000000000000e+00 0.0000000000000000e+00 0.0000000000000000e+00 0.0000000000000000e+00 0.0000000000000000e+00 0.0000000000000000e+00 0.0000000000000000e+00 0.0000000000000000e+00 0.0000000000000000e+00 0.0000000000000000e+00 0.0000000000000000e+00 0.0000000000000000e+00 0.0000000000000000e+00 0.0000000000000000e+00 0.0000000000000000e+00 0.0000000000000000e+00 0.0000000000000000e+00 0.0000000000000000e+00 0.0000000000000000e+00
</DataArray>
        <DataArray type="Float64" format="ascii" Name="equivalent_plastic_strain">
0.0000000000000000e+00 0.0000000000000000e+00 0.0000000000000000e+00 0.0000000000000000e+00 0.0000000000000000e+00 0.0000000000000000e+00 0.0000000000000000e+00 0.0000000000000000e+00 0.0000000000000000e+00 0.0000000000000000e+00 0.0000000000000000e+00 0.0000000000000000e+00 0.0000000000000000e+00 0.0000000000000000e+00 0.0000000000000000e+00 0.0000000000000000e+00 0.0000000000000000e+00 0.0000000000000000e+00 0.0000000000000000e+00 0.0000000000000000e+00 0.0000000000000000e+00 0.0000000000000000e+00 0.0000000000000000e+00 0.0000000000000000e+00 0.0000000000000000e+00 0.0000000000000000e+00 0.0000000000000000e+00 0.0000000000000000e+00 0.0000000000000000e+00 0.0000000000000000e+00 0.0000000000000000e+00 0.0000000000000000e+00 0.0000000000000000e+00 0.0000000000000000e+00 0.0000000000000000e+00 0.0000000000000000e+00 0.0000000000000000e+00 0.0000000000000000e+00 0.0000000000000000e+00 0.0000000000000000e+00 0.0000000000000000e+00 0.0000000000000000e+00 0.0000000000000000e+00 0.0000000000000000e+00 0.0000000000000000e+00 0.0000000000000000e+00 0.0000000000000000e+00 0.0000000000000000e+00 0.0000000000000000e+00 0.0000000000000000e+00 0.0000000000000000e+00 0.0000000000000000e+00 0.0000000000000000e+00 0.0000000000000000e+00 0.0000000000000000e+00 0.0000000000000000e+00 0.0000000000000000e+00 0.0000000000000000e+00 0.0000000000000000e+00 0.0000000000000000e+00 0.0000000000000000e+00 0.0000000000000000e+00 0.0000000000000000e+00 0.0000000000000000e+00 0.0000000000000000e+00 0.0000000000000000e+00 0.0000000000000000e+00 0.0000000000000000e+00 0.0000000000000000e+00 0.0000000000000000e+00 0.0000000000000000e+00 0.0000000000000000e+00 0.0000000000000000e+00 0.0000000000000000e+00 0.0000000000000000e+00 0.0000000000000000e+00 0.0000000000000000e+00 0.0000000000000000e+00 0.0000000000000000e+00 0.0000000000000000e+00 0.0000000000000000e+00 0.0000000000000000e+00 0.0000000000000000e+00 0.0000000000000000e+00 0.0000000000000000e+00 0.0000000000000000e+00 0.0000000000000000e+00 0.0000000000000000e+00 0.0000000000000000e+00 0.0000000000000000e+00 0.0000000000000000e+00 0.0000000000000000e+00 0.0000000000000000e+00 0.0000000000000000e+00 0.0000000000000000e+00 0.0000000000000000e+00 0.0000000000000000e+00 0.0000000000000000e+00 0.0000000000000000e+00 0.0000000000000000e+00 0.0000000000000000e+00 0.0000000000000000e+00 0.0000000000000000e+00 0.0000000000000000e+00 0.0000000000000000e+00 0.0000000000000000e+00 0.0000000000000000e+00 0.0000000000000000e+00 0.0000000000000000e+00 0.0000000000000000e+00 0.0000000000000000e+00 0.0000000000000000e+00 0.0000000000000000e+00 0.0000000000000000e+00 0.0000000000000000e+00 0.0000000000000000e+00 0.0000000000000000e+00 0.0000000000000000e+00 0.0000000000000000e+00 0.0000000000000000e+00 0.0000000000000000e+00 0.0000000000000000e+00 0.0000000000000000e+00 0.0000000000000000e+00 0.0000000000000000e+00 0.0000000000000000e+00 0.0000000000000000e+00 0.0000000000000000e+00 0.0000000000000000e+00 0.0000000000000000e+00 0.0000000000000000e+00 0.0000000000000000e+00 0.0000000000000000e+00 0.0000000000000000e+00 0.0000000000000000e+00 0.0000000000000000e+00 0.0000000000000000e+00 0.0000000000000000e+00 0.0000000000000000e+00 0.0000000000000000e+00 0.0000000000000000e+00 0.0000000000000000e+00 0.0000000000000000e+00 0.0000000000000000e+00 0.0000000000000000e+00 0.0000000000000000e+00 0.0000000000000000e+00 0.0000000000000000e+00 0.0000000000000000e+00 0.0000000000000000e+00 0.0000000000000000e+00 0.0000000000000000e+00 0.0000000000000000e+00 0.0000000000000000e+00 0.0000000000000000e+00 0.0000000000000000e+00 0.0000000000000000e+00 0.0000000000000000e+00 0.0000000000000000e+00 0.0000000000000000e+00 0.0000000000000000e+00 0.0000000000000000e+00 0.0000000000000000e+00 0.0000000000000000e+00 0.0000000000000000e+00 0.0000000000000000e+00 0.0000000000000000e+00 0.0000000000000000e+00 0.0000000000000000e+00 0.0000000000000000e+00 0.0000000000000000e+00 0.0000000000000000e+00 0.0000000000000000e+00 0.0000000000000000e+00 0.0000000000000000e+00 0.0000000000000000e+00 0.0000000000000000e+00 0.0000000000000000e+00 0.0000000000000000e+00 0.0000000000000000e+00 0.0000000000000000e+00 0.0000000000000000e+00 0.0000000000000000e+00 0.0000000000000000e+00 0.0000000000000000e+00 0.0000000000000000e+00 0.0000000000000000e+00 0.0000000000000000e+00 0.0000000000000000e+00 0.0000000000000000e+00 0.0000000000000000e+00 0.0000000000000000e+00 0.0000000000000000e+00 0.0000000000000000e+00 0.0000000000000000e+00 0.0000000000000000e+00 0.0000000000000000e+00 0.0000000000000000e+00 0.0000000000000000e+00 0.0000000000000000e+00 0.0000000000000000e+00 0.0000000000000000e+00 0.0000000000000000e+00 0.0000000000000000e+00 0.0000000000000000e+00 0.0000000000000000e+00 0.0000000000000000e+00 0.0000000000000000e+00 0.0000000000000000e+00 0.0000000000000000e+00 0.0000000000000000e+00 0.0000000000000000e+00 0.0000000000000000e+00 0.0000000000000000e+00 0.0000000000000000e+00 0.0000000000000000e+00 0.0000000000000000e+00 0.0000000000000000e+00 0.0000000000000000e+00 0.0000000000000000e+00 0.0000000000000000e+00 0.0000000000000000e+00 0.0000000000000000e+00 0.0000000000000000e+00 0.0000000000000000e+00 0.0000000000000000e+00 0.0000000000000000e+00 0.0000000000000000e+00 0.0000000000000000e+00 0.0000000000000000e+00 0.0000000000000000e+00 0.0000000000000000e+00 0.0000000000000000e+00 0.0000000000000000e+00 0.0000000000000000e+00 0.0000000000000000e+00 0.0000000000000000e+00 0.0000000000000000e+00 0.0000000000000000e+00 0.0000000000000000e+00 0.0000000000000000e+00 0.0000000000000000e+00 0.0000000000000000e+00 0.0000000000000000e+00 0.0000000000000000e+00 0.0000000000000000e+00 0.0000000000000000e+00 0.0000000000000000e+00 0.0000000000000000e+00 0.0000000000000000e+00 0.0000000000000000e+00 0.0000000000000000e+00 0.0000000000000000e+00 0.0000000000000000e+00 0.0000000000000000e+00 0.0000000000000000e+00 0.0000000000000000e+00 0.0000000000000000e+00 0.0000000000000000e+00 0.0000000000000000e+00 0.0000000000000000e+00 0.0000000000000000e+00 0.0000000000000000e+00 0.0000000000000000e+00 0.0000000000000000e+00 0.0000000000000000e+00 0.0000000000000000e+00 0.0000000000000000e+00 0.0000000000000000e+00 0.0000000000000000e+00 0.0000000000000000e+00 0.0000000000000000e+00 0.0000000000000000e+00 0.0000000000000000e+00 0.0000000000000000e+00 0.0000000000000000e+00 0.0000000000000000e+00 0.0000000000000000e+00 0.0000000000000000e+00 0.0000000000000000e+00 0.0000000000000000e+00 0.0000000000000000e+00 0.0000000000000000e+00 0.0000000000000000e+00 0.0000000000000000e+00 0.0000000000000000e+00 0.0000000000000000e+00 0.0000000000000000e+00 0.0000000000000000e+00 0.0000000000000000e+00 0.0000000000000000e+00 0.0000000000000000e+00 0.0000000000000000e+00 0.0000000000000000e+00 0.0000000000000000e+00 0.0000000000000000e+00 0.0000000000000000e+00 0.0000000000000000e+00 0.0000000000000000e+00 0.0000000000000000e+00 0.0000000000000000e+00 0.0000000000000000e+00 0.0000000000000000e+00 0.0000000000000000e+00 0.0000000000000000e+00 0.0000000000000000e+00 0.0000000000000000e+00 0.0000000000000000e+00 0.0000000000000000e+00 0.0000000000000000e+00 0.0000000000000000e+00 0.0000000000000000e+00 0.0000000000000000e+00 0.0000000000000000e+00 0.0000000000000000e+00 0.0000000000000000e+00 0.0000000000000000e+00 0.0000000000000000e+00 0.0000000000000000e+00 0.0000000000000000e+00 0.0000000000000000e+00 0.0000000000000000e+00 0.0000000000000000e+00 0.0000000000000000e+00
</DataArray>
        <DataArray type="Int64" format="ascii" Name="yielded">
0 0 0 0 0 0 0 0 0 0 0 0 0 0 0 0 0 0 0 0 0 0 0 0 0 0 0 0 0 0 0 0 0 0 0 0 0 0 0 0 0 0 0 0 0 0 0 0 0 0 0 0 0 0 0 0 0 0 0 0 0 0 0 0 0 0 0 0 0 0 0 0 0 0 0 0 0 0 0 0 0 0 0 0 0 0 0 0 0 0 0 0 0 0 0 0 0 0 0 0 0 0 0 0 0 0 0 0 0 0 0 0 0 0 0 0 0 0 0 0 0 0 0 0 0 0 0 0 0 0 0 0 0 0 0 0 0 0 0 0 0 0 0 0 0 0 0 0 0 0 0 0 0 0 0 0 0 0 0 0 0 0 0 0 0 0 0 0 0 0 0 0 0 0 0 0 0 0 0 0 0 0 0 0 0 0 0 0 0 0 0 0 0 0 0 0 0 0 0 0 0 0 0 0 0 0 0 0 0 0 0 0 0 0 0 0 0 0 0 0 0 0 0 0 0 0 0 0 0 0 0 0 0 0 0 0 0 0 0 0 0 0 0 0 0 0 0 0 0 0 0 0 0 0 0 0 0 0 0 0 0 0 0 0 0 0 0 0 0 0 0 0 0 0 0 0 0 0 0 0 0 0 0 0 0 0 0 0 0 0 0 0 0 0 0 0 0 0 0 0 0 0 0 0 0 0 0 0 0 0 0 0 0 0 0 0 0 0 0 0 0 0 0 0
</DataArray>
        <DataArray type="Float64" format="ascii" Name="pore_pressure">
5.2683333333348461e+00 5.6316666666696298e+00 5.2683333333347839e+00 5.6316666666695063e+00 5.2683333333347226e+00 5.6316666666693855e+00 5.2683333333346614e+00 5.6316666666692621e+00 5.2683333333345992e+00 5.6316666666691386e+00 5.2683333333345361e+00 5.6316666666690134e+00 5.2683333333344766e+00 5.6316666666688899e+00 5.2683333333344136e+00 5.6316666666687656e+00 5.2683333333343523e+00 5.6316666666686439e+00 6.3583333333357945e+00 6.7216666666673781e+00 6.3583333333359393e+00 6.7216666666678551e+00 6.3583333333360850e+00 6.7216666666683329e+00 6.3583333333362306e+00 6.7216666666688072e+00 6.3583333333363754e+00 6.7216666666692833e+00 6.3583333333365220e+00 6.7216666666697602e+00 6.3583333333366658e+00 6.7216666666702345e+00 6.3583333333368115e+00 6.7216666666707123e+00 6.3583333333369580e+00 6.7216666666711893e+00 7.4483333333295683e+00 7.8116666666610364e+00 7.4483333333307620e+00 7.8116666666626191e+00 7.4483333333319557e+00 7.8116666666641956e+00 7.4483333333331485e+00 7.8116666666657757e+00 7.4483333333343431e+00 7.8116666666673584e+00 7.4483333333355377e+00 7.8116666666689349e+00 7.4483333333367288e+00 7.8116666666705177e+00 7.4483333333379234e+00 7.8116666666720977e+00 7.4483333333391171e+00 7.8116666666736787e+00 8.5383333333223934e+00 8.9016666666542488e+00 8.5383333333247471e+00 8.9016666666569879e+00 8.5383333333271008e+00 8.9016666666597271e+00 8.5383333333294527e+00 8.9016666666624680e+00 8.5383333333318063e+00 8.9016666666652053e+00 8.5383333333341582e+00 8.9016666666679480e+00 8.5383333333365137e+00 8.9016666666706872e+00 8.5383333333388656e+00 8.9016666666734263e+00 8.5383333333412175e+00 8.9016666666761655e+00 9.6283333333172347e+00 9.9916666666511578e+00 9.6283333333204109e+00 9.9916666666543854e+00 9.6283333333235870e+00 9.9916666666576113e+00 9.6283333333267631e+00 9.9916666666608371e+00 9.6283333333299428e+00 9.9916666666640648e+00 9.6283333333331171e+00 9.9916666666672924e+00 9.6283333333362933e+00 9.9916666666705183e+00 9.6283333333394694e+00 9.9916666666737441e+00 9.6283333333426473e+00 9.9916666666769736e+00 1.0718333333317792e+01 1.1081666666653444e+01 1.0718333333320782e+01 1.1081666666656149e+01 1.0718333333323773e+01 1.1081666666658853e+01 1.0718333333326765e+01 1.1081666666661560e+01 1.0718333333329758e+01 1.1081666666664265e+01 1.0718333333332749e+01 1.1081666666666971e+01 1.0718333333335741e+01 1.1081666666669676e+01 1.0718333333338730e+01 1.1081666666672382e+01 1.0718333333341720e+01 1.1081666666675087e+01 1.1808333333322041e+01 1.2171666666657408e+01 1.1808333333324175e+01 1.2171666666659256e+01 1.1808333333326312e+01 1.2171666666661105e+01 1.1808333333328443e+01 1.2171666666662951e+01 1.1808333333330577e+01 1.2171666666664800e+01 1.1808333333332710e+01 1.2171666666666647e+01 1.1808333333334843e+01 1.2171666666668495e+01 1.1808333333336977e+01 1.2171666666670340e+01 1.1808333333339110e+01 1.2171666666672191e+01 1.2898333333326294e+01 1.3261666666661382e+01 1.2898333333327578e+01 1.3261666666662384e+01 1.2898333333328861e+01 1.3261666666663389e+01 1.2898333333330140e+01 1.3261666666664393e+01 1.2898333333331426e+01 1.3261666666665397e+01 1.2898333333332710e+01 1.3261666666666400e+01 1.2898333333333992e+01 1.3261666666667402e+01 1.2898333333335273e+01 1.3261666666668409e+01 1.2898333333336558e+01 1.3261666666669413e+01 1.3988333333330552e+01 1.4351666666665398e+01 1.3988333333331035e+01 1.4351666666665638e+01 1.3988333333331520e+01 1.4351666666665881e+01 1.3988333333332001e+01 1.4351666666666121e+01 1.3988333333332484e+01 1.4351666666666363e+01 1.3988333333332971e+01 1.4351666666666606e+01 1.3988333333333452e+01 1.4351666666666848e+01 1.3988333333333939e+01 1.4351666666667089e+01 1.3988333333334419e+01 1.4351666666667331e+01 4.5416666666666661e+00 4.1783333333333328e+00 4.5416666666666652e+00 4.1783333333333337e+00 4.5416666666666679e+00 4.1783333333333355e+00 4.5416666666666652e+00 4.1783333333333328e+00 4.5416666666666652e+00 4.1783333333333328e+00 4.5416666666666652e+00 4.1783333333333337e+00 4.5416666666666652e+00 4.1783333333333319e+00 4.5416666666666652e+00 4.1783333333333328e+00 4.5416666666666661e+00 4.1783333333333337e+00 3.4516666666666667e+00 3.0883333333333329e+00 3.4516666666666662e+00 3.0883333333333320e+00 3.4516666666666667e+00 3.0883333333333320e+00 3.4516666666666667e+00 3.0883333333333320e+00 3.4516666666666662e+00 3.0883333333333325e+00 3.4516666666666667e+00 3.0883333333333329e+00 3.4516666666666662e+00 3.0883333333333329e+00 3.4516666666666667e+00 3.0883333333333329e+00 3.4516666666666658e+00 3.0883333333333320e+00 2.3616666666666672e+00 1.9983333333333342e+00 2.3616666666666677e+00 1.9983333333333342e+00 2.3616666666666677e+00 1.9983333333333342e+00 2.3616666666666668e+00 1.9983333333333342e+00 2.3616666666666681e+00 1.9983333333333340e+00 2.3616666666666677e+00 1.9983333333333346e+00 2.3616666666666677e+00 1.9983333333333329e+00 2.3616666666666646e+00 1.9983333333333348e+00 2.3616666666666677e+00 1.9983333333333333e+00 1.2716666666666678e+00 9.0833333333333466e-01 1.2716666666666698e+00 9.0833333333333632e-01 1.2716666666666678e+00 9.0833333333333466e-01 1.2716666666666678e+00 9.0833333333332900e-01 1.2716666666666661e+00 9.0833333333333022e-01 1.2716666666666678e+00 9.0833333333333455e-01 1.2716666666666685e+00 9.0833333333333310e-01 1.2716666666666667e+00 9.0833333333333421e-01 1.2716666666666681e+00 9.0833333333333466e-01 2.4222222222215731e-01 6.0555555555556147e-02 2.4222222222222378e-01 6.0555555555555203e-02 2.4222222222222364e-01 6.0555555555555626e-02 2.4222222222222067e-01 6.0555555555554488e-02 2.4222222222221901e-01 6.0555555555555585e-02 2.4222222222222375e-01 6.0555555555555966e-02 2.4222222222222359e-01 6.0555555555555682e-02 2.4222222222222367e-01 6.0555555555555939e-02 2.4222222222222373e-01 6.0555555555489644e-02 0.0000000000000000e+00 0.0000000000000000e+00 0.0000000000000000e+00 0.0000000000000000e+00 0.0000000000000000e+00 0.0000000000000000e+00 0.0000000000000000e+00 0.0000000000000000e+00 0.0000000000000000e+00 0.0000000000000000e+00 0.0000000000000000e+00 0.0000000000000000e+00 0.0000000000000000e+00 0.0000000000000000e+00 0.0000000000000000e+00 0.0000000000000000e+00 0.0000000000000000e+00 0.0000000000000000e+00 0.0000000000000000e+00 0.0000000000000000e+00 0.0000000000000000e+00 0.0000000000000000e+00 0.0000000000000000e+00 0.0000000000000000e+00 0.0000000000000000e+00 0.0000000000000000e+00 0.0000000000000000e+00 0.0000000000000000e+00 0.0000000000000000e+00 0.0000000000000000e+00 0.0000000000000000e+00 0.0000000000000000e+00 0.0000000000000000e+00 0.0000000000000000e+00 0.0000000000000000e+00 0.0000000000000000e+00 0.0000000000000000e+00 0.0000000000000000e+00 0.0000000000000000e+00 0.0000000000000000e+00 0.0000000000000000e+00 0.0000000000000000e+00 0.0000000000000000e+00 0.0000000000000000e+00 0.0000000000000000e+00 0.0000000000000000e+00 0.0000000000000000e+00 0.0000000000000000e+00 0.0000000000000000e+00 0.0000000000000000e+00 0.0000000000000000e+00 0.0000000000000000e+00 0.0000000000000000e+00 0.0000000000000000e+00 0.0000000000000000e+00 0.0000000000000000e+00 0.0000000000000000e+00 0.0000000000000000e+00 0.0000000000000000e+00 0.0000000000000000e+00 0.0000000000000000e+00 0.0000000000000000e+00 0.0000000000000000e+00 0.0000000000000000e+00 0.0000000000000000e+00 0.0000000000000000e+00 0.0000000000000000e+00 0.0000000000000000e+00 0.0000000000000000e+00 0.0000000000000000e+00 0.0000000000000000e+00 0.0000000000000000e+00
</DataArray>
        <DataArray type="Float64" format="ascii" Name="q">
1.7733739841432005e+01 1.7438471612515478e+01 1.7570664565966876e+01 1.7862497771316526e+01 1.8092124508736898e+01 1.8459647256814943e+01 1.8440892569866559e+01 1.8815175228940412e+01 1.8588469831094908e+01 1.8906793719285552e+01 1.8523631697048931e+01 1.8732163625129552e+01 1.8261039487297563e+01 1.8292725514122601e+01 1.7846347613984175e+01 1.7605429672651528e+01 1.7377458854325052e+01 1.7671454214639400e+01 1.8656748367930831e+01 1.8862655049043148e+01 1.8309682501256713e+01 1.8941285123734662e+01 1.8894240657926556e+01 1.9514084641209518e+01 1.9414362363967523e+01 1.9944783381446307e+01 1.9637941733395689e+01 2.0059642220437190e+01 1.9529213783277793e+01 1.9833296002209604e+01 1.9094552302729486e+01 1.9312999492606913e+01 1.8433705814316376e+01 1.8781803361750487e+01 1.8313985923206541e+01 1.9246644413342828e+01 2.0018301802952923e+01 2.0391290335553371e+01 1.9922940886561783e+01 2.0615719376512700e+01 2.0352927394713770e+01 2.1082563507521314e+01 2.0806802019782030e+01 2.1442682185854277e+01 2.1014813529560900e+01 2.1538931092707607e+01 2.0906166120144281e+01 2.1343785750349639e+01 2.0513040523137153e+01 2.0922652389596308e+01 2.0038663688704066e+01 2.0515483341914972e+01 1.9937551957168289e+01 2.0475334529136255e+01 2.1176690488366308e+01 2.1747745167474609e+01 2.1619802810147011e+01 2.2376002802077107e+01 2.2118750661245009e+01 2.2854190983111234e+01 2.2483468079804741e+01 2.3117867203596564e+01 2.2633239257317744e+01 2.3178267370527099e+01 2.2553727645479587e+01 2.3047979200401816e+01 2.2259000857406647e+01 2.2722208758882164e+01 2.1810067757721541e+01 2.2204853790174731e+01 2.1339301419165952e+01 2.1578980418037688e+01 2.2220475634757168e+01 2.3046345134710702e+01 2.3269425079664018e+01 2.4087575929036092e+01 2.3885243561071988e+01 2.4521276220065509e+01 2.4130133986529088e+01 2.4619523863709123e+01 2.4189899781241710e+01 2.4620681248985111e+01 2.4153629309934356e+01 2.4590416767992760e+01 2.3987104852333033e+01 2.4421249303837484e+01 2.3539414784780075e+01 2.3838303835700778e+01 2.2644544230108913e+01 2.2619423021060619e+01 2.3252934995697441e+01 2.4452227874295762e+01 2.4904766610232198e+01 2.5677210517699155e+01 2.5402655677615758e+01 2.5739007743603633e+01 2.5344421617544015e+01 2.5492329323556557e+01 2.5244016974895043e+01 2.5393393002622826e+01 2.5279166109348690e+01 2.5534946544237101e+01 2.5372549807938945e+01 2.5739676340919349e+01 2.5157640288283154e+01 2.5440180252795479e+01 2.3992095146441120e+01 2.3734723930930841e+01 2.4511636806107447e+01 2.6289981482834442e+01 2.6547241147855836e+01 2.6897856038271321e+01 2.6282122879230162e+01 2.5991951551346087e+01 2.5625843253701628e+01 2.5225583174860780e+01 2.5293313624289780e+01 2.5008428640302483e+01 2.5431778621441492e+01 2.5374095792221752e+01 2.5970636389254665e+01 2.6211509504845093e+01 2.6480615754580523e+01 2.6896233853676133e+01 2.5626338942935227e+01 2.5301094859967542e+01 2.6765052105628364e+01 2.9036038670140933e+01 2.7733717938763757e+01 2.6925480743685000e+01 2.5818740684033298e+01 2.4602325150886319e+01 2.4490631008208481e+01 2.3497755215190871e+01 2.3978786564196227e+01 2.3236846356413775e+01 2.4200499959294881e+01 2.3727399862696760e+01 2.5173955228045273e+01 2.5103466108142872e+01 2.6864621906778748e+01 2.7494161614471754e+01 2.7854721366040973e+01 2.8156409387072703e+01 3.4620053063715716e+01 2.9467606040299245e+01 2.6440075791736803e+01 2.3526897222625642e+01 2.3225799413010595e+01 2.1496131534814598e+01 2.1900941357982205e+01 2.0664472018652024e+01 2.1458151975971653e+01 2.0478862258939653e+01 2.1663012243509062e+01 2.0842685906351196e+01 2.2612055558491324e+01 2.1974245462169026e+01 2.4832659226187893e+01 2.4824971009487847e+01 2.9593050351799796e+01 3.3461199719746659e+01 1.3604407317897932e+01 1.3540418397088841e+01 1.3754226933169811e+01 1.3556800065816089e+01 1.3721759233712058e+01 1.3515137907803718e+01 1.3771402699882934e+01 1.3524967067298679e+01 1.3803779667858286e+01 1.3530690904876923e+01 1.3779724126768267e+01 1.3517123455571651e+01 1.3715355252971396e+01 1.3521780148628114e+01 1.3683651012322246e+01 1.3627062469416122e+01 1.3728951519391767e+01 1.3510236431495825e+01 1.2280208001619012e+01 1.2090758355661523e+01 1.2905052086297843e+01 1.2502024763556074e+01 1.2934965194566470e+01 1.2547324315392052e+01 1.2910669246404328e+01 1.2539296927707516e+01 1.2901778033437923e+01 1.2536716894737292e+01 1.2906123931682647e+01 1.2545974389189176e+01 1.2932174124510505e+01 1.2558953918124985e+01 1.2975329233708628e+01 1.2463017818306687e+01 1.2656826967474245e+01 1.1677970448928136e+01 1.0719036955064137e+01 1.0455866140977117e+01 1.1381372489918350e+01 1.0952527878634807e+01 1.1621575487481614e+01 1.1150514224420528e+01 1.1683720642158564e+01 1.1212809166376877e+01 1.1696550271974022e+01 1.1225102899481437e+01 1.1694660627235628e+01 1.1205126797984008e+01 1.1663175003608204e+01 1.1115016437902712e+01 1.1501954014285612e+01 1.0825740313345991e+01 1.0980255696364825e+01 1.0185238457745021e+01 9.2176830807352790e+00 8.8621564563446107e+00 9.7085906509379516e+00 9.2635705134475739e+00 1.0012525249780643e+01 9.5079924340718360e+00 1.0150945749221210e+01 9.6201091906038876e+00 1.0195232290342350e+01 9.6453977094460210e+00 1.0176021447932538e+01 9.5960873175694559e+00 1.0075623247941868e+01 9.4440606785583228e+00 9.8281837145298301e+00 9.1363931816070583e+00 9.3801514672879858e+00 8.7002696373788400e+00 7.6975666229694246e+00 7.2651913682619078e+00 8.0183932097310358e+00 7.5434825071703964e+00 8.2846292841792017e+00 7.7586239023580355e+00 8.4396260271244365e+00 7.8766084925192468e+00 8.4966672769786999e+00 7.9048063445205434e+00 8.4684811142547858e+00 7.8471121521673579e+00 8.3465117631062373e+00 7.6941904565001886e+00 8.1122471854606797e+00 7.4458209723519753e+00 7.7920199769384970e+00 7.1722144012898781e+00 6.1313710158611805e+00 5.6412977928493477e+00 6.3219244362730480e+00 5.8151804661570061e+00 6.5181141964187281e+00 5.9745309367275974e+00 6.6499156918677906e+00 6.0713576749083140e+00 6.7020986339083510e+00 6.0951722065904645e+00 6.6749500895851570e+00 6.0452603764430100e+00 6.5673559205056220e+00 5.9232221127609641e+00 6.3864004362181177e+00 5.7490393003256424e+00 6.1806124257271655e+00 5.5929965220705427e+00 4.5176533917509492e+00 3.9865066325296947e+00 4.6177259245316034e+00 4.0855221416491041e+00 4.7468735527654475e+00 4.1906351387856624e+00 4.8416966222237132e+00 4.2580806371562021e+00 4.8806218415945137e+00 4.2747918679200234e+00 4.8597843620562395e+00 4.2390587107555318e+00 4.7809160485764313e+00 4.1551897338187933e+00 4.6579811002907432e+00 4.0446014957848355e+00 4.5379947297584957e+00 3.9666533172327632e+00 2.8602268550327192e+00 2.3025262945927563e+00 2.9072174255190948e+00 2.3583831167612916e+00 2.9866387956423233e+00 2.4242169073534328e+00 3.0477436938980222e+00 2.4679494674381055e+00 3.0733251307192644e+00 2.4790714640003739e+00 3.0595457293162429e+00 2.4555978830837453e+00 3.0082565381247268e+00 2.4016397417745670e+00 2.9313091138005913e+00 2.3338428630362817e+00 2.8655740421264477e+00 2.2979204587993665e+00 1.1584435340858417e+00 5.8407981382456464e-01 1.1869668731607275e+00 6.2306885744118468e-01 1.2422013109775392e+00 6.8304047648705968e-01 1.2902481526932703e+00 7.3143892230205920e-01 1.3124755914335680e+00 7.4605919341941684e-01 1.3013949423568165e+00 7.2058717729399635e-01 1.2603049666306070e+00 6.6551861148674096e-01 1.2039557322839978e+00 6.0636902371866830e-01 1.1617997873288479e+00 5.8123366889971473e-01
</DataArray>
        <DataArray type="Float64" format="ascii" Name="current_yield_stress">
1.2000000000000000e+03 1.2000000000000000e+03 1.2000000000000002e+03 1.2000000000000000e+03 1.2000000000000000e+03 1.2000000000000000e+03 1.1999999999999998e+03 1.2000000000000002e+03 1.2000000000000000e+03 1.2000000000000000e+03 1.2000000000000000e+03 1.2000000000000000e+03 1.2000000000000002e+03 1.2000000000000000e+03 1.1999999999999998e+03 1.2000000000000000e+03 1.2000000000000002e+03 1.2000000000000000e+03 1.2000000000000002e+03 1.2000000000000000e+03 1.2000000000000000e+03 1.2000000000000000e+03 1.2000000000000000e+03 1.2000000000000000e+03 1.1999999999999998e+03 1.1999999999999998e+03 1.2000000000000002e+03 1.2000000000000000e+03 1.2000000000000000e+03 1.2000000000000000e+03 1.2000000000000000e+03 1.2000000000000000e+03 1.2000000000000000e+03 1.2000000000000000e+03 1.2000000000000000e+03 1.2000000000000000e+03 1.2000000000000000e+03 1.2000000000000000e+03 1.2000000000000000e+03 1.2000000000000002e+03 1.2000000000000000e+03 1.2000000000000000e+03 1.2000000000000000e+03 1.2000000000000000e+03 1.2000000000000000e+03 1.2000000000000000e+03 1.2000000000000000e+03 1.2000000000000000e+03 1.2000000000000000e+03 1.2000000000000002e+03 1.2000000000000002e+03 1.2000000000000002e+03 1.2000000000000000e+03 1.2000000000000000e+03 1.2000000000000000e+03 1.2000000000000000e+03 1.2000000000000002e+03 1.2000000000000002e+03 1.2000000000000000e+03 1.2000000000000002e+03 1.1999999999999998e+03 1.2000000000000000e+03 1.2000000000000000e+03 1.2000000000000000e+03 1.2000000000000000e+03 1.2000000000000002e+03 1.2000000000000000e+03 1.1999999999999998e+03 1.2000000000000000e+03 1.2000000000000000e+03 1.2000000000000000e+03 1.1999999999999998e+03 1.1999999999999998e+03 1.2000000000000002e+03 1.2000000000000000e+03 1.2000000000000000e+03 1.2000000000000000e+03 1.2000000000000000e+03 1.2000000000000002e+03 1.2000000000000000e+03 1.2000000000000000e+03 1.2000000000000000e+03 1.2000000000000000e+03 1.2000000000000000e+03 1.2000000000000000e+03 1.2000000000000000e+03 1.2000000000000000e+03 1.2000000000000000e+03 1.2000000000000000e+03 1.2000000000000000e+03 1.1999999999999998e+03 1.2000000000000002e+03 1.2000000000000000e+03 1.2000000000000000e+03 1.2000000000000000e+03 1.1999999999999998e+03 1.2000000000000000e+03 1.2000000000000000e+03 1.2000000000000000e+03 1.2000000000000000e+03 1.2000000000000000e+03 1.2000000000000000e+03 1.2000000000000000e+03 1.2000000000000000e+03 1.2000000000000000e+03 1.2000000000000000e+03 1.1999999999999998e+03 1.2000000000000000e+03 1.2000000000000000e+03 1.2000000000000002e+03 1.2000000000000000e+03 1.2000000000000000e+03 1.2000000000000002e+03 1.2000000000000000e+03 1.2000000000000000e+03 1.2000000000000000e+03 1.2000000000000000e+03 1.2000000000000000e+03 1.2000000000000000e+03 1.2000000000000000e+03 1.1999999999999998e+03 1.2000000000000000e+03 1.2000000000000000e+03 1.2000000000000000e+03 1.2000000000000000e+03 1.2000000000000000e+03 1.2000000000000002e+03 1.2000000000000000e+03 1.2000000000000000e+03 1.2000000000000000e+03 1.2000000000000000e+03 1.2000000000000000e+03 1.2000000000000000e+03 1.2000000000000000e+03 1.2000000000000000e+03 1.2000000000000000e+03 1.1999999999999998e+03 1.2000000000000000e+03 1.2000000000000000e+03 1.1999999999999998e+03 1.1999999999999998e+03 1.2000000000000000e+03 1.2000000000000002e+03 1.2000000000000000e+03 1.2000000000000000e+03 1.2000000000000000e+03 1.2000000000000000e+03 1.2000000000000000e+03 1.2000000000000000e+03 1.2000000000000000e+03 1.2000000000000000e+03 1.2000000000000000e+03 1.1999999999999998e+03 1.2000000000000000e+03 1.2000000000000002e+03 1.2000000000000000e+03 1.2000000000000000e+03 1.2000000000000000e+03 1.2000000000000002e+03 1.1999999999999998e+03 1.2000000000000000e+03 1.2000000000000000e+03 8.0000000000000011e+02 8.0000000000000000e+02 8.0000000000000000e+02 8.0000000000000011e+02 8.0000000000000000e+02 8.0000000000000000e+02 8.0000000000000000e+02 8.0000000000000000e+02 7.9999999999999989e+02 8.0000000000000011e+02 8.0000000000000000e+02 8.0000000000000000e+02 8.0000000000000000e+02 8.0000000000000000e+02 7.9999999999999989e+02 8.0000000000000000e+02 8.0000000000000000e+02 7.9999999999999989e+02 8.0000000000000000e+02 8.0000000000000000e+02 7.9999999999999989e+02 8.0000000000000000e+02 8.0000000000000000e+02 8.0000000000000011e+02 8.0000000000000000e+02 8.0000000000000000e+02 8.0000000000000011e+02 7.9999999999999989e+02 8.0000000000000000e+02 8.0000000000000000e+02 7.9999999999999989e+02 8.0000000000000000e+02 8.0000000000000000e+02 8.0000000000000000e+02 7.9999999999999989e+02 8.0000000000000011e+02 8.0000000000000000e+02 7.9999999999999989e+02 8.0000000000000011e+02 8.0000000000000000e+02 7.9999999999999989e+02 8.0000000000000000e+02 7.9999999999999989e+02 7.9999999999999989e+02 8.0000000000000000e+02 7.9999999999999989e+02 7.9999999999999989e+02 7.9999999999999989e+02 7.9999999999999989e+02 8.0000000000000011e+02 8.0000000000000000e+02 7.9999999999999989e+02 7.9999999999999989e+02 8.0000000000000000e+02 8.0000000000000000e+02 8.0000000000000000e+02 8.0000000000000000e+02 8.0000000000000000e+02 8.0000000000000000e+02 7.9999999999999989e+02 7.9999999999999989e+02 7.9999999999999989e+02 7.9999999999999989e+02 8.0000000000000000e+02 8.0000000000000011e+02 7.9999999999999989e+02 8.0000000000000000e+02 8.0000000000000000e+02 8.0000000000000011e+02 8.0000000000000000e+02 7.9999999999999989e+02 7.9999999999999989e+02 8.0000000000000000e+02 8.0000000000000011e+02 7.9999999999999989e+02 8.0000000000000000e+02 7.9999999999999989e+02 8.0000000000000000e+02 8.0000000000000000e+02 8.0000000000000011e+02 8.0000000000000011e+02 8.0000000000000011e+02 8.0000000000000000e+02 8.0000000000000000e+02 8.0000000000000000e+02 8.0000000000000023e+02 8.0000000000000000e+02 8.0000000000000000e+02 8.0000000000000000e+02 8.0000000000000000e+02 8.0000000000000000e+02 7.9999999999999989e+02 7.9999999999999989e+02 7.9999999999999989e+02 8.0000000000000000e+02 7.9999999999999989e+02 7.9999999999999989e+02 7.9999999999999989e+02 8.0000000000000000e+02 8.0000000000000000e+02 8.0000000000000000e+02 8.0000000000000000e+02 8.0000000000000000e+02 8.0000000000000011e+02 8.0000000000000000e+02 7.9999999999999989e+02 8.0000000000000000e+02 8.0000000000000011e+02 8.0000000000000000e+02 8.0000000000000000e+02 8.0000000000000000e+02 8.0000000000000000e+02 8.0000000000000011e+02 8.0000000000000000e+02 8.0000000000000011e+02 7.9999999999999989e+02 8.0000000000000000e+02 7.9999999999999989e+02 8.0000000000000011e+02 7.9999999999999989e+02 7.9999999999999989e+02 8.0000000000000000e+02 7.9999999999999989e+02 8.0000000000000000e+02 8.0000000000000000e+02 7.9999999999999977e+02 8.0000000000000000e+02 8.0000000000000000e+02 8.0000000000000011e+02 7.9999999999999989e+02 8.0000000000000000e+02 8.0000000000000011e+02 8.0000000000000000e+02 8.0000000000000000e+02 8.0000000000000000e+02 8.0000000000000000e+02 8.0000000000000000e+02 8.0000000000000000e+02 8.0000000000000011e+02 8.0000000000000000e+02 7.9999999999999989e+02 8.0000000000000000e+02 7.9999999999999989e+02 7.9999999999999989e+02 8.0000000000000000e+02 7.9999999999999989e+02 7.9999999999999989e+02 8.0000000000000011e+02 8.0000000000000011e+02 7.9999999999999989e+02 8.0000000000000011e+02 7.9999999999999989e+02 7.9999999999999989e+02 8.0000000000000011e+02 8.0000000000000000e+02 8.0000000000000000e+02 8.0000000000000000e+02 7.9999999999999989e+02 8.0000000000000011e+02 8.0000000000000011e+02 8.0000000000000000e+02 8.0000000000000000e+02
</DataArray>
        <DataArray type="Float64" format="ascii" Name="yield_function">
-1.1822662601585680e+03 -1.1825615283874845e+03 -1.1824293354340332e+03 -1.1821375022286834e+03 -1.1819078754912630e+03 -1.1815403527431849e+03 -1.1815591074301335e+03 -1.1811848247710595e+03 -1.1814115301689051e+03 -1.1810932062807146e+03 -1.1814763683029510e+03 -1.1812678363748705e+03 -1.1817389605127028e+03 -1.1817072744858776e+03 -1.1821536523860157e+03 -1.1823945703273484e+03 -1.1826225411456749e+03 -1.1823285457853606e+03 -1.1813432516320693e+03 -1.1811373449509570e+03 -1.1816903174987433e+03 -1.1810587148762652e+03 -1.1811057593420735e+03 -1.1804859153587906e+03 -1.1805856376360323e+03 -1.1800552166185535e+03 -1.1803620582666044e+03 -1.1799403577795629e+03 -1.1804707862167222e+03 -1.1801667039977904e+03 -1.1809054476972703e+03 -1.1806870005073931e+03 -1.1815662941856835e+03 -1.1812181966382495e+03 -1.1816860140767933e+03 -1.1807533555866573e+03 -1.1799816981970471e+03 -1.1796087096644465e+03 -1.1800770591134381e+03 -1.1793842806234875e+03 -1.1796470726052862e+03 -1.1789174364924786e+03 -1.1791931979802180e+03 -1.1785573178141456e+03 -1.1789851864704392e+03 -1.1784610689072924e+03 -1.1790938338798558e+03 -1.1786562142496502e+03 -1.1794869594768627e+03 -1.1790773476104039e+03 -1.1799613363112960e+03 -1.1794845166580851e+03 -1.1800624480428319e+03 -1.1795246654708640e+03 -1.1788233095116339e+03 -1.1782522548325255e+03 -1.1783801971898531e+03 -1.1776239971979230e+03 -1.1778812493387552e+03 -1.1771458090168887e+03 -1.1775165319201951e+03 -1.1768821327964035e+03 -1.1773667607426823e+03 -1.1768217326294728e+03 -1.1774462723545203e+03 -1.1769520207995981e+03 -1.1777409991425932e+03 -1.1772777912411179e+03 -1.1781899322422782e+03 -1.1777951462098251e+03 -1.1786606985808339e+03 -1.1784210195819621e+03 -1.1777795243652427e+03 -1.1769536548652893e+03 -1.1767305749203360e+03 -1.1759124240709639e+03 -1.1761147564389280e+03 -1.1754787237799346e+03 -1.1758698660134708e+03 -1.1753804761362908e+03 -1.1758101002187584e+03 -1.1753793187510150e+03 -1.1758463706900654e+03 -1.1754095832320072e+03 -1.1760128951476668e+03 -1.1755787506961626e+03 -1.1764605852152199e+03 -1.1761616961642992e+03 -1.1773554557698908e+03 -1.1773805769789394e+03 -1.1767470650043024e+03 -1.1755477721257043e+03 -1.1750952333897676e+03 -1.1743227894823010e+03 -1.1745973443223841e+03 -1.1742609922563963e+03 -1.1746555783824558e+03 -1.1745076706764435e+03 -1.1747559830251050e+03 -1.1746066069973774e+03 -1.1747208338906514e+03 -1.1744650534557629e+03 -1.1746274501920611e+03 -1.1742603236590808e+03 -1.1748423597117167e+03 -1.1745598197472043e+03 -1.1760079048535586e+03 -1.1762652760690692e+03 -1.1754883631938926e+03 -1.1737100185171657e+03 -1.1734527588521441e+03 -1.1731021439617289e+03 -1.1737178771207700e+03 -1.1740080484486539e+03 -1.1743741567462982e+03 -1.1747744168251393e+03 -1.1747066863757100e+03 -1.1749915713596974e+03 -1.1745682213785585e+03 -1.1746259042077784e+03 -1.1740293636107453e+03 -1.1737884904951547e+03 -1.1735193842454194e+03 -1.1731037661463240e+03 -1.1743736610570647e+03 -1.1746989051400324e+03 -1.1732349478943718e+03 -1.1709639613298589e+03 -1.1722662820612363e+03 -1.1730745192563149e+03 -1.1741812593159666e+03 -1.1753976748491139e+03 -1.1755093689917915e+03 -1.1765022447848089e+03 -1.1760212134358039e+03 -1.1767631536435863e+03 -1.1757995000407052e+03 -1.1762726001373035e+03 -1.1748260447719547e+03 -1.1748965338918570e+03 -1.1731353780932213e+03 -1.1725058383855283e+03 -1.1721452786339592e+03 -1.1718435906129273e+03 -1.1653799469362841e+03 -1.1705323939597008e+03 -1.1735599242082631e+03 -1.1764731027773744e+03 -1.1767742005869893e+03 -1.1785038684651854e+03 -1.1780990586420178e+03 -1.1793355279813479e+03 -1.1785418480240282e+03 -1.1795211377410603e+03 -1.1783369877564910e+03 -1.1791573140936489e+03 -1.1773879444415086e+03 -1.1780257545378308e+03 -1.1751673407738124e+03 -1.1751750289905121e+03 -1.1704069496482002e+03 -1.1665388002802536e+03 -7.8639559268210201e+02 -7.8645958160291116e+02 -7.8624577306683011e+02 -7.8644319993418389e+02 -7.8627824076628792e+02 -7.8648486209219629e+02 -7.8622859730011703e+02 -7.8647503293270142e+02 -7.8619622033214182e+02 -7.8646930909512298e+02 -7.8622027587323169e+02 -7.8648287654442845e+02 -7.8628464474702855e+02 -7.8647821985137193e+02 -7.8631634898767788e+02 -7.8637293753058373e+02 -7.8627104848060833e+02 -7.8648976356850415e+02 -7.8771979199838108e+02 -7.8790924164433852e+02 -7.8709494791370219e+02 -7.8749797523644395e+02 -7.8706503480543358e+02 -7.8745267568460793e+02 -7.8708933075359573e+02 -7.8746070307229229e+02 -7.8709822196656205e+02 -7.8746328310526269e+02 -7.8709387606831729e+02 -7.8745402561081085e+02 -7.8706782587548958e+02 -7.8744104608187502e+02 -7.8702467076629136e+02 -7.8753698218169325e+02 -7.8734317303252567e+02 -7.8832202955107198e+02 -7.8928096304493590e+02 -7.8954413385902285e+02 -7.8861862751008164e+02 -7.8904747212136522e+02 -7.8837842451251845e+02 -7.8884948577557952e+02 -7.8831627935784138e+02 -7.8878719083362296e+02 -7.8830344972802607e+02 -7.8877489710051850e+02 -7.8830533937276437e+02 -7.8879487320201588e+02 -7.8833682499639178e+02 -7.8888498356209732e+02 -7.8849804598571438e+02 -7.8917425968665407e+02 -7.8901974430363521e+02 -7.8981476154225504e+02 -7.9078231691926476e+02 -7.9113784354365532e+02 -7.9029140934906206e+02 -7.9073642948655231e+02 -7.8998747475021946e+02 -7.9049200756592813e+02 -7.8984905425077864e+02 -7.9037989080939610e+02 -7.8980476770965765e+02 -7.9035460229055411e+02 -7.8982397855206739e+02 -7.9040391268243059e+02 -7.8992437675205804e+02 -7.9055593932144166e+02 -7.9017181628547019e+02 -7.9086360681839278e+02 -7.9061984853271190e+02 -7.9129973036262106e+02 -7.9230243337703052e+02 -7.9273480863173802e+02 -7.9198160679026898e+02 -7.9245651749282956e+02 -7.9171537071582077e+02 -7.9224137609764205e+02 -7.9156037397287560e+02 -7.9212339150748085e+02 -7.9150333272302123e+02 -7.9209519365547942e+02 -7.9153151888574519e+02 -7.9215288784783252e+02 -7.9165348823689374e+02 -7.9230580954349978e+02 -7.9188775281453923e+02 -7.9255417902764793e+02 -7.9220798002306151e+02 -7.9282778559871019e+02 -7.9386862898413870e+02 -7.9435870220715071e+02 -7.9367807556372691e+02 -7.9418481953384298e+02 -7.9348188580358135e+02 -7.9402546906327223e+02 -7.9335008430813207e+02 -7.9392864232509157e+02 -7.9329790136609165e+02 -7.9390482779340959e+02 -7.9332504991041480e+02 -7.9395473962355709e+02 -7.9343264407949448e+02 -7.9407677788723925e+02 -7.9361359956378192e+02 -7.9425096069967435e+02 -7.9381938757427292e+02 -7.9440700347792961e+02 -7.9548234660824892e+02 -7.9601349336747023e+02 -7.9538227407546833e+02 -7.9591447785835089e+02 -7.9525312644723454e+02 -7.9580936486121436e+02 -7.9515830337777641e+02 -7.9574191936284376e+02 -7.9511937815840542e+02 -7.9572520813207984e+02 -7.9514021563794370e+02 -7.9576094128924444e+02 -7.9521908395142350e+02 -7.9584481026618107e+02 -7.9534201889970916e+02 -7.9595539850421528e+02 -7.9546200527024166e+02 -7.9603334668276716e+02 -7.9713977314496731e+02 -7.9769747370540733e+02 -7.9709278257448091e+02 -7.9764161688323861e+02 -7.9701336120435758e+02 -7.9757578309264659e+02 -7.9695225630610196e+02 -7.9753205053256181e+02 -7.9692667486928076e+02 -7.9752092853599959e+02 -7.9694045427068363e+02 -7.9754440211691610e+02 -7.9699174346187544e+02 -7.9759836025822540e+02 -7.9706869088619942e+02 -7.9766615713696376e+02 -7.9713442595787342e+02 -7.9770207954120053e+02 -7.9884155646591421e+02 -7.9941592018617541e+02 -7.9881303312683917e+02 -7.9937693114255876e+02 -7.9875779868902259e+02 -7.9931695952351276e+02 -7.9870975184730685e+02 -7.9926856107769777e+02 -7.9868752440856645e+02 -7.9925394080658054e+02 -7.9869860505764314e+02 -7.9927941282270592e+02 -7.9873969503336934e+02 -7.9933448138851327e+02 -7.9879604426771607e+02 -7.9939363097628143e+02 -7.9883820021267127e+02 -7.9941876633110030e+02
</DataArray>
        <DataArray type="Float64" format="ascii" Name="plastic_multiplier">
0.0000000000000000e+00 0.0000000000000000e+00 0.0000000000000000e+00 0.0000000000000000e+00 0.0000000000000000e+00 0.0000000000000000e+00 0.0000000000000000e+00 0.0000000000000000e+00 0.0000000000000000e+00 0.0000000000000000e+00 0.0000000000000000e+00 0.0000000000000000e+00 0.0000000000000000e+00 0.0000000000000000e+00 0.0000000000000000e+00 0.0000000000000000e+00 0.0000000000000000e+00 0.0000000000000000e+00 0.0000000000000000e+00 0.0000000000000000e+00 0.0000000000000000e+00 0.0000000000000000e+00 0.0000000000000000e+00 0.0000000000000000e+00 0.0000000000000000e+00 0.0000000000000000e+00 0.0000000000000000e+00 0.0000000000000000e+00 0.0000000000000000e+00 0.0000000000000000e+00 0.0000000000000000e+00 0.0000000000000000e+00 0.0000000000000000e+00 0.0000000000000000e+00 0.0000000000000000e+00 0.0000000000000000e+00 0.0000000000000000e+00 0.0000000000000000e+00 0.0000000000000000e+00 0.0000000000000000e+00 0.0000000000000000e+00 0.0000000000000000e+00 0.0000000000000000e+00 0.0000000000000000e+00 0.0000000000000000e+00 0.0000000000000000e+00 0.0000000000000000e+00 0.0000000000000000e+00 0.0000000000000000e+00 0.0000000000000000e+00 0.0000000000000000e+00 0.0000000000000000e+00 0.0000000000000000e+00 0.0000000000000000e+00 0.0000000000000000e+00 0.0000000000000000e+00 0.0000000000000000e+00 0.0000000000000000e+00 0.0000000000000000e+00 0.0000000000000000e+00 0.0000000000000000e+00 0.0000000000000000e+00 0.0000000000000000e+00 0.0000000000000000e+00 0.0000000000000000e+00 0.0000000000000000e+00 0.0000000000000000e+00 0.0000000000000000e+00 0.0000000000000000e+00 0.0000000000000000e+00 0.0000000000000000e+00 0.0000000000000000e+00 0.0000000000000000e+00 0.0000000000000000e+00 0.0000000000000000e+00 0.0000000000000000e+00 0.0000000000000000e+00 0.0000000000000000e+00 0.0000000000000000e+00 0.0000000000000000e+00 0.0000000000000000e+00 0.0000000000000000e+00 0.0000000000000000e+00 0.0000000000000000e+00 0.0000000000000000e+00 0.0000000000000000e+00 0.0000000000000000e+00 0.0000000000000000e+00 0.0000000000000000e+00 0.0000000000000000e+00 0.0000000000000000e+00 0.0000000000000000e+00 0.0000000000000000e+00 0.0000000000000000e+00 0.0000000000000000e+00 0.0000000000000000e+00 0.0000000000000000e+00 0.0000000000000000e+00 0.0000000000000000e+00 0.0000000000000000e+00 0.0000000000000000e+00 0.0000000000000000e+00 0.0000000000000000e+00 0.0000000000000000e+00 0.0000000000000000e+00 0.0000000000000000e+00 0.0000000000000000e+00 0.0000000000000000e+00 0.0000000000000000e+00 0.0000000000000000e+00 0.0000000000000000e+00 0.0000000000000000e+00 0.0000000000000000e+00 0.0000000000000000e+00 0.0000000000000000e+00 0.0000000000000000e+00 0.0000000000000000e+00 0.0000000000000000e+00 0.0000000000000000e+00 0.0000000000000000e+00 0.0000000000000000e+00 0.0000000000000000e+00 0.0000000000000000e+00 0.0000000000000000e+00 0.0000000000000000e+00 0.0000000000000000e+00 0.0000000000000000e+00 0.0000000000000000e+00 0.0000000000000000e+00 0.0000000000000000e+00 0.0000000000000000e+00 0.0000000000000000e+00 0.0000000000000000e+00 0.0000000000000000e+00 0.0000000000000000e+00 0.0000000000000000e+00 0.0000000000000000e+00 0.0000000000000000e+00 0.0000000000000000e+00 0.0000000000000000e+00 0.0000000000000000e+00 0.0000000000000000e+00 0.0000000000000000e+00 0.0000000000000000e+00 0.0000000000000000e+00 0.0000000000000000e+00 0.0000000000000000e+00 0.0000000000000000e+00 0.0000000000000000e+00 0.0000000000000000e+00 0.0000000000000000e+00 0.0000000000000000e+00 0.0000000000000000e+00 0.0000000000000000e+00 0.0000000000000000e+00 0.0000000000000000e+00 0.0000000000000000e+00 0.0000000000000000e+00 0.0000000000000000e+00 0.0000000000000000e+00 0.0000000000000000e+00 0.0000000000000000e+00 0.0000000000000000e+00 0.0000000000000000e+00 0.0000000000000000e+00 0.0000000000000000e+00 0.0000000000000000e+00 0.0000000000000000e+00 0.0000000000000000e+00 0.0000000000000000e+00 0.0000000000000000e+00 0.0000000000000000e+00 0.0000000000000000e+00 0.0000000000000000e+00 0.0000000000000000e+00 0.0000000000000000e+00 0.0000000000000000e+00 0.0000000000000000e+00 0.0000000000000000e+00 0.0000000000000000e+00 0.0000000000000000e+00 0.0000000000000000e+00 0.0000000000000000e+00 0.0000000000000000e+00 0.0000000000000000e+00 0.0000000000000000e+00 0.0000000000000000e+00 0.0000000000000000e+00 0.0000000000000000e+00 0.0000000000000000e+00 0.0000000000000000e+00 0.0000000000000000e+00 0.0000000000000000e+00 0.0000000000000000e+00 0.0000000000000000e+00 0.0000000000000000e+00 0.0000000000000000e+00 0.0000000000000000e+00 0.0000000000000000e+00 0.0000000000000000e+00 0.0000000000000000e+00 0.0000000000000000e+00 0.0000000000000000e+00 0.0000000000000000e+00 0.0000000000000000e+00 0.0000000000000000e+00 0.0000000000000000e+00 0.0000000000000000e+00 0.0000000000000000e+00 0.0000000000000000e+00 0.0000000000000000e+00 0.0000000000000000e+00 0.0000000000000000e+00 0.0000000000000000e+00 0.0000000000000000e+00 0.0000000000000000e+00 0.0000000000000000e+00 0.0000000000000000e+00 0.0000000000000000e+00 0.0000000000000000e+00 0.0000000000000000e+00 0.0000000000000000e+00 0.0000000000000000e+00 0.0000000000000000e+00 0.0000000000000000e+00 0.0000000000000000e+00 0.0000000000000000e+00 0.0000000000000000e+00 0.0000000000000000e+00 0.0000000000000000e+00 0.0000000000000000e+00 0.0000000000000000e+00 0.0000000000000000e+00 0.0000000000000000e+00 0.0000000000000000e+00 0.0000000000000000e+00 0.0000000000000000e+00 0.0000000000000000e+00 0.0000000000000000e+00 0.0000000000000000e+00 0.0000000000000000e+00 0.0000000000000000e+00 0.0000000000000000e+00 0.0000000000000000e+00 0.0000000000000000e+00 0.0000000000000000e+00 0.0000000000000000e+00 0.0000000000000000e+00 0.0000000000000000e+00 0.0000000000000000e+00 0.0000000000000000e+00 0.0000000000000000e+00 0.0000000000000000e+00 0.0000000000000000e+00 0.0000000000000000e+00 0.0000000000000000e+00 0.0000000000000000e+00 0.0000000000000000e+00 0.0000000000000000e+00 0.0000000000000000e+00 0.0000000000000000e+00 0.0000000000000000e+00 0.0000000000000000e+00 0.0000000000000000e+00 0.0000000000000000e+00 0.0000000000000000e+00 0.0000000000000000e+00 0.0000000000000000e+00 0.0000000000000000e+00 0.0000000000000000e+00 0.0000000000000000e+00 0.0000000000000000e+00 0.0000000000000000e+00 0.0000000000000000e+00 0.0000000000000000e+00 0.0000000000000000e+00 0.0000000000000000e+00 0.0000000000000000e+00 0.0000000000000000e+00 0.0000000000000000e+00 0.0000000000000000e+00 0.0000000000000000e+00 0.0000000000000000e+00 0.0000000000000000e+00 0.0000000000000000e+00 0.0000000000000000e+00 0.0000000000000000e+00 0.0000000000000000e+00 0.0000000000000000e+00 0.0000000000000000e+00 0.0000000000000000e+00 0.0000000000000000e+00 0.0000000000000000e+00 0.0000000000000000e+00 0.0000000000000000e+00 0.0000000000000000e+00 0.0000000000000000e+00 0.0000000000000000e+00 0.0000000000000000e+00 0.0000000000000000e+00 0.0000000000000000e+00 0.0000000000000000e+00 0.0000000000000000e+00 0.0000000000000000e+00 0.0000000000000000e+00 0.0000000000000000e+00 0.0000000000000000e+00 0.0000000000000000e+00 0.0000000000000000e+00 0.0000000000000000e+00 0.0000000000000000e+00 0.0000000000000000e+00 0.0000000000000000e+00 0.0000000000000000e+00 0.0000000000000000e+00 0.0000000000000000e+00 0.0000000000000000e+00 0.0000000000000000e+00 0.0000000000000000e+00 0.0000000000000000e+00 0.0000000000000000e+00 0.0000000000000000e+00 0.0000000000000000e+00 0.0000000000000000e+00
</DataArray>
      </CellData>
      <Points>
        <DataArray type="Float64" format="ascii" NumberOfComponents="3">
0.0000000000000000e+00 0.0000000000000000e+00 0.0000000000000000e+00 1.0000000000000000e+00 0.0000000000000000e+00 0.0000000000000000e+00 1.0000000000000000e+00 2.0000000000000000e+00 0.0000000000000000e+00 0.0000000000000000e+00 2.0000000000000000e+00 0.0000000000000000e+00 1.0000000000000000e+00 1.0000000000000000e+00 0.0000000000000000e+00 0.0000000000000000e+00 1.0000000000000000e+00 0.0000000000000000e+00 1.1111111111090820e-01 0.0000000000000000e+00 0.0000000000000000e+00 2.2222222222171431e-01 0.0000000000000000e+00 0.0000000000000000e+00 3.3333333333250098e-01 0.0000000000000000e+00 0.0000000000000000e+00 4.4444444444328779e-01 0.0000000000000000e+00 0.0000000000000000e+00 5.5555555555438330e-01 0.0000000000000000e+00 0.0000000000000000e+00 6.6666666666578744e-01 0.0000000000000000e+00 0.0000000000000000e+00 7.7777777777719159e-01 0.0000000000000000e+00 0.0000000000000000e+00 8.8888888888859585e-01 0.0000000000000000e+00 0.0000000000000000e+00 5.5555555555441602e-02 0.0000000000000000e+00 0.0000000000000000e+00 1.6666666666631960e-01 0.0000000000000000e+00 0.0000000000000000e+00 2.7777777777710772e-01 0.0000000000000000e+00 0.0000000000000000e+00 3.8888888888789441e-01 0.0000000000000000e+00 0.0000000000000000e+00 4.9999999999868139e-01 0.0000000000000000e+00 0.0000000000000000e+00 6.1111111111008543e-01 0.0000000000000000e+00 0.0000000000000000e+00 7.2222222222148957e-01 0.0000000000000000e+00 0.0000000000000000e+00 8.3333333333289372e-01 0.0000000000000000e+00 0.0000000000000000e+00 9.4444444444429798e-01 0.0000000000000000e+00 0.0000000000000000e+00 1.0000000000000000e+00 1.1111111111090820e-01 0.0000000000000000e+00 1.0000000000000000e+00 2.2222222222171431e-01 0.0000000000000000e+00 1.0000000000000000e+00 3.3333333333250098e-01 0.0000000000000000e+00 1.0000000000000000e+00 4.4444444444328779e-01 0.0000000000000000e+00 1.0000000000000000e+00 5.5555555555438330e-01 0.0000000000000000e+00 1.0000000000000000e+00 6.6666666666578744e-01 0.0000000000000000e+00 1.0000000000000000e+00 7.7777777777719159e-01 0.0000000000000000e+00 1.0000000000000000e+00 8.8888888888859585e-01 0.0000000000000000e+00 1.0000000000000000e+00 5.5555555555441602e-02 0.0000000000000000e+00 1.0000000000000000e+00 1.6666666666631960e-01 0.0000000000000000e+00 1.0000000000000000e+00 2.7777777777710772e-01 0.0000000000000000e+00 1.0000000000000000e+00 3.8888888888789441e-01 0.0000000000000000e+00 1.0000000000000000e+00 4.9999999999868139e-01 0.0000000000000000e+00 1.0000000000000000e+00 6.1111111111008543e-01 0.0000000000000000e+00 1.0000000000000000e+00 7.2222222222148957e-01 0.0000000000000000e+00 1.0000000000000000e+00 8.3333333333289372e-01 0.0000000000000000e+00 1.0000000000000000e+00 9.4444444444429798e-01 0.0000000000000000e+00 8.8888888888842621e-01 1.0000000000000000e+00 0.0000000000000000e+00 7.7777777777793200e-01 1.0000000000000000e+00 0.0000000000000000e+00 6.6666666666759178e-01 1.0000000000000000e+00 0.0000000000000000e+00 5.5555555555725133e-01 1.0000000000000000e+00 0.0000000000000000e+00 4.4444444444629427e-01 1.0000000000000000e+00 0.0000000000000000e+00 3.3333333333472071e-01 1.0000000000000000e+00 0.0000000000000000e+00 2.2222222222314711e-01 1.0000000000000000e+00 0.0000000000000000e+00 1.1111111111157360e-01 1.0000000000000000e+00 0.0000000000000000e+00 9.4444444444424491e-01 1.0000000000000000e+00 0.0000000000000000e+00 8.3333333333318171e-01 1.0000000000000000e+00 0.0000000000000000e+00 7.2222222222279631e-01 1.0000000000000000e+00 0.0000000000000000e+00 6.1111111111232574e-01 1.0000000000000000e+00 0.0000000000000000e+00 5.0000000000198208e-01 1.0000000000000000e+00 0.0000000000000000e+00 3.8888888889050749e-01 1.0000000000000000e+00 0.0000000000000000e+00 2.7777777777893392e-01 1.0000000000000000e+00 0.0000000000000000e+00 1.6666666666736041e-01 1.0000000000000000e+00 0.0000000000000000e+00 5.5555555555786729e-02 1.0000000000000000e+00 0.0000000000000000e+00 0.0000000000000000e+00 8.8888888888842621e-01 0.0000000000000000e+00 0.0000000000000000e+00 7.7777777777793200e-01 0.0000000000000000e+00 0.0000000000000000e+00 6.6666666666759178e-01 0.0000000000000000e+00 0.0000000000000000e+00 5.5555555555725133e-01 0.0000000000000000e+00 0.0000000000000000e+00 4.4444444444629427e-01 0.0000000000000000e+00 0.0000000000000000e+00 3.3333333333472071e-01 0.0000000000000000e+00 0.0000000000000000e+00 2.2222222222314711e-01 0.0000000000000000e+00 0.0000000000000000e+00 1.1111111111157360e-01 0.0000000000000000e+00 0.0000000000000000e+00 9.4444444444424491e-01 0.0000000000000000e+00 0.0000000000000000e+00 8.3333333333318171e-01 0.0000000000000000e+00 0.0000000000000000e+00 7.2222222222279631e-01 0.0000000000000000e+00 0.0000000000000000e+00 6.1111111111232574e-01 0.0000000000000000e+00 0.0000000000000000e+00 5.0000000000198208e-01 0.0000000000000000e+00 0.0000000000000000e+00 3.8888888889050749e-01 0.0000000000000000e+00 0.0000000000000000e+00 2.7777777777893392e-01 0.0000000000000000e+00 0.0000000000000000e+00 1.6666666666736041e-01 0.0000000000000000e+00 0.0000000000000000e+00 5.5555555555786729e-02 0.0000000000000000e+00 0.0000000000000000e+00 1.1111111111111109e+00 0.0000000000000000e+00 0.0000000000000000e+00 1.2222222222222221e+00 0.0000000000000000e+00 0.0000000000000000e+00 1.3333333333333330e+00 0.0000000000000000e+00 0.0000000000000000e+00 1.4444444444444440e+00 0.0000000000000000e+00 0.0000000000000000e+00 1.5555555555555560e+00 0.0000000000000000e+00 0.0000000000000000e+00 1.6666666666666670e+00 0.0000000000000000e+00 0.0000000000000000e+00 1.7777777777777779e+00 0.0000000000000000e+00 0.0000000000000000e+00 1.8888888888888891e+00 0.0000000000000000e+00 0.0000000000000000e+00 1.0555555555555229e+00 0.0000000000000000e+00 0.0000000000000000e+00 1.1666666666666441e+00 0.0000000000000000e+00 0.0000000000000000e+00 1.2777777777778541e+00 0.0000000000000000e+00 0.0000000000000000e+00 1.3888888888889610e+00 0.0000000000000000e+00 0.0000000000000000e+00 1.4999999999998170e+00 0.0000000000000000e+00 0.0000000000000000e+00 1.6111111111110770e+00 0.0000000000000000e+00 0.0000000000000000e+00 1.7222222222222030e+00 0.0000000000000000e+00 0.0000000000000000e+00 1.8333333333332540e+00 0.0000000000000000e+00 0.0000000000000000e+00 1.9444444444443749e+00 0.0000000000000000e+00 1.1111111111090820e-01 2.0000000000000000e+00 0.0000000000000000e+00 2.2222222222171431e-01 2.0000000000000000e+00 0.0000000000000000e+00 3.3333333333250098e-01 2.0000000000000000e+00 0.0000000000000000e+00 4.4444444444328779e-01 2.0000000000000000e+00 0.0000000000000000e+00 5.5555555555438330e-01 2.0000000000000000e+00 0.0000000000000000e+00 6.6666666666578744e-01 2.0000000000000000e+00 0.0000000000000000e+00 7.7777777777719159e-01 2.0000000000000000e+00 0.0000000000000000e+00 8.8888888888859585e-01 2.0000000000000000e+00 0.0000000000000000e+00 5.5555555555441602e-02 2.0000000000000000e+00 0.0000000000000000e+00 1.6666666666631960e-01 2.0000000000000000e+00 0.0000000000000000e+00 2.7777777777710772e-01 2.0000000000000000e+00 0.0000000000000000e+00 3.8888888888789441e-01 2.0000000000000000e+00 0.0000000000000000e+00 4.9999999999868139e-01 2.0000000000000000e+00 0.0000000000000000e+00 6.1111111111008543e-01 2.0000000000000000e+00 0.0000000000000000e+00 7.2222222222148957e-01 2.0000000000000000e+00 0.0000000000000000e+00 8.3333333333289372e-01 2.0000000000000000e+00 0.0000000000000000e+00 9.4444444444429798e-01 2.0000000000000000e+00 0.0000000000000000e+00 1.0000000000000000e+00 1.8888888888888891e+00 0.0000000000000000e+00 1.0000000000000000e+00 1.7777777777777779e+00 0.0000000000000000e+00 1.0000000000000000e+00 1.6666666666666670e+00 0.0000000000000000e+00 1.0000000000000000e+00 1.5555555555555560e+00 0.0000000000000000e+00 1.0000000000000000e+00 1.4444444444444440e+00 0.0000000000000000e+00 1.0000000000000000e+00 1.3333333333333330e+00 0.0000000000000000e+00 1.0000000000000000e+00 1.2222222222222221e+00 0.0000000000000000e+00 1.0000000000000000e+00 1.1111111111111109e+00 0.0000000000000000e+00 1.0000000000000000e+00 1.9444444444444771e+00 0.0000000000000000e+00 1.0000000000000000e+00 1.8333333333333559e+00 0.0000000000000000e+00 1.0000000000000000e+00 1.7222222222221459e+00 0.0000000000000000e+00 1.0000000000000000e+00 1.6111111111110390e+00 0.0000000000000000e+00 1.0000000000000000e+00 1.5000000000001830e+00 0.0000000000000000e+00 1.0000000000000000e+00 1.3888888888889230e+00 0.0000000000000000e+00 1.0000000000000000e+00 1.2777777777777970e+00 0.0000000000000000e+00 1.0000000000000000e+00 1.1666666666667460e+00 0.0000000000000000e+00 1.0000000000000000e+00 1.0555555555556251e+00 0.0000000000000000e+00 1.1111111111149960e-01 8.8888888888844508e-01 0.0000000000000000e+00 2.2222222222298790e-01 8.8888888888846396e-01 0.0000000000000000e+00 3.3333333333447412e-01 8.8888888888848250e-01 0.0000000000000000e+00 4.4444444444596021e-01 8.8888888888850170e-01 0.0000000000000000e+00 5.5555555555693259e-01 8.8888888888852058e-01 0.0000000000000000e+00 6.6666666666739127e-01 8.8888888888853923e-01 0.0000000000000000e+00 7.7777777777784962e-01 8.8888888888855844e-01 0.0000000000000000e+00 8.8888888888844497e-01 8.8888888888857698e-01 0.0000000000000000e+00 1.1111111111142570e-01 7.7777777777784973e-01 0.0000000000000000e+00 2.2222222222282870e-01 7.7777777777776747e-01 0.0000000000000000e+00 3.3333333333422738e-01 7.7777777777768509e-01 0.0000000000000000e+00 4.4444444444562609e-01 7.7777777777760293e-01 0.0000000000000000e+00 5.5555555555661418e-01 7.7777777777752055e-01 0.0000000000000000e+00 6.6666666666719099e-01 7.7777777777743839e-01 0.0000000000000000e+00 7.7777777777776747e-01 7.7777777777735624e-01 0.0000000000000000e+00 8.8888888888846407e-01 7.7777777777727386e-01 0.0000000000000000e+00 1.1111111111135180e-01 6.6666666666739127e-01 0.0000000000000000e+00 2.2222222222266949e-01 6.6666666666719077e-01 0.0000000000000000e+00 3.3333333333398091e-01 6.6666666666699048e-01 0.0000000000000000e+00 4.4444444444529219e-01 6.6666666666678998e-01 0.0000000000000000e+00 5.5555555555629532e-01 6.6666666666658925e-01 0.0000000000000000e+00 6.6666666666699026e-01 6.6666666666638896e-01 0.0000000000000000e+00 7.7777777777768531e-01 6.6666666666618823e-01 0.0000000000000000e+00 8.8888888888848272e-01 6.6666666666598795e-01 0.0000000000000000e+00 1.1111111111127790e-01 5.5555555555693270e-01 0.0000000000000000e+00 2.2222222222251031e-01 5.5555555555661407e-01 0.0000000000000000e+00 3.3333333333373422e-01 5.5555555555629543e-01 0.0000000000000000e+00 4.4444444444495812e-01 5.5555555555597658e-01 0.0000000000000000e+00 5.5555555555597658e-01 5.5555555555565794e-01 0.0000000000000000e+00 6.6666666666678998e-01 5.5555555555533931e-01 0.0000000000000000e+00 7.7777777777760293e-01 5.5555555555502067e-01 0.0000000000000000e+00 8.8888888888850159e-01 5.5555555555470204e-01 0.0000000000000000e+00 1.1111111111120391e-01 4.4444444444596032e-01 0.0000000000000000e+00 2.2222222222235111e-01 4.4444444444562609e-01 0.0000000000000000e+00 3.3333333333348752e-01 4.4444444444529219e-01 0.0000000000000000e+00 4.4444444444462411e-01 4.4444444444495801e-01 0.0000000000000000e+00 5.5555555555565805e-01 4.4444444444462411e-01 0.0000000000000000e+00 6.6666666666658925e-01 4.4444444444428999e-01 0.0000000000000000e+00 7.7777777777752055e-01 4.4444444444395592e-01 0.0000000000000000e+00 8.8888888888852047e-01 4.4444444444362202e-01 0.0000000000000000e+00 1.1111111111113001e-01 3.3333333333447401e-01 0.0000000000000000e+00 2.2222222222219190e-01 3.3333333333422738e-01 0.0000000000000000e+00 3.3333333333324089e-01 3.3333333333398091e-01 0.0000000000000000e+00 4.4444444444428999e-01 3.3333333333373422e-01 0.0000000000000000e+00 5.5555555555533920e-01 3.3333333333348758e-01 0.0000000000000000e+00 6.6666666666638896e-01 3.3333333333324089e-01 0.0000000000000000e+00 7.7777777777743839e-01 3.3333333333299420e-01 0.0000000000000000e+00 8.8888888888853934e-01 3.3333333333274773e-01 0.0000000000000000e+00 1.1111111111105609e-01 2.2222222222298799e-01 0.0000000000000000e+00 2.2222222222203269e-01 2.2222222222282870e-01 0.0000000000000000e+00 3.3333333333299442e-01 2.2222222222266949e-01 0.0000000000000000e+00 4.4444444444395592e-01 2.2222222222251031e-01 0.0000000000000000e+00 5.5555555555502079e-01 2.2222222222235111e-01 0.0000000000000000e+00 6.6666666666618846e-01 2.2222222222219190e-01 0.0000000000000000e+00 7.7777777777735602e-01 2.2222222222203269e-01 0.0000000000000000e+00 8.8888888888855822e-01 2.2222222222187349e-01 0.0000000000000000e+00 1.1111111111098219e-01 1.1111111111149960e-01 0.0000000000000000e+00 2.2222222222187349e-01 1.1111111111142570e-01 0.0000000000000000e+00 3.3333333333274773e-01 1.1111111111135180e-01 0.0000000000000000e+00 4.4444444444362191e-01 1.1111111111127790e-01 0.0000000000000000e+00 5.5555555555470193e-01 1.1111111111120391e-01 0.0000000000000000e+00 6.6666666666598795e-01 1.1111111111113001e-01 0.0000000000000000e+00 7.7777777777727386e-01 1.1111111111105609e-01 0.0000000000000000e+00 8.8888888888857709e-01 1.1111111111098219e-01 0.0000000000000000e+00 5.5555555555786777e-02 9.4444444444421305e-01 0.0000000000000000e+00 5.5555555555749807e-02 8.8888888888843565e-01 0.0000000000000000e+00 1.1111111111153660e-01 9.4444444444422260e-01 0.0000000000000000e+00 1.6666666666732341e-01 9.4444444444422260e-01 0.0000000000000000e+00 1.6666666666724381e-01 8.8888888888845452e-01 0.0000000000000000e+00 2.2222222222306751e-01 9.4444444444423192e-01 0.0000000000000000e+00 2.7777777777885432e-01 9.4444444444423192e-01 0.0000000000000000e+00 2.7777777777873103e-01 8.8888888888847317e-01 0.0000000000000000e+00 3.3333333333459741e-01 9.4444444444424125e-01 0.0000000000000000e+00 3.8888888889038420e-01 9.4444444444424125e-01 0.0000000000000000e+00 3.8888888889021722e-01 8.8888888888849205e-01 0.0000000000000000e+00 4.4444444444612718e-01 9.4444444444425080e-01 0.0000000000000000e+00 5.0000000000160583e-01 9.4444444444425080e-01 0.0000000000000000e+00 5.0000000000144640e-01 8.8888888888851114e-01 0.0000000000000000e+00 5.5555555555709191e-01 9.4444444444426034e-01 0.0000000000000000e+00 6.1111111111226224e-01 9.4444444444426034e-01 0.0000000000000000e+00 6.1111111111216188e-01 8.8888888888852990e-01 0.0000000000000000e+00 6.6666666666749153e-01 9.4444444444426967e-01 0.0000000000000000e+00 7.2222222222266164e-01 9.4444444444426967e-01 0.0000000000000000e+00 7.2222222222262045e-01 8.8888888888854889e-01 0.0000000000000000e+00 7.7777777777789081e-01 9.4444444444427922e-01 0.0000000000000000e+00 8.3333333333313786e-01 9.4444444444427922e-01 0.0000000000000000e+00 8.3333333333314730e-01 8.8888888888856776e-01 0.0000000000000000e+00 8.8888888888843565e-01 9.4444444444428854e-01 0.0000000000000000e+00 9.4444444444422249e-01 9.4444444444428854e-01 0.0000000000000000e+00 9.4444444444422249e-01 8.8888888888858641e-01 0.0000000000000000e+00 5.5555555555749807e-02 8.3333333333318849e-01 0.0000000000000000e+00 5.5555555555712857e-02 7.7777777777789092e-01 0.0000000000000000e+00 1.1111111111146270e-01 8.3333333333314741e-01 0.0000000000000000e+00 1.6666666666720681e-01 8.3333333333315684e-01 0.0000000000000000e+00 1.6666666666712721e-01 7.7777777777780854e-01 0.0000000000000000e+00 2.2222222222290830e-01 8.3333333333311566e-01 0.0000000000000000e+00 2.7777777777865142e-01 8.3333333333312498e-01 0.0000000000000000e+00 2.7777777777852808e-01 7.7777777777772628e-01 0.0000000000000000e+00 3.3333333333435078e-01 8.3333333333308379e-01 0.0000000000000000e+00 3.8888888889009382e-01 8.3333333333309345e-01 0.0000000000000000e+00 3.8888888888992668e-01 7.7777777777764401e-01 0.0000000000000000e+00 4.4444444444579312e-01 8.3333333333305237e-01 0.0000000000000000e+00 5.0000000000127931e-01 8.3333333333306170e-01 0.0000000000000000e+00 5.0000000000112010e-01 7.7777777777756174e-01 0.0000000000000000e+00 5.5555555555677338e-01 8.3333333333302062e-01 0.0000000000000000e+00 6.1111111111200267e-01 8.3333333333302995e-01 0.0000000000000000e+00 6.1111111111190253e-01 7.7777777777747947e-01 0.0000000000000000e+00 6.6666666666729113e-01 8.3333333333298887e-01 0.0000000000000000e+00 7.2222222222252030e-01 8.3333333333299842e-01 0.0000000000000000e+00 7.2222222222247923e-01 7.7777777777739732e-01 0.0000000000000000e+00 7.7777777777780854e-01 8.3333333333295734e-01 0.0000000000000000e+00 8.3333333333310622e-01 8.3333333333296666e-01 0.0000000000000000e+00 8.3333333333311577e-01 7.7777777777731505e-01 0.0000000000000000e+00 8.8888888888845452e-01 8.3333333333292536e-01 0.0000000000000000e+00 9.4444444444423203e-01 8.3333333333293491e-01 0.0000000000000000e+00 9.4444444444423203e-01 7.7777777777723278e-01 0.0000000000000000e+00 5.5555555555712857e-02 7.2222222222272081e-01 0.0000000000000000e+00 5.5555555555675901e-02 6.6666666666749153e-01 0.0000000000000000e+00 1.1111111111138880e-01 7.2222222222262045e-01 0.0000000000000000e+00 1.6666666666709029e-01 7.2222222222257937e-01 0.0000000000000000e+00 1.6666666666701069e-01 6.6666666666729102e-01 0.0000000000000000e+00 2.2222222222274909e-01 7.2222222222247912e-01 0.0000000000000000e+00 2.7777777777844848e-01 7.2222222222243793e-01 0.0000000000000000e+00 2.7777777777832519e-01 6.6666666666709062e-01 0.0000000000000000e+00 3.3333333333410409e-01 7.2222222222233778e-01 0.0000000000000000e+00 3.8888888888980350e-01 7.2222222222229671e-01 0.0000000000000000e+00 3.8888888888963657e-01 6.6666666666689023e-01 0.0000000000000000e+00 4.4444444444545922e-01 7.2222222222219645e-01 0.0000000000000000e+00 5.0000000000095324e-01 7.2222222222215526e-01 0.0000000000000000e+00 5.0000000000079381e-01 6.6666666666668961e-01 0.0000000000000000e+00 5.5555555555645475e-01 7.2222222222205490e-01 0.0000000000000000e+00 6.1111111111174310e-01 7.2222222222201382e-01 0.0000000000000000e+00 6.1111111111164274e-01 6.6666666666648910e-01 0.0000000000000000e+00 6.6666666666709062e-01 7.2222222222191368e-01 0.0000000000000000e+00 7.2222222222237886e-01 7.2222222222187260e-01 0.0000000000000000e+00 7.2222222222233778e-01 6.6666666666628860e-01 0.0000000000000000e+00 7.7777777777772639e-01 7.2222222222177224e-01 0.0000000000000000e+00 8.3333333333307469e-01 7.2222222222173105e-01 0.0000000000000000e+00 8.3333333333308401e-01 6.6666666666608809e-01 0.0000000000000000e+00 8.8888888888847339e-01 7.2222222222163091e-01 0.0000000000000000e+00 9.4444444444424136e-01 7.2222222222158972e-01 0.0000000000000000e+00 9.4444444444424136e-01 6.6666666666588770e-01 0.0000000000000000e+00 5.5555555555675901e-02 6.1111111111232130e-01 0.0000000000000000e+00 5.5555555555638930e-02 5.5555555555709202e-01 0.0000000000000000e+00 1.1111111111131480e-01 6.1111111111216199e-01 0.0000000000000000e+00 1.6666666666697369e-01 6.1111111111206173e-01 0.0000000000000000e+00 1.6666666666689409e-01 5.5555555555677338e-01 0.0000000000000000e+00 2.2222222222258989e-01 6.1111111111190242e-01 0.0000000000000000e+00 2.7777777777824558e-01 6.1111111111180227e-01 0.0000000000000000e+00 2.7777777777812218e-01 5.5555555555645475e-01 0.0000000000000000e+00 3.3333333333385751e-01 6.1111111111164296e-01 0.0000000000000000e+00 3.8888888888951317e-01 6.1111111111154270e-01 0.0000000000000000e+00 3.8888888888934608e-01 5.5555555555613600e-01 0.0000000000000000e+00 4.4444444444512521e-01 6.1111111111138328e-01 0.0000000000000000e+00 5.0000000000062672e-01 6.1111111111128291e-01 0.0000000000000000e+00 5.0000000000046740e-01 5.5555555555581726e-01 0.0000000000000000e+00 5.5555555555613600e-01 6.1111111111112359e-01 0.0000000000000000e+00 6.1111111111148342e-01 6.1111111111102345e-01 0.0000000000000000e+00 6.1111111111138328e-01 5.5555555555549863e-01 0.0000000000000000e+00 6.6666666666689012e-01 6.1111111111086414e-01 0.0000000000000000e+00 7.2222222222223764e-01 6.1111111111076377e-01 0.0000000000000000e+00 7.2222222222219645e-01 5.5555555555517999e-01 0.0000000000000000e+00 7.7777777777764412e-01 6.1111111111060445e-01 0.0000000000000000e+00 8.3333333333304282e-01 6.1111111111050431e-01 0.0000000000000000e+00 8.3333333333305226e-01 5.5555555555486136e-01 0.0000000000000000e+00 8.8888888888849216e-01 6.1111111111034500e-01 0.0000000000000000e+00 9.4444444444425080e-01 6.1111111111024474e-01 0.0000000000000000e+00 9.4444444444425080e-01 5.5555555555454261e-01 0.0000000000000000e+00 5.5555555555638930e-02 5.0000000000161349e-01 0.0000000000000000e+00 5.5555555555601960e-02 4.4444444444612730e-01 0.0000000000000000e+00 1.1111111111124090e-01 5.0000000000144651e-01 0.0000000000000000e+00 1.6666666666685709e-01 5.0000000000128719e-01 0.0000000000000000e+00 1.6666666666677751e-01 4.4444444444579317e-01 0.0000000000000000e+00 2.2222222222243071e-01 5.0000000000112010e-01 0.0000000000000000e+00 2.7777777777804258e-01 5.0000000000096079e-01 0.0000000000000000e+00 2.7777777777791929e-01 4.4444444444545922e-01 0.0000000000000000e+00 3.3333333333361082e-01 5.0000000000079381e-01 0.0000000000000000e+00 3.8888888888922279e-01 5.0000000000063438e-01 0.0000000000000000e+00 3.8888888888905582e-01 4.4444444444512510e-01 0.0000000000000000e+00 4.4444444444479109e-01 5.0000000000046729e-01 0.0000000000000000e+00 5.0000000000030032e-01 5.0000000000030798e-01 0.0000000000000000e+00 5.0000000000014100e-01 4.4444444444479098e-01 0.0000000000000000e+00 5.5555555555581737e-01 5.0000000000014100e-01 0.0000000000000000e+00 6.1111111111122396e-01 4.9999999999998168e-01 0.0000000000000000e+00 6.1111111111112359e-01 4.4444444444445702e-01 0.0000000000000000e+00 6.6666666666668961e-01 4.9999999999981459e-01 0.0000000000000000e+00 7.2222222222209609e-01 4.9999999999965528e-01 0.0000000000000000e+00 7.2222222222205490e-01 4.4444444444412301e-01 0.0000000000000000e+00 7.7777777777756174e-01 4.9999999999948830e-01 0.0000000000000000e+00 8.3333333333301107e-01 4.9999999999932898e-01 0.0000000000000000e+00 8.3333333333302051e-01 4.4444444444378889e-01 0.0000000000000000e+00 8.8888888888851103e-01 4.9999999999916200e-01 0.0000000000000000e+00 9.4444444444426023e-01 4.9999999999900258e-01 0.0000000000000000e+00 9.4444444444426023e-01 4.4444444444345488e-01 0.0000000000000000e+00 5.5555555555601960e-02 3.8888888889034051e-01 0.0000000000000000e+00 5.5555555555565003e-02 3.3333333333459741e-01 0.0000000000000000e+00 1.1111111111116700e-01 3.8888888889021711e-01 0.0000000000000000e+00 1.6666666666674060e-01 3.8888888889005002e-01 0.0000000000000000e+00 1.6666666666666100e-01 3.3333333333435072e-01 0.0000000000000000e+00 2.2222222222227150e-01 3.8888888888992679e-01 0.0000000000000000e+00 2.7777777777783969e-01 3.8888888888975981e-01 0.0000000000000000e+00 2.7777777777771639e-01 3.3333333333410409e-01 0.0000000000000000e+00 3.3333333333336418e-01 3.8888888888963652e-01 0.0000000000000000e+00 3.8888888888893253e-01 3.8888888888946938e-01 0.0000000000000000e+00 3.8888888888876549e-01 3.3333333333385751e-01 0.0000000000000000e+00 4.4444444444445702e-01 3.8888888888934608e-01 0.0000000000000000e+00 4.9999999999997402e-01 3.8888888888917911e-01 0.0000000000000000e+00 4.9999999999981459e-01 3.3333333333361093e-01 0.0000000000000000e+00 5.5555555555549863e-01 3.8888888888905582e-01 0.0000000000000000e+00 6.1111111111096417e-01 3.8888888888888878e-01 0.0000000000000000e+00 6.1111111111086402e-01 3.3333333333336418e-01 0.0000000000000000e+00 6.6666666666648910e-01 3.8888888888876538e-01 0.0000000000000000e+00 7.2222222222195476e-01 3.8888888888859841e-01 0.0000000000000000e+00 7.2222222222191368e-01 3.3333333333311749e-01 0.0000000000000000e+00 7.7777777777747947e-01 3.8888888888847511e-01 0.0000000000000000e+00 8.3333333333297943e-01 3.8888888888830808e-01 0.0000000000000000e+00 8.3333333333298887e-01 3.3333333333287102e-01 0.0000000000000000e+00 8.8888888888852990e-01 3.8888888888818479e-01 0.0000000000000000e+00 9.4444444444426967e-01 3.8888888888801781e-01 0.0000000000000000e+00 9.4444444444426967e-01 3.3333333333262438e-01 0.0000000000000000e+00 5.5555555555565003e-02 2.7777777777881052e-01 0.0000000000000000e+00 5.5555555555528047e-02 2.2222222222306759e-01 0.0000000000000000e+00 1.1111111111109299e-01 2.7777777777873103e-01 0.0000000000000000e+00 1.6666666666662400e-01 2.7777777777860768e-01 0.0000000000000000e+00 1.6666666666654439e-01 2.2222222222290830e-01 0.0000000000000000e+00 2.2222222222211230e-01 2.7777777777852808e-01 0.0000000000000000e+00 2.7777777777763679e-01 2.7777777777840468e-01 0.0000000000000000e+00 2.7777777777751361e-01 2.2222222222274909e-01 0.0000000000000000e+00 3.3333333333311771e-01 2.7777777777832519e-01 0.0000000000000000e+00 3.8888888888864209e-01 2.7777777777820178e-01 0.0000000000000000e+00 3.8888888888847523e-01 2.2222222222258989e-01 0.0000000000000000e+00 4.4444444444412301e-01 2.7777777777812218e-01 0.0000000000000000e+00 4.9999999999964762e-01 2.7777777777799889e-01 0.0000000000000000e+00 4.9999999999948841e-01 2.2222222222243071e-01 0.0000000000000000e+00 5.5555555555517999e-01 2.7777777777791929e-01 0.0000000000000000e+00 6.1111111111070482e-01 2.7777777777779600e-01 0.0000000000000000e+00 6.1111111111060468e-01 2.2222222222227150e-01 0.0000000000000000e+00 6.6666666666628871e-01 2.7777777777771639e-01 0.0000000000000000e+00 7.2222222222181343e-01 2.7777777777759299e-01 0.0000000000000000e+00 7.2222222222177224e-01 2.2222222222211230e-01 0.0000000000000000e+00 7.7777777777739721e-01 2.7777777777751339e-01 0.0000000000000000e+00 8.3333333333294768e-01 2.7777777777739021e-01 0.0000000000000000e+00 8.3333333333295712e-01 2.2222222222195309e-01 0.0000000000000000e+00 8.8888888888854878e-01 2.7777777777731061e-01 0.0000000000000000e+00 9.4444444444427911e-01 2.7777777777718732e-01 0.0000000000000000e+00 9.4444444444427911e-01 2.2222222222179391e-01 0.0000000000000000e+00 5.5555555555528047e-02 1.6666666666728081e-01 0.0000000000000000e+00 5.5555555555491083e-02 1.1111111111153660e-01 0.0000000000000000e+00 1.1111111111101910e-01 1.6666666666724381e-01 0.0000000000000000e+00 1.6666666666650740e-01 1.6666666666716409e-01 0.0000000000000000e+00 1.6666666666642779e-01 1.1111111111146270e-01 0.0000000000000000e+00 2.2222222222195309e-01 1.6666666666712721e-01 0.0000000000000000e+00 2.7777777777743401e-01 1.6666666666704760e-01 0.0000000000000000e+00 2.7777777777731061e-01 1.1111111111138870e-01 0.0000000000000000e+00 3.3333333333287107e-01 1.6666666666701069e-01 0.0000000000000000e+00 3.8888888888835182e-01 1.6666666666693111e-01 0.0000000000000000e+00 3.8888888888818479e-01 1.1111111111131480e-01 0.0000000000000000e+00 4.4444444444378889e-01 1.6666666666689409e-01 0.0000000000000000e+00 4.9999999999932132e-01 1.6666666666681451e-01 0.0000000000000000e+00 4.9999999999916189e-01 1.1111111111124090e-01 0.0000000000000000e+00 5.5555555555486136e-01 1.6666666666677751e-01 0.0000000000000000e+00 6.1111111111044525e-01 1.6666666666669791e-01 0.0000000000000000e+00 6.1111111111034488e-01 1.1111111111116700e-01 0.0000000000000000e+00 6.6666666666608820e-01 1.6666666666666100e-01 0.0000000000000000e+00 7.2222222222167198e-01 1.6666666666658139e-01 0.0000000000000000e+00 7.2222222222163091e-01 1.1111111111109299e-01 0.0000000000000000e+00 7.7777777777731494e-01 1.6666666666654439e-01 0.0000000000000000e+00 8.3333333333291604e-01 1.6666666666646479e-01 0.0000000000000000e+00 8.3333333333292547e-01 1.1111111111101910e-01 0.0000000000000000e+00 8.8888888888856765e-01 1.6666666666642779e-01 0.0000000000000000e+00 9.4444444444428854e-01 1.6666666666634819e-01 0.0000000000000000e+00 9.4444444444428854e-01 1.1111111111094520e-01 0.0000000000000000e+00 5.5555555555491083e-02 5.5555555555749821e-02 0.0000000000000000e+00 1.1111111111094520e-01 5.5555555555749821e-02 0.0000000000000000e+00 1.6666666666639091e-01 5.5555555555712843e-02 0.0000000000000000e+00 2.2222222222179391e-01 5.5555555555712843e-02 0.0000000000000000e+00 2.7777777777723101e-01 5.5555555555675901e-02 0.0000000000000000e+00 3.3333333333262438e-01 5.5555555555675901e-02 0.0000000000000000e+00 3.8888888888806139e-01 5.5555555555638930e-02 0.0000000000000000e+00 4.4444444444345488e-01 5.5555555555638930e-02 0.0000000000000000e+00 4.9999999999899492e-01 5.5555555555601967e-02 0.0000000000000000e+00 5.5555555555454261e-01 5.5555555555601967e-02 0.0000000000000000e+00 6.1111111111018568e-01 5.5555555555565003e-02 0.0000000000000000e+00 6.6666666666588770e-01 5.5555555555565003e-02 0.0000000000000000e+00 7.2222222222153065e-01 5.5555555555528047e-02 0.0000000000000000e+00 7.7777777777723278e-01 5.5555555555528047e-02 0.0000000000000000e+00 8.3333333333288429e-01 5.5555555555491083e-02 0.0000000000000000e+00 8.8888888888858641e-01 5.5555555555491083e-02 0.0000000000000000e+00 9.4444444444429787e-01 5.5555555555454113e-02 0.0000000000000000e+00 1.1111111111149960e-01 1.1111111111111109e+00 0.0000000000000000e+00 2.2222222222298790e-01 1.1111111111111109e+00 0.0000000000000000e+00 3.3333333333447412e-01 1.1111111111111109e+00 0.0000000000000000e+00 4.4444444444596021e-01 1.1111111111111109e+00 0.0000000000000000e+00 5.5555555555693259e-01 1.1111111111111109e+00 0.0000000000000000e+00 6.6666666666739127e-01 1.1111111111111109e+00 0.0000000000000000e+00 7.7777777777784962e-01 1.1111111111111109e+00 0.0000000000000000e+00 8.8888888888844497e-01 1.1111111111111109e+00 0.0000000000000000e+00 1.1111111111142570e-01 1.2222222222222221e+00 0.0000000000000000e+00 2.2222222222282870e-01 1.2222222222222221e+00 0.0000000000000000e+00 3.3333333333422738e-01 1.2222222222222221e+00 0.0000000000000000e+00 4.4444444444562609e-01 1.2222222222222221e+00 0.0000000000000000e+00 5.5555555555661396e-01 1.2222222222222221e+00 0.0000000000000000e+00 6.6666666666719099e-01 1.2222222222222221e+00 0.0000000000000000e+00 7.7777777777776747e-01 1.2222222222222221e+00 0.0000000000000000e+00 8.8888888888846385e-01 1.2222222222222221e+00 0.0000000000000000e+00 1.1111111111135180e-01 1.3333333333333330e+00 0.0000000000000000e+00 2.2222222222266949e-01 1.3333333333333330e+00 0.0000000000000000e+00 3.3333333333398091e-01 1.3333333333333330e+00 0.0000000000000000e+00 4.4444444444529219e-01 1.3333333333333330e+00 0.0000000000000000e+00 5.5555555555629532e-01 1.3333333333333330e+00 0.0000000000000000e+00 6.6666666666699026e-01 1.3333333333333330e+00 0.0000000000000000e+00 7.7777777777768531e-01 1.3333333333333339e+00 0.0000000000000000e+00 8.8888888888848272e-01 1.3333333333333330e+00 0.0000000000000000e+00 1.1111111111127790e-01 1.4444444444444440e+00 0.0000000000000000e+00 2.2222222222251031e-01 1.4444444444444440e+00 0.0000000000000000e+00 3.3333333333373422e-01 1.4444444444444440e+00 0.0000000000000000e+00 4.4444444444495812e-01 1.4444444444444451e+00 0.0000000000000000e+00 5.5555555555597669e-01 1.4444444444444440e+00 0.0000000000000000e+00 6.6666666666678998e-01 1.4444444444444440e+00 0.0000000000000000e+00 7.7777777777760293e-01 1.4444444444444440e+00 0.0000000000000000e+00 8.8888888888850159e-01 1.4444444444444440e+00 0.0000000000000000e+00 1.1111111111120391e-01 1.5555555555555549e+00 0.0000000000000000e+00 2.2222222222235111e-01 1.5555555555555560e+00 0.0000000000000000e+00 3.3333333333348752e-01 1.5555555555555549e+00 0.0000000000000000e+00 4.4444444444462411e-01 1.5555555555555549e+00 0.0000000000000000e+00 5.5555555555565805e-01 1.5555555555555560e+00 0.0000000000000000e+00 6.6666666666658925e-01 1.5555555555555560e+00 0.0000000000000000e+00 7.7777777777752055e-01 1.5555555555555560e+00 0.0000000000000000e+00 8.8888888888852047e-01 1.5555555555555560e+00 0.0000000000000000e+00 1.1111111111113001e-01 1.6666666666666670e+00 0.0000000000000000e+00 2.2222222222219190e-01 1.6666666666666670e+00 0.0000000000000000e+00 3.3333333333324089e-01 1.6666666666666670e+00 0.0000000000000000e+00 4.4444444444428999e-01 1.6666666666666670e+00 0.0000000000000000e+00 5.5555555555533920e-01 1.6666666666666661e+00 0.0000000000000000e+00 6.6666666666638896e-01 1.6666666666666670e+00 0.0000000000000000e+00 7.7777777777743839e-01 1.6666666666666670e+00 0.0000000000000000e+00 8.8888888888853934e-01 1.6666666666666661e+00 0.0000000000000000e+00 1.1111111111105609e-01 1.7777777777777770e+00 0.0000000000000000e+00 2.2222222222203269e-01 1.7777777777777779e+00 0.0000000000000000e+00 3.3333333333299442e-01 1.7777777777777779e+00 0.0000000000000000e+00 4.4444444444395592e-01 1.7777777777777779e+00 0.0000000000000000e+00 5.5555555555502079e-01 1.7777777777777779e+00 0.0000000000000000e+00 6.6666666666618823e-01 1.7777777777777779e+00 0.0000000000000000e+00 7.7777777777735624e-01 1.7777777777777779e+00 0.0000000000000000e+00 8.8888888888855822e-01 1.7777777777777779e+00 0.0000000000000000e+00 1.1111111111098219e-01 1.8888888888888891e+00 0.0000000000000000e+00 2.2222222222187349e-01 1.8888888888888891e+00 0.0000000000000000e+00 3.3333333333274773e-01 1.8888888888888891e+00 0.0000000000000000e+00 4.4444444444362202e-01 1.8888888888888891e+00 0.0000000000000000e+00 5.5555555555470193e-01 1.8888888888888891e+00 0.0000000000000000e+00 6.6666666666598795e-01 1.8888888888888891e+00 0.0000000000000000e+00 7.7777777777727386e-01 1.8888888888888891e+00 0.0000000000000000e+00 8.8888888888857687e-01 1.8888888888888891e+00 0.0000000000000000e+00 5.5555555555786777e-02 1.0555555555555560e+00 0.0000000000000000e+00 5.5555555555749807e-02 1.1111111111111109e+00 0.0000000000000000e+00 1.1111111111153660e-01 1.0555555555555560e+00 0.0000000000000000e+00 1.6666666666732341e-01 1.0555555555555560e+00 0.0000000000000000e+00 1.6666666666724381e-01 1.1111111111111109e+00 0.0000000000000000e+00 2.2222222222306751e-01 1.0555555555555549e+00 0.0000000000000000e+00 2.7777777777885432e-01 1.0555555555555549e+00 0.0000000000000000e+00 2.7777777777873103e-01 1.1111111111111109e+00 0.0000000000000000e+00 3.3333333333459741e-01 1.0555555555555560e+00 0.0000000000000000e+00 3.8888888889038420e-01 1.0555555555555560e+00 0.0000000000000000e+00 3.8888888889021711e-01 1.1111111111111109e+00 0.0000000000000000e+00 4.4444444444612718e-01 1.0555555555555560e+00 0.0000000000000000e+00 5.0000000000160583e-01 1.0555555555555560e+00 0.0000000000000000e+00 5.0000000000144640e-01 1.1111111111111109e+00 0.0000000000000000e+00 5.5555555555709191e-01 1.0555555555555560e+00 0.0000000000000000e+00 6.1111111111226224e-01 1.0555555555555560e+00 0.0000000000000000e+00 6.1111111111216188e-01 1.1111111111111109e+00 0.0000000000000000e+00 6.6666666666749153e-01 1.0555555555555560e+00 0.0000000000000000e+00 7.2222222222266164e-01 1.0555555555555560e+00 0.0000000000000000e+00 7.2222222222262045e-01 1.1111111111111109e+00 0.0000000000000000e+00 7.7777777777789081e-01 1.0555555555555560e+00 0.0000000000000000e+00 8.3333333333313786e-01 1.0555555555555560e+00 0.0000000000000000e+00 8.3333333333314730e-01 1.1111111111111109e+00 0.0000000000000000e+00 8.8888888888843565e-01 1.0555555555555560e+00 0.0000000000000000e+00 9.4444444444422249e-01 1.0555555555555560e+00 0.0000000000000000e+00 9.4444444444422249e-01 1.1111111111111109e+00 0.0000000000000000e+00 5.5555555555749807e-02 1.1666666666666670e+00 0.0000000000000000e+00 5.5555555555712857e-02 1.2222222222222221e+00 0.0000000000000000e+00 1.1111111111146270e-01 1.1666666666666670e+00 0.0000000000000000e+00 1.6666666666720681e-01 1.1666666666666670e+00 0.0000000000000000e+00 1.6666666666712721e-01 1.2222222222222221e+00 0.0000000000000000e+00 2.2222222222290830e-01 1.1666666666666670e+00 0.0000000000000000e+00 2.7777777777865142e-01 1.1666666666666670e+00 0.0000000000000000e+00 2.7777777777852808e-01 1.2222222222222221e+00 0.0000000000000000e+00 3.3333333333435072e-01 1.1666666666666670e+00 0.0000000000000000e+00 3.8888888889009382e-01 1.1666666666666670e+00 0.0000000000000000e+00 3.8888888888992679e-01 1.2222222222222221e+00 0.0000000000000000e+00 4.4444444444579317e-01 1.1666666666666670e+00 0.0000000000000000e+00 5.0000000000127942e-01 1.1666666666666670e+00 0.0000000000000000e+00 5.0000000000111999e-01 1.2222222222222221e+00 0.0000000000000000e+00 5.5555555555677327e-01 1.1666666666666670e+00 0.0000000000000000e+00 6.1111111111200267e-01 1.1666666666666670e+00 0.0000000000000000e+00 6.1111111111190253e-01 1.2222222222222221e+00 0.0000000000000000e+00 6.6666666666729113e-01 1.1666666666666670e+00 0.0000000000000000e+00 7.2222222222252030e-01 1.1666666666666670e+00 0.0000000000000000e+00 7.2222222222247923e-01 1.2222222222222221e+00 0.0000000000000000e+00 7.7777777777780854e-01 1.1666666666666670e+00 0.0000000000000000e+00 8.3333333333310622e-01 1.1666666666666670e+00 0.0000000000000000e+00 8.3333333333311566e-01 1.2222222222222221e+00 0.0000000000000000e+00 8.8888888888845441e-01 1.1666666666666670e+00 0.0000000000000000e+00 9.4444444444423192e-01 1.1666666666666670e+00 0.0000000000000000e+00 9.4444444444423192e-01 1.2222222222222221e+00 0.0000000000000000e+00 5.5555555555712857e-02 1.2777777777777779e+00 0.0000000000000000e+00 5.5555555555675901e-02 1.3333333333333330e+00 0.0000000000000000e+00 1.1111111111138880e-01 1.2777777777777779e+00 0.0000000000000000e+00 1.6666666666709029e-01 1.2777777777777779e+00 0.0000000000000000e+00 1.6666666666701069e-01 1.3333333333333330e+00 0.0000000000000000e+00 2.2222222222274909e-01 1.2777777777777779e+00 0.0000000000000000e+00 2.7777777777844848e-01 1.2777777777777779e+00 0.0000000000000000e+00 2.7777777777832519e-01 1.3333333333333330e+00 0.0000000000000000e+00 3.3333333333410409e-01 1.2777777777777779e+00 0.0000000000000000e+00 3.8888888888980361e-01 1.2777777777777779e+00 0.0000000000000000e+00 3.8888888888963657e-01 1.3333333333333330e+00 0.0000000000000000e+00 4.4444444444545922e-01 1.2777777777777779e+00 0.0000000000000000e+00 5.0000000000095302e-01 1.2777777777777779e+00 0.0000000000000000e+00 5.0000000000079381e-01 1.3333333333333330e+00 0.0000000000000000e+00 5.5555555555645464e-01 1.2777777777777779e+00 0.0000000000000000e+00 6.1111111111174310e-01 1.2777777777777779e+00 0.0000000000000000e+00 6.1111111111164274e-01 1.3333333333333330e+00 0.0000000000000000e+00 6.6666666666709062e-01 1.2777777777777779e+00 0.0000000000000000e+00 7.2222222222237886e-01 1.2777777777777779e+00 0.0000000000000000e+00 7.2222222222233778e-01 1.3333333333333330e+00 0.0000000000000000e+00 7.7777777777772639e-01 1.2777777777777779e+00 0.0000000000000000e+00 8.3333333333307458e-01 1.2777777777777779e+00 0.0000000000000000e+00 8.3333333333308401e-01 1.3333333333333330e+00 0.0000000000000000e+00 8.8888888888847328e-01 1.2777777777777779e+00 0.0000000000000000e+00 9.4444444444424136e-01 1.2777777777777779e+00 0.0000000000000000e+00 9.4444444444424136e-01 1.3333333333333330e+00 0.0000000000000000e+00 5.5555555555675901e-02 1.3888888888888891e+00 0.0000000000000000e+00 5.5555555555638930e-02 1.4444444444444440e+00 0.0000000000000000e+00 1.1111111111131480e-01 1.3888888888888891e+00 0.0000000000000000e+00 1.6666666666697369e-01 1.3888888888888880e+00 0.0000000000000000e+00 1.6666666666689409e-01 1.4444444444444440e+00 0.0000000000000000e+00 2.2222222222258989e-01 1.3888888888888891e+00 0.0000000000000000e+00 2.7777777777824558e-01 1.3888888888888891e+00 0.0000000000000000e+00 2.7777777777812229e-01 1.4444444444444440e+00 0.0000000000000000e+00 3.3333333333385762e-01 1.3888888888888891e+00 0.0000000000000000e+00 3.8888888888951317e-01 1.3888888888888891e+00 0.0000000000000000e+00 3.8888888888934608e-01 1.4444444444444451e+00 0.0000000000000000e+00 4.4444444444512521e-01 1.3888888888888891e+00 0.0000000000000000e+00 5.0000000000062672e-01 1.3888888888888891e+00 0.0000000000000000e+00 5.0000000000046740e-01 1.4444444444444451e+00 0.0000000000000000e+00 5.5555555555613600e-01 1.3888888888888891e+00 0.0000000000000000e+00 6.1111111111148353e-01 1.3888888888888891e+00 0.0000000000000000e+00 6.1111111111138339e-01 1.4444444444444440e+00 0.0000000000000000e+00 6.6666666666689012e-01 1.3888888888888891e+00 0.0000000000000000e+00 7.2222222222223764e-01 1.3888888888888891e+00 0.0000000000000000e+00 7.2222222222219645e-01 1.4444444444444440e+00 0.0000000000000000e+00 7.7777777777764412e-01 1.3888888888888891e+00 0.0000000000000000e+00 8.3333333333304282e-01 1.3888888888888891e+00 0.0000000000000000e+00 8.3333333333305226e-01 1.4444444444444440e+00 0.0000000000000000e+00 8.8888888888849216e-01 1.3888888888888891e+00 0.0000000000000000e+00 9.4444444444425080e-01 1.3888888888888891e+00 0.0000000000000000e+00 9.4444444444425080e-01 1.4444444444444440e+00 0.0000000000000000e+00 5.5555555555638930e-02 1.5000000000000000e+00 0.0000000000000000e+00 5.5555555555601960e-02 1.5555555555555549e+00 0.0000000000000000e+00 1.1111111111124090e-01 1.5000000000000000e+00 0.0000000000000000e+00 1.6666666666685709e-01 1.5000000000000000e+00 0.0000000000000000e+00 1.6666666666677751e-01 1.5555555555555560e+00 0.0000000000000000e+00 2.2222222222243071e-01 1.5000000000000000e+00 0.0000000000000000e+00 2.7777777777804269e-01 1.5000000000000000e+00 0.0000000000000000e+00 2.7777777777791929e-01 1.5555555555555560e+00 0.0000000000000000e+00 3.3333333333361093e-01 1.5000000000000000e+00 0.0000000000000000e+00 3.8888888888922279e-01 1.5000000000000000e+00 0.0000000000000000e+00 3.8888888888905582e-01 1.5555555555555549e+00 0.0000000000000000e+00 4.4444444444479109e-01 1.5000000000000000e+00 0.0000000000000000e+00 5.0000000000030043e-01 1.5000000000000000e+00 0.0000000000000000e+00 5.0000000000014100e-01 1.5555555555555549e+00 0.0000000000000000e+00 5.5555555555581737e-01 1.5000000000000000e+00 0.0000000000000000e+00 6.1111111111122396e-01 1.5000000000000000e+00 0.0000000000000000e+00 6.1111111111112359e-01 1.5555555555555560e+00 0.0000000000000000e+00 6.6666666666668961e-01 1.5000000000000000e+00 0.0000000000000000e+00 7.2222222222209609e-01 1.5000000000000000e+00 0.0000000000000000e+00 7.2222222222205490e-01 1.5555555555555560e+00 0.0000000000000000e+00 7.7777777777756174e-01 1.5000000000000000e+00 0.0000000000000000e+00 8.3333333333301107e-01 1.5000000000000000e+00 0.0000000000000000e+00 8.3333333333302051e-01 1.5555555555555560e+00 0.0000000000000000e+00 8.8888888888851103e-01 1.5000000000000000e+00 0.0000000000000000e+00 9.4444444444426023e-01 1.5000000000000000e+00 0.0000000000000000e+00 9.4444444444426023e-01 1.5555555555555560e+00 0.0000000000000000e+00 5.5555555555601960e-02 1.6111111111111109e+00 0.0000000000000000e+00 5.5555555555565003e-02 1.6666666666666670e+00 0.0000000000000000e+00 1.1111111111116700e-01 1.6111111111111109e+00 0.0000000000000000e+00 1.6666666666674060e-01 1.6111111111111109e+00 0.0000000000000000e+00 1.6666666666666100e-01 1.6666666666666670e+00 0.0000000000000000e+00 2.2222222222227150e-01 1.6111111111111109e+00 0.0000000000000000e+00 2.7777777777783969e-01 1.6111111111111109e+00 0.0000000000000000e+00 2.7777777777771639e-01 1.6666666666666670e+00 0.0000000000000000e+00 3.3333333333336418e-01 1.6111111111111109e+00 0.0000000000000000e+00 3.8888888888893253e-01 1.6111111111111109e+00 0.0000000000000000e+00 3.8888888888876549e-01 1.6666666666666670e+00 0.0000000000000000e+00 4.4444444444445702e-01 1.6111111111111109e+00 0.0000000000000000e+00 4.9999999999997402e-01 1.6111111111111109e+00 0.0000000000000000e+00 4.9999999999981459e-01 1.6666666666666670e+00 0.0000000000000000e+00 5.5555555555549863e-01 1.6111111111111109e+00 0.0000000000000000e+00 6.1111111111096417e-01 1.6111111111111109e+00 0.0000000000000000e+00 6.1111111111086402e-01 1.6666666666666670e+00 0.0000000000000000e+00 6.6666666666648910e-01 1.6111111111111109e+00 0.0000000000000000e+00 7.2222222222195476e-01 1.6111111111111109e+00 0.0000000000000000e+00 7.2222222222191368e-01 1.6666666666666670e+00 0.0000000000000000e+00 7.7777777777747947e-01 1.6111111111111109e+00 0.0000000000000000e+00 8.3333333333297943e-01 1.6111111111111109e+00 0.0000000000000000e+00 8.3333333333298887e-01 1.6666666666666670e+00 0.0000000000000000e+00 8.8888888888852990e-01 1.6111111111111109e+00 0.0000000000000000e+00 9.4444444444426967e-01 1.6111111111111109e+00 0.0000000000000000e+00 9.4444444444426967e-01 1.6666666666666670e+00 0.0000000000000000e+00 5.5555555555565003e-02 1.7222222222222221e+00 0.0000000000000000e+00 5.5555555555528047e-02 1.7777777777777779e+00 0.0000000000000000e+00 1.1111111111109299e-01 1.7222222222222221e+00 0.0000000000000000e+00 1.6666666666662400e-01 1.7222222222222221e+00 0.0000000000000000e+00 1.6666666666654439e-01 1.7777777777777779e+00 0.0000000000000000e+00 2.2222222222211230e-01 1.7222222222222221e+00 0.0000000000000000e+00 2.7777777777763679e-01 1.7222222222222221e+00 0.0000000000000000e+00 2.7777777777751361e-01 1.7777777777777779e+00 0.0000000000000000e+00 3.3333333333311771e-01 1.7222222222222221e+00 0.0000000000000000e+00 3.8888888888864209e-01 1.7222222222222221e+00 0.0000000000000000e+00 3.8888888888847523e-01 1.7777777777777779e+00 0.0000000000000000e+00 4.4444444444412301e-01 1.7222222222222221e+00 0.0000000000000000e+00 4.9999999999964762e-01 1.7222222222222221e+00 0.0000000000000000e+00 4.9999999999948841e-01 1.7777777777777779e+00 0.0000000000000000e+00 5.5555555555517999e-01 1.7222222222222221e+00 0.0000000000000000e+00 6.1111111111070482e-01 1.7222222222222221e+00 0.0000000000000000e+00 6.1111111111060445e-01 1.7777777777777779e+00 0.0000000000000000e+00 6.6666666666628860e-01 1.7222222222222221e+00 0.0000000000000000e+00 7.2222222222181331e-01 1.7222222222222221e+00 0.0000000000000000e+00 7.2222222222177224e-01 1.7777777777777779e+00 0.0000000000000000e+00 7.7777777777739732e-01 1.7222222222222221e+00 0.0000000000000000e+00 8.3333333333294779e-01 1.7222222222222221e+00 0.0000000000000000e+00 8.3333333333295723e-01 1.7777777777777779e+00 0.0000000000000000e+00 8.8888888888854878e-01 1.7222222222222221e+00 0.0000000000000000e+00 9.4444444444427911e-01 1.7222222222222221e+00 0.0000000000000000e+00 9.4444444444427911e-01 1.7777777777777779e+00 0.0000000000000000e+00 5.5555555555528047e-02 1.8333333333333330e+00 0.0000000000000000e+00 5.5555555555491083e-02 1.8888888888888891e+00 0.0000000000000000e+00 1.1111111111101910e-01 1.8333333333333330e+00 0.0000000000000000e+00 1.6666666666650740e-01 1.8333333333333330e+00 0.0000000000000000e+00 1.6666666666642779e-01 1.8888888888888891e+00 0.0000000000000000e+00 2.2222222222195309e-01 1.8333333333333330e+00 0.0000000000000000e+00 2.7777777777743401e-01 1.8333333333333330e+00 0.0000000000000000e+00 2.7777777777731061e-01 1.8888888888888891e+00 0.0000000000000000e+00 3.3333333333287102e-01 1.8333333333333330e+00 0.0000000000000000e+00 3.8888888888835182e-01 1.8333333333333330e+00 0.0000000000000000e+00 3.8888888888818479e-01 1.8888888888888891e+00 0.0000000000000000e+00 4.4444444444378889e-01 1.8333333333333330e+00 0.0000000000000000e+00 4.9999999999932138e-01 1.8333333333333330e+00 0.0000000000000000e+00 4.9999999999916189e-01 1.8888888888888891e+00 0.0000000000000000e+00 5.5555555555486136e-01 1.8333333333333330e+00 0.0000000000000000e+00 6.1111111111044503e-01 1.8333333333333330e+00 0.0000000000000000e+00 6.1111111111034488e-01 1.8888888888888891e+00 0.0000000000000000e+00 6.6666666666608809e-01 1.8333333333333330e+00 0.0000000000000000e+00 7.2222222222167209e-01 1.8333333333333330e+00 0.0000000000000000e+00 7.2222222222163091e-01 1.8888888888888891e+00 0.0000000000000000e+00 7.7777777777731505e-01 1.8333333333333330e+00 0.0000000000000000e+00 8.3333333333291604e-01 1.8333333333333330e+00 0.0000000000000000e+00 8.3333333333292536e-01 1.8888888888888891e+00 0.0000000000000000e+00 8.8888888888856754e-01 1.8333333333333330e+00 0.0000000000000000e+00 9.4444444444428843e-01 1.8333333333333330e+00 0.0000000000000000e+00 9.4444444444428843e-01 1.8888888888888891e+00 0.0000000000000000e+00 5.5555555555491083e-02 1.9444444444444440e+00 0.0000000000000000e+00 1.1111111111094520e-01 1.9444444444444440e+00 0.0000000000000000e+00 1.6666666666639091e-01 1.9444444444444440e+00 0.0000000000000000e+00 2.2222222222179391e-01 1.9444444444444440e+00 0.0000000000000000e+00 2.7777777777723101e-01 1.9444444444444440e+00 0.0000000000000000e+00 3.3333333333262438e-01 1.9444444444444440e+00 0.0000000000000000e+00 3.8888888888806150e-01 1.9444444444444440e+00 0.0000000000000000e+00 4.4444444444345488e-01 1.9444444444444440e+00 0.0000000000000000e+00 4.9999999999899492e-01 1.9444444444444440e+00 0.0000000000000000e+00 5.5555555555454261e-01 1.9444444444444440e+00 0.0000000000000000e+00 6.1111111111018568e-01 1.9444444444444440e+00 0.0000000000000000e+00 6.6666666666588770e-01 1.9444444444444440e+00 0.0000000000000000e+00 7.2222222222153065e-01 1.9444444444444451e+00 0.0000000000000000e+00 7.7777777777723278e-01 1.9444444444444451e+00 0.0000000000000000e+00 8.3333333333288429e-01 1.9444444444444440e+00 0.0000000000000000e+00 8.8888888888858641e-01 1.9444444444444440e+00 0.0000000000000000e+00 9.4444444444429787e-01 1.9444444444444440e+00 0.0000000000000000e+00
</DataArray>
      </Points>
      <Cells>
        <DataArray type="Int64" format="ascii" Name="connectivity">
5 57 47 65 189 56 47 57 125 189 190 191 47 125 46 191 192 55 46 125 126 192 193 194 46 126 45 194 195 54 45 126 127 195 196 197 45 127 44 197 198 53 44 127 128 198 199 200 44 128 43 200 201 52 43 128 129 201 202 203 43 129 42 203 204 51 42 129 130 204 205 206 42 130 41 206 207 50 41 130 131 207 208 209 41 131 40 209 210 49 40 131 132 210 211 212 40 132 4 212 213 48 4 132 30 213 214 39 57 58 125 66 215 190 125 58 133 215 216 217 125 133 126 217 218 193 126 133 134 218 219 220 126 134 127 220 221 196 127 134 135 221 222 223 127 135 128 223 224 199 128 135 136 224 225 226 128 136 129 226 227 202 129 136 137 227 228 229 129 137 130 229 230 205 130 137 138 230 231 232 130 138 131 232 233 208 131 138 139 233 234 235 131 139 132 235 236 211 132 139 140 236 237 238 132 140 30 238 239 214 30 140 29 239 240 38 58 59 133 67 241 216 133 59 141 241 242 243 133 141 134 243 244 219 134 141 142 244 245 246 134 142 135 246 247 222 135 142 143 247 248 249 135 143 136 249 250 225 136 143 144 250 251 252 136 144 137 252 253 228 137 144 145 253 254 255 137 145 138 255 256 231 138 145 146 256 257 258 138 146 139 258 259 234 139 146 147 259 260 261 139 147 140 261 262 237 140 147 148 262 263 264 140 148 29 264 265 240 29 148 28 265 266 37 59 60 141 68 267 242 141 60 149 267 268 269 141 149 142 269 270 245 142 149 150 270 271 272 142 150 143 272 273 248 143 150 151 273 274 275 143 151 144 275 276 251 144 151 152 276 277 278 144 152 145 278 279 254 145 152 153 279 280 281 145 153 146 281 282 257 146 153 154 282 283 284 146 154 147 284 285 260 147 154 155 285 286 287 147 155 148 287 288 263 148 155 156 288 289 290 148 156 28 290 291 266 28 156 27 291 292 36 60 61 149 69 293 268 149 61 157 293 294 295 149 157 150 295 296 271 150 157 158 296 297 298 150 158 151 298 299 274 151 158 159 299 300 301 151 159 152 301 302 277 152 159 160 302 303 304 152 160 153 304 305 280 153 160 161 305 306 307 153 161 154 307 308 283 154 161 162 308 309 310 154 162 155 310 311 286 155 162 163 311 312 313 155 163 156 313 314 289 156 163 164 314 315 316 156 164 27 316 317 292 27 164 26 317 318 35 61 62 157 70 319 294 157 62 165 319 320 321 157 165 158 321 322 297 158 165 166 322 323 324 158 166 159 324 325 300 159 166 167 325 326 327 159 167 160 327 328 303 160 167 168 328 329 330 160 168 161 330 331 306 161 168 169 331 332 333 161 169 162 333 334 309 162 169 170 334 335 336 162 170 163 336 337 312 163 170 171 337 338 339 163 171 164 339 340 315 164 171 172 340 341 342 164 172 26 342 343 318 26 172 25 343 344 34 62 63 165 71 345 320 165 63 173 345 346 347 165 173 166 347 348 323 166 173 174 348 349 350 166 174 167 350 351 326 167 174 175 351 352 353 167 175 168 353 354 329 168 175 176 354 355 356 168 176 169 356 357 332 169 176 177 357 358 359 169 177 170 359 360 335 170 177 178 360 361 362 170 178 171 362 363 338 171 178 179 363 364 365 171 179 172 365 366 341 172 179 180 366 367 368 172 180 25 368 369 344 25 180 24 369 370 33 63 64 173 72 371 346 173 64 181 371 372 373 173 181 174 373 374 349 174 181 182 374 375 376 174 182 175 376 377 352 175 182 183 377 378 379 175 183 176 379 380 355 176 183 184 380 381 382 176 184 177 382 383 358 177 184 185 383 384 385 177 185 178 385 386 361 178 185 186 386 387 388 178 186 179 388 389 364 179 186 187 389 390 391 179 187 180 391 392 367 180 187 188 392 393 394 180 188 24 394 395 370 24 188 23 395 396 32 64 0 181 73 397 372 181 0 6 397 14 398 181 6 182 398 399 375 182 6 7 399 15 400 182 7 183 400 401 378 183 7 8 401 16 402 183 8 184 402 403 381 184 8 9 403 17 404 184 9 185 404 405 384 185 9 10 405 18 406 185 10 186 406 407 387 186 10 11 407 19 408 186 11 187 408 409 390 187 11 12 409 20 410 187 12 188 410 411 393 188 12 13 411 21 412 188 13 23 412 413 396 23 13 1 413 22 31 5 47 74 56 478 82 47 414 74 480 479 478 47 46 414 55 481 480 46 415 414 483 482 481 46 45 415 54 484 483 45 416 415 486 485 484 45 44 416 53 487 486 44 417 416 489 488 487 44 43 417 52 490 489 43 418 417 492 491 490 43 42 418 51 493 492 42 419 418 495 494 493 42 41 419 50 496 495 41 420 419 498 497 496 41 40 420 49 499 498 40 421 420 501 500 499 40 4 421 48 502 501 4 115 421 124 503 502 74 414 75 479 504 83 414 422 75 506 505 504 414 415 422 482 507 506 415 423 422 509 508 507 415 416 423 485 510 509 416 424 423 512 511 510 416 417 424 488 513 512 417 425 424 515 514 513 417 418 425 491 516 515 418 426 425 518 517 516 418 419 426 494 519 518 419 427 426 521 520 519 419 420 427 497 522 521 420 428 427 524 523 522 420 421 428 500 525 524 421 429 428 527 526 525 421 115 429 503 528 527 115 114 429 123 529 528 75 422 76 505 530 84 422 430 76 532 531 530 422 423 430 508 533 532 423 431 430 535 534 533 423 424 431 511 536 535 424 432 431 538 537 536 424 425 432 514 539 538 425 433 432 541 540 539 425 426 433 517 542 541 426 434 433 544 543 542 426 427 434 520 545 544 427 435 434 547 546 545 427 428 435 523 548 547 428 436 435 550 549 548 428 429 436 526 551 550 429 437 436 553 552 551 429 114 437 529 554 553 114 113 437 122 555 554 76 430 77 531 556 85 430 438 77 558 557 556 430 431 438 534 559 558 431 439 438 561 560 559 431 432 439 537 562 561 432 440 439 564 563 562 432 433 440 540 565 564 433 441 440 567 566 565 433 434 441 543 568 567 434 442 441 570 569 568 434 435 442 546 571 570 435 443 442 573 572 571 435 436 443 549 574 573 436 444 443 576 575 574 436 437 444 552 577 576 437 445 444 579 578 577 437 113 445 555 580 579 113 112 445 121 581 580 77 438 78 557 582 86 438 446 78 584 583 582 438 439 446 560 585 584 439 447 446 587 586 585 439 440 447 563 588 587 440 448 447 590 589 588 440 441 448 566 591 590 441 449 448 593 592 591 441 442 449 569 594 593 442 450 449 596 595 594 442 443 450 572 597 596 443 451 450 599 598 597 443 444 451 575 600 599 444 452 451 602 601 600 444 445 452 578 603 602 445 453 452 605 604 603 445 112 453 581 606 605 112 111 453 120 607 606 78 446 79 583 608 87 446 454 79 610 609 608 446 447 454 586 611 610 447 455 454 613 612 611 447 448 455 589 614 613 448 456 455 616 615 614 448 449 456 592 617 616 449 457 456 619 618 617 449 450 457 595 620 619 450 458 457 622 621 620 450 451 458 598 623 622 451 459 458 625 624 623 451 452 459 601 626 625 452 460 459 628 627 626 452 453 460 604 629 628 453 461 460 631 630 629 453 111 461 607 632 631 111 110 461 119 633 632 79 454 80 609 634 88 454 462 80 636 635 634 454 455 462 612 637 636 455 463 462 639 638 637 455 456 463 615 640 639 456 464 463 642 641 640 456 457 464 618 643 642 457 465 464 645 644 643 457 458 465 621 646 645 458 466 465 648 647 646 458 459 466 624 649 648 459 467 466 651 650 649 459 460 467 627 652 651 460 468 467 654 653 652 460 461 468 630 655 654 461 469 468 657 656 655 461 110 469 633 658 657 110 109 469 118 659 658 80 462 81 635 660 89 462 470 81 662 661 660 462 463 470 638 663 662 463 471 470 665 664 663 463 464 471 641 666 665 464 472 471 668 667 666 464 465 472 644 669 668 465 473 472 671 670 669 465 466 473 647 672 671 466 474 473 674 673 672 466 467 474 650 675 674 467 475 474 677 676 675 467 468 475 653 678 677 468 476 475 680 679 678 468 469 476 656 681 680 469 477 476 683 682 681 469 109 477 659 684 683 109 108 477 117 685 684 81 470 3 661 686 90 470 91 3 687 99 686 470 471 91 664 688 687 471 92 91 689 100 688 471 472 92 667 690 689 472 93 92 691 101 690 472 473 93 670 692 691 473 94 93 693 102 692 473 474 94 673 694 693 474 95 94 695 103 694 474 475 95 676 696 695 475 96 95 697 104 696 475 476 96 679 698 697 476 97 96 699 105 698 476 477 97 682 700 699 477 98 97 701 106 700 477 108 98 685 702 701 108 2 98 116 107 702
</DataArray>
        <DataArray type="Int64" format="ascii" Name="offsets">
6 12 18 24 30 36 42 48 54 60 66 72 78 84 90 96 102 108 114 120 126 132 138 144 150 156 162 168 174 180 186 192 198 204 210 216 222 228 234 240 246 252 258 264 270 276 282 288 294 300 306 312 318 324 330 336 342 348 354 360 366 372 378 384 390 396 402 408 414 420 426 432 438 444 450 456 462 468 474 480 486 492 498 504 510 516 522 528 534 540 546 552 558 564 570 576 582 588 594 600 606 612 618 624 630 636 642 648 654 660 666 672 678 684 690 696 702 708 714 720 726 732 738 744 750 756 762 768 774 780 786 792 798 804 810 816 822 828 834 840 846 852 858 864 870 876 882 888 894 900 906 912 918 924 930 936 942 948 954 960 966 972 978 984 990 996 1002 1008 1014 1020 1026 1032 1038 1044 1050 1056 1062 1068 1074 1080 1086 1092 1098 1104 1110 1116 1122 1128 1134 1140 1146 1152 1158 1164 1170 1176 1182 1188 1194 1200 1206 1212 1218 1224 1230 1236 1242 1248 1254 1260 1266 1272 1278 1284 1290 1296 1302 1308 1314 1320 1326 1332 1338 1344 1350 1356 1362 1368 1374 1380 1386 1392 1398 1404 1410 1416 1422 1428 1434 1440 1446 1452 1458 1464 1470 1476 1482 1488 1494 1500 1506 1512 1518 1524 1530 1536 1542 1548 1554 1560 1566 1572 1578 1584 1590 1596 1602 1608 1614 1620 1626 1632 1638 1644 1650 1656 1662 1668 1674 1680 1686 1692 1698 1704 1710 1716 1722 1728 1734 1740 1746 1752 1758 1764 1770 1776 1782 1788 1794 1800 1806 1812 1818 1824 1830 1836 1842 1848 1854 1860 1866 1872 1878 1884 1890 1896 1902 1908 1914 1920 1926 1932 1938 1944
</DataArray>
        <DataArray type="UInt8" format="ascii" Name="types">
22 22 22 22 22 22 22 22 22 22 22 22 22 22 22 22 22 22 22 22 22 22 22 22 22 22 22 22 22 22 22 22 22 22 22 22 22 22 22 22 22 22 22 22 22 22 22 22 22 22 22 22 22 22 22 22 22 22 22 22 22 22 22 22 22 22 22 22 22 22 22 22 22 22 22 22 22 22 22 22 22 22 22 22 22 22 22 22 22 22 22 22 22 22 22 22 22 22 22 22 22 22 22 22 22 22 22 22 22 22 22 22 22 22 22 22 22 22 22 22 22 22 22 22 22 22 22 22 22 22 22 22 22 22 22 22 22 22 22 22 22 22 22 22 22 22 22 22 22 22 22 22 22 22 22 22 22 22 22 22 22 22 22 22 22 22 22 22 22 22 22 22 22 22 22 22 22 22 22 22 22 22 22 22 22 22 22 22 22 22 22 22 22 22 22 22 22 22 22 22 22 22 22 22 22 22 22 22 22 22 22 22 22 22 22 22 22 22 22 22 22 22 22 22 22 22 22 22 22 22 22 22 22 22 22 22 22 22 22 22 22 22 22 22 22 22 22 22 22 22 22 22 22 22 22 22 22 22 22 22 22 22 22 22 22 22 22 22 22 22 22 22 22 22 22 22 22 22 22 22 22 22 22 22 22 22 22 22 22 22 22 22 22 22 22 22 22 22 22 22 22 22 22 22 22 22 22 22 22 22 22 22 22 22 22 22 22 22 22 22 22 22 22 22
</DataArray>
      </Cells>
    </Piece>
  </UnstructuredGrid>
</VTKFile>