<?xml version='1.0' encoding='utf-8'?>
<VTKFile type="UnstructuredGrid" version="0.1" byte_order="LittleEndian">
  <UnstructuredGrid>
    <Piece NumberOfPoints="703" NumberOfCells="324">
      <PointData Vectors="U">
        <DataArray type="Float64" format="ascii" Name="U" NumberOfComponents="3">
-4.3328770941409289e-15 -4.5317620899839292e-14 0.0000000000000000e+00 5.7797197850515140e-14 4.2740956750611382e-14 0.0000000000000000e+00 -3.3151823317430357e-02 1.5475202469657467e-01 0.0000000000000000e+00 3.3029215304909668e-02 1.5461212588289744e-01 0.0000000000000000e+00 -1.4357876668865097e-02 4.7141192844489352e-02 0.0000000000000000e+00 1.4721688441060242e-02 4.7400627707190598e-02 0.0000000000000000e+00 1.0558391389594437e-15 3.1994395518912702e-15 0.0000000000000000e+00 4.0954726517013787e-15 -4.0480858033582320e-15 0.0000000000000000e+00 -1.1695797191181672e-14 -2.3059888656937653e-15 0.0000000000000000e+00 -8.0595815055317187e-15 2.8622575622454855e-14 0.0000000000000000e+00 -1.3119988263101261e-14 -8.2420496795932802e-16 0.0000000000000000e+00 -1.8387300040329029e-14 -8.2056565068752604e-15 0.0000000000000000e+00 -2.4594452058835574e-14 -6.5329115740049691e-15 0.0000000000000000e+00 1.3157404832712466e-13 7.8164915736099802e-14 0.0000000000000000e+00 -1.5534777600467004e-13 1.4943804428901396e-14 0.0000000000000000e+00 2.6213020069019758e-13 2.3340656001750366e-14 0.0000000000000000e+00 -3.5091725555481023e-14 7.5053343880342702e-13 0.0000000000000000e+00 2.9608384785847141e-14 -1.2581429547629317e-13 0.0000000000000000e+00 1.4497963457926905e-12 -8.2200360376912216e-14 0.0000000000000000e+00 -3.5262148339171789e-16 -1.7864312865421737e-13 0.0000000000000000e+00 -3.8028784582652510e-13 -3.6464537683594107e-13 0.0000000000000000e+00 -1.8894510657451273e-14 -1.1962708855508109e-14 0.0000000000000000e+00 1.5734854995529741e-13 9.6042222129360899e-13 0.0000000000000000e+00 -4.9847089075668663e-03 6.1957256626109592e-03 0.0000000000000000e+00 -7.1552309776805826e-03 1.0720241324175666e-02 0.0000000000000000e+00 -8.2788729180337077e-03 1.5151829160955303e-02 0.0000000000000000e+00 -8.8807132475769886e-03 1.9756975894148730e-02 0.0000000000000000e+00 -9.2424610454603356e-03 2.4597344945855745e-02 0.0000000000000000e+00 -9.5782451393995049e-03 2.9709481173797254e-02 0.0000000000000000e+00 -1.0116639072923898e-02 3.5138438812699679e-02 0.0000000000000000e+00 -1.1240812297232481e-02 4.0974923565804344e-02 0.0000000000000000e+00 -3.0216930390536256e-03 3.2607284901417489e-03 0.0000000000000000e+00 -6.2090474440669339e-03 8.5088138601557874e-03 0.0000000000000000e+00 -7.7977772547447319e-03 1.2931772364203670e-02 0.0000000000000000e+00 -8.6258884104226333e-03 1.7434145208954425e-02 0.0000000000000000e+00 -9.0816570389766291e-03 2.2150127932795256e-02 0.0000000000000000e+00 -9.4064907884873934e-03 2.7122018275430555e-02 0.0000000000000000e+00 -9.8150545923113442e-03 3.2387513814598659e-02 0.0000000000000000e+00 -1.0590767627510520e-02 3.8012459476224295e-02 0.0000000000000000e+00 -1.2384269580436778e-02 4.4086402644762095e-02 0.0000000000000000e+00 -1.1044373026534842e-02 4.4388480843002107e-02 0.0000000000000000e+00 -7.8444601550562831e-03 4.3224086619826602e-02 0.0000000000000000e+00 -4.6848800890742330e-03 4.2574309964836736e-02 0.0000000000000000e+00 -1.5158123584527649e-03 4.2269414499154806e-02 0.0000000000000000e+00 1.6606807716012186e-03 4.2275004789630699e-02 0.0000000000000000e+00 4.8339164578367518e-03 4.2592349143249914e-02 0.0000000000000000e+00 7.9948028154669878e-03 4.3263455098445557e-02 0.0000000000000000e+00 1.1224621109219205e-02 4.4429202706253827e-02 0.0000000000000000e+00 -1.2697973713345617e-02 4.5487232513456502e-02 0.0000000000000000e+00 -9.4378850229735346e-03 4.3739933006224301e-02 0.0000000000000000e+00 -6.2658635921709555e-03 4.2856946794278254e-02 0.0000000000000000e+00 -3.1018272796505143e-03 4.2381146709606542e-02 0.0000000000000000e+00 7.2151573042818147e-05 4.2229898476112450e-02 0.0000000000000000e+00 3.2471641371806695e-03 4.2385194662518888e-02 0.0000000000000000e+00 6.4108213920412611e-03 4.2864415564722938e-02 0.0000000000000000e+00 9.5861922006268904e-03 4.3746888596098828e-02 0.0000000000000000e+00 1.2894397896653587e-02 4.5537615588964228e-02 0.0000000000000000e+00 1.1386487113013927e-02 4.1078894827647768e-02 0.0000000000000000e+00 1.0244130093759565e-02 3.5210417902394542e-02 0.0000000000000000e+00 9.6914523026648929e-03 2.9768487329829979e-02 0.0000000000000000e+00 9.3431903910826432e-03 2.4652053719577707e-02 0.0000000000000000e+00 8.9699293794515134e-03 1.9809388910427553e-02 0.0000000000000000e+00 8.3566342543533231e-03 1.5201488910216573e-02 0.0000000000000000e+00 7.2183665702881608e-03 1.0765473070858579e-02 0.0000000000000000e+00 5.0315349031575573e-03 6.2740959208777312e-03 0.0000000000000000e+00 1.2578159526663784e-02 4.4141403397434650e-02 0.0000000000000000e+00 1.0706380654797145e-02 3.8103308714178399e-02 0.0000000000000000e+00 9.9186394692500381e-03 3.2452712980297789e-02 0.0000000000000000e+00 9.5010029994410192e-03 2.7178083415738026e-02 0.0000000000000000e+00 9.1661311979253889e-03 2.2202573303990541e-02 0.0000000000000000e+00 8.7004141315243210e-03 1.7482886716961892e-02 0.0000000000000000e+00 7.8658826145243648e-03 1.2973462424466432e-02 0.0000000000000000e+00 6.2972041214647114e-03 8.5584945729739008e-03 0.0000000000000000e+00 3.2680411198516171e-03 3.5706361537475978e-03 0.0000000000000000e+00 2.1198366122889622e-02 5.9168276254841085e-02 0.0000000000000000e+00 2.4910312232896813e-02 7.0162785068565214e-02 0.0000000000000000e+00 2.7541691223217302e-02 8.1166303112034335e-02 0.0000000000000000e+00 2.9510497213709665e-02 9.2440587601623950e-02 0.0000000000000000e+00 3.0931979706772986e-02 1.0409032675414735e-01 0.0000000000000000e+00 3.1886835084350730e-02 1.1616628909256245e-01 0.0000000000000000e+00 3.2475863042546481e-02 1.2866306734058772e-01 0.0000000000000000e+00 3.2819596487351194e-02 1.4151545610053817e-01 0.0000000000000000e+00 1.8396549027003991e-02 5.3115651052651709e-02 0.0000000000000000e+00 2.3140941919177271e-02 6.4728338001217800e-02 0.0000000000000000e+00 2.6317139314682336e-02 7.5658570512277770e-02 0.0000000000000000e+00 2.8607507901809832e-02 8.6767689611282589e-02 0.0000000000000000e+00 3.0290791260483205e-02 9.8216883636956506e-02 0.0000000000000000e+00 3.1466845581764942e-02 1.1007542866020709e-01 0.0000000000000000e+00 3.2224419396599119e-02 1.2236522730090224e-01 0.0000000000000000e+00 3.2674651281199639e-02 1.3505031803073939e-01 0.0000000000000000e+00 3.2937369718256559e-02 1.4803971971331359e-01 0.0000000000000000e+00 2.5843805865760735e-02 1.5447479847909021e-01 0.0000000000000000e+00 1.8554946026486312e-02 1.5442644652132068e-01 0.0000000000000000e+00 1.1163516140721424e-02 1.5443910977437902e-01 0.0000000000000000e+00 3.7019212784717764e-03 1.5446600835668275e-01 0.0000000000000000e+00 -3.7867733384747710e-03 1.5447506676444447e-01 0.0000000000000000e+00 -1.1254723158133931e-02 1.5446906827303228e-01 0.0000000000000000e+00 -1.8654147925566765e-02 1.5448396490507796e-01 0.0000000000000000e+00 -2.5951546473588490e-02 1.5456762882791336e-01 0.0000000000000000e+00 2.9448886819344568e-02 1.5453436478568919e-01 0.0000000000000000e+00 2.2213927634978099e-02 1.5444265243041480e-01 0.0000000000000000e+00 1.4870157091991522e-02 1.5442996952682245e-01 0.0000000000000000e+00 7.4378396057070998e-03 1.5445364254267449e-01 0.0000000000000000e+00 -4.3825952284932734e-05 1.5447126290983251e-01 0.0000000000000000e+00 -7.5286233772588135e-03 1.5446825238448697e-01 0.0000000000000000e+00 -1.4967292845346010e-02 1.5446665930878870e-01 0.0000000000000000e+00 -2.2317020255690906e-02 1.5451170855404484e-01 0.0000000000000000e+00 -2.9560916916565712e-02 1.5464541149719496e-01 0.0000000000000000e+00 -3.2889327259036982e-02 1.4164546871915165e-01 0.0000000000000000e+00 -3.2509849638241550e-02 1.2878826477679278e-01 0.0000000000000000e+00 -3.1892716073652363e-02 1.1628561916857846e-01 0.0000000000000000e+00 -3.0915833489909898e-02 1.0420137078821576e-01 0.0000000000000000e+00 -2.9475264833609544e-02 9.2540166568462978e-02 0.0000000000000000e+00 -2.7490030016976291e-02 8.1244347434226122e-02 0.0000000000000000e+00 -2.4858495844852092e-02 7.0215078958015931e-02 0.0000000000000000e+00 -2.1207213517204945e-02 5.9338280005610790e-02 0.0000000000000000e+00 -3.3024280237939130e-02 1.4817799918158250e-01 0.0000000000000000e+00 -3.2713960344665456e-02 1.3518281383681141e-01 0.0000000000000000e+00 -3.2230665444555905e-02 1.2249140361733826e-01 0.0000000000000000e+00 -3.1450117287095528e-02 1.1019192276784247e-01 0.0000000000000000e+00 -3.0255647268175295e-02 9.8320646198239423e-02 0.0000000000000000e+00 -2.8553591569755798e-02 8.6851037912318976e-02 0.0000000000000000e+00 -2.6257600335716610e-02 7.5701801472930555e-02 0.0000000000000000e+00 -2.3175853642240517e-02 6.4770692766231736e-02 0.0000000000000000e+00 -1.8660456652177086e-02 5.3661562143434864e-02 0.0000000000000000e+00 9.0472066199830253e-03 3.9256624202761908e-02 0.0000000000000000e+00 6.6483539883810611e-03 3.8089323477231644e-02 0.0000000000000000e+00 4.0769995854361731e-03 3.7409322009932217e-02 0.0000000000000000e+00 1.4140737969924866e-03 3.7083530911551983e-02 0.0000000000000000e+00 -1.2775797655981730e-03 3.7080653972322471e-02 0.0000000000000000e+00 -3.9399092022571035e-03 3.7400596470303034e-02 0.0000000000000000e+00 -6.5073924188604913e-03 3.8076407671238599e-02 0.0000000000000000e+00 -8.9010363843924564e-03 3.9230783619958791e-02 0.0000000000000000e+00 7.9607842137730585e-03 3.4176953469138363e-02 0.0000000000000000e+00 5.7875390249268240e-03 3.3158418169461634e-02 0.0000000000000000e+00 3.5474308394821117e-03 3.2463367894664759e-02 0.0000000000000000e+00 1.2332602445329225e-03 3.2116191808526082e-02 0.0000000000000000e+00 -1.1082837963767927e-03 3.2112484830156961e-02 0.0000000000000000e+00 -3.4226066801158368e-03 3.2451555925212976e-02 0.0000000000000000e+00 -5.6645810128433437e-03 3.3136079995406874e-02 0.0000000000000000e+00 -7.8496968312287453e-03 3.4138521090605070e-02 0.0000000000000000e+00 7.4802038519543390e-03 2.9100304869348680e-02 0.0000000000000000e+00 5.3575278957626211e-03 2.8261959272255933e-02 0.0000000000000000e+00 3.2488865857825521e-03 2.7603876671619523e-02 0.0000000000000000e+00 1.1234050669498110e-03 2.7255058664835879e-02 0.0000000000000000e+00 -1.0115367618075679e-03 2.7250322737493071e-02 0.0000000000000000e+00 -3.1385592679278721e-03 2.7589073554937428e-02 0.0000000000000000e+00 -5.2516973599875732e-03 2.8235564222353189e-02 0.0000000000000000e+00 -7.3794645951000201e-03 2.9058986267161670e-02 0.0000000000000000e+00 7.2108008604957587e-03 2.4094559771251814e-02 0.0000000000000000e+00 5.1189149022218333e-03 2.3354650068265342e-02 0.0000000000000000e+00 3.0711857257282368e-03 2.2746068785371193e-02 0.0000000000000000e+00 1.0531700886533852e-03 2.2415271317274797e-02 0.0000000000000000e+00 -9.5491915674410645e-04 2.2410045020975818e-02 0.0000000000000000e+00 -2.9745036888227717e-03 2.2729918868311438e-02 0.0000000000000000e+00 -5.0257338358609804e-03 2.3326336338042951e-02 0.0000000000000000e+00 -7.1196316561243445e-03 2.4052736262486930e-02 0.0000000000000000e+00 6.9069588424454298e-03 1.9172482537654995e-02 0.0000000000000000e+00 4.8544675149267413e-03 1.8440034652638854e-02 0.0000000000000000e+00 2.8780353301427345e-03 1.7875024615270182e-02 0.0000000000000000e+00 9.7749686579455260e-04 1.7576716411198144e-02 0.0000000000000000e+00 -8.9307509171259760e-04 1.7571443303323511e-02 0.0000000000000000e+00 -2.7937287717526601e-03 1.7858719129480147e-02 0.0000000000000000e+00 -4.7716970432446189e-03 1.8411251011733746e-02 0.0000000000000000e+00 -6.8264421174374732e-03 1.9130706005400462e-02 0.0000000000000000e+00 6.3421051902486959e-03 1.4304946364637704e-02 0.0000000000000000e+00 4.3618891315461653e-03 1.3533224598896575e-02 0.0000000000000000e+00 2.5372625771992743e-03 1.3032586862306112e-02 0.0000000000000000e+00 8.5135188285066700e-04 1.2789158028559117e-02 0.0000000000000000e+00 -7.8232965101283089e-04 1.2784212151563688e-02 0.0000000000000000e+00 -2.4653504374386312e-03 1.3017148885544462e-02 0.0000000000000000e+00 -4.2867416504429887e-03 1.3505540075130110e-02 0.0000000000000000e+00 -6.2709277408675062e-03 1.4263322219470707e-02 0.0000000000000000e+00 5.2233705932085732e-03 9.4217894075433063e-03 0.0000000000000000e+00 3.4280710559985534e-03 8.6862581400432674e-03 0.0000000000000000e+00 1.9358243584752970e-03 8.3235442040000083e-03 0.0000000000000000e+00 6.4019690773522097e-04 8.1666001018927351e-03 0.0000000000000000e+00 -5.9052619672100241e-04 8.1625140581059099e-03 0.0000000000000000e+00 -1.8801082021043807e-03 8.3101766209581727e-03 0.0000000000000000e+00 -3.3583067887004818e-03 8.6611669390945691e-03 0.0000000000000000e+00 -5.1500491799645635e-03 9.3832048697859976e-03 0.0000000000000000e+00 3.1566629812251447e-03 4.5087034878354589e-03 0.0000000000000000e+00 1.8951837347924946e-03 4.0695548508603019e-03 0.0000000000000000e+00 1.0417847173377476e-03 3.9193473200628895e-03 0.0000000000000000e+00 3.4119456977435591e-04 3.8612000963282149e-03 0.0000000000000000e+00 -3.1556689094663952e-04 3.8591162477810874e-03 0.0000000000000000e+00 -1.0122249130035403e-03 3.9119998850773788e-03 0.0000000000000000e+00 -1.8504506466050490e-03 4.0525068747623016e-03 0.0000000000000000e+00 -3.0260153859619225e-03 4.4520666862049056e-03 0.0000000000000000e+00 1.1265404086204849e-02 4.2776458373948736e-02 0.0000000000000000e+00 1.0195552654944078e-02 4.0083785551235512e-02 0.0000000000000000e+00 9.9735040345922642e-03 4.1803918736282600e-02 0.0000000000000000e+00 8.6444531502289455e-03 4.1132059733249973e-02 0.0000000000000000e+00 7.8685312357357103e-03 3.8600651002072599e-02 0.0000000000000000e+00 7.2677940333787600e-03 4.0632091091011423e-02 0.0000000000000000e+00 5.8613307053122692e-03 4.0247013638161404e-02 0.0000000000000000e+00 5.3778460965298591e-03 3.7703971599577175e-02 0.0000000000000000e+00 4.4317222079531650e-03 3.9963220029827939e-02 0.0000000000000000e+00 2.9866812169881529e-03 3.9761687850208664e-02 0.0000000000000000e+00 2.7528485375898962e-03 3.7205974264702832e-02 0.0000000000000000e+00 1.5310851611768368e-03 3.9645079553993358e-02 0.0000000000000000e+00 7.0940183277766914e-05 3.9603138712537976e-02 0.0000000000000000e+00 6.8428294348878336e-05 3.7042262026896401e-02 0.0000000000000000e+00 -1.3891781068482126e-03 3.9641017105220590e-02 0.0000000000000000e+00 -2.8440991470823325e-03 3.9754759334319725e-02 0.0000000000000000e+00 -2.6158150492806434e-03 3.7198457622193475e-02 0.0000000000000000e+00 -4.2884419165561405e-03 3.9949925099098851e-02 0.0000000000000000e+00 -5.7174815539583245e-03 4.0230113248431509e-02 0.0000000000000000e+00 -5.2401942909826452e-03 3.7687079766361938e-02 0.0000000000000000e+00 -7.1218198873007569e-03 4.0603245758440980e-02 0.0000000000000000e+00 -8.4962846177728136e-03 4.1099972598558770e-02 0.0000000000000000e+00 -7.7303349177990114e-03 3.8571877127635261e-02 0.0000000000000000e+00 -9.8173136081846843e-03 4.1758877327054071e-02 0.0000000000000000e+00 -1.1096665899959631e-02 4.2725696234249391e-02 0.0000000000000000e+00 -1.0029113361632957e-02 4.0040748339262279e-02 0.0000000000000000e+00 9.5214728179690133e-03 3.7398686008701477e-02 0.0000000000000000e+00 9.0782483364234921e-03 3.4726402307740753e-02 0.0000000000000000e+00 8.4005423889516213e-03 3.6714738575613651e-02 0.0000000000000000e+00 7.2864767232612929e-03 3.6109012962438417e-02 0.0000000000000000e+00 6.8770787578486857e-03 3.3628856762280356e-02 0.0000000000000000e+00 6.1485320205133245e-03 3.5611320465164381e-02 0.0000000000000000e+00 4.9781269368020910e-03 3.5218888794184978e-02 0.0000000000000000e+00 4.6776798333979163e-03 3.2767278596463320e-02 0.0000000000000000e+00 3.7774966952215457e-03 3.4917734309578390e-02 0.0000000000000000e+00 2.5532981280496467e-03 3.4706701097467867e-02 0.0000000000000000e+00 2.3966032680501387e-03 3.2247062369532287e-02 0.0000000000000000e+00 1.3133224146847490e-03 3.4579638487624229e-02 0.0000000000000000e+00 6.5374802646405260e-05 3.4536407607556621e-02 0.0000000000000000e+00 6.2342857804115941e-05 3.2071533176525509e-02 0.0000000000000000e+00 -1.1826733393060817e-03 3.4575963058640122e-02 0.0000000000000000e+00 -2.4227817972198437e-03 3.4698188114564918e-02 0.0000000000000000e+00 -2.2721282387176151e-03 3.2238283183449304e-02 0.0000000000000000e+00 -3.6473560669828854e-03 3.4906345637282281e-02 0.0000000000000000e+00 -4.8476365036004927e-03 3.5201493448373894e-02 0.0000000000000000e+00 -4.5541176709223592e-03 3.2749744457240972e-02 0.0000000000000000e+00 -6.0177565019176923e-03 3.5592998695792501e-02 0.0000000000000000e+00 -7.1521371333089986e-03 3.6084539746542243e-02 0.0000000000000000e+00 -6.7570091445209477e-03 3.3603891977267979e-02 0.0000000000000000e+00 -8.2624739166467526e-03 3.6688042245742417e-02 0.0000000000000000e+00 -9.3852383403860932e-03 3.7351454651948106e-02 0.0000000000000000e+00 -8.9528045681341092e-03 3.4674209282394945e-02 0.0000000000000000e+00 8.7803812429453395e-03 3.2086054078730358e-02 0.0000000000000000e+00 8.5736785320489391e-03 2.9486532947947140e-02 0.0000000000000000e+00 7.6800324734184440e-03 3.1630978705480851e-02 0.0000000000000000e+00 6.6047443282189928e-03 3.1148942947201708e-02 0.0000000000000000e+00 6.4143937785245929e-03 2.8669640766451177e-02 0.0000000000000000e+00 5.5353835064359206e-03 3.0709316308508990e-02 0.0000000000000000e+00 4.4606236608919639e-03 3.0330554250738644e-02 0.0000000000000000e+00 4.3047619767417411e-03 2.7897362556888725e-02 0.0000000000000000e+00 3.3744616017414159e-03 3.0029507599116205e-02 0.0000000000000000e+00 2.2768610335320715e-03 2.9811528859693247e-02 0.0000000000000000e+00 2.1880006870938795e-03 2.7387126217567781e-02 0.0000000000000000e+00 1.1702324502484724e-03 2.9678857081563901e-02 0.0000000000000000e+00 5.8851921168151119e-05 2.9633249104713984e-02 0.0000000000000000e+00 5.5736514411363654e-05 2.7208983515808260e-02 0.0000000000000000e+00 -1.0526677553796197e-03 2.9674578741512424e-02 0.0000000000000000e+00 -2.1593189293967864e-03 2.9802411279051661e-02 0.0000000000000000e+00 -2.0770877491516964e-03 2.7377526802315109e-02 0.0000000000000000e+00 -3.2572115497513897e-03 3.0016373940525774e-02 0.0000000000000000e+00 -4.3433655547928099e-03 3.0312452225446720e-02 0.0000000000000000e+00 -4.1959655905448789e-03 2.7878034929110042e-02 0.0000000000000000e+00 -5.4185226768375169e-03 3.0686014225245434e-02 0.0000000000000000e+00 -6.4886490858685553e-03 3.1120558494776445e-02 0.0000000000000000e+00 -6.3087926945711980e-03 2.8638448651958134e-02 0.0000000000000000e+00 -7.5673273900250700e-03 3.1592099207802538e-02 0.0000000000000000e+00 -8.6705883719639196e-03 3.2034353682622536e-02 0.0000000000000000e+00 -8.4656662426524174e-03 2.9435100219272044e-02 0.0000000000000000e+00 8.4127515280983320e-03 2.6931939758225252e-02 0.0000000000000000e+00 8.2750747726961522e-03 2.4421773710267547e-02 0.0000000000000000e+00 7.3380680003124537e-03 2.6586438472211239e-02 0.0000000000000000e+00 6.2788664534603519e-03 2.6192731538390680e-02 0.0000000000000000e+00 6.1601208873952535e-03 2.3721277220949546e-02 0.0000000000000000e+00 5.2306922277106632e-03 2.5808927566955919e-02 0.0000000000000000e+00 4.1903965141679971e-03 2.5461260541069772e-02 0.0000000000000000e+00 4.0905742028542738e-03 2.3020494435405929e-02 0.0000000000000000e+00 3.1539182338221612e-03 2.5176586596725344e-02 0.0000000000000000e+00 2.1194938854758572e-03 2.4965127533057282e-02 0.0000000000000000e+00 2.0594755570933188e-03 2.2541095517512610e-02 0.0000000000000000e+00 1.0857183051280988e-03 2.4835181513491990e-02 0.0000000000000000e+00 5.2225457562612672e-05 2.4789887033198239e-02 0.0000000000000000e+00 4.8921949042502769e-05 2.2370947821660488e-02 0.0000000000000000e+00 -9.8134427571225347e-04 2.4830206028874886e-02 0.0000000000000000e+00 -2.0151217259242256e-03 2.4955036388923525e-02 0.0000000000000000e+00 -1.9621106221538731e-03 2.2530499586547813e-02 0.0000000000000000e+00 -3.0498264098314976e-03 2.5161198746108258e-02 0.0000000000000000e+00 -4.0865640358680143e-03 2.5440482848066649e-02 0.0000000000000000e+00 -3.9948002784455806e-03 2.2998355979060955e-02 0.0000000000000000e+00 -5.1279452754158725e-03 2.5781746776882091e-02 0.0000000000000000e+00 -6.1770137699619114e-03 2.6159157946311868e-02 0.0000000000000000e+00 -6.0662926803439756e-03 2.3685849367230134e-02 0.0000000000000000e+00 -7.2389827998867850e-03 2.6544625934702450e-02 0.0000000000000000e+00 -8.3154117625420070e-03 2.6881928647158014e-02 0.0000000000000000e+00 -8.1785379063311434e-03 2.4372605624856322e-02 0.0000000000000000e+00 8.1248882676518350e-03 2.1954754925281136e-02 0.0000000000000000e+00 7.9452824183682651e-03 1.9525690580859713e-02 0.0000000000000000e+00 7.0779826553592218e-03 2.1624029952083543e-02 0.0000000000000000e+00 6.0356736135912413e-03 2.1255536383036198e-02 0.0000000000000000e+00 5.8749062232767877e-03 1.8796026091969266e-02 0.0000000000000000e+00 5.0039066394765809e-03 2.0897333803208146e-02 0.0000000000000000e+00 3.9869816538438052e-03 2.0574979908158247e-02 0.0000000000000000e+00 3.8553719190134962e-03 1.8127686154410301e-02 0.0000000000000000e+00 2.9852585429475009e-03 2.0310700361904833e-02 0.0000000000000000e+00 1.9969997995621055e-03 2.0114772491945730e-02 0.0000000000000000e+00 1.9203029748820417e-03 1.7689900475948102e-02 0.0000000000000000e+00 1.0185432392276060e-03 1.9994213819890354e-02 0.0000000000000000e+00 4.5309833033059094e-05 1.9952004929352909e-02 0.0000000000000000e+00 4.1895402598031726e-05 1.7536993945397990e-02 0.0000000000000000e+00 -9.2789862378134887e-04 1.9988843710653854e-02 0.0000000000000000e+00 -1.9061367208606530e-03 2.0103847106138092e-02 0.0000000000000000e+00 -1.8363550787760332e-03 1.7678993916775732e-02 0.0000000000000000e+00 -2.8942731527743810e-03 2.0294050025033060e-02 0.0000000000000000e+00 -3.8957731712304499e-03 2.0551797875629649e-02 0.0000000000000000e+00 -3.7714383058722544e-03 1.8104000362133842e-02 0.0000000000000000e+00 -4.9131433557427504e-03 2.0868054594114754e-02 0.0000000000000000e+00 -5.9451373247104821e-03 2.1218711761614727e-02 0.0000000000000000e+00 -5.7915051060240157e-03 1.8757847466062939e-02 0.0000000000000000e+00 -6.9892837222146221e-03 2.1581614060585834e-02 0.0000000000000000e+00 -8.0375043865830911e-03 2.1906114172075844e-02 0.0000000000000000e+00 -7.8587482254668141e-03 1.9477500223785270e-02 0.0000000000000000e+00 7.6988863565178711e-03 1.7129944765798343e-02 0.0000000000000000e+00 7.3637440107766445e-03 1.4756491329102303e-02 0.0000000000000000e+00 6.6750711243987477e-03 1.6735390445517199e-02 0.0000000000000000e+00 5.6531925852533419e-03 1.6340484811459912e-02 0.0000000000000000e+00 5.3367973957300719e-03 1.3888328433588566e-02 0.0000000000000000e+00 4.6504520097567547e-03 1.5984046726139189e-02 0.0000000000000000e+00 3.6764308151235174e-03 1.5683140345269127e-02 0.0000000000000000e+00 3.4282323058387933e-03 1.3249427262847606e-02 0.0000000000000000e+00 2.7336572972390316e-03 1.5445457331889290e-02 0.0000000000000000e+00 1.8182322532779634e-03 1.5274452957007535e-02 0.0000000000000000e+00 1.6815177489774207e-03 1.2880105462132536e-02 0.0000000000000000e+00 9.2272515686785714e-04 1.5170801144535357e-02 0.0000000000000000e+00 3.7783779389177187e-05 1.5134677060771080e-02 0.0000000000000000e+00 3.4078476428267390e-05 1.2757456992971357e-02 0.0000000000000000e+00 -8.4697329978625376e-04 1.5165544461970873e-02 0.0000000000000000e+00 -1.7417583550945793e-03 1.5263962470332453e-02 0.0000000000000000e+00 -1.6119990519696905e-03 1.2870673416548238e-02 0.0000000000000000e+00 -2.6561456100422237e-03 1.5428888330985548e-02 0.0000000000000000e+00 -3.5974804850759604e-03 1.5659736227765703e-02 0.0000000000000000e+00 -3.3555264947997239e-03 1.3227570018141515e-02 0.0000000000000000e+00 -4.5700974427297916e-03 1.5954220745804437e-02 0.0000000000000000e+00 -5.5717693611061587e-03 1.6301382724576145e-02 0.0000000000000000e+00 -5.2621138109640118e-03 1.3848472487442847e-02 0.0000000000000000e+00 -6.5943238999411052e-03 1.6691935337276528e-02 0.0000000000000000e+00 -7.6192490400497021e-03 1.7080817106038784e-02 0.0000000000000000e+00 -7.2840362447723957e-03 1.4706122598832654e-02 0.0000000000000000e+00 6.8895904377579515e-03 1.2393750490250920e-02 0.0000000000000000e+00 6.2334499558503141e-03 1.0017976119701432e-02 0.0000000000000000e+00 5.8801603707287599e-03 1.1871614922881616e-02 0.0000000000000000e+00 4.8936661706561815e-03 1.1437392597701558e-02 0.0000000000000000e+00 4.2841338396427736e-03 8.9943781483528291e-03 0.0000000000000000e+00 3.9621117168802513e-03 1.1096188101899830e-02 0.0000000000000000e+00 3.0903548214314654e-03 1.0839328844705023e-02 0.0000000000000000e+00 2.6488734937382408e-03 8.4710640060688246e-03 0.0000000000000000e+00 2.2736338176055091e-03 1.0652040742859022e-02 0.0000000000000000e+00 1.5007714286064701e-03 1.0523250604796704e-02 0.0000000000000000e+00 1.2722186867062976e-03 8.2232302496074265e-03 0.0000000000000000e+00 7.5735208022421289e-04 1.0448022364057889e-02 0.0000000000000000e+00 2.9185261525310427e-05 1.0421906022670749e-02 0.0000000000000000e+00 2.4566403052621479e-05 8.1466370620147353e-03 0.0000000000000000e+00 -6.9864225253240631e-04 1.0443677417896837e-02 0.0000000000000000e+00 -1.4408100186767995e-03 1.0515423302037256e-02 0.0000000000000000e+00 -1.2206168988966311e-03 8.2173739390546362e-03 0.0000000000000000e+00 -2.2116661863402771e-03 1.0637660519168229e-02 0.0000000000000000e+00 -3.0251665617335418e-03 1.0820411391855760e-02 0.0000000000000000e+00 -2.5888355870798646e-03 8.4570400096848995e-03 0.0000000000000000e+00 -3.8925705058263623e-03 1.1068115773724439e-02 0.0000000000000000e+00 -4.8197737175896720e-03 1.1399261747023508e-02 0.0000000000000000e+00 -4.2144091365045565e-03 8.9602593773360582e-03 0.0000000000000000e+00 -5.8008724730805516e-03 1.1825677081849608e-02 0.0000000000000000e+00 -6.8098811382270559e-03 1.2338413976821155e-02 0.0000000000000000e+00 -6.1510495423671499e-03 9.9551462671149706e-03 0.0000000000000000e+00 5.3084479142896743e-03 7.5995038239137095e-03 0.0000000000000000e+00 3.9997244347421985e-03 5.0885518362723320e-03 0.0000000000000000e+00 4.3336358544234579e-03 6.9619369093766393e-03 0.0000000000000000e+00 3.4761685598869462e-03 6.5755819194824551e-03 0.0000000000000000e+00 2.4497442427923147e-03 4.2136850014818216e-03 0.0000000000000000e+00 2.7365269630369162e-03 6.3312701312844503e-03 0.0000000000000000e+00 2.0954167670512638e-03 6.1719429739315410e-03 0.0000000000000000e+00 1.4412323379350534e-03 3.9755752851135650e-03 0.0000000000000000e+00 1.5225881715637192e-03 6.0696818997087367e-03 0.0000000000000000e+00 9.9715889349997078e-04 6.0019991110817255e-03 0.0000000000000000e+00 6.8114381545989811e-04 3.8816447141093251e-03 0.0000000000000000e+00 5.0097341006520156e-04 5.9645071777890482e-03 0.0000000000000000e+00 1.9170140693168891e-05 5.9513227476812244e-03 0.0000000000000000e+00 1.3076411384610647e-05 3.8539775277027120e-03 0.0000000000000000e+00 -4.6214071484302179e-04 5.9620586674745627e-03 0.0000000000000000e+00 -9.5718019738129693e-04 5.9986262661477991e-03 0.0000000000000000e+00 -6.5314792158384350e-04 3.8794334789785116e-03 0.0000000000000000e+00 -1.4803084272651660e-03 6.0615072823912465e-03 0.0000000000000000e+00 -2.0495328929524153e-03 6.1642428125483657e-03 0.0000000000000000e+00 -1.4053831049650265e-03 3.9717986286385513e-03 0.0000000000000000e+00 -2.6842873806024029e-03 6.3117001421539119e-03 0.0000000000000000e+00 -3.4099601182154458e-03 6.5508244246972984e-03 0.0000000000000000e+00 -2.3814832222321938e-03 4.2124889427898439e-03 0.0000000000000000e+00 -4.2503399063015092e-03 6.9109546925039443e-03 0.0000000000000000e+00 -5.2105645913215828e-03 7.5275751001535026e-03 0.0000000000000000e+00 -3.9241274034896466e-03 5.0221823107196957e-03 0.0000000000000000e+00 2.1269921376729753e-03 2.4095356754593521e-03 0.0000000000000000e+00 1.5937920538102218e-03 2.1201577222921147e-03 0.0000000000000000e+00 1.2357689185998361e-03 2.0015198378995074e-03 0.0000000000000000e+00 9.5838167528002646e-04 1.9470974248430761e-03 0.0000000000000000e+00 7.2770482621398083e-04 1.9122208573702593e-03 0.0000000000000000e+00 5.2631214186374864e-04 1.8917701336751561e-03 0.0000000000000000e+00 3.4384159449556655e-04 1.8779271352099994e-03 0.0000000000000000e+00 1.7287087439256626e-04 1.8706075366303509e-03 0.0000000000000000e+00 7.4092124879355769e-06 1.8678529890132998e-03 0.0000000000000000e+00 -1.5767360632261694e-04 1.8699043125388626e-03 0.0000000000000000e+00 -3.2808756729214931e-04 1.8771699264848671e-03 0.0000000000000000e+00 -5.0914089386084390e-04 1.8896334934344775e-03 0.0000000000000000e+00 -7.0973166288870954e-04 1.9120364646477914e-03 0.0000000000000000e+00 -9.3948329097459128e-04 1.9447614533300590e-03 0.0000000000000000e+00 -1.2221183856222972e-03 2.0122075515622349e-03 0.0000000000000000e+00 -1.5917826451872707e-03 2.1257525706488379e-03 0.0000000000000000e+00 -2.1343516288187103e-03 2.4513199104085593e-03 0.0000000000000000e+00 1.5284242479866423e-02 5.5227159138797756e-02 0.0000000000000000e+00 1.0360674287204833e-02 5.3224033484440825e-02 0.0000000000000000e+00 6.0833417011691661e-03 5.2290928988562330e-02 0.0000000000000000e+00 2.0547539451269995e-03 5.1908194995319339e-02 0.0000000000000000e+00 -1.9186303435226547e-03 5.1907663025475205e-02 0.0000000000000000e+00 -5.9417991349228517e-03 5.2286567371381584e-02 0.0000000000000000e+00 -1.0202532745446890e-02 5.3215020341424349e-02 0.0000000000000000e+00 -1.5293620505270829e-02 5.5271069723999665e-02 0.0000000000000000e+00 1.9114957056179709e-02 6.7072469386508668e-02 0.0000000000000000e+00 1.3164365181430954e-02 6.4619017118150268e-02 0.0000000000000000e+00 7.6590438480921763e-03 6.3174483043854923e-02 0.0000000000000000e+00 2.5505831282622536e-03 6.2552198528364716e-02 0.0000000000000000e+00 -2.4168737548429563e-03 6.2550867348561814e-02 0.0000000000000000e+00 -7.5313406269623528e-03 6.3174004694657199e-02 0.0000000000000000e+00 -1.3128896867540893e-02 6.4674569708736196e-02 0.0000000000000000e+00 -1.9126140472653923e-02 6.7229937129469702e-02 0.0000000000000000e+00 2.1773757931233404e-02 7.8886088536167354e-02 0.0000000000000000e+00 1.5538969946068350e-02 7.6752808823472032e-02 0.0000000000000000e+00 9.2328855057140623e-03 7.5164569830203726e-02 0.0000000000000000e+00 3.0856055887414978e-03 7.4351535263811469e-02 0.0000000000000000e+00 -2.9808032496740581e-03 7.4357416314122821e-02 0.0000000000000000e+00 -9.1785944875378174e-03 7.5209898013908746e-02 0.0000000000000000e+00 -1.5526126896310700e-02 7.6863772911035300e-02 0.0000000000000000e+00 -2.1718685657993977e-02 7.8988560503593833e-02 0.0000000000000000e+00 2.3539703897914880e-02 9.0781424645002579e-02 0.0000000000000000e+00 1.7124267991412496e-02 8.9187418177782932e-02 0.0000000000000000e+00 1.0380244452793430e-02 8.7864523133555084e-02 0.0000000000000000e+00 3.4882697629411829e-03 8.7116021396721158e-02 0.0000000000000000e+00 -3.4489034639339166e-03 8.7143990541112396e-02 0.0000000000000000e+00 -1.0358034017303900e-02 8.7943871831455231e-02 0.0000000000000000e+00 -1.7089263400627837e-02 8.9282362998198139e-02 0.0000000000000000e+00 -2.3486288420094179e-02 9.0866703703916571e-02 0.0000000000000000e+00 2.4662583893989114e-02 1.0294233426513552e-01 0.0000000000000000e+00 1.8009294793156983e-02 1.0186156969276622e-01 0.0000000000000000e+00 1.0985673378067370e-02 1.0095998810723374e-01 0.0000000000000000e+00 3.6888684922988233e-03 1.0044312472520792e-01 0.0000000000000000e+00 -3.7017435210423724e-03 1.0047279013569352e-01 0.0000000000000000e+00 -1.0978532435508594e-02 1.0102878621984508e-01 0.0000000000000000e+00 -1.7979654900171321e-02 1.0194095743708530e-01 0.0000000000000000e+00 -2.4630513081515280e-02 1.0303313296129184e-01 0.0000000000000000e+00 2.5303278471280635e-02 1.1543650876251767e-01 0.0000000000000000e+00 1.8406745189933512e-02 1.1477678809467073e-01 0.0000000000000000e+00 1.1199366395428052e-02 1.1425486521373675e-01 0.0000000000000000e+00 3.7486217223718808e-03 1.1396657888700534e-01 0.0000000000000000e+00 -3.7867865900945079e-03 1.1398356476177066e-01 0.0000000000000000e+00 -1.1216871187992901e-02 1.1430055768104150e-01 0.0000000000000000e+00 -1.8405653968130264e-02 1.1484669639241776e-01 0.0000000000000000e+00 -2.5297564832324138e-02 1.1553200086608734e-01 0.0000000000000000e+00 2.5615774231553458e-02 1.2824058941677130e-01 0.0000000000000000e+00 1.8530850380452366e-02 1.2788454635394697e-01 0.0000000000000000e+00 1.1223687793131298e-02 1.2762799219715287e-01 0.0000000000000000e+00 3.7443186339519287e-03 1.2749726762082439e-01 0.0000000000000000e+00 -3.7976612459601228e-03 1.2750610881295121e-01 0.0000000000000000e+00 -1.1268687132884744e-02 1.2765867358168811e-01 0.0000000000000000e+00 -1.8565352851561655e-02 1.2794481586942472e-01 0.0000000000000000e+00 -2.5642628468522916e-02 1.2833463840754331e-01 0.0000000000000000e+00 2.5754531681306880e-02 1.4128112894313569e-01 0.0000000000000000e+00 1.8548864700712587e-02 1.4111518160714329e-01 0.0000000000000000e+00 1.1193381337914929e-02 1.4102449922464955e-01 0.0000000000000000e+00 3.7224233654998165e-03 1.4099123814890721e-01 0.0000000000000000e+00 -3.7918227117463535e-03 1.4099798390138341e-01 0.0000000000000000e+00 -1.1262839843038155e-02 1.4104998663086413e-01 0.0000000000000000e+00 -1.8617192939571783e-02 1.4116933050270422e-01 0.0000000000000000e+00 -2.5820034661288366e-02 1.4137126959673929e-01 0.0000000000000000e+00 1.5634768170371884e-02 5.1034293924442718e-02 0.0000000000000000e+00 1.8191575229748479e-02 5.6896400029039770e-02 0.0000000000000000e+00 1.3225843572026698e-02 4.9610455088416841e-02 0.0000000000000000e+00 1.1065499274737364e-02 4.8722659804265420e-02 0.0000000000000000e+00 1.2727678115206526e-02 5.4094207843029533e-02 0.0000000000000000e+00 9.0968959904221200e-03 4.8066788062714194e-02 0.0000000000000000e+00 7.2319735214269026e-03 4.7626087287159773e-02 0.0000000000000000e+00 8.1732900636959111e-03 5.2685895760540440e-02 0.0000000000000000e+00 5.4181916624115025e-03 4.7311655569306173e-02 0.0000000000000000e+00 3.6214870665615814e-03 4.7107067115816796e-02 0.0000000000000000e+00 4.0542385924391636e-03 5.2045348537143835e-02 0.0000000000000000e+00 1.8485682741111397e-03 4.6979610257399655e-02 0.0000000000000000e+00 6.3316465022738200e-05 4.6945670800357199e-02 0.0000000000000000e+00 6.9178689270014404e-05 5.1858368811933099e-02 0.0000000000000000e+00 -1.7059301397960231e-03 4.6977201466074862e-02 0.0000000000000000e+00 -3.4947236921499241e-03 4.7103651100292590e-02 0.0000000000000000e+00 -3.9158387401186526e-03 5.2042207774973682e-02 0.0000000000000000e+00 -5.2789241415613503e-03 4.7302681406275145e-02 0.0000000000000000e+00 -7.0905864345308439e-03 4.7610000289103581e-02 0.0000000000000000e+00 -8.0241450722052018e-03 5.2660301615360547e-02 0.0000000000000000e+00 -8.9444839044475581e-03 4.8037200608683717e-02 0.0000000000000000e+00 -1.0878788172433504e-02 4.8629539133427178e-02 0.0000000000000000e+00 -1.2585247742225065e-02 5.4016709008545195e-02 0.0000000000000000e+00 -1.2998462379692955e-02 4.9505940743175207e-02 0.0000000000000000e+00 -1.5409814100972915e-02 5.0880708843259494e-02 0.0000000000000000e+00 -1.8334077983948156e-02 5.7114531112409085e-02 0.0000000000000000e+00 2.0300857424309447e-02 6.2762900199412983e-02 0.0000000000000000e+00 2.2077592981991377e-02 6.8548221368139275e-02 0.0000000000000000e+00 1.7355591190814888e-02 6.1109733358558425e-02 0.0000000000000000e+00 1.4497060256651432e-02 5.9806043431067824e-02 0.0000000000000000e+00 1.6113731382603174e-02 6.5710646841958056e-02 0.0000000000000000e+00 1.1800550695764767e-02 5.8789386525044257e-02 0.0000000000000000e+00 9.2603110398837216e-03 5.8092364708335009e-02 0.0000000000000000e+00 1.0359088554194797e-02 6.3794507704341849e-02 0.0000000000000000e+00 6.8550657856164222e-03 5.7585169238938812e-02 0.0000000000000000e+00 4.5445533052528627e-03 5.7272099988892280e-02 0.0000000000000000e+00 5.0719190842750421e-03 6.2790270606512349e-02 0.0000000000000000e+00 2.2901436077767344e-03 5.7090365617453821e-02 0.0000000000000000e+00 6.5576913135484568e-05 5.7032301779866561e-02 0.0000000000000000e+00 6.5017297552140795e-05 6.2484065963325987e-02 0.0000000000000000e+00 -2.1579518074638874e-03 5.7087542062570572e-02 0.0000000000000000e+00 -4.4034476340623126e-03 5.7257656790829496e-02 0.0000000000000000e+00 -4.9375191259629098e-03 6.2772756882242847e-02 0.0000000000000000e+00 -6.7045157625898492e-03 5.7568991691578891e-02 0.0000000000000000e+00 -9.1006894015482863e-03 5.8049692577670217e-02 0.0000000000000000e+00 -1.0249010749761164e-02 6.3782930892313003e-02 0.0000000000000000e+00 -1.1649449521836636e-02 5.8779071677031974e-02 0.0000000000000000e+00 -1.4431369118310194e-02 5.9847777706039440e-02 0.0000000000000000e+00 -1.6120526801619055e-02 6.5855217396660004e-02 0.0000000000000000e+00 -1.7429262305798034e-02 6.1298364708410422e-02 0.0000000000000000e+00 -2.0413462926657744e-02 6.2965434394989153e-02 0.0000000000000000e+00 -2.2079885191859938e-02 6.8690836510860942e-02 0.0000000000000000e+00 2.3508276322058163e-02 7.4289455434937479e-02 0.0000000000000000e+00 2.4721612355562073e-02 8.0020582097220225e-02 0.0000000000000000e+00 2.0553205011234432e-02 7.2973762393050368e-02 0.0000000000000000e+00 1.7506677095980645e-02 7.1713300745969780e-02 0.0000000000000000e+00 1.8687102308078591e-02 7.7756327056709609e-02 0.0000000000000000e+00 1.4448248747593723e-02 7.0625223359751257e-02 0.0000000000000000e+00 1.1431616682991206e-02 6.9742376169495870e-02 0.0000000000000000e+00 1.2377295179084927e-02 7.5864655893948196e-02 0.0000000000000000e+00 8.4919130531214727e-03 6.9057830415177685e-02 0.0000000000000000e+00 5.6303047335908522e-03 6.8598440627084381e-02 0.0000000000000000e+00 6.1428834266466130e-03 7.4663075098472614e-02 0.0000000000000000e+00 2.8310891531559300e-03 6.8316792661920062e-02 0.0000000000000000e+00 6.8107607707405452e-05 6.8228033165460111e-02 0.0000000000000000e+00 5.7358751476827280e-05 7.4257224494766627e-02 0.0000000000000000e+00 -2.6975741385681516e-03 6.8312539982051418e-02 0.0000000000000000e+00 -5.5017956885963582e-03 6.8587970376869867e-02 0.0000000000000000e+00 -6.0510534842543161e-03 7.4677344439690721e-02 0.0000000000000000e+00 -8.3818417027618549e-03 6.9071371128421460e-02 0.0000000000000000e+00 -1.1366706486185176e-02 6.9790337462775118e-02 0.0000000000000000e+00 -1.2347973358535172e-02 7.5956530383361878e-02 0.0000000000000000e+00 -1.4436037597384592e-02 7.0735184849262764e-02 0.0000000000000000e+00 -1.7519684686776487e-02 7.1865302505834658e-02 0.0000000000000000e+00 -1.8669104291080034e-02 7.7895979309659732e-02 0.0000000000000000e+00 -2.0553678832964786e-02 7.3115227686283882e-02 0.0000000000000000e+00 -2.3477852437806018e-02 7.4392867169530488e-02 0.0000000000000000e+00 -2.4665793328777452e-02 8.0104911661157810e-02 0.0000000000000000e+00 2.5734822732504891e-02 8.5781278018321749e-02 0.0000000000000000e+00 2.6579275121439785e-02 9.1608356873579599e-02 0.0000000000000000e+00 2.2737957661827457e-02 8.4809342131133683e-02 0.0000000000000000e+00 1.9622724704251408e-02 8.3836599576206927e-02 0.0000000000000000e+00 2.0378703738812141e-02 8.9960252320185313e-02 0.0000000000000000e+00 1.6420385630130450e-02 8.2934789292846006e-02 0.0000000000000000e+00 1.3159281646401486e-02 8.2117092986204898e-02 0.0000000000000000e+00 1.3780137716839410e-02 8.8462486675340152e-02 0.0000000000000000e+00 9.8778777483941715e-03 8.1444785505246489e-02 0.0000000000000000e+00 6.5938949048008040e-03 8.0946702985107116e-02 0.0000000000000000e+00 6.9466572951913655e-03 8.7398259493561697e-02 0.0000000000000000e+00 3.3198709780812136e-03 8.0636035029838043e-02 0.0000000000000000e+00 4.7967942131541452e-05 8.0542992070296845e-02 0.0000000000000000e+00 2.5564703176973891e-05 8.7030077775504977e-02 0.0000000000000000e+00 -3.2307336314137763e-03 8.0655447092237154e-02 0.0000000000000000e+00 -6.5282008424519707e-03 8.0991892417405106e-02 0.0000000000000000e+00 -6.9128657243475375e-03 8.7463592747830124e-02 0.0000000000000000e+00 -9.8403669914292075e-03 8.1521034343249435e-02 0.0000000000000000e+00 -1.3142117787873104e-02 8.2223566352191496e-02 0.0000000000000000e+00 -1.3758501525541564e-02 8.8570194455111315e-02 0.0000000000000000e+00 -1.6407436181795843e-02 8.3048681678523598e-02 0.0000000000000000e+00 -1.9596346323723285e-02 8.3950309948328194e-02 0.0000000000000000e+00 -2.0337354372673200e-02 9.0058356597976230e-02 0.0000000000000000e+00 -2.2691284628063597e-02 8.4899143351254022e-02 0.0000000000000000e+00 -2.5679610464663934e-02 8.5867321523043216e-02 0.0000000000000000e+00 -2.6533808188749307e-02 9.1696707607971578e-02 0.0000000000000000e+00 2.7280824312226316e-02 9.7513155778602714e-02 0.0000000000000000e+00 2.7843942764970701e-02 1.0351121540555396e-01 0.0000000000000000e+00 2.4167708609497771e-02 9.6822800994902675e-02 0.0000000000000000e+00 2.0950651393109983e-02 9.6139254234137161e-02 0.0000000000000000e+00 2.1382070749582992e-02 1.0238750594341678e-01 0.0000000000000000e+00 1.7634289458549012e-02 9.5491695912428953e-02 0.0000000000000000e+00 1.4224576538905406e-02 9.4884914113708876e-02 0.0000000000000000e+00 1.4537854546415900e-02 1.0137054591127423e-01 0.0000000000000000e+00 1.0740922967916891e-02 9.4373294495347468e-02 0.0000000000000000e+00 7.1962224647209973e-03 9.3976319993386015e-02 0.0000000000000000e+00 7.3618627673874906e-03 1.0063454329370375e-01 0.0000000000000000e+00 3.6142740143190921e-03 9.3733228143208863e-02 0.0000000000000000e+00 8.7321042342181640e-06 9.3664604734385426e-02 0.0000000000000000e+00 -6.1775952083302576e-06 1.0038507483868021e-01 0.0000000000000000e+00 -3.5974640421388856e-03 9.3768410587175180e-02 0.0000000000000000e+00 -7.1833923585134527e-03 9.4044716421259111e-02 0.0000000000000000e+00 -7.3653902140602369e-03 1.0069597123749023e-01 0.0000000000000000e+00 -1.0727470600475303e-02 9.4456850387141439e-02 0.0000000000000000e+00 -1.4205740235689835e-02 9.4981805067939185e-02 0.0000000000000000e+00 -1.4520037992254174e-02 1.0145496774562979e-01 0.0000000000000000e+00 -1.7605233079915312e-02 9.5580849168420551e-02 0.0000000000000000e+00 -2.0913382456639002e-02 9.6230236512891559e-02 0.0000000000000000e+00 -2.1350870424120667e-02 1.0247463590081636e-01 0.0000000000000000e+00 -2.4126999777589080e-02 9.6910110456596629e-02 0.0000000000000000e+00 -2.7241567870275762e-02 9.7609158995879033e-02 0.0000000000000000e+00 -2.7819390363691080e-02 1.0361236401641315e-01 0.0000000000000000e+00 2.8292435933897114e-02 1.0960509389371910e-01 0.0000000000000000e+00 2.8633102119055096e-02 1.1579521777659389e-01 0.0000000000000000e+00 2.5033089457257296e-02 1.0914805423542485e-01 0.0000000000000000e+00 2.1686789169813491e-02 1.0870519503302713e-01 0.0000000000000000e+00 2.1893909665136619e-02 1.1509428624027582e-01 0.0000000000000000e+00 1.8251715938452193e-02 1.0829059847530116e-01 0.0000000000000000e+00 1.4727983560972737e-02 1.0790901394060760e-01 0.0000000000000000e+00 1.4838578669668805e-02 1.1449080539960152e-01 0.0000000000000000e+00 1.1124160599524152e-02 1.0759007535668354e-01 0.0000000000000000e+00 7.4503680101712811e-03 1.0734227699429681e-01 0.0000000000000000e+00 7.4953022714771929e-03 1.1407231200182626e-01 0.0000000000000000e+00 3.7293267899090924e-03 1.0719467838411460e-01 0.0000000000000000e+00 -1.6745224125643530e-05 1.0715158046531739e-01 0.0000000000000000e+00 -2.0881028622705242e-05 1.1393257280947604e-01 0.0000000000000000e+00 -3.7584729117942492e-03 1.0721903462377043e-01 0.0000000000000000e+00 -7.4707428822433173e-03 1.0739004787021729e-01 0.0000000000000000e+00 -7.5248808570511569e-03 1.1410676463329078e-01 0.0000000000000000e+00 -1.1130722484828274e-02 1.0764859252512342e-01 0.0000000000000000e+00 -1.4722663959140396e-02 1.0798099616843987e-01 0.0000000000000000e+00 -1.4845994109285514e-02 1.1455072824909987e-01 0.0000000000000000e+00 -1.8236640558115816e-02 1.0836611241606928e-01 0.0000000000000000e+00 -2.1667240582414409e-02 1.0879168321096454e-01 0.0000000000000000e+00 -2.1889666339784425e-02 1.1517798295867777e-01 0.0000000000000000e+00 -2.5013561972222636e-02 1.0924262607213234e-01 0.0000000000000000e+00 -2.8274092628604731e-02 1.0971119112006077e-01 0.0000000000000000e+00 -2.8632047156034766e-02 1.1590437613432736e-01 0.0000000000000000e+00 2.8889179474441997e-02 1.2207842509767396e-01 0.0000000000000000e+00 2.9072947641260581e-02 1.2844537560292643e-01 0.0000000000000000e+00 2.5490304783880865e-02 1.2180402661183332e-01 0.0000000000000000e+00 2.2024525286673303e-02 1.2154578593429548e-01 0.0000000000000000e+00 2.2101643327597457e-02 1.2805251725048503e-01 0.0000000000000000e+00 1.8489837440517239e-02 1.2131126445658756e-01 0.0000000000000000e+00 1.4887431170092242e-02 1.2110414453964896e-01 0.0000000000000000e+00 1.4902670988641863e-02 1.2774167647277623e-01 0.0000000000000000e+00 1.1222324354277995e-02 1.2093635380378501e-01 0.0000000000000000e+00 7.5039295893588875e-03 1.2080893240492024e-01 0.0000000000000000e+00 7.4988386970523948e-03 1.2754444000285797e-01 0.0000000000000000e+00 3.7482105861563423e-03 1.2073525041074822e-01 0.0000000000000000e+00 -2.6610885745666026e-05 1.2071185623092751e-01 0.0000000000000000e+00 -2.8005545837722982e-05 1.2748154061053779e-01 0.0000000000000000e+00 -3.7980835840190214e-03 1.2074682963326445e-01 0.0000000000000000e+00 -7.5475412479865528e-03 1.2083382002617314e-01 0.0000000000000000e+00 -7.5496618633566614e-03 1.2756251781096484e-01 0.0000000000000000e+00 -1.1256094272161754e-02 1.2097231453347160e-01 0.0000000000000000e+00 -1.4912521192875800e-02 1.2115524234353392e-01 0.0000000000000000e+00 -1.4942647798740155e-02 1.2778498652913203e-01 0.0000000000000000e+00 -1.8507159453195560e-02 1.2137578462072195e-01 0.0000000000000000e+00 -2.2036653499377813e-02 1.2162647862401733e-01 0.0000000000000000e+00 -2.2132042694703331e-02 1.2812846436208206e-01 0.0000000000000000e+00 -2.5499756758716352e-02 1.2190002938684173e-01 0.0000000000000000e+00 -2.8896853484117368e-02 1.2218892568049422e-01 0.0000000000000000e+00 -2.9101825092253154e-02 1.2855600493866426e-01 0.0000000000000000e+00 2.9206571082591670e-02 1.3488782823104989e-01 0.0000000000000000e+00 2.9303397215066918e-02 1.4139175849179350e-01 0.0000000000000000e+00 2.5698021853227455e-02 1.3473704751627605e-01 0.0000000000000000e+00 2.2145025864149348e-02 1.3460321419572202e-01 0.0000000000000000e+00 2.2170763367873769e-02 1.4118947950861510e-01 0.0000000000000000e+00 1.8544844677303583e-02 1.3448845944041368e-01 0.0000000000000000e+00 1.4898655188362048e-02 1.3439487256364396e-01 0.0000000000000000e+00 1.4888560463235357e-02 1.4106138250902456e-01 0.0000000000000000e+00 1.1209029210018404e-02 1.3432457928188873e-01 0.0000000000000000e+00 7.4833976639897644e-03 1.3427459087132124e-01 0.0000000000000000e+00 7.4677072012348097e-03 1.4100164541004792e-01 0.0000000000000000e+00 3.7319443505757087e-03 1.3424810977486096e-01 0.0000000000000000e+00 -3.2865931588886875e-05 1.3423957118968938e-01 0.0000000000000000e+00 -3.5533246165645641e-05 1.4098862734366083e-01 0.0000000000000000e+00 -3.7965017399779317e-03 1.3425494243792072e-01 0.0000000000000000e+00 -7.5462548310338768e-03 1.3428994242502146e-01 0.0000000000000000e+00 -7.5384943907384075e-03 1.4101550577051064e-01 0.0000000000000000e+00 -1.1268515714069076e-02 1.3435061812790058e-01 0.0000000000000000e+00 -1.4954944610519686e-02 1.3443422018209056e-01 0.0000000000000000e+00 -1.4958020536621191e-02 1.4109819420070008e-01 0.0000000000000000e+00 -1.8597399740970955e-02 1.3454374425487567e-01 0.0000000000000000e+00 -2.2193906067226259e-02 1.3467509138354292e-01 0.0000000000000000e+00 -2.2237943632546834e-02 1.4125815679387821e-01 0.0000000000000000e+00 -2.5743591926620409e-02 1.3482897265421229e-01 0.0000000000000000e+00 -2.9248830713516361e-02 1.3499731703511708e-01 0.0000000000000000e+00 -2.9369819171704153e-02 1.4149976509790874e-01 0.0000000000000000e+00 2.9379921645661097e-02 1.4794600882772105e-01 0.0000000000000000e+00 2.5800515376229814e-02 1.4786353711212602e-01 0.0000000000000000e+00 2.2192029994785076e-02 1.4780377817027265e-01 0.0000000000000000e+00 1.8550830141461663e-02 1.4776188568773738e-01 0.0000000000000000e+00 1.4878296292073134e-02 1.4773906733487324e-01 0.0000000000000000e+00 1.1176327027840173e-02 1.4772900575252451e-01 0.0000000000000000e+00 7.4518010157459047e-03 1.4772636093600086e-01 0.0000000000000000e+00 3.7100242524846232e-03 1.4772957274790660e-01 0.0000000000000000e+00 -3.9960108130583037e-05 1.4773077104279597e-01 0.0000000000000000e+00 -3.7905039919265819e-03 1.4773682577224809e-01 0.0000000000000000e+00 -7.5329253575816190e-03 1.4774044308445869e-01 0.0000000000000000e+00 -1.1258571854695192e-02 1.4775510034016745e-01 0.0000000000000000e+00 -1.4961496640070706e-02 1.4777550998762515e-01 0.0000000000000000e+00 -1.8634596063034414e-02 1.4781566809154001e-01 0.0000000000000000e+00 -2.2276880718498281e-02 1.4787163466283454e-01 0.0000000000000000e+00 -2.5886202522149061e-02 1.4795284230349062e-01 0.0000000000000000e+00 -2.9466841239629823e-02 1.4805348881616046e-01 0.0000000000000000e+00
</DataArray>
        <DataArray type="Float64" format="ascii" Name="ux">
-4.3328770941409289e-15 5.7797197850515140e-14 -3.3151823317430357e-02 3.3029215304909668e-02 -1.4357876668865097e-02 1.4721688441060242e-02 1.0558391389594437e-15 4.0954726517013787e-15 -1.1695797191181672e-14 -8.0595815055317187e-15 -1.3119988263101261e-14 -1.8387300040329029e-14 -2.4594452058835574e-14 1.3157404832712466e-13 -1.5534777600467004e-13 2.6213020069019758e-13 -3.5091725555481023e-14 2.9608384785847141e-14 1.4497963457926905e-12 -3.5262148339171789e-16 -3.8028784582652510e-13 -1.8894510657451273e-14 1.5734854995529741e-13 -4.9847089075668663e-03 -7.1552309776805826e-03 -8.2788729180337077e-03 -8.8807132475769886e-03 -9.2424610454603356e-03 -9.5782451393995049e-03 -1.0116639072923898e-02 -1.1240812297232481e-02 -3.0216930390536256e-03 -6.2090474440669339e-03 -7.7977772547447319e-03 -8.6258884104226333e-03 -9.0816570389766291e-03 -9.4064907884873934e-03 -9.8150545923113442e-03 -1.0590767627510520e-02 -1.2384269580436778e-02 -1.1044373026534842e-02 -7.8444601550562831e-03 -4.6848800890742330e-03 -1.5158123584527649e-03 1.6606807716012186e-03 4.8339164578367518e-03 7.9948028154669878e-03 1.1224621109219205e-02 -1.2697973713345617e-02 -9.4378850229735346e-03 -6.2658635921709555e-03 -3.1018272796505143e-03 7.2151573042818147e-05 3.2471641371806695e-03 6.4108213920412611e-03 9.5861922006268904e-03 1.2894397896653587e-02 1.1386487113013927e-02 1.0244130093759565e-02 9.6914523026648929e-03 9.3431903910826432e-03 8.9699293794515134e-03 8.3566342543533231e-03 7.2183665702881608e-03 5.0315349031575573e-03 1.2578159526663784e-02 1.0706380654797145e-02 9.9186394692500381e-03 9.5010029994410192e-03 9.1661311979253889e-03 8.7004141315243210e-03 7.8658826145243648e-03 6.2972041214647114e-03 3.2680411198516171e-03 2.1198366122889622e-02 2.4910312232896813e-02 2.7541691223217302e-02 2.9510497213709665e-02 3.0931979706772986e-02 3.1886835084350730e-02 3.2475863042546481e-02 3.2819596487351194e-02 1.8396549027003991e-02 2.3140941919177271e-02 2.6317139314682336e-02 2.8607507901809832e-02 3.0290791260483205e-02 3.1466845581764942e-02 3.2224419396599119e-02 3.2674651281199639e-02 3.2937369718256559e-02 2.5843805865760735e-02 1.8554946026486312e-02 1.1163516140721424e-02 3.7019212784717764e-03 -3.7867733384747710e-03 -1.1254723158133931e-02 -1.8654147925566765e-02 -2.5951546473588490e-02 2.9448886819344568e-02 2.2213927634978099e-02 1.4870157091991522e-02 7.4378396057070998e-03 -4.3825952284932734e-05 -7.5286233772588135e-03 -1.4967292845346010e-02 -2.2317020255690906e-02 -2.9560916916565712e-02 -3.2889327259036982e-02 -3.2509849638241550e-02 -3.1892716073652363e-02 -3.0915833489909898e-02 -2.9475264833609544e-02 -2.7490030016976291e-02 -2.4858495844852092e-02 -2.1207213517204945e-02 -3.3024280237939130e-02 -3.2713960344665456e-02 -3.2230665444555905e-02 -3.1450117287095528e-02 -3.0255647268175295e-02 -2.8553591569755798e-02 -2.6257600335716610e-02 -2.3175853642240517e-02 -1.8660456652177086e-02 9.0472066199830253e-03 6.6483539883810611e-03 4.0769995854361731e-03 1.4140737969924866e-03 -1.2775797655981730e-03 -3.9399092022571035e-03 -6.5073924188604913e-03 -8.9010363843924564e-03 7.9607842137730585e-03 5.7875390249268240e-03 3.5474308394821117e-03 1.2332602445329225e-03 -1.1082837963767927e-03 -3.4226066801158368e-03 -5.6645810128433437e-03 -7.8496968312287453e-03 7.4802038519543390e-03 5.3575278957626211e-03 3.2488865857825521e-03 1.1234050669498110e-03 -1.0115367618075679e-03 -3.1385592679278721e-03 -5.2516973599875732e-03 -7.3794645951000201e-03 7.2108008604957587e-03 5.1189149022218333e-03 3.0711857257282368e-03 1.0531700886533852e-03 -9.5491915674410645e-04 -2.9745036888227717e-03 -5.0257338358609804e-03 -7.1196316561243445e-03 6.9069588424454298e-03 4.8544675149267413e-03 2.8780353301427345e-03 9.7749686579455260e-04 -8.9307509171259760e-04 -2.7937287717526601e-03 -4.7716970432446189e-03 -6.8264421174374732e-03 6.3421051902486959e-03 4.3618891315461653e-03 2.5372625771992743e-03 8.5135188285066700e-04 -7.8232965101283089e-04 -2.4653504374386312e-03 -4.2867416504429887e-03 -6.2709277408675062e-03 5.2233705932085732e-03 3.4280710559985534e-03 1.9358243584752970e-03 6.4019690773522097e-04 -5.9052619672100241e-04 -1.8801082021043807e-03 -3.3583067887004818e-03 -5.1500491799645635e-03 3.1566629812251447e-03 1.8951837347924946e-03 1.0417847173377476e-03 3.4119456977435591e-04 -3.1556689094663952e-04 -1.0122249130035403e-03 -1.8504506466050490e-03 -3.0260153859619225e-03 1.1265404086204849e-02 1.0195552654944078e-02 9.9735040345922642e-03 8.6444531502289455e-03 7.8685312357357103e-03 7.2677940333787600e-03 5.8613307053122692e-03 5.3778460965298591e-03 4.4317222079531650e-03 2.9866812169881529e-03 2.7528485375898962e-03 1.5310851611768368e-03 7.0940183277766914e-05 6.8428294348878336e-05 -1.3891781068482126e-03 -2.8440991470823325e-03 -2.6158150492806434e-03 -4.2884419165561405e-03 -5.7174815539583245e-03 -5.2401942909826452e-03 -7.1218198873007569e-03 -8.4962846177728136e-03 -7.7303349177990114e-03 -9.8173136081846843e-03 -1.1096665899959631e-02 -1.0029113361632957e-02 9.5214728179690133e-03 9.0782483364234921e-03 8.4005423889516213e-03 7.2864767232612929e-03 6.8770787578486857e-03 6.1485320205133245e-03 4.9781269368020910e-03 4.6776798333979163e-03 3.7774966952215457e-03 2.5532981280496467e-03 2.3966032680501387e-03 1.3133224146847490e-03 6.5374802646405260e-05 6.2342857804115941e-05 -1.1826733393060817e-03 -2.4227817972198437e-03 -2.2721282387176151e-03 -3.6473560669828854e-03 -4.8476365036004927e-03 -4.5541176709223592e-03 -6.0177565019176923e-03 -7.1521371333089986e-03 -6.7570091445209477e-03 -8.2624739166467526e-03 -9.3852383403860932e-03 -8.9528045681341092e-03 8.7803812429453395e-03 8.5736785320489391e-03 7.6800324734184440e-03 6.6047443282189928e-03 6.4143937785245929e-03 5.5353835064359206e-03 4.4606236608919639e-03 4.3047619767417411e-03 3.3744616017414159e-03 2.2768610335320715e-03 2.1880006870938795e-03 1.1702324502484724e-03 5.8851921168151119e-05 5.5736514411363654e-05 -1.0526677553796197e-03 -2.1593189293967864e-03 -2.0770877491516964e-03 -3.2572115497513897e-03 -4.3433655547928099e-03 -4.1959655905448789e-03 -5.4185226768375169e-03 -6.4886490858685553e-03 -6.3087926945711980e-03 -7.5673273900250700e-03 -8.6705883719639196e-03 -8.4656662426524174e-03 8.4127515280983320e-03 8.2750747726961522e-03 7.3380680003124537e-03 6.2788664534603519e-03 6.1601208873952535e-03 5.2306922277106632e-03 4.1903965141679971e-03 4.0905742028542738e-03 3.1539182338221612e-03 2.1194938854758572e-03 2.0594755570933188e-03 1.0857183051280988e-03 5.2225457562612672e-05 4.8921949042502769e-05 -9.8134427571225347e-04 -2.0151217259242256e-03 -1.9621106221538731e-03 -3.0498264098314976e-03 -4.0865640358680143e-03 -3.9948002784455806e-03 -5.1279452754158725e-03 -6.1770137699619114e-03 -6.0662926803439756e-03 -7.2389827998867850e-03 -8.3154117625420070e-03 -8.1785379063311434e-03 8.1248882676518350e-03 7.9452824183682651e-03 7.0779826553592218e-03 6.0356736135912413e-03 5.8749062232767877e-03 5.0039066394765809e-03 3.9869816538438052e-03 3.8553719190134962e-03 2.9852585429475009e-03 1.9969997995621055e-03 1.9203029748820417e-03 1.0185432392276060e-03 4.5309833033059094e-05 4.1895402598031726e-05 -9.2789862378134887e-04 -1.9061367208606530e-03 -1.8363550787760332e-03 -2.8942731527743810e-03 -3.8957731712304499e-03 -3.7714383058722544e-03 -4.9131433557427504e-03 -5.9451373247104821e-03 -5.7915051060240157e-03 -6.9892837222146221e-03 -8.0375043865830911e-03 -7.8587482254668141e-03 7.6988863565178711e-03 7.3637440107766445e-03 6.6750711243987477e-03 5.6531925852533419e-03 5.3367973957300719e-03 4.6504520097567547e-03 3.6764308151235174e-03 3.4282323058387933e-03 2.7336572972390316e-03 1.8182322532779634e-03 1.6815177489774207e-03 9.2272515686785714e-04 3.7783779389177187e-05 3.4078476428267390e-05 -8.4697329978625376e-04 -1.7417583550945793e-03 -1.6119990519696905e-03 -2.6561456100422237e-03 -3.5974804850759604e-03 -3.3555264947997239e-03 -4.5700974427297916e-03 -5.5717693611061587e-03 -5.2621138109640118e-03 -6.5943238999411052e-03 -7.6192490400497021e-03 -7.2840362447723957e-03 6.8895904377579515e-03 6.2334499558503141e-03 5.8801603707287599e-03 4.8936661706561815e-03 4.2841338396427736e-03 3.9621117168802513e-03 3.0903548214314654e-03 2.6488734937382408e-03 2.2736338176055091e-03 1.5007714286064701e-03 1.2722186867062976e-03 7.5735208022421289e-04 2.9185261525310427e-05 2.4566403052621479e-05 -6.9864225253240631e-04 -1.4408100186767995e-03 -1.2206168988966311e-03 -2.2116661863402771e-03 -3.0251665617335418e-03 -2.5888355870798646e-03 -3.8925705058263623e-03 -4.8197737175896720e-03 -4.2144091365045565e-03 -5.8008724730805516e-03 -6.8098811382270559e-03 -6.1510495423671499e-03 5.3084479142896743e-03 3.9997244347421985e-03 4.3336358544234579e-03 3.4761685598869462e-03 2.4497442427923147e-03 2.7365269630369162e-03 2.0954167670512638e-03 1.4412323379350534e-03 1.5225881715637192e-03 9.9715889349997078e-04 6.8114381545989811e-04 5.0097341006520156e-04 1.9170140693168891e-05 1.3076411384610647e-05 -4.6214071484302179e-04 -9.5718019738129693e-04 -6.5314792158384350e-04 -1.4803084272651660e-03 -2.0495328929524153e-03 -1.4053831049650265e-03 -2.6842873806024029e-03 -3.4099601182154458e-03 -2.3814832222321938e-03 -4.2503399063015092e-03 -5.2105645913215828e-03 -3.9241274034896466e-03 2.1269921376729753e-03 1.5937920538102218e-03 1.2357689185998361e-03 9.5838167528002646e-04 7.2770482621398083e-04 5.2631214186374864e-04 3.4384159449556655e-04 1.7287087439256626e-04 7.4092124879355769e-06 -1.5767360632261694e-04 -3.2808756729214931e-04 -5.0914089386084390e-04 -7.0973166288870954e-04 -9.3948329097459128e-04 -1.2221183856222972e-03 -1.5917826451872707e-03 -2.1343516288187103e-03 1.5284242479866423e-02 1.0360674287204833e-02 6.0833417011691661e-03 2.0547539451269995e-03 -1.9186303435226547e-03 -5.9417991349228517e-03 -1.0202532745446890e-02 -1.5293620505270829e-02 1.9114957056179709e-02 1.3164365181430954e-02 7.6590438480921763e-03 2.5505831282622536e-03 -2.4168737548429563e-03 -7.5313406269623528e-03 -1.3128896867540893e-02 -1.9126140472653923e-02 2.1773757931233404e-02 1.5538969946068350e-02 9.2328855057140623e-03 3.0856055887414978e-03 -2.9808032496740581e-03 -9.1785944875378174e-03 -1.5526126896310700e-02 -2.1718685657993977e-02 2.3539703897914880e-02 1.7124267991412496e-02 1.0380244452793430e-02 3.4882697629411829e-03 -3.4489034639339166e-03 -1.0358034017303900e-02 -1.7089263400627837e-02 -2.3486288420094179e-02 2.4662583893989114e-02 1.8009294793156983e-02 1.0985673378067370e-02 3.6888684922988233e-03 -3.7017435210423724e-03 -1.0978532435508594e-02 -1.7979654900171321e-02 -2.4630513081515280e-02 2.5303278471280635e-02 1.8406745189933512e-02 1.1199366395428052e-02 3.7486217223718808e-03 -3.7867865900945079e-03 -1.1216871187992901e-02 -1.8405653968130264e-02 -2.5297564832324138e-02 2.5615774231553458e-02 1.8530850380452366e-02 1.1223687793131298e-02 3.7443186339519287e-03 -3.7976612459601228e-03 -1.1268687132884744e-02 -1.8565352851561655e-02 -2.5642628468522916e-02 2.5754531681306880e-02 1.8548864700712587e-02 1.1193381337914929e-02 3.7224233654998165e-03 -3.7918227117463535e-03 -1.1262839843038155e-02 -1.8617192939571783e-02 -2.5820034661288366e-02 1.5634768170371884e-02 1.8191575229748479e-02 1.3225843572026698e-02 1.1065499274737364e-02 1.2727678115206526e-02 9.0968959904221200e-03 7.2319735214269026e-03 8.1732900636959111e-03 5.4181916624115025e-03 3.6214870665615814e-03 4.0542385924391636e-03 1.8485682741111397e-03 6.3316465022738200e-05 6.9178689270014404e-05 -1.7059301397960231e-03 -3.4947236921499241e-03 -3.9158387401186526e-03 -5.2789241415613503e-03 -7.0905864345308439e-03 -8.0241450722052018e-03 -8.9444839044475581e-03 -1.0878788172433504e-02 -1.2585247742225065e-02 -1.2998462379692955e-02 -1.5409814100972915e-02 -1.8334077983948156e-02 2.0300857424309447e-02 2.2077592981991377e-02 1.7355591190814888e-02 1.4497060256651432e-02 1.6113731382603174e-02 1.1800550695764767e-02 9.2603110398837216e-03 1.0359088554194797e-02 6.8550657856164222e-03 4.5445533052528627e-03 5.0719190842750421e-03 2.2901436077767344e-03 6.5576913135484568e-05 6.5017297552140795e-05 -2.1579518074638874e-03 -4.4034476340623126e-03 -4.9375191259629098e-03 -6.7045157625898492e-03 -9.1006894015482863e-03 -1.0249010749761164e-02 -1.1649449521836636e-02 -1.4431369118310194e-02 -1.6120526801619055e-02 -1.7429262305798034e-02 -2.0413462926657744e-02 -2.2079885191859938e-02 2.3508276322058163e-02 2.4721612355562073e-02 2.0553205011234432e-02 1.7506677095980645e-02 1.8687102308078591e-02 1.4448248747593723e-02 1.1431616682991206e-02 1.2377295179084927e-02 8.4919130531214727e-03 5.6303047335908522e-03 6.1428834266466130e-03 2.8310891531559300e-03 6.8107607707405452e-05 5.7358751476827280e-05 -2.6975741385681516e-03 -5.5017956885963582e-03 -6.0510534842543161e-03 -8.3818417027618549e-03 -1.1366706486185176e-02 -1.2347973358535172e-02 -1.4436037597384592e-02 -1.7519684686776487e-02 -1.8669104291080034e-02 -2.0553678832964786e-02 -2.3477852437806018e-02 -2.4665793328777452e-02 2.5734822732504891e-02 2.6579275121439785e-02 2.2737957661827457e-02 1.9622724704251408e-02 2.0378703738812141e-02 1.6420385630130450e-02 1.3159281646401486e-02 1.3780137716839410e-02 9.8778777483941715e-03 6.5938949048008040e-03 6.9466572951913655e-03 3.3198709780812136e-03 4.7967942131541452e-05 2.5564703176973891e-05 -3.2307336314137763e-03 -6.5282008424519707e-03 -6.9128657243475375e-03 -9.8403669914292075e-03 -1.3142117787873104e-02 -1.3758501525541564e-02 -1.6407436181795843e-02 -1.9596346323723285e-02 -2.0337354372673200e-02 -2.2691284628063597e-02 -2.5679610464663934e-02 -2.6533808188749307e-02 2.7280824312226316e-02 2.7843942764970701e-02 2.4167708609497771e-02 2.0950651393109983e-02 2.1382070749582992e-02 1.7634289458549012e-02 1.4224576538905406e-02 1.4537854546415900e-02 1.0740922967916891e-02 7.1962224647209973e-03 7.3618627673874906e-03 3.6142740143190921e-03 8.7321042342181640e-06 -6.1775952083302576e-06 -3.5974640421388856e-03 -7.1833923585134527e-03 -7.3653902140602369e-03 -1.0727470600475303e-02 -1.4205740235689835e-02 -1.4520037992254174e-02 -1.7605233079915312e-02 -2.0913382456639002e-02 -2.1350870424120667e-02 -2.4126999777589080e-02 -2.7241567870275762e-02 -2.7819390363691080e-02 2.8292435933897114e-02 2.8633102119055096e-02 2.5033089457257296e-02 2.1686789169813491e-02 2.1893909665136619e-02 1.8251715938452193e-02 1.4727983560972737e-02 1.4838578669668805e-02 1.1124160599524152e-02 7.4503680101712811e-03 7.4953022714771929e-03 3.7293267899090924e-03 -1.6745224125643530e-05 -2.0881028622705242e-05 -3.7584729117942492e-03 -7.4707428822433173e-03 -7.5248808570511569e-03 -1.1130722484828274e-02 -1.4722663959140396e-02 -1.4845994109285514e-02 -1.8236640558115816e-02 -2.1667240582414409e-02 -2.1889666339784425e-02 -2.5013561972222636e-02 -2.8274092628604731e-02 -2.8632047156034766e-02 2.8889179474441997e-02 2.9072947641260581e-02 2.5490304783880865e-02 2.2024525286673303e-02 2.2101643327597457e-02 1.8489837440517239e-02 1.4887431170092242e-02 1.4902670988641863e-02 1.1222324354277995e-02 7.5039295893588875e-03 7.4988386970523948e-03 3.7482105861563423e-03 -2.6610885745666026e-05 -2.8005545837722982e-05 -3.7980835840190214e-03 -7.5475412479865528e-03 -7.5496618633566614e-03 -1.1256094272161754e-02 -1.4912521192875800e-02 -1.4942647798740155e-02 -1.8507159453195560e-02 -2.2036653499377813e-02 -2.2132042694703331e-02 -2.5499756758716352e-02 -2.8896853484117368e-02 -2.9101825092253154e-02 2.9206571082591670e-02 2.9303397215066918e-02 2.5698021853227455e-02 2.2145025864149348e-02 2.2170763367873769e-02 1.8544844677303583e-02 1.4898655188362048e-02 1.4888560463235357e-02 1.1209029210018404e-02 7.4833976639897644e-03 7.4677072012348097e-03 3.7319443505757087e-03 -3.2865931588886875e-05 -3.5533246165645641e-05 -3.7965017399779317e-03 -7.5462548310338768e-03 -7.5384943907384075e-03 -1.1268515714069076e-02 -1.4954944610519686e-02 -1.4958020536621191e-02 -1.8597399740970955e-02 -2.2193906067226259e-02 -2.2237943632546834e-02 -2.5743591926620409e-02 -2.9248830713516361e-02 -2.9369819171704153e-02 2.9379921645661097e-02 2.5800515376229814e-02 2.2192029994785076e-02 1.8550830141461663e-02 1.4878296292073134e-02 1.1176327027840173e-02 7.4518010157459047e-03 3.7100242524846232e-03 -3.9960108130583037e-05 -3.7905039919265819e-03 -7.5329253575816190e-03 -1.1258571854695192e-02 -1.4961496640070706e-02 -1.8634596063034414e-02 -2.2276880718498281e-02 -2.5886202522149061e-02 -2.9466841239629823e-02
</DataArray>
        <DataArray type="Float64" format="ascii" Name="uy">
-4.5317620899839292e-14 4.2740956750611382e-14 1.5475202469657467e-01 1.5461212588289744e-01 4.7141192844489352e-02 4.7400627707190598e-02 3.1994395518912702e-15 -4.0480858033582320e-15 -2.3059888656937653e-15 2.8622575622454855e-14 -8.2420496795932802e-16 -8.2056565068752604e-15 -6.5329115740049691e-15 7.8164915736099802e-14 1.4943804428901396e-14 2.3340656001750366e-14 7.5053343880342702e-13 -1.2581429547629317e-13 -8.2200360376912216e-14 -1.7864312865421737e-13 -3.6464537683594107e-13 -1.1962708855508109e-14 9.6042222129360899e-13 6.1957256626109592e-03 1.0720241324175666e-02 1.5151829160955303e-02 1.9756975894148730e-02 2.4597344945855745e-02 2.9709481173797254e-02 3.5138438812699679e-02 4.0974923565804344e-02 3.2607284901417489e-03 8.5088138601557874e-03 1.2931772364203670e-02 1.7434145208954425e-02 2.2150127932795256e-02 2.7122018275430555e-02 3.2387513814598659e-02 3.8012459476224295e-02 4.4086402644762095e-02 4.4388480843002107e-02 4.3224086619826602e-02 4.2574309964836736e-02 4.2269414499154806e-02 4.2275004789630699e-02 4.2592349143249914e-02 4.3263455098445557e-02 4.4429202706253827e-02 4.5487232513456502e-02 4.3739933006224301e-02 4.2856946794278254e-02 4.2381146709606542e-02 4.2229898476112450e-02 4.2385194662518888e-02 4.2864415564722938e-02 4.3746888596098828e-02 4.5537615588964228e-02 4.1078894827647768e-02 3.5210417902394542e-02 2.9768487329829979e-02 2.4652053719577707e-02 1.9809388910427553e-02 1.5201488910216573e-02 1.0765473070858579e-02 6.2740959208777312e-03 4.4141403397434650e-02 3.8103308714178399e-02 3.2452712980297789e-02 2.7178083415738026e-02 2.2202573303990541e-02 1.7482886716961892e-02 1.2973462424466432e-02 8.5584945729739008e-03 3.5706361537475978e-03 5.9168276254841085e-02 7.0162785068565214e-02 8.1166303112034335e-02 9.2440587601623950e-02 1.0409032675414735e-01 1.1616628909256245e-01 1.2866306734058772e-01 1.4151545610053817e-01 5.3115651052651709e-02 6.4728338001217800e-02 7.5658570512277770e-02 8.6767689611282589e-02 9.8216883636956506e-02 1.1007542866020709e-01 1.2236522730090224e-01 1.3505031803073939e-01 1.4803971971331359e-01 1.5447479847909021e-01 1.5442644652132068e-01 1.5443910977437902e-01 1.5446600835668275e-01 1.5447506676444447e-01 1.5446906827303228e-01 1.5448396490507796e-01 1.5456762882791336e-01 1.5453436478568919e-01 1.5444265243041480e-01 1.5442996952682245e-01 1.5445364254267449e-01 1.5447126290983251e-01 1.5446825238448697e-01 1.5446665930878870e-01 1.5451170855404484e-01 1.5464541149719496e-01 1.4164546871915165e-01 1.2878826477679278e-01 1.1628561916857846e-01 1.0420137078821576e-01 9.2540166568462978e-02 8.1244347434226122e-02 7.0215078958015931e-02 5.9338280005610790e-02 1.4817799918158250e-01 1.3518281383681141e-01 1.2249140361733826e-01 1.1019192276784247e-01 9.8320646198239423e-02 8.6851037912318976e-02 7.5701801472930555e-02 6.4770692766231736e-02 5.3661562143434864e-02 3.9256624202761908e-02 3.8089323477231644e-02 3.7409322009932217e-02 3.7083530911551983e-02 3.7080653972322471e-02 3.7400596470303034e-02 3.8076407671238599e-02 3.9230783619958791e-02 3.4176953469138363e-02 3.3158418169461634e-02 3.2463367894664759e-02 3.2116191808526082e-02 3.2112484830156961e-02 3.2451555925212976e-02 3.3136079995406874e-02 3.4138521090605070e-02 2.9100304869348680e-02 2.8261959272255933e-02 2.7603876671619523e-02 2.7255058664835879e-02 2.7250322737493071e-02 2.7589073554937428e-02 2.8235564222353189e-02 2.9058986267161670e-02 2.4094559771251814e-02 2.3354650068265342e-02 2.2746068785371193e-02 2.2415271317274797e-02 2.2410045020975818e-02 2.2729918868311438e-02 2.3326336338042951e-02 2.4052736262486930e-02 1.9172482537654995e-02 1.8440034652638854e-02 1.7875024615270182e-02 1.7576716411198144e-02 1.7571443303323511e-02 1.7858719129480147e-02 1.8411251011733746e-02 1.9130706005400462e-02 1.4304946364637704e-02 1.3533224598896575e-02 1.3032586862306112e-02 1.2789158028559117e-02 1.2784212151563688e-02 1.3017148885544462e-02 1.3505540075130110e-02 1.4263322219470707e-02 9.4217894075433063e-03 8.6862581400432674e-03 8.3235442040000083e-03 8.1666001018927351e-03 8.1625140581059099e-03 8.3101766209581727e-03 8.6611669390945691e-03 9.3832048697859976e-03 4.5087034878354589e-03 4.0695548508603019e-03 3.9193473200628895e-03 3.8612000963282149e-03 3.8591162477810874e-03 3.9119998850773788e-03 4.0525068747623016e-03 4.4520666862049056e-03 4.2776458373948736e-02 4.0083785551235512e-02 4.1803918736282600e-02 4.1132059733249973e-02 3.8600651002072599e-02 4.0632091091011423e-02 4.0247013638161404e-02 3.7703971599577175e-02 3.9963220029827939e-02 3.9761687850208664e-02 3.7205974264702832e-02 3.9645079553993358e-02 3.9603138712537976e-02 3.7042262026896401e-02 3.9641017105220590e-02 3.9754759334319725e-02 3.7198457622193475e-02 3.9949925099098851e-02 4.0230113248431509e-02 3.7687079766361938e-02 4.0603245758440980e-02 4.1099972598558770e-02 3.8571877127635261e-02 4.1758877327054071e-02 4.2725696234249391e-02 4.0040748339262279e-02 3.7398686008701477e-02 3.4726402307740753e-02 3.6714738575613651e-02 3.6109012962438417e-02 3.3628856762280356e-02 3.5611320465164381e-02 3.5218888794184978e-02 3.2767278596463320e-02 3.4917734309578390e-02 3.4706701097467867e-02 3.2247062369532287e-02 3.4579638487624229e-02 3.4536407607556621e-02 3.2071533176525509e-02 3.4575963058640122e-02 3.4698188114564918e-02 3.2238283183449304e-02 3.4906345637282281e-02 3.5201493448373894e-02 3.2749744457240972e-02 3.5592998695792501e-02 3.6084539746542243e-02 3.3603891977267979e-02 3.6688042245742417e-02 3.7351454651948106e-02 3.4674209282394945e-02 3.2086054078730358e-02 2.9486532947947140e-02 3.1630978705480851e-02 3.1148942947201708e-02 2.8669640766451177e-02 3.0709316308508990e-02 3.0330554250738644e-02 2.7897362556888725e-02 3.0029507599116205e-02 2.9811528859693247e-02 2.7387126217567781e-02 2.9678857081563901e-02 2.9633249104713984e-02 2.7208983515808260e-02 2.9674578741512424e-02 2.9802411279051661e-02 2.7377526802315109e-02 3.0016373940525774e-02 3.0312452225446720e-02 2.7878034929110042e-02 3.0686014225245434e-02 3.1120558494776445e-02 2.8638448651958134e-02 3.1592099207802538e-02 3.2034353682622536e-02 2.9435100219272044e-02 2.6931939758225252e-02 2.4421773710267547e-02 2.6586438472211239e-02 2.6192731538390680e-02 2.3721277220949546e-02 2.5808927566955919e-02 2.5461260541069772e-02 2.3020494435405929e-02 2.5176586596725344e-02 2.4965127533057282e-02 2.2541095517512610e-02 2.4835181513491990e-02 2.4789887033198239e-02 2.2370947821660488e-02 2.4830206028874886e-02 2.4955036388923525e-02 2.2530499586547813e-02 2.5161198746108258e-02 2.5440482848066649e-02 2.2998355979060955e-02 2.5781746776882091e-02 2.6159157946311868e-02 2.3685849367230134e-02 2.6544625934702450e-02 2.6881928647158014e-02 2.4372605624856322e-02 2.1954754925281136e-02 1.9525690580859713e-02 2.1624029952083543e-02 2.1255536383036198e-02 1.8796026091969266e-02 2.0897333803208146e-02 2.0574979908158247e-02 1.8127686154410301e-02 2.0310700361904833e-02 2.0114772491945730e-02 1.7689900475948102e-02 1.9994213819890354e-02 1.9952004929352909e-02 1.7536993945397990e-02 1.9988843710653854e-02 2.0103847106138092e-02 1.7678993916775732e-02 2.0294050025033060e-02 2.0551797875629649e-02 1.8104000362133842e-02 2.0868054594114754e-02 2.1218711761614727e-02 1.8757847466062939e-02 2.1581614060585834e-02 2.1906114172075844e-02 1.9477500223785270e-02 1.7129944765798343e-02 1.4756491329102303e-02 1.6735390445517199e-02 1.6340484811459912e-02 1.3888328433588566e-02 1.5984046726139189e-02 1.5683140345269127e-02 1.3249427262847606e-02 1.5445457331889290e-02 1.5274452957007535e-02 1.2880105462132536e-02 1.5170801144535357e-02 1.5134677060771080e-02 1.2757456992971357e-02 1.5165544461970873e-02 1.5263962470332453e-02 1.2870673416548238e-02 1.5428888330985548e-02 1.5659736227765703e-02 1.3227570018141515e-02 1.5954220745804437e-02 1.6301382724576145e-02 1.3848472487442847e-02 1.6691935337276528e-02 1.7080817106038784e-02 1.4706122598832654e-02 1.2393750490250920e-02 1.0017976119701432e-02 1.1871614922881616e-02 1.1437392597701558e-02 8.9943781483528291e-03 1.1096188101899830e-02 1.0839328844705023e-02 8.4710640060688246e-03 1.0652040742859022e-02 1.0523250604796704e-02 8.2232302496074265e-03 1.0448022364057889e-02 1.0421906022670749e-02 8.1466370620147353e-03 1.0443677417896837e-02 1.0515423302037256e-02 8.2173739390546362e-03 1.0637660519168229e-02 1.0820411391855760e-02 8.4570400096848995e-03 1.1068115773724439e-02 1.1399261747023508e-02 8.9602593773360582e-03 1.1825677081849608e-02 1.2338413976821155e-02 9.9551462671149706e-03 7.5995038239137095e-03 5.0885518362723320e-03 6.9619369093766393e-03 6.5755819194824551e-03 4.2136850014818216e-03 6.3312701312844503e-03 6.1719429739315410e-03 3.9755752851135650e-03 6.0696818997087367e-03 6.0019991110817255e-03 3.8816447141093251e-03 5.9645071777890482e-03 5.9513227476812244e-03 3.8539775277027120e-03 5.9620586674745627e-03 5.9986262661477991e-03 3.8794334789785116e-03 6.0615072823912465e-03 6.1642428125483657e-03 3.9717986286385513e-03 6.3117001421539119e-03 6.5508244246972984e-03 4.2124889427898439e-03 6.9109546925039443e-03 7.5275751001535026e-03 5.0221823107196957e-03 2.4095356754593521e-03 2.1201577222921147e-03 2.0015198378995074e-03 1.9470974248430761e-03 1.9122208573702593e-03 1.8917701336751561e-03 1.8779271352099994e-03 1.8706075366303509e-03 1.8678529890132998e-03 1.8699043125388626e-03 1.8771699264848671e-03 1.8896334934344775e-03 1.9120364646477914e-03 1.9447614533300590e-03 2.0122075515622349e-03 2.1257525706488379e-03 2.4513199104085593e-03 5.5227159138797756e-02 5.3224033484440825e-02 5.2290928988562330e-02 5.1908194995319339e-02 5.1907663025475205e-02 5.2286567371381584e-02 5.3215020341424349e-02 5.5271069723999665e-02 6.7072469386508668e-02 6.4619017118150268e-02 6.3174483043854923e-02 6.2552198528364716e-02 6.2550867348561814e-02 6.3174004694657199e-02 6.4674569708736196e-02 6.7229937129469702e-02 7.8886088536167354e-02 7.6752808823472032e-02 7.5164569830203726e-02 7.4351535263811469e-02 7.4357416314122821e-02 7.5209898013908746e-02 7.6863772911035300e-02 7.8988560503593833e-02 9.0781424645002579e-02 8.9187418177782932e-02 8.7864523133555084e-02 8.7116021396721158e-02 8.7143990541112396e-02 8.7943871831455231e-02 8.9282362998198139e-02 9.0866703703916571e-02 1.0294233426513552e-01 1.0186156969276622e-01 1.0095998810723374e-01 1.0044312472520792e-01 1.0047279013569352e-01 1.0102878621984508e-01 1.0194095743708530e-01 1.0303313296129184e-01 1.1543650876251767e-01 1.1477678809467073e-01 1.1425486521373675e-01 1.1396657888700534e-01 1.1398356476177066e-01 1.1430055768104150e-01 1.1484669639241776e-01 1.1553200086608734e-01 1.2824058941677130e-01 1.2788454635394697e-01 1.2762799219715287e-01 1.2749726762082439e-01 1.2750610881295121e-01 1.2765867358168811e-01 1.2794481586942472e-01 1.2833463840754331e-01 1.4128112894313569e-01 1.4111518160714329e-01 1.4102449922464955e-01 1.4099123814890721e-01 1.4099798390138341e-01 1.4104998663086413e-01 1.4116933050270422e-01 1.4137126959673929e-01 5.1034293924442718e-02 5.6896400029039770e-02 4.9610455088416841e-02 4.8722659804265420e-02 5.4094207843029533e-02 4.8066788062714194e-02 4.7626087287159773e-02 5.2685895760540440e-02 4.7311655569306173e-02 4.7107067115816796e-02 5.2045348537143835e-02 4.6979610257399655e-02 4.6945670800357199e-02 5.1858368811933099e-02 4.6977201466074862e-02 4.7103651100292590e-02 5.2042207774973682e-02 4.7302681406275145e-02 4.7610000289103581e-02 5.2660301615360547e-02 4.8037200608683717e-02 4.8629539133427178e-02 5.4016709008545195e-02 4.9505940743175207e-02 5.0880708843259494e-02 5.7114531112409085e-02 6.2762900199412983e-02 6.8548221368139275e-02 6.1109733358558425e-02 5.9806043431067824e-02 6.5710646841958056e-02 5.8789386525044257e-02 5.8092364708335009e-02 6.3794507704341849e-02 5.7585169238938812e-02 5.7272099988892280e-02 6.2790270606512349e-02 5.7090365617453821e-02 5.7032301779866561e-02 6.2484065963325987e-02 5.7087542062570572e-02 5.7257656790829496e-02 6.2772756882242847e-02 5.7568991691578891e-02 5.8049692577670217e-02 6.3782930892313003e-02 5.8779071677031974e-02 5.9847777706039440e-02 6.5855217396660004e-02 6.1298364708410422e-02 6.2965434394989153e-02 6.8690836510860942e-02 7.4289455434937479e-02 8.0020582097220225e-02 7.2973762393050368e-02 7.1713300745969780e-02 7.7756327056709609e-02 7.0625223359751257e-02 6.9742376169495870e-02 7.5864655893948196e-02 6.9057830415177685e-02 6.8598440627084381e-02 7.4663075098472614e-02 6.8316792661920062e-02 6.8228033165460111e-02 7.4257224494766627e-02 6.8312539982051418e-02 6.8587970376869867e-02 7.4677344439690721e-02 6.9071371128421460e-02 6.9790337462775118e-02 7.5956530383361878e-02 7.0735184849262764e-02 7.1865302505834658e-02 7.7895979309659732e-02 7.3115227686283882e-02 7.4392867169530488e-02 8.0104911661157810e-02 8.5781278018321749e-02 9.1608356873579599e-02 8.4809342131133683e-02 8.3836599576206927e-02 8.9960252320185313e-02 8.2934789292846006e-02 8.2117092986204898e-02 8.8462486675340152e-02 8.1444785505246489e-02 8.0946702985107116e-02 8.7398259493561697e-02 8.0636035029838043e-02 8.0542992070296845e-02 8.7030077775504977e-02 8.0655447092237154e-02 8.0991892417405106e-02 8.7463592747830124e-02 8.1521034343249435e-02 8.2223566352191496e-02 8.8570194455111315e-02 8.3048681678523598e-02 8.3950309948328194e-02 9.0058356597976230e-02 8.4899143351254022e-02 8.5867321523043216e-02 9.1696707607971578e-02 9.7513155778602714e-02 1.0351121540555396e-01 9.6822800994902675e-02 9.6139254234137161e-02 1.0238750594341678e-01 9.5491695912428953e-02 9.4884914113708876e-02 1.0137054591127423e-01 9.4373294495347468e-02 9.3976319993386015e-02 1.0063454329370375e-01 9.3733228143208863e-02 9.3664604734385426e-02 1.0038507483868021e-01 9.3768410587175180e-02 9.4044716421259111e-02 1.0069597123749023e-01 9.4456850387141439e-02 9.4981805067939185e-02 1.0145496774562979e-01 9.5580849168420551e-02 9.6230236512891559e-02 1.0247463590081636e-01 9.6910110456596629e-02 9.7609158995879033e-02 1.0361236401641315e-01 1.0960509389371910e-01 1.1579521777659389e-01 1.0914805423542485e-01 1.0870519503302713e-01 1.1509428624027582e-01 1.0829059847530116e-01 1.0790901394060760e-01 1.1449080539960152e-01 1.0759007535668354e-01 1.0734227699429681e-01 1.1407231200182626e-01 1.0719467838411460e-01 1.0715158046531739e-01 1.1393257280947604e-01 1.0721903462377043e-01 1.0739004787021729e-01 1.1410676463329078e-01 1.0764859252512342e-01 1.0798099616843987e-01 1.1455072824909987e-01 1.0836611241606928e-01 1.0879168321096454e-01 1.1517798295867777e-01 1.0924262607213234e-01 1.0971119112006077e-01 1.1590437613432736e-01 1.2207842509767396e-01 1.2844537560292643e-01 1.2180402661183332e-01 1.2154578593429548e-01 1.2805251725048503e-01 1.2131126445658756e-01 1.2110414453964896e-01 1.2774167647277623e-01 1.2093635380378501e-01 1.2080893240492024e-01 1.2754444000285797e-01 1.2073525041074822e-01 1.2071185623092751e-01 1.2748154061053779e-01 1.2074682963326445e-01 1.2083382002617314e-01 1.2756251781096484e-01 1.2097231453347160e-01 1.2115524234353392e-01 1.2778498652913203e-01 1.2137578462072195e-01 1.2162647862401733e-01 1.2812846436208206e-01 1.2190002938684173e-01 1.2218892568049422e-01 1.2855600493866426e-01 1.3488782823104989e-01 1.4139175849179350e-01 1.3473704751627605e-01 1.3460321419572202e-01 1.4118947950861510e-01 1.3448845944041368e-01 1.3439487256364396e-01 1.4106138250902456e-01 1.3432457928188873e-01 1.3427459087132124e-01 1.4100164541004792e-01 1.3424810977486096e-01 1.3423957118968938e-01 1.4098862734366083e-01 1.3425494243792072e-01 1.3428994242502146e-01 1.4101550577051064e-01 1.3435061812790058e-01 1.3443422018209056e-01 1.4109819420070008e-01 1.3454374425487567e-01 1.3467509138354292e-01 1.4125815679387821e-01 1.3482897265421229e-01 1.3499731703511708e-01 1.4149976509790874e-01 1.4794600882772105e-01 1.4786353711212602e-01 1.4780377817027265e-01 1.4776188568773738e-01 1.4773906733487324e-01 1.4772900575252451e-01 1.4772636093600086e-01 1.4772957274790660e-01 1.4773077104279597e-01 1.4773682577224809e-01 1.4774044308445869e-01 1.4775510034016745e-01 1.4777550998762515e-01 1.4781566809154001e-01 1.4787163466283454e-01 1.4795284230349062e-01 1.4805348881616046e-01
</DataArray>
        <DataArray type="Float64" format="ascii" Name="U_magnitude">
4.5524285693841287e-14 7.1883972228371076e-14 1.5826317492379388e-01 1.5810072274878126e-01 4.9279211491659182e-02 4.9634137623125192e-02 3.3691556410419556e-15 5.7584628949212121e-15 1.1920958710856972e-14 2.9735646778024786e-14 1.3145851279134557e-14 2.0135183174779122e-14 2.5447318241970595e-14 1.5304079274892731e-13 1.5606488650688338e-13 2.6316730103961496e-13 7.5135336025372152e-13 1.2925128005487137e-13 1.4521247685787653e-12 1.7864347667149172e-13 5.2686345150447130e-13 2.2363115528615235e-14 9.7322628885967971e-13 7.9520022245666202e-03 1.2888789873084418e-02 1.7266084203308156e-02 2.1661144112619338e-02 2.6276462177436802e-02 3.1215317579141231e-02 3.6565780018012056e-02 4.2488824675732340e-02 4.4455572326410585e-03 1.0533384236296203e-02 1.5100863107590774e-02 1.9451359079405532e-02 2.3939604466506760e-02 2.8706897155329890e-02 3.3842079542204126e-02 3.9460251321697372e-02 4.5792805452352640e-02 4.5741834321535640e-02 4.3930140214237183e-02 4.2831296623275381e-02 4.2296584840946637e-02 4.2307610315266739e-02 4.2865778353621979e-02 4.3995947757872134e-02 4.5825169635899020e-02 4.7226336488849850e-02 4.4746568729857474e-02 4.3312572482863340e-02 4.2494504690535902e-02 4.2229960113079168e-02 4.2509396626080359e-02 4.3341166950440040e-02 4.4784878505437990e-02 4.7328003662160757e-02 4.2627780719101234e-02 3.6670365831814884e-02 3.1306342578478828e-02 2.6363212233659311e-02 2.1745609259731437e-02 1.7347005538376609e-02 1.2961490129704798e-02 8.0424264439326581e-03 4.5898514038836359e-02 3.9578892375777754e-02 3.3934613430869565e-02 2.8790923502871553e-02 2.4020246094839548e-02 1.9528147224407919e-02 1.5171777634295829e-02 1.0625563942822793e-02 4.8404065225444081e-03 6.2851059189557537e-02 7.4453610148320457e-02 8.5711804999717978e-02 9.7036754283796392e-02 1.0858905788506215e-01 1.2046317683521954e-01 1.3269840457913143e-01 1.4527129871015781e-01 5.6211256905089949e-02 6.8740533408656587e-02 8.0105000553459246e-02 9.1362035161395072e-02 1.0278175064933279e-01 1.1448476914242776e-01 1.2653719634103400e-01 1.3894682881070677e-01 1.5165958240992744e-01 1.5662172795235871e-01 1.5553717692965927e-01 1.5484205733755554e-01 1.5451036197873200e-01 1.5452147392578341e-01 1.5487853901204307e-01 1.5560614591854102e-01 1.5673109023373255e-01 1.5731531023589224e-01 1.5603202065830576e-01 1.5514424597772170e-01 1.5463262641726194e-01 1.5447126912689199e-01 1.5465161222785287e-01 1.5519010501038957e-01 1.5611507766190622e-01 1.5744539086961187e-01 1.4541370862549446e-01 1.3282811249023438e-01 1.2057980993505615e-01 1.0869091238240232e-01 9.7120922902999091e-02 8.5769142122021386e-02 7.4485583361808619e-02 6.3014104605148433e-02 1.5181344646206740e-01 1.3908485308713656e-01 1.2666080591542342e-01 1.1459218874184324e-01 1.0287056751304338e-01 9.1424342371052902e-02 8.0126302308525479e-02 6.8792171309416714e-02 5.6813518586173679e-02 4.0285661114365948e-02 3.8665193310107891e-02 3.7630829101448798e-02 3.7110481936662748e-02 3.7102656361405986e-02 3.7607545796774271e-02 3.8628473659198609e-02 4.0227886250116418e-02 3.5091854236131599e-02 3.3659713359830236e-02 3.2656615265903771e-02 3.2139861653603663e-02 3.2131603989536101e-02 3.2631544837074429e-02 3.3616770747843541e-02 3.5029364290490479e-02 3.0046317464139112e-02 2.8765281974291991e-02 2.7794410793345815e-02 2.7278201219436995e-02 2.7269090485713306e-02 2.7767022416853481e-02 2.8719808706109653e-02 2.9981347210981450e-02 2.5150416688797677e-02 2.3909056225357685e-02 2.2952468863953496e-02 2.2439999007635370e-02 2.2430380924943739e-02 2.2923718807271228e-02 2.3861600272077749e-02 2.5084323324172840e-02 2.0378669414559940e-02 1.9068317514767806e-02 1.8105236600444212e-02 1.7603876275477520e-02 1.7594124100998892e-02 1.8075916834168572e-02 1.9019549324039629e-02 2.0312169363408468e-02 1.5647804598068731e-02 1.4218798994292025e-02 1.3277274634096028e-02 1.2817463208759037e-02 1.2808127108170130e-02 1.3248551539236668e-02 1.4169536573176560e-02 1.5580978642807660e-02 1.0772823028068888e-02 9.3382413569388419e-03 8.5456892093504332e-03 8.1916548575308133e-03 8.1838473188220202e-03 8.5202020118738953e-03 9.2894583929256352e-03 1.0703622759814985e-02 5.5039011908151886e-03 4.4892090698454490e-03 4.0554406434520343e-03 3.8762455957186879e-03 3.8719969881896481e-03 4.0408343662355732e-03 4.4549949007284808e-03 5.3830908309719068e-03 4.4234994294604014e-02 4.1360115546951438e-02 4.2977184696507839e-02 4.2030618698350695e-02 3.9394467144404387e-02 4.1276962782402796e-02 4.0671578582929219e-02 3.8085570798134086e-02 4.0208197135421356e-02 3.9873701676535388e-02 3.7307676100993482e-02 3.9674633641827592e-02 3.9603202249238981e-02 3.7042325230750815e-02 3.9665350785653433e-02 3.9856364481574529e-02 3.7290316944780272e-02 4.0179438143101057e-02 4.0634364856626935e-02 3.8049646746367759e-02 4.1223098920720500e-02 4.1968971870996373e-02 3.9338883856697496e-02 4.2897359849965108e-02 4.4143188747491714e-02 4.1277653062990631e-02 3.8591711024529171e-02 3.5893420150451508e-02 3.7663525340894816e-02 3.6836850573307350e-02 3.4324833858004652e-02 3.6138215109215249e-02 3.5568973497924886e-02 3.3099474848432578e-02 3.5121469937870159e-02 3.4800494714869769e-02 3.2335997567555168e-02 3.4604569260427098e-02 3.4536469482275053e-02 3.2071593769641311e-02 3.4596183859783608e-02 3.4782669967538059e-02 3.2318252882070346e-02 3.5096384030677184e-02 3.5533712452640663e-02 3.3064871839691035e-02 3.6098129445652161e-02 3.6786506687825689e-02 3.4276504031173230e-02 3.7606926477028776e-02 3.8512515671173558e-02 3.5811359915458765e-02 3.3265747565847298e-02 3.0707712204937853e-02 3.2549987905671249e-02 3.1841471297180478e-02 2.9378440210864398e-02 3.1204207708246320e-02 3.0656804866148548e-02 2.8227536437083887e-02 3.0218509522261437e-02 2.9898350274193058e-02 2.7474388609461574e-02 2.9701919157783564e-02 2.9633307544900508e-02 2.7209040602758569e-02 2.9693243893004300e-02 2.9880535073599283e-02 2.7456206353557992e-02 3.0192584050016465e-02 3.0622044090206493e-02 2.8192037151396423e-02 3.1160742241342191e-02 3.1789805409696129e-02 2.9325101985396701e-02 3.2485768825494366e-02 3.3187029372623696e-02 3.0628297860811230e-02 2.8215310868643553e-02 2.5785652864514161e-02 2.7580535756469335e-02 2.6934798112898405e-02 2.4508081980042073e-02 2.6333645462362592e-02 2.5803782887130866e-02 2.3381102654913694e-02 2.5373366211207494e-02 2.5054936580889291e-02 2.2634982365795912e-02 2.4858902329873388e-02 2.4789942045457626e-02 2.2371001314124370e-02 2.4849590902545012e-02 2.5036264832094843e-02 2.2615775240150408e-02 2.5345361774322051e-02 2.5766609655948593e-02 2.3342724926714912e-02 2.6286770239322483e-02 2.6878561039876937e-02 2.4450344928665341e-02 2.7513997128558669e-02 2.8138659537574221e-02 2.5708216337001551e-02 2.3409935352131640e-02 2.1080325077358401e-02 2.2752945080542260e-02 2.2095863479402136e-02 1.9692768215319192e-02 2.1488081388046344e-02 2.0957715069377259e-02 1.8533129739650472e-02 2.0528914188512798e-02 2.0213660742235379e-02 1.7793823151989841e-02 2.0020140274375469e-02 1.9952056377273302e-02 1.7537043988816489e-02 2.0010369030704092e-02 2.0194009648051334e-02 1.7774111113772747e-02 2.0499397149706985e-02 2.0917778192781716e-02 1.8492662761407371e-02 2.1438625892930569e-02 2.2035843224895046e-02 1.9631565728519620e-02 2.2685152686497186e-02 2.3334080545081792e-02 2.1003164967186089e-02 1.8780518065534803e-02 1.6491778624578984e-02 1.8017487834870050e-02 1.7290749847230901e-02 1.4878409630141788e-02 1.6646815119969693e-02 1.6108290866128472e-02 1.3685762658189209e-02 1.5685503957793667e-02 1.5382291170781305e-02 1.2989404091634939e-02 1.5198836438430150e-02 1.5134724224372748e-02 1.2757502509114761e-02 1.5189177153439426e-02 1.5363016385568928e-02 1.2971228744378564e-02 1.5655852088971987e-02 1.6067644648911673e-02 1.3646544128171763e-02 1.6595871481844576e-02 1.7227294986342775e-02 1.4814520984324795e-02 1.7947306566756898e-02 1.8703135270436492e-02 1.6411192092808322e-02 1.4179968533626608e-02 1.1798972153836048e-02 1.3248076345744481e-02 1.2440334321222365e-02 9.9625619712772270e-03 1.1782347798710711e-02 1.1271261807180199e-02 8.8755538520558716e-03 1.0891987087950849e-02 1.0629728038490716e-02 8.3210609975449233e-03 1.0475435718540482e-02 1.0421946887452033e-02 8.1466741022549211e-03 1.0467019585637160e-02 1.0613673291134768e-02 8.3075351379411182e-03 1.0865140985779771e-02 1.1235343137404957e-02 8.8444104055805956e-03 1.1732659200854555e-02 1.2376323649045446e-02 9.9018933784903902e-03 1.3171816878970295e-02 1.4092939387515872e-02 1.1702151412125390e-02 9.2699556432814436e-03 6.4723377032030955e-03 8.2005466432967314e-03 7.4378777508487632e-03 4.8740525383716322e-03 6.8973590086875043e-03 6.5179484119700188e-03 4.2287527120317102e-03 6.2577402553827370e-03 6.0842681719588849e-03 3.9409545270038494e-03 5.9855091873197751e-03 5.9513536226107585e-03 3.8539997115428289e-03 5.9799429424304855e-03 6.0745132324472864e-03 3.9340318154901356e-03 6.2396461097016060e-03 6.4960352932652765e-03 4.2131088305639832e-03 6.8587868771472276e-03 7.3851965885161509e-03 4.8390624537094093e-03 8.1133645351938559e-03 9.1550188557307337e-03 6.3734677406357227e-03 3.2140251593654350e-03 2.6524030384131843e-03 2.3522768718164701e-03 2.1701805955595239e-03 2.0460065790356028e-03 1.9636187790247183e-03 1.9091457166133992e-03 1.8785784240514208e-03 1.8678676840171548e-03 1.8765401951949272e-03 1.9056254576151322e-03 1.9570230426111000e-03 2.0395103518858634e-03 2.1597976674630637e-03 2.3542626401997155e-03 2.6556724160068249e-03 3.2502963216615357e-03 5.7303116623142282e-02 5.4223069924511147e-02 5.2643596958605064e-02 5.1948847161867900e-02 5.1943109486835420e-02 5.2623094782061189e-02 5.4184223389840365e-02 5.7347937858256710e-02 6.9743083763651695e-02 6.5946325780485066e-02 6.3637066718425284e-02 6.2604177296935459e-02 6.2597542162645861e-02 6.3621348310138034e-02 6.5993695910811834e-02 6.9897594349248804e-02 8.1835881488403261e-02 7.8309981798473566e-02 7.5729510314811871e-02 7.4415534385873172e-02 7.4417138811735076e-02 7.5767904524470089e-02 7.8416198597735826e-02 8.1920046369253582e-02 9.3783712446126752e-02 9.0816496934535196e-02 8.8475555383319207e-02 8.7185831474689904e-02 8.7212212576754544e-02 8.8551755834715390e-02 9.0903153224286215e-02 9.3852882671589880e-02 1.0585540717546245e-01 1.0344135574914465e-01 1.0155591670691745e-01 1.0051084048657215e-01 1.0054095912983271e-01 1.0162353969180897e-01 1.0351437964610952e-01 1.0593624810459325e-01 1.1817716977772819e-01 1.1624336262262930e-01 1.1480243914076127e-01 1.1402821259681943e-01 1.1404645013537110e-01 1.1484962205181662e-01 1.1631221677126927e-01 1.1826922681140369e-01 1.3077391430802565e-01 1.2922015946429380e-01 1.2812055088842772e-01 1.2755223703568933e-01 1.2756265133478226e-01 1.2815506330354193e-01 1.2928475638823000e-01 1.3087140180333362e-01 1.4360937747086844e-01 1.4232903731038993e-01 1.4146802171282089e-01 1.4104036893908739e-01 1.4104896094524089e-01 1.4149894094973600e-01 1.4239164212667463e-01 1.4370981197296193e-01 5.3375510602781916e-02 5.9733857615293144e-02 5.1343161105171002e-02 4.9963415141495222e-02 5.5571369538361969e-02 4.8920033026628687e-02 4.8172042008812352e-02 5.3316097780650107e-02 4.7620894086517165e-02 4.7246067993298030e-02 5.2203018637979187e-02 4.7015965209715953e-02 4.6945713498361630e-02 5.1858414953848374e-02 4.7008165835587021e-02 4.7233113815019323e-02 5.2189320585078948e-02 4.7596330828288930e-02 4.8135107182949083e-02 5.3268135600568374e-02 4.8862832855206470e-02 4.9831517219829910e-02 5.5463441227956899e-02 5.1183964218327875e-02 5.3163040761595726e-02 5.9985065472264322e-02 6.5964433247043180e-02 7.2015823015597766e-02 6.3526498854704724e-02 6.1538017411708619e-02 6.7657530604207122e-02 5.9962029357872551e-02 5.8825812344255810e-02 6.4630100796091772e-02 5.7991754958807318e-02 5.7452122692568636e-02 6.2994781101583977e-02 5.7136280978716092e-02 5.7032339480695568e-02 6.2484099789932593e-02 5.7128313599730043e-02 5.7426732557602056e-02 6.2966642769933481e-02 5.7958082576944306e-02 5.8758738549644460e-02 6.4601118369284422e-02 5.9922357608621198e-02 6.1563145720312476e-02 6.7799565210427931e-02 6.3728084079545402e-02 6.6191807629099486e-02 7.2152285831063895e-02 7.7920230007705968e-02 8.3752323410378540e-02 7.5812955581689365e-02 7.3819247129897250e-02 7.9970333186892423e-02 7.2087960620946259e-02 7.0673056349321042e-02 7.6867700953374210e-02 6.9577988825153717e-02 6.8829110032461671e-02 7.4915350896552102e-02 6.8375428520813616e-02 6.8228067159149045e-02 7.4257246647667599e-02 6.8365781097215916e-02 6.8808280288185045e-02 7.4922099682493637e-02 6.9578082611482558e-02 7.0709923062545588e-02 7.6953667579535603e-02 7.2193251465580033e-02 7.3970001052989010e-02 8.0101929113112882e-02 7.5949260912702751e-02 7.8009667611103187e-02 8.3816455620479791e-02 8.9558409764410513e-02 9.5386314086761459e-02 8.7804551313395734e-02 8.6102420136254576e-02 9.2239571570913545e-02 8.4544712071725453e-02 8.3164798165776488e-02 8.9529345715691419e-02 8.2041608680033989e-02 8.1214827304961421e-02 8.7673894689815068e-02 8.0704347396186621e-02 8.0543006354117264e-02 8.7030081530264550e-02 8.0720126272484330e-02 8.1254563217039777e-02 8.7736353747355722e-02 8.2112799629042388e-02 8.3267221183509946e-02 8.9632447863731590e-02 8.4653927791924960e-02 8.6207141987538802e-02 9.2326137014433443e-02 8.7879229285699675e-02 8.9624992603394724e-02 9.5458520641895403e-02 1.0125738948371421e-01 1.0719074989677960e-01 9.9793451347932244e-02 9.8395558835201916e-02 1.0459633991136295e-01 9.7106293065587129e-02 9.5945221371765491e-02 1.0240769889594484e-01 9.4982557030795417e-02 9.4251442096453045e-02 1.0090346043292163e-01 9.3802883936462342e-02 9.3664605141420956e-02 1.0038507502876166e-01 9.3837394313671926e-02 9.4318660998401541e-02 1.0096498203073595e-01 9.5064058458193768e-02 9.6038254615584795e-02 1.0248874076484346e-01 9.7188697694508205e-02 9.8476535200547666e-02 1.0467526293672480e-01 9.9868321438670138e-02 1.0133928626112201e-01 1.0728206027699660e-01 1.1319778504248505e-01 1.1928280260326315e-01 1.1198193296757425e-01 1.1084735563676927e-01 1.1715817515471852e-01 1.0981793502355090e-01 1.0890945225005279e-01 1.1544837780577678e-01 1.0816363189307600e-01 1.0760052236772517e-01 1.1431829215651712e-01 1.0725953082211249e-01 1.0715158177375600e-01 1.1393257472296461e-01 1.0728488944992196e-01 1.0764959071348182e-01 1.1435461323003124e-01 1.0822251362666790e-01 1.0898005490722784e-01 1.1550875673944408e-01 1.0988989661938024e-01 1.1092835368079293e-01 1.1723960615294031e-01 1.1206975342916549e-01 1.1329593889876821e-01 1.1938851926141404e-01 1.2545009591480955e-01 1.3169453594712396e-01 1.2444266365210663e-01 1.2352513020632236e-01 1.2994587262382018e-01 1.2271225274043696e-01 1.2201577533878323e-01 1.2860803050615130e-01 1.2145592713106629e-01 1.2104175770410244e-01 1.2776469292197687e-01 1.2079341776083766e-01 1.2071185916410762e-01 1.2748154368671097e-01 1.2080654909977268e-01 1.2106930841880473e-01 1.2778573216335123e-01 1.2149485808810584e-01 1.2206955408965990e-01 1.2865568586536566e-01 1.2277864652830267e-01 1.2360669237517112e-01 1.3002588470618265e-01 1.2453856735672920e-01 1.2555939510938990e-01 1.3180881089475757e-01 1.3801358628516142e-01 1.4439639350671349e-01 1.3716581316265430e-01 1.3641270997360644e-01 1.4291959932853121e-01 1.3576102896914530e-01 1.3521816334287273e-01 1.4184492542218335e-01 1.3479144978479701e-01 1.3448296172474083e-01 1.4119925870621369e-01 1.3429997165583807e-01 1.3423957521297936e-01 1.4098863182136795e-01 1.3430861102130071e-01 1.3450180146931298e-01 1.4121686076879103e-01 1.3482235733641210e-01 1.3526348333630372e-01 1.4188883953670370e-01 1.3582298183756258e-01 1.3649157375342441e-01 1.4299787759896371e-01 1.3726465092031045e-01 1.3812953958074228e-01 1.4451563860337729e-01 1.5083501358755300e-01 1.5009760891162838e-01 1.4946050661193613e-01 1.4892181895522674e-01 1.4848634858980447e-01 1.4815117085754892e-01 1.4791418814221938e-01 1.4777615147320983e-01 1.4773077644725641e-01 1.4778544451255138e-01 1.4793236118995420e-01 1.4818341714490285e-01 1.4853096557221174e-01 1.4898563656870006e-01 1.4954022787332180e-01 1.5020032964910324e-01 1.5095737902891165e-01
</DataArray>
      </PointData>
      <CellData>
        <DataArray type="Int64" format="ascii" Name="element_id">
0 1 2 3 4 5 6 7 8 9 10 11 12 13 14 15 16 17 18 19 20 21 22 23 24 25 26 27 28 29 30 31 32 33 34 35 36 37 38 39 40 41 42 43 44 45 46 47 48 49 50 51 52 53 54 55 56 57 58 59 60 61 62 63 64 65 66 67 68 69 70 71 72 73 74 75 76 77 78 79 80 81 82 83 84 85 86 87 88 89 90 91 92 93 94 95 96 97 98 99 100 101 102 103 104 105 106 107 108 109 110 111 112 113 114 115 116 117 118 119 120 121 122 123 124 125 126 127 128 129 130 131 132 133 134 135 136 137 138 139 140 141 142 143 144 145 146 147 148 149 150 151 152 153 154 155 156 157 158 159 160 161 162 163 164 165 166 167 168 169 170 171 172 173 174 175 176 177 178 179 180 181 182 183 184 185 186 187 188 189 190 191 192 193 194 195 196 197 198 199 200 201 202 203 204 205 206 207 208 209 210 211 212 213 214 215 216 217 218 219 220 221 222 223 224 225 226 227 228 229 230 231 232 233 234 235 236 237 238 239 240 241 242 243 244 245 246 247 248 249 250 251 252 253 254 255 256 257 258 259 260 261 262 263 264 265 266 267 268 269 270 271 272 273 274 275 276 277 278 279 280 281 282 283 284 285 286 287 288 289 290 291 292 293 294 295 296 297 298 299 300 301 302 303 304 305 306 307 308 309 310 311 312 313 314 315 316 317 318 319 320 321 322 323
</DataArray>
        <DataArray type="Int64" format="ascii" Name="material_id">
2 2 2 2 2 2 2 2 2 2 2 2 2 2 2 2 2 2 2 2 2 2 2 2 2 2 2 2 2 2 2 2 2 2 2 2 2 2 2 2 2 2 2 2 2 2 2 2 2 2 2 2 2 2 2 2 2 2 2 2 2 2 2 2 2 2 2 2 2 2 2 2 2 2 2 2 2 2 2 2 2 2 2 2 2 2 2 2 2 2 2 2 2 2 2 2 2 2 2 2 2 2 2 2 2 2 2 2 2 2 2 2 2 2 2 2 2 2 2 2 2 2 2 2 2 2 2 2 2 2 2 2 2 2 2 2 2 2 2 2 2 2 2 2 2 2 2 2 2 2 2 2 2 2 2 2 2 2 2 2 2 2 1 1 1 1 1 1 1 1 1 1 1 1 1 1 1 1 1 1 1 1 1 1 1 1 1 1 1 1 1 1 1 1 1 1 1 1 1 1 1 1 1 1 1 1 1 1 1 1 1 1 1 1 1 1 1 1 1 1 1 1 1 1 1 1 1 1 1 1 1 1 1 1 1 1 1 1 1 1 1 1 1 1 1 1 1 1 1 1 1 1 1 1 1 1 1 1 1 1 1 1 1 1 1 1 1 1 1 1 1 1 1 1 1 1 1 1 1 1 1 1 1 1 1 1 1 1 1 1 1 1 1 1 1 1 1 1 1 1 1 1 1 1 1 1 1 1 1 1 1 1 1 1 1 1 1 1 1 1 1 1 1 1
</DataArray>
        <DataArray type="Float64" format="ascii" Name="Strain" NumberOfComponents="9">
-2.6244267280909617e-02 2.1299572124432865e-03 0.0000000000000000e+00 2.1299572124432865e-03 5.2099085218597505e-02 0.0000000000000000e+00 0.0000000000000000e+00 0.0000000000000000e+00 0.0000000000000000e+00 -2.2520642098368328e-02 1.1165865580879354e-03 0.0000000000000000e+00 1.1165865580879354e-03 4.7829809382854832e-02 0.0000000000000000e+00 0.0000000000000000e+00 0.0000000000000000e+00 0.0000000000000000e+00 -2.5638065493509755e-02 3.1367806063307799e-03 0.0000000000000000e+00 3.1367806063307799e-03 4.6895681864482529e-02 0.0000000000000000e+00 0.0000000000000000e+00 0.0000000000000000e+00 0.0000000000000000e+00 -2.3716467296929885e-02 1.9244417858653028e-03 0.0000000000000000e+00 1.9244417858653028e-03 4.5899299637608221e-02 0.0000000000000000e+00 0.0000000000000000e+00 0.0000000000000000e+00 0.0000000000000000e+00 -2.6360219009578870e-02 1.9994937111215902e-03 0.0000000000000000e+00 1.9994937111215902e-03 4.6931217982210144e-02 0.0000000000000000e+00 0.0000000000000000e+00 0.0000000000000000e+00 0.0000000000000000e+00 -2.4869365177061318e-02 1.3135191103635991e-03 0.0000000000000000e+00 1.3135191103635991e-03 4.6065585862807450e-02 0.0000000000000000e+00 0.0000000000000000e+00 0.0000000000000000e+00 0.0000000000000000e+00 -2.6860198950174944e-02 1.0130632216384370e-03 0.0000000000000000e+00 1.0130632216384370e-03 4.7031163147511289e-02 0.0000000000000000e+00 0.0000000000000000e+00 0.0000000000000000e+00 0.0000000000000000e+00 -2.5455930034981557e-02 5.8457011347253635e-04 0.0000000000000000e+00 5.8457011347253635e-04 4.6242984660152142e-02 0.0000000000000000e+00 0.0000000000000000e+00 0.0000000000000000e+00 0.0000000000000000e+00 -2.7051219124988271e-02 1.1714831613217507e-04 0.0000000000000000e+00 1.1714831613217507e-04 4.7095538796967401e-02 0.0000000000000000e+00 0.0000000000000000e+00 0.0000000000000000e+00 0.0000000000000000e+00 -2.5596380169315619e-02 -1.1932260842299694e-04 0.0000000000000000e+00 -1.1932260842299694e-04 4.6296801808041313e-02 0.0000000000000000e+00 0.0000000000000000e+00 0.0000000000000000e+00 0.0000000000000000e+00 -2.6966255674860828e-02 -7.6392111153678174e-04 0.0000000000000000e+00 -7.6392111153678174e-04 4.7082930083779381e-02 0.0000000000000000e+00 0.0000000000000000e+00 0.0000000000000000e+00 0.0000000000000000e+00 -2.5319101543810309e-02 -8.3625258135372829e-04 0.0000000000000000e+00 -8.3625258135372829e-04 4.6196761028964736e-02 0.0000000000000000e+00 0.0000000000000000e+00 0.0000000000000000e+00 0.0000000000000000e+00 -2.6627215846957090e-02 -1.7519546809585233e-03 0.0000000000000000e+00 -1.7519546809585233e-03 4.7043143033602096e-02 0.0000000000000000e+00 0.0000000000000000e+00 0.0000000000000000e+00 0.0000000000000000e+00 -2.4554509650061951e-02 -1.6168133206488273e-03 0.0000000000000000e+00 -1.6168133206488273e-03 4.5959438630457365e-02 0.0000000000000000e+00 0.0000000000000000e+00 0.0000000000000000e+00 0.0000000000000000e+00 -2.6093315380245282e-02 -2.9282516599689126e-03 0.0000000000000000e+00 -2.9282516599689126e-03 4.7122561737602889e-02 0.0000000000000000e+00 0.0000000000000000e+00 0.0000000000000000e+00 0.0000000000000000e+00 -2.3033279781642629e-02 -2.1257108689618186e-03 0.0000000000000000e+00 -2.1257108689618186e-03 4.5810237320085406e-02 0.0000000000000000e+00 0.0000000000000000e+00 0.0000000000000000e+00 0.0000000000000000e+00 -2.5292738428184879e-02 -2.8928703981284829e-03 0.0000000000000000e+00 -2.8928703981284829e-03 4.8611527019472862e-02 0.0000000000000000e+00 0.0000000000000000e+00 0.0000000000000000e+00 0.0000000000000000e+00 -2.2470571904152276e-02 -3.0046340558261030e-04 0.0000000000000000e+00 -3.0046340558261030e-04 5.0718182575766650e-02 0.0000000000000000e+00 0.0000000000000000e+00 0.0000000000000000e+00 0.0000000000000000e+00 -2.1236735520957652e-02 -1.2031276194054471e-03 0.0000000000000000e+00 -1.2031276194054471e-03 4.9826625286444708e-02 0.0000000000000000e+00 0.0000000000000000e+00 0.0000000000000000e+00 0.0000000000000000e+00 -2.0301202788104402e-02 -1.3649007497629926e-03 0.0000000000000000e+00 -1.3649007497629926e-03 4.7306416612626502e-02 0.0000000000000000e+00 0.0000000000000000e+00 0.0000000000000000e+00 0.0000000000000000e+00 -2.0565345883021776e-02 -2.6334408314029569e-04 0.0000000000000000e+00 -2.6334408314029569e-04 4.5138668676697531e-02 0.0000000000000000e+00 0.0000000000000000e+00 0.0000000000000000e+00 0.0000000000000000e+00 -2.0175071999455785e-02 -7.6634769544554936e-04 0.0000000000000000e+00 -7.6634769544554936e-04 4.4554590325385904e-02 0.0000000000000000e+00 0.0000000000000000e+00 0.0000000000000000e+00 0.0000000000000000e+00 -2.1758924213297230e-02 3.1494517675947009e-04 0.0000000000000000e+00 3.1494517675947009e-04 4.4613709588192635e-02 0.0000000000000000e+00 0.0000000000000000e+00 0.0000000000000000e+00 0.0000000000000000e+00 -2.1127887455242161e-02 -2.5246658042417407e-04 0.0000000000000000e+00 -2.5246658042417407e-04 4.4257184718599907e-02 0.0000000000000000e+00 0.0000000000000000e+00 0.0000000000000000e+00 0.0000000000000000e+00 -2.2679160171317995e-02 2.3676965597195683e-04 0.0000000000000000e+00 2.3676965597195683e-04 4.4829140352756362e-02 0.0000000000000000e+00 0.0000000000000000e+00 0.0000000000000000e+00 0.0000000000000000e+00 -2.1822220345168095e-02 -7.1750299528584670e-05 0.0000000000000000e+00 -7.1750299528584670e-05 4.4417682044397382e-02 0.0000000000000000e+00 0.0000000000000000e+00 0.0000000000000000e+00 0.0000000000000000e+00 -2.3050332032260992e-02 2.5840589685332760e-05 0.0000000000000000e+00 2.5840589685332760e-05 4.4972270341242564e-02 0.0000000000000000e+00 0.0000000000000000e+00 0.0000000000000000e+00 0.0000000000000000e+00 -2.2001209826183699e-02 -3.9800457829684020e-06 0.0000000000000000e+00 -3.9800457829684020e-06 4.4483000598912963e-02 0.0000000000000000e+00 0.0000000000000000e+00 0.0000000000000000e+00 0.0000000000000000e+00 -2.2868289805075728e-02 -1.9887938364252769e-04 0.0000000000000000e+00 -1.9887938364252769e-04 4.4907741518077186e-02 0.0000000000000000e+00 0.0000000000000000e+00 0.0000000000000000e+00 0.0000000000000000e+00 -2.1637859888480167e-02 7.7676644707127033e-05 0.0000000000000000e+00 7.7676644707127033e-05 4.4365980808655281e-02 0.0000000000000000e+00 0.0000000000000000e+00 0.0000000000000000e+00 0.0000000000000000e+00 -2.2105814889350275e-02 -3.4669683951958093e-04 0.0000000000000000e+00 -3.4669683951958093e-04 4.4674157451120779e-02 0.0000000000000000e+00 0.0000000000000000e+00 0.0000000000000000e+00 0.0000000000000000e+00 -2.0767362978093295e-02 3.5048748475071761e-04 0.0000000000000000e+00 3.5048748475071761e-04 4.4241970921048909e-02 0.0000000000000000e+00 0.0000000000000000e+00 0.0000000000000000e+00 0.0000000000000000e+00 -2.0793499473386507e-02 -5.2593588357520591e-05 0.0000000000000000e+00 -5.2593588357520591e-05 4.4669031600567857e-02 0.0000000000000000e+00 0.0000000000000000e+00 0.0000000000000000e+00 0.0000000000000000e+00 -1.9879388855289240e-02 1.1768993755653307e-03 0.0000000000000000e+00 1.1768993755653307e-03 4.5044560819276325e-02 0.0000000000000000e+00 0.0000000000000000e+00 0.0000000000000000e+00 0.0000000000000000e+00 -2.0492500823308387e-02 1.1564248987528576e-03 0.0000000000000000e+00 1.1564248987528576e-03 4.7548311835751464e-02 0.0000000000000000e+00 0.0000000000000000e+00 0.0000000000000000e+00 0.0000000000000000e+00 -2.1267178170503651e-02 1.1850430588331033e-03 0.0000000000000000e+00 1.1850430588331033e-03 4.9636398693820950e-02 0.0000000000000000e+00 0.0000000000000000e+00 0.0000000000000000e+00 0.0000000000000000e+00 -2.0509136355551894e-02 -1.1339308117212367e-03 0.0000000000000000e+00 -1.1339308117212367e-03 4.8009970466151568e-02 0.0000000000000000e+00 0.0000000000000000e+00 0.0000000000000000e+00 0.0000000000000000e+00 -1.9837930586404352e-02 -1.7716391220444008e-03 0.0000000000000000e+00 -1.7716391220444008e-03 4.6424199369045308e-02 0.0000000000000000e+00 0.0000000000000000e+00 0.0000000000000000e+00 0.0000000000000000e+00 -1.9423193308877620e-02 -2.0651403786351836e-03 0.0000000000000000e+00 -2.0651403786351836e-03 4.4988911580582928e-02 0.0000000000000000e+00 0.0000000000000000e+00 0.0000000000000000e+00 0.0000000000000000e+00 -1.9200357729929892e-02 -2.1081582358130446e-03 0.0000000000000000e+00 -2.1081582358130446e-03 4.4441002860848386e-02 0.0000000000000000e+00 0.0000000000000000e+00 0.0000000000000000e+00 0.0000000000000000e+00 -1.9617442702807939e-02 -1.3677940299870565e-03 0.0000000000000000e+00 -1.3677940299870565e-03 4.3930068840534096e-02 0.0000000000000000e+00 0.0000000000000000e+00 0.0000000000000000e+00 0.0000000000000000e+00 -1.9359868639706908e-02 -1.4104173251674494e-03 0.0000000000000000e+00 -1.4104173251674494e-03 4.3776773995511289e-02 0.0000000000000000e+00 0.0000000000000000e+00 0.0000000000000000e+00 0.0000000000000000e+00 -2.0113718603305884e-02 -6.6236677804044431e-04 0.0000000000000000e+00 -6.6236677804044431e-04 4.3804875787376608e-02 0.0000000000000000e+00 0.0000000000000000e+00 0.0000000000000000e+00 0.0000000000000000e+00 -1.9655987555863456e-02 -6.2131283387453502e-04 0.0000000000000000e+00 -6.2131283387453502e-04 4.3676231136701327e-02 0.0000000000000000e+00 0.0000000000000000e+00 0.0000000000000000e+00 0.0000000000000000e+00 -2.0361198471715268e-02 -9.3479942415736558e-05 0.0000000000000000e+00 -9.3479942415736558e-05 4.3842808292928248e-02 0.0000000000000000e+00 0.0000000000000000e+00 0.0000000000000000e+00 0.0000000000000000e+00 -1.9743061604865018e-02 1.1444581853109863e-04 0.0000000000000000e+00 1.1444581853109863e-04 4.3677673344929661e-02 0.0000000000000000e+00 0.0000000000000000e+00 0.0000000000000000e+00 0.0000000000000000e+00 -2.0222782739521595e-02 4.5362546009060817e-04 0.0000000000000000e+00 4.5362546009060817e-04 4.3816949130827003e-02 0.0000000000000000e+00 0.0000000000000000e+00 0.0000000000000000e+00 0.0000000000000000e+00 -1.9555778962692689e-02 8.7244399532196328e-04 0.0000000000000000e+00 8.7244399532196328e-04 4.3686060831683020e-02 0.0000000000000000e+00 0.0000000000000000e+00 0.0000000000000000e+00 0.0000000000000000e+00 -1.9759771058777117e-02 1.1126719998038952e-03 0.0000000000000000e+00 1.1126719998038952e-03 4.3834953892371790e-02 0.0000000000000000e+00 0.0000000000000000e+00 0.0000000000000000e+00 0.0000000000000000e+00 -1.9241299740793097e-02 1.7073827352042661e-03 0.0000000000000000e+00 1.7073827352042661e-03 4.3914554875173886e-02 0.0000000000000000e+00 0.0000000000000000e+00 0.0000000000000000e+00 0.0000000000000000e+00 -1.9396864363604320e-02 1.8814414288254578e-03 0.0000000000000000e+00 1.8814414288254578e-03 4.4501549109030578e-02 0.0000000000000000e+00 0.0000000000000000e+00 0.0000000000000000e+00 0.0000000000000000e+00 -1.9327441355276569e-02 2.2798906434453314e-03 0.0000000000000000e+00 2.2798906434453314e-03 4.5023922584080424e-02 0.0000000000000000e+00 0.0000000000000000e+00 0.0000000000000000e+00 0.0000000000000000e+00 -2.0039958508278558e-02 1.7547579008512489e-03 0.0000000000000000e+00 1.7547579008512489e-03 4.6916871667526644e-02 0.0000000000000000e+00 0.0000000000000000e+00 0.0000000000000000e+00 0.0000000000000000e+00 -2.0329936277000599e-02 1.0575794756913885e-03 0.0000000000000000e+00 1.0575794756913885e-03 4.7477914476788036e-02 0.0000000000000000e+00 0.0000000000000000e+00 0.0000000000000000e+00 0.0000000000000000e+00 -1.9692763008199467e-02 -9.9118074469086380e-04 0.0000000000000000e+00 -9.9118074469086380e-04 4.6004419107738559e-02 0.0000000000000000e+00 0.0000000000000000e+00 0.0000000000000000e+00 0.0000000000000000e+00 -1.9293370925155182e-02 -1.6790836188892528e-03 0.0000000000000000e+00 -1.6790836188892528e-03 4.5139227870051944e-02 0.0000000000000000e+00 0.0000000000000000e+00 0.0000000000000000e+00 0.0000000000000000e+00 -1.9078446430760492e-02 -2.4024915609285567e-03 0.0000000000000000e+00 -2.4024915609285567e-03 4.4740146031284130e-02 0.0000000000000000e+00 0.0000000000000000e+00 0.0000000000000000e+00 0.0000000000000000e+00 -1.8853748583791328e-02 -2.3422954963004997e-03 0.0000000000000000e+00 -2.3422954963004997e-03 4.4379379421488653e-02 0.0000000000000000e+00 0.0000000000000000e+00 0.0000000000000000e+00 0.0000000000000000e+00 -1.8809472492414530e-02 -2.0290137904541302e-03 0.0000000000000000e+00 -2.0290137904541302e-03 4.3955151802019497e-02 0.0000000000000000e+00 0.0000000000000000e+00 0.0000000000000000e+00 0.0000000000000000e+00 -1.8580926893607002e-02 -1.7554304323545338e-03 0.0000000000000000e+00 -1.7554304323545338e-03 4.3862616926886901e-02 0.0000000000000000e+00 0.0000000000000000e+00 0.0000000000000000e+00 0.0000000000000000e+00 -1.8789536736617568e-02 -1.1143892923282314e-03 0.0000000000000000e+00 -1.1143892923282314e-03 4.3637407873042308e-02 0.0000000000000000e+00 0.0000000000000000e+00 0.0000000000000000e+00 0.0000000000000000e+00 -1.8459353875376221e-02 -8.1040988170362103e-04 0.0000000000000000e+00 -8.1040988170362103e-04 4.3607746229343838e-02 0.0000000000000000e+00 0.0000000000000000e+00 0.0000000000000000e+00 0.0000000000000000e+00 -1.8806739657075796e-02 -1.5245196417191731e-04 0.0000000000000000e+00 -1.5245196417191731e-04 4.3548519834121849e-02 0.0000000000000000e+00 0.0000000000000000e+00 0.0000000000000000e+00 0.0000000000000000e+00 -1.8427104535506594e-02 1.6896917322584395e-04 0.0000000000000000e+00 1.6896917322584395e-04 4.3548103688073901e-02 0.0000000000000000e+00 0.0000000000000000e+00 0.0000000000000000e+00 0.0000000000000000e+00 -1.8786396920976573e-02 8.0038583956856563e-04 0.0000000000000000e+00 8.0038583956856563e-04 4.3590718110314036e-02 0.0000000000000000e+00 0.0000000000000000e+00 0.0000000000000000e+00 0.0000000000000000e+00 -1.8475209803176029e-02 1.1526349229156183e-03 0.0000000000000000e+00 1.1526349229156183e-03 4.3671905688404407e-02 0.0000000000000000e+00 0.0000000000000000e+00 0.0000000000000000e+00 0.0000000000000000e+00 -1.8780265788690881e-02 1.7429479162210854e-03 0.0000000000000000e+00 1.7429479162210854e-03 4.3828089032413343e-02 0.0000000000000000e+00 0.0000000000000000e+00 0.0000000000000000e+00 0.0000000000000000e+00 -1.8650265315744066e-02 2.0526819468438097e-03 0.0000000000000000e+00 2.0526819468438097e-03 4.4033206080972373e-02 0.0000000000000000e+00 0.0000000000000000e+00 0.0000000000000000e+00 0.0000000000000000e+00 -1.8972123639947439e-02 2.3699812500033806e-03 0.0000000000000000e+00 2.3699812500033806e-03 4.4479172120658127e-02 0.0000000000000000e+00 0.0000000000000000e+00 0.0000000000000000e+00 0.0000000000000000e+00 -1.9025321819931017e-02 2.3483318709090024e-03 0.0000000000000000e+00 2.3483318709090024e-03 4.4698452962935793e-02 0.0000000000000000e+00 0.0000000000000000e+00 0.0000000000000000e+00 0.0000000000000000e+00 -1.9513489184694428e-02 1.7082823455913721e-03 0.0000000000000000e+00 1.7082823455913721e-03 4.5656808879321838e-02 0.0000000000000000e+00 0.0000000000000000e+00 0.0000000000000000e+00 0.0000000000000000e+00 -1.9461436479292368e-02 9.3253151657534804e-04 0.0000000000000000e+00 9.3253151657534804e-04 4.5448284951324948e-02 0.0000000000000000e+00 0.0000000000000000e+00 0.0000000000000000e+00 0.0000000000000000e+00 -1.8892083754998141e-02 -8.6214064690921398e-04 0.0000000000000000e+00 -8.6214064690921398e-04 4.4132219847348504e-02 0.0000000000000000e+00 0.0000000000000000e+00 0.0000000000000000e+00 0.0000000000000000e+00 -1.8751778958504734e-02 -1.4063112754909106e-03 0.0000000000000000e+00 -1.4063112754909106e-03 4.3915003833906320e-02 0.0000000000000000e+00 0.0000000000000000e+00 0.0000000000000000e+00 0.0000000000000000e+00 -1.8783366376010146e-02 -2.1183792987892643e-03 0.0000000000000000e+00 -2.1183792987892643e-03 4.4355121755810481e-02 0.0000000000000000e+00 0.0000000000000000e+00 0.0000000000000000e+00 0.0000000000000000e+00 -1.8538677671917789e-02 -1.8866118835807616e-03 0.0000000000000000e+00 -1.8866118835807616e-03 4.4257969739740971e-02 0.0000000000000000e+00 0.0000000000000000e+00 0.0000000000000000e+00 0.0000000000000000e+00 -1.8346287357049650e-02 -1.8287689195547955e-03 0.0000000000000000e+00 -1.8287689195547955e-03 4.4090020573908706e-02 0.0000000000000000e+00 0.0000000000000000e+00 0.0000000000000000e+00 0.0000000000000000e+00 -1.7949973885097097e-02 -1.3538083311257730e-03 0.0000000000000000e+00 -1.3538083311257730e-03 4.3980657555331898e-02 0.0000000000000000e+00 0.0000000000000000e+00 0.0000000000000000e+00 0.0000000000000000e+00 -1.7913151831827283e-02 -1.0071832832487337e-03 0.0000000000000000e+00 -1.0071832832487337e-03 4.3729008817155454e-02 0.0000000000000000e+00 0.0000000000000000e+00 0.0000000000000000e+00 0.0000000000000000e+00 -1.7443094117051104e-02 -5.9712355597911829e-04 0.0000000000000000e+00 -5.9712355597911829e-04 4.3614128910244854e-02 0.0000000000000000e+00 0.0000000000000000e+00 0.0000000000000000e+00 0.0000000000000000e+00 -1.7703068610541026e-02 -1.2591025723926894e-04 0.0000000000000000e+00 -1.2591025723926894e-04 4.3542979425958736e-02 0.0000000000000000e+00 0.0000000000000000e+00 0.0000000000000000e+00 0.0000000000000000e+00 -1.7290217354306772e-02 1.4084351114688348e-04 0.0000000000000000e+00 1.4084351114688348e-04 4.3495936960444959e-02 0.0000000000000000e+00 0.0000000000000000e+00 0.0000000000000000e+00 0.0000000000000000e+00 -1.7797610761237800e-02 7.4122163869321206e-04 0.0000000000000000e+00 7.4122163869321206e-04 4.3635634917897195e-02 0.0000000000000000e+00 0.0000000000000000e+00 0.0000000000000000e+00 0.0000000000000000e+00 -1.7559598223117499e-02 8.8227902457560905e-04 0.0000000000000000e+00 8.8227902457560905e-04 4.3711837488860816e-02 0.0000000000000000e+00 0.0000000000000000e+00 0.0000000000000000e+00 0.0000000000000000e+00 -1.8171690662641155e-02 1.5757882893663771e-03 0.0000000000000000e+00 1.5757882893663771e-03 4.3972296457685155e-02 0.0000000000000000e+00 0.0000000000000000e+00 0.0000000000000000e+00 0.0000000000000000e+00 -1.8142347028659644e-02 1.5992737532943119e-03 0.0000000000000000e+00 1.5992737532943119e-03 4.4118826140891694e-02 0.0000000000000000e+00 0.0000000000000000e+00 0.0000000000000000e+00 0.0000000000000000e+00 -1.8665621088444915e-02 2.0855555690164570e-03 0.0000000000000000e+00 2.0855555690164570e-03 4.4350907246326295e-02 0.0000000000000000e+00 0.0000000000000000e+00 0.0000000000000000e+00 0.0000000000000000e+00 -1.8693991992655125e-02 1.8950186642454508e-03 0.0000000000000000e+00 1.8950186642454508e-03 4.4296462317894372e-02 0.0000000000000000e+00 0.0000000000000000e+00 0.0000000000000000e+00 0.0000000000000000e+00 -1.8947136140370954e-02 1.4779282675266786e-03 0.0000000000000000e+00 1.4779282675266786e-03 4.4363988204638480e-02 0.0000000000000000e+00 0.0000000000000000e+00 0.0000000000000000e+00 0.0000000000000000e+00 -1.8692645219094771e-02 7.8832873401395208e-04 0.0000000000000000e+00 7.8832873401395208e-04 4.3664474534614070e-02 0.0000000000000000e+00 0.0000000000000000e+00 0.0000000000000000e+00 0.0000000000000000e+00 -1.8207244911066029e-02 -6.7469220733392776e-04 0.0000000000000000e+00 -6.7469220733392776e-04 4.2572649781192178e-02 0.0000000000000000e+00 0.0000000000000000e+00 0.0000000000000000e+00 0.0000000000000000e+00 -1.8329369977727546e-02 -8.5400518726778854e-04 0.0000000000000000e+00 -8.5400518726778854e-04 4.3084049759263880e-02 0.0000000000000000e+00 0.0000000000000000e+00 0.0000000000000000e+00 0.0000000000000000e+00 -1.8420016452281859e-02 -1.2905433253660070e-03 0.0000000000000000e+00 -1.2905433253660070e-03 4.4069103885019917e-02 0.0000000000000000e+00 0.0000000000000000e+00 0.0000000000000000e+00 0.0000000000000000e+00 -1.7973535082062890e-02 -6.5897244827197788e-04 0.0000000000000000e+00 -6.5897244827197788e-04 4.4146306695578223e-02 0.0000000000000000e+00 0.0000000000000000e+00 0.0000000000000000e+00 0.0000000000000000e+00 -1.7617550889935975e-02 -8.4043914278791160e-04 0.0000000000000000e+00 -8.4043914278791160e-04 4.4054979870814477e-02 0.0000000000000000e+00 0.0000000000000000e+00 0.0000000000000000e+00 0.0000000000000000e+00 -1.6787161877655006e-02 -1.7670449997886158e-04 0.0000000000000000e+00 -1.7670449997886158e-04 4.3731870247881270e-02 0.0000000000000000e+00 0.0000000000000000e+00 0.0000000000000000e+00 0.0000000000000000e+00 -1.6686715920566756e-02 -3.4990509627664466e-04 0.0000000000000000e+00 -3.4990509627664466e-04 4.3512683486107123e-02 0.0000000000000000e+00 0.0000000000000000e+00 0.0000000000000000e+00 0.0000000000000000e+00 -1.5803817239971447e-02 2.2450374835516064e-05 0.0000000000000000e+00 2.2450374835516064e-05 4.3094845086379306e-02 0.0000000000000000e+00 0.0000000000000000e+00 0.0000000000000000e+00 0.0000000000000000e+00 -1.6231012402275594e-02 -1.0766950639752327e-05 0.0000000000000000e+00 -1.0766950639752327e-05 4.3190477763397600e-02 0.0000000000000000e+00 0.0000000000000000e+00 0.0000000000000000e+00 0.0000000000000000e+00 -1.5518129551704942e-02 3.3899248491412866e-05 0.0000000000000000e+00 3.3899248491412866e-05 4.2888334268865340e-02 0.0000000000000000e+00 0.0000000000000000e+00 0.0000000000000000e+00 0.0000000000000000e+00 -1.6439381703851133e-02 2.8772328635663132e-04 0.0000000000000000e+00 2.8772328635663132e-04 4.3342070812583060e-02 0.0000000000000000e+00 0.0000000000000000e+00 0.0000000000000000e+00 0.0000000000000000e+00 -1.6021709418663620e-02 6.7836944731864115e-05 0.0000000000000000e+00 6.7836944731864115e-05 4.3244179377236923e-02 0.0000000000000000e+00 0.0000000000000000e+00 0.0000000000000000e+00 0.0000000000000000e+00 -1.7229923314917853e-02 6.7757077789669330e-04 0.0000000000000000e+00 6.7757077789669330e-04 4.3855880344241281e-02 0.0000000000000000e+00 0.0000000000000000e+00 0.0000000000000000e+00 0.0000000000000000e+00 -1.7135577130878210e-02 3.2033686180451870e-04 0.0000000000000000e+00 3.2033686180451870e-04 4.3903127325356457e-02 0.0000000000000000e+00 0.0000000000000000e+00 0.0000000000000000e+00 0.0000000000000000e+00 -1.8184298243125438e-02 1.1163068044942636e-03 0.0000000000000000e+00 1.1163068044942636e-03 4.4194709707707183e-02 0.0000000000000000e+00 0.0000000000000000e+00 0.0000000000000000e+00 0.0000000000000000e+00 -1.8223212737306510e-02 7.8878402704721132e-04 0.0000000000000000e+00 7.8878402704721132e-04 4.4037074203483934e-02 0.0000000000000000e+00 0.0000000000000000e+00 0.0000000000000000e+00 0.0000000000000000e+00 -1.8461915071674107e-02 1.0024287683862122e-03 0.0000000000000000e+00 1.0024287683862122e-03 4.3362348770840678e-02 0.0000000000000000e+00 0.0000000000000000e+00 0.0000000000000000e+00 0.0000000000000000e+00 -1.8103507975929807e-02 5.3869176376963868e-04 0.0000000000000000e+00 5.3869176376963868e-04 4.2311774286177287e-02 0.0000000000000000e+00 0.0000000000000000e+00 0.0000000000000000e+00 0.0000000000000000e+00 -1.7759093313487608e-02 -2.7076245942335675e-04 0.0000000000000000e+00 -2.7076245942335675e-04 4.1660937584117132e-02 0.0000000000000000e+00 0.0000000000000000e+00 0.0000000000000000e+00 0.0000000000000000e+00 -1.8098148735581965e-02 4.6660588783267482e-04 0.0000000000000000e+00 4.6660588783267482e-04 4.3158763317738304e-02 0.0000000000000000e+00 0.0000000000000000e+00 0.0000000000000000e+00 0.0000000000000000e+00 -1.7778578576967127e-02 5.7397264635001199e-04 0.0000000000000000e+00 5.7397264635001199e-04 4.4060700901783614e-02 0.0000000000000000e+00 0.0000000000000000e+00 0.0000000000000000e+00 0.0000000000000000e+00 -1.6564552056946770e-02 1.9073972233678228e-03 0.0000000000000000e+00 1.9073972233678228e-03 4.3857072768640183e-02 0.0000000000000000e+00 0.0000000000000000e+00 0.0000000000000000e+00 0.0000000000000000e+00 -1.5934962408419788e-02 1.1358798717603328e-03 0.0000000000000000e+00 1.1358798717603328e-03 4.3462080394164951e-02 0.0000000000000000e+00 0.0000000000000000e+00 0.0000000000000000e+00 0.0000000000000000e+00 -1.4277392138490261e-02 1.8832457791420703e-03 0.0000000000000000e+00 1.8832457791420703e-03 4.2546306038483465e-02 0.0000000000000000e+00 0.0000000000000000e+00 0.0000000000000000e+00 0.0000000000000000e+00 -1.4332080751033484e-02 8.4875117137604673e-04 0.0000000000000000e+00 8.4875117137604673e-04 4.2409386262876908e-02 0.0000000000000000e+00 0.0000000000000000e+00 0.0000000000000000e+00 0.0000000000000000e+00 -1.2807914532819693e-02 1.0012633165267242e-03 0.0000000000000000e+00 1.0012633165267242e-03 4.1467918042232516e-02 0.0000000000000000e+00 0.0000000000000000e+00 0.0000000000000000e+00 0.0000000000000000e+00 -1.3639046425983388e-02 1.8197488834145704e-04 0.0000000000000000e+00 1.8197488834145704e-04 4.1894285423564839e-02 0.0000000000000000e+00 0.0000000000000000e+00 0.0000000000000000e+00 0.0000000000000000e+00 -1.2426099482067205e-02 -1.3549272487792098e-04 0.0000000000000000e+00 -1.3549272487792098e-04 4.1168321808235417e-02 0.0000000000000000e+00 0.0000000000000000e+00 0.0000000000000000e+00 0.0000000000000000e+00 -1.3955075553023661e-02 -5.3495897531394125e-04 0.0000000000000000e+00 -5.3495897531394125e-04 4.2128095654491063e-02 0.0000000000000000e+00 0.0000000000000000e+00 0.0000000000000000e+00 0.0000000000000000e+00 -1.3119020028111479e-02 -1.2441049245781666e-03 0.0000000000000000e+00 -1.2441049245781666e-03 4.1697509149570190e-02 0.0000000000000000e+00 0.0000000000000000e+00 0.0000000000000000e+00 0.0000000000000000e+00 -1.5226178143753381e-02 -1.0309309308339015e-03 0.0000000000000000e+00 -1.0309309308339015e-03 4.3006820309205392e-02 0.0000000000000000e+00 0.0000000000000000e+00 0.0000000000000000e+00 0.0000000000000000e+00 -1.4843443088906111e-02 -1.9979263720893421e-03 0.0000000000000000e+00 -1.9979263720893421e-03 4.2893575994211758e-02 0.0000000000000000e+00 0.0000000000000000e+00 0.0000000000000000e+00 0.0000000000000000e+00 -1.7078996812452778e-02 -9.2314379650462644e-04 0.0000000000000000e+00 -9.2314379650462644e-04 4.3923648293193174e-02 0.0000000000000000e+00 0.0000000000000000e+00 0.0000000000000000e+00 0.0000000000000000e+00 -1.7148412239683948e-02 -1.6719564228556997e-03 0.0000000000000000e+00 -1.6719564228556997e-03 4.3908380485398385e-02 0.0000000000000000e+00 0.0000000000000000e+00 0.0000000000000000e+00 0.0000000000000000e+00 -1.8131939513219685e-02 -1.1706669854756958e-04 0.0000000000000000e+00 -1.1706669854756958e-04 4.3052855513285443e-02 0.0000000000000000e+00 0.0000000000000000e+00 0.0000000000000000e+00 0.0000000000000000e+00 -1.7870298791323125e-02 -7.2747479812548281e-05 0.0000000000000000e+00 -7.2747479812548281e-05 4.1893976026935412e-02 0.0000000000000000e+00 0.0000000000000000e+00 0.0000000000000000e+00 0.0000000000000000e+00 -1.7850062417322760e-02 1.0607897607155230e-03 0.0000000000000000e+00 1.0607897607155230e-03 4.2495798999218376e-02 0.0000000000000000e+00 0.0000000000000000e+00 0.0000000000000000e+00 0.0000000000000000e+00 -1.7322360484197358e-02 4.4789121584501764e-03 0.0000000000000000e+00 4.4789121584501764e-03 4.4870681610676325e-02 0.0000000000000000e+00 0.0000000000000000e+00 0.0000000000000000e+00 0.0000000000000000e+00 -1.5675506146064371e-02 4.5264262559004233e-03 0.0000000000000000e+00 4.5264262559004233e-03 4.3764812505423988e-02 0.0000000000000000e+00 0.0000000000000000e+00 0.0000000000000000e+00 0.0000000000000000e+00 -1.2660136901512114e-02 6.3332831997227959e-03 0.0000000000000000e+00 6.3332831997227959e-03 4.2192872883451797e-02 0.0000000000000000e+00 0.0000000000000000e+00 0.0000000000000000e+00 0.0000000000000000e+00 -1.2170062444397847e-02 4.1200374937702313e-03 0.0000000000000000e+00 4.1200374937702313e-03 4.1439562253091734e-02 0.0000000000000000e+00 0.0000000000000000e+00 0.0000000000000000e+00 0.0000000000000000e+00 -9.4341401982278930e-03 4.4272882948826918e-03 0.0000000000000000e+00 4.4272882948826918e-03 3.9569002917557210e-02 0.0000000000000000e+00 0.0000000000000000e+00 0.0000000000000000e+00 0.0000000000000000e+00 -1.0192033688990359e-02 2.3499053360547433e-03 0.0000000000000000e+00 2.3499053360547433e-03 3.9867364314048533e-02 0.0000000000000000e+00 0.0000000000000000e+00 0.0000000000000000e+00 0.0000000000000000e+00 -8.0559962439214657e-03 2.0324215398453186e-03 0.0000000000000000e+00 2.0324215398453186e-03 3.8360452780322289e-02 0.0000000000000000e+00 0.0000000000000000e+00 0.0000000000000000e+00 0.0000000000000000e+00 -9.4738085458356252e-03 3.9564543481263449e-04 0.0000000000000000e+00 3.9564543481263449e-04 3.9259971788653349e-02 0.0000000000000000e+00 0.0000000000000000e+00 0.0000000000000000e+00 0.0000000000000000e+00 -7.7460146485999453e-03 -3.1458683684692742e-04 0.0000000000000000e+00 -3.1458683684692742e-04 3.8078336070703898e-02 0.0000000000000000e+00 0.0000000000000000e+00 0.0000000000000000e+00 0.0000000000000000e+00 -9.8092198066101356e-03 -1.5521597313929139e-03 0.0000000000000000e+00 -1.5521597313929139e-03 3.9535165505841172e-02 0.0000000000000000e+00 0.0000000000000000e+00 0.0000000000000000e+00 0.0000000000000000e+00 -8.3675128247681276e-03 -2.6694070350125822e-03 0.0000000000000000e+00 -2.6694070350125822e-03 3.8624843653689317e-02 0.0000000000000000e+00 0.0000000000000000e+00 0.0000000000000000e+00 0.0000000000000000e+00 -1.1265289348042568e-02 -3.3947424402319105e-03 0.0000000000000000e+00 -3.3947424402319105e-03 4.0708096573294716e-02 0.0000000000000000e+00 0.0000000000000000e+00 0.0000000000000000e+00 0.0000000000000000e+00 -1.0131731052596592e-02 -5.0311784788988597e-03 0.0000000000000000e+00 -5.0311784788988597e-03 4.0135310399961488e-02 0.0000000000000000e+00 0.0000000000000000e+00 0.0000000000000000e+00 0.0000000000000000e+00 -1.4083300025157513e-02 -4.5706757315551782e-03 0.0000000000000000e+00 -4.5706757315551782e-03 4.2739199624709921e-02 0.0000000000000000e+00 0.0000000000000000e+00 0.0000000000000000e+00 0.0000000000000000e+00 -1.3611251675092303e-02 -6.5967907429098716e-03 0.0000000000000000e+00 -6.5967907429098716e-03 4.2853440333718427e-02 0.0000000000000000e+00 0.0000000000000000e+00 0.0000000000000000e+00 0.0000000000000000e+00 -1.7538241613362066e-02 -3.1236832697999774e-03 0.0000000000000000e+00 -3.1236832697999774e-03 4.3924268554369705e-02 0.0000000000000000e+00 0.0000000000000000e+00 0.0000000000000000e+00 0.0000000000000000e+00 -1.7857874797721589e-02 -2.4714852075809093e-03 0.0000000000000000e+00 -2.4714852075809093e-03 4.3638260458019607e-02 0.0000000000000000e+00 0.0000000000000000e+00 0.0000000000000000e+00 0.0000000000000000e+00 -1.9317203551938382e-02 9.1690046177928947e-03 0.0000000000000000e+00 9.1690046177928947e-03 5.0970481692312768e-02 0.0000000000000000e+00 0.0000000000000000e+00 0.0000000000000000e+00 0.0000000000000000e+00 -6.3984010063485542e-03 1.5760679579813201e-02 0.0000000000000000e+00 1.5760679579813201e-02 4.2440538568683586e-02 0.0000000000000000e+00 0.0000000000000000e+00 0.0000000000000000e+00 0.0000000000000000e+00 -8.0807153618225672e-03 1.0648296155143894e-02 0.0000000000000000e+00 1.0648296155143894e-02 4.0072092426346233e-02 0.0000000000000000e+00 0.0000000000000000e+00 0.0000000000000000e+00 0.0000000000000000e+00 -3.3286469198377340e-03 9.9308546338318232e-03 0.0000000000000000e+00 9.9308546338318232e-03 3.6226902607005423e-02 0.0000000000000000e+00 0.0000000000000000e+00 0.0000000000000000e+00 0.0000000000000000e+00 -5.3283192411586744e-03 6.6893699714710257e-03 0.0000000000000000e+00 6.6893699714710257e-03 3.6968917685409323e-02 0.0000000000000000e+00 0.0000000000000000e+00 0.0000000000000000e+00 0.0000000000000000e+00 -2.4167122122572145e-03 5.8062016913400785e-03 0.0000000000000000e+00 5.8062016913400785e-03 3.4704692239557661e-02 0.0000000000000000e+00 0.0000000000000000e+00 0.0000000000000000e+00 0.0000000000000000e+00 -4.2914170111127432e-03 3.4162115754257476e-03 0.0000000000000000e+00 3.4162115754257476e-03 3.5802652906910711e-02 0.0000000000000000e+00 0.0000000000000000e+00 0.0000000000000000e+00 0.0000000000000000e+00 -2.0516486412310827e-03 2.5309238300369650e-03 0.0000000000000000e+00 2.5309238300369650e-03 3.4118725912877609e-02 0.0000000000000000e+00 0.0000000000000000e+00 0.0000000000000000e+00 0.0000000000000000e+00 -3.9558243250189347e-03 5.2614198954757977e-04 0.0000000000000000e+00 5.2614198954757977e-04 3.5417094753118689e-02 0.0000000000000000e+00 0.0000000000000000e+00 0.0000000000000000e+00 0.0000000000000000e+00 -1.9809938257420922e-03 -4.1658712905903597e-04 0.0000000000000000e+00 -4.1658712905903597e-04 3.3991584612463266e-02 0.0000000000000000e+00 0.0000000000000000e+00 0.0000000000000000e+00 0.0000000000000000e+00 -4.1349415978018042e-03 -2.3007933225103771e-03 0.0000000000000000e+00 -2.3007933225103771e-03 3.5604511373239014e-02 0.0000000000000000e+00 0.0000000000000000e+00 0.0000000000000000e+00 0.0000000000000000e+00 -2.1726399188344088e-03 -3.4120813715395621e-03 0.0000000000000000e+00 -3.4120813715395621e-03 3.4262038775212791e-02 0.0000000000000000e+00 0.0000000000000000e+00 0.0000000000000000e+00 0.0000000000000000e+00 -4.9217664291387395e-03 -5.3470677101113773e-03 0.0000000000000000e+00 -5.3470677101113773e-03 3.6453145623138450e-02 0.0000000000000000e+00 0.0000000000000000e+00 0.0000000000000000e+00 0.0000000000000000e+00 -2.7570195370419286e-03 -6.8377160128280830e-03 0.0000000000000000e+00 -6.8377160128280830e-03 3.5101958204472837e-02 0.0000000000000000e+00 0.0000000000000000e+00 0.0000000000000000e+00 0.0000000000000000e+00 -6.9183153538440898e-03 -8.7278486829642649e-03 0.0000000000000000e+00 -8.7278486829642649e-03 3.8560897319055439e-02 0.0000000000000000e+00 0.0000000000000000e+00 0.0000000000000000e+00 0.0000000000000000e+00 -4.4359711142994730e-03 -1.1190463278129949e-02 0.0000000000000000e+00 -1.1190463278129949e-02 3.7502690677314349e-02 0.0000000000000000e+00 0.0000000000000000e+00 0.0000000000000000e+00 0.0000000000000000e+00 -1.2386908368377683e-02 -1.0708785224015336e-02 0.0000000000000000e+00 -1.0708785224015336e-02 4.4206548862166690e-02 0.0000000000000000e+00 0.0000000000000000e+00 0.0000000000000000e+00 0.0000000000000000e+00 -1.0648096923018975e-02 -1.5426721656993011e-02 0.0000000000000000e+00 -1.5426721656993011e-02 4.8003015901169961e-02 0.0000000000000000e+00 0.0000000000000000e+00 0.0000000000000000e+00 0.0000000000000000e+00 -4.3632572274949814e-02 9.2119578944441956e-03 0.0000000000000000e+00 9.2119578944441956e-03 1.0126308566869277e-01 0.0000000000000000e+00 0.0000000000000000e+00 0.0000000000000000e+00 0.0000000000000000e+00 -4.6649466109048722e-02 6.9755657220452955e-03 0.0000000000000000e+00 6.9755657220452955e-03 1.0273914255277788e-01 0.0000000000000000e+00 0.0000000000000000e+00 0.0000000000000000e+00 0.0000000000000000e+00 -3.5613586448580370e-02 7.8898813840303089e-03 0.0000000000000000e+00 7.8898813840303089e-03 9.2103123795620856e-02 0.0000000000000000e+00 0.0000000000000000e+00 0.0000000000000000e+00 0.0000000000000000e+00 -3.8393943989637094e-02 6.5819613195757139e-03 0.0000000000000000e+00 6.5819613195757139e-03 9.4340311623136025e-02 0.0000000000000000e+00 0.0000000000000000e+00 0.0000000000000000e+00 0.0000000000000000e+00 -3.1861728700700705e-02 4.8248563977930795e-03 0.0000000000000000e+00 4.8248563977930795e-03 8.7021795827217904e-02 0.0000000000000000e+00 0.0000000000000000e+00 0.0000000000000000e+00 0.0000000000000000e+00 -3.4597380066175187e-02 4.2357900676453447e-03 0.0000000000000000e+00 4.2357900676453447e-03 8.9813441216490320e-02 0.0000000000000000e+00 0.0000000000000000e+00 0.0000000000000000e+00 0.0000000000000000e+00 -3.1080162208776251e-02 2.4165281898916630e-03 0.0000000000000000e+00 2.4165281898916630e-03 8.5758208975504138e-02 0.0000000000000000e+00 0.0000000000000000e+00 0.0000000000000000e+00 0.0000000000000000e+00 -3.3360788777419208e-02 1.8487767751412577e-03 0.0000000000000000e+00 1.8487767751412577e-03 8.8158947672983101e-02 0.0000000000000000e+00 0.0000000000000000e+00 0.0000000000000000e+00 0.0000000000000000e+00 -3.0952501099265627e-02 3.2607693411698029e-04 0.0000000000000000e+00 3.2607693411698029e-04 8.5488838508000972e-02 0.0000000000000000e+00 0.0000000000000000e+00 0.0000000000000000e+00 0.0000000000000000e+00 -3.3151112123815517e-02 -3.8066759262874925e-04 0.0000000000000000e+00 -3.8066759262874925e-04 8.7867121717873753e-02 0.0000000000000000e+00 0.0000000000000000e+00 0.0000000000000000e+00 0.0000000000000000e+00 -3.0972725820325963e-02 -1.7455644487916182e-03 0.0000000000000000e+00 -1.7455644487916182e-03 8.5584798267197060e-02 0.0000000000000000e+00 0.0000000000000000e+00 0.0000000000000000e+00 0.0000000000000000e+00 -3.3479911767334287e-02 -2.6495305018503458e-03 0.0000000000000000e+00 -2.6495305018503458e-03 8.8399452315814586e-02 0.0000000000000000e+00 0.0000000000000000e+00 0.0000000000000000e+00 0.0000000000000000e+00 -3.1218687713796656e-02 -4.0151373434912478e-03 0.0000000000000000e+00 -4.0151373434912478e-03 8.6173414157550518e-02 0.0000000000000000e+00 0.0000000000000000e+00 0.0000000000000000e+00 0.0000000000000000e+00 -3.5028970470778430e-02 -5.1825793390769676e-03 0.0000000000000000e+00 -5.1825793390769676e-03 9.0576417079883356e-02 0.0000000000000000e+00 0.0000000000000000e+00 0.0000000000000000e+00 0.0000000000000000e+00 -3.2811389830449227e-02 -6.8819052991047755e-03 0.0000000000000000e+00 -6.8819052991047755e-03 8.8648074691235437e-02 0.0000000000000000e+00 0.0000000000000000e+00 0.0000000000000000e+00 0.0000000000000000e+00 -4.0709353766774106e-02 -8.2701449044601631e-03 0.0000000000000000e+00 -8.2701449044601631e-03 9.7293805144406761e-02 0.0000000000000000e+00 0.0000000000000000e+00 0.0000000000000000e+00 0.0000000000000000e+00 -3.8876731582188344e-02 -1.0267236941184999e-02 0.0000000000000000e+00 -1.0267236941184999e-02 9.7369482600633162e-02 0.0000000000000000e+00 0.0000000000000000e+00 0.0000000000000000e+00 0.0000000000000000e+00 -5.6748489649974580e-02 -5.0336533470289463e-03 0.0000000000000000e+00 -5.0336533470289463e-03 1.1139712871316022e-01 0.0000000000000000e+00 0.0000000000000000e+00 0.0000000000000000e+00 0.0000000000000000e+00 -5.1823384867311452e-02 5.1930984753083894e-04 0.0000000000000000e+00 5.1930984753083894e-04 1.0338152848564999e-01 0.0000000000000000e+00 0.0000000000000000e+00 0.0000000000000000e+00 0.0000000000000000e+00 -5.2729260331936763e-02 1.8520106423730056e-03 0.0000000000000000e+00 1.8520106423730056e-03 1.0495978476782923e-01 0.0000000000000000e+00 0.0000000000000000e+00 0.0000000000000000e+00 0.0000000000000000e+00 -4.9073075787779689e-02 5.5355366666806132e-03 0.0000000000000000e+00 5.5355366666806132e-03 1.0407795779957692e-01 0.0000000000000000e+00 0.0000000000000000e+00 0.0000000000000000e+00 0.0000000000000000e+00 -5.0209890354754309e-02 4.1254432583603959e-03 0.0000000000000000e+00 4.1254432583603959e-03 1.0504019183178344e-01 0.0000000000000000e+00 0.0000000000000000e+00 0.0000000000000000e+00 0.0000000000000000e+00 -4.3314873628533292e-02 5.1458745543805570e-03 0.0000000000000000e+00 5.1458745543805570e-03 9.9062578274646318e-02 0.0000000000000000e+00 0.0000000000000000e+00 0.0000000000000000e+00 0.0000000000000000e+00 -4.5378907051106490e-02 3.7462443783938524e-03 0.0000000000000000e+00 3.7462443783938524e-03 1.0107637811793696e-01 0.0000000000000000e+00 0.0000000000000000e+00 0.0000000000000000e+00 0.0000000000000000e+00 -3.9811913032354776e-02 2.8529250070870606e-03 0.0000000000000000e+00 2.8529250070870606e-03 9.5371679586847516e-02 0.0000000000000000e+00 0.0000000000000000e+00 0.0000000000000000e+00 0.0000000000000000e+00 -4.2378298529093604e-02 1.8841054469113875e-03 0.0000000000000000e+00 1.8841054469113875e-03 9.8150058010565089e-02 0.0000000000000000e+00 0.0000000000000000e+00 0.0000000000000000e+00 0.0000000000000000e+00 -3.8614953201692136e-02 3.7295213754747066e-04 0.0000000000000000e+00 3.7295213754747066e-04 9.4019206214334794e-02 0.0000000000000000e+00 0.0000000000000000e+00 0.0000000000000000e+00 0.0000000000000000e+00 -4.1584715296554241e-02 -4.2127788402015169e-04 0.0000000000000000e+00 -4.2127788402015169e-04 9.7350783170775085e-02 0.0000000000000000e+00 0.0000000000000000e+00 0.0000000000000000e+00 0.0000000000000000e+00 -3.9015456293610730e-02 -2.0839735922758957e-03 0.0000000000000000e+00 -2.0839735922758957e-03 9.4515001159538065e-02 0.0000000000000000e+00 0.0000000000000000e+00 0.0000000000000000e+00 0.0000000000000000e+00 -4.2956218158895096e-02 -2.7860257658487708e-03 0.0000000000000000e+00 -2.7860257658487708e-03 9.8843513066797381e-02 0.0000000000000000e+00 0.0000000000000000e+00 0.0000000000000000e+00 0.0000000000000000e+00 -4.1536284499317344e-02 -4.5666934425178949e-03 0.0000000000000000e+00 -4.5666934425178949e-03 9.7335003517557611e-02 0.0000000000000000e+00 0.0000000000000000e+00 0.0000000000000000e+00 0.0000000000000000e+00 -4.7377790165423747e-02 -4.6523521551148674e-03 0.0000000000000000e+00 -4.6523521551148674e-03 1.0317750787765911e-01 0.0000000000000000e+00 0.0000000000000000e+00 0.0000000000000000e+00 0.0000000000000000e+00 -4.8656298437380348e-02 -5.9699641917178164e-03 0.0000000000000000e+00 -5.9699641917178164e-03 1.0435147247187959e-01 0.0000000000000000e+00 0.0000000000000000e+00 0.0000000000000000e+00 0.0000000000000000e+00 -5.3966449065394627e-02 -3.3471529055503460e-03 0.0000000000000000e+00 -3.3471529055503460e-03 1.0796587850385278e-01 0.0000000000000000e+00 0.0000000000000000e+00 0.0000000000000000e+00 0.0000000000000000e+00 -5.3551186485904852e-02 -2.1218560655027648e-03 0.0000000000000000e+00 -2.1218560655027648e-03 1.0608744160736462e-01 0.0000000000000000e+00 0.0000000000000000e+00 0.0000000000000000e+00 0.0000000000000000e+00 -5.0345754703364054e-02 -1.6619411251406430e-04 0.0000000000000000e+00 -1.6619411251406430e-04 1.0133522224767724e-01 0.0000000000000000e+00 0.0000000000000000e+00 0.0000000000000000e+00 0.0000000000000000e+00 -5.1092421441475001e-02 -3.1899546116349485e-04 0.0000000000000000e+00 -3.1899546116349485e-04 1.0190536293198545e-01 0.0000000000000000e+00 0.0000000000000000e+00 0.0000000000000000e+00 0.0000000000000000e+00 -5.2764655605722084e-02 -4.6262601512112606e-05 0.0000000000000000e+00 -4.6262601512112606e-05 1.0421437739635429e-01 0.0000000000000000e+00 0.0000000000000000e+00 0.0000000000000000e+00 0.0000000000000000e+00 -5.4410110607148759e-02 1.1029273078356650e-03 0.0000000000000000e+00 1.1029273078356650e-03 1.0747270429710140e-01 0.0000000000000000e+00 0.0000000000000000e+00 0.0000000000000000e+00 0.0000000000000000e+00 -5.5405504136035240e-02 9.1607453316808944e-04 0.0000000000000000e+00 9.1607453316808944e-04 1.0891769084481581e-01 0.0000000000000000e+00 0.0000000000000000e+00 0.0000000000000000e+00 0.0000000000000000e+00 -5.2715548775110060e-02 2.5331916667407522e-03 0.0000000000000000e+00 2.5331916667407522e-03 1.0777579669779185e-01 0.0000000000000000e+00 0.0000000000000000e+00 0.0000000000000000e+00 0.0000000000000000e+00 -5.4194696879402031e-02 1.5452004471350220e-03 0.0000000000000000e+00 1.5452004471350220e-03 1.0943761705244590e-01 0.0000000000000000e+00 0.0000000000000000e+00 0.0000000000000000e+00 0.0000000000000000e+00 -4.9664681993728511e-02 2.0213108804870389e-03 0.0000000000000000e+00 2.0213108804870389e-03 1.0566830060589404e-01 0.0000000000000000e+00 0.0000000000000000e+00 0.0000000000000000e+00 0.0000000000000000e+00 -5.2032426716042975e-02 9.6856620840612083e-04 0.0000000000000000e+00 9.6856620840612083e-04 1.0817362386298195e-01 0.0000000000000000e+00 0.0000000000000000e+00 0.0000000000000000e+00 0.0000000000000000e+00 -4.8058149194751286e-02 2.8652180311355632e-04 0.0000000000000000e+00 2.8652180311355632e-04 1.0432561663194603e-01 0.0000000000000000e+00 0.0000000000000000e+00 0.0000000000000000e+00 0.0000000000000000e+00 -5.1387407470603184e-02 -3.9452490468835151e-04 0.0000000000000000e+00 -3.9452490468835151e-04 1.0776994284836452e-01 0.0000000000000000e+00 0.0000000000000000e+00 0.0000000000000000e+00 0.0000000000000000e+00 -4.8994059216932159e-02 -1.6442652300514401e-03 0.0000000000000000e+00 -1.6442652300514401e-03 1.0520220883222185e-01 0.0000000000000000e+00 0.0000000000000000e+00 0.0000000000000000e+00 0.0000000000000000e+00 -5.3153925883776293e-02 -1.5873005058548765e-03 0.0000000000000000e+00 -1.5873005058548765e-03 1.0918016871162042e-01 0.0000000000000000e+00 0.0000000000000000e+00 0.0000000000000000e+00 0.0000000000000000e+00 -5.2611046123068550e-02 -2.6124096821827161e-03 0.0000000000000000e+00 -2.6124096821827161e-03 1.0819655880332350e-01 0.0000000000000000e+00 0.0000000000000000e+00 0.0000000000000000e+00 0.0000000000000000e+00 -5.5874570560920815e-02 -1.3335496126291983e-03 0.0000000000000000e+00 -1.3335496126291983e-03 1.1056192465395079e-01 0.0000000000000000e+00 0.0000000000000000e+00 0.0000000000000000e+00 0.0000000000000000e+00 -5.4995495888247127e-02 -1.3770352835483870e-03 0.0000000000000000e+00 -1.3770352835483870e-03 1.0868863091700809e-01 0.0000000000000000e+00 0.0000000000000000e+00 0.0000000000000000e+00 0.0000000000000000e+00 -5.4985606039464639e-02 -9.8602932263253684e-05 0.0000000000000000e+00 -9.8602932263253684e-05 1.0764399176827008e-01 0.0000000000000000e+00 0.0000000000000000e+00 0.0000000000000000e+00 0.0000000000000000e+00 -5.2287149374489264e-02 -1.3307161142952288e-04 0.0000000000000000e+00 -1.3307161142952288e-04 1.0370023802640263e-01 0.0000000000000000e+00 0.0000000000000000e+00 0.0000000000000000e+00 0.0000000000000000e+00 -5.0671007851683533e-02 1.6233961228160522e-04 0.0000000000000000e+00 1.6233961228160522e-04 1.0163233932815852e-01 0.0000000000000000e+00 0.0000000000000000e+00 0.0000000000000000e+00 0.0000000000000000e+00 -5.1776021907483566e-02 -3.0632017410615078e-04 0.0000000000000000e+00 -3.0632017410615078e-04 1.0295120452198660e-01 0.0000000000000000e+00 0.0000000000000000e+00 0.0000000000000000e+00 0.0000000000000000e+00 -5.3874760795432707e-02 -6.0472647443423244e-04 0.0000000000000000e+00 -6.0472647443423244e-04 1.0561095458958980e-01 0.0000000000000000e+00 0.0000000000000000e+00 0.0000000000000000e+00 0.0000000000000000e+00 -5.6087159446303193e-02 -7.7372157154547479e-04 0.0000000000000000e+00 -7.7372157154547479e-04 1.0864927856046253e-01 0.0000000000000000e+00 0.0000000000000000e+00 0.0000000000000000e+00 0.0000000000000000e+00 -5.7674376608895857e-02 -8.8805012564783961e-04 0.0000000000000000e+00 -8.8805012564783961e-04 1.1078766099065047e-01 0.0000000000000000e+00 0.0000000000000000e+00 0.0000000000000000e+00 0.0000000000000000e+00 -5.8051501125705826e-02 -2.1867045786210196e-04 0.0000000000000000e+00 -2.1867045786210196e-04 1.1233307316999180e-01 0.0000000000000000e+00 0.0000000000000000e+00 0.0000000000000000e+00 0.0000000000000000e+00 -5.9608917391884383e-02 -5.7201260890551932e-04 0.0000000000000000e+00 -5.7201260890551932e-04 1.1424458417965104e-01 0.0000000000000000e+00 0.0000000000000000e+00 0.0000000000000000e+00 0.0000000000000000e+00 -5.7849633873933930e-02 2.1906031906284026e-04 0.0000000000000000e+00 2.1906031906284026e-04 1.1350339454964893e-01 0.0000000000000000e+00 0.0000000000000000e+00 0.0000000000000000e+00 0.0000000000000000e+00 -5.9964211190130970e-02 -2.6618973330984244e-04 0.0000000000000000e+00 -2.6618973330984244e-04 1.1571213650016483e-01 0.0000000000000000e+00 0.0000000000000000e+00 0.0000000000000000e+00 0.0000000000000000e+00 -5.7462062946698582e-02 -1.7847766393729286e-06 0.0000000000000000e+00 -1.7847766393729286e-06 1.1372266930508766e-01 0.0000000000000000e+00 0.0000000000000000e+00 0.0000000000000000e+00 0.0000000000000000e+00 -6.0155938563219213e-02 -1.1988590697398385e-04 0.0000000000000000e+00 -1.1988590697398385e-04 1.1620475114347011e-01 0.0000000000000000e+00 0.0000000000000000e+00 0.0000000000000000e+00 0.0000000000000000e+00 -5.8162980246267336e-02 -2.6763996996022712e-04 0.0000000000000000e+00 -2.6763996996022712e-04 1.1413429841355971e-01 0.0000000000000000e+00 0.0000000000000000e+00 0.0000000000000000e+00 0.0000000000000000e+00 -6.0473385447998886e-02 2.9752490451493237e-04 0.0000000000000000e+00 2.9752490451493237e-04 1.1586232541775673e-01 0.0000000000000000e+00 0.0000000000000000e+00 0.0000000000000000e+00 0.0000000000000000e+00 -5.8663606783865008e-02 1.6197852863756554e-04 0.0000000000000000e+00 1.6197852863756554e-04 1.1340635307861854e-01 0.0000000000000000e+00 0.0000000000000000e+00 0.0000000000000000e+00 0.0000000000000000e+00 -5.9377508877204048e-02 9.1542152561723824e-04 0.0000000000000000e+00 9.1542152561723824e-04 1.1341530749653783e-01 0.0000000000000000e+00 0.0000000000000000e+00 0.0000000000000000e+00 0.0000000000000000e+00 -5.6844597988339608e-02 6.8879405533349783e-04 0.0000000000000000e+00 6.8879405533349783e-04 1.0990773792552262e-01 0.0000000000000000e+00 0.0000000000000000e+00 0.0000000000000000e+00 0.0000000000000000e+00 -5.6330334710590436e-02 9.7205903930308894e-04 0.0000000000000000e+00 9.7205903930308894e-04 1.0893098939674274e-01 0.0000000000000000e+00 0.0000000000000000e+00 0.0000000000000000e+00 0.0000000000000000e+00 -5.3173943115956537e-02 4.5844246818519107e-04 0.0000000000000000e+00 4.5844246818519107e-04 1.0478334794358955e-01 0.0000000000000000e+00 0.0000000000000000e+00 0.0000000000000000e+00 0.0000000000000000e+00 -5.2454702501458277e-02 3.0945406296200282e-04 0.0000000000000000e+00 3.0945406296200282e-04 1.0384009042185180e-01 0.0000000000000000e+00 0.0000000000000000e+00 0.0000000000000000e+00 0.0000000000000000e+00 -5.4031983326414013e-02 -3.6959270084583088e-04 0.0000000000000000e+00 -3.6959270084583088e-04 1.0580680431784655e-01 0.0000000000000000e+00 0.0000000000000000e+00 0.0000000000000000e+00 0.0000000000000000e+00 -5.6165575871047209e-02 -8.0108672515379162e-04 0.0000000000000000e+00 -8.0108672515379162e-04 1.0845944438380657e-01 0.0000000000000000e+00 0.0000000000000000e+00 0.0000000000000000e+00 0.0000000000000000e+00 -5.7850994316097477e-02 -1.3762843455363460e-03 0.0000000000000000e+00 -1.3762843455363460e-03 1.1063075182781175e-01 0.0000000000000000e+00 0.0000000000000000e+00 0.0000000000000000e+00 0.0000000000000000e+00 -5.9756210517208627e-02 -1.5904404473896425e-03 0.0000000000000000e+00 -1.5904404473896425e-03 1.1300147505628856e-01 0.0000000000000000e+00 0.0000000000000000e+00 0.0000000000000000e+00 0.0000000000000000e+00 -6.1148625651518400e-02 -1.6308602236877327e-03 0.0000000000000000e+00 -1.6308602236877327e-03 1.1509158380535764e-01 0.0000000000000000e+00 0.0000000000000000e+00 0.0000000000000000e+00 0.0000000000000000e+00 -6.2874707097116650e-02 -1.6342786555619223e-03 0.0000000000000000e+00 -1.6342786555619223e-03 1.1711397649179987e-01 0.0000000000000000e+00 0.0000000000000000e+00 0.0000000000000000e+00 0.0000000000000000e+00 -6.3212330107843356e-02 -1.0990652119977078e-03 0.0000000000000000e+00 -1.0990652119977078e-03 1.1822312091891314e-01 0.0000000000000000e+00 0.0000000000000000e+00 0.0000000000000000e+00 0.0000000000000000e+00 -6.4873796062113590e-02 -9.3910626416305470e-04 0.0000000000000000e+00 -9.3910626416305470e-04 1.1987998958926104e-01 0.0000000000000000e+00 0.0000000000000000e+00 0.0000000000000000e+00 0.0000000000000000e+00 -6.4078022601697093e-02 -1.6988423607026243e-04 0.0000000000000000e+00 -1.6988423607026243e-04 1.1959563349202462e-01 0.0000000000000000e+00 0.0000000000000000e+00 0.0000000000000000e+00 0.0000000000000000e+00 -6.5446189796546275e-02 1.9861495005522609e-04 0.0000000000000000e+00 1.9861495005522609e-04 1.2063204003528485e-01 0.0000000000000000e+00 0.0000000000000000e+00 0.0000000000000000e+00 0.0000000000000000e+00 -6.3758531456775666e-02 8.5523704927579949e-04 0.0000000000000000e+00 8.5523704927579949e-04 1.1895988286490675e-01 0.0000000000000000e+00 0.0000000000000000e+00 0.0000000000000000e+00 0.0000000000000000e+00 -6.4359305647044993e-02 1.2840631608807735e-03 0.0000000000000000e+00 1.2840631608807735e-03 1.1906980095995406e-01 0.0000000000000000e+00 0.0000000000000000e+00 0.0000000000000000e+00 0.0000000000000000e+00 -6.1932923772712284e-02 1.5432849466620183e-03 0.0000000000000000e+00 1.5432849466620183e-03 1.1619407051912194e-01 0.0000000000000000e+00 0.0000000000000000e+00 0.0000000000000000e+00 0.0000000000000000e+00 -6.1797281524793878e-02 1.7411476400325582e-03 0.0000000000000000e+00 1.7411476400325582e-03 1.1565373544895494e-01 0.0000000000000000e+00 0.0000000000000000e+00 0.0000000000000000e+00 0.0000000000000000e+00 -5.8888867579195911e-02 1.4810793722837506e-03 0.0000000000000000e+00 1.4810793722837506e-03 1.1203834229565381e-01 0.0000000000000000e+00 0.0000000000000000e+00 0.0000000000000000e+00 0.0000000000000000e+00 -5.8515982395491398e-02 1.3762421515294363e-03 0.0000000000000000e+00 1.3762421515294363e-03 1.1143208042722025e-01 0.0000000000000000e+00 0.0000000000000000e+00 0.0000000000000000e+00 0.0000000000000000e+00 -5.5341746352593341e-02 7.4159045120495782e-04 0.0000000000000000e+00 7.4159045120495782e-04 1.0744870442701211e-01 0.0000000000000000e+00 0.0000000000000000e+00 0.0000000000000000e+00 0.0000000000000000e+00 -5.5024913999767305e-02 3.9349200947052956e-04 0.0000000000000000e+00 3.9349200947052956e-04 1.0702207290566688e-01 0.0000000000000000e+00 0.0000000000000000e+00 0.0000000000000000e+00 0.0000000000000000e+00 -5.6901103212721474e-02 -4.2075525253872911e-04 0.0000000000000000e+00 -4.2075525253872911e-04 1.0935442887322647e-01 0.0000000000000000e+00 0.0000000000000000e+00 0.0000000000000000e+00 0.0000000000000000e+00 -5.8862827558878006e-02 -8.3186946796637816e-04 0.0000000000000000e+00 -8.3186946796637816e-04 1.1176401008663783e-01 0.0000000000000000e+00 0.0000000000000000e+00 0.0000000000000000e+00 0.0000000000000000e+00 -6.0115470751802583e-02 -1.4889496856388016e-03 0.0000000000000000e+00 -1.4889496856388016e-03 1.1329479256746545e-01 0.0000000000000000e+00 0.0000000000000000e+00 0.0000000000000000e+00 0.0000000000000000e+00 -6.1910478620404358e-02 -1.6382617810686039e-03 0.0000000000000000e+00 -1.6382617810686039e-03 1.1541474969268709e-01 0.0000000000000000e+00 0.0000000000000000e+00 0.0000000000000000e+00 0.0000000000000000e+00 -6.3355652775007848e-02 -1.9049299039986117e-03 0.0000000000000000e+00 -1.9049299039986117e-03 1.1720727155770462e-01 0.0000000000000000e+00 0.0000000000000000e+00 0.0000000000000000e+00 0.0000000000000000e+00 -6.4868011920935650e-02 -1.7124056468014964e-03 0.0000000000000000e+00 -1.7124056468014964e-03 1.1886612882742301e-01 0.0000000000000000e+00 0.0000000000000000e+00 0.0000000000000000e+00 0.0000000000000000e+00 -6.5975925729524904e-02 -1.4105142646881304e-03 0.0000000000000000e+00 -1.4105142646881304e-03 1.2037743572661508e-01 0.0000000000000000e+00 0.0000000000000000e+00 0.0000000000000000e+00 0.0000000000000000e+00 -6.7004728662352159e-02 -9.5878573834677118e-04 0.0000000000000000e+00 -9.5878573834677118e-04 1.2133078257573661e-01 0.0000000000000000e+00 0.0000000000000000e+00 0.0000000000000000e+00 0.0000000000000000e+00 -6.7124700208487001e-02 -1.8786532555030110e-04 0.0000000000000000e+00 -1.8786532555030110e-04 1.2176843000503647e-01 0.0000000000000000e+00 0.0000000000000000e+00 0.0000000000000000e+00 0.0000000000000000e+00 -6.7506957189459996e-02 2.7782433220912162e-04 0.0000000000000000e+00 2.7782433220912162e-04 1.2190423200813727e-01 0.0000000000000000e+00 0.0000000000000000e+00 0.0000000000000000e+00 0.0000000000000000e+00 -6.6377606388894977e-02 1.1003929921395263e-03 0.0000000000000000e+00 1.1003929921395263e-03 1.2086124347096779e-01 0.0000000000000000e+00 0.0000000000000000e+00 0.0000000000000000e+00 0.0000000000000000e+00 -6.6210009024751160e-02 1.3444213307107575e-03 0.0000000000000000e+00 1.3444213307107575e-03 1.2041591554047745e-01 0.0000000000000000e+00 0.0000000000000000e+00 0.0000000000000000e+00 0.0000000000000000e+00 -6.4106665085837330e-02 1.7894147556626291e-03 0.0000000000000000e+00 1.7894147556626291e-03 1.1812765545732318e-01 0.0000000000000000e+00 0.0000000000000000e+00 0.0000000000000000e+00 0.0000000000000000e+00 -6.3734067528152541e-02 1.7509260500098620e-03 0.0000000000000000e+00 1.7509260500098620e-03 1.1755400183392112e-01 0.0000000000000000e+00 0.0000000000000000e+00 0.0000000000000000e+00 0.0000000000000000e+00 -6.1119774835676106e-02 1.6544685039619250e-03 0.0000000000000000e+00 1.6544685039619250e-03 1.1452178458778264e-01 0.0000000000000000e+00 0.0000000000000000e+00 0.0000000000000000e+00 0.0000000000000000e+00 -6.0831589270285945e-02 1.3984817070834092e-03 0.0000000000000000e+00 1.3984817070834092e-03 1.1413220068694382e-01 0.0000000000000000e+00 0.0000000000000000e+00 0.0000000000000000e+00 0.0000000000000000e+00 -5.7982329101576725e-02 8.3495581225090365e-04 0.0000000000000000e+00 8.3495581225090365e-04 1.1068252895815774e-01 0.0000000000000000e+00 0.0000000000000000e+00 0.0000000000000000e+00 0.0000000000000000e+00 -5.7897749625699844e-02 4.0176630026718738e-04 0.0000000000000000e+00 4.0176630026718738e-04 1.1057096531228638e-01 0.0000000000000000e+00 0.0000000000000000e+00 0.0000000000000000e+00 0.0000000000000000e+00 -5.9773548905086772e-02 -3.9547764483421953e-04 0.0000000000000000e+00 -3.9547764483421953e-04 1.1288882259703731e-01 0.0000000000000000e+00 0.0000000000000000e+00 0.0000000000000000e+00 0.0000000000000000e+00 -6.1366762719743076e-02 -7.0875515946916892e-04 0.0000000000000000e+00 -7.0875515946916892e-04 1.1481564802578748e-01 0.0000000000000000e+00 0.0000000000000000e+00 0.0000000000000000e+00 0.0000000000000000e+00 -6.2278953810559666e-02 -1.2865876973899484e-03 0.0000000000000000e+00 -1.2865876973899484e-03 1.1583023829099440e-01 0.0000000000000000e+00 0.0000000000000000e+00 0.0000000000000000e+00 0.0000000000000000e+00 -6.3671025707253137e-02 -1.2923274292090015e-03 0.0000000000000000e+00 -1.2923274292090015e-03 1.1740405057209682e-01 0.0000000000000000e+00 0.0000000000000000e+00 0.0000000000000000e+00 0.0000000000000000e+00 -6.4851011628652575e-02 -1.5463310347613533e-03 0.0000000000000000e+00 -1.5463310347613533e-03 1.1868334445839299e-01 0.0000000000000000e+00 0.0000000000000000e+00 0.0000000000000000e+00 0.0000000000000000e+00 -6.5902769551822782e-02 -1.2636546425973923e-03 0.0000000000000000e+00 -1.2636546425973923e-03 1.1976976414776901e-01 0.0000000000000000e+00 0.0000000000000000e+00 0.0000000000000000e+00 0.0000000000000000e+00 -6.6972971198235282e-02 -1.1087118795156492e-03 0.0000000000000000e+00 -1.1087118795156492e-03 1.2095882578737142e-01 0.0000000000000000e+00 0.0000000000000000e+00 0.0000000000000000e+00 0.0000000000000000e+00 -6.7506735516059374e-02 -6.7517881609608613e-04 0.0000000000000000e+00 -6.7517881609608613e-04 1.2141815737670536e-01 0.0000000000000000e+00 0.0000000000000000e+00 0.0000000000000000e+00 0.0000000000000000e+00 -6.7904082600261054e-02 -1.5572004224609432e-04 0.0000000000000000e+00 -1.5572004224609432e-04 1.2194346725887478e-01 0.0000000000000000e+00 0.0000000000000000e+00 0.0000000000000000e+00 0.0000000000000000e+00 -6.7883612019044762e-02 1.9842225776403263e-04 0.0000000000000000e+00 1.9842225776403263e-04 1.2180384470886585e-01 0.0000000000000000e+00 0.0000000000000000e+00 0.0000000000000000e+00 0.0000000000000000e+00 -6.7283745761342759e-02 8.4515740685150271e-04 0.0000000000000000e+00 8.4515740685150271e-04 1.2129229686813610e-01 0.0000000000000000e+00 0.0000000000000000e+00 0.0000000000000000e+00 0.0000000000000000e+00 -6.6915713950842295e-02 9.6936658727659881e-04 0.0000000000000000e+00 9.6936658727659881e-04 1.2081872111944335e-01 0.0000000000000000e+00 0.0000000000000000e+00 0.0000000000000000e+00 0.0000000000000000e+00 -6.5443471389016877e-02 1.4398885085007286e-03 0.0000000000000000e+00 1.4398885085007286e-03 1.1932851683515625e-01 0.0000000000000000e+00 0.0000000000000000e+00 0.0000000000000000e+00 0.0000000000000000e+00 -6.5025656279834518e-02 1.3321591343748483e-03 0.0000000000000000e+00 1.3321591343748483e-03 1.1885128865820024e-01 0.0000000000000000e+00 0.0000000000000000e+00 0.0000000000000000e+00 0.0000000000000000e+00 -6.3029661146774399e-02 1.4106494475462864e-03 0.0000000000000000e+00 1.4106494475462864e-03 1.1667630641510032e-01 0.0000000000000000e+00 0.0000000000000000e+00 0.0000000000000000e+00 0.0000000000000000e+00 -6.2789065962894935e-02 1.1361077578764208e-03 0.0000000000000000e+00 1.1361077578764208e-03 1.1643174148114314e-01 0.0000000000000000e+00 0.0000000000000000e+00 0.0000000000000000e+00 0.0000000000000000e+00 -6.0550614428606438e-02 7.5737179285375396e-04 0.0000000000000000e+00 7.5737179285375396e-04 1.1382250717836953e-01 0.0000000000000000e+00 0.0000000000000000e+00 0.0000000000000000e+00 0.0000000000000000e+00 -6.0607407034243041e-02 3.3977717928389679e-04 0.0000000000000000e+00 3.3977717928389679e-04 1.1391288792268266e-01 0.0000000000000000e+00 0.0000000000000000e+00 0.0000000000000000e+00 0.0000000000000000e+00 -6.2197228816308438e-02 -2.9131486872352664e-04 0.0000000000000000e+00 -2.9131486872352664e-04 1.1586659781733347e-01 0.0000000000000000e+00 0.0000000000000000e+00 0.0000000000000000e+00 0.0000000000000000e+00 -6.3297785170577048e-02 -4.6708205528774488e-04 0.0000000000000000e+00 -4.6708205528774488e-04 1.1716878170801386e-01 0.0000000000000000e+00 0.0000000000000000e+00 0.0000000000000000e+00 0.0000000000000000e+00 -6.3890723422317899e-02 -8.6863312364230641e-04 0.0000000000000000e+00 -8.6863312364230641e-04 1.1772998192193576e-01 0.0000000000000000e+00 0.0000000000000000e+00 0.0000000000000000e+00 0.0000000000000000e+00 -6.4819175184060204e-02 -7.5600303315016750e-04 0.0000000000000000e+00 -7.5600303315016750e-04 1.1872708951430209e-01 0.0000000000000000e+00 0.0000000000000000e+00 0.0000000000000000e+00 0.0000000000000000e+00 -6.5675761629349821e-02 -9.4342581714631493e-04 0.0000000000000000e+00 -9.4342581714631493e-04 1.1953025884999960e-01 0.0000000000000000e+00 0.0000000000000000e+00 0.0000000000000000e+00 0.0000000000000000e+00 -6.6341961828658202e-02 -6.6381129793157681e-04 0.0000000000000000e+00 -6.6381129793157681e-04 1.2018764042705393e-01 0.0000000000000000e+00 0.0000000000000000e+00 0.0000000000000000e+00 0.0000000000000000e+00 -6.7145686029972118e-02 -6.3412320917316956e-04 0.0000000000000000e+00 -6.3412320917316956e-04 1.2095133150404729e-01 0.0000000000000000e+00 0.0000000000000000e+00 0.0000000000000000e+00 0.0000000000000000e+00 -6.7430313678357764e-02 -3.3576387168486078e-04 0.0000000000000000e+00 -3.3576387168486078e-04 1.2120656604896649e-01 0.0000000000000000e+00 0.0000000000000000e+00 0.0000000000000000e+00 0.0000000000000000e+00 -6.7803663025739494e-02 -9.9974940126221367e-05 0.0000000000000000e+00 -9.9974940126221367e-05 1.2157827853406807e-01 0.0000000000000000e+00 0.0000000000000000e+00 0.0000000000000000e+00 0.0000000000000000e+00 -6.7706367932426112e-02 9.5100031865210741e-05 0.0000000000000000e+00 9.5100031865210741e-05 1.2146429911295385e-01 0.0000000000000000e+00 0.0000000000000000e+00 0.0000000000000000e+00 0.0000000000000000e+00 -6.7410114753411007e-02 4.6804707087030141e-04 0.0000000000000000e+00 4.6804707087030141e-04 1.2120472063397922e-01 0.0000000000000000e+00 0.0000000000000000e+00 0.0000000000000000e+00 0.0000000000000000e+00 -6.7080181990192056e-02 4.9739188797739910e-04 0.0000000000000000e+00 4.9739188797739910e-04 1.2088069929339926e-01 0.0000000000000000e+00 0.0000000000000000e+00 0.0000000000000000e+00 0.0000000000000000e+00 -6.6127143913404171e-02 8.6581582077736906e-04 0.0000000000000000e+00 8.6581582077736906e-04 1.1996474298303419e-01 0.0000000000000000e+00 0.0000000000000000e+00 0.0000000000000000e+00 0.0000000000000000e+00 -6.5772520854912683e-02 7.3994455582093656e-04 0.0000000000000000e+00 7.3994455582093656e-04 1.1964123212315340e-01 0.0000000000000000e+00 0.0000000000000000e+00 0.0000000000000000e+00 0.0000000000000000e+00 -6.4389902765894749e-02 9.2387621200357487e-04 0.0000000000000000e+00 9.2387621200357487e-04 1.1823306815737136e-01 0.0000000000000000e+00 0.0000000000000000e+00 0.0000000000000000e+00 0.0000000000000000e+00 -6.4204755477768730e-02 6.9586158400027044e-04 0.0000000000000000e+00 6.9586158400027044e-04 1.1810667849161040e-01 0.0000000000000000e+00 0.0000000000000000e+00 0.0000000000000000e+00 0.0000000000000000e+00 -6.2664528951720866e-02 5.4236282257574798e-04 0.0000000000000000e+00 5.4236282257574798e-04 1.1640563872502184e-01 0.0000000000000000e+00 0.0000000000000000e+00 0.0000000000000000e+00 0.0000000000000000e+00 -6.2789433366857716e-02 2.2913231344465641e-04 0.0000000000000000e+00 2.2913231344465641e-04 1.1660098858057556e-01 0.0000000000000000e+00 0.0000000000000000e+00 0.0000000000000000e+00 0.0000000000000000e+00 -6.3884571289354222e-02 -1.4018123980626891e-04 0.0000000000000000e+00 -1.4018123980626891e-04 1.1794101337820914e-01 0.0000000000000000e+00 0.0000000000000000e+00 0.0000000000000000e+00 0.0000000000000000e+00 -6.4509103550739966e-02 -1.5311908052706861e-04 0.0000000000000000e+00 -1.5311908052706861e-04 1.1864128010347973e-01 0.0000000000000000e+00 0.0000000000000000e+00 0.0000000000000000e+00 0.0000000000000000e+00 -6.4918825519248075e-02 -3.4596361698303310e-04 0.0000000000000000e+00 -3.4596361698303310e-04 1.1895259254775496e-01 0.0000000000000000e+00 0.0000000000000000e+00 0.0000000000000000e+00 0.0000000000000000e+00 -6.5560977757884220e-02 -1.8337500209187523e-04 0.0000000000000000e+00 -1.8337500209187523e-04 1.1960028586423641e-01 0.0000000000000000e+00 0.0000000000000000e+00 0.0000000000000000e+00 0.0000000000000000e+00 -6.6136856281196268e-02 -3.2539672928629806e-04 0.0000000000000000e+00 -3.2539672928629806e-04 1.2006601265271652e-01 0.0000000000000000e+00 0.0000000000000000e+00 0.0000000000000000e+00 0.0000000000000000e+00 -6.6597920828284599e-02 -1.3500761085890377e-04 0.0000000000000000e+00 -1.3500761085890377e-04 1.2053465795257796e-01 0.0000000000000000e+00 0.0000000000000000e+00 0.0000000000000000e+00 0.0000000000000000e+00 -6.7107186062519614e-02 -2.0599542155386110e-04 0.0000000000000000e+00 -2.0599542155386110e-04 1.2094041796062456e-01 0.0000000000000000e+00 0.0000000000000000e+00 0.0000000000000000e+00 0.0000000000000000e+00 -6.7286105746080682e-02 -5.4902845985983575e-05 0.0000000000000000e+00 -5.4902845985983575e-05 1.2115168990341008e-01 0.0000000000000000e+00 0.0000000000000000e+00 0.0000000000000000e+00 0.0000000000000000e+00 -6.7542550559139852e-02 -4.0005904382719376e-05 0.0000000000000000e+00 -4.0005904382719376e-05 1.2133003501294989e-01 0.0000000000000000e+00 0.0000000000000000e+00 0.0000000000000000e+00 0.0000000000000000e+00 -6.7472610456401197e-02 3.4294983177287895e-05 0.0000000000000000e+00 3.4294983177287895e-05 1.2131715099362105e-01 0.0000000000000000e+00 0.0000000000000000e+00 0.0000000000000000e+00 0.0000000000000000e+00 -6.7322107781629822e-02 1.4069622623606669e-04 0.0000000000000000e+00 1.4069622623606669e-04 1.2113049635656122e-01 0.0000000000000000e+00 0.0000000000000000e+00 0.0000000000000000e+00 0.0000000000000000e+00 -6.7111607424163403e-02 1.1693270636654346e-04 0.0000000000000000e+00 1.1693270636654346e-04 1.2099095652684377e-01 0.0000000000000000e+00 0.0000000000000000e+00 0.0000000000000000e+00 0.0000000000000000e+00 -6.6498156714002415e-02 2.9279209910428982e-04 0.0000000000000000e+00 2.9279209910428982e-04 1.2038503436960585e-01 0.0000000000000000e+00 0.0000000000000000e+00 0.0000000000000000e+00 0.0000000000000000e+00 -6.6275467377688232e-02 1.7308386088805177e-04 0.0000000000000000e+00 1.7308386088805177e-04 1.2023769506108493e-01 0.0000000000000000e+00 0.0000000000000000e+00 0.0000000000000000e+00 0.0000000000000000e+00 -6.5315941030603439e-02 3.4965307409414007e-04 0.0000000000000000e+00 3.4965307409414007e-04 1.1930563763459935e-01 0.0000000000000000e+00 0.0000000000000000e+00 0.0000000000000000e+00 0.0000000000000000e+00 -6.5204057287702635e-02 1.7463678658750372e-04 0.0000000000000000e+00 1.7463678658750372e-04 1.1926996438804528e-01 0.0000000000000000e+00 0.0000000000000000e+00 0.0000000000000000e+00 0.0000000000000000e+00 -6.4175542402834865e-02 2.3577763363596892e-04 0.0000000000000000e+00 2.3577763363596892e-04 1.1823376231254373e-01 0.0000000000000000e+00 0.0000000000000000e+00 0.0000000000000000e+00 0.0000000000000000e+00 -6.4290098511066845e-02 6.5457846292582420e-05 0.0000000000000000e+00 6.5457846292582420e-05 1.1842274010468228e-01 0.0000000000000000e+00 0.0000000000000000e+00 0.0000000000000000e+00 0.0000000000000000e+00
</DataArray>
        <DataArray type="Float64" format="ascii" Name="epsilon_xx">
-2.6244267280909617e-02 -2.2520642098368328e-02 -2.5638065493509755e-02 -2.3716467296929885e-02 -2.6360219009578870e-02 -2.4869365177061318e-02 -2.6860198950174944e-02 -2.5455930034981557e-02 -2.7051219124988271e-02 -2.5596380169315619e-02 -2.6966255674860828e-02 -2.5319101543810309e-02 -2.6627215846957090e-02 -2.4554509650061951e-02 -2.6093315380245282e-02 -2.3033279781642629e-02 -2.5292738428184879e-02 -2.2470571904152276e-02 -2.1236735520957652e-02 -2.0301202788104402e-02 -2.0565345883021776e-02 -2.0175071999455785e-02 -2.1758924213297230e-02 -2.1127887455242161e-02 -2.2679160171317995e-02 -2.1822220345168095e-02 -2.3050332032260992e-02 -2.2001209826183699e-02 -2.2868289805075728e-02 -2.1637859888480167e-02 -2.2105814889350275e-02 -2.0767362978093295e-02 -2.0793499473386507e-02 -1.9879388855289240e-02 -2.0492500823308387e-02 -2.1267178170503651e-02 -2.0509136355551894e-02 -1.9837930586404352e-02 -1.9423193308877620e-02 -1.9200357729929892e-02 -1.9617442702807939e-02 -1.9359868639706908e-02 -2.0113718603305884e-02 -1.9655987555863456e-02 -2.0361198471715268e-02 -1.9743061604865018e-02 -2.0222782739521595e-02 -1.9555778962692689e-02 -1.9759771058777117e-02 -1.9241299740793097e-02 -1.9396864363604320e-02 -1.9327441355276569e-02 -2.0039958508278558e-02 -2.0329936277000599e-02 -1.9692763008199467e-02 -1.9293370925155182e-02 -1.9078446430760492e-02 -1.8853748583791328e-02 -1.8809472492414530e-02 -1.8580926893607002e-02 -1.8789536736617568e-02 -1.8459353875376221e-02 -1.8806739657075796e-02 -1.8427104535506594e-02 -1.8786396920976573e-02 -1.8475209803176029e-02 -1.8780265788690881e-02 -1.8650265315744066e-02 -1.8972123639947439e-02 -1.9025321819931017e-02 -1.9513489184694428e-02 -1.9461436479292368e-02 -1.8892083754998141e-02 -1.8751778958504734e-02 -1.8783366376010146e-02 -1.8538677671917789e-02 -1.8346287357049650e-02 -1.7949973885097097e-02 -1.7913151831827283e-02 -1.7443094117051104e-02 -1.7703068610541026e-02 -1.7290217354306772e-02 -1.7797610761237800e-02 -1.7559598223117499e-02 -1.8171690662641155e-02 -1.8142347028659644e-02 -1.8665621088444915e-02 -1.8693991992655125e-02 -1.8947136140370954e-02 -1.8692645219094771e-02 -1.8207244911066029e-02 -1.8329369977727546e-02 -1.8420016452281859e-02 -1.7973535082062890e-02 -1.7617550889935975e-02 -1.6787161877655006e-02 -1.6686715920566756e-02 -1.5803817239971447e-02 -1.6231012402275594e-02 -1.5518129551704942e-02 -1.6439381703851133e-02 -1.6021709418663620e-02 -1.7229923314917853e-02 -1.7135577130878210e-02 -1.8184298243125438e-02 -1.8223212737306510e-02 -1.8461915071674107e-02 -1.8103507975929807e-02 -1.7759093313487608e-02 -1.8098148735581965e-02 -1.7778578576967127e-02 -1.6564552056946770e-02 -1.5934962408419788e-02 -1.4277392138490261e-02 -1.4332080751033484e-02 -1.2807914532819693e-02 -1.3639046425983388e-02 -1.2426099482067205e-02 -1.3955075553023661e-02 -1.3119020028111479e-02 -1.5226178143753381e-02 -1.4843443088906111e-02 -1.7078996812452778e-02 -1.7148412239683948e-02 -1.8131939513219685e-02 -1.7870298791323125e-02 -1.7850062417322760e-02 -1.7322360484197358e-02 -1.5675506146064371e-02 -1.2660136901512114e-02 -1.2170062444397847e-02 -9.4341401982278930e-03 -1.0192033688990359e-02 -8.0559962439214657e-03 -9.4738085458356252e-03 -7.7460146485999453e-03 -9.8092198066101356e-03 -8.3675128247681276e-03 -1.1265289348042568e-02 -1.0131731052596592e-02 -1.4083300025157513e-02 -1.3611251675092303e-02 -1.7538241613362066e-02 -1.7857874797721589e-02 -1.9317203551938382e-02 -6.3984010063485542e-03 -8.0807153618225672e-03 -3.3286469198377340e-03 -5.3283192411586744e-03 -2.4167122122572145e-03 -4.2914170111127432e-03 -2.0516486412310827e-03 -3.9558243250189347e-03 -1.9809938257420922e-03 -4.1349415978018042e-03 -2.1726399188344088e-03 -4.9217664291387395e-03 -2.7570195370419286e-03 -6.9183153538440898e-03 -4.4359711142994730e-03 -1.2386908368377683e-02 -1.0648096923018975e-02 -4.3632572274949814e-02 -4.6649466109048722e-02 -3.5613586448580370e-02 -3.8393943989637094e-02 -3.1861728700700705e-02 -3.4597380066175187e-02 -3.1080162208776251e-02 -3.3360788777419208e-02 -3.0952501099265627e-02 -3.3151112123815517e-02 -3.0972725820325963e-02 -3.3479911767334287e-02 -3.1218687713796656e-02 -3.5028970470778430e-02 -3.2811389830449227e-02 -4.0709353766774106e-02 -3.8876731582188344e-02 -5.6748489649974580e-02 -5.1823384867311452e-02 -5.2729260331936763e-02 -4.9073075787779689e-02 -5.0209890354754309e-02 -4.3314873628533292e-02 -4.5378907051106490e-02 -3.9811913032354776e-02 -4.2378298529093604e-02 -3.8614953201692136e-02 -4.1584715296554241e-02 -3.9015456293610730e-02 -4.2956218158895096e-02 -4.1536284499317344e-02 -4.7377790165423747e-02 -4.8656298437380348e-02 -5.3966449065394627e-02 -5.3551186485904852e-02 -5.0345754703364054e-02 -5.1092421441475001e-02 -5.2764655605722084e-02 -5.4410110607148759e-02 -5.5405504136035240e-02 -5.2715548775110060e-02 -5.4194696879402031e-02 -4.9664681993728511e-02 -5.2032426716042975e-02 -4.8058149194751286e-02 -5.1387407470603184e-02 -4.8994059216932159e-02 -5.3153925883776293e-02 -5.2611046123068550e-02 -5.5874570560920815e-02 -5.4995495888247127e-02 -5.4985606039464639e-02 -5.2287149374489264e-02 -5.0671007851683533e-02 -5.1776021907483566e-02 -5.3874760795432707e-02 -5.6087159446303193e-02 -5.7674376608895857e-02 -5.8051501125705826e-02 -5.9608917391884383e-02 -5.7849633873933930e-02 -5.9964211190130970e-02 -5.7462062946698582e-02 -6.0155938563219213e-02 -5.8162980246267336e-02 -6.0473385447998886e-02 -5.8663606783865008e-02 -5.9377508877204048e-02 -5.6844597988339608e-02 -5.6330334710590436e-02 -5.3173943115956537e-02 -5.2454702501458277e-02 -5.4031983326414013e-02 -5.6165575871047209e-02 -5.7850994316097477e-02 -5.9756210517208627e-02 -6.1148625651518400e-02 -6.2874707097116650e-02 -6.3212330107843356e-02 -6.4873796062113590e-02 -6.4078022601697093e-02 -6.5446189796546275e-02 -6.3758531456775666e-02 -6.4359305647044993e-02 -6.1932923772712284e-02 -6.1797281524793878e-02 -5.8888867579195911e-02 -5.8515982395491398e-02 -5.5341746352593341e-02 -5.5024913999767305e-02 -5.6901103212721474e-02 -5.8862827558878006e-02 -6.0115470751802583e-02 -6.1910478620404358e-02 -6.3355652775007848e-02 -6.4868011920935650e-02 -6.5975925729524904e-02 -6.7004728662352159e-02 -6.7124700208487001e-02 -6.7506957189459996e-02 -6.6377606388894977e-02 -6.6210009024751160e-02 -6.4106665085837330e-02 -6.3734067528152541e-02 -6.1119774835676106e-02 -6.0831589270285945e-02 -5.7982329101576725e-02 -5.7897749625699844e-02 -5.9773548905086772e-02 -6.1366762719743076e-02 -6.2278953810559666e-02 -6.3671025707253137e-02 -6.4851011628652575e-02 -6.5902769551822782e-02 -6.6972971198235282e-02 -6.7506735516059374e-02 -6.7904082600261054e-02 -6.7883612019044762e-02 -6.7283745761342759e-02 -6.6915713950842295e-02 -6.5443471389016877e-02 -6.5025656279834518e-02 -6.3029661146774399e-02 -6.2789065962894935e-02 -6.0550614428606438e-02 -6.0607407034243041e-02 -6.2197228816308438e-02 -6.3297785170577048e-02 -6.3890723422317899e-02 -6.4819175184060204e-02 -6.5675761629349821e-02 -6.6341961828658202e-02 -6.7145686029972118e-02 -6.7430313678357764e-02 -6.7803663025739494e-02 -6.7706367932426112e-02 -6.7410114753411007e-02 -6.7080181990192056e-02 -6.6127143913404171e-02 -6.5772520854912683e-02 -6.4389902765894749e-02 -6.4204755477768730e-02 -6.2664528951720866e-02 -6.2789433366857716e-02 -6.3884571289354222e-02 -6.4509103550739966e-02 -6.4918825519248075e-02 -6.5560977757884220e-02 -6.6136856281196268e-02 -6.6597920828284599e-02 -6.7107186062519614e-02 -6.7286105746080682e-02 -6.7542550559139852e-02 -6.7472610456401197e-02 -6.7322107781629822e-02 -6.7111607424163403e-02 -6.6498156714002415e-02 -6.6275467377688232e-02 -6.5315941030603439e-02 -6.5204057287702635e-02 -6.4175542402834865e-02 -6.4290098511066845e-02
</DataArray>
        <DataArray type="Float64" format="ascii" Name="epsilon_yy">
5.2099085218597505e-02 4.7829809382854832e-02 4.6895681864482529e-02 4.5899299637608221e-02 4.6931217982210144e-02 4.6065585862807450e-02 4.7031163147511289e-02 4.6242984660152142e-02 4.7095538796967401e-02 4.6296801808041313e-02 4.7082930083779381e-02 4.6196761028964736e-02 4.7043143033602096e-02 4.5959438630457365e-02 4.7122561737602889e-02 4.5810237320085406e-02 4.8611527019472862e-02 5.0718182575766650e-02 4.9826625286444708e-02 4.7306416612626502e-02 4.5138668676697531e-02 4.4554590325385904e-02 4.4613709588192635e-02 4.4257184718599907e-02 4.4829140352756362e-02 4.4417682044397382e-02 4.4972270341242564e-02 4.4483000598912963e-02 4.4907741518077186e-02 4.4365980808655281e-02 4.4674157451120779e-02 4.4241970921048909e-02 4.4669031600567857e-02 4.5044560819276325e-02 4.7548311835751464e-02 4.9636398693820950e-02 4.8009970466151568e-02 4.6424199369045308e-02 4.4988911580582928e-02 4.4441002860848386e-02 4.3930068840534096e-02 4.3776773995511289e-02 4.3804875787376608e-02 4.3676231136701327e-02 4.3842808292928248e-02 4.3677673344929661e-02 4.3816949130827003e-02 4.3686060831683020e-02 4.3834953892371790e-02 4.3914554875173886e-02 4.4501549109030578e-02 4.5023922584080424e-02 4.6916871667526644e-02 4.7477914476788036e-02 4.6004419107738559e-02 4.5139227870051944e-02 4.4740146031284130e-02 4.4379379421488653e-02 4.3955151802019497e-02 4.3862616926886901e-02 4.3637407873042308e-02 4.3607746229343838e-02 4.3548519834121849e-02 4.3548103688073901e-02 4.3590718110314036e-02 4.3671905688404407e-02 4.3828089032413343e-02 4.4033206080972373e-02 4.4479172120658127e-02 4.4698452962935793e-02 4.5656808879321838e-02 4.5448284951324948e-02 4.4132219847348504e-02 4.3915003833906320e-02 4.4355121755810481e-02 4.4257969739740971e-02 4.4090020573908706e-02 4.3980657555331898e-02 4.3729008817155454e-02 4.3614128910244854e-02 4.3542979425958736e-02 4.3495936960444959e-02 4.3635634917897195e-02 4.3711837488860816e-02 4.3972296457685155e-02 4.4118826140891694e-02 4.4350907246326295e-02 4.4296462317894372e-02 4.4363988204638480e-02 4.3664474534614070e-02 4.2572649781192178e-02 4.3084049759263880e-02 4.4069103885019917e-02 4.4146306695578223e-02 4.4054979870814477e-02 4.3731870247881270e-02 4.3512683486107123e-02 4.3094845086379306e-02 4.3190477763397600e-02 4.2888334268865340e-02 4.3342070812583060e-02 4.3244179377236923e-02 4.3855880344241281e-02 4.3903127325356457e-02 4.4194709707707183e-02 4.4037074203483934e-02 4.3362348770840678e-02 4.2311774286177287e-02 4.1660937584117132e-02 4.3158763317738304e-02 4.4060700901783614e-02 4.3857072768640183e-02 4.3462080394164951e-02 4.2546306038483465e-02 4.2409386262876908e-02 4.1467918042232516e-02 4.1894285423564839e-02 4.1168321808235417e-02 4.2128095654491063e-02 4.1697509149570190e-02 4.3006820309205392e-02 4.2893575994211758e-02 4.3923648293193174e-02 4.3908380485398385e-02 4.3052855513285443e-02 4.1893976026935412e-02 4.2495798999218376e-02 4.4870681610676325e-02 4.3764812505423988e-02 4.2192872883451797e-02 4.1439562253091734e-02 3.9569002917557210e-02 3.9867364314048533e-02 3.8360452780322289e-02 3.9259971788653349e-02 3.8078336070703898e-02 3.9535165505841172e-02 3.8624843653689317e-02 4.0708096573294716e-02 4.0135310399961488e-02 4.2739199624709921e-02 4.2853440333718427e-02 4.3924268554369705e-02 4.3638260458019607e-02 5.0970481692312768e-02 4.2440538568683586e-02 4.0072092426346233e-02 3.6226902607005423e-02 3.6968917685409323e-02 3.4704692239557661e-02 3.5802652906910711e-02 3.4118725912877609e-02 3.5417094753118689e-02 3.3991584612463266e-02 3.5604511373239014e-02 3.4262038775212791e-02 3.6453145623138450e-02 3.5101958204472837e-02 3.8560897319055439e-02 3.7502690677314349e-02 4.4206548862166690e-02 4.8003015901169961e-02 1.0126308566869277e-01 1.0273914255277788e-01 9.2103123795620856e-02 9.4340311623136025e-02 8.7021795827217904e-02 8.9813441216490320e-02 8.5758208975504138e-02 8.8158947672983101e-02 8.5488838508000972e-02 8.7867121717873753e-02 8.5584798267197060e-02 8.8399452315814586e-02 8.6173414157550518e-02 9.0576417079883356e-02 8.8648074691235437e-02 9.7293805144406761e-02 9.7369482600633162e-02 1.1139712871316022e-01 1.0338152848564999e-01 1.0495978476782923e-01 1.0407795779957692e-01 1.0504019183178344e-01 9.9062578274646318e-02 1.0107637811793696e-01 9.5371679586847516e-02 9.8150058010565089e-02 9.4019206214334794e-02 9.7350783170775085e-02 9.4515001159538065e-02 9.8843513066797381e-02 9.7335003517557611e-02 1.0317750787765911e-01 1.0435147247187959e-01 1.0796587850385278e-01 1.0608744160736462e-01 1.0133522224767724e-01 1.0190536293198545e-01 1.0421437739635429e-01 1.0747270429710140e-01 1.0891769084481581e-01 1.0777579669779185e-01 1.0943761705244590e-01 1.0566830060589404e-01 1.0817362386298195e-01 1.0432561663194603e-01 1.0776994284836452e-01 1.0520220883222185e-01 1.0918016871162042e-01 1.0819655880332350e-01 1.1056192465395079e-01 1.0868863091700809e-01 1.0764399176827008e-01 1.0370023802640263e-01 1.0163233932815852e-01 1.0295120452198660e-01 1.0561095458958980e-01 1.0864927856046253e-01 1.1078766099065047e-01 1.1233307316999180e-01 1.1424458417965104e-01 1.1350339454964893e-01 1.1571213650016483e-01 1.1372266930508766e-01 1.1620475114347011e-01 1.1413429841355971e-01 1.1586232541775673e-01 1.1340635307861854e-01 1.1341530749653783e-01 1.0990773792552262e-01 1.0893098939674274e-01 1.0478334794358955e-01 1.0384009042185180e-01 1.0580680431784655e-01 1.0845944438380657e-01 1.1063075182781175e-01 1.1300147505628856e-01 1.1509158380535764e-01 1.1711397649179987e-01 1.1822312091891314e-01 1.1987998958926104e-01 1.1959563349202462e-01 1.2063204003528485e-01 1.1895988286490675e-01 1.1906980095995406e-01 1.1619407051912194e-01 1.1565373544895494e-01 1.1203834229565381e-01 1.1143208042722025e-01 1.0744870442701211e-01 1.0702207290566688e-01 1.0935442887322647e-01 1.1176401008663783e-01 1.1329479256746545e-01 1.1541474969268709e-01 1.1720727155770462e-01 1.1886612882742301e-01 1.2037743572661508e-01 1.2133078257573661e-01 1.2176843000503647e-01 1.2190423200813727e-01 1.2086124347096779e-01 1.2041591554047745e-01 1.1812765545732318e-01 1.1755400183392112e-01 1.1452178458778264e-01 1.1413220068694382e-01 1.1068252895815774e-01 1.1057096531228638e-01 1.1288882259703731e-01 1.1481564802578748e-01 1.1583023829099440e-01 1.1740405057209682e-01 1.1868334445839299e-01 1.1976976414776901e-01 1.2095882578737142e-01 1.2141815737670536e-01 1.2194346725887478e-01 1.2180384470886585e-01 1.2129229686813610e-01 1.2081872111944335e-01 1.1932851683515625e-01 1.1885128865820024e-01 1.1667630641510032e-01 1.1643174148114314e-01 1.1382250717836953e-01 1.1391288792268266e-01 1.1586659781733347e-01 1.1716878170801386e-01 1.1772998192193576e-01 1.1872708951430209e-01 1.1953025884999960e-01 1.2018764042705393e-01 1.2095133150404729e-01 1.2120656604896649e-01 1.2157827853406807e-01 1.2146429911295385e-01 1.2120472063397922e-01 1.2088069929339926e-01 1.1996474298303419e-01 1.1964123212315340e-01 1.1823306815737136e-01 1.1810667849161040e-01 1.1640563872502184e-01 1.1660098858057556e-01 1.1794101337820914e-01 1.1864128010347973e-01 1.1895259254775496e-01 1.1960028586423641e-01 1.2006601265271652e-01 1.2053465795257796e-01 1.2094041796062456e-01 1.2115168990341008e-01 1.2133003501294989e-01 1.2131715099362105e-01 1.2113049635656122e-01 1.2099095652684377e-01 1.2038503436960585e-01 1.2023769506108493e-01 1.1930563763459935e-01 1.1926996438804528e-01 1.1823376231254373e-01 1.1842274010468228e-01
</DataArray>
        <DataArray type="Float64" format="ascii" Name="gamma_xy">
4.2599144248865730e-03 2.2331731161758708e-03 6.2735612126615598e-03 3.8488835717306056e-03 3.9989874222431804e-03 2.6270382207271982e-03 2.0261264432768740e-03 1.1691402269450727e-03 2.3429663226435014e-04 -2.3864521684599388e-04 -1.5278422230735635e-03 -1.6725051627074566e-03 -3.5039093619170466e-03 -3.2336266412976546e-03 -5.8565033199378252e-03 -4.2514217379236371e-03 -5.7857407962569659e-03 -6.0092681116522060e-04 -2.4062552388108942e-03 -2.7298014995259853e-03 -5.2668816628059138e-04 -1.5326953908910987e-03 6.2989035351894017e-04 -5.0493316084834815e-04 4.7353931194391366e-04 -1.4350059905716934e-04 5.1681179370665519e-05 -7.9600915659368041e-06 -3.9775876728505538e-04 1.5535328941425407e-04 -6.9339367903916186e-04 7.0097496950143523e-04 -1.0518717671504118e-04 2.3537987511306614e-03 2.3128497975057152e-03 2.3700861176662066e-03 -2.2678616234424733e-03 -3.5432782440888017e-03 -4.1302807572703671e-03 -4.2163164716260892e-03 -2.7355880599741131e-03 -2.8208346503348987e-03 -1.3247335560808886e-03 -1.2426256677490700e-03 -1.8695988483147312e-04 2.2889163706219727e-04 9.0725092018121634e-04 1.7448879906439266e-03 2.2253439996077905e-03 3.4147654704085322e-03 3.7628828576509155e-03 4.5597812868906629e-03 3.5095158017024977e-03 2.1151589513827770e-03 -1.9823614893817276e-03 -3.3581672377785057e-03 -4.8049831218571135e-03 -4.6845909926009994e-03 -4.0580275809082604e-03 -3.5108608647090676e-03 -2.2287785846564628e-03 -1.6208197634072421e-03 -3.0490392834383462e-04 3.3793834645168790e-04 1.6007716791371313e-03 2.3052698458312366e-03 3.4858958324421709e-03 4.1053638936876195e-03 4.7399625000067612e-03 4.6966637418180048e-03 3.4165646911827443e-03 1.8650630331506961e-03 -1.7242812938184280e-03 -2.8126225509818212e-03 -4.2367585975785285e-03 -3.7732237671615231e-03 -3.6575378391095910e-03 -2.7076166622515461e-03 -2.0143665664974675e-03 -1.1942471119582366e-03 -2.5182051447853788e-04 2.8168702229376696e-04 1.4824432773864241e-03 1.7645580491512181e-03 3.1515765787327541e-03 3.1985475065886238e-03 4.1711111380329140e-03 3.7900373284909016e-03 2.9558565350533573e-03 1.5766574680279042e-03 -1.3493844146678555e-03 -1.7080103745355771e-03 -2.5810866507320141e-03 -1.3179448965439558e-03 -1.6808782855758232e-03 -3.5340899995772317e-04 -6.9981019255328932e-04 4.4900749671032128e-05 -2.1533901279504654e-05 6.7798496982825733e-05 5.7544657271326263e-04 1.3567388946372823e-04 1.3551415557933866e-03 6.4067372360903741e-04 2.2326136089885272e-03 1.5775680540944226e-03 2.0048575367724243e-03 1.0773835275392774e-03 -5.4152491884671349e-04 9.3321177566534964e-04 1.1479452927000240e-03 3.8147944467356457e-03 2.2717597435206655e-03 3.7664915582841406e-03 1.6975023427520935e-03 2.0025266330534483e-03 3.6394977668291408e-04 -2.7098544975584195e-04 -1.0699179506278825e-03 -2.4882098491563333e-03 -2.0618618616678030e-03 -3.9958527441786842e-03 -1.8462875930092529e-03 -3.3439128457113994e-03 -2.3413339709513916e-04 -1.4549495962509656e-04 2.1215795214310461e-03 8.9578243169003528e-03 9.0528525118008466e-03 1.2666566399445592e-02 8.2400749875404626e-03 8.8545765897653835e-03 4.6998106721094866e-03 4.0648430796906372e-03 7.9129086962526898e-04 -6.2917367369385484e-04 -3.1043194627858278e-03 -5.3388140700251644e-03 -6.7894848804638209e-03 -1.0062356957797719e-02 -9.1413514631103563e-03 -1.3193581485819743e-02 -6.2473665395999549e-03 -4.9429704151618186e-03 1.8338009235585789e-02 3.1521359159626401e-02 2.1296592310287788e-02 1.9861709267663646e-02 1.3378739942942051e-02 1.1612403382680157e-02 6.8324231508514952e-03 5.0618476600739299e-03 1.0522839790951595e-03 -8.3317425811807195e-04 -4.6015866450207542e-03 -6.8241627430791242e-03 -1.0694135420222755e-02 -1.3675432025656166e-02 -1.7455697365928530e-02 -2.2380926556259898e-02 -2.1417570448030672e-02 -3.0853443313986022e-02 1.8423915788888391e-02 1.3951131444090591e-02 1.5779762768060618e-02 1.3163922639151428e-02 9.6497127955861590e-03 8.4715801352906895e-03 4.8330563797833260e-03 3.6975535502825154e-03 6.5215386823396057e-04 -7.6133518525749850e-04 -3.4911288975832365e-03 -5.2990610037006915e-03 -8.0302746869824956e-03 -1.0365158678153935e-02 -1.3763810598209551e-02 -1.6540289808920326e-02 -2.0534473882369998e-02 -1.0067306694057893e-02 1.0386196950616779e-03 3.7040212847460111e-03 1.1071073333361226e-02 8.2508865167207918e-03 1.0291749108761114e-02 7.4924887567877048e-03 5.7058500141741212e-03 3.7682108938227750e-03 7.4590427509494133e-04 -8.4255576804030338e-04 -4.1679471845517914e-03 -5.5720515316975416e-03 -9.1333868850357897e-03 -9.3047043102297347e-03 -1.1939928383435633e-02 -6.6943058111006920e-03 -4.2437121310055295e-03 -3.3238822502812859e-04 -6.3799092232698969e-04 -9.2525203024225211e-05 2.2058546156713300e-03 1.8321490663361789e-03 5.0663833334815044e-03 3.0904008942700440e-03 4.0426217609740777e-03 1.9371324168122417e-03 5.7304360622711264e-04 -7.8904980937670303e-04 -3.2885304601028803e-03 -3.1746010117097529e-03 -5.2248193643654323e-03 -2.6670992252583966e-03 -2.7540705670967740e-03 -1.9720586452650737e-04 -2.6614322285904577e-04 3.2467922456321045e-04 -6.1264034821230157e-04 -1.2094529488684649e-03 -1.5474431430909496e-03 -1.7761002512956792e-03 -4.3734091572420391e-04 -1.1440252178110386e-03 4.3812063812568051e-04 -5.3237946661968487e-04 -3.5695532787458572e-06 -2.3977181394796771e-04 -5.3527993992045424e-04 5.9504980902986475e-04 3.2395705727513108e-04 1.8308430512344765e-03 1.3775881106669957e-03 1.9441180786061779e-03 9.1688493637038214e-04 6.1890812592400564e-04 -7.3918540169166176e-04 -1.6021734503075832e-03 -2.7525686910726921e-03 -3.1808808947792850e-03 -3.2617204473754653e-03 -3.2685573111238446e-03 -2.1981304239954156e-03 -1.8782125283261094e-03 -3.3976847214052487e-04 3.9722990011045218e-04 1.7104740985515990e-03 2.5681263217615471e-03 3.0865698933240367e-03 3.4822952800651163e-03 2.9621587445675013e-03 2.7524843030588726e-03 1.4831809024099156e-03 7.8698401894105913e-04 -8.4151050507745822e-04 -1.6637389359327563e-03 -2.9778993712776033e-03 -3.2765235621372078e-03 -3.8098598079972235e-03 -3.4248112936029929e-03 -2.8210285293762609e-03 -1.9175714766935424e-03 -3.7573065110060221e-04 5.5564866441824325e-04 2.2007859842790526e-03 2.6888426614215151e-03 3.5788295113252581e-03 3.5018521000197240e-03 3.3089370079238500e-03 2.7969634141668184e-03 1.6699116245018073e-03 8.0353260053437476e-04 -7.9095528966843906e-04 -1.4175103189383378e-03 -2.5731753947798967e-03 -2.5846548584180029e-03 -3.0926620695227065e-03 -2.5273092851947846e-03 -2.2174237590312984e-03 -1.3503576321921723e-03 -3.1144008449218865e-04 3.9684451552806526e-04 1.6903148137030054e-03 1.9387331745531976e-03 2.8797770170014571e-03 2.6643182687496967e-03 2.8212988950925728e-03 2.2722155157528416e-03 1.5147435857075079e-03 6.7955435856779359e-04 -5.8262973744705327e-04 -9.3416411057548976e-04 -1.7372662472846128e-03 -1.5120060663003350e-03 -1.8868516342926299e-03 -1.3276225958631536e-03 -1.2682464183463391e-03 -6.7152774336972157e-04 -1.9994988025244273e-04 1.9020006373042148e-04 9.3609414174060282e-04 9.9478377595479820e-04 1.7316316415547381e-03 1.4798891116418731e-03 1.8477524240071497e-03 1.3917231680005409e-03 1.0847256451514960e-03 4.5826462688931281e-04 -2.8036247961253782e-04 -3.0623816105413722e-04 -6.9192723396606620e-04 -3.6675000418375046e-04 -6.5079345857259612e-04 -2.7001522171780755e-04 -4.1199084310772219e-04 -1.0980569197196715e-04 -8.0011808765438752e-05 6.8589966354575790e-05 2.8139245247213337e-04 2.3386541273308692e-04 5.8558419820857965e-04 3.4616772177610355e-04 6.9930614818828013e-04 3.4927357317500744e-04 4.7155526727193784e-04 1.3091569258516484e-04
</DataArray>
        <DataArray type="Float64" format="ascii" Name="Stress" NumberOfComponents="9">
-1.0543313580990309e+02 3.2768572499127487e+01 0.0000000000000000e+00 3.2768572499127487e+01 1.0998492103363603e+03 0.0000000000000000e+00 0.0000000000000000e+00 0.0000000000000000e+00 2.9832482235793714e+02 -5.4442563615437770e+01 1.7178254739814392e+01 0.0000000000000000e+00 1.7178254739814392e+01 1.0278720745572264e+03 0.0000000000000000e+00 0.0000000000000000e+00 0.0000000000000000e+00 2.9202885328253655e+02 -1.4915158792738740e+02 4.8258163174319691e+01 0.0000000000000000e+00 4.8258163174319691e+01 9.6675221758018620e+02 0.0000000000000000e+00 0.0000000000000000e+00 0.0000000000000000e+00 2.4528018889583959e+02 -1.0891296986801756e+02 2.9606796705620042e+01 0.0000000000000000e+00 2.9606796705620042e+01 9.6209882912487637e+02 0.0000000000000000e+00 0.0000000000000000e+00 0.0000000000000000e+00 2.5595575777705770e+02 -1.6818415046316022e+02 3.0761441709562927e+01 0.0000000000000000e+00 3.0761441709562927e+01 9.5937641864128625e+02 0.0000000000000000e+00 0.0000000000000000e+00 0.0000000000000000e+00 2.3735768045343775e+02 -1.3803384096541112e+02 2.0207986313286142e+01 0.0000000000000000e+00 2.0207986313286142e+01 9.5327309810949305e+02 0.0000000000000000e+00 0.0000000000000000e+00 0.0000000000000000e+00 2.4457177714322452e+02 -1.8049193541804144e+02 1.5585588025206725e+01 0.0000000000000000e+00 1.5585588025206725e+01 9.5629825070020820e+02 0.0000000000000000e+00 0.0000000000000000e+00 0.0000000000000000e+00 2.3274189458465003e+02 -1.5177906255544036e+02 8.9933863611159435e+00 0.0000000000000000e+00 8.9933863611159435e+00 9.5128116352353970e+02 0.0000000000000000e+00 0.0000000000000000e+00 0.0000000000000000e+00 2.3985063029042979e+02 -1.8489199032313735e+02 1.8022817866488472e+00 0.0000000000000000e+00 1.8022817866488472e+00 9.5582736232233458e+02 0.0000000000000000e+00 0.0000000000000000e+00 0.0000000000000000e+00 2.3128061159975911e+02 -1.5493944523494383e+02 -1.8357324372768766e+00 0.0000000000000000e+00 -1.8357324372768766e+00 9.5110950826285534e+02 0.0000000000000000e+00 0.0000000000000000e+00 0.0000000000000000e+00 2.3885101890837339e+02 -1.8274999797187567e+02 -1.1752632485181259e+01 0.0000000000000000e+00 -1.1752632485181259e+01 9.5646824446874291e+02 0.0000000000000000e+00 0.0000000000000000e+00 0.0000000000000000e+00 2.3211547394906017e+02 -1.4862856815299227e+02 -1.2865424328518897e+01 0.0000000000000000e+00 -1.2865424328518897e+01 9.5161547142816221e+02 0.0000000000000000e+00 0.0000000000000000e+00 0.0000000000000000e+00 2.4089607098255101e+02 -1.7408108395343592e+02 -2.6953148937823439e+01 0.0000000000000000e+00 -2.6953148937823439e+01 9.5930905267055164e+02 0.0000000000000000e+00 0.0000000000000000e+00 0.0000000000000000e+00 2.3556839061513469e+02 -1.3078173715023675e+02 -2.4874051086905038e+01 0.0000000000000000e+00 -2.4874051086905038e+01 9.5404823639621418e+02 0.0000000000000000e+00 0.0000000000000000e+00 0.0000000000000000e+00 2.4697994977379324e+02 -1.5879047095733958e+02 -4.5050025537983267e+01 0.0000000000000000e+00 -4.5050025537983267e+01 9.6760763854801689e+02 0.0000000000000000e+00 0.0000000000000000e+00 0.0000000000000000e+00 2.4264515027720321e+02 -9.1547101966316120e+01 -3.2703244137874130e+01 0.0000000000000000e+00 -3.2703244137874130e+01 9.6758393036796110e+02 0.0000000000000000e+00 0.0000000000000000e+00 0.0000000000000000e+00 2.6281104852049356e+02 -1.2005610745721368e+02 -4.4505698432745895e+01 0.0000000000000000e+00 -4.4505698432745895e+01 1.0169325917375210e+03 0.0000000000000000e+00 0.0000000000000000e+00 0.0000000000000000e+00 2.6906294528409211e+02 -1.9767136929869082e+01 -4.6225139320401558e+00 0.0000000000000000e+00 -4.6225139320401558e+00 1.1062137012227299e+03 0.0000000000000000e+00 0.0000000000000000e+00 0.0000000000000000e+00 3.2593396928785825e+02 3.1643354331943705e+00 -1.8509655683160730e+01 0.0000000000000000e+00 -1.8509655683160730e+01 1.0964468093932308e+03 0.0000000000000000e+00 0.0000000000000000e+00 0.0000000000000000e+00 3.2988334344792747e+02 -7.2757568788967086e-01 -2.0998473073276809e+01 0.0000000000000000e+00 -2.0998473073276809e+01 1.0393896458618165e+03 0.0000000000000000e+00 0.0000000000000000e+00 0.0000000000000000e+00 3.1159862105217803e+02 -3.2851596734845437e+01 -4.0514474329276267e+00 0.0000000000000000e+00 -4.0514474329276267e+00 9.7797939649160526e+02 0.0000000000000000e+00 0.0000000000000000e+00 0.0000000000000000e+00 2.8353833992702806e+02 -2.9083588538587701e+01 -1.1789964545316142e+01 0.0000000000000000e+00 -1.1789964545316142e+01 9.6675737030513051e+02 0.0000000000000000e+00 0.0000000000000000e+00 0.0000000000000000e+00 2.8130213452996287e+02 -7.1043618186548798e+01 4.8453104116841557e+00 0.0000000000000000e+00 4.8453104116841557e+00 9.5007382491329520e+02 0.0000000000000000e+00 0.0000000000000000e+00 0.0000000000000000e+00 2.6370906201802387e+02 -5.8167915503443957e+01 -3.8841012372949852e+00 0.0000000000000000e+00 -3.8841012372949852e+00 9.4775627178643401e+02 0.0000000000000000e+00 0.0000000000000000e+00 0.0000000000000000e+00 2.6687650688489691e+02 -9.3333462080603454e+01 3.6426100918762585e+00 0.0000000000000000e+00 3.6426100918762585e+00 9.4525577675130967e+02 0.0000000000000000e+00 0.0000000000000000e+00 0.0000000000000000e+00 2.5557669440121188e+02 -7.5009601088401851e+01 -1.1038507619782261e+00 0.0000000000000000e+00 -1.1038507619782261e+00 9.4406582028952846e+02 0.0000000000000000e+00 0.0000000000000000e+00 0.0000000000000000e+00 2.6071686576033795e+02 -1.0167505077730470e+02 3.9754753362050388e-01 0.0000000000000000e+00 3.9754753362050388e-01 9.4482652419967314e+02 0.0000000000000000e+00 0.0000000000000000e+00 0.0000000000000000e+00 2.5294544202671054e+02 -7.9074873025180807e+01 -6.1231473584129260e-02 0.0000000000000000e+00 -6.1231473584129260e-02 9.4375913351476800e+02 0.0000000000000000e+00 0.0000000000000000e+00 0.0000000000000000e+00 2.5940527814687607e+02 -9.7518477235763655e+01 -3.0596828252696571e+00 0.0000000000000000e+00 -3.0596828252696571e+00 9.4518969696658883e+02 0.0000000000000000e+00 0.0000000000000000e+00 0.0000000000000000e+00 2.5430136591924759e+02 -7.0642603051520581e+01 1.1950253031865699e+00 0.0000000000000000e+00 1.1950253031865699e+00 9.4480109998133253e+02 0.0000000000000000e+00 0.0000000000000000e+00 0.0000000000000000e+00 2.6224754907894362e+02 -7.9685507200344688e+01 -5.3337975310704744e+00 0.0000000000000000e+00 -5.3337975310704744e+00 9.4769868265305615e+02 0.0000000000000000e+00 0.0000000000000000e+00 0.0000000000000000e+00 2.6040395263581343e+02 -4.8637031090408961e+01 5.3921151500110414e+00 0.0000000000000000e+00 5.3921151500110414e+00 9.5150656735793268e+02 0.0000000000000000e+00 0.0000000000000000e+00 0.0000000000000000e+00 2.7086086088025712e+02 -4.4413082738469257e+01 -8.0913212857724059e-01 0.0000000000000000e+00 -8.0913212857724059e-01 9.6270277993775164e+02 0.0000000000000000e+00 0.0000000000000000e+00 0.0000000000000000e+00 2.7548690915978472e+02 -1.5469382804598876e+01 1.8106144239466627e+01 0.0000000000000000e+00 1.8106144239466627e+01 9.8336061218871760e+02 0.0000000000000000e+00 0.0000000000000000e+00 0.0000000000000000e+00 2.9036736881523558e+02 -3.0868086765550724e+00 1.7791152288505497e+01 0.0000000000000000e+00 1.7791152288505497e+01 1.0436949245397504e+03 0.0000000000000000e+00 0.0000000000000000e+00 0.0000000000000000e+00 3.1218243475895861e+02 1.4980341514352588e-01 1.8231431674355434e+01 0.0000000000000000e+00 1.8231431674355434e+01 1.0909740628662912e+03 0.0000000000000000e+00 0.0000000000000000e+00 0.0000000000000000e+00 3.2733715988443038e+02 1.7921419599670383e+00 -1.7445089411095946e+01 0.0000000000000000e+00 -1.7445089411095946e+01 1.0559322469092513e+03 0.0000000000000000e+00 0.0000000000000000e+00 0.0000000000000000e+00 3.1731731666076547e+02 1.5657077011748652e+00 -2.7255986492990779e+01 0.0000000000000000e+00 -2.7255986492990779e+01 1.0209830916311695e+03 0.0000000000000000e+00 0.0000000000000000e+00 0.0000000000000000e+00 3.0676463979970333e+02 -3.8293016169021890e+00 -3.1771390440541282e+01 0.0000000000000000e+00 -3.1771390440541282e+01 9.8712615822095245e+02 0.0000000000000000e+00 0.0000000000000000e+00 0.0000000000000000e+00 2.9498905698121513e+02 -4.1519058729388227e+00 -3.2433203627892993e+01 0.0000000000000000e+00 -3.2433203627892993e+01 9.7494594936980388e+02 0.0000000000000000e+00 0.0000000000000000e+00 0.0000000000000000e+00 2.9123821304905954e+02 -2.1276509223281955e+01 -2.1042985076723948e+01 0.0000000000000000e+00 -2.1042985076723948e+01 9.5637751452044165e+02 0.0000000000000000e+00 0.0000000000000000e+00 0.0000000000000000e+00 2.8053030158914788e+02 -1.6110609582363555e+01 -2.1698728079499219e+01 0.0000000000000000e+00 -2.1698728079499219e+01 9.5522235403637785e+02 0.0000000000000000e+00 0.0000000000000000e+00 0.0000000000000000e+00 2.8173352333620426e+02 -3.6082318696197625e+01 -1.0190258123699145e+01 0.0000000000000000e+00 -1.0190258123699145e+01 9.4728067192968695e+02 0.0000000000000000e+00 0.0000000000000000e+00 0.0000000000000000e+00 2.7335950597004665e+02 -2.5243151849770104e+01 -9.5586589826851540e+00 0.0000000000000000e+00 -9.5586589826851540e+00 9.4909867418968793e+02 0.0000000000000000e+00 0.0000000000000000e+00 0.0000000000000000e+00 2.7715665670197535e+02 -4.2307555473931266e+01 -1.4381529602421010e+00 0.0000000000000000e+00 -1.4381529602421010e+00 9.4544639475135364e+02 0.0000000000000000e+00 0.0000000000000000e+00 0.0000000000000000e+00 2.7094165178322669e+02 -2.7570812304869797e+01 1.7607049004784403e+00 0.0000000000000000e+00 1.7607049004784403e+00 9.4813280230735609e+02 0.0000000000000000e+00 0.0000000000000000e+00 0.0000000000000000e+00 2.7616859700074588e+02 -3.8879353016039076e+01 6.9788532321632024e+00 0.0000000000000000e+00 6.9788532321632024e+00 9.4634729114317042e+02 0.0000000000000000e+00 0.0000000000000000e+00 0.0000000000000000e+00 2.7224038143813937e+02 -2.2431808629999150e+01 1.3422215312645591e+01 0.0000000000000000e+00 1.3422215312645591e+01 9.5051957282193473e+02 0.0000000000000000e+00 0.0000000000000000e+00 0.0000000000000000e+00 2.7842632925758062e+02 -2.6205906670478704e+01 1.7118030766213774e+01 0.0000000000000000e+00 1.7118030766213774e+01 9.5217447719335041e+02 0.0000000000000000e+00 0.0000000000000000e+00 0.0000000000000000e+00 2.7779057115686152e+02 -1.1328590615500055e+01 2.6267426695450247e+01 0.0000000000000000e+00 2.6267426695450247e+01 9.6029994193783841e+02 0.0000000000000000e+00 0.0000000000000000e+00 0.0000000000000000e+00 2.8469140539670138e+02 -8.7438585313019903e+00 2.8945252751160890e+01 0.0000000000000000e+00 2.8945252751160890e+01 9.7430865643231198e+02 0.0000000000000000e+00 0.0000000000000000e+00 0.0000000000000000e+00 2.8966943937030300e+02 -8.4739128728751401e-01 3.5075240668389718e+01 0.0000000000000000e+00 3.5075240668389718e+01 9.8917359239512780e+02 0.0000000000000000e+00 0.0000000000000000e+00 0.0000000000000000e+00 2.9649786033235205e+02 1.8111747870386097e+00 2.6996275397711521e+01 0.0000000000000000e+00 2.6996275397711521e+01 1.0319162544148110e+03 0.0000000000000000e+00 0.0000000000000000e+00 0.0000000000000000e+00 3.1011822876055487e+02 4.7765188984579071e-01 1.6270453472175209e+01 0.0000000000000000e+00 1.6270453472175209e+01 1.0436753557942861e+03 0.0000000000000000e+00 0.0000000000000000e+00 0.0000000000000000e+00 3.1324590230523961e+02 6.3044717622839430e-01 -1.5248934533705594e+01 0.0000000000000000e+00 -1.5248934533705594e+01 1.0113563258829671e+03 0.0000000000000000e+00 0.0000000000000000e+00 0.0000000000000000e+00 3.0359603191775869e+02 1.4003351310367793e+00 -2.5832055675219273e+01 0.0000000000000000e+00 -2.5832055675219273e+01 9.9267108582653100e+02 0.0000000000000000e+00 0.0000000000000000e+00 0.0000000000000000e+00 2.9822142628727033e+02 2.5819733789574970e+00 -3.6961408629670110e+01 0.0000000000000000e+00 -3.6961408629670110e+01 9.8440647279502889e+02 0.0000000000000000e+00 0.0000000000000000e+00 0.0000000000000000e+00 2.9609653385219582e+02 4.4688391458716632e+00 -3.6035315327699998e+01 0.0000000000000000e+00 -3.6035315327699998e+01 9.7728619307325607e+02 0.0000000000000000e+00 0.0000000000000000e+00 0.0000000000000000e+00 2.9452650966573822e+02 7.6595368906457628e-01 -3.1215596776217385e+01 0.0000000000000000e+00 -3.1215596776217385e+01 9.6637555821881881e+02 0.0000000000000000e+00 0.0000000000000000e+00 0.0000000000000000e+00 2.9014245357236496e+02 5.8513943285066015e+00 -2.7006622036223597e+01 0.0000000000000000e+00 -2.7006622036223597e+01 9.6652129925918223e+02 0.0000000000000000e+00 0.0000000000000000e+00 0.0000000000000000e+00 2.9171180807630657e+02 -2.3635905276771627e+00 -1.7144450651203567e+01 0.0000000000000000e+00 -1.7144450651203567e+01 9.5805094192862862e+02 0.0000000000000000e+00 0.0000000000000000e+00 0.0000000000000000e+00 2.8670620542028547e+02 6.1836983092229021e+00 -1.2467844333901862e+01 0.0000000000000000e+00 -1.2467844333901862e+01 9.6106216145876226e+02 0.0000000000000000e+00 0.0000000000000000e+00 0.0000000000000000e+00 2.9017375793039560e+02 -3.8523772967885601e+00 -2.3454148334141114e+00 0.0000000000000000e+00 -2.3454148334141114e+00 9.5545930718317527e+02 0.0000000000000000e+00 0.0000000000000000e+00 0.0000000000000000e+00 2.8548207896591595e+02 6.3637665987520284e+00 2.5995257419360605e+00 0.0000000000000000e+00 2.5995257419360605e+00 9.5982850849999033e+02 0.0000000000000000e+00 0.0000000000000000e+00 0.0000000000000000e+00 2.8985768252962271e+02 -2.8177850611304955e+00 1.2313628301054854e+01 0.0000000000000000e+00 1.2313628301054854e+01 9.5683013849718668e+02 0.0000000000000000e+00 0.0000000000000000e+00 0.0000000000000000e+00 2.8620370603081682e+02 6.4971093960808597e+00 1.7732844967932589e+01 0.0000000000000000e+00 1.7732844967932589e+01 9.6260657849731820e+02 0.0000000000000000e+00 0.0000000000000000e+00 0.0000000000000000e+00 2.9073110636801977e+02 8.6179140014858643e-02 2.6814583326478235e+01 0.0000000000000000e+00 2.6814583326478235e+01 9.6329163792623388e+02 0.0000000000000000e+00 0.0000000000000000e+00 0.0000000000000000e+00 2.8901334511987460e+02 5.9529270488794390e+00 3.1579722259135540e+01 0.0000000000000000e+00 3.1579722259135540e+01 9.7031402545990159e+02 0.0000000000000000e+00 0.0000000000000000e+00 0.0000000000000000e+00 2.9288008575263433e+02 2.4332726243933913e+00 3.6461250000052004e+01 0.0000000000000000e+00 3.6461250000052004e+01 9.7860705355678670e+02 0.0000000000000000e+00 0.0000000000000000e+00 0.0000000000000000e+00 2.9431209785435408e+02 3.5311774972702601e+00 3.6128182629369263e+01 0.0000000000000000e+00 3.6128182629369263e+01 9.8389694338752906e+02 0.0000000000000000e+00 0.0000000000000000e+00 0.0000000000000000e+00 2.9622843626543983e+02 1.4461628657864627e+00 2.6281266855251882e+01 0.0000000000000000e+00 2.6281266855251882e+01 1.0040661330814215e+03 0.0000000000000000e+00 0.0000000000000000e+00 0.0000000000000000e+00 3.0165368878416228e+02 4.4153653433940815e-01 1.4346638716543815e+01 0.0000000000000000e+00 1.4346638716543815e+01 9.9905263546691356e+02 0.0000000000000000e+00 0.0000000000000000e+00 0.0000000000000000e+00 2.9984825160037582e+02 5.8489714253281422e-01 -1.3263702260141754e+01 0.0000000000000000e+00 -1.3263702260141754e+01 9.7018956794786573e+02 0.0000000000000000e+00 0.0000000000000000e+00 0.0000000000000000e+00 2.9123233952711962e+02 1.8559953545608801e+00 -2.1635558084475548e+01 0.0000000000000000e+00 -2.1635558084475548e+01 9.6596034600703854e+02 0.0000000000000000e+00 0.0000000000000000e+00 0.0000000000000000e+00 2.9034490240847987e+02 6.0838485975401655e+00 -3.2590450750604063e+01 0.0000000000000000e+00 -3.2590450750604063e+01 9.7744520447170373e+02 0.0000000000000000e+00 0.0000000000000000e+00 0.0000000000000000e+00 2.9505871592077312e+02 1.1550636599224454e+01 -2.9024798208934794e+01 0.0000000000000000e+00 -2.9024798208934794e+01 9.7765290447089785e+02 0.0000000000000000e+00 0.0000000000000000e+00 0.0000000000000000e+00 2.9676106232103655e+02 1.4792500855302158e+01 -2.8134906454689169e+01 0.0000000000000000e+00 -2.8134906454689169e+01 9.7535108440850752e+02 0.0000000000000000e+00 0.0000000000000000e+00 0.0000000000000000e+00 2.9704307557914285e+02 2.4200597962753978e+01 -2.0827820478858040e+01 0.0000000000000000e+00 -2.0827820478858040e+01 9.7697954320012332e+02 0.0000000000000000e+00 0.0000000000000000e+00 0.0000000000000000e+00 3.0035404234886317e+02 2.2288321648751491e+01 -1.5495127434595902e+01 0.0000000000000000e+00 -1.5495127434595902e+01 9.7062925471002450e+02 0.0000000000000000e+00 0.0000000000000000e+00 0.0000000000000000e+00 2.9787527290763273e+02 3.3618184274526214e+01 -9.1865162458325873e+00 0.0000000000000000e+00 -9.1865162458325873e+00 9.7296007700215637e+02 0.0000000000000000e+00 0.0000000000000000e+00 0.0000000000000000e+00 3.0197347838300470e+02 2.5797915400342269e+01 -1.9370808806041373e+00 0.0000000000000000e+00 -1.9370808806041373e+00 9.6804480826956933e+02 0.0000000000000000e+00 0.0000000000000000e+00 0.0000000000000000e+00 2.9815281710097349e+02 3.6370343850720971e+01 2.1668232484135919e+00 0.0000000000000000e+00 2.1668232484135919e+00 9.7154194869305525e+02 0.0000000000000000e+00 0.0000000000000000e+00 0.0000000000000000e+00 3.0237368776313292e+02 2.4321651634719192e+01 1.1403409826049419e+01 0.0000000000000000e+00 1.1403409826049419e+01 9.6944850823679610e+02 0.0000000000000000e+00 0.0000000000000000e+00 0.0000000000000000e+00 2.9813104796145456e+02 3.1608941941384348e+01 1.3573523455009367e+01 0.0000000000000000e+00 1.3573523455009367e+01 9.7424641443335850e+02 0.0000000000000000e+00 0.0000000000000000e+00 0.0000000000000000e+00 3.0175660691242274e+02 1.8134825902182214e+01 2.4242896759482729e+01 0.0000000000000000e+00 2.4242896759482729e+01 9.7419616621489467e+02 0.0000000000000000e+00 0.0000000000000000e+00 0.0000000000000000e+00 2.9769929763512306e+02 2.0615573930990621e+01 2.4604211589143265e+01 0.0000000000000000e+00 2.4604211589143265e+01 9.7847977653947282e+02 0.0000000000000000e+00 0.0000000000000000e+00 0.0000000000000000e+00 2.9972860514113904e+02 9.2052850764017258e+00 3.2085470292560871e+01 0.0000000000000000e+00 3.2085470292560871e+01 9.7869033638057408e+02 0.0000000000000000e+00 0.0000000000000000e+00 0.0000000000000000e+00 2.9636868643709272e+02 7.8132423272970586e+00 2.9154133296083860e+01 0.0000000000000000e+00 2.9154133296083860e+01 9.7689715479728909e+02 0.0000000000000000e+00 0.0000000000000000e+00 0.0000000000000000e+00 2.9541311913737593e+02 1.7769678127643718e+00 2.2737357961948906e+01 0.0000000000000000e+00 2.2737357961948906e+01 9.7579426542829401e+02 0.0000000000000000e+00 0.0000000000000000e+00 0.0000000000000000e+00 2.9327136997231747e+02 5.5733488530320696e-01 1.2128134369445416e+01 0.0000000000000000e+00 1.2128134369445416e+01 9.5989763878851625e+02 0.0000000000000000e+00 0.0000000000000000e+00 0.0000000000000000e+00 2.8813649210214584e+02 1.0278267927474820e+00 -1.0379880112829659e+01 0.0000000000000000e+00 -1.0379880112829659e+01 9.3610312975056627e+02 0.0000000000000000e+00 0.0000000000000000e+00 0.0000000000000000e+00 2.8113928696299405e+02 3.6406132065340238e+00 -1.3138541342581366e+01 0.0000000000000000e+00 -1.3138541342581366e+01 9.4846245531409431e+02 0.0000000000000000e+00 0.0000000000000000e+00 0.0000000000000000e+00 2.8563092055618853e+02 1.2566140342641262e+01 -1.9854512697938567e+01 0.0000000000000000e+00 -1.9854512697938567e+01 9.7393722245497634e+02 0.0000000000000000e+00 0.0000000000000000e+00 0.0000000000000000e+00 2.9595100883928529e+02 2.5477594278055420e+01 -1.0138037665722734e+01 0.0000000000000000e+00 -1.0138037665722734e+01 9.8116746778022662e+02 0.0000000000000000e+00 0.0000000000000000e+00 0.0000000000000000e+00 3.0199351861748448e+02 3.4008013011121449e+01 -1.2929832965967874e+01 0.0000000000000000e+00 -1.2929832965967874e+01 9.8281617856112837e+02 0.0000000000000000e+00 0.0000000000000000e+00 0.0000000000000000e+00 3.0504725747167498e+02 5.2636452307918290e+01 -2.7185307689055627e+00 0.0000000000000000e+00 -2.7185307689055627e+00 9.8369848500847627e+02 0.0000000000000000e+00 0.0000000000000000e+00 0.0000000000000000e+00 3.1090048119491831e+02 5.2811688516746379e+01 -5.3831553273329948e+00 0.0000000000000000e+00 -5.3831553273329948e+00 9.7895629477326759e+02 0.0000000000000000e+00 0.0000000000000000e+00 0.0000000000000000e+00 3.0953039498700412e+02 7.1760825305145431e+01 3.4539038208486234e-01 0.0000000000000000e+00 3.4539038208486234e-01 9.7789409186438786e+02 0.0000000000000000e+00 0.0000000000000000e+00 0.0000000000000000e+00 3.1489647515085994e+02 6.1362871054860065e+01 -1.6564539445772794e-01 0.0000000000000000e+00 -1.6564539445772794e-01 9.7553964283444759e+02 0.0000000000000000e+00 0.0000000000000000e+00 0.0000000000000000e+00 3.1107075416679231e+02 7.7069599787159248e+01 5.2152689986789025e-01 0.0000000000000000e+00 5.2152689986789025e-01 9.7563058164208655e+02 0.0000000000000000e+00 0.0000000000000000e+00 0.0000000000000000e+00 3.1581005442877370e+02 5.7502078887658627e+01 4.4265120977943280e+00 0.0000000000000000e+00 4.4265120977943280e+00 9.7721673298664621e+02 0.0000000000000000e+00 0.0000000000000000e+00 0.0000000000000000e+00 3.1041564356229139e+02 6.7617585388713039e+01 1.0436453035671409e+00 0.0000000000000000e+00 1.0436453035671409e+00 9.7940048994102892e+02 0.0000000000000000e+00 0.0000000000000000e+00 0.0000000000000000e+00 3.1410542259892264e+02 4.2146837801149339e+01 1.0424165813795284e+01 0.0000000000000000e+00 1.0424165813795284e+01 9.8192843255744356e+02 0.0000000000000000e+00 0.0000000000000000e+00 0.0000000000000000e+00 3.0722258110757787e+02 4.5232084845853429e+01 4.9282594123772103e+00 0.0000000000000000e+00 4.9282594123772103e+00 9.8428907648023278e+02 0.0000000000000000e+00 0.0000000000000000e+00 0.0000000000000000e+00 3.0885634839782585e+02 2.0361697774013283e+01 1.7173950838373287e+01 0.0000000000000000e+00 1.7173950838373287e+01 9.8003874317143811e+02 0.0000000000000000e+00 0.0000000000000000e+00 0.0000000000000000e+00 3.0012013228363548e+02 1.7495128651177851e+01 1.2135138877649405e+01 0.0000000000000000e+00 1.2135138877649405e+01 9.7534569697103086e+02 0.0000000000000000e+00 0.0000000000000000e+00 0.0000000000000000e+00 2.9785224768666257e+02 3.2832338877049771e+00 1.5421981052095569e+01 0.0000000000000000e+00 1.5421981052095569e+01 9.5442575454177859e+02 0.0000000000000000e+00 0.0000000000000000e+00 0.0000000000000000e+00 2.8731269652884504e+02 8.1064241162775585e-01 8.2875655964559787e+00 0.0000000000000000e+00 8.2875655964559787e+00 9.3027652336712151e+02 0.0000000000000000e+00 0.0000000000000000e+00 0.0000000000000000e+00 2.7932614973362473e+02 2.5736906074544499e+00 -4.1655762988208727e+00 0.0000000000000000e+00 -4.1655762988208727e+00 9.1672801210906584e+02 0.0000000000000000e+00 0.0000000000000000e+00 0.0000000000000000e+00 2.7579051081495606e+02 1.0727880015927481e+01 7.1785521205026868e+00 0.0000000000000000e+00 7.1785521205026868e+00 9.5314191160547011e+02 0.0000000000000000e+00 0.0000000000000000e+00 0.0000000000000000e+00 2.8916093748641924e+02 2.9738664102234438e+01 8.8303484053848020e+00 0.0000000000000000e+00 8.8303484053848020e+00 9.8111219454455340e+02 0.0000000000000000e+00 0.0000000000000000e+00 0.0000000000000000e+00 3.0325525759403632e+02 6.0074438104973538e+01 2.9344572667197276e+01 0.0000000000000000e+00 2.9344572667197276e+01 9.8963789696015760e+02 0.0000000000000000e+00 0.0000000000000000e+00 0.0000000000000000e+00 3.1491370051953925e+02 7.2467324321370469e+01 1.7475074950158966e+01 0.0000000000000000e+00 1.7475074950158966e+01 9.8626798282267407e+02 0.0000000000000000e+00 0.0000000000000000e+00 0.0000000000000000e+00 3.1762059214321334e+02 1.0652758902314829e+02 2.8973011986801080e+01 0.0000000000000000e+00 2.8973011986801080e+01 9.8073833020735947e+02 0.0000000000000000e+00 0.0000000000000000e+00 0.0000000000000000e+00 3.2617977576915234e+02 1.0347535973613962e+02 1.3057710328862257e+01 0.0000000000000000e+00 1.3057710328862257e+01 9.7642100610399166e+02 0.0000000000000000e+00 0.0000000000000000e+00 0.0000000000000000e+00 3.2396890975203939e+02 1.3364750921907572e+02 1.5404051023488066e+01 0.0000000000000000e+00 1.5404051023488066e+01 9.6866031806603291e+02 0.0000000000000000e+00 0.0000000000000000e+00 0.0000000000000000e+00 3.3069234818553252e+02 1.1619050495696462e+02 2.7996136667916471e+00 0.0000000000000000e+00 2.7996136667916471e+00 9.7054945648847581e+02 0.0000000000000000e+00 0.0000000000000000e+00 0.0000000000000000e+00 3.2602198843363215e+02 1.4047026557783005e+02 -2.0845034596603229e+00 0.0000000000000000e+00 -2.0845034596603229e+00 9.6499982389017805e+02 0.0000000000000000e+00 0.0000000000000000e+00 0.0000000000000000e+00 3.3164102684040239e+02 1.1037983881656760e+02 -8.2301380817529424e+00 0.0000000000000000e+00 -8.2301380817529424e+00 9.7319785739371730e+02 0.0000000000000000e+00 0.0000000000000000e+00 0.0000000000000000e+00 3.2507330886308540e+02 1.2792072019973155e+02 -1.9140075762741024e+01 0.0000000000000000e+00 -1.9140075762741024e+01 9.7125193831791114e+02 0.0000000000000000e+00 0.0000000000000000e+00 0.0000000000000000e+00 3.2975179755529274e+02 8.6296976620548037e+01 -1.5860475858983101e+01 0.0000000000000000e+00 -1.5860475858983101e+01 9.8218926051222138e+02 0.0000000000000000e+00 0.0000000000000000e+00 0.0000000000000000e+00 3.2054587113983081e+02 9.5294716770355677e+01 -3.0737328801374503e+01 0.0000000000000000e+00 -3.0737328801374503e+01 9.8355654881832265e+02 0.0000000000000000e+00 0.0000000000000000e+00 0.0000000000000000e+00 3.2365537967660356e+02 4.6992181509269443e+01 -1.4202212253917331e+01 0.0000000000000000e+00 -1.4202212253917331e+01 9.8549441390382265e+02 0.0000000000000000e+00 0.0000000000000000e+00 0.0000000000000000e+00 3.0974597862392756e+02 4.4947137609259741e+01 -2.5722406505472300e+01 0.0000000000000000e+00 -2.5722406505472300e+01 9.8428241030283414e+02 0.0000000000000000e+00 0.0000000000000000e+00 0.0000000000000000e+00 3.0876886437362816e+02 8.5961151819942963e+00 -1.8010261315010705e+00 0.0000000000000000e+00 -1.8010261315010705e+00 9.4990065405130395e+02 0.0000000000000000e+00 0.0000000000000000e+00 0.0000000000000000e+00 2.8754903076998943e+02 2.2686020828628055e+00 -1.1191919971161257e+00 0.0000000000000000e+00 -1.1191919971161257e+00 9.2171898390222486e+02 0.0000000000000000e+00 0.0000000000000000e+00 0.0000000000000000e+00 2.7719627579552622e+02 9.7575387553685182e+00 1.6319842472546508e+01 0.0000000000000000e+00 1.6319842472546508e+01 9.3815540670215501e+02 0.0000000000000000e+00 0.0000000000000000e+00 0.0000000000000000e+00 2.8437388363725711e+02 5.1367390164028677e+01 6.8906340899233498e+01 0.0000000000000000e+00 6.8906340899233498e+01 1.0081834223928547e+03 0.0000000000000000e+00 0.0000000000000000e+00 0.0000000000000000e+00 3.1786524376706495e+02 8.2945748053159022e+01 6.9637327013852669e+01 0.0000000000000000e+00 6.9637327013852669e+01 9.9741218884528757e+02 0.0000000000000000e+00 0.0000000000000000e+00 0.0000000000000000e+00 3.2410738106953403e+02 1.4599100130681001e+02 9.7435126149581478e+01 0.0000000000000000e+00 9.7435126149581478e+01 9.8988345953702390e+02 0.0000000000000000e+00 0.0000000000000000e+00 0.0000000000000000e+00 3.4076233825315012e+02 1.5049326787880872e+02 6.3385192211849734e+01 0.0000000000000000e+00 6.3385192211849734e+01 9.7525672476326395e+02 0.0000000000000000e+00 0.0000000000000000e+00 0.0000000000000000e+00 3.3772499779262165e+02 2.0256933601952446e+02 6.8112127613579872e+01 0.0000000000000000e+00 6.8112127613579872e+01 9.5646384549314143e+02 0.0000000000000000e+00 0.0000000000000000e+00 0.0000000000000000e+00 3.4770995445379975e+02 1.8560714276620411e+02 3.6152389785457586e+01 0.0000000000000000e+00 3.6152389785457586e+01 9.5575172742834081e+02 0.0000000000000000e+00 0.0000000000000000e+00 0.0000000000000000e+00 3.4240766105836343e+02 2.2572840243660227e+02 3.1268023689927986e+01 0.0000000000000000e+00 3.1268023689927986e+01 9.3982761819419864e+02 0.0000000000000000e+00 0.0000000000000000e+00 0.0000000000000000e+00 3.4966680618924022e+02 1.9793559825042564e+02 6.0868528432712985e+00 0.0000000000000000e+00 6.0868528432712985e+00 9.4768606493487152e+02 0.0000000000000000e+00 0.0000000000000000e+00 0.0000000000000000e+00 3.4368649895558906e+02 2.3081886796889265e+02 -4.8397974899527290e+00 0.0000000000000000e+00 -4.8397974899527290e+00 9.3580887903510575e+02 0.0000000000000000e+00 0.0000000000000000e+00 0.0000000000000000e+00 3.4998832410119957e+02 1.9208060719712515e+02 -2.3879380482967907e+01 0.0000000000000000e+00 -2.3879380482967907e+01 9.5122499661945301e+02 0.0000000000000000e+00 0.0000000000000000e+00 0.0000000000000000e+00 3.4299168114497331e+02 2.2039208149111946e+02 -4.1067800538655099e+01 0.0000000000000000e+00 -4.1067800538655099e+01 9.4335141192892627e+02 0.0000000000000000e+00 0.0000000000000000e+00 0.0000000000000000e+00 3.4912304802601369e+02 1.6641255493686995e+02 -5.2226806772798611e+01 0.0000000000000000e+00 -5.2226806772798611e+01 9.6600310757282818e+02 0.0000000000000000e+00 0.0000000000000000e+00 0.0000000000000000e+00 3.3972469875290949e+02 1.9032236089118584e+02 -7.7402745829213217e+01 0.0000000000000000e+00 -7.7402745829213217e+01 9.6366146016131017e+02 0.0000000000000000e+00 0.0000000000000000e+00 0.0000000000000000e+00 3.4619514631574884e+02 1.1397884114625832e+02 -7.0318088177771983e+01 0.0000000000000000e+00 -7.0318088177771983e+01 9.8817114345191112e+02 0.0000000000000000e+00 0.0000000000000000e+00 0.0000000000000000e+00 3.3064499537945090e+02 1.2800599721349673e+02 -1.0148908835245958e+02 0.0000000000000000e+00 -1.0148908835245958e+02 9.9669356657981552e+02 0.0000000000000000e+00 0.0000000000000000e+00 0.0000000000000000e+00 3.3740986913799367e+02 3.4635055267594844e+01 -4.8056665689230428e+01 0.0000000000000000e+00 -4.8056665689230428e+01 9.8021213477116044e+02 0.0000000000000000e+00 0.0000000000000000e+00 0.0000000000000000e+00 3.0445415701162659e+02 2.2729453038491005e+01 -3.8022849347398612e+01 0.0000000000000000e+00 -3.8022849347398612e+01 9.6882384158835555e+02 0.0000000000000000e+00 0.0000000000000000e+00 0.0000000000000000e+00 2.9746598838805392e+02 7.1687920620302094e+01 1.3937515325742419e+02 0.0000000000000000e+00 1.3937515325742419e+02 1.1443659008597438e+03 0.0000000000000000e+00 0.0000000000000000e+00 0.0000000000000000e+00 3.6661008553867322e+02 3.1743387946773402e+02 2.4247199353558773e+02 0.0000000000000000e+00 2.4247199353558773e+02 1.0688021806220747e+03 0.0000000000000000e+00 0.0000000000000000e+00 0.0000000000000000e+00 4.1587081802694263e+02 2.4481257594723357e+02 1.6381994084836765e+02 0.0000000000000000e+00 1.6381994084836765e+02 9.8562500345752278e+02 0.0000000000000000e+00 0.0000000000000000e+00 0.0000000000000000e+00 3.6913127382142699e+02 3.2838530531596967e+02 1.5278237898202806e+02 0.0000000000000000e+00 1.5278237898202806e+02 9.3693222111355669e+02 0.0000000000000000e+00 0.0000000000000000e+00 0.0000000000000000e+00 3.7959525792885785e+02 2.8310968603122012e+02 1.0291338417647731e+02 0.0000000000000000e+00 1.0291338417647731e+02 9.3383640797842008e+02 0.0000000000000000e+00 0.0000000000000000e+00 0.0000000000000000e+00 3.6508382820289205e+02 3.3537342781874025e+02 8.9326179866770431e+01 0.0000000000000000e+00 8.9326179866770431e+01 9.0647195784666167e+02 0.0000000000000000e+00 0.0000000000000000e+00 0.0000000000000000e+00 3.7255361569962054e+02 2.9756938324208824e+02 5.2557101160396115e+01 0.0000000000000000e+00 5.2557101160396115e+01 9.1440122813475671e+02 0.0000000000000000e+00 0.0000000000000000e+00 0.0000000000000000e+00 3.6359118341305350e+02 3.3844091250005852e+02 3.8937289692876377e+01 0.0000000000000000e+00 3.8937289692876377e+01 8.9490821333249994e+02 0.0000000000000000e+00 0.0000000000000000e+00 0.0000000000000000e+00 3.7000473774976746e+02 3.0215582301624426e+02 8.0944921468858428e+00 0.0000000000000000e+00 8.0944921468858428e+00 9.0789303960297696e+02 0.0000000000000000e+00 0.0000000000000000e+00 0.0000000000000000e+00 3.6301465878576636e+02 3.3887614252767361e+02 -6.4090327547543993e+00 0.0000000000000000e+00 -6.4090327547543993e+00 8.9230042619237145e+02 0.0000000000000000e+00 0.0000000000000000e+00 0.0000000000000000e+00 3.6935297061601352e+02 2.9949593436578618e+02 -3.5396820346313497e+01 0.0000000000000000e+00 -3.5396820346313497e+01 9.1087213392026024e+02 0.0000000000000000e+00 0.0000000000000000e+00 0.0000000000000000e+00 3.6311042048581390e+02 3.3683706497614418e+02 -5.2493559562147112e+01 0.0000000000000000e+00 -5.2493559562147112e+01 8.9737058334610106e+02 0.0000000000000000e+00 0.0000000000000000e+00 0.0000000000000000e+00 3.7026229449667352e+02 2.8810412255940059e+02 -8.2262580155559661e+01 0.0000000000000000e+00 -8.2262580155559661e+01 9.2464123105597275e+02 0.0000000000000000e+00 0.0000000000000000e+00 0.0000000000000000e+00 3.6382360608461192e+02 3.3079514559278851e+02 -1.0519563096658591e+02 0.0000000000000000e+00 -1.0519563096658591e+02 9.1324095700070802e+02 0.0000000000000000e+00 0.0000000000000000e+00 0.0000000000000000e+00 3.7321083077804894e+02 2.5867109415483725e+02 -1.3427459512252713e+02 0.0000000000000000e+00 -1.3427459512252713e+02 9.5835128912252242e+02 0.0000000000000000e+00 0.0000000000000000e+00 0.0000000000000000e+00 3.6510671498320789e+02 3.1329336243017974e+02 -1.7216097350969153e+02 0.0000000000000000e+00 -1.7216097350969153e+02 9.5850354383962315e+02 0.0000000000000000e+00 0.0000000000000000e+00 0.0000000000000000e+00 3.8153907188094081e+02 1.7658187695329337e+02 -1.6475054190792827e+02 0.0000000000000000e+00 -1.6475054190792827e+02 1.0472504497308989e+03 0.0000000000000000e+00 0.0000000000000000e+00 0.0000000000000000e+00 3.6714969800525773e+02 2.6720142016298865e+02 -2.3733417933835401e+02 0.0000000000000000e+00 -2.3733417933835401e+02 1.1695262328428184e+03 0.0000000000000000e+00 0.0000000000000000e+00 0.0000000000000000e+00 4.3101829590174214e+02 7.7163447572539312e+01 6.1038260705664335e+01 0.0000000000000000e+00 6.1038260705664335e+01 1.0073867103908044e+03 0.0000000000000000e+00 0.0000000000000000e+00 0.0000000000000000e+00 3.5621267688023011e+02 5.4718243223735847e+01 4.5053324670587799e+01 0.0000000000000000e+00 4.5053324670587799e+01 9.9798547867658431e+02 0.0000000000000000e+00 0.0000000000000000e+00 0.0000000000000000e+00 3.4953818919290899e+02 8.5189295511712203e+01 5.6075697346220650e+01 0.0000000000000000e+00 5.6075697346220650e+01 9.9014478614580605e+02 0.0000000000000000e+00 0.0000000000000000e+00 0.0000000000000000e+00 3.3690435201849425e+02 7.2814173214478132e+01 4.5598338011028211e+01 0.0000000000000000e+00 4.5598338011028211e+01 9.8867039041306850e+02 0.0000000000000000e+00 0.0000000000000000e+00 0.0000000000000000e+00 3.3717462720992643e+02 8.2970431163006850e+01 3.6021327257343039e+01 0.0000000000000000e+00 3.6021327257343039e+01 9.7438894893771362e+02 0.0000000000000000e+00 0.0000000000000000e+00 0.0000000000000000e+00 3.2164229806220919e+02 7.5040407010783838e+01 3.0733867875927224e+01 0.0000000000000000e+00 3.0733867875927224e+01 9.7921040834503992e+02 0.0000000000000000e+00 0.0000000000000000e+00 0.0000000000000000e+00 3.2615071340205441e+02 8.2108283438779381e+01 1.8229639137837424e+01 0.0000000000000000e+00 1.8229639137837424e+01 9.6736148226843488e+02 0.0000000000000000e+00 0.0000000000000000e+00 0.0000000000000000e+00 3.1748140346098319e+02 7.4009143363987491e+01 1.3656068493957887e+01 0.0000000000000000e+00 1.3656068493957887e+01 9.7481924659109029e+02 0.0000000000000000e+00 0.0000000000000000e+00 0.0000000000000000e+00 3.2112558243402003e+02 8.1215780058216026e+01 2.4321579395154473e+00 0.0000000000000000e+00 2.4321579395154473e+00 9.6590306669158826e+02 0.0000000000000000e+00 0.0000000000000000e+00 0.0000000000000000e+00 3.1628958846857915e+02 7.3701474328351111e+01 -2.8714516115265294e+00 0.0000000000000000e+00 -2.8714516115265294e+00 9.7401683892632445e+02 0.0000000000000000e+00 0.0000000000000000e+00 0.0000000000000000e+00 3.2018192659678027e+02 8.1650669501858204e+01 -1.3293795105738354e+01 0.0000000000000000e+00 -1.3293795105738354e+01 9.6687478112248414e+02 0.0000000000000000e+00 0.0000000000000000e+00 0.0000000000000000e+00 3.1677636054743493e+02 7.4878434722151383e+01 -1.9623113283821102e+01 0.0000000000000000e+00 -1.9623113283821102e+01 9.7588652839198085e+02 0.0000000000000000e+00 0.0000000000000000e+00 0.0000000000000000e+00 3.2222355059787532e+02 8.3209313327165148e+01 -3.0423017825865809e+01 0.0000000000000000e+00 -3.0423017825865809e+01 9.7140073487893392e+02 0.0000000000000000e+00 0.0000000000000000e+00 0.0000000000000000e+00 3.1925811288774781e+02 7.7071678395726778e+01 -3.7399893701366906e+01 0.0000000000000000e+00 -3.7399893701366906e+01 9.8231787601292547e+02 0.0000000000000000e+00 0.0000000000000000e+00 0.0000000000000000e+00 3.2929661081897081e+02 8.6212437003741030e+01 -5.0817919561015970e+01 0.0000000000000000e+00 -5.0817919561015970e+01 9.8186277726886510e+02 0.0000000000000000e+00 0.0000000000000000e+00 0.0000000000000000e+00 3.2784190724704911e+02 7.3376541640172988e+01 -5.5809159090700881e+01 0.0000000000000000e+00 -5.5809159090700881e+01 9.9597418594268913e+02 0.0000000000000000e+00 0.0000000000000000e+00 0.0000000000000000e+00 3.4526055685795450e+02 9.5628071853078069e+01 -6.9549781733073374e+01 0.0000000000000000e+00 -6.9549781733073374e+01 1.0107628712358227e+03 0.0000000000000000e+00 0.0000000000000000e+00 0.0000000000000000e+00 3.5592783237221977e+02 2.0063016139016881e+01 -2.9050549485854759e+01 0.0000000000000000e+00 -2.9050549485854759e+01 9.9484688766327906e+02 0.0000000000000000e+00 0.0000000000000000e+00 0.0000000000000000e+00 3.5130607277734515e+02 3.2469608091803206e+00 3.0730567535267204e+00 0.0000000000000000e+00 3.0730567535267204e+00 9.6122232894567833e+02 0.0000000000000000e+00 0.0000000000000000e+00 0.0000000000000000e+00 3.2448430070360462e+02 6.9454840672886373e+00 1.1569565123856821e+01 0.0000000000000000e+00 1.1569565123856821e+01 9.6875561979237955e+02 0.0000000000000000e+00 0.0000000000000000e+00 0.0000000000000000e+00 3.3006200703764415e+02 3.9468473377690863e+01 3.5242014356001960e+01 0.0000000000000000e+00 3.5242014356001960e+01 9.9058467411337870e+02 0.0000000000000000e+00 0.0000000000000000e+00 0.0000000000000000e+00 3.4506890280386091e+02 3.4922679033686855e+01 2.6066160914805209e+01 0.0000000000000000e+00 2.6066160914805209e+01 9.9067281382997703e+02 0.0000000000000000e+00 0.0000000000000000e+00 0.0000000000000000e+00 3.4516204406206418e+02 5.8644480136601324e+01 3.4151263778708305e+01 0.0000000000000000e+00 3.4151263778708305e+01 9.9226574625024659e+02 0.0000000000000000e+00 0.0000000000000000e+00 0.0000000000000000e+00 3.4278238976597748e+02 5.3020308339238824e+01 2.4473564890614430e+01 0.0000000000000000e+00 2.4473564890614430e+01 9.9432804187319516e+02 0.0000000000000000e+00 0.0000000000000000e+00 0.0000000000000000e+00 3.4508842645832777e+02 6.4641632333850936e+01 1.9524053559941780e+01 0.0000000000000000e+00 1.9524053559941780e+01 9.8787285835726686e+02 0.0000000000000000e+00 0.0000000000000000e+00 0.0000000000000000e+00 3.3647967317120032e+02 6.0232404113814816e+01 1.2602166490360672e+01 0.0000000000000000e+00 1.2602166490360672e+01 9.9254824067298921e+02 0.0000000000000000e+00 0.0000000000000000e+00 0.0000000000000000e+00 3.4151334224998294e+02 6.5893445145791318e+01 2.5419161642628261e+00 0.0000000000000000e+00 2.5419161642628261e+00 9.8560773011290826e+02 0.0000000000000000e+00 0.0000000000000000e+00 0.0000000000000000e+00 3.3360515005736664e+02 6.1917981951891569e+01 -2.8766878181677433e+00 0.0000000000000000e+00 -2.8766878181677433e+00 9.9187013847619073e+02 0.0000000000000000e+00 0.0000000000000000e+00 0.0000000000000000e+00 3.4036357642743894e+02 6.5890624335853616e+01 -1.4462698479320935e+01 0.0000000000000000e+00 -1.4462698479320935e+01 9.8670175789023699e+02 0.0000000000000000e+00 0.0000000000000000e+00 0.0000000000000000e+00 3.3489623942209300e+02 5.9988781222405734e+01 -1.8587219706601804e+01 0.0000000000000000e+00 -1.8587219706601804e+01 9.9402228081727230e+02 0.0000000000000000e+00 0.0000000000000000e+00 0.0000000000000000e+00 3.4317131065787851e+02 6.2999013831672436e+01 -3.0760544536971132e+01 0.0000000000000000e+00 -3.0760544536971132e+01 9.9126360893539106e+02 0.0000000000000000e+00 0.0000000000000000e+00 0.0000000000000000e+00 3.4070535268894304e+02 4.9571942740648922e+01 -2.9879186521291807e+01 0.0000000000000000e+00 -2.9879186521291807e+01 9.9696059233327594e+02 0.0000000000000000e+00 0.0000000000000000e+00 0.0000000000000000e+00 3.4846040773195881e+02 4.6282193458230040e+01 -3.7926669572626210e+01 0.0000000000000000e+00 -3.7926669572626210e+01 9.9671945145978975e+02 0.0000000000000000e+00 0.0000000000000000e+00 0.0000000000000000e+00 3.4937770594446113e+02 1.9636380921365756e+01 -2.0577254304453330e+01 0.0000000000000000e+00 -2.0577254304453330e+01 9.8664915583727941e+02 0.0000000000000000e+00 0.0000000000000000e+00 0.0000000000000000e+00 3.4370019920280839e+02 7.9160160103533421e+00 -1.3101983624748707e+01 0.0000000000000000e+00 -1.3101983624748707e+01 9.7242860582215474e+02 0.0000000000000000e+00 0.0000000000000000e+00 0.0000000000000000e+00 3.3306175620398625e+02 1.3083196852503403e+00 -1.0715174556498643e+00 0.0000000000000000e+00 -1.0715174556498643e+00 9.5465635447985494e+02 0.0000000000000000e+00 0.0000000000000000e+00 0.0000000000000000e+00 3.1877201444272424e+02 -1.8179327426202863e+00 -2.0544945504825609e+00 0.0000000000000000e+00 -2.0544945504825609e+00 9.5366925835466964e+02 0.0000000000000000e+00 0.0000000000000000e+00 0.0000000000000000e+00 3.1847221165071159e+02 7.0262800699591441e-02 -2.6646027469088240e-01 0.0000000000000000e+00 -2.6646027469088240e-01 9.6144489216913973e+02 0.0000000000000000e+00 0.0000000000000000e+00 0.0000000000000000e+00 3.2472788979596612e+02 1.0464881166848595e+01 6.8180309072899927e+00 0.0000000000000000e+00 6.8180309072899927e+00 9.7845028049874782e+02 0.0000000000000000e+00 0.0000000000000000e+00 0.0000000000000000e+00 3.3764968058321915e+02 1.2188178361455222e+01 5.6253138779341372e+00 0.0000000000000000e+00 5.6253138779341372e+00 9.8382329841988792e+02 0.0000000000000000e+00 0.0000000000000000e+00 0.0000000000000000e+00 3.4179319093817151e+02 3.1233329594430703e+01 1.5726033100614726e+01 0.0000000000000000e+00 1.5726033100614726e+01 9.9572385549655337e+02 0.0000000000000000e+00 0.0000000000000000e+00 0.0000000000000000e+00 3.4954901297606057e+02 2.9514779514884474e+01 9.4652386772997819e+00 0.0000000000000000e+00 9.4652386772997819e+00 9.9912986970983445e+02 0.0000000000000000e+00 0.0000000000000000e+00 0.0000000000000000e+00 3.5242835510137746e+02 4.5778945432347598e+01 1.2774668163993573e+01 0.0000000000000000e+00 1.2774668163993573e+01 1.0018177938638082e+03 0.0000000000000000e+00 0.0000000000000000e+00 0.0000000000000000e+00 3.5249372600798199e+02 4.1728364591104445e+01 5.9866459611307263e+00 0.0000000000000000e+00 5.9866459611307263e+00 1.0056103410789333e+03 0.0000000000000000e+00 0.0000000000000000e+00 0.0000000000000000e+00 3.5619122300343656e+02 5.1434000807526985e+01 1.8168034830629678e+00 0.0000000000000000e+00 1.8168034830629678e+00 1.0029063487029664e+03 0.0000000000000000e+00 0.0000000000000000e+00 0.0000000000000000e+00 3.5234633641937489e+02 4.5147702645107174e+01 -2.4703601792267564e+00 0.0000000000000000e+00 -2.4703601792267564e+00 1.0072976123947950e+03 0.0000000000000000e+00 0.0000000000000000e+00 0.0000000000000000e+00 3.5711806940413106e+02 4.8928210287185337e+01 -1.0434034864598479e+01 0.0000000000000000e+00 -1.0434034864598479e+01 1.0031596542168320e+03 0.0000000000000000e+00 0.0000000000000000e+00 0.0000000000000000e+00 3.5311587587822498e+02 3.8390579234555489e+01 -9.7517916995892282e+00 0.0000000000000000e+00 -9.7517916995892282e+00 1.0055679024274979e+03 0.0000000000000000e+00 0.0000000000000000e+00 0.0000000000000000e+00 3.5669758903404983e+02 3.5905186767555669e+01 -1.6156110548086406e+01 0.0000000000000000e+00 -1.6156110548086406e+01 1.0006560298318246e+03 0.0000000000000000e+00 0.0000000000000000e+00 0.0000000000000000e+00 3.5307660040699346e+02 2.1262345586547045e+01 -8.0991894084344231e+00 0.0000000000000000e+00 -8.0991894084344231e+00 9.9551912969915486e+02 0.0000000000000000e+00 0.0000000000000000e+00 0.0000000000000000e+00 3.5040237704004767e+02 1.4613331362300604e+01 -8.4792495101955812e+00 0.0000000000000000e+00 -8.4792495101955812e+00 9.8510612084160960e+02 0.0000000000000000e+00 0.0000000000000000e+00 0.0000000000000000e+00 3.4260892351511421e+02 5.7564127233392277e+00 -6.6250813305049361e-01 0.0000000000000000e+00 -6.6250813305049361e-01 9.7525296840945975e+02 0.0000000000000000e+00 0.0000000000000000e+00 0.0000000000000000e+00 3.3545026208733714e+02 7.8145061164172314e-01 -8.5678783284077975e-01 0.0000000000000000e+00 -8.5678783284077975e-01 9.6062059471661814e+02 0.0000000000000000e+00 0.0000000000000000e+00 0.0000000000000000e+00 3.2392517096957420e+02 3.3512958066866405e-01 1.0182528312901997e+00 0.0000000000000000e+00 1.0182528312901997e+00 9.5469004918522762e+02 0.0000000000000000e+00 0.0000000000000000e+00 0.0000000000000000e+00 3.1900810814597850e+02 -2.0133292334752637e-01 -1.9234244232774047e+00 0.0000000000000000e+00 -1.9234244232774047e+00 9.5782114305112964e+02 0.0000000000000000e+00 0.0000000000000000e+00 0.0000000000000000e+00 3.2175975523479309e+02 1.8652832558172458e-01 -3.7407535431661185e+00 0.0000000000000000e+00 -3.7407535431661185e+00 9.6528203816647977e+02 0.0000000000000000e+00 0.0000000000000000e+00 0.0000000000000000e+00 3.2793627836186585e+02 2.6714391081353339e+00 -4.6983634103497529e+00 0.0000000000000000e+00 -4.6983634103497529e+00 9.7542029933685831e+02 0.0000000000000000e+00 0.0000000000000000e+00 0.0000000000000000e+00 3.3596123940898963e+02 4.1324303842598367e+00 -5.3203210230591838e+00 0.0000000000000000e+00 -5.3203210230591838e+00 9.8232015815207978e+02 0.0000000000000000e+00 0.0000000000000000e+00 0.0000000000000000e+00 3.4137952100752574e+02 1.3310348031672072e+01 -1.2938420630774772e+00 0.0000000000000000e+00 -1.2938420630774772e+00 9.9390654962069220e+02 0.0000000000000000e+00 0.0000000000000000e+00 0.0000000000000000e+00 3.4982240345478499e+02 1.3171401374808156e+01 -3.3720822772718178e+00 0.0000000000000000e+00 -3.3720822772718178e+00 9.9890625839530446e+02 0.0000000000000000e+00 0.0000000000000000e+00 0.0000000000000000e+00 3.5381400992405366e+02 2.5404796821866718e+01 1.3039552678023221e+00 0.0000000000000000e+00 1.3039552678023221e+00 1.0068462005656805e+03 0.0000000000000000e+00 0.0000000000000000e+00 0.0000000000000000e+00 3.5909301950532767e+02 2.1904510926196220e+01 -1.5655689935284045e+00 0.0000000000000000e+00 -1.5655689935284045e+00 1.0099316933069357e+03 0.0000000000000000e+00 0.0000000000000000e+00 0.0000000000000000e+00 3.6186192851771455e+02 3.1351801193371010e+01 2.6760184905777629e-03 0.0000000000000000e+00 2.6760184905777629e-03 1.0122672818605603e+03 0.0000000000000000e+00 0.0000000000000000e+00 0.0000000000000000e+00 3.6289607590579544e+02 2.4071616397054694e+01 -6.9194442422361835e-01 0.0000000000000000e+00 -6.9194442422361835e-01 1.0130097072419793e+03 0.0000000000000000e+00 0.0000000000000000e+00 0.0000000000000000e+00 3.6413899086723757e+02 2.7455940517679117e+01 -1.5594665436055257e+00 0.0000000000000000e+00 -1.5594665436055257e+00 1.0102151334459859e+03 0.0000000000000000e+00 0.0000000000000000e+00 0.0000000000000000e+00 3.6161188021864427e+02 1.7837771442045369e+01 1.7400736617755790e+00 0.0000000000000000e+00 1.7400736617755790e+00 1.0070194966317409e+03 0.0000000000000000e+00 0.0000000000000000e+00 0.0000000000000000e+00 3.5986623117015984e+02 1.5987436693846815e+01 9.4876154637852561e-01 0.0000000000000000e+00 9.4876154637852561e-01 9.9896760524467720e+02 0.0000000000000000e+00 0.0000000000000000e+00 0.0000000000000000e+00 3.5361361543031404e+02 8.5695819648137039e+00 5.3911600691660189e+00 0.0000000000000000e+00 5.3911600691660189e+00 9.9292747273879024e+02 0.0000000000000000e+00 0.0000000000000000e+00 0.0000000000000000e+00 3.4944791077974037e+02 5.3945915207327513e+00 4.1291790410573563e+00 0.0000000000000000e+00 4.1291790410573563e+00 9.8100467903714798e+02 0.0000000000000000e+00 0.0000000000000000e+00 0.0000000000000000e+00 3.4017922787169454e+02 2.5128568838620731e+00 5.8824156758529567e+00 0.0000000000000000e+00 5.8824156758529567e+00 9.7603267533581413e+02 0.0000000000000000e+00 0.0000000000000000e+00 0.0000000000000000e+00 3.3647083493413157e+02 5.7503781756556083e-01 2.8391251984712840e+00 0.0000000000000000e+00 2.8391251984712840e+00 9.6337418066997952e+02 0.0000000000000000e+00 0.0000000000000000e+00 0.0000000000000000e+00 3.2628590220328027e+02 1.6359889243435921e-01 1.9284202233513168e+00 0.0000000000000000e+00 1.9284202233513168e+00 9.6050942721351657e+02 0.0000000000000000e+00 0.0000000000000000e+00 0.0000000000000000e+00 3.2396167190388724e+02 1.7789446466075531e-01 -2.2878472089849731e+00 0.0000000000000000e+00 -2.2878472089849731e+00 9.6581174380476784e+02 0.0000000000000000e+00 0.0000000000000000e+00 0.0000000000000000e+00 3.2838088651638463e+02 2.1196202047007184e-01 -4.8860167067618852e+00 0.0000000000000000e+00 -4.8860167067618852e+00 9.7292577938873558e+02 0.0000000000000000e+00 0.0000000000000000e+00 0.0000000000000000e+00 3.3420897140977848e+02 9.5415427184394919e-01 -8.2752621052465383e+00 0.0000000000000000e+00 -8.2752621052465383e+00 9.7926754049591648e+02 0.0000000000000000e+00 0.0000000000000000e+00 0.0000000000000000e+00 3.3927224302509637e+02 1.0951040825726006e+00 -9.4195682861262604e+00 0.0000000000000000e+00 -9.4195682861262604e+00 9.8567009250485194e+02 0.0000000000000000e+00 0.0000000000000000e+00 0.0000000000000000e+00 3.4436641688957366e+02 4.2590154353664538e+00 -9.5384269439393581e+00 0.0000000000000000e+00 -9.5384269439393581e+00 9.9379554136477566e+02 0.0000000000000000e+00 0.0000000000000000e+00 0.0000000000000000e+00 3.5051939704583873e+02 3.3568346008581997e+00 -9.4329224631058679e+00 0.0000000000000000e+00 -9.4329224631058679e+00 9.9843429147273628e+02 0.0000000000000000e+00 0.0000000000000000e+00 0.0000000000000000e+00 3.5419060879348604e+02 9.1988541102237225e+00 -6.3081527662511840e+00 0.0000000000000000e+00 -6.3081527662511840e+00 1.0062053800247767e+03 0.0000000000000000e+00 0.0000000000000000e+00 0.0000000000000000e+00 3.5986553614174426e+02 5.8761101471459201e+00 -5.3296127123683599e+00 0.0000000000000000e+00 -5.3296127123683599e+00 1.0079079692684224e+03 0.0000000000000000e+00 0.0000000000000000e+00 0.0000000000000000e+00 3.6137075876311746e+02 1.1756768591641938e+01 -9.5830021531647602e-01 0.0000000000000000e+00 -9.5830021531647602e-01 1.0119915287654916e+03 0.0000000000000000e+00 0.0000000000000000e+00 0.0000000000000000e+00 3.6419197490105512e+02 6.2598040621814812e+00 1.1229819926947366e+00 0.0000000000000000e+00 1.1229819926947366e+00 1.0102488122081222e+03 0.0000000000000000e+00 0.0000000000000000e+00 0.0000000000000000e+00 3.6313763969816074e+02 9.7233793322486459e+00 4.8928412514103972e+00 0.0000000000000000e+00 4.8928412514103972e+00 1.0086168689169792e+03 0.0000000000000000e+00 0.0000000000000000e+00 0.0000000000000000e+00 3.6169353695404902e+02 4.4015062674965098e+00 7.3190180105893923e+00 0.0000000000000000e+00 7.3190180105893923e+00 1.0045208768224603e+03 0.0000000000000000e+00 0.0000000000000000e+00 0.0000000000000000e+00 3.5883999973276985e+02 5.4015090368474201e+00 8.9598769656737964e+00 0.0000000000000000e+00 8.9598769656737964e+00 9.9767210293249275e+02 0.0000000000000000e+00 0.0000000000000000e+00 0.0000000000000000e+00 3.5345505669090085e+02 2.2453288939058180e+00 1.0136476224821868e+01 0.0000000000000000e+00 1.0136476224821868e+01 9.9363342785493296e+02 0.0000000000000000e+00 0.0000000000000000e+00 0.0000000000000000e+00 3.5053259135518726e+02 2.0214321955037176e+00 8.8206648004090589e+00 0.0000000000000000e+00 8.8206648004090589e+00 9.8387068048235960e+02 0.0000000000000000e+00 0.0000000000000000e+00 0.0000000000000000e+00 3.4284475523358429e+02 7.7454066898621865e-01 8.2304190832710216e+00 0.0000000000000000e+00 8.2304190832710216e+00 9.8125613932742556e+02 0.0000000000000000e+00 0.0000000000000000e+00 0.0000000000000000e+00 3.4087177079680970e+02 3.1852803518156320e-01 4.5432839365131334e+00 0.0000000000000000e+00 4.5432839365131334e+00 9.7030609299875812e+02 0.0000000000000000e+00 0.0000000000000000e+00 0.0000000000000000e+00 3.3204933082652934e+02 2.1561984413956476e-02 2.4105471455162091e+00 0.0000000000000000e+00 2.4105471455162091e+00 9.6894313137502695e+02 0.0000000000000000e+00 0.0000000000000000e+00 0.0000000000000000e+00 3.3096427928804832e+02 5.3886270952237129e-02 -2.5536954947228465e+00 0.0000000000000000e+00 -2.5536954947228465e+00 9.7521345601051542e+02 0.0000000000000000e+00 0.0000000000000000e+00 0.0000000000000000e+00 3.3606579923115743e+02 -9.2631621476280790e-02 -4.9782692202616161e+00 0.0000000000000000e+00 -4.9782692202616161e+00 9.8149909835617450e+02 0.0000000000000000e+00 0.0000000000000000e+00 0.0000000000000000e+00 3.4112309645929719e+02 -1.9563790982978738e-01 -8.8166274670461746e+00 0.0000000000000000e+00 -8.8166274670461746e+00 9.8541470508817781e+02 0.0000000000000000e+00 0.0000000000000000e+00 0.0000000000000000e+00 3.4426397821322382e+02 -9.8633608916140370e-01 -9.5687438074204074e+00 0.0000000000000000e+00 -9.5687438074204074e+00 9.9038075235078657e+02 0.0000000000000000e+00 0.0000000000000000e+00 0.0000000000000000e+00 3.4821236054544283e+02 -8.5627500237817000e-01 -1.0990344846202577e+01 0.0000000000000000e+00 -1.0990344846202577e+01 9.9519595307649479e+02 0.0000000000000000e+00 0.0000000000000000e+00 0.0000000000000000e+00 3.5195079149330280e+02 -2.5919262679486232e+00 -9.7755077721740360e+00 0.0000000000000000e+00 -9.7755077721740360e+00 9.9820207682721855e+02 0.0000000000000000e+00 0.0000000000000000e+00 0.0000000000000000e+00 3.5434277210291367e+02 -1.3645198808591994e+00 -7.9765981288625323e+00 0.0000000000000000e+00 -7.9765981288625323e+00 1.0032445381956032e+03 0.0000000000000000e+00 0.0000000000000000e+00 0.0000000000000000e+00 3.5815773161251002e+02 -4.0250519735236798e+00 -5.3929432994767010e+00 0.0000000000000000e+00 -5.3929432994767010e+00 1.0036321735462502e+03 0.0000000000000000e+00 0.0000000000000000e+00 0.0000000000000000e+00 3.5854422626188472e+02 -1.5868023434855263e+00 -1.0563810828844544e+00 0.0000000000000000e+00 -1.0563810828844544e+00 1.0068185127262655e+03 0.0000000000000000e+00 0.0000000000000000e+00 0.0000000000000000e+00 3.6086153453095704e+02 -4.4140915144000115e+00 1.5528452037675133e+00 0.0000000000000000e+00 1.5528452037675133e+00 1.0048622318392225e+03 0.0000000000000000e+00 0.0000000000000000e+00 0.0000000000000000e+00 3.5948373014210944e+02 -1.4693388059225823e+00 6.2038122999579350e+00 0.0000000000000000e+00 6.2038122999579350e+00 1.0044712198777301e+03 0.0000000000000000e+00 0.0000000000000000e+00 0.0000000000000000e+00 3.5908904598001214e+02 -3.4836856293526188e+00 7.6027294742151188e+00 0.0000000000000000e+00 7.6027294742151188e+00 1.0016223812253909e+03 0.0000000000000000e+00 0.0000000000000000e+00 0.0000000000000000e+00 3.5700896729711872e+02 -9.0351354043020504e-01 1.0266517611720511e+01 0.0000000000000000e+00 1.0266517611720511e+01 9.9761443499950053e+02 0.0000000000000000e+00 0.0000000000000000e+00 0.0000000000000000e+00 3.5381383782807586e+02 -1.8811355984163540e+00 1.0087904255894093e+01 0.0000000000000000e+00 1.0087904255894093e+01 9.9530316552471106e+02 0.0000000000000000e+00 0.0000000000000000e+00 0.0000000000000000e+00 3.5207632771791987e+02 -2.8227642000097947e-01 9.7187878712431246e+00 0.0000000000000000e+00 9.7187878712431246e+00 9.8857872969583650e+02 0.0000000000000000e+00 0.0000000000000000e+00 0.0000000000000000e+00 3.4675379052682786e+02 -5.9518758193001708e-01 8.2386882068263709e+00 0.0000000000000000e+00 8.2386882068263709e+00 9.8732774613577726e+02 0.0000000000000000e+00 0.0000000000000000e+00 0.0000000000000000e+00 3.4578272686259959e+02 -1.9423630214421360e-02 5.0251407031275317e+00 0.0000000000000000e+00 5.0251407031275317e+00 9.7867200530243861e+02 0.0000000000000000e+00 0.0000000000000000e+00 0.0000000000000000e+00 3.3885241474230111e+02 -9.4155532173694129e-02 2.4126854943708929e+00 0.0000000000000000e+00 2.4126854943708929e+00 9.7834081922778307e+02 0.0000000000000000e+00 0.0000000000000000e+00 0.0000000000000000e+00 3.3858372846905434e+02 -1.1079940067892864e-01 -2.3502644667744375e+00 0.0000000000000000e+00 -2.3502644667744375e+00 9.8450398970273864e+02 0.0000000000000000e+00 0.0000000000000000e+00 0.0000000000000000e+00 3.4348865199670354e+02 -4.3702299759403856e-01 -4.1657667717853384e+00 0.0000000000000000e+00 -4.1657667717853384e+00 9.8934271313294232e+02 0.0000000000000000e+00 0.0000000000000000e+00 0.0000000000000000e+00 3.4731644251576137e+02 -1.3387415443121065e+00 -7.5074833044702327e+00 0.0000000000000000e+00 -7.5074833044702327e+00 9.9124278374294499e+02 0.0000000000000000e+00 0.0000000000000000e+00 0.0000000000000000e+00 3.4887806981223559e+02 -2.5248143091348738e+00 -7.4678465436523522e+00 0.0000000000000000e+00 -7.4678465436523522e+00 9.9444220376641783e+02 0.0000000000000000e+00 0.0000000000000000e+00 0.0000000000000000e+00 3.5140823216380903e+02 -3.9700738662344088e+00 -8.8543196132864832e+00 0.0000000000000000e+00 -8.8543196132864832e+00 9.9661210193428678e+02 0.0000000000000000e+00 0.0000000000000000e+00 0.0000000000000000e+00 3.5316629267545756e+02 -5.7520598289289442e+00 -7.1918734288903874e+00 0.0000000000000000e+00 -7.1918734288903874e+00 9.9806333986117806e+02 0.0000000000000000e+00 0.0000000000000000e+00 0.0000000000000000e+00 3.5436358486640603e+02 -6.8368666623879193e+00 -6.2603139751428669e+00 0.0000000000000000e+00 -6.2603139751428669e+00 1.0003307050449258e+03 0.0000000000000000e+00 0.0000000000000000e+00 0.0000000000000000e+00 3.5615252634586500e+02 -8.5230473973379635e+00 -3.8073528424704071e+00 0.0000000000000000e+00 -3.8073528424704071e+00 1.0001958614321356e+03 0.0000000000000000e+00 0.0000000000000000e+00 0.0000000000000000e+00 3.5611273248135109e+02 -8.2125822424633768e+00 -8.7721642047483195e-01 0.0000000000000000e+00 -8.7721642047483195e-01 1.0018499387760681e+03 0.0000000000000000e+00 0.0000000000000000e+00 0.0000000000000000e+00 3.5734725993173856e+02 -9.1882106846608167e+00 1.1134606626285581e+00 0.0000000000000000e+00 1.1134606626285581e+00 1.0006852678812240e+03 0.0000000000000000e+00 0.0000000000000000e+00 0.0000000000000000e+00 3.5650876004896406e+02 -7.2608816330152957e+00 4.7610903487934770e+00 0.0000000000000000e+00 4.7610903487934770e+00 1.0008839927898364e+03 0.0000000000000000e+00 0.0000000000000000e+00 0.0000000000000000e+00 3.5659066651301231e+02 -7.4408478210286448e+00 5.4838835286411909e+00 0.0000000000000000e+00 5.4838835286411909e+00 9.9948108096112480e+02 0.0000000000000000e+00 0.0000000000000000e+00 0.0000000000000000e+00 3.5553494607493047e+02 -4.6925880333273504e+00 8.2145199304991614e+00 0.0000000000000000e+00 8.2145199304991614e+00 9.9774113089559182e+02 0.0000000000000000e+00 0.0000000000000000e+00 0.0000000000000000e+00 3.5407759329121899e+02 -4.3844799266152741e+00 7.6309166524339949e+00 0.0000000000000000e+00 7.6309166524339949e+00 9.9674585405497533e+02 0.0000000000000000e+00 0.0000000000000000e+00 0.0000000000000000e+00 3.5327943533078263e+02 -1.9921505236254973e+00 8.1893899508739132e+00 0.0000000000000000e+00 8.1893899508739132e+00 9.9293438719510345e+02 0.0000000000000000e+00 0.0000000000000000e+00 0.0000000000000000e+00 3.5022389503667068e+02 -1.5736328482520709e+00 6.6093622944510120e+00 0.0000000000000000e+00 6.6093622944510120e+00 9.9266320167285562e+02 0.0000000000000000e+00 0.0000000000000000e+00 0.0000000000000000e+00 3.4997731913160135e+02 -3.1536192345355241e-01 4.4766459652843551e+00 0.0000000000000000e+00 4.4766459652843551e+00 9.8679929646958385e+02 0.0000000000000000e+00 0.0000000000000000e+00 0.0000000000000000e+00 3.4531338419794702e+02 -1.5546113723530594e-01 2.0031680337410220e+00 0.0000000000000000e+00 2.0031680337410220e+00 9.8719215069180791e+02 0.0000000000000000e+00 0.0000000000000000e+00 0.0000000000000000e+00 3.4560033265641789e+02 -2.1247461135614740e-01 -1.7007668531507460e+00 0.0000000000000000e+00 -1.7007668531507460e+00 9.9233252333115934e+02 0.0000000000000000e+00 0.0000000000000000e+00 0.0000000000000000e+00 3.4961417630582235e+02 -6.5820676193684835e-01 -2.7081737268503012e+00 0.0000000000000000e+00 -2.7081737268503012e+00 9.9541244918567577e+02 0.0000000000000000e+00 0.0000000000000000e+00 0.0000000000000000e+00 3.5202067101218103e+02 -2.0724731506028817e+00 -5.0172865019691848e+00 0.0000000000000000e+00 -5.0172865019691848e+00 9.9571564711478891e+02 0.0000000000000000e+00 0.0000000000000000e+00 0.0000000000000000e+00 3.5233828852626056e+02 -3.3046929201441548e+00 -4.3439474166106802e+00 0.0000000000000000e+00 -4.3439474166106802e+00 9.9735305463136262e+02 0.0000000000000000e+00 0.0000000000000000e+00 0.0000000000000000e+00 3.5364949654482916e+02 -5.4320252132885418e+00 -5.3914211619957246e+00 0.0000000000000000e+00 -5.3914211619957246e+00 9.9772341261540987e+02 0.0000000000000000e+00 0.0000000000000000e+00 0.0000000000000000e+00 3.5407104311412286e+02 -6.8294814459234772e+00 -3.7854479321355545e+00 0.0000000000000000e+00 -3.7854479321355545e+00 9.9833998239101868e+02 0.0000000000000000e+00 0.0000000000000000e+00 0.0000000000000000e+00 3.5463146401479793e+02 -8.7311621506067123e+00 -3.5966149694809983e+00 0.0000000000000000e+00 -3.5966149694809983e+00 9.9879873573323778e+02 0.0000000000000000e+00 0.0000000000000000e+00 0.0000000000000000e+00 3.5507356326924815e+02 -9.5479931651048364e+00 -1.9058452720803274e+00 0.0000000000000000e+00 -1.9058452720803274e+00 9.9881798659708170e+02 0.0000000000000000e+00 0.0000000000000000e+00 0.0000000000000000e+00 3.5513631583324116e+02 -1.0279626329174185e+01 -5.6509652610418104e-01 0.0000000000000000e+00 -5.6509652610418104e-01 9.9919948165806886e+02 0.0000000000000000e+00 0.0000000000000000e+00 0.0000000000000000e+00 3.5544553237931984e+02 -1.0241600598125974e+01 5.3890082361708680e-01 0.0000000000000000e+00 5.3890082361708680e-01 9.9893360212294920e+02 0.0000000000000000e+00 0.0000000000000000e+00 0.0000000000000000e+00 3.5525627798837047e+02 -9.3426169048868726e+00 2.6512779013180063e+00 0.0000000000000000e+00 2.6512779013180063e+00 9.9897286124975187e+02 0.0000000000000000e+00 0.0000000000000000e+00 0.0000000000000000e+00 3.5523490266934027e+02 -8.6585359710420544e+00 2.8273219735756876e+00 0.0000000000000000e+00 2.8273219735756876e+00 9.9868089727214817e+02 0.0000000000000000e+00 0.0000000000000000e+00 0.0000000000000000e+00 3.5499057127907315e+02 -6.4651102219528944e+00 4.9372069116510291e+00 0.0000000000000000e+00 4.9372069116510291e+00 9.9803235244771997e+02 0.0000000000000000e+00 0.0000000000000000e+00 0.0000000000000000e+00 3.5437273451498362e+02 -5.5147662319752904e+00 4.2325761456995643e+00 0.0000000000000000e+00 4.2325761456995643e+00 9.9796635583508373e+02 0.0000000000000000e+00 0.0000000000000000e+00 0.0000000000000000e+00 3.5426619210290909e+02 -3.0110448204895630e+00 5.3228179813869199e+00 0.0000000000000000e+00 5.3228179813869199e+00 9.9627382870472400e+02 0.0000000000000000e+00 0.0000000000000000e+00 0.0000000000000000e+00 3.5281635090268037e+02 -2.1609611037041883e+00 4.0143977020434738e+00 0.0000000000000000e+00 4.0143977020434738e+00 9.9665333491084687e+02 0.0000000000000000e+00 0.0000000000000000e+00 0.0000000000000000e+00 3.5305570153889886e+02 -5.1618897486847048e-01 3.1585830035697939e+00 0.0000000000000000e+00 3.1585830035697939e+00 9.9350359247452786e+02 0.0000000000000000e+00 0.0000000000000000e+00 0.0000000000000000e+00 3.5054034083286467e+02 -1.6961935149459312e-01 1.3315179172553744e+00 0.0000000000000000e+00 1.3315179172553744e+00 9.9431590173195150e+02 0.0000000000000000e+00 0.0000000000000000e+00 0.0000000000000000e+00 3.5114259796248928e+02 -2.3392990499169961e-01 -8.0863018253479302e-01 0.0000000000000000e+00 -8.0863018253479302e-01 9.9781132724180372e+02 0.0000000000000000e+00 0.0000000000000000e+00 0.0000000000000000e+00 3.5383365488456064e+02 -8.0863018095214190e-01 -8.8067275860094996e-01 0.0000000000000000e+00 -8.8067275860094996e-01 9.9919293865866189e+02 0.0000000000000000e+00 0.0000000000000000e+00 0.0000000000000000e+00 3.5492010534078406e+02 -2.4443100807034157e+00 -1.9879211392551883e+00 0.0000000000000000e+00 -1.9879211392551883e+00 9.9867422229017200e+02 0.0000000000000000e+00 0.0000000000000000e+00 0.0000000000000000e+00 3.5461426350320380e+02 -3.6772240801549461e+00 -1.0515118104587760e+00 0.0000000000000000e+00 -1.0515118104587760e+00 9.9938843166808465e+02 0.0000000000000000e+00 0.0000000000000000e+00 0.0000000000000000e+00 3.5527149507087512e+02 -5.7406417473418934e+00 -1.8627365792966428e+00 0.0000000000000000e+00 -1.8627365792966428e+00 9.9892835153561850e+02 0.0000000000000000e+00 0.0000000000000000e+00 0.0000000000000000e+00 3.5504119949972880e+02 -6.5914724717168625e+00 -7.7272860736147830e-01 0.0000000000000000e+00 -7.7272860736147830e-01 9.9947745466456672e+02 0.0000000000000000e+00 0.0000000000000000e+00 0.0000000000000000e+00 3.5553244591448350e+02 -8.4553914395694161e+00 -1.1760728858835685e+00 0.0000000000000000e+00 -1.1760728858835685e+00 9.9901899710572502e+02 0.0000000000000000e+00 0.0000000000000000e+00 0.0000000000000000e+00 3.5526719178646806e+02 -8.5402739666261542e+00 -3.1427683835542514e-01 0.0000000000000000e+00 -3.1427683835542514e-01 9.9951172250016396e+02 0.0000000000000000e+00 0.0000000000000000e+00 0.0000000000000000e+00 3.5566815539969622e+02 -9.6914787617716129e+00 -2.2697020582262908e-01 0.0000000000000000e+00 -2.2697020582262908e-01 9.9903589697649170e+02 0.0000000000000000e+00 0.0000000000000000e+00 0.0000000000000000e+00 3.5534269313053119e+02 -9.0815210113716276e+00 1.9534263594784937e-01 0.0000000000000000e+00 1.9534263594784937e-01 9.9950480382766705e+02 0.0000000000000000e+00 0.0000000000000000e+00 0.0000000000000000e+00 3.5569023061420074e+02 -9.0841701771244434e+00 8.0446287847660736e-01 0.0000000000000000e+00 8.0446287847660736e-01 9.9900580530800926e+02 0.0000000000000000e+00 0.0000000000000000e+00 0.0000000000000000e+00 3.5528807924239999e+02 -8.0817154959549722e+00 6.6795176945109402e-01 0.0000000000000000e+00 6.6795176945109402e-01 9.9946218792850436e+02 0.0000000000000000e+00 0.0000000000000000e+00 0.0000000000000000e+00 3.5560325513445952e+02 -6.8065128598818339e+00 1.6751500625946172e+00 0.0000000000000000e+00 1.6751500625946172e+00 9.9889912043489426e+02 0.0000000000000000e+00 0.0000000000000000e+00 0.0000000000000000e+00 3.5507933381507394e+02 -5.7386136620869284e+00 9.9126013171314808e-01 0.0000000000000000e+00 9.9126013171314808e-01 9.9938878140035513e+02 0.0000000000000000e+00 0.0000000000000000e+00 0.0000000000000000e+00 3.5540552434664960e+02 -3.6034619008932318e+00 2.0072779117287047e+00 0.0000000000000000e+00 2.0072779117287047e+00 9.9866145373569157e+02 0.0000000000000000e+00 0.0000000000000000e+00 0.0000000000000000e+00 3.5468442326509927e+02 -2.7400756169199481e+00 1.0034952671224961e+00 0.0000000000000000e+00 1.0034952671224961e+00 9.9927822244395259e+02 0.0000000000000000e+00 0.0000000000000000e+00 0.0000000000000000e+00 3.5510953068153350e+02 -7.8492045758236284e-01 1.3596022460244701e+00 0.0000000000000000e+00 1.3596022460244701e+00 9.9813326039404228e+02 0.0000000000000000e+00 0.0000000000000000e+00 0.0000000000000000e+00 3.5410715780626180e+02 -3.7697810256451419e-01 3.7697810439585827e-01 0.0000000000000000e+00 3.7697810439585827e-01 9.9896902189614877e+02 0.0000000000000000e+00 0.0000000000000000e+00 0.0000000000000000e+00 3.5472399604680083e+02
</DataArray>
        <DataArray type="Float64" format="ascii" Name="sigma_xx">
-1.0543313580990309e+02 -5.4442563615437770e+01 -1.4915158792738740e+02 -1.0891296986801756e+02 -1.6818415046316022e+02 -1.3803384096541112e+02 -1.8049193541804144e+02 -1.5177906255544036e+02 -1.8489199032313735e+02 -1.5493944523494383e+02 -1.8274999797187567e+02 -1.4862856815299227e+02 -1.7408108395343592e+02 -1.3078173715023675e+02 -1.5879047095733958e+02 -9.1547101966316120e+01 -1.2005610745721368e+02 -1.9767136929869082e+01 3.1643354331943705e+00 -7.2757568788967086e-01 -3.2851596734845437e+01 -2.9083588538587701e+01 -7.1043618186548798e+01 -5.8167915503443957e+01 -9.3333462080603454e+01 -7.5009601088401851e+01 -1.0167505077730470e+02 -7.9074873025180807e+01 -9.7518477235763655e+01 -7.0642603051520581e+01 -7.9685507200344688e+01 -4.8637031090408961e+01 -4.4413082738469257e+01 -1.5469382804598876e+01 -3.0868086765550724e+00 1.4980341514352588e-01 1.7921419599670383e+00 1.5657077011748652e+00 -3.8293016169021890e+00 -4.1519058729388227e+00 -2.1276509223281955e+01 -1.6110609582363555e+01 -3.6082318696197625e+01 -2.5243151849770104e+01 -4.2307555473931266e+01 -2.7570812304869797e+01 -3.8879353016039076e+01 -2.2431808629999150e+01 -2.6205906670478704e+01 -1.1328590615500055e+01 -8.7438585313019903e+00 -8.4739128728751401e-01 1.8111747870386097e+00 4.7765188984579071e-01 6.3044717622839430e-01 1.4003351310367793e+00 2.5819733789574970e+00 4.4688391458716632e+00 7.6595368906457628e-01 5.8513943285066015e+00 -2.3635905276771627e+00 6.1836983092229021e+00 -3.8523772967885601e+00 6.3637665987520284e+00 -2.8177850611304955e+00 6.4971093960808597e+00 8.6179140014858643e-02 5.9529270488794390e+00 2.4332726243933913e+00 3.5311774972702601e+00 1.4461628657864627e+00 4.4153653433940815e-01 5.8489714253281422e-01 1.8559953545608801e+00 6.0838485975401655e+00 1.1550636599224454e+01 1.4792500855302158e+01 2.4200597962753978e+01 2.2288321648751491e+01 3.3618184274526214e+01 2.5797915400342269e+01 3.6370343850720971e+01 2.4321651634719192e+01 3.1608941941384348e+01 1.8134825902182214e+01 2.0615573930990621e+01 9.2052850764017258e+00 7.8132423272970586e+00 1.7769678127643718e+00 5.5733488530320696e-01 1.0278267927474820e+00 3.6406132065340238e+00 1.2566140342641262e+01 2.5477594278055420e+01 3.4008013011121449e+01 5.2636452307918290e+01 5.2811688516746379e+01 7.1760825305145431e+01 6.1362871054860065e+01 7.7069599787159248e+01 5.7502078887658627e+01 6.7617585388713039e+01 4.2146837801149339e+01 4.5232084845853429e+01 2.0361697774013283e+01 1.7495128651177851e+01 3.2832338877049771e+00 8.1064241162775585e-01 2.5736906074544499e+00 1.0727880015927481e+01 2.9738664102234438e+01 6.0074438104973538e+01 7.2467324321370469e+01 1.0652758902314829e+02 1.0347535973613962e+02 1.3364750921907572e+02 1.1619050495696462e+02 1.4047026557783005e+02 1.1037983881656760e+02 1.2792072019973155e+02 8.6296976620548037e+01 9.5294716770355677e+01 4.6992181509269443e+01 4.4947137609259741e+01 8.5961151819942963e+00 2.2686020828628055e+00 9.7575387553685182e+00 5.1367390164028677e+01 8.2945748053159022e+01 1.4599100130681001e+02 1.5049326787880872e+02 2.0256933601952446e+02 1.8560714276620411e+02 2.2572840243660227e+02 1.9793559825042564e+02 2.3081886796889265e+02 1.9208060719712515e+02 2.2039208149111946e+02 1.6641255493686995e+02 1.9032236089118584e+02 1.1397884114625832e+02 1.2800599721349673e+02 3.4635055267594844e+01 2.2729453038491005e+01 7.1687920620302094e+01 3.1743387946773402e+02 2.4481257594723357e+02 3.2838530531596967e+02 2.8310968603122012e+02 3.3537342781874025e+02 2.9756938324208824e+02 3.3844091250005852e+02 3.0215582301624426e+02 3.3887614252767361e+02 2.9949593436578618e+02 3.3683706497614418e+02 2.8810412255940059e+02 3.3079514559278851e+02 2.5867109415483725e+02 3.1329336243017974e+02 1.7658187695329337e+02 2.6720142016298865e+02 7.7163447572539312e+01 5.4718243223735847e+01 8.5189295511712203e+01 7.2814173214478132e+01 8.2970431163006850e+01 7.5040407010783838e+01 8.2108283438779381e+01 7.4009143363987491e+01 8.1215780058216026e+01 7.3701474328351111e+01 8.1650669501858204e+01 7.4878434722151383e+01 8.3209313327165148e+01 7.7071678395726778e+01 8.6212437003741030e+01 7.3376541640172988e+01 9.5628071853078069e+01 2.0063016139016881e+01 3.2469608091803206e+00 6.9454840672886373e+00 3.9468473377690863e+01 3.4922679033686855e+01 5.8644480136601324e+01 5.3020308339238824e+01 6.4641632333850936e+01 6.0232404113814816e+01 6.5893445145791318e+01 6.1917981951891569e+01 6.5890624335853616e+01 5.9988781222405734e+01 6.2999013831672436e+01 4.9571942740648922e+01 4.6282193458230040e+01 1.9636380921365756e+01 7.9160160103533421e+00 1.3083196852503403e+00 -1.8179327426202863e+00 7.0262800699591441e-02 1.0464881166848595e+01 1.2188178361455222e+01 3.1233329594430703e+01 2.9514779514884474e+01 4.5778945432347598e+01 4.1728364591104445e+01 5.1434000807526985e+01 4.5147702645107174e+01 4.8928210287185337e+01 3.8390579234555489e+01 3.5905186767555669e+01 2.1262345586547045e+01 1.4613331362300604e+01 5.7564127233392277e+00 7.8145061164172314e-01 3.3512958066866405e-01 -2.0133292334752637e-01 1.8652832558172458e-01 2.6714391081353339e+00 4.1324303842598367e+00 1.3310348031672072e+01 1.3171401374808156e+01 2.5404796821866718e+01 2.1904510926196220e+01 3.1351801193371010e+01 2.4071616397054694e+01 2.7455940517679117e+01 1.7837771442045369e+01 1.5987436693846815e+01 8.5695819648137039e+00 5.3945915207327513e+00 2.5128568838620731e+00 5.7503781756556083e-01 1.6359889243435921e-01 1.7789446466075531e-01 2.1196202047007184e-01 9.5415427184394919e-01 1.0951040825726006e+00 4.2590154353664538e+00 3.3568346008581997e+00 9.1988541102237225e+00 5.8761101471459201e+00 1.1756768591641938e+01 6.2598040621814812e+00 9.7233793322486459e+00 4.4015062674965098e+00 5.4015090368474201e+00 2.2453288939058180e+00 2.0214321955037176e+00 7.7454066898621865e-01 3.1852803518156320e-01 2.1561984413956476e-02 5.3886270952237129e-02 -9.2631621476280790e-02 -1.9563790982978738e-01 -9.8633608916140370e-01 -8.5627500237817000e-01 -2.5919262679486232e+00 -1.3645198808591994e+00 -4.0250519735236798e+00 -1.5868023434855263e+00 -4.4140915144000115e+00 -1.4693388059225823e+00 -3.4836856293526188e+00 -9.0351354043020504e-01 -1.8811355984163540e+00 -2.8227642000097947e-01 -5.9518758193001708e-01 -1.9423630214421360e-02 -9.4155532173694129e-02 -1.1079940067892864e-01 -4.3702299759403856e-01 -1.3387415443121065e+00 -2.5248143091348738e+00 -3.9700738662344088e+00 -5.7520598289289442e+00 -6.8368666623879193e+00 -8.5230473973379635e+00 -8.2125822424633768e+00 -9.1882106846608167e+00 -7.2608816330152957e+00 -7.4408478210286448e+00 -4.6925880333273504e+00 -4.3844799266152741e+00 -1.9921505236254973e+00 -1.5736328482520709e+00 -3.1536192345355241e-01 -1.5546113723530594e-01 -2.1247461135614740e-01 -6.5820676193684835e-01 -2.0724731506028817e+00 -3.3046929201441548e+00 -5.4320252132885418e+00 -6.8294814459234772e+00 -8.7311621506067123e+00 -9.5479931651048364e+00 -1.0279626329174185e+01 -1.0241600598125974e+01 -9.3426169048868726e+00 -8.6585359710420544e+00 -6.4651102219528944e+00 -5.5147662319752904e+00 -3.0110448204895630e+00 -2.1609611037041883e+00 -5.1618897486847048e-01 -1.6961935149459312e-01 -2.3392990499169961e-01 -8.0863018095214190e-01 -2.4443100807034157e+00 -3.6772240801549461e+00 -5.7406417473418934e+00 -6.5914724717168625e+00 -8.4553914395694161e+00 -8.5402739666261542e+00 -9.6914787617716129e+00 -9.0815210113716276e+00 -9.0841701771244434e+00 -8.0817154959549722e+00 -6.8065128598818339e+00 -5.7386136620869284e+00 -3.6034619008932318e+00 -2.7400756169199481e+00 -7.8492045758236284e-01 -3.7697810256451419e-01
</DataArray>
        <DataArray type="Float64" format="ascii" Name="tau_xy">
3.2768572499127487e+01 1.7178254739814392e+01 4.8258163174319691e+01 2.9606796705620042e+01 3.0761441709562927e+01 2.0207986313286142e+01 1.5585588025206725e+01 8.9933863611159435e+00 1.8022817866488472e+00 -1.8357324372768766e+00 -1.1752632485181259e+01 -1.2865424328518897e+01 -2.6953148937823439e+01 -2.4874051086905038e+01 -4.5050025537983267e+01 -3.2703244137874130e+01 -4.4505698432745895e+01 -4.6225139320401558e+00 -1.8509655683160730e+01 -2.0998473073276809e+01 -4.0514474329276267e+00 -1.1789964545316142e+01 4.8453104116841557e+00 -3.8841012372949852e+00 3.6426100918762585e+00 -1.1038507619782261e+00 3.9754753362050388e-01 -6.1231473584129260e-02 -3.0596828252696571e+00 1.1950253031865699e+00 -5.3337975310704744e+00 5.3921151500110414e+00 -8.0913212857724059e-01 1.8106144239466627e+01 1.7791152288505497e+01 1.8231431674355434e+01 -1.7445089411095946e+01 -2.7255986492990779e+01 -3.1771390440541282e+01 -3.2433203627892993e+01 -2.1042985076723948e+01 -2.1698728079499219e+01 -1.0190258123699145e+01 -9.5586589826851540e+00 -1.4381529602421010e+00 1.7607049004784403e+00 6.9788532321632024e+00 1.3422215312645591e+01 1.7118030766213774e+01 2.6267426695450247e+01 2.8945252751160890e+01 3.5075240668389718e+01 2.6996275397711521e+01 1.6270453472175209e+01 -1.5248934533705594e+01 -2.5832055675219273e+01 -3.6961408629670110e+01 -3.6035315327699998e+01 -3.1215596776217385e+01 -2.7006622036223597e+01 -1.7144450651203567e+01 -1.2467844333901862e+01 -2.3454148334141114e+00 2.5995257419360605e+00 1.2313628301054854e+01 1.7732844967932589e+01 2.6814583326478235e+01 3.1579722259135540e+01 3.6461250000052004e+01 3.6128182629369263e+01 2.6281266855251882e+01 1.4346638716543815e+01 -1.3263702260141754e+01 -2.1635558084475548e+01 -3.2590450750604063e+01 -2.9024798208934794e+01 -2.8134906454689169e+01 -2.0827820478858040e+01 -1.5495127434595902e+01 -9.1865162458325873e+00 -1.9370808806041373e+00 2.1668232484135919e+00 1.1403409826049419e+01 1.3573523455009367e+01 2.4242896759482729e+01 2.4604211589143265e+01 3.2085470292560871e+01 2.9154133296083860e+01 2.2737357961948906e+01 1.2128134369445416e+01 -1.0379880112829659e+01 -1.3138541342581366e+01 -1.9854512697938567e+01 -1.0138037665722734e+01 -1.2929832965967874e+01 -2.7185307689055627e+00 -5.3831553273329948e+00 3.4539038208486234e-01 -1.6564539445772794e-01 5.2152689986789025e-01 4.4265120977943280e+00 1.0436453035671409e+00 1.0424165813795284e+01 4.9282594123772103e+00 1.7173950838373287e+01 1.2135138877649405e+01 1.5421981052095569e+01 8.2875655964559787e+00 -4.1655762988208727e+00 7.1785521205026868e+00 8.8303484053848020e+00 2.9344572667197276e+01 1.7475074950158966e+01 2.8973011986801080e+01 1.3057710328862257e+01 1.5404051023488066e+01 2.7996136667916471e+00 -2.0845034596603229e+00 -8.2301380817529424e+00 -1.9140075762741024e+01 -1.5860475858983101e+01 -3.0737328801374503e+01 -1.4202212253917331e+01 -2.5722406505472300e+01 -1.8010261315010705e+00 -1.1191919971161257e+00 1.6319842472546508e+01 6.8906340899233498e+01 6.9637327013852669e+01 9.7435126149581478e+01 6.3385192211849734e+01 6.8112127613579872e+01 3.6152389785457586e+01 3.1268023689927986e+01 6.0868528432712985e+00 -4.8397974899527290e+00 -2.3879380482967907e+01 -4.1067800538655099e+01 -5.2226806772798611e+01 -7.7402745829213217e+01 -7.0318088177771983e+01 -1.0148908835245958e+02 -4.8056665689230428e+01 -3.8022849347398612e+01 1.3937515325742419e+02 2.4247199353558773e+02 1.6381994084836765e+02 1.5278237898202806e+02 1.0291338417647731e+02 8.9326179866770431e+01 5.2557101160396115e+01 3.8937289692876377e+01 8.0944921468858428e+00 -6.4090327547543993e+00 -3.5396820346313497e+01 -5.2493559562147112e+01 -8.2262580155559661e+01 -1.0519563096658591e+02 -1.3427459512252713e+02 -1.7216097350969153e+02 -1.6475054190792827e+02 -2.3733417933835401e+02 6.1038260705664335e+01 4.5053324670587799e+01 5.6075697346220650e+01 4.5598338011028211e+01 3.6021327257343039e+01 3.0733867875927224e+01 1.8229639137837424e+01 1.3656068493957887e+01 2.4321579395154473e+00 -2.8714516115265294e+00 -1.3293795105738354e+01 -1.9623113283821102e+01 -3.0423017825865809e+01 -3.7399893701366906e+01 -5.0817919561015970e+01 -5.5809159090700881e+01 -6.9549781733073374e+01 -2.9050549485854759e+01 3.0730567535267204e+00 1.1569565123856821e+01 3.5242014356001960e+01 2.6066160914805209e+01 3.4151263778708305e+01 2.4473564890614430e+01 1.9524053559941780e+01 1.2602166490360672e+01 2.5419161642628261e+00 -2.8766878181677433e+00 -1.4462698479320935e+01 -1.8587219706601804e+01 -3.0760544536971132e+01 -2.9879186521291807e+01 -3.7926669572626210e+01 -2.0577254304453330e+01 -1.3101983624748707e+01 -1.0715174556498643e+00 -2.0544945504825609e+00 -2.6646027469088240e-01 6.8180309072899927e+00 5.6253138779341372e+00 1.5726033100614726e+01 9.4652386772997819e+00 1.2774668163993573e+01 5.9866459611307263e+00 1.8168034830629678e+00 -2.4703601792267564e+00 -1.0434034864598479e+01 -9.7517916995892282e+00 -1.6156110548086406e+01 -8.0991894084344231e+00 -8.4792495101955812e+00 -6.6250813305049361e-01 -8.5678783284077975e-01 1.0182528312901997e+00 -1.9234244232774047e+00 -3.7407535431661185e+00 -4.6983634103497529e+00 -5.3203210230591838e+00 -1.2938420630774772e+00 -3.3720822772718178e+00 1.3039552678023221e+00 -1.5655689935284045e+00 2.6760184905777629e-03 -6.9194442422361835e-01 -1.5594665436055257e+00 1.7400736617755790e+00 9.4876154637852561e-01 5.3911600691660189e+00 4.1291790410573563e+00 5.8824156758529567e+00 2.8391251984712840e+00 1.9284202233513168e+00 -2.2878472089849731e+00 -4.8860167067618852e+00 -8.2752621052465383e+00 -9.4195682861262604e+00 -9.5384269439393581e+00 -9.4329224631058679e+00 -6.3081527662511840e+00 -5.3296127123683599e+00 -9.5830021531647602e-01 1.1229819926947366e+00 4.8928412514103972e+00 7.3190180105893923e+00 8.9598769656737964e+00 1.0136476224821868e+01 8.8206648004090589e+00 8.2304190832710216e+00 4.5432839365131334e+00 2.4105471455162091e+00 -2.5536954947228465e+00 -4.9782692202616161e+00 -8.8166274670461746e+00 -9.5687438074204074e+00 -1.0990344846202577e+01 -9.7755077721740360e+00 -7.9765981288625323e+00 -5.3929432994767010e+00 -1.0563810828844544e+00 1.5528452037675133e+00 6.2038122999579350e+00 7.6027294742151188e+00 1.0266517611720511e+01 1.0087904255894093e+01 9.7187878712431246e+00 8.2386882068263709e+00 5.0251407031275317e+00 2.4126854943708929e+00 -2.3502644667744375e+00 -4.1657667717853384e+00 -7.5074833044702327e+00 -7.4678465436523522e+00 -8.8543196132864832e+00 -7.1918734288903874e+00 -6.2603139751428669e+00 -3.8073528424704071e+00 -8.7721642047483195e-01 1.1134606626285581e+00 4.7610903487934770e+00 5.4838835286411909e+00 8.2145199304991614e+00 7.6309166524339949e+00 8.1893899508739132e+00 6.6093622944510120e+00 4.4766459652843551e+00 2.0031680337410220e+00 -1.7007668531507460e+00 -2.7081737268503012e+00 -5.0172865019691848e+00 -4.3439474166106802e+00 -5.3914211619957246e+00 -3.7854479321355545e+00 -3.5966149694809983e+00 -1.9058452720803274e+00 -5.6509652610418104e-01 5.3890082361708680e-01 2.6512779013180063e+00 2.8273219735756876e+00 4.9372069116510291e+00 4.2325761456995643e+00 5.3228179813869199e+00 4.0143977020434738e+00 3.1585830035697939e+00 1.3315179172553744e+00 -8.0863018253479302e-01 -8.8067275860094996e-01 -1.9879211392551883e+00 -1.0515118104587760e+00 -1.8627365792966428e+00 -7.7272860736147830e-01 -1.1760728858835685e+00 -3.1427683835542514e-01 -2.2697020582262908e-01 1.9534263594784937e-01 8.0446287847660736e-01 6.6795176945109402e-01 1.6751500625946172e+00 9.9126013171314808e-01 2.0072779117287047e+00 1.0034952671224961e+00 1.3596022460244701e+00 3.7697810439585827e-01
</DataArray>
        <DataArray type="Float64" format="ascii" Name="sigma_yy">
1.0998492103363603e+03 1.0278720745572264e+03 9.6675221758018620e+02 9.6209882912487637e+02 9.5937641864128625e+02 9.5327309810949305e+02 9.5629825070020820e+02 9.5128116352353970e+02 9.5582736232233458e+02 9.5110950826285534e+02 9.5646824446874291e+02 9.5161547142816221e+02 9.5930905267055164e+02 9.5404823639621418e+02 9.6760763854801689e+02 9.6758393036796110e+02 1.0169325917375210e+03 1.1062137012227299e+03 1.0964468093932308e+03 1.0393896458618165e+03 9.7797939649160526e+02 9.6675737030513051e+02 9.5007382491329520e+02 9.4775627178643401e+02 9.4525577675130967e+02 9.4406582028952846e+02 9.4482652419967314e+02 9.4375913351476800e+02 9.4518969696658883e+02 9.4480109998133253e+02 9.4769868265305615e+02 9.5150656735793268e+02 9.6270277993775164e+02 9.8336061218871760e+02 1.0436949245397504e+03 1.0909740628662912e+03 1.0559322469092513e+03 1.0209830916311695e+03 9.8712615822095245e+02 9.7494594936980388e+02 9.5637751452044165e+02 9.5522235403637785e+02 9.4728067192968695e+02 9.4909867418968793e+02 9.4544639475135364e+02 9.4813280230735609e+02 9.4634729114317042e+02 9.5051957282193473e+02 9.5217447719335041e+02 9.6029994193783841e+02 9.7430865643231198e+02 9.8917359239512780e+02 1.0319162544148110e+03 1.0436753557942861e+03 1.0113563258829671e+03 9.9267108582653100e+02 9.8440647279502889e+02 9.7728619307325607e+02 9.6637555821881881e+02 9.6652129925918223e+02 9.5805094192862862e+02 9.6106216145876226e+02 9.5545930718317527e+02 9.5982850849999033e+02 9.5683013849718668e+02 9.6260657849731820e+02 9.6329163792623388e+02 9.7031402545990159e+02 9.7860705355678670e+02 9.8389694338752906e+02 1.0040661330814215e+03 9.9905263546691356e+02 9.7018956794786573e+02 9.6596034600703854e+02 9.7744520447170373e+02 9.7765290447089785e+02 9.7535108440850752e+02 9.7697954320012332e+02 9.7062925471002450e+02 9.7296007700215637e+02 9.6804480826956933e+02 9.7154194869305525e+02 9.6944850823679610e+02 9.7424641443335850e+02 9.7419616621489467e+02 9.7847977653947282e+02 9.7869033638057408e+02 9.7689715479728909e+02 9.7579426542829401e+02 9.5989763878851625e+02 9.3610312975056627e+02 9.4846245531409431e+02 9.7393722245497634e+02 9.8116746778022662e+02 9.8281617856112837e+02 9.8369848500847627e+02 9.7895629477326759e+02 9.7789409186438786e+02 9.7553964283444759e+02 9.7563058164208655e+02 9.7721673298664621e+02 9.7940048994102892e+02 9.8192843255744356e+02 9.8428907648023278e+02 9.8003874317143811e+02 9.7534569697103086e+02 9.5442575454177859e+02 9.3027652336712151e+02 9.1672801210906584e+02 9.5314191160547011e+02 9.8111219454455340e+02 9.8963789696015760e+02 9.8626798282267407e+02 9.8073833020735947e+02 9.7642100610399166e+02 9.6866031806603291e+02 9.7054945648847581e+02 9.6499982389017805e+02 9.7319785739371730e+02 9.7125193831791114e+02 9.8218926051222138e+02 9.8355654881832265e+02 9.8549441390382265e+02 9.8428241030283414e+02 9.4990065405130395e+02 9.2171898390222486e+02 9.3815540670215501e+02 1.0081834223928547e+03 9.9741218884528757e+02 9.8988345953702390e+02 9.7525672476326395e+02 9.5646384549314143e+02 9.5575172742834081e+02 9.3982761819419864e+02 9.4768606493487152e+02 9.3580887903510575e+02 9.5122499661945301e+02 9.4335141192892627e+02 9.6600310757282818e+02 9.6366146016131017e+02 9.8817114345191112e+02 9.9669356657981552e+02 9.8021213477116044e+02 9.6882384158835555e+02 1.1443659008597438e+03 1.0688021806220747e+03 9.8562500345752278e+02 9.3693222111355669e+02 9.3383640797842008e+02 9.0647195784666167e+02 9.1440122813475671e+02 8.9490821333249994e+02 9.0789303960297696e+02 8.9230042619237145e+02 9.1087213392026024e+02 8.9737058334610106e+02 9.2464123105597275e+02 9.1324095700070802e+02 9.5835128912252242e+02 9.5850354383962315e+02 1.0472504497308989e+03 1.1695262328428184e+03 1.0073867103908044e+03 9.9798547867658431e+02 9.9014478614580605e+02 9.8867039041306850e+02 9.7438894893771362e+02 9.7921040834503992e+02 9.6736148226843488e+02 9.7481924659109029e+02 9.6590306669158826e+02 9.7401683892632445e+02 9.6687478112248414e+02 9.7588652839198085e+02 9.7140073487893392e+02 9.8231787601292547e+02 9.8186277726886510e+02 9.9597418594268913e+02 1.0107628712358227e+03 9.9484688766327906e+02 9.6122232894567833e+02 9.6875561979237955e+02 9.9058467411337870e+02 9.9067281382997703e+02 9.9226574625024659e+02 9.9432804187319516e+02 9.8787285835726686e+02 9.9254824067298921e+02 9.8560773011290826e+02 9.9187013847619073e+02 9.8670175789023699e+02 9.9402228081727230e+02 9.9126360893539106e+02 9.9696059233327594e+02 9.9671945145978975e+02 9.8664915583727941e+02 9.7242860582215474e+02 9.5465635447985494e+02 9.5366925835466964e+02 9.6144489216913973e+02 9.7845028049874782e+02 9.8382329841988792e+02 9.9572385549655337e+02 9.9912986970983445e+02 1.0018177938638082e+03 1.0056103410789333e+03 1.0029063487029664e+03 1.0072976123947950e+03 1.0031596542168320e+03 1.0055679024274979e+03 1.0006560298318246e+03 9.9551912969915486e+02 9.8510612084160960e+02 9.7525296840945975e+02 9.6062059471661814e+02 9.5469004918522762e+02 9.5782114305112964e+02 9.6528203816647977e+02 9.7542029933685831e+02 9.8232015815207978e+02 9.9390654962069220e+02 9.9890625839530446e+02 1.0068462005656805e+03 1.0099316933069357e+03 1.0122672818605603e+03 1.0130097072419793e+03 1.0102151334459859e+03 1.0070194966317409e+03 9.9896760524467720e+02 9.9292747273879024e+02 9.8100467903714798e+02 9.7603267533581413e+02 9.6337418066997952e+02 9.6050942721351657e+02 9.6581174380476784e+02 9.7292577938873558e+02 9.7926754049591648e+02 9.8567009250485194e+02 9.9379554136477566e+02 9.9843429147273628e+02 1.0062053800247767e+03 1.0079079692684224e+03 1.0119915287654916e+03 1.0102488122081222e+03 1.0086168689169792e+03 1.0045208768224603e+03 9.9767210293249275e+02 9.9363342785493296e+02 9.8387068048235960e+02 9.8125613932742556e+02 9.7030609299875812e+02 9.6894313137502695e+02 9.7521345601051542e+02 9.8149909835617450e+02 9.8541470508817781e+02 9.9038075235078657e+02 9.9519595307649479e+02 9.9820207682721855e+02 1.0032445381956032e+03 1.0036321735462502e+03 1.0068185127262655e+03 1.0048622318392225e+03 1.0044712198777301e+03 1.0016223812253909e+03 9.9761443499950053e+02 9.9530316552471106e+02 9.8857872969583650e+02 9.8732774613577726e+02 9.7867200530243861e+02 9.7834081922778307e+02 9.8450398970273864e+02 9.8934271313294232e+02 9.9124278374294499e+02 9.9444220376641783e+02 9.9661210193428678e+02 9.9806333986117806e+02 1.0003307050449258e+03 1.0001958614321356e+03 1.0018499387760681e+03 1.0006852678812240e+03 1.0008839927898364e+03 9.9948108096112480e+02 9.9774113089559182e+02 9.9674585405497533e+02 9.9293438719510345e+02 9.9266320167285562e+02 9.8679929646958385e+02 9.8719215069180791e+02 9.9233252333115934e+02 9.9541244918567577e+02 9.9571564711478891e+02 9.9735305463136262e+02 9.9772341261540987e+02 9.9833998239101868e+02 9.9879873573323778e+02 9.9881798659708170e+02 9.9919948165806886e+02 9.9893360212294920e+02 9.9897286124975187e+02 9.9868089727214817e+02 9.9803235244771997e+02 9.9796635583508373e+02 9.9627382870472400e+02 9.9665333491084687e+02 9.9350359247452786e+02 9.9431590173195150e+02 9.9781132724180372e+02 9.9919293865866189e+02 9.9867422229017200e+02 9.9938843166808465e+02 9.9892835153561850e+02 9.9947745466456672e+02 9.9901899710572502e+02 9.9951172250016396e+02 9.9903589697649170e+02 9.9950480382766705e+02 9.9900580530800926e+02 9.9946218792850436e+02 9.9889912043489426e+02 9.9938878140035513e+02 9.9866145373569157e+02 9.9927822244395259e+02 9.9813326039404228e+02 9.9896902189614877e+02
</DataArray>
        <DataArray type="Float64" format="ascii" Name="sigma_zz">
2.9832482235793714e+02 2.9202885328253655e+02 2.4528018889583959e+02 2.5595575777705770e+02 2.3735768045343775e+02 2.4457177714322452e+02 2.3274189458465003e+02 2.3985063029042979e+02 2.3128061159975911e+02 2.3885101890837339e+02 2.3211547394906017e+02 2.4089607098255101e+02 2.3556839061513469e+02 2.4697994977379324e+02 2.4264515027720321e+02 2.6281104852049356e+02 2.6906294528409211e+02 3.2593396928785825e+02 3.2988334344792747e+02 3.1159862105217803e+02 2.8353833992702806e+02 2.8130213452996287e+02 2.6370906201802387e+02 2.6687650688489691e+02 2.5557669440121188e+02 2.6071686576033795e+02 2.5294544202671054e+02 2.5940527814687607e+02 2.5430136591924759e+02 2.6224754907894362e+02 2.6040395263581343e+02 2.7086086088025712e+02 2.7548690915978472e+02 2.9036736881523558e+02 3.1218243475895861e+02 3.2733715988443038e+02 3.1731731666076547e+02 3.0676463979970333e+02 2.9498905698121513e+02 2.9123821304905954e+02 2.8053030158914788e+02 2.8173352333620426e+02 2.7335950597004665e+02 2.7715665670197535e+02 2.7094165178322669e+02 2.7616859700074588e+02 2.7224038143813937e+02 2.7842632925758062e+02 2.7779057115686152e+02 2.8469140539670138e+02 2.8966943937030300e+02 2.9649786033235205e+02 3.1011822876055487e+02 3.1324590230523961e+02 3.0359603191775869e+02 2.9822142628727033e+02 2.9609653385219582e+02 2.9452650966573822e+02 2.9014245357236496e+02 2.9171180807630657e+02 2.8670620542028547e+02 2.9017375793039560e+02 2.8548207896591595e+02 2.8985768252962271e+02 2.8620370603081682e+02 2.9073110636801977e+02 2.8901334511987460e+02 2.9288008575263433e+02 2.9431209785435408e+02 2.9622843626543983e+02 3.0165368878416228e+02 2.9984825160037582e+02 2.9123233952711962e+02 2.9034490240847987e+02 2.9505871592077312e+02 2.9676106232103655e+02 2.9704307557914285e+02 3.0035404234886317e+02 2.9787527290763273e+02 3.0197347838300470e+02 2.9815281710097349e+02 3.0237368776313292e+02 2.9813104796145456e+02 3.0175660691242274e+02 2.9769929763512306e+02 2.9972860514113904e+02 2.9636868643709272e+02 2.9541311913737593e+02 2.9327136997231747e+02 2.8813649210214584e+02 2.8113928696299405e+02 2.8563092055618853e+02 2.9595100883928529e+02 3.0199351861748448e+02 3.0504725747167498e+02 3.1090048119491831e+02 3.0953039498700412e+02 3.1489647515085994e+02 3.1107075416679231e+02 3.1581005442877370e+02 3.1041564356229139e+02 3.1410542259892264e+02 3.0722258110757787e+02 3.0885634839782585e+02 3.0012013228363548e+02 2.9785224768666257e+02 2.8731269652884504e+02 2.7932614973362473e+02 2.7579051081495606e+02 2.8916093748641924e+02 3.0325525759403632e+02 3.1491370051953925e+02 3.1762059214321334e+02 3.2617977576915234e+02 3.2396890975203939e+02 3.3069234818553252e+02 3.2602198843363215e+02 3.3164102684040239e+02 3.2507330886308540e+02 3.2975179755529274e+02 3.2054587113983081e+02 3.2365537967660356e+02 3.0974597862392756e+02 3.0876886437362816e+02 2.8754903076998943e+02 2.7719627579552622e+02 2.8437388363725711e+02 3.1786524376706495e+02 3.2410738106953403e+02 3.4076233825315012e+02 3.3772499779262165e+02 3.4770995445379975e+02 3.4240766105836343e+02 3.4966680618924022e+02 3.4368649895558906e+02 3.4998832410119957e+02 3.4299168114497331e+02 3.4912304802601369e+02 3.3972469875290949e+02 3.4619514631574884e+02 3.3064499537945090e+02 3.3740986913799367e+02 3.0445415701162659e+02 2.9746598838805392e+02 3.6661008553867322e+02 4.1587081802694263e+02 3.6913127382142699e+02 3.7959525792885785e+02 3.6508382820289205e+02 3.7255361569962054e+02 3.6359118341305350e+02 3.7000473774976746e+02 3.6301465878576636e+02 3.6935297061601352e+02 3.6311042048581390e+02 3.7026229449667352e+02 3.6382360608461192e+02 3.7321083077804894e+02 3.6510671498320789e+02 3.8153907188094081e+02 3.6714969800525773e+02 4.3101829590174214e+02 3.5621267688023011e+02 3.4953818919290899e+02 3.3690435201849425e+02 3.3717462720992643e+02 3.2164229806220919e+02 3.2615071340205441e+02 3.1748140346098319e+02 3.2112558243402003e+02 3.1628958846857915e+02 3.2018192659678027e+02 3.1677636054743493e+02 3.2222355059787532e+02 3.1925811288774781e+02 3.2929661081897081e+02 3.2784190724704911e+02 3.4526055685795450e+02 3.5592783237221977e+02 3.5130607277734515e+02 3.2448430070360462e+02 3.3006200703764415e+02 3.4506890280386091e+02 3.4516204406206418e+02 3.4278238976597748e+02 3.4508842645832777e+02 3.3647967317120032e+02 3.4151334224998294e+02 3.3360515005736664e+02 3.4036357642743894e+02 3.3489623942209300e+02 3.4317131065787851e+02 3.4070535268894304e+02 3.4846040773195881e+02 3.4937770594446113e+02 3.4370019920280839e+02 3.3306175620398625e+02 3.1877201444272424e+02 3.1847221165071159e+02 3.2472788979596612e+02 3.3764968058321915e+02 3.4179319093817151e+02 3.4954901297606057e+02 3.5242835510137746e+02 3.5249372600798199e+02 3.5619122300343656e+02 3.5234633641937489e+02 3.5711806940413106e+02 3.5311587587822498e+02 3.5669758903404983e+02 3.5307660040699346e+02 3.5040237704004767e+02 3.4260892351511421e+02 3.3545026208733714e+02 3.2392517096957420e+02 3.1900810814597850e+02 3.2175975523479309e+02 3.2793627836186585e+02 3.3596123940898963e+02 3.4137952100752574e+02 3.4982240345478499e+02 3.5381400992405366e+02 3.5909301950532767e+02 3.6186192851771455e+02 3.6289607590579544e+02 3.6413899086723757e+02 3.6161188021864427e+02 3.5986623117015984e+02 3.5361361543031404e+02 3.4944791077974037e+02 3.4017922787169454e+02 3.3647083493413157e+02 3.2628590220328027e+02 3.2396167190388724e+02 3.2838088651638463e+02 3.3420897140977848e+02 3.3927224302509637e+02 3.4436641688957366e+02 3.5051939704583873e+02 3.5419060879348604e+02 3.5986553614174426e+02 3.6137075876311746e+02 3.6419197490105512e+02 3.6313763969816074e+02 3.6169353695404902e+02 3.5883999973276985e+02 3.5345505669090085e+02 3.5053259135518726e+02 3.4284475523358429e+02 3.4087177079680970e+02 3.3204933082652934e+02 3.3096427928804832e+02 3.3606579923115743e+02 3.4112309645929719e+02 3.4426397821322382e+02 3.4821236054544283e+02 3.5195079149330280e+02 3.5434277210291367e+02 3.5815773161251002e+02 3.5854422626188472e+02 3.6086153453095704e+02 3.5948373014210944e+02 3.5908904598001214e+02 3.5700896729711872e+02 3.5381383782807586e+02 3.5207632771791987e+02 3.4675379052682786e+02 3.4578272686259959e+02 3.3885241474230111e+02 3.3858372846905434e+02 3.4348865199670354e+02 3.4731644251576137e+02 3.4887806981223559e+02 3.5140823216380903e+02 3.5316629267545756e+02 3.5436358486640603e+02 3.5615252634586500e+02 3.5611273248135109e+02 3.5734725993173856e+02 3.5650876004896406e+02 3.5659066651301231e+02 3.5553494607493047e+02 3.5407759329121899e+02 3.5327943533078263e+02 3.5022389503667068e+02 3.4997731913160135e+02 3.4531338419794702e+02 3.4560033265641789e+02 3.4961417630582235e+02 3.5202067101218103e+02 3.5233828852626056e+02 3.5364949654482916e+02 3.5407104311412286e+02 3.5463146401479793e+02 3.5507356326924815e+02 3.5513631583324116e+02 3.5544553237931984e+02 3.5525627798837047e+02 3.5523490266934027e+02 3.5499057127907315e+02 3.5437273451498362e+02 3.5426619210290909e+02 3.5281635090268037e+02 3.5305570153889886e+02 3.5054034083286467e+02 3.5114259796248928e+02 3.5383365488456064e+02 3.5492010534078406e+02 3.5461426350320380e+02 3.5527149507087512e+02 3.5504119949972880e+02 3.5553244591448350e+02 3.5526719178646806e+02 3.5566815539969622e+02 3.5534269313053119e+02 3.5569023061420074e+02 3.5528807924239999e+02 3.5560325513445952e+02 3.5507933381507394e+02 3.5540552434664960e+02 3.5468442326509927e+02 3.5510953068153350e+02 3.5410715780626180e+02 3.5472399604680083e+02
</DataArray>
        <DataArray type="Float64" format="ascii" Name="sigma1">
1.1007394472383774e+03 1.0281446553070709e+03 9.6883529239434620e+02 9.6291664792426127e+02 9.6021501045243508e+02 9.5364716590793137e+02 9.5651189162938795e+02 9.5135448284065944e+02 9.5583020983388303e+02 9.5111255505774420e+02 9.5658947643992769e+02 9.5176588943691456e+02 9.5994966337654432e+02 9.5461827362795361e+02 9.6940653076088574e+02 9.6859276157403406e+02 1.0186720386807658e+03 1.1062326778111556e+03 1.0967600945816955e+03 1.0398134022354377e+03 9.7799563457961040e+02 9.6689693454434837e+02 9.5009681590669993e+02 9.4777126895788786e+02 9.4526855220148104e+02 9.4406701596656023e+02 9.4482667522096381e+02 9.4375913718036122e+02 9.4519867510507083e+02 9.4480250634536151e+02 9.4772637300456029e+02 9.5153563724427477e+02 9.6270343000633181e+02 9.8368872088143689e+02 1.0439972165164563e+03 1.0912786878337383e+03 1.0562208687353009e+03 1.0217113100325510e+03 9.8814374761142085e+02 9.7601914235940035e+02 9.5683023322865665e+02 9.5570684296897730e+02 9.4738625879133622e+02 9.4919243919825976e+02 9.4544848867317705e+02 9.4813597957512991e+02 9.4639672337196725e+02 9.5070470189884213e+02 9.5247388766346489e+02 9.6100954868605913e+02 9.7516019033726138e+02 9.9041470966044972e+02 1.0326232687093134e+03 1.0439290596603396e+03 1.0115863359229716e+03 9.9334380067731149e+02 9.8579594219966725e+02 9.7861919464066523e+02 9.6738362326125355e+02 9.6727991793534886e+02 9.5835689167527858e+02 9.6122492630888291e+02 9.5546504143821267e+02 9.5983559579284588e+02 9.5698811360668219e+02 9.6293535434073385e+02 9.6403754887314358e+02 9.7134705314362941e+02 9.7996702986626701e+02 9.8522652652286388e+02 1.0047545604773859e+03 9.9925870525516780e+02 9.7037097475675546e+02 9.6644562737238721e+02 9.7853742882228107e+02 9.7852411648301086e+02 9.7617445430677981e+02 9.7743462358357579e+02 9.7088236506411226e+02 9.7304991011978814e+02 9.6804879052359206e+02 9.7154696926656220e+02 9.6958607583410731e+02 9.7444182609334689e+02 9.7481049984884862e+02 9.7911135702068464e+02 9.7975105647665941e+02 9.7777344177146892e+02 9.7632475500908424e+02 9.6005094011588471e+02 9.3621833826672946e+02 9.4864512245157562e+02 9.7434708883368876e+02 9.8127500082750976e+02 9.8299234646468005e+02 9.8370642255321263e+02 9.7898758295670245e+02 9.7789422351665485e+02 9.7553967284876933e+02 9.7563088433741950e+02 9.7723803693717718e+02 9.7940168451715795e+02 9.8204404438409051e+02 9.8431493973682313e+02 9.8034598214628409e+02 9.7549941402410491e+02 9.5467574337099518e+02 9.3035041342073487e+02 9.1674699322112815e+02 9.5319658886961975e+02 9.8119414798775824e+02 9.9056332869151083e+02 9.8660204544764190e+02 9.8169749872341924e+02 9.7661628248445936e+02 9.6894439046383798e+02 9.7055863032870991e+02 9.6500509371569069e+02 9.7327635483991969e+02 9.7168611410048243e+02 9.8246995932743630e+02 9.8461890986638400e+02 9.8570928463775635e+02 9.8498625568937939e+02 9.4990409999586052e+02 9.2172034622573392e+02 9.3844219647101352e+02 1.0131203283565058e+03 1.0026847253294918e+03 1.0009871398691344e+03 9.8009960315137687e+02 9.6256814705347813e+02 9.5744508197959760e+02 9.4119412573416548e+02 9.4773547782295680e+02 9.3584210296104357e+02 9.5197539630691290e+02 9.4567679423940126e+02 9.6939997194195689e+02 9.7133253191451377e+02 9.9379124327434693e+02 1.0083930066490384e+03 9.8264822236710847e+02 9.7034949217907774e+02 1.1621793678023123e+03 1.1402547525851271e+03 1.0202345131107227e+03 9.7313606423363717e+02 9.4972439323907645e+02 9.2011752761365733e+02 9.1884730418106039e+02 8.9761953395609464e+02 9.0800118733666386e+02 8.9237463723584176e+02 9.1291467810954009e+02 9.0224419327702913e+02 9.3510053494743147e+02 9.3165800605245408e+02 9.8323477069772844e+02 1.0015669441871200e+03 1.0773822544428381e+03 1.2281432195511441e+03 1.0113747474339502e+03 1.0001324762496765e+03 9.9360628441288327e+02 9.9093502521016353e+02 9.7584216552800399e+02 9.8025388665800438e+02 9.6773671834938716e+02 9.7502622180962157e+02 9.6590975306272139e+02 9.7402599699560926e+02 9.6707437481672628e+02 9.7631369891685881e+02 9.7244158780364114e+02 9.8386040957204796e+02 9.8473689042036608e+02 9.9933789246847982e+02 1.0160184370500983e+03 9.9571188577038390e+02 9.6123218679896695e+02 9.6889476937042923e+02 9.9188871986466302e+02 9.9138318790035191e+02 9.9351331037898171e+02 9.9496391367598858e+02 9.8828555924372949e+02 9.9271855376590747e+02 9.8561475543428969e+02 9.9187903705614497e+02 9.8692885991404432e+02 9.9439201919400512e+02 9.9228182544428034e+02 9.9790200063278553e+02 9.9823049178351505e+02 9.8708682517447937e+02 9.7260655094412596e+02 9.5465755881254927e+02 9.5367367592131245e+02 9.6144496602283880e+02 9.7849830109854906e+02 9.8385586527031592e+02 9.9598020057993153e+02 9.9922225916242576e+02 1.0019884595435487e+03 1.0056475225474912e+03 1.0029098178136228e+03 1.0073039551061784e+03 1.0032737314363956e+03 1.0056662171556105e+03 1.0009265108062239e+03 9.9558645521068206e+02 9.8518019886205684e+02 9.7525342113599993e+02 9.6062135951643904e+02 9.5469113561295671e+02 9.5782500470019579e+02 9.6529653727740083e+02 9.7544299183714145e+02 9.8234909429356321e+02 9.9390825677024793e+02 9.9891779375467536e+02 1.0068479330138252e+03 1.0099341740080372e+03 1.0122672818678607e+03 1.0130101913843703e+03 1.0102176080397567e+03 1.0070225575930403e+03 9.9896852097793635e+02 9.9295699831622915e+02 9.8102215509070538e+02 9.7606821806462369e+02 9.6338255267764271e+02 9.6051329955767960e+02 9.6581716430185725e+02 9.7295032160918311e+02 9.7933753347041556e+02 9.8576020260099585e+02 9.9388747646178217e+02 9.9852370363964337e+02 1.0062452906947939e+03 1.0079363156407343e+03 1.0119924468884126e+03 1.0102500682846012e+03 1.0086408347565803e+03 1.0045744355852194e+03 9.9775300107784142e+02 9.9373705771615073e+02 9.8394991652527199e+02 9.8132522275118333e+02 9.7032737262836440e+02 9.6894912845648264e+02 9.7522014344522904e+02 9.8152434564203395e+02 9.8549356657873557e+02 9.9047310192611099e+02 9.9531720472823622e+02 9.9829755245588206e+02 1.0033078684099605e+03 1.0036610355478116e+03 1.0068196193643910e+03 1.0048646209991215e+03 1.0045094784239279e+03 1.0016798857919127e+03 9.9771998166886829e+02 9.9540520824584542e+02 9.8867423929225004e+02 9.8739644710548816e+02 9.7869780646165987e+02 9.7834676854076815e+02 9.8450959972571673e+02 9.8936024562504656e+02 9.9129956404776431e+02 9.9449813902027859e+02 9.9669044915995437e+02 9.9811486366598388e+02 1.0003696161636840e+03 1.0002102318667837e+03 1.0018507006180847e+03 1.0006864955529734e+03 1.0009064771334449e+03 9.9951094632184072e+02 9.9780844088903996e+02 9.9680401581892284e+02 9.9300179072892092e+02 9.9270713661686818e+02 9.8681959800879781e+02 9.8719621477785677e+02 9.9233543765685886e+02 9.9541981226848122e+02 9.9574087544419376e+02 9.9737191175170528e+02 9.9775238776870162e+02 9.9835423810941938e+02 9.9881157453279206e+02 9.9882158869522755e+02 9.9919979799347516e+02 9.9893388989658263e+02 9.9897983250633160e+02 9.9868883271705113e+02 9.9805661873423810e+02 9.9798420807139678e+02 9.9630218056732645e+02 9.9666946916989809e+02 9.9351362904124812e+02 9.9431768449977278e+02 9.9781198240482183e+02 9.9919371424135136e+02 9.9867816968975171e+02 9.9938953396469526e+02 9.9893180518618328e+02 9.9947804817176313e+02 9.9902036998980407e+02 9.9951182048114299e+02 9.9903594804625823e+02 9.9950484166155707e+02 9.9900644727462577e+02 9.9946263074729245e+02 9.9890191063498276e+02 9.9938975898359274e+02 9.9866547377908660e+02 9.9927922741735779e+02 9.9813511091080966e+02 9.9896916410162214e+02
</DataArray>
        <DataArray type="Float64" format="ascii" Name="sigma2">
2.9832482235793714e+02 2.9202885328253655e+02 2.4528018889583959e+02 2.5595575777705770e+02 2.3735768045343775e+02 2.4457177714322452e+02 2.3274189458465003e+02 2.3985063029042979e+02 2.3128061159975911e+02 2.3885101890837339e+02 2.3211547394906017e+02 2.4089607098255101e+02 2.3556839061513469e+02 2.4697994977379324e+02 2.4264515027720321e+02 2.6281104852049356e+02 2.6906294528409211e+02 3.2593396928785825e+02 3.2988334344792747e+02 3.1159862105217803e+02 2.8353833992702806e+02 2.8130213452996287e+02 2.6370906201802387e+02 2.6687650688489691e+02 2.5557669440121188e+02 2.6071686576033795e+02 2.5294544202671054e+02 2.5940527814687607e+02 2.5430136591924759e+02 2.6224754907894362e+02 2.6040395263581343e+02 2.7086086088025712e+02 2.7548690915978472e+02 2.9036736881523558e+02 3.1218243475895861e+02 3.2733715988443038e+02 3.1731731666076547e+02 3.0676463979970333e+02 2.9498905698121513e+02 2.9123821304905954e+02 2.8053030158914788e+02 2.8173352333620426e+02 2.7335950597004665e+02 2.7715665670197535e+02 2.7094165178322669e+02 2.7616859700074588e+02 2.7224038143813937e+02 2.7842632925758062e+02 2.7779057115686152e+02 2.8469140539670138e+02 2.8966943937030300e+02 2.9649786033235205e+02 3.1011822876055487e+02 3.1324590230523961e+02 3.0359603191775869e+02 2.9822142628727033e+02 2.9609653385219582e+02 2.9452650966573822e+02 2.9014245357236496e+02 2.9171180807630657e+02 2.8670620542028547e+02 2.9017375793039560e+02 2.8548207896591595e+02 2.8985768252962271e+02 2.8620370603081682e+02 2.9073110636801977e+02 2.8901334511987460e+02 2.9288008575263433e+02 2.9431209785435408e+02 2.9622843626543983e+02 3.0165368878416228e+02 2.9984825160037582e+02 2.9123233952711962e+02 2.9034490240847987e+02 2.9505871592077312e+02 2.9676106232103655e+02 2.9704307557914285e+02 3.0035404234886317e+02 2.9787527290763273e+02 3.0197347838300470e+02 2.9815281710097349e+02 3.0237368776313292e+02 2.9813104796145456e+02 3.0175660691242274e+02 2.9769929763512306e+02 2.9972860514113904e+02 2.9636868643709272e+02 2.9541311913737593e+02 2.9327136997231747e+02 2.8813649210214584e+02 2.8113928696299405e+02 2.8563092055618853e+02 2.9595100883928529e+02 3.0199351861748448e+02 3.0504725747167498e+02 3.1090048119491831e+02 3.0953039498700412e+02 3.1489647515085994e+02 3.1107075416679231e+02 3.1581005442877370e+02 3.1041564356229139e+02 3.1410542259892264e+02 3.0722258110757787e+02 3.0885634839782585e+02 3.0012013228363548e+02 2.9785224768666257e+02 2.8731269652884504e+02 2.7932614973362473e+02 2.7579051081495606e+02 2.8916093748641924e+02 3.0325525759403632e+02 3.1491370051953925e+02 3.1762059214321334e+02 3.2617977576915234e+02 3.2396890975203939e+02 3.3069234818553252e+02 3.2602198843363215e+02 3.3164102684040239e+02 3.2507330886308540e+02 3.2975179755529274e+02 3.2054587113983081e+02 3.2365537967660356e+02 3.0974597862392756e+02 3.0876886437362816e+02 2.8754903076998943e+02 2.7719627579552622e+02 2.8437388363725711e+02 3.1786524376706495e+02 3.2410738106953403e+02 3.4076233825315012e+02 3.3772499779262165e+02 3.4770995445379975e+02 3.4240766105836343e+02 3.4966680618924022e+02 3.4368649895558906e+02 3.4998832410119957e+02 3.4299168114497331e+02 3.4912304802601369e+02 3.3972469875290949e+02 3.4619514631574884e+02 3.3064499537945090e+02 3.3740986913799367e+02 3.0445415701162659e+02 2.9746598838805392e+02 3.6661008553867322e+02 4.1587081802694263e+02 3.6913127382142699e+02 3.7959525792885785e+02 3.6508382820289205e+02 3.7255361569962054e+02 3.6359118341305350e+02 3.7000473774976746e+02 3.6301465878576636e+02 3.6935297061601352e+02 3.6311042048581390e+02 3.7026229449667352e+02 3.6382360608461192e+02 3.7321083077804894e+02 3.6510671498320789e+02 3.8153907188094081e+02 3.6714969800525773e+02 4.3101829590174214e+02 3.5621267688023011e+02 3.4953818919290899e+02 3.3690435201849425e+02 3.3717462720992643e+02 3.2164229806220919e+02 3.2615071340205441e+02 3.1748140346098319e+02 3.2112558243402003e+02 3.1628958846857915e+02 3.2018192659678027e+02 3.1677636054743493e+02 3.2222355059787532e+02 3.1925811288774781e+02 3.2929661081897081e+02 3.2784190724704911e+02 3.4526055685795450e+02 3.5592783237221977e+02 3.5130607277734515e+02 3.2448430070360462e+02 3.3006200703764415e+02 3.4506890280386091e+02 3.4516204406206418e+02 3.4278238976597748e+02 3.4508842645832777e+02 3.3647967317120032e+02 3.4151334224998294e+02 3.3360515005736664e+02 3.4036357642743894e+02 3.3489623942209300e+02 3.4317131065787851e+02 3.4070535268894304e+02 3.4846040773195881e+02 3.4937770594446113e+02 3.4370019920280839e+02 3.3306175620398625e+02 3.1877201444272424e+02 3.1847221165071159e+02 3.2472788979596612e+02 3.3764968058321915e+02 3.4179319093817151e+02 3.4954901297606057e+02 3.5242835510137746e+02 3.5249372600798199e+02 3.5619122300343656e+02 3.5234633641937489e+02 3.5711806940413106e+02 3.5311587587822498e+02 3.5669758903404983e+02 3.5307660040699346e+02 3.5040237704004767e+02 3.4260892351511421e+02 3.3545026208733714e+02 3.2392517096957420e+02 3.1900810814597850e+02 3.2175975523479309e+02 3.2793627836186585e+02 3.3596123940898963e+02 3.4137952100752574e+02 3.4982240345478499e+02 3.5381400992405366e+02 3.5909301950532767e+02 3.6186192851771455e+02 3.6289607590579544e+02 3.6413899086723757e+02 3.6161188021864427e+02 3.5986623117015984e+02 3.5361361543031404e+02 3.4944791077974037e+02 3.4017922787169454e+02 3.3647083493413157e+02 3.2628590220328027e+02 3.2396167190388724e+02 3.2838088651638463e+02 3.3420897140977848e+02 3.3927224302509637e+02 3.4436641688957366e+02 3.5051939704583873e+02 3.5419060879348604e+02 3.5986553614174426e+02 3.6137075876311746e+02 3.6419197490105512e+02 3.6313763969816074e+02 3.6169353695404902e+02 3.5883999973276985e+02 3.5345505669090085e+02 3.5053259135518726e+02 3.4284475523358429e+02 3.4087177079680970e+02 3.3204933082652934e+02 3.3096427928804832e+02 3.3606579923115743e+02 3.4112309645929719e+02 3.4426397821322382e+02 3.4821236054544283e+02 3.5195079149330280e+02 3.5434277210291367e+02 3.5815773161251002e+02 3.5854422626188472e+02 3.6086153453095704e+02 3.5948373014210944e+02 3.5908904598001214e+02 3.5700896729711872e+02 3.5381383782807586e+02 3.5207632771791987e+02 3.4675379052682786e+02 3.4578272686259959e+02 3.3885241474230111e+02 3.3858372846905434e+02 3.4348865199670354e+02 3.4731644251576137e+02 3.4887806981223559e+02 3.5140823216380903e+02 3.5316629267545756e+02 3.5436358486640603e+02 3.5615252634586500e+02 3.5611273248135109e+02 3.5734725993173856e+02 3.5650876004896406e+02 3.5659066651301231e+02 3.5553494607493047e+02 3.5407759329121899e+02 3.5327943533078263e+02 3.5022389503667068e+02 3.4997731913160135e+02 3.4531338419794702e+02 3.4560033265641789e+02 3.4961417630582235e+02 3.5202067101218103e+02 3.5233828852626056e+02 3.5364949654482916e+02 3.5407104311412286e+02 3.5463146401479793e+02 3.5507356326924815e+02 3.5513631583324116e+02 3.5544553237931984e+02 3.5525627798837047e+02 3.5523490266934027e+02 3.5499057127907315e+02 3.5437273451498362e+02 3.5426619210290909e+02 3.5281635090268037e+02 3.5305570153889886e+02 3.5054034083286467e+02 3.5114259796248928e+02 3.5383365488456064e+02 3.5492010534078406e+02 3.5461426350320380e+02 3.5527149507087512e+02 3.5504119949972880e+02 3.5553244591448350e+02 3.5526719178646806e+02 3.5566815539969622e+02 3.5534269313053119e+02 3.5569023061420074e+02 3.5528807924239999e+02 3.5560325513445952e+02 3.5507933381507394e+02 3.5540552434664960e+02 3.5468442326509927e+02 3.5510953068153350e+02 3.5410715780626180e+02 3.5472399604680083e+02
</DataArray>
        <DataArray type="Float64" format="ascii" Name="sigma3">
-1.0632337271191993e+02 -5.4715144365282256e+01 -1.5123466274154714e+02 -1.0973078866740231e+02 -1.6902274227430883e+02 -1.3840790876384935e+02 -1.8070557634722132e+02 -1.5185238187256010e+02 -1.8489483783468577e+02 -1.5494249202983266e+02 -1.8287122994306060e+02 -1.4877898616174468e+02 -1.7472169465942864e+02 -1.3135177438197618e+02 -1.6058936317020846e+02 -9.2555933172389047e+01 -1.2179555440045847e+02 -1.9786113518294918e+01 2.8510502447295525e+00 -1.1513320615109524e+00 -3.2867834822850519e+01 -2.9223152777805495e+01 -7.1066609179953574e+01 -5.8182912674897850e+01 -9.3346237530774914e+01 -7.5010796765433710e+01 -1.0167520179859551e+02 -7.9074876690773962e+01 -9.7527455374245633e+01 -7.0644009415549547e+01 -7.9713197551848879e+01 -4.8666100976751075e+01 -4.4413732807049421e+01 -1.5797491497318228e+01 -3.3891006532610000e+00 -1.5482155230365260e-01 1.5035201339173623e+00 8.3748929979339115e-01 -4.8468910073705773e+00 -5.2250988625352939e+00 -2.1729227931496958e+01 -1.6595098514962931e+01 -3.6187905557846932e+01 -2.5336916858341883e+01 -4.2309649395754690e+01 -2.7573989572643651e+01 -3.8928785244835922e+01 -2.2616937706906473e+01 -2.6505317140593153e+01 -1.2038197363720865e+01 -9.5953924362514051e+00 -2.0885085526093770e+00 1.1041604925361268e+00 2.2394802379240858e-01 4.0043713622407645e-01 7.2762028025630532e-01 1.1925039743191155e+00 3.1358375784624828e+00 -2.4211135337009659e-01 5.0927756523399941e+00 -2.6695402743272609e+00 6.0209334591022499e+00 -3.8581115518259099e+00 6.3566793058965070e+00 -2.9757601706260632e+00 6.1683335526651373e+00 -6.5973180689494937e-01 4.9198993651515792e+00 1.0732963149130121e+00 2.2015943619354403e+00 7.5773546982206985e-01 2.3546674608513482e-01 4.0349033364307885e-01 1.3707139892122790e+00 4.9916242469628544e+00 1.0679424587111534e+01 1.3969130957029918e+01 2.3745517579301431e+01 2.2035211294663767e+01 3.3528351156894367e+01 2.5793933146319414e+01 3.6365323277214031e+01 2.4184084037408017e+01 3.1413530281396049e+01 1.7520492268228328e+01 1.9983993449778758e+01 8.1445649803164848e+00 6.9369553531172006e+00 1.2464782319741627e+00 4.0403355793482421e-01 9.1261827658439398e-01 3.4579460690527162e+00 1.2156273963928861e+01 2.5370061230772254e+01 3.3831845107569841e+01 5.2628514763181947e+01 5.2780400333311512e+01 7.1760693652878473e+01 6.1362841040538278e+01 7.7069297091826215e+01 5.7480774937127578e+01 6.7616390812584001e+01 4.2031225974502306e+01 4.5206221589263038e+01 2.0054458799167229e+01 1.7341411598103800e+01 3.0332450584883519e+00 7.3675235801445238e-01 2.5547094953921223e+00 1.0673202751777831e+01 2.9656710659029663e+01 5.9149006373620331e+01 7.2133261696402641e+01 1.0556842050708858e+02 1.0328008335567198e+02 1.3336343682127074e+02 1.1618133111673050e+02 1.4046499575231746e+02 1.1030134137036525e+02 1.2748654441716022e+02 8.6016277805333175e+01 9.4232355722294329e+01 4.6777310775335764e+01 4.4243292222714480e+01 8.5926692374377005e+00 2.2672397593538358e+00 9.4707489865099888e+00 4.6430484200377613e+01 7.7673211568954684e+01 1.3488732097469958e+02 1.4565038949069577e+02 1.9646503445918776e+02 1.8391378821494732e+02 2.2436189489663548e+02 1.9788618536234040e+02 2.3078564404295491e+02 1.9133020750966529e+02 2.1806669918064449e+02 1.6301569056774130e+02 1.8265128913798222e+02 1.0835874132382250e+02 1.1630655714427397e+02 3.2198967671646891e+01 2.1203802447768869e+01 5.3874453677733541e+01 2.4598130750468164e+02 2.1020306629403373e+02 2.9218146219588920e+02 2.6722170077056376e+02 3.2172785805174453e+02 2.9312330719578455e+02 3.3572959187646381e+02 3.0204767528255729e+02 3.3880193148420329e+02 2.9745339017650628e+02 3.3196345504521611e+02 2.7764481866794193e+02 3.1237809654104240e+02 2.3378761257963120e+02 2.7022996208268290e+02 1.4645007224135423e+02 2.0858443345466304e+02 7.3175410529393560e+01 5.2571245650643768e+01 8.1727797244634957e+01 7.0549538417383076e+01 8.1517214572716426e+01 7.3996928697819399e+01 8.1733047357827090e+01 7.3802168145456250e+01 8.1209093687082898e+01 7.3692316259066359e+01 8.1451075807616064e+01 7.4451264197273304e+01 8.2168460402457868e+01 7.5529144836604317e+01 8.3338323852240109e+01 7.0012835114382270e+01 9.0372506038802413e+01 1.9198018031912053e+01 3.2371029558917801e+00 6.8063344892389157e+00 3.8164427626406393e+01 3.4212304963311894e+01 5.7396916007866253e+01 5.2384436536445499e+01 6.4228931447388362e+01 6.0062091020896467e+01 6.5886419824409870e+01 6.1909083371937307e+01 6.5663522312046283e+01 5.9619042845672936e+01 6.1980797322783175e+01 4.8630534441139254e+01 4.4771153134504758e+01 1.9198711584165718e+01 7.7380708883822136e+00 1.3071153525560453e+00 -1.8223503092631421e+00 7.0188947000559859e-02 1.0416860567047358e+01 1.2155611511027226e+01 3.0976984511052510e+01 2.9422390062293246e+01 4.5608279752607068e+01 4.1691183122546533e+01 5.1430531696870602e+01 4.5141359933723763e+01 4.8814133067621761e+01 3.8292264506442855e+01 3.5634705793156463e+01 2.1195020075019880e+01 1.4539253341853271e+01 5.7559599967990227e+00 7.8068581182073893e-01 3.3404315293951803e-01 -2.0519457241370662e-01 1.7202921466077623e-01 2.6487466078522148e+00 4.1034942427763283e+00 1.3308640882116407e+01 1.3159866015437235e+01 2.5403064373722014e+01 2.1902030225094745e+01 3.1351801186070613e+01 2.4071132254663727e+01 2.7453465923908322e+01 1.7834710480745930e+01 1.5986520960587773e+01 8.5400563873747970e+00 5.3771154671752672e+00 2.4773141550525342e+00 5.6666580990236137e-01 1.5972654827133789e-01 1.7247396757125438e-01 1.8741980002258157e-01 8.8416129734491000e-01 1.0049939864287434e+00 4.1670803383599422e+00 3.2674224339510443e+00 9.1589434402065120e+00 5.8477637748340427e+00 1.1755850468720910e+01 6.2585479857025987e+00 9.6994134926474818e+00 4.3479475047374798e+00 5.3206108914988404e+00 2.1416990326880856e+00 1.9421961525914049e+00 7.0545724522843134e-01 2.9724840557526289e-01 1.5564902958307900e-02 4.7198836238627771e-02 -1.1787890733567284e-01 -2.7449940038755960e-01 -1.0786856644857710e+00 -9.7752665411970718e-01 -2.6874018966121174e+00 -1.4278500952165543e+00 -4.0539139750850088e+00 -1.5879089816110414e+00 -4.4164806742990246e+00 -1.5075973521204946e+00 -3.5411901958744334e+00 -1.0090602097979999e+00 -1.9831783195507953e+00 -3.7778601641452420e-01 -6.6388855164093441e-01 -4.5224789435720239e-02 -1.0010484515880161e-01 -1.1640942365700574e-01 -4.5455548969826448e-01 -1.3955218491314747e+00 -2.5807495629956891e+00 -4.0484210919020471e+00 -5.8035836337347728e+00 -6.8757777811462146e+00 -8.5374178319861027e+00 -8.2133440844800187e+00 -9.1894383564101574e+00 -7.2833659766237915e+00 -7.4707131817446477e+00 -4.7598980267755406e+00 -4.4426416905626631e+00 -2.0595540574430484e+00 -1.6175677922647274e+00 -3.3566346266747310e-01 -1.5952522328416271e-01 -2.1538893705571588e-01 -6.6556984474229097e-01 -2.0977014800076677e+00 -3.3235500404867122e+00 -5.4610003665802598e+00 -6.8437371643241374e+00 -8.7440009501610376e+00 -9.5515952632506469e+00 -1.0279942664580457e+01 -1.0241888371759432e+01 -9.3495881614666736e+00 -8.6664714159449119e+00 -6.4893765084709409e+00 -5.5326184682883177e+00 -3.0393966830919821e+00 -2.1770953627553040e+00 -5.2622554158872381e-01 -1.7140211931586763e-01 -2.3458506800979459e-01 -8.0940576364159034e-01 -2.4482574802831394e+00 -3.6783263767654821e+00 -5.7440953979067526e+00 -6.5920659789133174e+00 -8.4567643236484820e+00 -8.5403719476051823e+00 -9.6915298315382934e+00 -9.0815588452615472e+00 -9.0848121437409777e+00 -8.0821583147430243e+00 -6.8093030599703042e+00 -5.7395912453245170e+00 -3.6074819442882520e+00 -2.7410805903252387e+00 -7.8677097434981880e-01 -3.7712030803786545e-01
</DataArray>
        <DataArray type="Float64" format="ascii" Name="PlasticStrain" NumberOfComponents="9">
0.0000000000000000e+00 0.0000000000000000e+00 0.0000000000000000e+00 0.0000000000000000e+00 0.0000000000000000e+00 0.0000000000000000e+00 0.0000000000000000e+00 0.0000000000000000e+00 0.0000000000000000e+00 0.0000000000000000e+00 0.0000000000000000e+00 0.0000000000000000e+00 0.0000000000000000e+00 0.0000000000000000e+00 0.0000000000000000e+00 0.0000000000000000e+00 0.0000000000000000e+00 0.0000000000000000e+00 0.0000000000000000e+00 0.0000000000000000e+00 0.0000000000000000e+00 0.0000000000000000e+00 0.0000000000000000e+00 0.0000000000000000e+00 0.0000000000000000e+00 0.0000000000000000e+00 0.0000000000000000e+00 0.0000000000000000e+00 0.0000000000000000e+00 0.0000000000000000e+00 0.0000000000000000e+00 0.0000000000000000e+00 0.0000000000000000e+00 0.0000000000000000e+00 0.0000000000000000e+00 0.0000000000000000e+00 0.0000000000000000e+00 0.0000000000000000e+00 0.0000000000000000e+00 0.0000000000000000e+00 0.0000000000000000e+00 0.0000000000000000e+00 0.0000000000000000e+00 0.0000000000000000e+00 0.0000000000000000e+00 0.0000000000000000e+00 0.0000000000000000e+00 0.0000000000000000e+00 0.0000000000000000e+00 0.0000000000000000e+00 0.0000000000000000e+00 0.0000000000000000e+00 0.0000000000000000e+00 0.0000000000000000e+00 0.0000000000000000e+00 0.0000000000000000e+00 0.0000000000000000e+00 0.0000000000000000e+00 0.0000000000000000e+00 0.0000000000000000e+00 0.0000000000000000e+00 0.0000000000000000e+00 0.0000000000000000e+00 0.0000000000000000e+00 0.0000000000000000e+00 0.0000000000000000e+00 0.0000000000000000e+00 0.0000000000000000e+00 0.0000000000000000e+00 0.0000000000000000e+00 0.0000000000000000e+00 0.0000000000000000e+00 0.0000000000000000e+00 0.0000000000000000e+00 0.0000000000000000e+00 0.0000000000000000e+00 0.0000000000000000e+00 0.0000000000000000e+00 0.0000000000000000e+00 0.0000000000000000e+00 0.0000000000000000e+00 0.0000000000000000e+00 0.0000000000000000e+00 0.0000000000000000e+00 0.0000000000000000e+00 0.0000000000000000e+00 0.0000000000000000e+00 0.0000000000000000e+00 0.0000000000000000e+00 0.0000000000000000e+00 0.0000000000000000e+00 0.0000000000000000e+00 0.0000000000000000e+00 0.0000000000000000e+00 0.0000000000000000e+00 0.0000000000000000e+00 0.0000000000000000e+00 0.0000000000000000e+00 0.0000000000000000e+00 0.0000000000000000e+00 0.0000000000000000e+00 0.0000000000000000e+00 0.0000000000000000e+00 0.0000000000000000e+00 0.0000000000000000e+00 0.0000000000000000e+00 0.0000000000000000e+00 0.0000000000000000e+00 0.0000000000000000e+00 0.0000000000000000e+00 0.0000000000000000e+00 0.0000000000000000e+00 0.0000000000000000e+00 0.0000000000000000e+00 0.0000000000000000e+00 0.0000000000000000e+00 0.0000000000000000e+00 0.0000000000000000e+00 0.0000000000000000e+00 0.0000000000000000e+00 0.0000000000000000e+00 0.0000000000000000e+00 0.0000000000000000e+00 0.0000000000000000e+00 0.0000000000000000e+00 0.0000000000000000e+00 0.0000000000000000e+00 0.0000000000000000e+00 0.0000000000000000e+00 0.0000000000000000e+00 0.0000000000000000e+00 0.0000000000000000e+00 0.0000000000000000e+00 0.0000000000000000e+00 0.0000000000000000e+00 0.0000000000000000e+00 0.0000000000000000e+00 0.0000000000000000e+00 0.0000000000000000e+00 0.0000000000000000e+00 0.0000000000000000e+00 0.0000000000000000e+00 0.0000000000000000e+00 0.0000000000000000e+00 0.0000000000000000e+00 0.0000000000000000e+00 0.0000000000000000e+00 0.0000000000000000e+00 0.0000000000000000e+00 0.0000000000000000e+00 0.0000000000000000e+00 0.0000000000000000e+00 0.0000000000000000e+00 0.0000000000000000e+00 0.0000000000000000e+00 0.0000000000000000e+00 0.0000000000000000e+00 0.0000000000000000e+00 0.0000000000000000e+00 0.0000000000000000e+00 0.0000000000000000e+00 0.0000000000000000e+00 0.0000000000000000e+00 0.0000000000000000e+00 0.0000000000000000e+00 0.0000000000000000e+00 0.0000000000000000e+00 0.0000000000000000e+00 0.0000000000000000e+00 0.0000000000000000e+00 0.0000000000000000e+00 0.0000000000000000e+00 0.0000000000000000e+00 0.0000000000000000e+00 0.0000000000000000e+00 0.0000000000000000e+00 0.0000000000000000e+00 0.0000000000000000e+00 0.0000000000000000e+00 0.0000000000000000e+00 0.0000000000000000e+00 0.0000000000000000e+00 0.0000000000000000e+00 0.0000000000000000e+00 0.0000000000000000e+00 0.0000000000000000e+00 0.0000000000000000e+00 0.0000000000000000e+00 0.0000000000000000e+00 0.0000000000000000e+00 0.0000000000000000e+00 0.0000000000000000e+00 0.0000000000000000e+00 0.0000000000000000e+00 0.0000000000000000e+00 0.0000000000000000e+00 0.0000000000000000e+00 0.0000000000000000e+00 0.0000000000000000e+00 0.0000000000000000e+00 0.0000000000000000e+00 0.0000000000000000e+00 0.0000000000000000e+00 0.0000000000000000e+00 0.0000000000000000e+00 0.0000000000000000e+00 0.0000000000000000e+00 0.0000000000000000e+00 0.0000000000000000e+00 0.0000000000000000e+00 0.0000000000000000e+00 0.0000000000000000e+00 0.0000000000000000e+00 0.0000000000000000e+00 0.0000000000000000e+00 0.0000000000000000e+00 0.0000000000000000e+00 0.0000000000000000e+00 0.0000000000000000e+00 0.0000000000000000e+00 0.0000000000000000e+00 0.0000000000000000e+00 0.0000000000000000e+00 0.0000000000000000e+00 0.0000000000000000e+00 0.0000000000000000e+00 0.0000000000000000e+00 0.0000000000000000e+00 0.0000000000000000e+00 0.0000000000000000e+00 0.0000000000000000e+00 0.0000000000000000e+00 0.0000000000000000e+00 0.0000000000000000e+00 0.0000000000000000e+00 0.0000000000000000e+00 0.0000000000000000e+00 0.0000000000000000e+00 0.0000000000000000e+00 0.0000000000000000e+00 0.0000000000000000e+00 0.0000000000000000e+00 0.0000000000000000e+00 0.0000000000000000e+00 0.0000000000000000e+00 0.0000000000000000e+00 0.0000000000000000e+00 0.0000000000000000e+00 0.0000000000000000e+00 0.0000000000000000e+00 0.0000000000000000e+00 0.0000000000000000e+00 0.0000000000000000e+00 0.0000000000000000e+00 0.0000000000000000e+00 0.0000000000000000e+00 0.0000000000000000e+00 0.0000000000000000e+00 0.0000000000000000e+00 0.0000000000000000e+00 0.0000000000000000e+00 0.0000000000000000e+00 0.0000000000000000e+00 0.0000000000000000e+00 0.0000000000000000e+00 0.0000000000000000e+00 0.0000000000000000e+00 0.0000000000000000e+00 0.0000000000000000e+00 0.0000000000000000e+00 0.0000000000000000e+00 0.0000000000000000e+00 0.0000000000000000e+00 0.0000000000000000e+00 0.0000000000000000e+00 0.0000000000000000e+00 0.0000000000000000e+00 0.0000000000000000e+00 0.0000000000000000e+00 0.0000000000000000e+00 0.0000000000000000e+00 0.0000000000000000e+00 0.0000000000000000e+00 0.0000000000000000e+00 0.0000000000000000e+00 0.0000000000000000e+00 0.0000000000000000e+00 0.0000000000000000e+00 0.0000000000000000e+00 0.0000000000000000e+00 0.0000000000000000e+00 0.0000000000000000e+00 0.0000000000000000e+00 0.0000000000000000e+00 0.0000000000000000e+00 0.0000000000000000e+00 0.0000000000000000e+00 0.0000000000000000e+00 0.0000000000000000e+00 0.0000000000000000e+00 0.0000000000000000e+00 0.0000000000000000e+00 0.0000000000000000e+00 0.0000000000000000e+00 0.0000000000000000e+00 0.0000000000000000e+00 0.0000000000000000e+00 0.0000000000000000e+00 0.0000000000000000e+00 0.0000000000000000e+00 0.0000000000000000e+00 0.0000000000000000e+00 0.0000000000000000e+00 0.0000000000000000e+00 0.0000000000000000e+00 0.0000000000000000e+00 0.0000000000000000e+00 0.0000000000000000e+00 0.0000000000000000e+00 0.0000000000000000e+00 0.0000000000000000e+00 0.0000000000000000e+00 0.0000000000000000e+00 0.0000000000000000e+00 0.0000000000000000e+00 0.0000000000000000e+00 0.0000000000000000e+00 0.0000000000000000e+00 0.0000000000000000e+00 0.0000000000000000e+00 0.0000000000000000e+00 0.0000000000000000e+00 0.0000000000000000e+00 0.0000000000000000e+00 0.0000000000000000e+00 0.0000000000000000e+00 0.0000000000000000e+00 0.0000000000000000e+00 0.0000000000000000e+00 0.0000000000000000e+00 0.0000000000000000e+00 0.0000000000000000e+00 0.0000000000000000e+00 0.0000000000000000e+00 0.0000000000000000e+00 0.0000000000000000e+00 0.0000000000000000e+00 0.0000000000000000e+00 0.0000000000000000e+00 0.0000000000000000e+00 0.0000000000000000e+00 0.0000000000000000e+00 0.0000000000000000e+00 0.0000000000000000e+00 0.0000000000000000e+00 0.0000000000000000e+00 0.0000000000000000e+00 0.0000000000000000e+00 0.0000000000000000e+00 0.0000000000000000e+00 0.0000000000000000e+00 0.0000000000000000e+00 0.0000000000000000e+00 0.0000000000000000e+00 0.0000000000000000e+00 0.0000000000000000e+00 0.0000000000000000e+00 0.0000000000000000e+00 0.0000000000000000e+00 0.0000000000000000e+00 0.0000000000000000e+00 0.0000000000000000e+00 0.0000000000000000e+00 0.0000000000000000e+00 0.0000000000000000e+00 0.0000000000000000e+00 0.0000000000000000e+00 0.0000000000000000e+00 0.0000000000000000e+00 0.0000000000000000e+00 0.0000000000000000e+00 0.0000000000000000e+00 0.0000000000000000e+00 0.0000000000000000e+00 0.0000000000000000e+00 0.0000000000000000e+00 0.0000000000000000e+00 0.0000000000000000e+00 0.0000000000000000e+00 0.0000000000000000e+00 0.0000000000000000e+00 0.0000000000000000e+00 0.0000000000000000e+00 0.0000000000000000e+00 0.0000000000000000e+00 0.0000000000000000e+00 0.0000000000000000e+00 0.0000000000000000e+00 0.0000000000000000e+00 0.0000000000000000e+00 0.0000000000000000e+00 0.0000000000000000e+00 0.0000000000000000e+00 0.0000000000000000e+00 0.0000000000000000e+00 0.0000000000000000e+00 0.0000000000000000e+00 0.0000000000000000e+00 0.0000000000000000e+00 0.0000000000000000e+00 0.0000000000000000e+00 0.0000000000000000e+00 0.0000000000000000e+00 0.0000000000000000e+00 0.0000000000000000e+00 0.0000000000000000e+00 0.0000000000000000e+00 0.0000000000000000e+00 0.0000000000000000e+00 0.0000000000000000e+00 0.0000000000000000e+00 0.0000000000000000e+00 0.0000000000000000e+00 0.0000000000000000e+00 0.0000000000000000e+00 0.0000000000000000e+00 0.0000000000000000e+00 0.0000000000000000e+00 0.0000000000000000e+00 0.0000000000000000e+00 0.0000000000000000e+00 0.0000000000000000e+00 0.0000000000000000e+00 0.0000000000000000e+00 0.0000000000000000e+00 0.0000000000000000e+00 0.0000000000000000e+00 0.0000000000000000e+00 0.0000000000000000e+00 0.0000000000000000e+00 0.0000000000000000e+00 0.0000000000000000e+00 0.0000000000000000e+00 0.0000000000000000e+00 0.0000000000000000e+00 0.0000000000000000e+00 0.0000000000000000e+00 0.0000000000000000e+00 0.0000000000000000e+00 0.0000000000000000e+00 0.0000000000000000e+00 0.0000000000000000e+00 0.0000000000000000e+00 0.0000000000000000e+00 0.0000000000000000e+00 0.0000000000000000e+00 0.0000000000000000e+00 0.0000000000000000e+00 0.0000000000000000e+00 0.0000000000000000e+00 0.0000000000000000e+00 0.0000000000000000e+00 0.0000000000000000e+00 0.0000000000000000e+00 0.0000000000000000e+00 0.0000000000000000e+00 0.0000000000000000e+00 0.0000000000000000e+00 0.0000000000000000e+00 0.0000000000000000e+00 0.0000000000000000e+00 0.0000000000000000e+00 0.0000000000000000e+00 0.0000000000000000e+00 0.0000000000000000e+00 0.0000000000000000e+00 0.0000000000000000e+00 0.0000000000000000e+00 0.0000000000000000e+00 0.0000000000000000e+00 0.0000000000000000e+00 0.0000000000000000e+00 0.0000000000000000e+00 0.0000000000000000e+00 0.0000000000000000e+00 0.0000000000000000e+00 0.0000000000000000e+00 0.0000000000000000e+00 0.0000000000000000e+00 0.0000000000000000e+00 0.0000000000000000e+00 0.0000000000000000e+00 0.0000000000000000e+00 0.0000000000000000e+00 0.0000000000000000e+00 0.0000000000000000e+00 0.0000000000000000e+00 0.0000000000000000e+00 0.0000000000000000e+00 0.0000000000000000e+00 0.0000000000000000e+00 0.0000000000000000e+00 0.0000000000000000e+00 0.0000000000000000e+00 0.0000000000000000e+00 0.0000000000000000e+00 0.0000000000000000e+00 0.0000000000000000e+00 0.0000000000000000e+00 0.0000000000000000e+00 0.0000000000000000e+00 0.0000000000000000e+00 0.0000000000000000e+00 0.0000000000000000e+00 0.0000000000000000e+00 0.0000000000000000e+00 0.0000000000000000e+00 0.0000000000000000e+00 0.0000000000000000e+00 0.0000000000000000e+00 0.0000000000000000e+00 0.0000000000000000e+00 0.0000000000000000e+00 0.0000000000000000e+00 0.0000000000000000e+00 0.0000000000000000e+00 0.0000000000000000e+00 0.0000000000000000e+00 0.0000000000000000e+00 0.0000000000000000e+00 0.0000000000000000e+00 0.0000000000000000e+00 0.0000000000000000e+00 0.0000000000000000e+00 0.0000000000000000e+00 0.0000000000000000e+00 0.0000000000000000e+00 0.0000000000000000e+00 0.0000000000000000e+00 0.0000000000000000e+00 0.0000000000000000e+00 0.0000000000000000e+00 0.0000000000000000e+00 0.0000000000000000e+00 0.0000000000000000e+00 0.0000000000000000e+00 0.0000000000000000e+00 0.0000000000000000e+00 0.0000000000000000e+00 0.0000000000000000e+00 0.0000000000000000e+00 0.0000000000000000e+00 0.0000000000000000e+00 0.0000000000000000e+00 0.0000000000000000e+00 0.0000000000000000e+00 0.0000000000000000e+00 0.0000000000000000e+00 0.0000000000000000e+00 0.0000000000000000e+00 0.0000000000000000e+00 0.0000000000000000e+00 0.0000000000000000e+00 0.0000000000000000e+00 0.0000000000000000e+00 0.0000000000000000e+00 0.0000000000000000e+00 0.0000000000000000e+00 0.0000000000000000e+00 0.0000000000000000e+00 0.0000000000000000e+00 0.0000000000000000e+00 0.0000000000000000e+00 0.0000000000000000e+00 0.0000000000000000e+00 0.0000000000000000e+00 0.0000000000000000e+00 0.0000000000000000e+00 0.0000000000000000e+00 0.0000000000000000e+00 0.0000000000000000e+00 0.0000000000000000e+00 0.0000000000000000e+00 0.0000000000000000e+00 0.0000000000000000e+00 0.0000000000000000e+00 0.0000000000000000e+00 0.0000000000000000e+00 0.0000000000000000e+00 0.0000000000000000e+00 0.0000000000000000e+00 0.0000000000000000e+00 0.0000000000000000e+00 0.0000000000000000e+00 0.0000000000000000e+00 0.0000000000000000e+00 0.0000000000000000e+00 0.0000000000000000e+00 0.0000000000000000e+00 0.0000000000000000e+00 0.0000000000000000e+00 0.0000000000000000e+00 0.0000000000000000e+00 0.0000000000000000e+00 0.0000000000000000e+00 0.0000000000000000e+00 0.0000000000000000e+00 0.0000000000000000e+00 0.0000000000000000e+00 0.0000000000000000e+00 0.0000000000000000e+00 0.0000000000000000e+00 0.0000000000000000e+00 0.0000000000000000e+00 0.0000000000000000e+00 0.0000000000000000e+00 0.0000000000000000e+00 0.0000000000000000e+00 0.0000000000000000e+00 0.0000000000000000e+00 0.0000000000000000e+00 0.0000000000000000e+00 0.0000000000000000e+00 0.0000000000000000e+00 0.0000000000000000e+00 0.0000000000000000e+00 0.0000000000000000e+00 0.0000000000000000e+00 0.0000000000000000e+00 0.0000000000000000e+00 0.0000000000000000e+00 0.0000000000000000e+00 0.0000000000000000e+00 0.0000000000000000e+00 0.0000000000000000e+00 0.0000000000000000e+00 0.0000000000000000e+00 0.0000000000000000e+00 0.0000000000000000e+00 0.0000000000000000e+00 0.0000000000000000e+00 0.0000000000000000e+00 0.0000000000000000e+00 0.0000000000000000e+00 0.0000000000000000e+00 0.0000000000000000e+00 0.0000000000000000e+00 0.0000000000000000e+00 0.0000000000000000e+00 0.0000000000000000e+00 0.0000000000000000e+00 0.0000000000000000e+00 0.0000000000000000e+00 0.0000000000000000e+00 0.0000000000000000e+00 0.0000000000000000e+00 0.0000000000000000e+00 0.0000000000000000e+00 0.0000000000000000e+00 0.0000000000000000e+00 0.0000000000000000e+00 0.0000000000000000e+00 0.0000000000000000e+00 0.0000000000000000e+00 0.0000000000000000e+00 0.0000000000000000e+00 0.0000000000000000e+00 0.0000000000000000e+00 0.0000000000000000e+00 0.0000000000000000e+00 0.0000000000000000e+00 0.0000000000000000e+00 0.0000000000000000e+00 0.0000000000000000e+00 0.0000000000000000e+00 0.0000000000000000e+00 0.0000000000000000e+00 0.0000000000000000e+00 0.0000000000000000e+00 0.0000000000000000e+00 0.0000000000000000e+00 0.0000000000000000e+00 0.0000000000000000e+00 0.0000000000000000e+00 0.0000000000000000e+00 0.0000000000000000e+00 0.0000000000000000e+00 0.0000000000000000e+00 0.0000000000000000e+00 0.0000000000000000e+00 0.0000000000000000e+00 0.0000000000000000e+00 0.0000000000000000e+00 0.0000000000000000e+00 0.0000000000000000e+00 0.0000000000000000e+00 0.0000000000000000e+00 0.0000000000000000e+00 0.0000000000000000e+00 0.0000000000000000e+00 0.0000000000000000e+00 0.0000000000000000e+00 0.0000000000000000e+00 0.0000000000000000e+00 0.0000000000000000e+00 0.0000000000000000e+00 0.0000000000000000e+00 0.0000000000000000e+00 0.0000000000000000e+00 0.0000000000000000e+00 0.0000000000000000e+00 0.0000000000000000e+00 0.0000000000000000e+00 0.0000000000000000e+00 0.0000000000000000e+00 0.0000000000000000e+00 0.0000000000000000e+00 0.0000000000000000e+00 0.0000000000000000e+00 0.0000000000000000e+00 0.0000000000000000e+00 0.0000000000000000e+00 0.0000000000000000e+00 0.0000000000000000e+00 0.0000000000000000e+00 0.0000000000000000e+00 0.0000000000000000e+00 0.0000000000000000e+00 0.0000000000000000e+00 0.0000000000000000e+00 0.0000000000000000e+00 0.0000000000000000e+00 0.0000000000000000e+00 0.0000000000000000e+00 0.0000000000000000e+00 0.0000000000000000e+00 0.0000000000000000e+00 0.0000000000000000e+00 0.0000000000000000e+00 0.0000000000000000e+00 0.0000000000000000e+00 0.0000000000000000e+00 0.0000000000000000e+00 0.0000000000000000e+00 0.0000000000000000e+00 0.0000000000000000e+00 0.0000000000000000e+00 0.0000000000000000e+00 0.0000000000000000e+00 0.0000000000000000e+00 0.0000000000000000e+00 0.0000000000000000e+00 0.0000000000000000e+00 0.0000000000000000e+00 0.0000000000000000e+00 0.0000000000000000e+00 0.0000000000000000e+00 0.0000000000000000e+00 0.0000000000000000e+00 0.0000000000000000e+00 0.0000000000000000e+00 0.0000000000000000e+00 0.0000000000000000e+00 0.0000000000000000e+00 0.0000000000000000e+00 0.0000000000000000e+00 0.0000000000000000e+00 0.0000000000000000e+00 0.0000000000000000e+00 0.0000000000000000e+00 0.0000000000000000e+00 0.0000000000000000e+00 0.0000000000000000e+00 0.0000000000000000e+00 0.0000000000000000e+00 0.0000000000000000e+00 0.0000000000000000e+00 0.0000000000000000e+00 0.0000000000000000e+00 0.0000000000000000e+00 0.0000000000000000e+00 0.0000000000000000e+00 0.0000000000000000e+00 0.0000000000000000e+00 0.0000000000000000e+00 0.0000000000000000e+00 0.0000000000000000e+00 0.0000000000000000e+00 0.0000000000000000e+00 0.0000000000000000e+00 0.0000000000000000e+00 0.0000000000000000e+00 0.0000000000000000e+00 0.0000000000000000e+00 0.0000000000000000e+00 0.0000000000000000e+00 0.0000000000000000e+00 0.0000000000000000e+00 0.0000000000000000e+00 0.0000000000000000e+00 0.0000000000000000e+00 0.0000000000000000e+00 0.0000000000000000e+00 0.0000000000000000e+00 0.0000000000000000e+00 0.0000000000000000e+00 0.0000000000000000e+00 0.0000000000000000e+00 0.0000000000000000e+00 0.0000000000000000e+00 0.0000000000000000e+00 0.0000000000000000e+00 0.0000000000000000e+00 0.0000000000000000e+00 0.0000000000000000e+00 0.0000000000000000e+00 0.0000000000000000e+00 0.0000000000000000e+00 0.0000000000000000e+00 0.0000000000000000e+00 0.0000000000000000e+00 0.0000000000000000e+00 0.0000000000000000e+00 0.0000000000000000e+00 0.0000000000000000e+00 0.0000000000000000e+00 0.0000000000000000e+00 0.0000000000000000e+00 0.0000000000000000e+00 0.0000000000000000e+00 0.0000000000000000e+00 0.0000000000000000e+00 0.0000000000000000e+00 0.0000000000000000e+00 0.0000000000000000e+00 0.0000000000000000e+00 0.0000000000000000e+00 0.0000000000000000e+00 0.0000000000000000e+00 0.0000000000000000e+00 0.0000000000000000e+00 0.0000000000000000e+00 0.0000000000000000e+00 0.0000000000000000e+00 0.0000000000000000e+00 0.0000000000000000e+00 0.0000000000000000e+00 0.0000000000000000e+00 0.0000000000000000e+00 0.0000000000000000e+00 0.0000000000000000e+00 0.0000000000000000e+00 0.0000000000000000e+00 0.0000000000000000e+00 0.0000000000000000e+00 0.0000000000000000e+00 0.0000000000000000e+00 0.0000000000000000e+00 0.0000000000000000e+00 0.0000000000000000e+00 0.0000000000000000e+00 0.0000000000000000e+00 0.0000000000000000e+00 0.0000000000000000e+00 0.0000000000000000e+00 0.0000000000000000e+00 0.0000000000000000e+00 0.0000000000000000e+00 0.0000000000000000e+00 0.0000000000000000e+00 0.0000000000000000e+00 0.0000000000000000e+00 0.0000000000000000e+00 0.0000000000000000e+00 0.0000000000000000e+00 0.0000000000000000e+00 0.0000000000000000e+00 0.0000000000000000e+00 0.0000000000000000e+00 0.0000000000000000e+00 0.0000000000000000e+00 0.0000000000000000e+00 0.0000000000000000e+00 0.0000000000000000e+00 0.0000000000000000e+00 0.0000000000000000e+00 0.0000000000000000e+00 0.0000000000000000e+00 0.0000000000000000e+00 0.0000000000000000e+00 0.0000000000000000e+00 0.0000000000000000e+00 0.0000000000000000e+00 0.0000000000000000e+00 0.0000000000000000e+00 0.0000000000000000e+00 0.0000000000000000e+00 0.0000000000000000e+00 0.0000000000000000e+00 0.0000000000000000e+00 0.0000000000000000e+00 0.0000000000000000e+00 0.0000000000000000e+00 0.0000000000000000e+00 0.0000000000000000e+00 0.0000000000000000e+00 0.0000000000000000e+00 0.0000000000000000e+00 0.0000000000000000e+00 0.0000000000000000e+00 0.0000000000000000e+00 0.0000000000000000e+00 0.0000000000000000e+00 0.0000000000000000e+00 0.0000000000000000e+00 0.0000000000000000e+00 0.0000000000000000e+00 0.0000000000000000e+00 0.0000000000000000e+00 0.0000000000000000e+00 0.0000000000000000e+00 0.0000000000000000e+00 0.0000000000000000e+00 0.0000000000000000e+00 0.0000000000000000e+00 0.0000000000000000e+00 0.0000000000000000e+00 0.0000000000000000e+00 0.0000000000000000e+00 0.0000000000000000e+00 0.0000000000000000e+00 0.0000000000000000e+00 0.0000000000000000e+00 0.0000000000000000e+00 0.0000000000000000e+00 0.0000000000000000e+00 0.0000000000000000e+00 0.0000000000000000e+00 0.0000000000000000e+00 0.0000000000000000e+00 0.0000000000000000e+00 0.0000000000000000e+00 0.0000000000000000e+00 0.0000000000000000e+00 0.0000000000000000e+00 0.0000000000000000e+00 0.0000000000000000e+00 0.0000000000000000e+00 0.0000000000000000e+00 0.0000000000000000e+00 0.0000000000000000e+00 0.0000000000000000e+00 0.0000000000000000e+00 0.0000000000000000e+00 0.0000000000000000e+00 0.0000000000000000e+00 0.0000000000000000e+00 0.0000000000000000e+00 0.0000000000000000e+00 0.0000000000000000e+00 0.0000000000000000e+00 0.0000000000000000e+00 0.0000000000000000e+00 0.0000000000000000e+00 0.0000000000000000e+00 0.0000000000000000e+00 0.0000000000000000e+00 0.0000000000000000e+00 0.0000000000000000e+00 0.0000000000000000e+00 0.0000000000000000e+00 0.0000000000000000e+00 0.0000000000000000e+00 0.0000000000000000e+00 0.0000000000000000e+00 0.0000000000000000e+00 0.0000000000000000e+00 0.0000000000000000e+00 0.0000000000000000e+00 0.0000000000000000e+00 0.0000000000000000e+00 0.0000000000000000e+00 0.0000000000000000e+00 0.0000000000000000e+00 0.0000000000000000e+00 0.0000000000000000e+00 0.0000000000000000e+00 0.0000000000000000e+00 0.0000000000000000e+00 0.0000000000000000e+00 0.0000000000000000e+00 0.0000000000000000e+00 0.0000000000000000e+00 0.0000000000000000e+00 0.0000000000000000e+00 0.0000000000000000e+00 0.0000000000000000e+00 0.0000000000000000e+00 0.0000000000000000e+00 0.0000000000000000e+00 0.0000000000000000e+00 0.0000000000000000e+00 0.0000000000000000e+00 0.0000000000000000e+00 0.0000000000000000e+00 0.0000000000000000e+00 0.0000000000000000e+00 0.0000000000000000e+00 0.0000000000000000e+00 0.0000000000000000e+00 0.0000000000000000e+00 0.0000000000000000e+00 0.0000000000000000e+00 0.0000000000000000e+00 0.0000000000000000e+00 0.0000000000000000e+00 0.0000000000000000e+00 0.0000000000000000e+00 0.0000000000000000e+00 0.0000000000000000e+00 0.0000000000000000e+00 0.0000000000000000e+00 0.0000000000000000e+00 0.0000000000000000e+00 0.0000000000000000e+00 0.0000000000000000e+00 0.0000000000000000e+00 0.0000000000000000e+00 0.0000000000000000e+00 0.0000000000000000e+00 0.0000000000000000e+00 0.0000000000000000e+00 0.0000000000000000e+00 0.0000000000000000e+00 0.0000000000000000e+00 0.0000000000000000e+00 0.0000000000000000e+00 0.0000000000000000e+00 0.0000000000000000e+00 0.0000000000000000e+00 0.0000000000000000e+00 0.0000000000000000e+00 0.0000000000000000e+00 0.0000000000000000e+00 0.0000000000000000e+00 0.0000000000000000e+00 0.0000000000000000e+00 0.0000000000000000e+00 0.0000000000000000e+00 0.0000000000000000e+00 0.0000000000000000e+00 0.0000000000000000e+00 0.0000000000000000e+00 0.0000000000000000e+00 0.0000000000000000e+00 0.0000000000000000e+00 0.0000000000000000e+00 0.0000000000000000e+00 0.0000000000000000e+00 0.0000000000000000e+00 0.0000000000000000e+00 0.0000000000000000e+00 0.0000000000000000e+00 0.0000000000000000e+00 0.0000000000000000e+00 0.0000000000000000e+00 0.0000000000000000e+00 0.0000000000000000e+00 0.0000000000000000e+00 0.0000000000000000e+00 0.0000000000000000e+00 0.0000000000000000e+00 0.0000000000000000e+00 0.0000000000000000e+00 0.0000000000000000e+00 0.0000000000000000e+00 0.0000000000000000e+00 0.0000000000000000e+00 0.0000000000000000e+00 0.0000000000000000e+00 0.0000000000000000e+00 0.0000000000000000e+00 0.0000000000000000e+00 0.0000000000000000e+00 0.0000000000000000e+00 0.0000000000000000e+00 0.0000000000000000e+00 0.0000000000000000e+00 0.0000000000000000e+00 0.0000000000000000e+00 0.0000000000000000e+00 0.0000000000000000e+00 0.0000000000000000e+00 0.0000000000000000e+00 0.0000000000000000e+00 0.0000000000000000e+00 0.0000000000000000e+00 0.0000000000000000e+00 0.0000000000000000e+00 0.0000000000000000e+00 0.0000000000000000e+00 0.0000000000000000e+00 0.0000000000000000e+00 0.0000000000000000e+00 0.0000000000000000e+00 0.0000000000000000e+00 0.0000000000000000e+00 0.0000000000000000e+00 0.0000000000000000e+00 0.0000000000000000e+00 0.0000000000000000e+00 0.0000000000000000e+00 0.0000000000000000e+00 0.0000000000000000e+00 0.0000000000000000e+00 0.0000000000000000e+00 0.0000000000000000e+00 0.0000000000000000e+00 0.0000000000000000e+00 0.0000000000000000e+00 0.0000000000000000e+00 0.0000000000000000e+00 0.0000000000000000e+00 0.0000000000000000e+00 0.0000000000000000e+00 0.0000000000000000e+00 0.0000000000000000e+00 0.0000000000000000e+00 0.0000000000000000e+00 0.0000000000000000e+00 0.0000000000000000e+00 0.0000000000000000e+00 0.0000000000000000e+00 0.0000000000000000e+00 0.0000000000000000e+00 0.0000000000000000e+00 0.0000000000000000e+00 0.0000000000000000e+00 0.0000000000000000e+00 0.0000000000000000e+00 0.0000000000000000e+00 0.0000000000000000e+00 0.0000000000000000e+00 0.0000000000000000e+00 0.0000000000000000e+00 0.0000000000000000e+00 0.0000000000000000e+00 0.0000000000000000e+00 0.0000000000000000e+00 0.0000000000000000e+00 0.0000000000000000e+00 0.0000000000000000e+00 0.0000000000000000e+00 0.0000000000000000e+00 0.0000000000000000e+00 0.0000000000000000e+00 0.0000000000000000e+00 0.0000000000000000e+00 0.0000000000000000e+00 0.0000000000000000e+00 0.0000000000000000e+00 0.0000000000000000e+00 0.0000000000000000e+00 0.0000000000000000e+00 0.0000000000000000e+00 0.0000000000000000e+00 0.0000000000000000e+00 0.0000000000000000e+00 0.0000000000000000e+00 0.0000000000000000e+00 0.0000000000000000e+00 0.0000000000000000e+00 0.0000000000000000e+00 0.0000000000000000e+00 0.0000000000000000e+00 0.0000000000000000e+00 0.0000000000000000e+00 0.0000000000000000e+00 0.0000000000000000e+00 0.0000000000000000e+00 0.0000000000000000e+00 0.0000000000000000e+00 0.0000000000000000e+00 0.0000000000000000e+00 0.0000000000000000e+00 0.0000000000000000e+00 0.0000000000000000e+00 0.0000000000000000e+00 0.0000000000000000e+00 0.0000000000000000e+00 0.0000000000000000e+00 0.0000000000000000e+00 0.0000000000000000e+00 0.0000000000000000e+00 0.0000000000000000e+00 0.0000000000000000e+00 0.0000000000000000e+00 0.0000000000000000e+00 0.0000000000000000e+00 0.0000000000000000e+00 0.0000000000000000e+00 0.0000000000000000e+00 0.0000000000000000e+00 0.0000000000000000e+00 0.0000000000000000e+00 0.0000000000000000e+00 0.0000000000000000e+00 0.0000000000000000e+00 0.0000000000000000e+00 0.0000000000000000e+00 0.0000000000000000e+00 0.0000000000000000e+00 0.0000000000000000e+00 0.0000000000000000e+00 0.0000000000000000e+00 0.0000000000000000e+00 0.0000000000000000e+00 0.0000000000000000e+00 0.0000000000000000e+00 0.0000000000000000e+00 0.0000000000000000e+00 0.0000000000000000e+00 0.0000000000000000e+00 0.0000000000000000e+00 0.0000000000000000e+00 0.0000000000000000e+00 0.0000000000000000e+00 0.0000000000000000e+00 0.0000000000000000e+00 0.0000000000000000e+00 0.0000000000000000e+00 0.0000000000000000e+00 0.0000000000000000e+00 0.0000000000000000e+00 0.0000000000000000e+00 0.0000000000000000e+00 0.0000000000000000e+00 0.0000000000000000e+00 0.0000000000000000e+00 0.0000000000000000e+00 0.0000000000000000e+00 0.0000000000000000e+00 0.0000000000000000e+00 0.0000000000000000e+00 0.0000000000000000e+00 0.0000000000000000e+00 0.0000000000000000e+00 0.0000000000000000e+00 0.0000000000000000e+00 0.0000000000000000e+00 0.0000000000000000e+00 0.0000000000000000e+00 0.0000000000000000e+00 0.0000000000000000e+00 0.0000000000000000e+00 0.0000000000000000e+00 0.0000000000000000e+00 0.0000000000000000e+00 0.0000000000000000e+00 0.0000000000000000e+00 0.0000000000000000e+00 0.0000000000000000e+00 0.0000000000000000e+00 0.0000000000000000e+00 0.0000000000000000e+00 0.0000000000000000e+00 0.0000000000000000e+00 0.0000000000000000e+00 0.0000000000000000e+00 0.0000000000000000e+00 0.0000000000000000e+00 0.0000000000000000e+00 0.0000000000000000e+00 0.0000000000000000e+00 0.0000000000000000e+00 0.0000000000000000e+00 0.0000000000000000e+00 0.0000000000000000e+00 0.0000000000000000e+00 0.0000000000000000e+00 0.0000000000000000e+00 0.0000000000000000e+00 0.0000000000000000e+00 0.0000000000000000e+00 0.0000000000000000e+00 0.0000000000000000e+00 0.0000000000000000e+00 0.0000000000000000e+00 0.0000000000000000e+00 0.0000000000000000e+00 0.0000000000000000e+00 0.0000000000000000e+00 0.0000000000000000e+00 0.0000000000000000e+00 0.0000000000000000e+00 0.0000000000000000e+00 -2.3695978697723400e-04 1.0961965606032026e-04 0.0000000000000000e+00 1.0961965606032026e-04 3.2665674171020919e-04 0.0000000000000000e+00 0.0000000000000000e+00 0.0000000000000000e+00 -8.9696954732975054e-05 0.0000000000000000e+00 0.0000000000000000e+00 0.0000000000000000e+00 0.0000000000000000e+00 0.0000000000000000e+00 0.0000000000000000e+00 0.0000000000000000e+00 0.0000000000000000e+00 0.0000000000000000e+00 0.0000000000000000e+00 0.0000000000000000e+00 0.0000000000000000e+00 0.0000000000000000e+00 0.0000000000000000e+00 0.0000000000000000e+00 0.0000000000000000e+00 0.0000000000000000e+00 0.0000000000000000e+00 0.0000000000000000e+00 0.0000000000000000e+00 0.0000000000000000e+00 0.0000000000000000e+00 0.0000000000000000e+00 0.0000000000000000e+00 0.0000000000000000e+00 0.0000000000000000e+00 0.0000000000000000e+00 0.0000000000000000e+00 0.0000000000000000e+00 0.0000000000000000e+00 0.0000000000000000e+00 0.0000000000000000e+00 0.0000000000000000e+00 0.0000000000000000e+00 0.0000000000000000e+00 0.0000000000000000e+00 0.0000000000000000e+00 0.0000000000000000e+00 0.0000000000000000e+00 0.0000000000000000e+00 0.0000000000000000e+00 0.0000000000000000e+00 0.0000000000000000e+00 0.0000000000000000e+00 0.0000000000000000e+00 0.0000000000000000e+00 0.0000000000000000e+00 0.0000000000000000e+00 0.0000000000000000e+00 0.0000000000000000e+00 0.0000000000000000e+00 0.0000000000000000e+00 0.0000000000000000e+00 0.0000000000000000e+00 0.0000000000000000e+00 0.0000000000000000e+00 0.0000000000000000e+00 0.0000000000000000e+00 0.0000000000000000e+00 0.0000000000000000e+00 0.0000000000000000e+00 0.0000000000000000e+00 0.0000000000000000e+00 0.0000000000000000e+00 0.0000000000000000e+00 0.0000000000000000e+00 0.0000000000000000e+00 0.0000000000000000e+00 0.0000000000000000e+00 0.0000000000000000e+00 0.0000000000000000e+00 0.0000000000000000e+00 0.0000000000000000e+00 0.0000000000000000e+00 0.0000000000000000e+00 0.0000000000000000e+00 0.0000000000000000e+00 0.0000000000000000e+00 0.0000000000000000e+00 0.0000000000000000e+00 0.0000000000000000e+00 0.0000000000000000e+00 0.0000000000000000e+00 0.0000000000000000e+00 0.0000000000000000e+00 0.0000000000000000e+00 0.0000000000000000e+00 0.0000000000000000e+00 0.0000000000000000e+00 0.0000000000000000e+00 0.0000000000000000e+00 0.0000000000000000e+00 0.0000000000000000e+00 0.0000000000000000e+00 0.0000000000000000e+00 0.0000000000000000e+00 0.0000000000000000e+00 0.0000000000000000e+00 0.0000000000000000e+00 0.0000000000000000e+00 0.0000000000000000e+00 0.0000000000000000e+00 0.0000000000000000e+00 0.0000000000000000e+00 0.0000000000000000e+00 0.0000000000000000e+00 0.0000000000000000e+00 0.0000000000000000e+00 0.0000000000000000e+00 0.0000000000000000e+00 0.0000000000000000e+00 0.0000000000000000e+00 0.0000000000000000e+00 0.0000000000000000e+00 0.0000000000000000e+00 0.0000000000000000e+00 0.0000000000000000e+00 0.0000000000000000e+00 0.0000000000000000e+00 0.0000000000000000e+00 0.0000000000000000e+00 0.0000000000000000e+00 0.0000000000000000e+00 0.0000000000000000e+00 0.0000000000000000e+00 0.0000000000000000e+00 0.0000000000000000e+00 0.0000000000000000e+00 0.0000000000000000e+00 0.0000000000000000e+00 0.0000000000000000e+00 0.0000000000000000e+00 0.0000000000000000e+00 0.0000000000000000e+00 0.0000000000000000e+00 0.0000000000000000e+00 0.0000000000000000e+00 0.0000000000000000e+00 0.0000000000000000e+00 0.0000000000000000e+00 0.0000000000000000e+00 0.0000000000000000e+00 0.0000000000000000e+00 0.0000000000000000e+00 0.0000000000000000e+00 0.0000000000000000e+00 0.0000000000000000e+00 0.0000000000000000e+00 0.0000000000000000e+00 0.0000000000000000e+00 0.0000000000000000e+00 0.0000000000000000e+00 0.0000000000000000e+00 -1.0440935414072712e-02 1.2769840027078291e-03 0.0000000000000000e+00 1.2769840027078291e-03 1.3525698363195412e-02 0.0000000000000000e+00 0.0000000000000000e+00 0.0000000000000000e+00 -3.0847629491226980e-03 -1.1695580395337506e-02 1.1186335148688816e-03 0.0000000000000000e+00 1.1186335148688816e-03 1.5068287657618811e-02 0.0000000000000000e+00 0.0000000000000000e+00 0.0000000000000000e+00 -3.3727072622813051e-03 -4.3210418548225845e-03 6.0004072902162511e-04 0.0000000000000000e+00 6.0004072902162511e-04 5.7514546069464675e-03 0.0000000000000000e+00 0.0000000000000000e+00 0.0000000000000000e+00 -1.4304127521238834e-03 -5.9000107823950600e-03 6.5417737814204451e-04 0.0000000000000000e+00 6.5417737814204451e-04 7.7729365945613041e-03 0.0000000000000000e+00 0.0000000000000000e+00 0.0000000000000000e+00 -1.8729258121662447e-03 -1.2778344070037079e-03 1.4208385433848501e-04 0.0000000000000000e+00 1.4208385433848501e-04 1.7212828102030151e-03 0.0000000000000000e+00 0.0000000000000000e+00 0.0000000000000000e+00 -4.4344840319930704e-04 -2.9405871148407313e-03 2.4038724377480536e-04 0.0000000000000000e+00 2.4038724377480536e-04 3.9281339943714622e-03 0.0000000000000000e+00 0.0000000000000000e+00 0.0000000000000000e+00 -9.8754687953073053e-04 -7.4570398077164750e-04 4.6675101972797396e-05 0.0000000000000000e+00 4.6675101972797396e-05 1.0097513556535365e-03 0.0000000000000000e+00 0.0000000000000000e+00 0.0000000000000000e+00 -2.6404737488188883e-04 -1.8833582430646499e-03 7.3487870926732571e-05 0.0000000000000000e+00 7.3487870926732571e-05 2.5310647878143172e-03 0.0000000000000000e+00 0.0000000000000000e+00 0.0000000000000000e+00 -6.4770654474966807e-04 -6.0829945028221210e-04 9.8964019799721239e-06 0.0000000000000000e+00 9.8964019799721239e-06 8.2369289464599780e-04 0.0000000000000000e+00 0.0000000000000000e+00 0.0000000000000000e+00 -2.1539344436378590e-04 -1.6952965909574915e-03 -7.3788831303004386e-06 0.0000000000000000e+00 -7.3788831303004386e-06 2.2819398529952562e-03 0.0000000000000000e+00 0.0000000000000000e+00 0.0000000000000000e+00 -5.8664326203776429e-04 -6.2825852041421815e-04 -1.7371085045632165e-05 0.0000000000000000e+00 -1.7371085045632165e-05 8.5013105642744384e-04 0.0000000000000000e+00 0.0000000000000000e+00 0.0000000000000000e+00 -2.2187253601322563e-04 -2.0244528698537367e-03 -9.8525774953602343e-05 0.0000000000000000e+00 -9.8525774953602343e-05 2.7238590362173025e-03 0.0000000000000000e+00 0.0000000000000000e+00 0.0000000000000000e+00 -6.9940616636356514e-04 -8.1985361351272061e-04 -6.0145026128692947e-05 0.0000000000000000e+00 -6.0145026128692947e-05 1.1073634561045284e-03 0.0000000000000000e+00 0.0000000000000000e+00 0.0000000000000000e+00 -2.8750984259180750e-04 -3.3877037053942180e-03 -3.2059315789926960e-04 0.0000000000000000e+00 -3.2059315789926960e-04 4.5356781550317275e-03 0.0000000000000000e+00 0.0000000000000000e+00 0.0000000000000000e+00 -1.1479744496375106e-03 -2.1414929953459069e-03 -2.7557575617270032e-04 0.0000000000000000e+00 -2.7557575617270032e-04 2.8834272918726476e-03 0.0000000000000000e+00 0.0000000000000000e+00 0.0000000000000000e+00 -7.4193429652674009e-04 -7.8099656467721023e-03 -1.0149542226690488e-03 0.0000000000000000e+00 -1.0149542226690488e-03 1.0255499505081688e-02 0.0000000000000000e+00 0.0000000000000000e+00 0.0000000000000000e+00 -2.4455338583095863e-03 -7.4388176592548828e-03 -1.2257653158854627e-03 0.0000000000000000e+00 -1.2257653158854627e-03 9.8398726038098384e-03 0.0000000000000000e+00 0.0000000000000000e+00 0.0000000000000000e+00 -2.4010549445549526e-03 -1.8370202450657548e-02 -1.2570819138678277e-03 0.0000000000000000e+00 -1.2570819138678277e-03 2.3053512614323188e-02 0.0000000000000000e+00 0.0000000000000000e+00 0.0000000000000000e+00 -4.6833101636656405e-03 -1.3576882058751003e-02 1.1981246957236512e-04 0.0000000000000000e+00 1.1981246957236512e-04 1.7091233436465708e-02 0.0000000000000000e+00 0.0000000000000000e+00 0.0000000000000000e+00 -3.5143513777147056e-03 -1.4459279933764920e-02 3.4796717627161885e-04 0.0000000000000000e+00 3.4796717627161885e-04 1.8194447521739286e-02 0.0000000000000000e+00 0.0000000000000000e+00 0.0000000000000000e+00 -3.7351675879743699e-03 -1.2950315818031582e-02 9.5407480040035977e-04 0.0000000000000000e+00 9.5407480040035977e-04 1.6555611673685588e-02 0.0000000000000000e+00 0.0000000000000000e+00 0.0000000000000000e+00 -3.6052958556540022e-03 -1.3627112521361772e-02 7.3684233943571850e-04 0.0000000000000000e+00 7.3684233943571850e-04 1.7375452141658278e-02 0.0000000000000000e+00 0.0000000000000000e+00 0.0000000000000000e+00 -3.7483396202965063e-03 -9.1278775617067050e-03 7.0621026314847770e-04 0.0000000000000000e+00 7.0621026314847770e-04 1.1878809746699017e-02 0.0000000000000000e+00 0.0000000000000000e+00 0.0000000000000000e+00 -2.7509321849923116e-03 -1.0498443835084694e-02 5.6468094261397659e-04 0.0000000000000000e+00 5.6468094261397659e-04 1.3586835974544458e-02 0.0000000000000000e+00 0.0000000000000000e+00 0.0000000000000000e+00 -3.0883921394597620e-03 -6.5455003198858601e-03 3.1479804429462908e-04 0.0000000000000000e+00 3.1479804429462908e-04 8.6180329162723630e-03 0.0000000000000000e+00 0.0000000000000000e+00 0.0000000000000000e+00 -2.0725325963865020e-03 -8.3796914527859267e-03 2.4582380316450002e-04 0.0000000000000000e+00 2.4582380316450002e-04 1.0947606334180095e-02 0.0000000000000000e+00 0.0000000000000000e+00 0.0000000000000000e+00 -2.5679148813941696e-03 -5.6279113111630140e-03 4.2503036193303118e-05 0.0000000000000000e+00 4.2503036193303118e-05 7.4433910591386945e-03 0.0000000000000000e+00 0.0000000000000000e+00 0.0000000000000000e+00 -1.8154797479756804e-03 -7.8095020446345082e-03 -4.7308467658345014e-05 0.0000000000000000e+00 -4.7308467658345014e-05 1.0232216074535935e-02 0.0000000000000000e+00 0.0000000000000000e+00 0.0000000000000000e+00 -2.4227140299014280e-03 -5.9565788078261971e-03 -2.0382278996417406e-04 0.0000000000000000e+00 -2.0382278996417406e-04 7.8684312832527810e-03 0.0000000000000000e+00 0.0000000000000000e+00 0.0000000000000000e+00 -1.9118524754265849e-03 -8.8392885368811479e-03 -3.6968720399053697e-04 0.0000000000000000e+00 -3.6968720399053697e-04 1.1536087741478650e-02 0.0000000000000000e+00 0.0000000000000000e+00 0.0000000000000000e+00 -2.6967992045975014e-03 -7.8771170337545594e-03 -5.6782265271164835e-04 0.0000000000000000e+00 -5.6782265271164835e-04 1.0319773619636955e-02 0.0000000000000000e+00 0.0000000000000000e+00 0.0000000000000000e+00 -2.4426565858823939e-03 -1.1972354437531609e-02 -7.6805790734693190e-04 0.0000000000000000e+00 -7.6805790734693190e-04 1.5422419158509745e-02 0.0000000000000000e+00 0.0000000000000000e+00 0.0000000000000000e+00 -3.4500647209781345e-03 -1.2901603061075819e-02 -1.0394971472764086e-03 0.0000000000000000e+00 -1.0394971472764086e-03 1.6549324307981332e-02 0.0000000000000000e+00 0.0000000000000000e+00 0.0000000000000000e+00 -3.6477212469055147e-03 -1.6019606506328575e-02 -6.7210984597141331e-04 0.0000000000000000e+00 -6.7210984597141331e-04 2.0201060323850058e-02 0.0000000000000000e+00 0.0000000000000000e+00 0.0000000000000000e+00 -4.1814538175214853e-03 -1.5178077226155967e-02 -4.1859819428543313e-04 0.0000000000000000e+00 -4.1859819428543313e-04 1.9073914191579350e-02 0.0000000000000000e+00 0.0000000000000000e+00 0.0000000000000000e+00 -3.8958369654233864e-03 -1.2273735604211720e-02 -2.6896843279581931e-05 0.0000000000000000e+00 -2.6896843279581931e-05 1.5471996823530988e-02 0.0000000000000000e+00 0.0000000000000000e+00 0.0000000000000000e+00 -3.1982612193192724e-03 -1.2746384067051534e-02 -5.1911169600762008e-05 0.0000000000000000e+00 -5.1911169600762008e-05 1.6038065463761207e-02 0.0000000000000000e+00 0.0000000000000000e+00 0.0000000000000000e+00 -3.2916813967096750e-03 -1.4186498426838872e-02 -1.1622765802297813e-05 0.0000000000000000e+00 -1.1622765802297813e-05 1.7813832757340317e-02 0.0000000000000000e+00 0.0000000000000000e+00 0.0000000000000000e+00 -3.6273343305014455e-03 -1.5973599891374594e-02 2.1658328988796550e-04 0.0000000000000000e+00 2.1658328988796550e-04 2.0071113099728609e-02 0.0000000000000000e+00 0.0000000000000000e+00 0.0000000000000000e+00 -4.0975132083540151e-03 -1.6855827291438988e-02 1.8478372903665171e-04 0.0000000000000000e+00 1.8478372903665171e-04 2.1154802081815839e-02 0.0000000000000000e+00 0.0000000000000000e+00 0.0000000000000000e+00 -4.2989747903768531e-03 -1.5480695680374711e-02 4.8880736366083805e-04 0.0000000000000000e+00 4.8880736366083805e-04 1.9626881425251232e-02 0.0000000000000000e+00 0.0000000000000000e+00 0.0000000000000000e+00 -4.1461857448765217e-03 -1.6599428086554131e-02 3.1471941908605046e-04 0.0000000000000000e+00 3.1471941908605046e-04 2.0982924119950310e-02 0.0000000000000000e+00 0.0000000000000000e+00 0.0000000000000000e+00 -4.3834960333961779e-03 -1.3613230940809551e-02 3.6060401916787420e-04 0.0000000000000000e+00 3.6060401916787420e-04 1.7434701362723078e-02 0.0000000000000000e+00 0.0000000000000000e+00 0.0000000000000000e+00 -3.8214704219135210e-03 -1.5351216252682319e-02 1.9030223345912656e-04 0.0000000000000000e+00 1.9030223345912656e-04 1.9550177382924836e-02 0.0000000000000000e+00 0.0000000000000000e+00 0.0000000000000000e+00 -4.1989611302425192e-03 -1.2543968721833745e-02 5.0337350315370485e-05 0.0000000000000000e+00 5.0337350315370485e-05 1.6148391878456427e-02 0.0000000000000000e+00 0.0000000000000000e+00 0.0000000000000000e+00 -3.6044231566226838e-03 -1.4969707281146121e-02 -7.3378081388873127e-05 0.0000000000000000e+00 -7.3378081388873127e-05 1.9108154770362165e-02 0.0000000000000000e+00 0.0000000000000000e+00 0.0000000000000000e+00 -4.1384474892160470e-03 -1.3198614342798991e-02 -2.8784069765363786e-04 0.0000000000000000e+00 -2.8784069765363786e-04 1.6947565995500964e-02 0.0000000000000000e+00 0.0000000000000000e+00 0.0000000000000000e+00 -3.7489516527019766e-03 -1.6125019063385412e-02 -3.1956758490827669e-04 0.0000000000000000e+00 -3.1956758490827669e-04 2.0476023516928798e-02 0.0000000000000000e+00 0.0000000000000000e+00 0.0000000000000000e+00 -4.3510044535433855e-03 -1.5589585892659583e-02 -5.1211531093148374e-04 0.0000000000000000e+00 -5.1211531093148374e-04 1.9800409435377513e-02 0.0000000000000000e+00 0.0000000000000000e+00 0.0000000000000000e+00 -4.2108235427179329e-03 -1.7623159917399447e-02 -2.8065498953272315e-04 0.0000000000000000e+00 -2.8065498953272315e-04 2.2159953362833166e-02 0.0000000000000000e+00 0.0000000000000000e+00 0.0000000000000000e+00 -4.5367934454337150e-03 -1.6625377693775468e-02 -2.7473284722296141e-04 0.0000000000000000e+00 -2.7473284722296141e-04 2.0894686479169585e-02 0.0000000000000000e+00 0.0000000000000000e+00 0.0000000000000000e+00 -4.2693087853941138e-03 -1.6240150396894665e-02 -1.2476874966689464e-05 0.0000000000000000e+00 -1.2476874966689464e-05 2.0354895171644405e-02 0.0000000000000000e+00 0.0000000000000000e+00 0.0000000000000000e+00 -4.1147447747497410e-03 -1.3828921465067661e-02 -2.1689193160221540e-05 0.0000000000000000e+00 -2.1689193160221540e-05 1.7379377202177283e-02 0.0000000000000000e+00 0.0000000000000000e+00 0.0000000000000000e+00 -3.5504557371096213e-03 -1.2493576089814218e-02 2.9966744213879356e-05 0.0000000000000000e+00 2.9966744213879356e-05 1.5743631541435182e-02 0.0000000000000000e+00 0.0000000000000000e+00 0.0000000000000000e+00 -3.2500554516209637e-03 -1.3368461666571128e-02 -5.6274999080088154e-05 0.0000000000000000e+00 -5.6274999080088154e-05 1.6815842886216965e-02 0.0000000000000000e+00 0.0000000000000000e+00 0.0000000000000000e+00 -3.4473812196458399e-03 -1.5096864132140500e-02 -1.1842851382263697e-04 0.0000000000000000e+00 -1.1842851382263697e-04 1.8926434973565248e-02 0.0000000000000000e+00 0.0000000000000000e+00 0.0000000000000000e+00 -3.8295708414247437e-03 -1.7012857194741274e-02 -1.6293432820000702e-04 0.0000000000000000e+00 -1.6293432820000702e-04 2.1266228982290435e-02 0.0000000000000000e+00 0.0000000000000000e+00 0.0000000000000000e+00 -4.2533717875491567e-03 -1.8376629272533675e-02 -1.9640839265014587e-04 0.0000000000000000e+00 -1.9640839265014587e-04 2.2921003717196065e-02 0.0000000000000000e+00 0.0000000000000000e+00 0.0000000000000000e+00 -4.5443744446623932e-03 -1.9070667336608723e-02 -5.0470989662030043e-05 0.0000000000000000e+00 -5.0470989662030043e-05 2.3836400752516293e-02 0.0000000000000000e+00 0.0000000000000000e+00 0.0000000000000000e+00 -4.7657334159075674e-03 -2.0344449479784463e-02 -1.3364191286018308e-04 0.0000000000000000e+00 -1.3364191286018308e-04 2.5363520679086444e-02 0.0000000000000000e+00 0.0000000000000000e+00 0.0000000000000000e+00 -5.0190711993019872e-03 -1.9411936953990357e-02 4.9546134248538369e-05 0.0000000000000000e+00 4.9546134248538369e-05 2.4353708982896700e-02 0.0000000000000000e+00 0.0000000000000000e+00 0.0000000000000000e+00 -4.9417720289063457e-03 -2.1000853628011070e-02 -6.2665764151149825e-05 0.0000000000000000e+00 -6.2665764151149825e-05 2.6231960352788571e-02 0.0000000000000000e+00 0.0000000000000000e+00 0.0000000000000000e+00 -5.2311067247774968e-03 -1.9342342333045003e-02 -2.1326590431480657e-06 0.0000000000000000e+00 -2.1326590431480657e-06 2.4323377432006601e-02 0.0000000000000000e+00 0.0000000000000000e+00 0.0000000000000000e+00 -4.9810350989615993e-03 -2.1248639259648192e-02 -2.9933131824913479e-05 0.0000000000000000e+00 -2.9933131824913479e-05 2.6550098637200932e-02 0.0000000000000000e+00 0.0000000000000000e+00 0.0000000000000000e+00 -5.3014593775527414e-03 -1.9753763888096344e-02 -6.4909319291508677e-05 0.0000000000000000e+00 -6.4909319291508677e-05 2.4784819691050834e-02 0.0000000000000000e+00 0.0000000000000000e+00 0.0000000000000000e+00 -5.0310558029544880e-03 -2.1250590758146413e-02 7.1315328484107079e-05 0.0000000000000000e+00 7.1315328484107079e-05 2.6491495832948811e-02 0.0000000000000000e+00 0.0000000000000000e+00 0.0000000000000000e+00 -5.2409050748024088e-03 -1.9684913832999959e-02 3.8639527608357266e-05 0.0000000000000000e+00 3.8639527608357266e-05 2.4597624117875645e-02 0.0000000000000000e+00 0.0000000000000000e+00 0.0000000000000000e+00 -4.9127102848756862e-03 -1.9963205568129489e-02 2.1457071662565565e-04 0.0000000000000000e+00 2.1457071662565565e-04 2.4863085004995407e-02 0.0000000000000000e+00 0.0000000000000000e+00 0.0000000000000000e+00 -4.8998794368659100e-03 -1.7748539933147605e-02 1.5200077999604145e-04 0.0000000000000000e+00 1.5200077999604145e-04 2.2174484603580649e-02 0.0000000000000000e+00 0.0000000000000000e+00 0.0000000000000000e+00 -4.4259446704330426e-03 -1.7206515090878258e-02 2.0734500144220476e-04 0.0000000000000000e+00 2.0734500144220476e-04 2.1497232617701124e-02 0.0000000000000000e+00 0.0000000000000000e+00 0.0000000000000000e+00 -4.2907175268228660e-03 -1.4541644411515297e-02 8.9356192383924210e-05 0.0000000000000000e+00 8.9356192383924210e-05 1.8251758077216976e-02 0.0000000000000000e+00 0.0000000000000000e+00 0.0000000000000000e+00 -3.7101136657016792e-03 -1.3936929417179588e-02 5.8759433926331537e-05 0.0000000000000000e+00 5.8759433926331537e-05 1.7512905824389788e-02 0.0000000000000000e+00 0.0000000000000000e+00 0.0000000000000000e+00 -3.5759764072101994e-03 -1.5223993863245520e-02 -7.2172563677784353e-05 0.0000000000000000e+00 -7.2172563677784353e-05 1.9082393366801120e-02 0.0000000000000000e+00 0.0000000000000000e+00 0.0000000000000000e+00 -3.8583995035555998e-03 -1.6972729549138806e-02 -1.6590455327474666e-04 0.0000000000000000e+00 -1.6590455327474666e-04 2.1199494447840486e-02 0.0000000000000000e+00 0.0000000000000000e+00 0.0000000000000000e+00 -4.2267648987016852e-03 -1.8390216237651493e-02 -3.0050027185429628e-04 0.0000000000000000e+00 -3.0050027185429628e-04 2.2910789697128314e-02 0.0000000000000000e+00 0.0000000000000000e+00 0.0000000000000000e+00 -4.5205734594768272e-03 -1.9964625643633115e-02 -3.6589657019322884e-04 0.0000000000000000e+00 -3.6589657019322884e-04 2.4798311434967749e-02 0.0000000000000000e+00 0.0000000000000000e+00 0.0000000000000000e+00 -4.8336857913346349e-03 -2.1245079042736616e-02 -3.9086472097561595e-04 0.0000000000000000e+00 -3.9086472097561595e-04 2.6355382043316222e-02 0.0000000000000000e+00 0.0000000000000000e+00 0.0000000000000000e+00 -5.1103030005796085e-03 -2.2631643549215812e-02 -4.0799873535815969e-04 0.0000000000000000e+00 -4.0799873535815969e-04 2.7996970646356579e-02 0.0000000000000000e+00 0.0000000000000000e+00 0.0000000000000000e+00 -5.3653270971407664e-03 -2.3150088033870104e-02 -2.7900535238505373e-04 0.0000000000000000e+00 -2.7900535238505373e-04 2.8674514623994517e-02 0.0000000000000000e+00 0.0000000000000000e+00 0.0000000000000000e+00 -5.5244265901244153e-03 -2.4383045235881994e-02 -2.4625661155516803e-04 0.0000000000000000e+00 -2.4625661155516803e-04 3.0106598729726694e-02 0.0000000000000000e+00 0.0000000000000000e+00 0.0000000000000000e+00 -5.7235534938447040e-03 -2.3968194350864891e-02 -4.5305208079120585e-05 0.0000000000000000e+00 -4.5305208079120585e-05 2.9674942920256405e-02 0.0000000000000000e+00 0.0000000000000000e+00 0.0000000000000000e+00 -5.7067485693915150e-03 -2.4870576645575921e-02 5.2627291004910296e-05 0.0000000000000000e+00 5.2627291004910296e-05 3.0689082127282889e-02 0.0000000000000000e+00 0.0000000000000000e+00 0.0000000000000000e+00 -5.8185054817069606e-03 -2.3621557213869684e-02 2.1916768659244778e-04 0.0000000000000000e+00 2.1916768659244778e-04 2.9240703461797753e-02 0.0000000000000000e+00 0.0000000000000000e+00 0.0000000000000000e+00 -5.6191462479280663e-03 -2.3898629977137747e-02 3.3259081950415259e-04 0.0000000000000000e+00 3.3259081950415259e-04 2.9514958457716026e-02 0.0000000000000000e+00 0.0000000000000000e+00 0.0000000000000000e+00 -5.6163284805782789e-03 -2.1939259887695215e-02 3.7850094112442469e-04 0.0000000000000000e+00 3.7850094112442469e-04 2.7192557197705094e-02 0.0000000000000000e+00 0.0000000000000000e+00 0.0000000000000000e+00 -5.2532973100098811e-03 -2.1696833837880864e-02 4.2340573080571528e-04 0.0000000000000000e+00 4.2340573080571528e-04 2.6873730270934419e-02 0.0000000000000000e+00 0.0000000000000000e+00 0.0000000000000000e+00 -5.1768964330535525e-03 -1.9289547727267972e-02 3.3439294823057309e-04 0.0000000000000000e+00 3.3439294823057309e-04 2.3997259870290506e-02 0.0000000000000000e+00 0.0000000000000000e+00 0.0000000000000000e+00 -4.7077121430225306e-03 -1.8929599158662960e-02 3.0628767070420369e-04 0.0000000000000000e+00 3.0628767070420369e-04 2.3555855838451580e-02 0.0000000000000000e+00 0.0000000000000000e+00 0.0000000000000000e+00 -4.6262566797886174e-03 -1.6302936441352875e-02 1.5096353945825034e-04 0.0000000000000000e+00 1.5096353945825034e-04 2.0389130892987630e-02 0.0000000000000000e+00 0.0000000000000000e+00 0.0000000000000000e+00 -4.0861944516347474e-03 -1.6029847878316440e-02 8.0120880553422386e-05 0.0000000000000000e+00 8.0120880553422386e-05 2.0057335006338051e-02 0.0000000000000000e+00 0.0000000000000000e+00 0.0000000000000000e+00 -4.0274871280216043e-03 -1.7568114182566510e-02 -8.8774838224759135e-05 0.0000000000000000e+00 -8.8774838224759135e-05 2.1916673837238228e-02 0.0000000000000000e+00 0.0000000000000000e+00 0.0000000000000000e+00 -4.3485596546717136e-03 -1.9174898552266232e-02 -1.8469446933236795e-04 0.0000000000000000e+00 -1.8469446933236795e-04 2.3845014196155014e-02 0.0000000000000000e+00 0.0000000000000000e+00 0.0000000000000000e+00 -4.6701156438887781e-03 -2.0205546461777541e-02 -3.4278811492279905e-04 0.0000000000000000e+00 -3.4278811492279905e-04 2.5075372267749477e-02 0.0000000000000000e+00 0.0000000000000000e+00 0.0000000000000000e+00 -4.8698258059719397e-03 -2.1654051624601350e-02 -3.9432508610395112e-04 0.0000000000000000e+00 -3.9432508610395112e-04 2.6793455191296875e-02 0.0000000000000000e+00 0.0000000000000000e+00 0.0000000000000000e+00 -5.1394035666955298e-03 -2.2855622937676116e-02 -4.7618507399227710e-04 0.0000000000000000e+00 -4.7618507399227710e-04 2.8220511744782895e-02 0.0000000000000000e+00 0.0000000000000000e+00 0.0000000000000000e+00 -5.3648888071067781e-03 -2.4032473826236824e-02 -4.4158963641887180e-04 0.0000000000000000e+00 -4.4158963641887180e-04 2.9598446519750105e-02 0.0000000000000000e+00 0.0000000000000000e+00 0.0000000000000000e+00 -5.5659726935132778e-03 -2.4997405647195589e-02 -3.7355650793600086e-04 0.0000000000000000e+00 -3.7355650793600086e-04 3.0756778259004275e-02 0.0000000000000000e+00 0.0000000000000000e+00 0.0000000000000000e+00 -5.7593726118086788e-03 -2.5736931470755741e-02 -2.5770310941479994e-04 0.0000000000000000e+00 -2.5770310941479994e-04 3.1603140449762417e-02 0.0000000000000000e+00 0.0000000000000000e+00 0.0000000000000000e+00 -5.8662089790066782e-03 -2.5935618556421760e-02 -5.0535784775322028e-05 0.0000000000000000e+00 -5.0535784775322028e-05 3.1864820698034070e-02 0.0000000000000000e+00 0.0000000000000000e+00 0.0000000000000000e+00 -5.9292021416123162e-03 -2.6135169178580043e-02 7.5954455719344868e-05 0.0000000000000000e+00 7.5954455719344868e-05 3.2070097983046324e-02 0.0000000000000000e+00 0.0000000000000000e+00 0.0000000000000000e+00 -5.9349288044662748e-03 -2.5323864532570475e-02 2.9389739314499496e-04 0.0000000000000000e+00 2.9389739314499496e-04 3.1142712698417459e-02 0.0000000000000000e+00 0.0000000000000000e+00 0.0000000000000000e+00 -5.8188481658469869e-03 -2.5102700006140604e-02 3.5606649906279211e-04 0.0000000000000000e+00 3.5606649906279211e-04 3.0859435867971328e-02 0.0000000000000000e+00 0.0000000000000000e+00 0.0000000000000000e+00 -5.7567358618307255e-03 -2.3473465546967033e-02 4.5476746613896246e-04 0.0000000000000000e+00 4.5476746613896246e-04 2.8953521686002529e-02 0.0000000000000000e+00 0.0000000000000000e+00 0.0000000000000000e+00 -5.4800561390354868e-03 -2.3124569171031985e-02 4.3949849674362993e-04 0.0000000000000000e+00 4.3949849674362993e-04 2.8529541045035130e-02 0.0000000000000000e+00 0.0000000000000000e+00 0.0000000000000000e+00 -5.4049718740031474e-03 -2.1031571586996100e-02 3.9102608070031914e-04 0.0000000000000000e+00 3.9102608070031914e-04 2.6058057041403834e-02 0.0000000000000000e+00 0.0000000000000000e+00 0.0000000000000000e+00 -5.0264854544077326e-03 -2.0778756322141635e-02 3.2745224019598072e-04 0.0000000000000000e+00 3.2745224019598072e-04 2.5755052251786176e-02 0.0000000000000000e+00 0.0000000000000000e+00 0.0000000000000000e+00 -4.9762959296445405e-03 -1.8454654137213099e-02 1.8168752084432466e-04 0.0000000000000000e+00 1.8168752084432466e-04 2.2980318161276488e-02 0.0000000000000000e+00 0.0000000000000000e+00 0.0000000000000000e+00 -4.5256640240633915e-03 -1.8380597641577349e-02 8.8117185998971281e-05 0.0000000000000000e+00 8.8117185998971281e-05 2.2891570577614508e-02 0.0000000000000000e+00 0.0000000000000000e+00 0.0000000000000000e+00 -4.5109729360371586e-03 -1.9922689714035609e-02 -8.9943264153542711e-05 0.0000000000000000e+00 -8.9943264153542711e-05 2.4739759204644170e-02 0.0000000000000000e+00 0.0000000000000000e+00 0.0000000000000000e+00 -4.8170694906085627e-03 -2.1223285750522555e-02 -1.6720547913707490e-04 0.0000000000000000e+00 -1.6720547913707490e-04 2.6287759298038244e-02 0.0000000000000000e+00 0.0000000000000000e+00 0.0000000000000000e+00 -5.0644735475156889e-03 -2.1941454049473050e-02 -3.1061486780881804e-04 0.0000000000000000e+00 -3.1061486780881804e-04 2.7132139764737623e-02 0.0000000000000000e+00 0.0000000000000000e+00 0.0000000000000000e+00 -5.1906857152645711e-03 -2.3043031198432852e-02 -3.2150737853419575e-04 0.0000000000000000e+00 -3.2150737853419575e-04 2.8426332731095259e-02 0.0000000000000000e+00 0.0000000000000000e+00 0.0000000000000000e+00 -5.3833015326624064e-03 -2.3960652403736814e-02 -3.9526948503411060e-04 0.0000000000000000e+00 -3.9526948503411060e-04 2.9498020829240999e-02 0.0000000000000000e+00 0.0000000000000000e+00 0.0000000000000000e+00 -5.5373684255041866e-03 -2.4754755827102373e-02 -3.2871109684164189e-04 0.0000000000000000e+00 -3.2871109684164189e-04 3.0421775912775506e-02 0.0000000000000000e+00 0.0000000000000000e+00 0.0000000000000000e+00 -5.6670200856731344e-03 -2.5594787590272776e-02 -2.9487106274707635e-04 0.0000000000000000e+00 -2.9487106274707635e-04 3.1405225073383135e-02 0.0000000000000000e+00 0.0000000000000000e+00 0.0000000000000000e+00 -5.8104374831103580e-03 -2.5965172958920972e-02 -1.8022294657493333e-04 0.0000000000000000e+00 -1.8022294657493333e-04 3.1826261786012139e-02 0.0000000000000000e+00 0.0000000000000000e+00 0.0000000000000000e+00 -5.8610888270911642e-03 -2.6306908414780519e-02 -4.1681907584366171e-05 0.0000000000000000e+00 -4.1681907584366171e-05 3.2232513711946228e-02 0.0000000000000000e+00 0.0000000000000000e+00 0.0000000000000000e+00 -5.9256052971657092e-03 -2.6248970112673038e-02 5.3672371622320092e-05 0.0000000000000000e+00 5.3672371622320092e-05 3.2154934401672539e-02 0.0000000000000000e+00 0.0000000000000000e+00 0.0000000000000000e+00 -5.9059642889995011e-03 -2.5833417818955748e-02 2.2621566150835069e-04 0.0000000000000000e+00 2.2621566150835069e-04 3.1683791135552343e-02 0.0000000000000000e+00 0.0000000000000000e+00 0.0000000000000000e+00 -5.8503733165965978e-03 -2.5521148357657768e-02 2.5646172855324403e-04 0.0000000000000000e+00 2.5646172855324403e-04 3.1313435970947920e-02 0.0000000000000000e+00 0.0000000000000000e+00 0.0000000000000000e+00 -5.7922876132901540e-03 -2.4419650860079814e-02 3.7200091753583761e-04 0.0000000000000000e+00 3.7200091753583761e-04 3.0035953903333783e-02 0.0000000000000000e+00 0.0000000000000000e+00 0.0000000000000000e+00 -5.6163030432539634e-03 -2.4086449605600257e-02 3.4013996955842887e-04 0.0000000000000000e+00 3.4013996955842887e-04 2.9643551914827711e-02 0.0000000000000000e+00 0.0000000000000000e+00 0.0000000000000000e+00 -5.5571023092274583e-03 -2.2535697627458634e-02 3.4602875393267775e-04 0.0000000000000000e+00 3.4602875393267775e-04 2.7829820030981361e-02 0.0000000000000000e+00 0.0000000000000000e+00 0.0000000000000000e+00 -5.2941224035227318e-03 -2.2352487053936027e-02 2.7689065959778922e-04 0.0000000000000000e+00 2.7689065959778922e-04 2.7617531902358067e-02 0.0000000000000000e+00 0.0000000000000000e+00 0.0000000000000000e+00 -5.2650448484220331e-03 -2.0555697816235161e-02 1.7540781736678792e-04 0.0000000000000000e+00 1.7540781736678792e-04 2.5492518199645955e-02 0.0000000000000000e+00 0.0000000000000000e+00 0.0000000000000000e+00 -4.9368203834107942e-03 -2.0608086420072749e-02 7.9365334897563901e-05 0.0000000000000000e+00 7.9365334897563901e-05 2.5557018999077367e-02 0.0000000000000000e+00 0.0000000000000000e+00 0.0000000000000000e+00 -4.9489325790046182e-03 -2.1917580366063363e-02 -7.0215177813929614e-05 0.0000000000000000e+00 -7.0215177813929614e-05 2.7115396535051500e-02 0.0000000000000000e+00 0.0000000000000000e+00 0.0000000000000000e+00 -5.1978161689881343e-03 -2.2808970888447661e-02 -1.1501947079720580e-04 0.0000000000000000e+00 -1.1501947079720580e-04 2.8168410716953602e-02 0.0000000000000000e+00 0.0000000000000000e+00 0.0000000000000000e+00 -5.3594398285059441e-03 -2.3241858038026128e-02 -2.1638587838631262e-04 0.0000000000000000e+00 -2.1638587838631262e-04 2.8666391671726608e-02 0.0000000000000000e+00 0.0000000000000000e+00 0.0000000000000000e+00 -5.4245336337004771e-03 -2.3958629356760040e-02 -1.9128986899077905e-04 0.0000000000000000e+00 -1.9128986899077905e-04 2.9502128159906413e-02 0.0000000000000000e+00 0.0000000000000000e+00 0.0000000000000000e+00 -5.5434988031463689e-03 -2.4578725436135002e-02 -2.4254106608687068e-04 0.0000000000000000e+00 -2.4254106608687068e-04 3.0217088125483647e-02 0.0000000000000000e+00 0.0000000000000000e+00 0.0000000000000000e+00 -5.6383626893486442e-03 -2.5069870291891363e-02 -1.7170306675395481e-04 0.0000000000000000e+00 -1.7170306675395481e-04 3.0787701665018301e-02 0.0000000000000000e+00 0.0000000000000000e+00 0.0000000000000000e+00 -5.7178313731269413e-03 -2.5656400844836866e-02 -1.6656326314063984e-04 0.0000000000000000e+00 -1.6656326314063984e-04 3.1461729964282738e-02 0.0000000000000000e+00 0.0000000000000000e+00 0.0000000000000000e+00 -5.8053291194458713e-03 -2.5856885288937603e-02 -8.8003986314418191e-05 0.0000000000000000e+00 -8.8003986314418191e-05 3.1692417069302405e-02 0.0000000000000000e+00 0.0000000000000000e+00 0.0000000000000000e+00 -5.8355317803648003e-03 -2.6136349971700397e-02 -2.6512391732677820e-05 0.0000000000000000e+00 -2.6512391732677820e-05 3.2013307549765543e-02 0.0000000000000000e+00 0.0000000000000000e+00 0.0000000000000000e+00 -5.8769575780651465e-03 -2.6056511469273930e-02 2.5042924794989467e-05 0.0000000000000000e+00 2.5042924794989467e-05 3.1921379222366285e-02 0.0000000000000000e+00 0.0000000000000000e+00 0.0000000000000000e+00 -5.8648677530923508e-03 -2.5849620145349552e-02 1.2338094369896061e-04 0.0000000000000000e+00 1.2338094369896061e-04 3.1684203081937645e-02 0.0000000000000000e+00 0.0000000000000000e+00 0.0000000000000000e+00 -5.8345829365880888e-03 -2.5604184336551220e-02 1.2984003141255980e-04 0.0000000000000000e+00 1.2984003141255980e-04 3.1402570625425348e-02 0.0000000000000000e+00 0.0000000000000000e+00 0.0000000000000000e+00 -5.7983862888741286e-03 -2.4908480282327797e-02 2.2397892226273537e-04 0.0000000000000000e+00 2.2397892226273537e-04 3.0598736467053148e-02 0.0000000000000000e+00 0.0000000000000000e+00 0.0000000000000000e+00 -5.6902561847253534e-03 -2.4654067793575381e-02 1.8970965687999328e-04 0.0000000000000000e+00 1.8970965687999328e-04 3.0307139315773040e-02 0.0000000000000000e+00 0.0000000000000000e+00 0.0000000000000000e+00 -5.6530715221976592e-03 -2.3616092895623657e-02 2.3190987442327538e-04 0.0000000000000000e+00 2.3190987442327538e-04 2.9099844469364665e-02 0.0000000000000000e+00 0.0000000000000000e+00 0.0000000000000000e+00 -5.4837515737410098e-03 -2.3497388273905944e-02 1.7398988273461874e-04 0.0000000000000000e+00 1.7398988273461874e-04 2.8968187213581551e-02 0.0000000000000000e+00 0.0000000000000000e+00 0.0000000000000000e+00 -5.4707989396756106e-03 -2.2291592055012233e-02 1.3174703211167469e-04 0.0000000000000000e+00 1.3174703211167469e-04 2.7556004033308910e-02 0.0000000000000000e+00 0.0000000000000000e+00 0.0000000000000000e+00 -5.2644119782966773e-03 -2.2408716440875047e-02 5.6034984201457745e-05 0.0000000000000000e+00 5.6034984201457745e-05 2.7698587765710284e-02 0.0000000000000000e+00 0.0000000000000000e+00 0.0000000000000000e+00 -5.2898713248352323e-03 -2.3311828835064132e-02 -3.5059316076745836e-05 0.0000000000000000e+00 -3.5059316076745836e-05 2.8767872403415832e-02 0.0000000000000000e+00 0.0000000000000000e+00 0.0000000000000000e+00 -5.4560435683517067e-03 -2.3804849212661381e-02 -3.8631621908945108e-05 0.0000000000000000e+00 -3.8631621908945108e-05 2.9345330492408502e-02 0.0000000000000000e+00 0.0000000000000000e+00 0.0000000000000000e+00 -5.5404812797471203e-03 -2.4075739937376453e-02 -8.7533868879858650e-05 0.0000000000000000e+00 -8.7533868879858650e-05 2.9650268921412776e-02 0.0000000000000000e+00 0.0000000000000000e+00 0.0000000000000000e+00 -5.5745289840363286e-03 -2.4553457547699928e-02 -4.6678466732234359e-05 0.0000000000000000e+00 -4.6678466732234359e-05 3.0209270827149536e-02 0.0000000000000000e+00 0.0000000000000000e+00 0.0000000000000000e+00 -5.6558132794496205e-03 -2.4943705575401678e-02 -8.3240973977734506e-05 0.0000000000000000e+00 -8.3240973977734506e-05 3.0652194231726260e-02 0.0000000000000000e+00 0.0000000000000000e+00 0.0000000000000000e+00 -5.7084886563245792e-03 -2.5288476563741419e-02 -3.4552891901911583e-05 0.0000000000000000e+00 -3.4552891901911583e-05 3.1055141689404264e-02 0.0000000000000000e+00 0.0000000000000000e+00 0.0000000000000000e+00 -5.7666651256628445e-03 -2.5633061251796867e-02 -5.3105946388997193e-05 0.0000000000000000e+00 -5.3105946388997193e-05 3.1442872260459019e-02 0.0000000000000000e+00 0.0000000000000000e+00 0.0000000000000000e+00 -5.8098110086621394e-03 -2.5776682012422274e-02 -1.4046856999778306e-05 0.0000000000000000e+00 -1.4046856999778306e-05 3.1614354096385751e-02 0.0000000000000000e+00 0.0000000000000000e+00 0.0000000000000000e+00 -5.8376720839634797e-03 -2.5942044979752013e-02 -1.0499777625777582e-05 0.0000000000000000e+00 -1.0499777625777582e-05 3.1795981746363521e-02 0.0000000000000000e+00 0.0000000000000000e+00 0.0000000000000000e+00 -5.8539367666115127e-03 -2.5908607322007983e-02 8.9004405040674737e-06 0.0000000000000000e+00 8.9004405040674737e-06 3.1764931898939197e-02 0.0000000000000000e+00 0.0000000000000000e+00 0.0000000000000000e+00 -5.8563245769312124e-03 -2.5784874227405111e-02 3.6116052034107754e-05 0.0000000000000000e+00 3.6116052034107754e-05 3.1616033097718578e-02 0.0000000000000000e+00 0.0000000000000000e+00 0.0000000000000000e+00 -5.8311588703134631e-03 -2.5651472582678973e-02 3.0098976337901228e-05 0.0000000000000000e+00 3.0098976337901228e-05 3.1470383923148437e-02 0.0000000000000000e+00 0.0000000000000000e+00 0.0000000000000000e+00 -5.8189113404694620e-03 -2.5198151800515184e-02 7.5022590966989552e-05 0.0000000000000000e+00 7.5022590966989552e-05 3.0943306954772216e-02 0.0000000000000000e+00 0.0000000000000000e+00 0.0000000000000000e+00 -5.7451551542570317e-03 -2.5057776839069394e-02 4.4220043765342499e-05 0.0000000000000000e+00 4.4220043765342499e-05 3.0788824241586302e-02 0.0000000000000000e+00 0.0000000000000000e+00 0.0000000000000000e+00 -5.7310474025169117e-03 -2.4355218530490375e-02 8.8706945569408445e-05 0.0000000000000000e+00 8.8706945569408445e-05 2.9971921101956345e-02 0.0000000000000000e+00 0.0000000000000000e+00 0.0000000000000000e+00 -5.6167025714659738e-03 -2.4298417132246057e-02 4.4182401861579215e-05 0.0000000000000000e+00 4.4182401861579215e-05 2.9913225795588430e-02 0.0000000000000000e+00 0.0000000000000000e+00 0.0000000000000000e+00 -5.6148086633423756e-03 -2.3529837811067506e-02 5.9029341652787855e-05 0.0000000000000000e+00 5.9029341652787855e-05 2.9020103393599894e-02 0.0000000000000000e+00 0.0000000000000000e+00 0.0000000000000000e+00 -5.4902655825323863e-03 -2.3641610162521913e-02 1.6450692721120849e-05 0.0000000000000000e+00 1.6450692721120849e-05 2.9156248453394474e-02 0.0000000000000000e+00 0.0000000000000000e+00 0.0000000000000000e+00 -5.5146382908725583e-03
</DataArray>
        <DataArray type="Float64" format="ascii" Name="equivalent_plastic_strain">
0.0000000000000000e+00 0.0000000000000000e+00 0.0000000000000000e+00 0.0000000000000000e+00 0.0000000000000000e+00 0.0000000000000000e+00 0.0000000000000000e+00 0.0000000000000000e+00 0.0000000000000000e+00 0.0000000000000000e+00 0.0000000000000000e+00 0.0000000000000000e+00 0.0000000000000000e+00 0.0000000000000000e+00 0.0000000000000000e+00 0.0000000000000000e+00 0.0000000000000000e+00 0.0000000000000000e+00 0.0000000000000000e+00 0.0000000000000000e+00 0.0000000000000000e+00 0.0000000000000000e+00 0.0000000000000000e+00 0.0000000000000000e+00 0.0000000000000000e+00 0.0000000000000000e+00 0.0000000000000000e+00 0.0000000000000000e+00 0.0000000000000000e+00 0.0000000000000000e+00 0.0000000000000000e+00 0.0000000000000000e+00 0.0000000000000000e+00 0.0000000000000000e+00 0.0000000000000000e+00 0.0000000000000000e+00 0.0000000000000000e+00 0.0000000000000000e+00 0.0000000000000000e+00 0.0000000000000000e+00 0.0000000000000000e+00 0.0000000000000000e+00 0.0000000000000000e+00 0.0000000000000000e+00 0.0000000000000000e+00 0.0000000000000000e+00 0.0000000000000000e+00 0.0000000000000000e+00 0.0000000000000000e+00 0.0000000000000000e+00 0.0000000000000000e+00 0.0000000000000000e+00 0.0000000000000000e+00 0.0000000000000000e+00 0.0000000000000000e+00 0.0000000000000000e+00 0.0000000000000000e+00 0.0000000000000000e+00 0.0000000000000000e+00 0.0000000000000000e+00 0.0000000000000000e+00 0.0000000000000000e+00 0.0000000000000000e+00 0.0000000000000000e+00 0.0000000000000000e+00 0.0000000000000000e+00 0.0000000000000000e+00 0.0000000000000000e+00 0.0000000000000000e+00 0.0000000000000000e+00 0.0000000000000000e+00 0.0000000000000000e+00 0.0000000000000000e+00 0.0000000000000000e+00 0.0000000000000000e+00 0.0000000000000000e+00 0.0000000000000000e+00 0.0000000000000000e+00 0.0000000000000000e+00 0.0000000000000000e+00 0.0000000000000000e+00 0.0000000000000000e+00 0.0000000000000000e+00 0.0000000000000000e+00 0.0000000000000000e+00 0.0000000000000000e+00 0.0000000000000000e+00 0.0000000000000000e+00 0.0000000000000000e+00 0.0000000000000000e+00 0.0000000000000000e+00 0.0000000000000000e+00 0.0000000000000000e+00 0.0000000000000000e+00 0.0000000000000000e+00 0.0000000000000000e+00 0.0000000000000000e+00 0.0000000000000000e+00 0.0000000000000000e+00 0.0000000000000000e+00 0.0000000000000000e+00 0.0000000000000000e+00 0.0000000000000000e+00 0.0000000000000000e+00 0.0000000000000000e+00 0.0000000000000000e+00 0.0000000000000000e+00 0.0000000000000000e+00 0.0000000000000000e+00 0.0000000000000000e+00 0.0000000000000000e+00 0.0000000000000000e+00 0.0000000000000000e+00 0.0000000000000000e+00 0.0000000000000000e+00 0.0000000000000000e+00 0.0000000000000000e+00 0.0000000000000000e+00 0.0000000000000000e+00 0.0000000000000000e+00 0.0000000000000000e+00 0.0000000000000000e+00 0.0000000000000000e+00 0.0000000000000000e+00 0.0000000000000000e+00 0.0000000000000000e+00 0.0000000000000000e+00 0.0000000000000000e+00 0.0000000000000000e+00 0.0000000000000000e+00 0.0000000000000000e+00 0.0000000000000000e+00 0.0000000000000000e+00 0.0000000000000000e+00 0.0000000000000000e+00 0.0000000000000000e+00 0.0000000000000000e+00 0.0000000000000000e+00 0.0000000000000000e+00 0.0000000000000000e+00 0.0000000000000000e+00 0.0000000000000000e+00 0.0000000000000000e+00 0.0000000000000000e+00 3.6049322622111463e-04 0.0000000000000000e+00 0.0000000000000000e+00 0.0000000000000000e+00 0.0000000000000000e+00 0.0000000000000000e+00 0.0000000000000000e+00 0.0000000000000000e+00 0.0000000000000000e+00 0.0000000000000000e+00 0.0000000000000000e+00 0.0000000000000000e+00 0.0000000000000000e+00 0.0000000000000000e+00 0.0000000000000000e+00 0.0000000000000000e+00 0.0000000000000000e+00 0.0000000000000000e+00 1.4295806550597664e-02 1.5874409056790443e-02 6.0305447006627592e-03 8.1493059860286380e-03 1.7949368445807560e-03 4.0964055657428996e-03 1.0487295087082578e-03 2.6311454354386709e-03 8.5443486949879648e-04 2.3701106702729759e-03 8.8214228368737636e-04 2.8316642073074462e-03 1.1513211337209786e-03 4.7311844579931263e-03 3.0117151879139850e-03 1.0779364116647157e-02 1.0364055572557426e-02 2.4441572273447936e-02 1.8066025159469739e-02 1.9226000510693762e-02 1.7456718396966497e-02 1.8310102418440909e-02 1.2465757545688665e-02 1.4260837710150097e-02 9.0046538317914235e-03 1.1454497861181205e-02 7.7626092457166061e-03 1.0695106696783601e-02 8.2116028664980332e-03 1.2077381562746712e-02 1.0807433769230676e-02 1.6214971026132351e-02 1.7435940687606729e-02 2.1344616279217021e-02 2.0166443518594993e-02 1.6336277334080520e-02 1.6943278788610933e-02 1.8829582426651070e-02 2.1215560284425287e-02 2.2365777274071914e-02 2.0700525764267723e-02 2.2141491539578499e-02 1.8335080937185146e-02 2.0585839762709376e-02 1.6954465062258121e-02 2.0107009223029642e-02 1.7808704395463750e-02 2.1580018248134249e-02 2.0872614966509873e-02 2.3417324839682067e-02 2.2083539454676941e-02 2.1527024214882316e-02 1.8366169685719608e-02 1.6624702145001159e-02 1.7766023501801426e-02 2.0015216693189043e-02 2.2508940511026667e-02 2.4275650242189802e-02 2.5229722106633153e-02 2.6865538676829628e-02 2.5749700852587085e-02 2.7769710715275821e-02 2.5700109505332698e-02 2.8103850932795903e-02 2.6204353073339660e-02 2.8060598601049227e-02 2.6036727853726238e-02 2.6343944889371099e-02 2.3473398552725531e-02 2.2757107382870768e-02 1.9295145837022295e-02 1.8507883248416866e-02 2.0180945135489684e-02 2.2443180179651950e-02 2.4274588724189198e-02 2.6298035768374063e-02 2.7959841531760635e-02 2.9725723469066739e-02 3.0432035180608451e-02 3.1981168421596165e-02 3.1496125736661856e-02 3.2604949774500833e-02 3.1037612002671532e-02 3.1351688930743825e-02 2.8854942961867205e-02 2.8523300759208486e-02 2.5436593523588916e-02 2.4966364298414281e-02 2.1577232975015393e-02 2.1222662593621513e-02 2.3209917541022265e-02 2.5276071044131914e-02 2.6598272398143698e-02 2.8446046268617090e-02 2.9981254712297466e-02 3.1467968227100511e-02 3.2708081447205196e-02 3.3626942115263368e-02 3.3898666225429808e-02 3.4129820893013252e-02 3.3122518878883275e-02 3.2825503403081949e-02 3.0768936132189308e-02 3.0316005494322458e-02 2.7654538779307260e-02 2.7328666544632122e-02 2.4349983628800455e-02 2.4254177273165513e-02 2.6234656975696481e-02 2.7897499226599284e-02 2.8809421794842568e-02 3.0205000910361282e-02 3.1364094985566984e-02 3.2362527763460068e-02 3.3424291827599331e-02 3.3882161125146110e-02 3.4318365750154678e-02 3.4237823206922778e-02 3.3724822571366067e-02 3.3326610063876619e-02 3.1944501599879820e-02 3.1520901396807965e-02 2.9562390486837627e-02 2.9331416667475008e-02 2.7043801618431788e-02 2.7111731618750294e-02 2.8785329106461460e-02 2.9919009672052594e-02 3.0460362061964598e-02 3.1363515357437595e-02 3.2139907222471079e-02 3.2757095378106074e-02 3.3489401579829464e-02 3.3739563050460428e-02 3.4088194552512663e-02 3.3988368625846643e-02 3.3730783361961295e-02 3.3424629115403552e-02 3.2553501586714349e-02 3.2236054717892267e-02 3.0930071067438464e-02 3.0784856818383131e-02 2.9260296763016377e-02 2.9412013401793197e-02 3.0562202067871694e-02 3.1185501212528052e-02 3.1519077171593871e-02 3.2122876298893682e-02 3.2606159685466679e-02 3.3041558981532403e-02 3.3465728711142638e-02 3.3649813925016550e-02 3.3850050240959738e-02 3.3813786206813100e-02 3.3654311946271109e-02 3.3493406579419814e-02 3.2922895652832657e-02 3.2752589455242703e-02 3.1868397531484696e-02 3.1802182352184738e-02 3.0835556221102355e-02 3.0980634305726566e-02
</DataArray>
        <DataArray type="Int64" format="ascii" Name="yielded">
0 0 0 0 0 0 0 0 0 0 0 0 0 0 0 0 0 0 0 0 0 0 0 0 0 0 0 0 0 0 0 0 0 0 0 0 0 0 0 0 0 0 0 0 0 0 0 0 0 0 0 0 0 0 0 0 0 0 0 0 0 0 0 0 0 0 0 0 0 0 0 0 0 0 0 0 0 0 0 0 0 0 0 0 0 0 0 0 0 0 0 0 0 0 0 0 0 0 0 0 0 0 0 0 0 0 0 0 0 0 0 0 0 0 0 0 0 0 0 0 0 0 0 0 0 0 0 0 0 0 0 0 0 0 0 0 0 0 0 0 0 0 0 0 1 0 0 0 0 0 0 0 0 0 0 0 0 0 0 0 0 0 1 1 1 1 1 1 1 1 1 1 1 1 1 1 1 1 1 1 1 1 1 1 1 1 1 1 1 1 1 1 1 1 1 1 1 1 1 1 1 1 1 1 1 1 1 1 1 1 1 1 1 1 1 1 1 1 1 1 1 1 1 1 1 1 1 1 1 1 1 1 1 1 1 1 1 1 1 1 1 1 1 1 1 1 1 1 1 1 1 1 1 1 1 1 1 1 1 1 1 1 1 1 1 1 1 1 1 1 1 1 1 1 1 1 1 1 1 1 1 1 1 1 1 1 1 1 1 1 1 1 1 1 1 1 1 1 1 1 1 1 1 1 1 1 1 1 1 1 1 1 1 1 1 1 1 1 1 1 1 1 1 1
</DataArray>
        <DataArray type="Float64" format="ascii" Name="q">
1.0671893058613607e+03 9.5807477300440519e+02 9.8432464404296616e+02 9.4461295301683685e+02 9.9075699566983883e+02 9.5975139633301717e+02 9.9705205644101636e+02 9.6872581190462267e+02 9.9989452872445872e+02 9.7105016897412133e+02 9.9891072502142435e+02 9.6659241952490561e+02 9.9521709420157867e+02 9.5492597988035732e+02 9.9209407821530863e+02 9.3612876469116520e+02 1.0043400363146512e+03 1.0000146061683910e+03 9.7267838645076256e+02 9.2516528136718557e+02 8.9597307505214212e+02 8.8294584627277652e+02 9.0184482076249776e+02 8.8923009253919497e+02 9.1552604330576708e+02 8.9952228335456584e+02 9.2187800624425199e+02 9.0253959908746674e+02 9.1883205166134007e+02 8.9665555147532018e+02 9.0662526276261838e+02 8.8493301735228385e+02 8.9143021793022308e+02 8.8710524205113165e+02 9.3070338258506956e+02 9.7016441960088810e+02 9.3766808806767676e+02 9.0753272276208531e+02 8.8220108175888038e+02 8.7169850169791516e+02 8.6793442084053800e+02 8.6277275209213929e+02 8.7112908479513987e+02 8.6398377885062416e+02 8.7430872603876844e+02 8.6483201304066665e+02 8.7241893131909046e+02 8.6313691313291667e+02 8.6783218253873042e+02 8.6381889666792620e+02 8.7443070706504886e+02 8.8198188738812973e+02 9.1697922993604573e+02 9.2780732719818218e+02 8.9892901493322563e+02 8.8240865089195097e+02 8.7524450405225161e+02 8.6731197713377423e+02 8.6004874884145920e+02 8.5568633502644741e+02 8.5397285499971463e+02 8.4957271575715765e+02 8.5234773091124180e+02 8.4807110967080018e+02 8.5299146434976262e+02 8.5097575173008204e+02 8.5739942310337244e+02 8.5943946079500574e+02 8.7015757389344174e+02 8.7393072741082574e+02 8.9252287024553482e+02 8.8807745212067243e+02 8.6227427329394243e+02 8.5795451038545127e+02 8.6577146539484966e+02 8.6121893169907969e+02 8.5651789998078482e+02 8.4985556598450148e+02 8.4540052480947770e+02 8.3819665664862441e+02 8.3989858721096869e+02 8.3462087722627462e+02 8.4254989234942491e+02 8.4113368747470429e+02 8.5249222341372376e+02 8.5436605799919369e+02 8.6433217688062655e+02 8.6353663157559117e+02 8.6684791129729331e+02 8.5304591586448885e+02 8.3146615687339408e+02 8.4043011850968446e+02 8.5636699307750598e+02 8.5201311128134421e+02 8.4683490863062548e+02 8.3259206506944417e+02 8.2826725120124036e+02 8.1235016101808856e+02 8.1842360634921852e+02 8.0617650686157174e+02 8.2300230982833136e+02 8.1698406116322860e+02 8.3950391647165782e+02 8.3906813887221506e+02 8.5542311821299495e+02 8.5331554932781580e+02 8.4614382710648101e+02 8.2632722972754436e+02 8.1279659365371344e+02 8.3884876441716949e+02 8.4869119043612397e+02 8.3370730055886497e+02 8.1998452804148747e+02 7.8948431869420881e+02 7.8668847433839778e+02 7.5659454378176883e+02 7.7122640908190044e+02 7.4760943383007691e+02 7.7819230535946917e+02 7.6358239777036385e+02 8.0535026649624035e+02 8.0103514539411367e+02 8.3918142263163554e+02 8.4079787069539680e+02 8.3752910668971867e+02 8.1777459104601701e+02 8.2671454360386372e+02 8.6517071861884222e+02 8.3048674123914111e+02 7.8451693186676471e+02 7.5757389279928475e+02 7.0341182205703217e+02 7.0809603382961041e+02 6.6352152395424957e+02 6.8883916214141607e+02 6.5395907077825075e+02 6.9746813527604581e+02 6.7208425144455998e+02 7.3441884212028094e+02 7.2165646692942278e+02 7.9850771231518854e+02 8.0648785476554622e+02 8.4886463006221095e+02 8.4941788957551228e+02 9.9704869373747408e+02 8.2914745472073923e+02 7.4560478573671389e+02 6.4383124906927230e+02 6.4031811216025926e+02 5.7576697436168990e+02 5.9431251665548280e+02 5.4628534261262803e+02 5.7838978219100068e+02 5.3953381932966056e+02 5.8586619081778395e+02 5.5272725125449517e+02 6.1944115779864035e+02 5.9205581147036639e+02 6.9420950034434270e+02 6.8483648431162248e+02 8.4820383027236244e+02 9.5026336981756594e+02 8.3573951637649395e+02 8.3968602264197614e+02 8.1507636175165692e+02 8.2037326496507160e+02 8.0180070634898743e+02 8.1024101391435727e+02 7.9486351364895654e+02 8.0657786358859664e+02 7.9376431366000884e+02 8.0592451384236074e+02 7.9459253832494176e+02 8.0707916051826862e+02 7.9863956713985442e+02 8.1182796114498262e+02 8.0752928796978506e+02 8.2694841029161785e+02 8.2591013893139359e+02 8.6110393068361986e+02 8.4516506289867448e+02 8.4806500127673428e+02 8.4364179599241606e+02 8.4577525604610230e+02 8.3116439386422167e+02 8.3565209427537548e+02 8.2251163457947860e+02 8.2863624465295322e+02 8.1940652311429153e+02 8.2673776674195892e+02 8.2052900716624515e+02 8.3019345390686681e+02 8.2701858442307673e+02 8.4053742756533097e+02 8.4358985171901679e+02 8.5336154069804263e+02 8.5041610879648738e+02 8.4084069333520131e+02 8.4235819697152726e+02 8.4707395606662749e+02 8.5303890071106309e+02 8.5591444318517972e+02 8.5175131441066935e+02 8.5535372884894628e+02 8.4583770234296276e+02 8.5146459940677335e+02 8.4238616265564519e+02 8.5026752305757395e+02 8.4452176098865937e+02 8.5395004562033557e+02 8.5218153741627475e+02 8.5854331209920531e+02 8.5520884863669244e+02 8.5381756053720574e+02 8.4591542421429892e+02 8.4156175536250316e+02 8.4441505875450355e+02 8.5003804173297260e+02 8.5627235127756683e+02 8.6068912560547460e+02 8.6307430526658311e+02 8.6716384669207412e+02 8.6437425213146764e+02 8.6942427678818956e+02 8.6425027376333151e+02 8.7025962733198969e+02 8.6551088268334900e+02 8.7015149650262310e+02 8.6509181963431547e+02 8.6585986222342763e+02 8.5868349638181394e+02 8.5689276845717689e+02 8.4823786459255575e+02 8.4626970812104219e+02 8.5045236283872441e+02 8.5610795044912993e+02 8.6068647181047299e+02 8.6574508942093507e+02 8.6989960382940160e+02 8.7431430867266693e+02 8.7608008795152102e+02 8.7995292105399051e+02 8.7874031434165477e+02 8.8151237443625200e+02 8.7759403000667896e+02 8.7837922232685935e+02 8.7213735740466791e+02 8.7130825189802124e+02 8.6359148380897227e+02 8.6241591074603571e+02 8.5394308243753846e+02 8.5305665648405386e+02 8.5802479385255549e+02 8.6319017761032990e+02 8.6649568099535929e+02 8.7111511567154253e+02 8.7495313678074365e+02 8.7866992056775098e+02 8.8177020361801306e+02 8.8406735528815841e+02 8.8474666556357454e+02 8.8532455223253294e+02 8.8280629719720832e+02 8.8206375850770496e+02 8.7692234033047339e+02 8.7579001373580627e+02 8.6913634694826817e+02 8.6832166636158036e+02 8.6087495907200116e+02 8.6063544318291383e+02 8.6558664243924113e+02 8.6974374806649814e+02 8.7202355448710637e+02 8.7551250227590333e+02 8.7841023746391761e+02 8.8090631940865001e+02 8.8356072956899834e+02 8.8470540281286526e+02 8.8579591437538670e+02 8.8559455801730678e+02 8.8431205642841508e+02 8.8331652515969165e+02 8.7986125399969933e+02 8.7880225349201987e+02 8.7390597621709412e+02 8.7332854166868765e+02 8.6760950404607956e+02 8.6777932904687589e+02 8.7196332276615351e+02 8.7479752418013140e+02 8.7615090515491147e+02 8.7840878839359391e+02 8.8034976805617771e+02 8.8189273844526531e+02 8.8372350394957368e+02 8.8434890762615100e+02 8.8522048638128138e+02 8.8497092156461645e+02 8.8432695840490317e+02 8.8356157278850901e+02 8.8138375396678600e+02 8.8059013679473060e+02 8.7732517766859610e+02 8.7696214204595788e+02 8.7315074190754081e+02 8.7353003350448296e+02 8.7640550516967915e+02 8.7796375303132015e+02 8.7879769292898459e+02 8.8030719074723424e+02 8.8151539921366680e+02 8.8260389745383088e+02 8.8366432177785669e+02 8.8412453481254124e+02 8.8462512560239941e+02 8.8453446551703280e+02 8.8413577986567793e+02 8.8373351644854949e+02 8.8230723913208158e+02 8.8188147363810674e+02 8.7967099382871174e+02 8.7950545588046191e+02 8.7708889055275586e+02 8.7745158576431641e+02
</DataArray>
        <DataArray type="Float64" format="ascii" Name="current_yield_stress">
1.2000000000000000e+03 1.2000000000000000e+03 1.2000000000000002e+03 1.2000000000000000e+03 1.2000000000000000e+03 1.2000000000000000e+03 1.1999999999999998e+03 1.2000000000000002e+03 1.2000000000000000e+03 1.2000000000000000e+03 1.2000000000000000e+03 1.2000000000000000e+03 1.2000000000000002e+03 1.2000000000000000e+03 1.1999999999999998e+03 1.2000000000000000e+03 1.2000000000000002e+03 1.2000000000000000e+03 1.2000000000000002e+03 1.2000000000000000e+03 1.2000000000000000e+03 1.2000000000000000e+03 1.2000000000000000e+03 1.2000000000000000e+03 1.1999999999999998e+03 1.1999999999999998e+03 1.2000000000000002e+03 1.2000000000000000e+03 1.2000000000000000e+03 1.2000000000000000e+03 1.2000000000000000e+03 1.2000000000000000e+03 1.2000000000000000e+03 1.2000000000000000e+03 1.2000000000000000e+03 1.2000000000000000e+03 1.2000000000000000e+03 1.2000000000000000e+03 1.2000000000000000e+03 1.2000000000000002e+03 1.2000000000000000e+03 1.2000000000000000e+03 1.2000000000000000e+03 1.2000000000000000e+03 1.2000000000000000e+03 1.2000000000000000e+03 1.2000000000000000e+03 1.2000000000000000e+03 1.2000000000000000e+03 1.2000000000000002e+03 1.2000000000000002e+03 1.2000000000000002e+03 1.2000000000000000e+03 1.2000000000000000e+03 1.2000000000000000e+03 1.2000000000000000e+03 1.2000000000000002e+03 1.2000000000000002e+03 1.2000000000000000e+03 1.2000000000000002e+03 1.1999999999999998e+03 1.2000000000000000e+03 1.2000000000000000e+03 1.2000000000000000e+03 1.2000000000000000e+03 1.2000000000000002e+03 1.2000000000000000e+03 1.1999999999999998e+03 1.2000000000000000e+03 1.2000000000000000e+03 1.2000000000000000e+03 1.1999999999999998e+03 1.1999999999999998e+03 1.2000000000000002e+03 1.2000000000000000e+03 1.2000000000000000e+03 1.2000000000000000e+03 1.2000000000000000e+03 1.2000000000000002e+03 1.2000000000000000e+03 1.2000000000000000e+03 1.2000000000000000e+03 1.2000000000000000e+03 1.2000000000000000e+03 1.2000000000000000e+03 1.2000000000000000e+03 1.2000000000000000e+03 1.2000000000000000e+03 1.2000000000000000e+03 1.2000000000000000e+03 1.1999999999999998e+03 1.2000000000000002e+03 1.2000000000000000e+03 1.2000000000000000e+03 1.2000000000000000e+03 1.1999999999999998e+03 1.2000000000000000e+03 1.2000000000000000e+03 1.2000000000000000e+03 1.2000000000000000e+03 1.2000000000000000e+03 1.2000000000000000e+03 1.2000000000000000e+03 1.2000000000000000e+03 1.2000000000000000e+03 1.2000000000000000e+03 1.1999999999999998e+03 1.2000000000000000e+03 1.2000000000000000e+03 1.2000000000000002e+03 1.2000000000000000e+03 1.2000000000000000e+03 1.2000000000000002e+03 1.2000000000000000e+03 1.2000000000000000e+03 1.2000000000000000e+03 1.2000000000000000e+03 1.2000000000000000e+03 1.2000000000000000e+03 1.2000000000000000e+03 1.1999999999999998e+03 1.2000000000000000e+03 1.2000000000000000e+03 1.2000000000000000e+03 1.2000000000000000e+03 1.2000000000000000e+03 1.2000000000000002e+03 1.2000000000000000e+03 1.2000000000000000e+03 1.2000000000000000e+03 1.2000000000000000e+03 1.2000000000000000e+03 1.2000000000000000e+03 1.2000000000000000e+03 1.2000000000000000e+03 1.2000000000000000e+03 1.1999999999999998e+03 1.2000000000000000e+03 1.2000000000000000e+03 1.1999999999999998e+03 1.1999999999999998e+03 1.2000000000000000e+03 1.2000000000000002e+03 1.2000000000000000e+03 1.2014419729048846e+03 1.2000000000000000e+03 1.2000000000000000e+03 1.2000000000000000e+03 1.2000000000000000e+03 1.2000000000000000e+03 1.2000000000000000e+03 1.2000000000000000e+03 1.1999999999999998e+03 1.2000000000000000e+03 1.2000000000000002e+03 1.2000000000000000e+03 1.2000000000000000e+03 1.2000000000000000e+03 1.2000000000000002e+03 1.1999999999999998e+03 1.2000000000000000e+03 1.2000000000000000e+03 8.3573951637649418e+02 8.3968602264197614e+02 8.1507636175165692e+02 8.2037326496507160e+02 8.0448734211145177e+02 8.1024101391435727e+02 8.0262182377177055e+02 8.0657786358859676e+02 8.0213608717374700e+02 8.0592527667568243e+02 8.0220535570921845e+02 8.0707916051826874e+02 8.0287830283430242e+02 8.1182796114498262e+02 8.0752928796978506e+02 8.2694841029161785e+02 8.2591013893139359e+02 8.6110393068361986e+02 8.4516506289867425e+02 8.4806500127673428e+02 8.4364179599241629e+02 8.4577525604610230e+02 8.3116439386422167e+02 8.3565209427537525e+02 8.2251163457947848e+02 8.2863624465295288e+02 8.1940652311429153e+02 8.2673776674195892e+02 8.2052900716624515e+02 8.3019345390686681e+02 8.2701858442307673e+02 8.4053742756533097e+02 8.4358985171901679e+02 8.5336154069804263e+02 8.5041610879648738e+02 8.4084069333520131e+02 8.4235819697152738e+02 8.4707395606662772e+02 8.5303890071106321e+02 8.5591444318517972e+02 8.5175131441066935e+02 8.5535372884894616e+02 8.4583770234296276e+02 8.5146459940677335e+02 8.4238616265564519e+02 8.5026752305757407e+02 8.4452176098865948e+02 8.5395004562033557e+02 8.5218153741627464e+02 8.5854331209920520e+02 8.5520884863669232e+02 8.5381756053720574e+02 8.4591542421429904e+02 8.4156175536250282e+02 8.4441505875450355e+02 8.5003804173297260e+02 8.5627235127756683e+02 8.6068912560547437e+02 8.6307430526658288e+02 8.6716384669207400e+02 8.6437425213146764e+02 8.6942427678818956e+02 8.6425027376333162e+02 8.7025962733198969e+02 8.6551088268334922e+02 8.7015149650262310e+02 8.6509181963431547e+02 8.6585986222342774e+02 8.5868349638181394e+02 8.5689276845717689e+02 8.4823786459255575e+02 8.4626970812104219e+02 8.5045236283872407e+02 8.5610795044912982e+02 8.6068647181047299e+02 8.6574508942093507e+02 8.6989960382940160e+02 8.7431430867266693e+02 8.7608008795152114e+02 8.7995292105399051e+02 8.7874031434165477e+02 8.8151237443625200e+02 8.7759403000667885e+02 8.7837922232685946e+02 8.7213735740466791e+02 8.7130825189802124e+02 8.6359148380897227e+02 8.6241591074603559e+02 8.5394308243753846e+02 8.5305665648405397e+02 8.5802479385255560e+02 8.6319017761032990e+02 8.6649568099535929e+02 8.7111511567154275e+02 8.7495313678074365e+02 8.7866992056775121e+02 8.8177020361801283e+02 8.8406735528815841e+02 8.8474666556357454e+02 8.8532455223253316e+02 8.8280629719720832e+02 8.8206375850770496e+02 8.7692234033047328e+02 8.7579001373580627e+02 8.6913634694826817e+02 8.6832166636158036e+02 8.6087495907200116e+02 8.6063544318291383e+02 8.6558664243924113e+02 8.6974374806649826e+02 8.7202355448710637e+02 8.7551250227590322e+02 8.7841023746391750e+02 8.8090631940865001e+02 8.8356072956899857e+02 8.8470540281286526e+02 8.8579591437538670e+02 8.8559455801730689e+02 8.8431205642841519e+02 8.8331652515969165e+02 8.7986125399969944e+02 8.7880225349201987e+02 8.7390597621709401e+02 8.7332854166868765e+02 8.6760950404607956e+02 8.6777932904687555e+02 8.7196332276615351e+02 8.7479752418013140e+02 8.7615090515491158e+02 8.7840878839359380e+02 8.8034976805617771e+02 8.8189273844526531e+02 8.8372350394957368e+02 8.8434890762615100e+02 8.8522048638128172e+02 8.8497092156461667e+02 8.8432695840490328e+02 8.8356157278850901e+02 8.8138375396678600e+02 8.8059013679473060e+02 8.7732517766859621e+02 8.7696214204595788e+02 8.7315074190754103e+02 8.7353003350448296e+02 8.7640550516967915e+02 8.7796375303132015e+02 8.7879769292898459e+02 8.8030719074723424e+02 8.8151539921366668e+02 8.8260389745383088e+02 8.8366432177785669e+02 8.8412453481254124e+02 8.8462512560239941e+02 8.8453446551703280e+02 8.8413577986567793e+02 8.8373351644854949e+02 8.8230723913208158e+02 8.8188147363810674e+02 8.7967099382871174e+02 8.7950545588046202e+02 8.7708889055275586e+02 8.7745158576431641e+02
</DataArray>
        <DataArray type="Float64" format="ascii" Name="yield_function">
-1.3281069413863929e+02 -2.4192522699559467e+02 -2.1567535595703396e+02 -2.5538704698316315e+02 -2.0924300433016117e+02 -2.4024860366698286e+02 -2.0294794355898358e+02 -2.3127418809537744e+02 -2.0010547127554119e+02 -2.2894983102587881e+02 -2.0108927497857570e+02 -2.3340758047509436e+02 -2.0478290579842144e+02 -2.4507402011964277e+02 -2.0790592178469120e+02 -2.6387123530883491e+02 -1.9565996368534883e+02 -1.9998539383160909e+02 -2.2732161354923761e+02 -2.7483471863281454e+02 -3.0402692494785805e+02 -3.1705415372722348e+02 -2.9815517923750224e+02 -3.1076990746080520e+02 -2.8447395669423298e+02 -3.0047771664543410e+02 -2.7812199375574789e+02 -2.9746040091253337e+02 -2.8116794833865993e+02 -3.0334444852467976e+02 -2.9337473723738157e+02 -3.1506698264771620e+02 -3.0856978206977698e+02 -3.1289475794886829e+02 -2.6929661741493038e+02 -2.2983558039911199e+02 -2.6233191193232318e+02 -2.9246727723791480e+02 -3.1779891824111945e+02 -3.2830149830208495e+02 -3.3206557915946200e+02 -3.3722724790786066e+02 -3.2887091520485995e+02 -3.3601622114937584e+02 -3.2569127396123145e+02 -3.3516798695933329e+02 -3.2758106868090954e+02 -3.3686308686708327e+02 -3.3216781746126975e+02 -3.3618110333207386e+02 -3.2556929293495119e+02 -3.1801811261187021e+02 -2.8302077006395433e+02 -2.7219267280181782e+02 -3.0107098506677437e+02 -3.1759134910804903e+02 -3.2475549594774856e+02 -3.3268802286622571e+02 -3.3995125115854080e+02 -3.4431366497355253e+02 -3.4602714500028532e+02 -3.5042728424284235e+02 -3.4765226908875826e+02 -3.5192889032919976e+02 -3.4700853565023721e+02 -3.4902424826991802e+02 -3.4260057689662762e+02 -3.4056053920499431e+02 -3.2984242610655826e+02 -3.2606927258917420e+02 -3.0747712975446495e+02 -3.1192254787932728e+02 -3.3772572670605746e+02 -3.4204548961454861e+02 -3.3422853460515040e+02 -3.3878106830092037e+02 -3.4348210001921512e+02 -3.5014443401549863e+02 -3.5459947519052213e+02 -3.6180334335137559e+02 -3.6010141278903137e+02 -3.6537912277372533e+02 -3.5745010765057498e+02 -3.5886631252529565e+02 -3.4750777658627612e+02 -3.4563394200080643e+02 -3.3566782311937345e+02 -3.3646336842440883e+02 -3.3315208870270675e+02 -3.4695408413551127e+02 -3.6853384312660592e+02 -3.5956988149031559e+02 -3.4363300692249402e+02 -3.4798688871865590e+02 -3.5316509136937458e+02 -3.6740793493055571e+02 -3.7173274879875964e+02 -3.8764983898191139e+02 -3.8157639365078143e+02 -3.9382349313842832e+02 -3.7699769017166881e+02 -3.8301593883677145e+02 -3.6049608352834235e+02 -3.6093186112778488e+02 -3.4457688178700499e+02 -3.4668445067218431e+02 -3.5385617289351887e+02 -3.7367277027245575e+02 -3.8720340634628661e+02 -3.6115123558283068e+02 -3.5130880956387608e+02 -3.6629269944113503e+02 -3.8001547195851271e+02 -4.1051568130579119e+02 -4.1331152566160233e+02 -4.4340545621823105e+02 -4.2877359091809944e+02 -4.5239056616992303e+02 -4.2180769464053094e+02 -4.3641760222963615e+02 -3.9464973350375959e+02 -3.9896485460588644e+02 -3.6081857736836429e+02 -3.5920212930460326e+02 -3.6247089331028138e+02 -3.8222540895398299e+02 -3.7328545639613628e+02 -3.3482928138115784e+02 -3.6951325876085895e+02 -4.1548306813323518e+02 -4.4242610720071531e+02 -4.9658817794296777e+02 -4.9190396617038959e+02 -5.3647847604575054e+02 -5.1116083785858405e+02 -5.4604092922174925e+02 -5.0253186472395419e+02 -5.2791574855543990e+02 -4.6558115787971911e+02 -4.7834353307057700e+02 -4.0149228768481152e+02 -3.9351214523445373e+02 -3.5113536993778888e+02 -3.5058211042448772e+02 -2.0439327916741038e+02 -3.7085254527926065e+02 -4.5439521426328605e+02 -5.5616875093072758e+02 -5.5968188783974063e+02 -6.2423302563831010e+02 -6.0568748334451720e+02 -6.5371465738737209e+02 -6.2161021780899932e+02 -6.6046618067033944e+02 -6.1413380918221628e+02 -6.4727274874550483e+02 -5.8055884220135965e+02 -6.0794418852963361e+02 -5.0579049965565736e+02 -5.1516351568837740e+02 -3.5179616972763739e+02 -2.4973663018243400e+02 -7.5791225147766331e-14 7.4281114987614340e-28 0.0000000000000000e+00 -7.4281114987621954e-28 -2.6866357624643502e+00 -7.5791225147744596e-14 -7.7583101228141018e+00 -3.7895612573873491e-14 -8.3717735137381890e+00 -7.6283332164925387e-04 -7.6128173842768003e+00 -7.5791225147742678e-14 -4.2387356944480015e+00 -3.7895612573871648e-14 9.4249156651803148e-28 3.7895612573871604e-14 7.5791225147765498e-14 -7.5791225147886200e-14 7.5791225147728882e-14 -7.5791225147744268e-14 -3.7895612573871560e-14 6.0702846656597501e-28 -2.3162928329473563e-28 1.1368683772161603e-13 3.7895612573872273e-14 2.2737367544323261e-13 7.7476001654114655e-28 -3.7895612573872437e-14 0.0000000000000000e+00 -3.7895612573872936e-14 1.2779546664655351e-28 -3.7895612573872544e-14 -4.3130969993158625e-28 3.7895612573872437e-14 -5.3514351657716091e-28 5.3889750840996450e-26 -7.5791225147691395e-14 -7.5791225147744218e-14 -7.5791225147744394e-14 7.5791225147744167e-14 1.3578268331081461e-28 -1.2779546664557412e-28 -3.7895612573872058e-14 -3.7895612573871377e-14 -7.5791225147745139e-14 -4.7124578325686066e-28 -3.7895612573873030e-14 -7.5791225147742955e-14 3.7895612573872134e-14 7.5791225147743927e-14 3.7895612573871882e-14 0.0000000000000000e+00 -7.5791225147743119e-14 1.5158245029550128e-13 3.7895612573872349e-14 6.7092619988946896e-28 -3.7895612573871806e-14 -1.5175711664172559e-27 3.7895612573871206e-14 7.5791225147743523e-14 7.5791225147743687e-14 3.7895612573872147e-14 -1.1368683772161603e-13 -3.7895612573872942e-14 -7.5791225147743650e-14 3.7895612573871067e-14 3.7895612573872222e-14 -7.5791225147743372e-14 1.1368683772161554e-13 -7.1086228321864915e-28 -3.7895612573872513e-14 -2.3833854529359537e-26 1.1368683772186546e-13 7.5791225147744382e-14 -3.7895612573872311e-14 -1.1368683772161603e-13 7.5791225147743990e-14 0.0000000000000000e+00 -1.1368683772161689e-13 -7.5791225147743953e-14 3.7895612573871995e-14 7.5791225147742804e-14 1.1368683772161613e-13 -3.7895612573872128e-14 1.9968041663460250e-28 0.0000000000000000e+00 3.7895612573871718e-14 7.5791225147743940e-14 3.7895612573872058e-14 -7.5791225147619148e-14 -7.5791225147743763e-14 3.7895612573872279e-14 -7.5791225147743751e-14 -7.5791225147743940e-14 -7.5791225147744924e-14 -2.2737367544323206e-13 7.1884949988247594e-29 3.7895612573871938e-14 7.5791225147744117e-14 -3.7895612573872361e-14 -7.5791225147743889e-14 1.1368683772161671e-13 1.5158245029548864e-13 -3.7895612573870714e-14 1.1368683772161508e-13 7.5791225147743056e-14 0.0000000000000000e+00 -7.5791225147793556e-14 0.0000000000000000e+00 -7.5791225147744218e-14 3.7895612573872121e-14 3.7895612573871724e-14 1.1368683772161648e-13 0.0000000000000000e+00 -3.7895612573871730e-14 -3.7895612573872071e-14 3.7895612573872102e-14 -1.1368683772161603e-13 -7.5791225147744457e-14 0.0000000000000000e+00 -3.7895612573871484e-14 -3.7895612573872475e-14 1.1368683772161648e-13 -3.7895612573872008e-14 3.7895612573872349e-14 2.2737367544323206e-13 3.7895612573871699e-14 -3.7895612573872033e-14 -1.5158245029548816e-13 1.1368683772161574e-13 3.7895612573871919e-14 -3.7895612573872140e-14 6.0702846656838793e-28 -1.2779546664607549e-27 -1.5158245029548849e-13 3.0351423328386761e-28 -3.7895612573871692e-14 2.0766763329910258e-28 3.7895612573871856e-14 3.7895612573872620e-14 -7.5791225147743347e-14 3.7895612573871869e-14 -3.7895612573871699e-14 3.7895612573841331e-14 0.0000000000000000e+00 3.7895612573854369e-14 7.5791225147744293e-14 0.0000000000000000e+00 3.7895612573872361e-14 -3.7895612573872267e-14 -3.7895612573872393e-14 -6.3897733323088049e-28 2.3961649996095153e-28 -3.7895612574082085e-14 -1.6773154997235500e-28 -3.7895612573871534e-14 2.0766763329910352e-28 -1.1368683772161689e-13 9.4249156651118597e-28 -7.5791225147743094e-14 3.7895612573873112e-14 4.4289116409319380e-26
</DataArray>
        <DataArray type="Float64" format="ascii" Name="plastic_multiplier">
0.0000000000000000e+00 0.0000000000000000e+00 0.0000000000000000e+00 0.0000000000000000e+00 0.0000000000000000e+00 0.0000000000000000e+00 0.0000000000000000e+00 0.0000000000000000e+00 0.0000000000000000e+00 0.0000000000000000e+00 0.0000000000000000e+00 0.0000000000000000e+00 0.0000000000000000e+00 0.0000000000000000e+00 0.0000000000000000e+00 0.0000000000000000e+00 0.0000000000000000e+00 0.0000000000000000e+00 0.0000000000000000e+00 0.0000000000000000e+00 0.0000000000000000e+00 0.0000000000000000e+00 0.0000000000000000e+00 0.0000000000000000e+00 0.0000000000000000e+00 0.0000000000000000e+00 0.0000000000000000e+00 0.0000000000000000e+00 0.0000000000000000e+00 0.0000000000000000e+00 0.0000000000000000e+00 0.0000000000000000e+00 0.0000000000000000e+00 0.0000000000000000e+00 0.0000000000000000e+00 0.0000000000000000e+00 0.0000000000000000e+00 0.0000000000000000e+00 0.0000000000000000e+00 0.0000000000000000e+00 0.0000000000000000e+00 0.0000000000000000e+00 0.0000000000000000e+00 0.0000000000000000e+00 0.0000000000000000e+00 0.0000000000000000e+00 0.0000000000000000e+00 0.0000000000000000e+00 0.0000000000000000e+00 0.0000000000000000e+00 0.0000000000000000e+00 0.0000000000000000e+00 0.0000000000000000e+00 0.0000000000000000e+00 0.0000000000000000e+00 0.0000000000000000e+00 0.0000000000000000e+00 0.0000000000000000e+00 0.0000000000000000e+00 0.0000000000000000e+00 0.0000000000000000e+00 0.0000000000000000e+00 0.0000000000000000e+00 0.0000000000000000e+00 0.0000000000000000e+00 0.0000000000000000e+00 0.0000000000000000e+00 0.0000000000000000e+00 0.0000000000000000e+00 0.0000000000000000e+00 0.0000000000000000e+00 0.0000000000000000e+00 0.0000000000000000e+00 0.0000000000000000e+00 0.0000000000000000e+00 0.0000000000000000e+00 0.0000000000000000e+00 0.0000000000000000e+00 0.0000000000000000e+00 0.0000000000000000e+00 0.0000000000000000e+00 0.0000000000000000e+00 0.0000000000000000e+00 0.0000000000000000e+00 0.0000000000000000e+00 0.0000000000000000e+00 0.0000000000000000e+00 0.0000000000000000e+00 0.0000000000000000e+00 0.0000000000000000e+00 0.0000000000000000e+00 0.0000000000000000e+00 0.0000000000000000e+00 0.0000000000000000e+00 0.0000000000000000e+00 0.0000000000000000e+00 0.0000000000000000e+00 0.0000000000000000e+00 0.0000000000000000e+00 0.0000000000000000e+00 0.0000000000000000e+00 0.0000000000000000e+00 0.0000000000000000e+00 0.0000000000000000e+00 0.0000000000000000e+00 0.0000000000000000e+00 0.0000000000000000e+00 0.0000000000000000e+00 0.0000000000000000e+00 0.0000000000000000e+00 0.0000000000000000e+00 0.0000000000000000e+00 0.0000000000000000e+00 0.0000000000000000e+00 0.0000000000000000e+00 0.0000000000000000e+00 0.0000000000000000e+00 0.0000000000000000e+00 0.0000000000000000e+00 0.0000000000000000e+00 0.0000000000000000e+00 0.0000000000000000e+00 0.0000000000000000e+00 0.0000000000000000e+00 0.0000000000000000e+00 0.0000000000000000e+00 0.0000000000000000e+00 0.0000000000000000e+00 0.0000000000000000e+00 0.0000000000000000e+00 0.0000000000000000e+00 0.0000000000000000e+00 0.0000000000000000e+00 0.0000000000000000e+00 0.0000000000000000e+00 0.0000000000000000e+00 0.0000000000000000e+00 0.0000000000000000e+00 0.0000000000000000e+00 0.0000000000000000e+00 0.0000000000000000e+00 0.0000000000000000e+00 0.0000000000000000e+00 0.0000000000000000e+00 3.6049322622111463e-04 0.0000000000000000e+00 0.0000000000000000e+00 0.0000000000000000e+00 0.0000000000000000e+00 0.0000000000000000e+00 0.0000000000000000e+00 0.0000000000000000e+00 0.0000000000000000e+00 0.0000000000000000e+00 0.0000000000000000e+00 0.0000000000000000e+00 0.0000000000000000e+00 0.0000000000000000e+00 0.0000000000000000e+00 0.0000000000000000e+00 0.0000000000000000e+00 0.0000000000000000e+00 1.2032762010504071e-02 1.2402591924087408e-02 5.4614933830540134e-03 7.5538831257787372e-03 1.7949368445807560e-03 4.0964055657428996e-03 1.0487295087082578e-03 2.6311454354386709e-03 8.5443486949879648e-04 2.3701106702729759e-03 8.8214228368737636e-04 2.8316642073074462e-03 1.1513211337209786e-03 4.7311844579931263e-03 3.0117151879139850e-03 9.3645427301547058e-03 8.9139847936994549e-03 1.5996231203513667e-02 1.2924030737771272e-02 1.2987319371198900e-02 1.2424021284985917e-02 1.2456990226399711e-02 1.0186292010497715e-02 1.0732069686718531e-02 8.1106935212891442e-03 9.3667046511318412e-03 7.1275063950048184e-03 8.9655365246001390e-03 7.5462126112413172e-03 9.7449560292563932e-03 9.4631785188271506e-03 1.1591633340529936e-02 1.2298724806132946e-02 1.3519550455214887e-02 1.3491716755514168e-02 1.2030777215794347e-02 1.1882510903523028e-02 1.2436585998142615e-02 1.3362501048628173e-02 1.3689084069342395e-02 1.3095794452127356e-02 1.3596852494831271e-02 1.2126552785569938e-02 1.3012802910999760e-02 1.1544167975218261e-02 1.2835844387686535e-02 1.1940972874508082e-02 1.3368841454511279e-02 1.3100477889707089e-02 1.4000347435801374e-02 1.3606483354231634e-02 1.3421737364042894e-02 1.2408932866851968e-02 1.1631491043508860e-02 1.1837557477453020e-02 1.2629272888043030e-02 1.3653770178888622e-02 1.4282373763702711e-02 1.4687649832426364e-02 1.5300205832938745e-02 1.4951161469222313e-02 1.5717003150252533e-02 1.4987169994866181e-02 1.5855847926294912e-02 1.5107435307506122e-02 1.5759803797311674e-02 1.4972670845911102e-02 1.5086074683044400e-02 1.4028157413447017e-02 1.3708118300430210e-02 1.2432808360248912e-02 1.2022331533274328e-02 1.2518778671903872e-02 1.3360922231684884e-02 1.4180818799110602e-02 1.4928968164564500e-02 1.5646814085289871e-02 1.6291939957402347e-02 1.6632817372781026e-02 1.7172341737791648e-02 1.7046306825562810e-02 1.7406247204345773e-02 1.6851897413968062e-02 1.6929018248823983e-02 1.6002936709607063e-02 1.5824229294749595e-02 1.4647271460070855e-02 1.4386241311683937e-02 1.3079196213171293e-02 1.2845778946857418e-02 1.3508869870797418e-02 1.4277920820181910e-02 1.4904189133189458e-02 1.5575229844670531e-02 1.6268006438393896e-02 1.6781714920215650e-02 1.7329091997785009e-02 1.7619382172650397e-02 1.7786822075469583e-02 1.7822401173180159e-02 1.7504172811967707e-02 1.7329815938803356e-02 1.6589143645742647e-02 1.6333856021926590e-02 1.5329832726143021e-02 1.5114060357200266e-02 1.3967283793934549e-02 1.3845945174752133e-02 1.4512406346944718e-02 1.5106954109567151e-02 1.5556551758702700e-02 1.6040961070384694e-02 1.6589384101911117e-02 1.6916649027760553e-02 1.7413677256644600e-02 1.7534737876869225e-02 1.7775267268303249e-02 1.7685275014556037e-02 1.7548755738346838e-02 1.7321183784167107e-02 1.6836500332624463e-02 1.6585687477809988e-02 1.5865063879143680e-02 1.5688350028577078e-02 1.4832529803240273e-02 1.4784491321920099e-02 1.5314588115236548e-02 1.5689823343029440e-02 1.5984526113301492e-02 1.6278337311735846e-02 1.6677604943393612e-02 1.6867108881059412e-02 1.7245867117178518e-02 1.7290777595852853e-02 1.7501360820761189e-02 1.7399347851468096e-02 1.7352408856637604e-02 1.7156943900067698e-02 1.6859553013586256e-02 1.6651773786715469e-02 1.6184563313768222e-02 1.6045394284928637e-02 1.5501616059993785e-02 1.5489092928760509e-02 1.5796186342512609e-02 1.5968359751916947e-02 1.6188146155458060e-02 1.6369987360492562e-02 1.6660445428579845e-02 1.6786040636061091e-02 1.7047305149893582e-02 1.7072735393194424e-02 1.7222789525474284e-02 1.7149747240439037e-02 1.7131489525311870e-02 1.6995222094339742e-02 1.6801984683549900e-02 1.6652400866245507e-02 1.6341299036579493e-02 1.6231073335656845e-02 1.5906899126789161e-02 1.5886203308901409e-02
</DataArray>
      </CellData>
      <Points>
        <DataArray type="Float64" format="ascii" NumberOfComponents="3">
0.0000000000000000e+00 0.0000000000000000e+00 0.0000000000000000e+00 1.0000000000000000e+00 0.0000000000000000e+00 0.0000000000000000e+00 1.0000000000000000e+00 2.0000000000000000e+00 0.0000000000000000e+00 0.0000000000000000e+00 2.0000000000000000e+00 0.0000000000000000e+00 1.0000000000000000e+00 1.0000000000000000e+00 0.0000000000000000e+00 0.0000000000000000e+00 1.0000000000000000e+00 0.0000000000000000e+00 1.1111111111090820e-01 0.0000000000000000e+00 0.0000000000000000e+00 2.2222222222171431e-01 0.0000000000000000e+00 0.0000000000000000e+00 3.3333333333250098e-01 0.0000000000000000e+00 0.0000000000000000e+00 4.4444444444328779e-01 0.0000000000000000e+00 0.0000000000000000e+00 5.5555555555438330e-01 0.0000000000000000e+00 0.0000000000000000e+00 6.6666666666578744e-01 0.0000000000000000e+00 0.0000000000000000e+00 7.7777777777719159e-01 0.0000000000000000e+00 0.0000000000000000e+00 8.8888888888859585e-01 0.0000000000000000e+00 0.0000000000000000e+00 5.5555555555441602e-02 0.0000000000000000e+00 0.0000000000000000e+00 1.6666666666631960e-01 0.0000000000000000e+00 0.0000000000000000e+00 2.7777777777710772e-01 0.0000000000000000e+00 0.0000000000000000e+00 3.8888888888789441e-01 0.0000000000000000e+00 0.0000000000000000e+00 4.9999999999868139e-01 0.0000000000000000e+00 0.0000000000000000e+00 6.1111111111008543e-01 0.0000000000000000e+00 0.0000000000000000e+00 7.2222222222148957e-01 0.0000000000000000e+00 0.0000000000000000e+00 8.3333333333289372e-01 0.0000000000000000e+00 0.0000000000000000e+00 9.4444444444429798e-01 0.0000000000000000e+00 0.0000000000000000e+00 1.0000000000000000e+00 1.1111111111090820e-01 0.0000000000000000e+00 1.0000000000000000e+00 2.2222222222171431e-01 0.0000000000000000e+00 1.0000000000000000e+00 3.3333333333250098e-01 0.0000000000000000e+00 1.0000000000000000e+00 4.4444444444328779e-01 0.0000000000000000e+00 1.0000000000000000e+00 5.5555555555438330e-01 0.0000000000000000e+00 1.0000000000000000e+00 6.6666666666578744e-01 0.0000000000000000e+00 1.0000000000000000e+00 7.7777777777719159e-01 0.0000000000000000e+00 1.0000000000000000e+00 8.8888888888859585e-01 0.0000000000000000e+00 1.0000000000000000e+00 5.5555555555441602e-02 0.0000000000000000e+00 1.0000000000000000e+00 1.6666666666631960e-01 0.0000000000000000e+00 1.0000000000000000e+00 2.7777777777710772e-01 0.0000000000000000e+00 1.0000000000000000e+00 3.8888888888789441e-01 0.0000000000000000e+00 1.0000000000000000e+00 4.9999999999868139e-01 0.0000000000000000e+00 1.0000000000000000e+00 6.1111111111008543e-01 0.0000000000000000e+00 1.0000000000000000e+00 7.2222222222148957e-01 0.0000000000000000e+00 1.0000000000000000e+00 8.3333333333289372e-01 0.0000000000000000e+00 1.0000000000000000e+00 9.4444444444429798e-01 0.0000000000000000e+00 8.8888888888842621e-01 1.0000000000000000e+00 0.0000000000000000e+00 7.7777777777793200e-01 1.0000000000000000e+00 0.0000000000000000e+00 6.6666666666759178e-01 1.0000000000000000e+00 0.0000000000000000e+00 5.5555555555725133e-01 1.0000000000000000e+00 0.0000000000000000e+00 4.4444444444629427e-01 1.0000000000000000e+00 0.0000000000000000e+00 3.3333333333472071e-01 1.0000000000000000e+00 0.0000000000000000e+00 2.2222222222314711e-01 1.0000000000000000e+00 0.0000000000000000e+00 1.1111111111157360e-01 1.0000000000000000e+00 0.0000000000000000e+00 9.4444444444424491e-01 1.0000000000000000e+00 0.0000000000000000e+00 8.3333333333318171e-01 1.0000000000000000e+00 0.0000000000000000e+00 7.2222222222279631e-01 1.0000000000000000e+00 0.0000000000000000e+00 6.1111111111232574e-01 1.0000000000000000e+00 0.0000000000000000e+00 5.0000000000198208e-01 1.0000000000000000e+00 0.0000000000000000e+00 3.8888888889050749e-01 1.0000000000000000e+00 0.0000000000000000e+00 2.7777777777893392e-01 1.0000000000000000e+00 0.0000000000000000e+00 1.6666666666736041e-01 1.0000000000000000e+00 0.0000000000000000e+00 5.5555555555786729e-02 1.0000000000000000e+00 0.0000000000000000e+00 0.0000000000000000e+00 8.8888888888842621e-01 0.0000000000000000e+00 0.0000000000000000e+00 7.7777777777793200e-01 0.0000000000000000e+00 0.0000000000000000e+00 6.6666666666759178e-01 0.0000000000000000e+00 0.0000000000000000e+00 5.5555555555725133e-01 0.0000000000000000e+00 0.0000000000000000e+00 4.4444444444629427e-01 0.0000000000000000e+00 0.0000000000000000e+00 3.3333333333472071e-01 0.0000000000000000e+00 0.0000000000000000e+00 2.2222222222314711e-01 0.0000000000000000e+00 0.0000000000000000e+00 1.1111111111157360e-01 0.0000000000000000e+00 0.0000000000000000e+00 9.4444444444424491e-01 0.0000000000000000e+00 0.0000000000000000e+00 8.3333333333318171e-01 0.0000000000000000e+00 0.0000000000000000e+00 7.2222222222279631e-01 0.0000000000000000e+00 0.0000000000000000e+00 6.1111111111232574e-01 0.0000000000000000e+00 0.0000000000000000e+00 5.0000000000198208e-01 0.0000000000000000e+00 0.0000000000000000e+00 3.8888888889050749e-01 0.0000000000000000e+00 0.0000000000000000e+00 2.7777777777893392e-01 0.0000000000000000e+00 0.0000000000000000e+00 1.6666666666736041e-01 0.0000000000000000e+00 0.0000000000000000e+00 5.5555555555786729e-02 0.0000000000000000e+00 0.0000000000000000e+00 1.1111111111111109e+00 0.0000000000000000e+00 0.0000000000000000e+00 1.2222222222222221e+00 0.0000000000000000e+00 0.0000000000000000e+00 1.3333333333333330e+00 0.0000000000000000e+00 0.0000000000000000e+00 1.4444444444444440e+00 0.0000000000000000e+00 0.0000000000000000e+00 1.5555555555555560e+00 0.0000000000000000e+00 0.0000000000000000e+00 1.6666666666666670e+00 0.0000000000000000e+00 0.0000000000000000e+00 1.7777777777777779e+00 0.0000000000000000e+00 0.0000000000000000e+00 1.8888888888888891e+00 0.0000000000000000e+00 0.0000000000000000e+00 1.0555555555555229e+00 0.0000000000000000e+00 0.0000000000000000e+00 1.1666666666666441e+00 0.0000000000000000e+00 0.0000000000000000e+00 1.2777777777778541e+00 0.0000000000000000e+00 0.0000000000000000e+00 1.3888888888889610e+00 0.0000000000000000e+00 0.0000000000000000e+00 1.4999999999998170e+00 0.0000000000000000e+00 0.0000000000000000e+00 1.6111111111110770e+00 0.0000000000000000e+00 0.0000000000000000e+00 1.7222222222222030e+00 0.0000000000000000e+00 0.0000000000000000e+00 1.8333333333332540e+00 0.0000000000000000e+00 0.0000000000000000e+00 1.9444444444443749e+00 0.0000000000000000e+00 1.1111111111090820e-01 2.0000000000000000e+00 0.0000000000000000e+00 2.2222222222171431e-01 2.0000000000000000e+00 0.0000000000000000e+00 3.3333333333250098e-01 2.0000000000000000e+00 0.0000000000000000e+00 4.4444444444328779e-01 2.0000000000000000e+00 0.0000000000000000e+00 5.5555555555438330e-01 2.0000000000000000e+00 0.0000000000000000e+00 6.6666666666578744e-01 2.0000000000000000e+00 0.0000000000000000e+00 7.7777777777719159e-01 2.0000000000000000e+00 0.0000000000000000e+00 8.8888888888859585e-01 2.0000000000000000e+00 0.0000000000000000e+00 5.5555555555441602e-02 2.0000000000000000e+00 0.0000000000000000e+00 1.6666666666631960e-01 2.0000000000000000e+00 0.0000000000000000e+00 2.7777777777710772e-01 2.0000000000000000e+00 0.0000000000000000e+00 3.8888888888789441e-01 2.0000000000000000e+00 0.0000000000000000e+00 4.9999999999868139e-01 2.0000000000000000e+00 0.0000000000000000e+00 6.1111111111008543e-01 2.0000000000000000e+00 0.0000000000000000e+00 7.2222222222148957e-01 2.0000000000000000e+00 0.0000000000000000e+00 8.3333333333289372e-01 2.0000000000000000e+00 0.0000000000000000e+00 9.4444444444429798e-01 2.0000000000000000e+00 0.0000000000000000e+00 1.0000000000000000e+00 1.8888888888888891e+00 0.0000000000000000e+00 1.0000000000000000e+00 1.7777777777777779e+00 0.0000000000000000e+00 1.0000000000000000e+00 1.6666666666666670e+00 0.0000000000000000e+00 1.0000000000000000e+00 1.5555555555555560e+00 0.0000000000000000e+00 1.0000000000000000e+00 1.4444444444444440e+00 0.0000000000000000e+00 1.0000000000000000e+00 1.3333333333333330e+00 0.0000000000000000e+00 1.0000000000000000e+00 1.2222222222222221e+00 0.0000000000000000e+00 1.0000000000000000e+00 1.1111111111111109e+00 0.0000000000000000e+00 1.0000000000000000e+00 1.9444444444444771e+00 0.0000000000000000e+00 1.0000000000000000e+00 1.8333333333333559e+00 0.0000000000000000e+00 1.0000000000000000e+00 1.7222222222221459e+00 0.0000000000000000e+00 1.0000000000000000e+00 1.6111111111110390e+00 0.0000000000000000e+00 1.0000000000000000e+00 1.5000000000001830e+00 0.0000000000000000e+00 1.0000000000000000e+00 1.3888888888889230e+00 0.0000000000000000e+00 1.0000000000000000e+00 1.2777777777777970e+00 0.0000000000000000e+00 1.0000000000000000e+00 1.1666666666667460e+00 0.0000000000000000e+00 1.0000000000000000e+00 1.0555555555556251e+00 0.0000000000000000e+00 1.1111111111149960e-01 8.8888888888844508e-01 0.0000000000000000e+00 2.2222222222298790e-01 8.8888888888846396e-01 0.0000000000000000e+00 3.3333333333447412e-01 8.8888888888848250e-01 0.0000000000000000e+00 4.4444444444596021e-01 8.8888888888850170e-01 0.0000000000000000e+00 5.5555555555693259e-01 8.8888888888852058e-01 0.0000000000000000e+00 6.6666666666739127e-01 8.8888888888853923e-01 0.0000000000000000e+00 7.7777777777784962e-01 8.8888888888855844e-01 0.0000000000000000e+00 8.8888888888844497e-01 8.8888888888857698e-01 0.0000000000000000e+00 1.1111111111142570e-01 7.7777777777784973e-01 0.0000000000000000e+00 2.2222222222282870e-01 7.7777777777776747e-01 0.0000000000000000e+00 3.3333333333422738e-01 7.7777777777768509e-01 0.0000000000000000e+00 4.4444444444562609e-01 7.7777777777760293e-01 0.0000000000000000e+00 5.5555555555661418e-01 7.7777777777752055e-01 0.0000000000000000e+00 6.6666666666719099e-01 7.7777777777743839e-01 0.0000000000000000e+00 7.7777777777776747e-01 7.7777777777735624e-01 0.0000000000000000e+00 8.8888888888846407e-01 7.7777777777727386e-01 0.0000000000000000e+00 1.1111111111135180e-01 6.6666666666739127e-01 0.0000000000000000e+00 2.2222222222266949e-01 6.6666666666719077e-01 0.0000000000000000e+00 3.3333333333398091e-01 6.6666666666699048e-01 0.0000000000000000e+00 4.4444444444529219e-01 6.6666666666678998e-01 0.0000000000000000e+00 5.5555555555629532e-01 6.6666666666658925e-01 0.0000000000000000e+00 6.6666666666699026e-01 6.6666666666638896e-01 0.0000000000000000e+00 7.7777777777768531e-01 6.6666666666618823e-01 0.0000000000000000e+00 8.8888888888848272e-01 6.6666666666598795e-01 0.0000000000000000e+00 1.1111111111127790e-01 5.5555555555693270e-01 0.0000000000000000e+00 2.2222222222251031e-01 5.5555555555661407e-01 0.0000000000000000e+00 3.3333333333373422e-01 5.5555555555629543e-01 0.0000000000000000e+00 4.4444444444495812e-01 5.5555555555597658e-01 0.0000000000000000e+00 5.5555555555597658e-01 5.5555555555565794e-01 0.0000000000000000e+00 6.6666666666678998e-01 5.5555555555533931e-01 0.0000000000000000e+00 7.7777777777760293e-01 5.5555555555502067e-01 0.0000000000000000e+00 8.8888888888850159e-01 5.5555555555470204e-01 0.0000000000000000e+00 1.1111111111120391e-01 4.4444444444596032e-01 0.0000000000000000e+00 2.2222222222235111e-01 4.4444444444562609e-01 0.0000000000000000e+00 3.3333333333348752e-01 4.4444444444529219e-01 0.0000000000000000e+00 4.4444444444462411e-01 4.4444444444495801e-01 0.0000000000000000e+00 5.5555555555565805e-01 4.4444444444462411e-01 0.0000000000000000e+00 6.6666666666658925e-01 4.4444444444428999e-01 0.0000000000000000e+00 7.7777777777752055e-01 4.4444444444395592e-01 0.0000000000000000e+00 8.8888888888852047e-01 4.4444444444362202e-01 0.0000000000000000e+00 1.1111111111113001e-01 3.3333333333447401e-01 0.0000000000000000e+00 2.2222222222219190e-01 3.3333333333422738e-01 0.0000000000000000e+00 3.3333333333324089e-01 3.3333333333398091e-01 0.0000000000000000e+00 4.4444444444428999e-01 3.3333333333373422e-01 0.0000000000000000e+00 5.5555555555533920e-01 3.3333333333348758e-01 0.0000000000000000e+00 6.6666666666638896e-01 3.3333333333324089e-01 0.0000000000000000e+00 7.7777777777743839e-01 3.3333333333299420e-01 0.0000000000000000e+00 8.8888888888853934e-01 3.3333333333274773e-01 0.0000000000000000e+00 1.1111111111105609e-01 2.2222222222298799e-01 0.0000000000000000e+00 2.2222222222203269e-01 2.2222222222282870e-01 0.0000000000000000e+00 3.3333333333299442e-01 2.2222222222266949e-01 0.0000000000000000e+00 4.4444444444395592e-01 2.2222222222251031e-01 0.0000000000000000e+00 5.5555555555502079e-01 2.2222222222235111e-01 0.0000000000000000e+00 6.6666666666618846e-01 2.2222222222219190e-01 0.0000000000000000e+00 7.7777777777735602e-01 2.2222222222203269e-01 0.0000000000000000e+00 8.8888888888855822e-01 2.2222222222187349e-01 0.0000000000000000e+00 1.1111111111098219e-01 1.1111111111149960e-01 0.0000000000000000e+00 2.2222222222187349e-01 1.1111111111142570e-01 0.0000000000000000e+00 3.3333333333274773e-01 1.1111111111135180e-01 0.0000000000000000e+00 4.4444444444362191e-01 1.1111111111127790e-01 0.0000000000000000e+00 5.5555555555470193e-01 1.1111111111120391e-01 0.0000000000000000e+00 6.6666666666598795e-01 1.1111111111113001e-01 0.0000000000000000e+00 7.7777777777727386e-01 1.1111111111105609e-01 0.0000000000000000e+00 8.8888888888857709e-01 1.1111111111098219e-01 0.0000000000000000e+00 5.5555555555786777e-02 9.4444444444421305e-01 0.0000000000000000e+00 5.5555555555749807e-02 8.8888888888843565e-01 0.0000000000000000e+00 1.1111111111153660e-01 9.4444444444422260e-01 0.0000000000000000e+00 1.6666666666732341e-01 9.4444444444422260e-01 0.0000000000000000e+00 1.6666666666724381e-01 8.8888888888845452e-01 0.0000000000000000e+00 2.2222222222306751e-01 9.4444444444423192e-01 0.0000000000000000e+00 2.7777777777885432e-01 9.4444444444423192e-01 0.0000000000000000e+00 2.7777777777873103e-01 8.8888888888847317e-01 0.0000000000000000e+00 3.3333333333459741e-01 9.4444444444424125e-01 0.0000000000000000e+00 3.8888888889038420e-01 9.4444444444424125e-01 0.0000000000000000e+00 3.8888888889021722e-01 8.8888888888849205e-01 0.0000000000000000e+00 4.4444444444612718e-01 9.4444444444425080e-01 0.0000000000000000e+00 5.0000000000160583e-01 9.4444444444425080e-01 0.0000000000000000e+00 5.0000000000144640e-01 8.8888888888851114e-01 0.0000000000000000e+00 5.5555555555709191e-01 9.4444444444426034e-01 0.0000000000000000e+00 6.1111111111226224e-01 9.4444444444426034e-01 0.0000000000000000e+00 6.1111111111216188e-01 8.8888888888852990e-01 0.0000000000000000e+00 6.6666666666749153e-01 9.4444444444426967e-01 0.0000000000000000e+00 7.2222222222266164e-01 9.4444444444426967e-01 0.0000000000000000e+00 7.2222222222262045e-01 8.8888888888854889e-01 0.0000000000000000e+00 7.7777777777789081e-01 9.4444444444427922e-01 0.0000000000000000e+00 8.3333333333313786e-01 9.4444444444427922e-01 0.0000000000000000e+00 8.3333333333314730e-01 8.8888888888856776e-01 0.0000000000000000e+00 8.8888888888843565e-01 9.4444444444428854e-01 0.0000000000000000e+00 9.4444444444422249e-01 9.4444444444428854e-01 0.0000000000000000e+00 9.4444444444422249e-01 8.8888888888858641e-01 0.0000000000000000e+00 5.5555555555749807e-02 8.3333333333318849e-01 0.0000000000000000e+00 5.5555555555712857e-02 7.7777777777789092e-01 0.0000000000000000e+00 1.1111111111146270e-01 8.3333333333314741e-01 0.0000000000000000e+00 1.6666666666720681e-01 8.3333333333315684e-01 0.0000000000000000e+00 1.6666666666712721e-01 7.7777777777780854e-01 0.0000000000000000e+00 2.2222222222290830e-01 8.3333333333311566e-01 0.0000000000000000e+00 2.7777777777865142e-01 8.3333333333312498e-01 0.0000000000000000e+00 2.7777777777852808e-01 7.7777777777772628e-01 0.0000000000000000e+00 3.3333333333435078e-01 8.3333333333308379e-01 0.0000000000000000e+00 3.8888888889009382e-01 8.3333333333309345e-01 0.0000000000000000e+00 3.8888888888992668e-01 7.7777777777764401e-01 0.0000000000000000e+00 4.4444444444579312e-01 8.3333333333305237e-01 0.0000000000000000e+00 5.0000000000127931e-01 8.3333333333306170e-01 0.0000000000000000e+00 5.0000000000112010e-01 7.7777777777756174e-01 0.0000000000000000e+00 5.5555555555677338e-01 8.3333333333302062e-01 0.0000000000000000e+00 6.1111111111200267e-01 8.3333333333302995e-01 0.0000000000000000e+00 6.1111111111190253e-01 7.7777777777747947e-01 0.0000000000000000e+00 6.6666666666729113e-01 8.3333333333298887e-01 0.0000000000000000e+00 7.2222222222252030e-01 8.3333333333299842e-01 0.0000000000000000e+00 7.2222222222247923e-01 7.7777777777739732e-01 0.0000000000000000e+00 7.7777777777780854e-01 8.3333333333295734e-01 0.0000000000000000e+00 8.3333333333310622e-01 8.3333333333296666e-01 0.0000000000000000e+00 8.3333333333311577e-01 7.7777777777731505e-01 0.0000000000000000e+00 8.8888888888845452e-01 8.3333333333292536e-01 0.0000000000000000e+00 9.4444444444423203e-01 8.3333333333293491e-01 0.0000000000000000e+00 9.4444444444423203e-01 7.7777777777723278e-01 0.0000000000000000e+00 5.5555555555712857e-02 7.2222222222272081e-01 0.0000000000000000e+00 5.5555555555675901e-02 6.6666666666749153e-01 0.0000000000000000e+00 1.1111111111138880e-01 7.2222222222262045e-01 0.0000000000000000e+00 1.6666666666709029e-01 7.2222222222257937e-01 0.0000000000000000e+00 1.6666666666701069e-01 6.6666666666729102e-01 0.0000000000000000e+00 2.2222222222274909e-01 7.2222222222247912e-01 0.0000000000000000e+00 2.7777777777844848e-01 7.2222222222243793e-01 0.0000000000000000e+00 2.7777777777832519e-01 6.6666666666709062e-01 0.0000000000000000e+00 3.3333333333410409e-01 7.2222222222233778e-01 0.0000000000000000e+00 3.8888888888980350e-01 7.2222222222229671e-01 0.0000000000000000e+00 3.8888888888963657e-01 6.6666666666689023e-01 0.0000000000000000e+00 4.4444444444545922e-01 7.2222222222219645e-01 0.0000000000000000e+00 5.0000000000095324e-01 7.2222222222215526e-01 0.0000000000000000e+00 5.0000000000079381e-01 6.6666666666668961e-01 0.0000000000000000e+00 5.5555555555645475e-01 7.2222222222205490e-01 0.0000000000000000e+00 6.1111111111174310e-01 7.2222222222201382e-01 0.0000000000000000e+00 6.1111111111164274e-01 6.6666666666648910e-01 0.0000000000000000e+00 6.6666666666709062e-01 7.2222222222191368e-01 0.0000000000000000e+00 7.2222222222237886e-01 7.2222222222187260e-01 0.0000000000000000e+00 7.2222222222233778e-01 6.6666666666628860e-01 0.0000000000000000e+00 7.7777777777772639e-01 7.2222222222177224e-01 0.0000000000000000e+00 8.3333333333307469e-01 7.2222222222173105e-01 0.0000000000000000e+00 8.3333333333308401e-01 6.6666666666608809e-01 0.0000000000000000e+00 8.8888888888847339e-01 7.2222222222163091e-01 0.0000000000000000e+00 9.4444444444424136e-01 7.2222222222158972e-01 0.0000000000000000e+00 9.4444444444424136e-01 6.6666666666588770e-01 0.0000000000000000e+00 5.5555555555675901e-02 6.1111111111232130e-01 0.0000000000000000e+00 5.5555555555638930e-02 5.5555555555709202e-01 0.0000000000000000e+00 1.1111111111131480e-01 6.1111111111216199e-01 0.0000000000000000e+00 1.6666666666697369e-01 6.1111111111206173e-01 0.0000000000000000e+00 1.6666666666689409e-01 5.5555555555677338e-01 0.0000000000000000e+00 2.2222222222258989e-01 6.1111111111190242e-01 0.0000000000000000e+00 2.7777777777824558e-01 6.1111111111180227e-01 0.0000000000000000e+00 2.7777777777812218e-01 5.5555555555645475e-01 0.0000000000000000e+00 3.3333333333385751e-01 6.1111111111164296e-01 0.0000000000000000e+00 3.8888888888951317e-01 6.1111111111154270e-01 0.0000000000000000e+00 3.8888888888934608e-01 5.5555555555613600e-01 0.0000000000000000e+00 4.4444444444512521e-01 6.1111111111138328e-01 0.0000000000000000e+00 5.0000000000062672e-01 6.1111111111128291e-01 0.0000000000000000e+00 5.0000000000046740e-01 5.5555555555581726e-01 0.0000000000000000e+00 5.5555555555613600e-01 6.1111111111112359e-01 0.0000000000000000e+00 6.1111111111148342e-01 6.1111111111102345e-01 0.0000000000000000e+00 6.1111111111138328e-01 5.5555555555549863e-01 0.0000000000000000e+00 6.6666666666689012e-01 6.1111111111086414e-01 0.0000000000000000e+00 7.2222222222223764e-01 6.1111111111076377e-01 0.0000000000000000e+00 7.2222222222219645e-01 5.5555555555517999e-01 0.0000000000000000e+00 7.7777777777764412e-01 6.1111111111060445e-01 0.0000000000000000e+00 8.3333333333304282e-01 6.1111111111050431e-01 0.0000000000000000e+00 8.3333333333305226e-01 5.5555555555486136e-01 0.0000000000000000e+00 8.8888888888849216e-01 6.1111111111034500e-01 0.0000000000000000e+00 9.4444444444425080e-01 6.1111111111024474e-01 0.0000000000000000e+00 9.4444444444425080e-01 5.5555555555454261e-01 0.0000000000000000e+00 5.5555555555638930e-02 5.0000000000161349e-01 0.0000000000000000e+00 5.5555555555601960e-02 4.4444444444612730e-01 0.0000000000000000e+00 1.1111111111124090e-01 5.0000000000144651e-01 0.0000000000000000e+00 1.6666666666685709e-01 5.0000000000128719e-01 0.0000000000000000e+00 1.6666666666677751e-01 4.4444444444579317e-01 0.0000000000000000e+00 2.2222222222243071e-01 5.0000000000112010e-01 0.0000000000000000e+00 2.7777777777804258e-01 5.0000000000096079e-01 0.0000000000000000e+00 2.7777777777791929e-01 4.4444444444545922e-01 0.0000000000000000e+00 3.3333333333361082e-01 5.0000000000079381e-01 0.0000000000000000e+00 3.8888888888922279e-01 5.0000000000063438e-01 0.0000000000000000e+00 3.8888888888905582e-01 4.4444444444512510e-01 0.0000000000000000e+00 4.4444444444479109e-01 5.0000000000046729e-01 0.0000000000000000e+00 5.0000000000030032e-01 5.0000000000030798e-01 0.0000000000000000e+00 5.0000000000014100e-01 4.4444444444479098e-01 0.0000000000000000e+00 5.5555555555581737e-01 5.0000000000014100e-01 0.0000000000000000e+00 6.1111111111122396e-01 4.9999999999998168e-01 0.0000000000000000e+00 6.1111111111112359e-01 4.4444444444445702e-01 0.0000000000000000e+00 6.6666666666668961e-01 4.9999999999981459e-01 0.0000000000000000e+00 7.2222222222209609e-01 4.9999999999965528e-01 0.0000000000000000e+00 7.2222222222205490e-01 4.4444444444412301e-01 0.0000000000000000e+00 7.7777777777756174e-01 4.9999999999948830e-01 0.0000000000000000e+00 8.3333333333301107e-01 4.9999999999932898e-01 0.0000000000000000e+00 8.3333333333302051e-01 4.4444444444378889e-01 0.0000000000000000e+00 8.8888888888851103e-01 4.9999999999916200e-01 0.0000000000000000e+00 9.4444444444426023e-01 4.9999999999900258e-01 0.0000000000000000e+00 9.4444444444426023e-01 4.4444444444345488e-01 0.0000000000000000e+00 5.5555555555601960e-02 3.8888888889034051e-01 0.0000000000000000e+00 5.5555555555565003e-02 3.3333333333459741e-01 0.0000000000000000e+00 1.1111111111116700e-01 3.8888888889021711e-01 0.0000000000000000e+00 1.6666666666674060e-01 3.8888888889005002e-01 0.0000000000000000e+00 1.6666666666666100e-01 3.3333333333435072e-01 0.0000000000000000e+00 2.2222222222227150e-01 3.8888888888992679e-01 0.0000000000000000e+00 2.7777777777783969e-01 3.8888888888975981e-01 0.0000000000000000e+00 2.7777777777771639e-01 3.3333333333410409e-01 0.0000000000000000e+00 3.3333333333336418e-01 3.8888888888963652e-01 0.0000000000000000e+00 3.8888888888893253e-01 3.8888888888946938e-01 0.0000000000000000e+00 3.8888888888876549e-01 3.3333333333385751e-01 0.0000000000000000e+00 4.4444444444445702e-01 3.8888888888934608e-01 0.0000000000000000e+00 4.9999999999997402e-01 3.8888888888917911e-01 0.0000000000000000e+00 4.9999999999981459e-01 3.3333333333361093e-01 0.0000000000000000e+00 5.5555555555549863e-01 3.8888888888905582e-01 0.0000000000000000e+00 6.1111111111096417e-01 3.8888888888888878e-01 0.0000000000000000e+00 6.1111111111086402e-01 3.3333333333336418e-01 0.0000000000000000e+00 6.6666666666648910e-01 3.8888888888876538e-01 0.0000000000000000e+00 7.2222222222195476e-01 3.8888888888859841e-01 0.0000000000000000e+00 7.2222222222191368e-01 3.3333333333311749e-01 0.0000000000000000e+00 7.7777777777747947e-01 3.8888888888847511e-01 0.0000000000000000e+00 8.3333333333297943e-01 3.8888888888830808e-01 0.0000000000000000e+00 8.3333333333298887e-01 3.3333333333287102e-01 0.0000000000000000e+00 8.8888888888852990e-01 3.8888888888818479e-01 0.0000000000000000e+00 9.4444444444426967e-01 3.8888888888801781e-01 0.0000000000000000e+00 9.4444444444426967e-01 3.3333333333262438e-01 0.0000000000000000e+00 5.5555555555565003e-02 2.7777777777881052e-01 0.0000000000000000e+00 5.5555555555528047e-02 2.2222222222306759e-01 0.0000000000000000e+00 1.1111111111109299e-01 2.7777777777873103e-01 0.0000000000000000e+00 1.6666666666662400e-01 2.7777777777860768e-01 0.0000000000000000e+00 1.6666666666654439e-01 2.2222222222290830e-01 0.0000000000000000e+00 2.2222222222211230e-01 2.7777777777852808e-01 0.0000000000000000e+00 2.7777777777763679e-01 2.7777777777840468e-01 0.0000000000000000e+00 2.7777777777751361e-01 2.2222222222274909e-01 0.0000000000000000e+00 3.3333333333311771e-01 2.7777777777832519e-01 0.0000000000000000e+00 3.8888888888864209e-01 2.7777777777820178e-01 0.0000000000000000e+00 3.8888888888847523e-01 2.2222222222258989e-01 0.0000000000000000e+00 4.4444444444412301e-01 2.7777777777812218e-01 0.0000000000000000e+00 4.9999999999964762e-01 2.7777777777799889e-01 0.0000000000000000e+00 4.9999999999948841e-01 2.2222222222243071e-01 0.0000000000000000e+00 5.5555555555517999e-01 2.7777777777791929e-01 0.0000000000000000e+00 6.1111111111070482e-01 2.7777777777779600e-01 0.0000000000000000e+00 6.1111111111060468e-01 2.2222222222227150e-01 0.0000000000000000e+00 6.6666666666628871e-01 2.7777777777771639e-01 0.0000000000000000e+00 7.2222222222181343e-01 2.7777777777759299e-01 0.0000000000000000e+00 7.2222222222177224e-01 2.2222222222211230e-01 0.0000000000000000e+00 7.7777777777739721e-01 2.7777777777751339e-01 0.0000000000000000e+00 8.3333333333294768e-01 2.7777777777739021e-01 0.0000000000000000e+00 8.3333333333295712e-01 2.2222222222195309e-01 0.0000000000000000e+00 8.8888888888854878e-01 2.7777777777731061e-01 0.0000000000000000e+00 9.4444444444427911e-01 2.7777777777718732e-01 0.0000000000000000e+00 9.4444444444427911e-01 2.2222222222179391e-01 0.0000000000000000e+00 5.5555555555528047e-02 1.6666666666728081e-01 0.0000000000000000e+00 5.5555555555491083e-02 1.1111111111153660e-01 0.0000000000000000e+00 1.1111111111101910e-01 1.6666666666724381e-01 0.0000000000000000e+00 1.6666666666650740e-01 1.6666666666716409e-01 0.0000000000000000e+00 1.6666666666642779e-01 1.1111111111146270e-01 0.0000000000000000e+00 2.2222222222195309e-01 1.6666666666712721e-01 0.0000000000000000e+00 2.7777777777743401e-01 1.6666666666704760e-01 0.0000000000000000e+00 2.7777777777731061e-01 1.1111111111138870e-01 0.0000000000000000e+00 3.3333333333287107e-01 1.6666666666701069e-01 0.0000000000000000e+00 3.8888888888835182e-01 1.6666666666693111e-01 0.0000000000000000e+00 3.8888888888818479e-01 1.1111111111131480e-01 0.0000000000000000e+00 4.4444444444378889e-01 1.6666666666689409e-01 0.0000000000000000e+00 4.9999999999932132e-01 1.6666666666681451e-01 0.0000000000000000e+00 4.9999999999916189e-01 1.1111111111124090e-01 0.0000000000000000e+00 5.5555555555486136e-01 1.6666666666677751e-01 0.0000000000000000e+00 6.1111111111044525e-01 1.6666666666669791e-01 0.0000000000000000e+00 6.1111111111034488e-01 1.1111111111116700e-01 0.0000000000000000e+00 6.6666666666608820e-01 1.6666666666666100e-01 0.0000000000000000e+00 7.2222222222167198e-01 1.6666666666658139e-01 0.0000000000000000e+00 7.2222222222163091e-01 1.1111111111109299e-01 0.0000000000000000e+00 7.7777777777731494e-01 1.6666666666654439e-01 0.0000000000000000e+00 8.3333333333291604e-01 1.6666666666646479e-01 0.0000000000000000e+00 8.3333333333292547e-01 1.1111111111101910e-01 0.0000000000000000e+00 8.8888888888856765e-01 1.6666666666642779e-01 0.0000000000000000e+00 9.4444444444428854e-01 1.6666666666634819e-01 0.0000000000000000e+00 9.4444444444428854e-01 1.1111111111094520e-01 0.0000000000000000e+00 5.5555555555491083e-02 5.5555555555749821e-02 0.0000000000000000e+00 1.1111111111094520e-01 5.5555555555749821e-02 0.0000000000000000e+00 1.6666666666639091e-01 5.5555555555712843e-02 0.0000000000000000e+00 2.2222222222179391e-01 5.5555555555712843e-02 0.0000000000000000e+00 2.7777777777723101e-01 5.5555555555675901e-02 0.0000000000000000e+00 3.3333333333262438e-01 5.5555555555675901e-02 0.0000000000000000e+00 3.8888888888806139e-01 5.5555555555638930e-02 0.0000000000000000e+00 4.4444444444345488e-01 5.5555555555638930e-02 0.0000000000000000e+00 4.9999999999899492e-01 5.5555555555601967e-02 0.0000000000000000e+00 5.5555555555454261e-01 5.5555555555601967e-02 0.0000000000000000e+00 6.1111111111018568e-01 5.5555555555565003e-02 0.0000000000000000e+00 6.6666666666588770e-01 5.5555555555565003e-02 0.0000000000000000e+00 7.2222222222153065e-01 5.5555555555528047e-02 0.0000000000000000e+00 7.7777777777723278e-01 5.5555555555528047e-02 0.0000000000000000e+00 8.3333333333288429e-01 5.5555555555491083e-02 0.0000000000000000e+00 8.8888888888858641e-01 5.5555555555491083e-02 0.0000000000000000e+00 9.4444444444429787e-01 5.5555555555454113e-02 0.0000000000000000e+00 1.1111111111149960e-01 1.1111111111111109e+00 0.0000000000000000e+00 2.2222222222298790e-01 1.1111111111111109e+00 0.0000000000000000e+00 3.3333333333447412e-01 1.1111111111111109e+00 0.0000000000000000e+00 4.4444444444596021e-01 1.1111111111111109e+00 0.0000000000000000e+00 5.5555555555693259e-01 1.1111111111111109e+00 0.0000000000000000e+00 6.6666666666739127e-01 1.1111111111111109e+00 0.0000000000000000e+00 7.7777777777784962e-01 1.1111111111111109e+00 0.0000000000000000e+00 8.8888888888844497e-01 1.1111111111111109e+00 0.0000000000000000e+00 1.1111111111142570e-01 1.2222222222222221e+00 0.0000000000000000e+00 2.2222222222282870e-01 1.2222222222222221e+00 0.0000000000000000e+00 3.3333333333422738e-01 1.2222222222222221e+00 0.0000000000000000e+00 4.4444444444562609e-01 1.2222222222222221e+00 0.0000000000000000e+00 5.5555555555661396e-01 1.2222222222222221e+00 0.0000000000000000e+00 6.6666666666719099e-01 1.2222222222222221e+00 0.0000000000000000e+00 7.7777777777776747e-01 1.2222222222222221e+00 0.0000000000000000e+00 8.8888888888846385e-01 1.2222222222222221e+00 0.0000000000000000e+00 1.1111111111135180e-01 1.3333333333333330e+00 0.0000000000000000e+00 2.2222222222266949e-01 1.3333333333333330e+00 0.0000000000000000e+00 3.3333333333398091e-01 1.3333333333333330e+00 0.0000000000000000e+00 4.4444444444529219e-01 1.3333333333333330e+00 0.0000000000000000e+00 5.5555555555629532e-01 1.3333333333333330e+00 0.0000000000000000e+00 6.6666666666699026e-01 1.3333333333333330e+00 0.0000000000000000e+00 7.7777777777768531e-01 1.3333333333333339e+00 0.0000000000000000e+00 8.8888888888848272e-01 1.3333333333333330e+00 0.0000000000000000e+00 1.1111111111127790e-01 1.4444444444444440e+00 0.0000000000000000e+00 2.2222222222251031e-01 1.4444444444444440e+00 0.0000000000000000e+00 3.3333333333373422e-01 1.4444444444444440e+00 0.0000000000000000e+00 4.4444444444495812e-01 1.4444444444444451e+00 0.0000000000000000e+00 5.5555555555597669e-01 1.4444444444444440e+00 0.0000000000000000e+00 6.6666666666678998e-01 1.4444444444444440e+00 0.0000000000000000e+00 7.7777777777760293e-01 1.4444444444444440e+00 0.0000000000000000e+00 8.8888888888850159e-01 1.4444444444444440e+00 0.0000000000000000e+00 1.1111111111120391e-01 1.5555555555555549e+00 0.0000000000000000e+00 2.2222222222235111e-01 1.5555555555555560e+00 0.0000000000000000e+00 3.3333333333348752e-01 1.5555555555555549e+00 0.0000000000000000e+00 4.4444444444462411e-01 1.5555555555555549e+00 0.0000000000000000e+00 5.5555555555565805e-01 1.5555555555555560e+00 0.0000000000000000e+00 6.6666666666658925e-01 1.5555555555555560e+00 0.0000000000000000e+00 7.7777777777752055e-01 1.5555555555555560e+00 0.0000000000000000e+00 8.8888888888852047e-01 1.5555555555555560e+00 0.0000000000000000e+00 1.1111111111113001e-01 1.6666666666666670e+00 0.0000000000000000e+00 2.2222222222219190e-01 1.6666666666666670e+00 0.0000000000000000e+00 3.3333333333324089e-01 1.6666666666666670e+00 0.0000000000000000e+00 4.4444444444428999e-01 1.6666666666666670e+00 0.0000000000000000e+00 5.5555555555533920e-01 1.6666666666666661e+00 0.0000000000000000e+00 6.6666666666638896e-01 1.6666666666666670e+00 0.0000000000000000e+00 7.7777777777743839e-01 1.6666666666666670e+00 0.0000000000000000e+00 8.8888888888853934e-01 1.6666666666666661e+00 0.0000000000000000e+00 1.1111111111105609e-01 1.7777777777777770e+00 0.0000000000000000e+00 2.2222222222203269e-01 1.7777777777777779e+00 0.0000000000000000e+00 3.3333333333299442e-01 1.7777777777777779e+00 0.0000000000000000e+00 4.4444444444395592e-01 1.7777777777777779e+00 0.0000000000000000e+00 5.5555555555502079e-01 1.7777777777777779e+00 0.0000000000000000e+00 6.6666666666618823e-01 1.7777777777777779e+00 0.0000000000000000e+00 7.7777777777735624e-01 1.7777777777777779e+00 0.0000000000000000e+00 8.8888888888855822e-01 1.7777777777777779e+00 0.0000000000000000e+00 1.1111111111098219e-01 1.8888888888888891e+00 0.0000000000000000e+00 2.2222222222187349e-01 1.8888888888888891e+00 0.0000000000000000e+00 3.3333333333274773e-01 1.8888888888888891e+00 0.0000000000000000e+00 4.4444444444362202e-01 1.8888888888888891e+00 0.0000000000000000e+00 5.5555555555470193e-01 1.8888888888888891e+00 0.0000000000000000e+00 6.6666666666598795e-01 1.8888888888888891e+00 0.0000000000000000e+00 7.7777777777727386e-01 1.8888888888888891e+00 0.0000000000000000e+00 8.8888888888857687e-01 1.8888888888888891e+00 0.0000000000000000e+00 5.5555555555786777e-02 1.0555555555555560e+00 0.0000000000000000e+00 5.5555555555749807e-02 1.1111111111111109e+00 0.0000000000000000e+00 1.1111111111153660e-01 1.0555555555555560e+00 0.0000000000000000e+00 1.6666666666732341e-01 1.0555555555555560e+00 0.0000000000000000e+00 1.6666666666724381e-01 1.1111111111111109e+00 0.0000000000000000e+00 2.2222222222306751e-01 1.0555555555555549e+00 0.0000000000000000e+00 2.7777777777885432e-01 1.0555555555555549e+00 0.0000000000000000e+00 2.7777777777873103e-01 1.1111111111111109e+00 0.0000000000000000e+00 3.3333333333459741e-01 1.0555555555555560e+00 0.0000000000000000e+00 3.8888888889038420e-01 1.0555555555555560e+00 0.0000000000000000e+00 3.8888888889021711e-01 1.1111111111111109e+00 0.0000000000000000e+00 4.4444444444612718e-01 1.0555555555555560e+00 0.0000000000000000e+00 5.0000000000160583e-01 1.0555555555555560e+00 0.0000000000000000e+00 5.0000000000144640e-01 1.1111111111111109e+00 0.0000000000000000e+00 5.5555555555709191e-01 1.0555555555555560e+00 0.0000000000000000e+00 6.1111111111226224e-01 1.0555555555555560e+00 0.0000000000000000e+00 6.1111111111216188e-01 1.1111111111111109e+00 0.0000000000000000e+00 6.6666666666749153e-01 1.0555555555555560e+00 0.0000000000000000e+00 7.2222222222266164e-01 1.0555555555555560e+00 0.0000000000000000e+00 7.2222222222262045e-01 1.1111111111111109e+00 0.0000000000000000e+00 7.7777777777789081e-01 1.0555555555555560e+00 0.0000000000000000e+00 8.3333333333313786e-01 1.0555555555555560e+00 0.0000000000000000e+00 8.3333333333314730e-01 1.1111111111111109e+00 0.0000000000000000e+00 8.8888888888843565e-01 1.0555555555555560e+00 0.0000000000000000e+00 9.4444444444422249e-01 1.0555555555555560e+00 0.0000000000000000e+00 9.4444444444422249e-01 1.1111111111111109e+00 0.0000000000000000e+00 5.5555555555749807e-02 1.1666666666666670e+00 0.0000000000000000e+00 5.5555555555712857e-02 1.2222222222222221e+00 0.0000000000000000e+00 1.1111111111146270e-01 1.1666666666666670e+00 0.0000000000000000e+00 1.6666666666720681e-01 1.1666666666666670e+00 0.0000000000000000e+00 1.6666666666712721e-01 1.2222222222222221e+00 0.0000000000000000e+00 2.2222222222290830e-01 1.1666666666666670e+00 0.0000000000000000e+00 2.7777777777865142e-01 1.1666666666666670e+00 0.0000000000000000e+00 2.7777777777852808e-01 1.2222222222222221e+00 0.0000000000000000e+00 3.3333333333435072e-01 1.1666666666666670e+00 0.0000000000000000e+00 3.8888888889009382e-01 1.1666666666666670e+00 0.0000000000000000e+00 3.8888888888992679e-01 1.2222222222222221e+00 0.0000000000000000e+00 4.4444444444579317e-01 1.1666666666666670e+00 0.0000000000000000e+00 5.0000000000127942e-01 1.1666666666666670e+00 0.0000000000000000e+00 5.0000000000111999e-01 1.2222222222222221e+00 0.0000000000000000e+00 5.5555555555677327e-01 1.1666666666666670e+00 0.0000000000000000e+00 6.1111111111200267e-01 1.1666666666666670e+00 0.0000000000000000e+00 6.1111111111190253e-01 1.2222222222222221e+00 0.0000000000000000e+00 6.6666666666729113e-01 1.1666666666666670e+00 0.0000000000000000e+00 7.2222222222252030e-01 1.1666666666666670e+00 0.0000000000000000e+00 7.2222222222247923e-01 1.2222222222222221e+00 0.0000000000000000e+00 7.7777777777780854e-01 1.1666666666666670e+00 0.0000000000000000e+00 8.3333333333310622e-01 1.1666666666666670e+00 0.0000000000000000e+00 8.3333333333311566e-01 1.2222222222222221e+00 0.0000000000000000e+00 8.8888888888845441e-01 1.1666666666666670e+00 0.0000000000000000e+00 9.4444444444423192e-01 1.1666666666666670e+00 0.0000000000000000e+00 9.4444444444423192e-01 1.2222222222222221e+00 0.0000000000000000e+00 5.5555555555712857e-02 1.2777777777777779e+00 0.0000000000000000e+00 5.5555555555675901e-02 1.3333333333333330e+00 0.0000000000000000e+00 1.1111111111138880e-01 1.2777777777777779e+00 0.0000000000000000e+00 1.6666666666709029e-01 1.2777777777777779e+00 0.0000000000000000e+00 1.6666666666701069e-01 1.3333333333333330e+00 0.0000000000000000e+00 2.2222222222274909e-01 1.2777777777777779e+00 0.0000000000000000e+00 2.7777777777844848e-01 1.2777777777777779e+00 0.0000000000000000e+00 2.7777777777832519e-01 1.3333333333333330e+00 0.0000000000000000e+00 3.3333333333410409e-01 1.2777777777777779e+00 0.0000000000000000e+00 3.8888888888980361e-01 1.2777777777777779e+00 0.0000000000000000e+00 3.8888888888963657e-01 1.3333333333333330e+00 0.0000000000000000e+00 4.4444444444545922e-01 1.2777777777777779e+00 0.0000000000000000e+00 5.0000000000095302e-01 1.2777777777777779e+00 0.0000000000000000e+00 5.0000000000079381e-01 1.3333333333333330e+00 0.0000000000000000e+00 5.5555555555645464e-01 1.2777777777777779e+00 0.0000000000000000e+00 6.1111111111174310e-01 1.2777777777777779e+00 0.0000000000000000e+00 6.1111111111164274e-01 1.3333333333333330e+00 0.0000000000000000e+00 6.6666666666709062e-01 1.2777777777777779e+00 0.0000000000000000e+00 7.2222222222237886e-01 1.2777777777777779e+00 0.0000000000000000e+00 7.2222222222233778e-01 1.3333333333333330e+00 0.0000000000000000e+00 7.7777777777772639e-01 1.2777777777777779e+00 0.0000000000000000e+00 8.3333333333307458e-01 1.2777777777777779e+00 0.0000000000000000e+00 8.3333333333308401e-01 1.3333333333333330e+00 0.0000000000000000e+00 8.8888888888847328e-01 1.2777777777777779e+00 0.0000000000000000e+00 9.4444444444424136e-01 1.2777777777777779e+00 0.0000000000000000e+00 9.4444444444424136e-01 1.3333333333333330e+00 0.0000000000000000e+00 5.5555555555675901e-02 1.3888888888888891e+00 0.0000000000000000e+00 5.5555555555638930e-02 1.4444444444444440e+00 0.0000000000000000e+00 1.1111111111131480e-01 1.3888888888888891e+00 0.0000000000000000e+00 1.6666666666697369e-01 1.3888888888888880e+00 0.0000000000000000e+00 1.6666666666689409e-01 1.4444444444444440e+00 0.0000000000000000e+00 2.2222222222258989e-01 1.3888888888888891e+00 0.0000000000000000e+00 2.7777777777824558e-01 1.3888888888888891e+00 0.0000000000000000e+00 2.7777777777812229e-01 1.4444444444444440e+00 0.0000000000000000e+00 3.3333333333385762e-01 1.3888888888888891e+00 0.0000000000000000e+00 3.8888888888951317e-01 1.3888888888888891e+00 0.0000000000000000e+00 3.8888888888934608e-01 1.4444444444444451e+00 0.0000000000000000e+00 4.4444444444512521e-01 1.3888888888888891e+00 0.0000000000000000e+00 5.0000000000062672e-01 1.3888888888888891e+00 0.0000000000000000e+00 5.0000000000046740e-01 1.4444444444444451e+00 0.0000000000000000e+00 5.5555555555613600e-01 1.3888888888888891e+00 0.0000000000000000e+00 6.1111111111148353e-01 1.3888888888888891e+00 0.0000000000000000e+00 6.1111111111138339e-01 1.4444444444444440e+00 0.0000000000000000e+00 6.6666666666689012e-01 1.3888888888888891e+00 0.0000000000000000e+00 7.2222222222223764e-01 1.3888888888888891e+00 0.0000000000000000e+00 7.2222222222219645e-01 1.4444444444444440e+00 0.0000000000000000e+00 7.7777777777764412e-01 1.3888888888888891e+00 0.0000000000000000e+00 8.3333333333304282e-01 1.3888888888888891e+00 0.0000000000000000e+00 8.3333333333305226e-01 1.4444444444444440e+00 0.0000000000000000e+00 8.8888888888849216e-01 1.3888888888888891e+00 0.0000000000000000e+00 9.4444444444425080e-01 1.3888888888888891e+00 0.0000000000000000e+00 9.4444444444425080e-01 1.4444444444444440e+00 0.0000000000000000e+00 5.5555555555638930e-02 1.5000000000000000e+00 0.0000000000000000e+00 5.5555555555601960e-02 1.5555555555555549e+00 0.0000000000000000e+00 1.1111111111124090e-01 1.5000000000000000e+00 0.0000000000000000e+00 1.6666666666685709e-01 1.5000000000000000e+00 0.0000000000000000e+00 1.6666666666677751e-01 1.5555555555555560e+00 0.0000000000000000e+00 2.2222222222243071e-01 1.5000000000000000e+00 0.0000000000000000e+00 2.7777777777804269e-01 1.5000000000000000e+00 0.0000000000000000e+00 2.7777777777791929e-01 1.5555555555555560e+00 0.0000000000000000e+00 3.3333333333361093e-01 1.5000000000000000e+00 0.0000000000000000e+00 3.8888888888922279e-01 1.5000000000000000e+00 0.0000000000000000e+00 3.8888888888905582e-01 1.5555555555555549e+00 0.0000000000000000e+00 4.4444444444479109e-01 1.5000000000000000e+00 0.0000000000000000e+00 5.0000000000030043e-01 1.5000000000000000e+00 0.0000000000000000e+00 5.0000000000014100e-01 1.5555555555555549e+00 0.0000000000000000e+00 5.5555555555581737e-01 1.5000000000000000e+00 0.0000000000000000e+00 6.1111111111122396e-01 1.5000000000000000e+00 0.0000000000000000e+00 6.1111111111112359e-01 1.5555555555555560e+00 0.0000000000000000e+00 6.6666666666668961e-01 1.5000000000000000e+00 0.0000000000000000e+00 7.2222222222209609e-01 1.5000000000000000e+00 0.0000000000000000e+00 7.2222222222205490e-01 1.5555555555555560e+00 0.0000000000000000e+00 7.7777777777756174e-01 1.5000000000000000e+00 0.0000000000000000e+00 8.3333333333301107e-01 1.5000000000000000e+00 0.0000000000000000e+00 8.3333333333302051e-01 1.5555555555555560e+00 0.0000000000000000e+00 8.8888888888851103e-01 1.5000000000000000e+00 0.0000000000000000e+00 9.4444444444426023e-01 1.5000000000000000e+00 0.0000000000000000e+00 9.4444444444426023e-01 1.5555555555555560e+00 0.0000000000000000e+00 5.5555555555601960e-02 1.6111111111111109e+00 0.0000000000000000e+00 5.5555555555565003e-02 1.6666666666666670e+00 0.0000000000000000e+00 1.1111111111116700e-01 1.6111111111111109e+00 0.0000000000000000e+00 1.6666666666674060e-01 1.6111111111111109e+00 0.0000000000000000e+00 1.6666666666666100e-01 1.6666666666666670e+00 0.0000000000000000e+00 2.2222222222227150e-01 1.6111111111111109e+00 0.0000000000000000e+00 2.7777777777783969e-01 1.6111111111111109e+00 0.0000000000000000e+00 2.7777777777771639e-01 1.6666666666666670e+00 0.0000000000000000e+00 3.3333333333336418e-01 1.6111111111111109e+00 0.0000000000000000e+00 3.8888888888893253e-01 1.6111111111111109e+00 0.0000000000000000e+00 3.8888888888876549e-01 1.6666666666666670e+00 0.0000000000000000e+00 4.4444444444445702e-01 1.6111111111111109e+00 0.0000000000000000e+00 4.9999999999997402e-01 1.6111111111111109e+00 0.0000000000000000e+00 4.9999999999981459e-01 1.6666666666666670e+00 0.0000000000000000e+00 5.5555555555549863e-01 1.6111111111111109e+00 0.0000000000000000e+00 6.1111111111096417e-01 1.6111111111111109e+00 0.0000000000000000e+00 6.1111111111086402e-01 1.6666666666666670e+00 0.0000000000000000e+00 6.6666666666648910e-01 1.6111111111111109e+00 0.0000000000000000e+00 7.2222222222195476e-01 1.6111111111111109e+00 0.0000000000000000e+00 7.2222222222191368e-01 1.6666666666666670e+00 0.0000000000000000e+00 7.7777777777747947e-01 1.6111111111111109e+00 0.0000000000000000e+00 8.3333333333297943e-01 1.6111111111111109e+00 0.0000000000000000e+00 8.3333333333298887e-01 1.6666666666666670e+00 0.0000000000000000e+00 8.8888888888852990e-01 1.6111111111111109e+00 0.0000000000000000e+00 9.4444444444426967e-01 1.6111111111111109e+00 0.0000000000000000e+00 9.4444444444426967e-01 1.6666666666666670e+00 0.0000000000000000e+00 5.5555555555565003e-02 1.7222222222222221e+00 0.0000000000000000e+00 5.5555555555528047e-02 1.7777777777777779e+00 0.0000000000000000e+00 1.1111111111109299e-01 1.7222222222222221e+00 0.0000000000000000e+00 1.6666666666662400e-01 1.7222222222222221e+00 0.0000000000000000e+00 1.6666666666654439e-01 1.7777777777777779e+00 0.0000000000000000e+00 2.2222222222211230e-01 1.7222222222222221e+00 0.0000000000000000e+00 2.7777777777763679e-01 1.7222222222222221e+00 0.0000000000000000e+00 2.7777777777751361e-01 1.7777777777777779e+00 0.0000000000000000e+00 3.3333333333311771e-01 1.7222222222222221e+00 0.0000000000000000e+00 3.8888888888864209e-01 1.7222222222222221e+00 0.0000000000000000e+00 3.8888888888847523e-01 1.7777777777777779e+00 0.0000000000000000e+00 4.4444444444412301e-01 1.7222222222222221e+00 0.0000000000000000e+00 4.9999999999964762e-01 1.7222222222222221e+00 0.0000000000000000e+00 4.9999999999948841e-01 1.7777777777777779e+00 0.0000000000000000e+00 5.5555555555517999e-01 1.7222222222222221e+00 0.0000000000000000e+00 6.1111111111070482e-01 1.7222222222222221e+00 0.0000000000000000e+00 6.1111111111060445e-01 1.7777777777777779e+00 0.0000000000000000e+00 6.6666666666628860e-01 1.7222222222222221e+00 0.0000000000000000e+00 7.2222222222181331e-01 1.7222222222222221e+00 0.0000000000000000e+00 7.2222222222177224e-01 1.7777777777777779e+00 0.0000000000000000e+00 7.7777777777739732e-01 1.7222222222222221e+00 0.0000000000000000e+00 8.3333333333294779e-01 1.7222222222222221e+00 0.0000000000000000e+00 8.3333333333295723e-01 1.7777777777777779e+00 0.0000000000000000e+00 8.8888888888854878e-01 1.7222222222222221e+00 0.0000000000000000e+00 9.4444444444427911e-01 1.7222222222222221e+00 0.0000000000000000e+00 9.4444444444427911e-01 1.7777777777777779e+00 0.0000000000000000e+00 5.5555555555528047e-02 1.8333333333333330e+00 0.0000000000000000e+00 5.5555555555491083e-02 1.8888888888888891e+00 0.0000000000000000e+00 1.1111111111101910e-01 1.8333333333333330e+00 0.0000000000000000e+00 1.6666666666650740e-01 1.8333333333333330e+00 0.0000000000000000e+00 1.6666666666642779e-01 1.8888888888888891e+00 0.0000000000000000e+00 2.2222222222195309e-01 1.8333333333333330e+00 0.0000000000000000e+00 2.7777777777743401e-01 1.8333333333333330e+00 0.0000000000000000e+00 2.7777777777731061e-01 1.8888888888888891e+00 0.0000000000000000e+00 3.3333333333287102e-01 1.8333333333333330e+00 0.0000000000000000e+00 3.8888888888835182e-01 1.8333333333333330e+00 0.0000000000000000e+00 3.8888888888818479e-01 1.8888888888888891e+00 0.0000000000000000e+00 4.4444444444378889e-01 1.8333333333333330e+00 0.0000000000000000e+00 4.9999999999932138e-01 1.8333333333333330e+00 0.0000000000000000e+00 4.9999999999916189e-01 1.8888888888888891e+00 0.0000000000000000e+00 5.5555555555486136e-01 1.8333333333333330e+00 0.0000000000000000e+00 6.1111111111044503e-01 1.8333333333333330e+00 0.0000000000000000e+00 6.1111111111034488e-01 1.8888888888888891e+00 0.0000000000000000e+00 6.6666666666608809e-01 1.8333333333333330e+00 0.0000000000000000e+00 7.2222222222167209e-01 1.8333333333333330e+00 0.0000000000000000e+00 7.2222222222163091e-01 1.8888888888888891e+00 0.0000000000000000e+00 7.7777777777731505e-01 1.8333333333333330e+00 0.0000000000000000e+00 8.3333333333291604e-01 1.8333333333333330e+00 0.0000000000000000e+00 8.3333333333292536e-01 1.8888888888888891e+00 0.0000000000000000e+00 8.8888888888856754e-01 1.8333333333333330e+00 0.0000000000000000e+00 9.4444444444428843e-01 1.8333333333333330e+00 0.0000000000000000e+00 9.4444444444428843e-01 1.8888888888888891e+00 0.0000000000000000e+00 5.5555555555491083e-02 1.9444444444444440e+00 0.0000000000000000e+00 1.1111111111094520e-01 1.9444444444444440e+00 0.0000000000000000e+00 1.6666666666639091e-01 1.9444444444444440e+00 0.0000000000000000e+00 2.2222222222179391e-01 1.9444444444444440e+00 0.0000000000000000e+00 2.7777777777723101e-01 1.9444444444444440e+00 0.0000000000000000e+00 3.3333333333262438e-01 1.9444444444444440e+00 0.0000000000000000e+00 3.8888888888806150e-01 1.9444444444444440e+00 0.0000000000000000e+00 4.4444444444345488e-01 1.9444444444444440e+00 0.0000000000000000e+00 4.9999999999899492e-01 1.9444444444444440e+00 0.0000000000000000e+00 5.5555555555454261e-01 1.9444444444444440e+00 0.0000000000000000e+00 6.1111111111018568e-01 1.9444444444444440e+00 0.0000000000000000e+00 6.6666666666588770e-01 1.9444444444444440e+00 0.0000000000000000e+00 7.2222222222153065e-01 1.9444444444444451e+00 0.0000000000000000e+00 7.7777777777723278e-01 1.9444444444444451e+00 0.0000000000000000e+00 8.3333333333288429e-01 1.9444444444444440e+00 0.0000000000000000e+00 8.8888888888858641e-01 1.9444444444444440e+00 0.0000000000000000e+00 9.4444444444429787e-01 1.9444444444444440e+00 0.0000000000000000e+00
</DataArray>
      </Points>
      <Cells>
        <DataArray type="Int64" format="ascii" Name="connectivity">
5 57 47 65 189 56 47 57 125 189 190 191 47 125 46 191 192 55 46 125 126 192 193 194 46 126 45 194 195 54 45 126 127 195 196 197 45 127 44 197 198 53 44 127 128 198 199 200 44 128 43 200 201 52 43 128 129 201 202 203 43 129 42 203 204 51 42 129 130 204 205 206 42 130 41 206 207 50 41 130 131 207 208 209 41 131 40 209 210 49 40 131 132 210 211 212 40 132 4 212 213 48 4 132 30 213 214 39 57 58 125 66 215 190 125 58 133 215 216 217 125 133 126 217 218 193 126 133 134 218 219 220 126 134 127 220 221 196 127 134 135 221 222 223 127 135 128 223 224 199 128 135 136 224 225 226 128 136 129 226 227 202 129 136 137 227 228 229 129 137 130 229 230 205 130 137 138 230 231 232 130 138 131 232 233 208 131 138 139 233 234 235 131 139 132 235 236 211 132 139 140 236 237 238 132 140 30 238 239 214 30 140 29 239 240 38 58 59 133 67 241 216 133 59 141 241 242 243 133 141 134 243 244 219 134 141 142 244 245 246 134 142 135 246 247 222 135 142 143 247 248 249 135 143 136 249 250 225 136 143 144 250 251 252 136 144 137 252 253 228 137 144 145 253 254 255 137 145 138 255 256 231 138 145 146 256 257 258 138 146 139 258 259 234 139 146 147 259 260 261 139 147 140 261 262 237 140 147 148 262 263 264 140 148 29 264 265 240 29 148 28 265 266 37 59 60 141 68 267 242 141 60 149 267 268 269 141 149 142 269 270 245 142 149 150 270 271 272 142 150 143 272 273 248 143 150 151 273 274 275 143 151 144 275 276 251 144 151 152 276 277 278 144 152 145 278 279 254 145 152 153 279 280 281 145 153 146 281 282 257 146 153 154 282 283 284 146 154 147 284 285 260 147 154 155 285 286 287 147 155 148 287 288 263 148 155 156 288 289 290 148 156 28 290 291 266 28 156 27 291 292 36 60 61 149 69 293 268 149 61 157 293 294 295 149 157 150 295 296 271 150 157 158 296 297 298 150 158 151 298 299 274 151 158 159 299 300 301 151 159 152 301 302 277 152 159 160 302 303 304 152 160 153 304 305 280 153 160 161 305 306 307 153 161 154 307 308 283 154 161 162 308 309 310 154 162 155 310 311 286 155 162 163 311 312 313 155 163 156 313 314 289 156 163 164 314 315 316 156 164 27 316 317 292 27 164 26 317 318 35 61 62 157 70 319 294 157 62 165 319 320 321 157 165 158 321 322 297 158 165 166 322 323 324 158 166 159 324 325 300 159 166 167 325 326 327 159 167 160 327 328 303 160 167 168 328 329 330 160 168 161 330 331 306 161 168 169 331 332 333 161 169 162 333 334 309 162 169 170 334 335 336 162 170 163 336 337 312 163 170 171 337 338 339 163 171 164 339 340 315 164 171 172 340 341 342 164 172 26 342 343 318 26 172 25 343 344 34 62 63 165 71 345 320 165 63 173 345 346 347 165 173 166 347 348 323 166 173 174 348 349 350 166 174 167 350 351 326 167 174 175 351 352 353 167 175 168 353 354 329 168 175 176 354 355 356 168 176 169 356 357 332 169 176 177 357 358 359 169 177 170 359 360 335 170 177 178 360 361 362 170 178 171 362 363 338 171 178 179 363 364 365 171 179 172 365 366 341 172 179 180 366 367 368 172 180 25 368 369 344 25 180 24 369 370 33 63 64 173 72 371 346 173 64 181 371 372 373 173 181 174 373 374 349 174 181 182 374 375 376 174 182 175 376 377 352 175 182 183 377 378 379 175 183 176 379 380 355 176 183 184 380 381 382 176 184 177 382 383 358 177 184 185 383 384 385 177 185 178 385 386 361 178 185 186 386 387 388 178 186 179 388 389 364 179 186 187 389 390 391 179 187 180 391 392 367 180 187 188 392 393 394 180 188 24 394 395 370 24 188 23 395 396 32 64 0 181 73 397 372 181 0 6 397 14 398 181 6 182 398 399 375 182 6 7 399 15 400 182 7 183 400 401 378 183 7 8 401 16 402 183 8 184 402 403 381 184 8 9 403 17 404 184 9 185 404 405 384 185 9 10 405 18 406 185 10 186 406 407 387 186 10 11 407 19 408 186 11 187 408 409 390 187 11 12 409 20 410 187 12 188 410 411 393 188 12 13 411 21 412 188 13 23 412 413 396 23 13 1 413 22 31 5 47 74 56 478 82 47 414 74 480 479 478 47 46 414 55 481 480 46 415 414 483 482 481 46 45 415 54 484 483 45 416 415 486 485 484 45 44 416 53 487 486 44 417 416 489 488 487 44 43 417 52 490 489 43 418 417 492 491 490 43 42 418 51 493 492 42 419 418 495 494 493 42 41 419 50 496 495 41 420 419 498 497 496 41 40 420 49 499 498 40 421 420 501 500 499 40 4 421 48 502 501 4 115 421 124 503 502 74 414 75 479 504 83 414 422 75 506 505 504 414 415 422 482 507 506 415 423 422 509 508 507 415 416 423 485 510 509 416 424 423 512 511 510 416 417 424 488 513 512 417 425 424 515 514 513 417 418 425 491 516 515 418 426 425 518 517 516 418 419 426 494 519 518 419 427 426 521 520 519 419 420 427 497 522 521 420 428 427 524 523 522 420 421 428 500 525 524 421 429 428 527 526 525 421 115 429 503 528 527 115 114 429 123 529 528 75 422 76 505 530 84 422 430 76 532 531 530 422 423 430 508 533 532 423 431 430 535 534 533 423 424 431 511 536 535 424 432 431 538 537 536 424 425 432 514 539 538 425 433 432 541 540 539 425 426 433 517 542 541 426 434 433 544 543 542 426 427 434 520 545 544 427 435 434 547 546 545 427 428 435 523 548 547 428 436 435 550 549 548 428 429 436 526 551 550 429 437 436 553 552 551 429 114 437 529 554 553 114 113 437 122 555 554 76 430 77 531 556 85 430 438 77 558 557 556 430 431 438 534 559 558 431 439 438 561 560 559 431 432 439 537 562 561 432 440 439 564 563 562 432 433 440 540 565 564 433 441 440 567 566 565 433 434 441 543 568 567 434 442 441 570 569 568 434 435 442 546 571 570 435 443 442 573 572 571 435 436 443 549 574 573 436 444 443 576 575 574 436 437 444 552 577 576 437 445 444 579 578 577 437 113 445 555 580 579 113 112 445 121 581 580 77 438 78 557 582 86 438 446 78 584 583 582 438 439 446 560 585 584 439 447 446 587 586 585 439 440 447 563 588 587 440 448 447 590 589 588 440 441 448 566 591 590 441 449 448 593 592 591 441 442 449 569 594 593 442 450 449 596 595 594 442 443 450 572 597 596 443 451 450 599 598 597 443 444 451 575 600 599 444 452 451 602 601 600 444 445 452 578 603 602 445 453 452 605 604 603 445 112 453 581 606 605 112 111 453 120 607 606 78 446 79 583 608 87 446 454 79 610 609 608 446 447 454 586 611 610 447 455 454 613 612 611 447 448 455 589 614 613 448 456 455 616 615 614 448 449 456 592 617 616 449 457 456 619 618 617 449 450 457 595 620 619 450 458 457 622 621 620 450 451 458 598 623 622 451 459 458 625 624 623 451 452 459 601 626 625 452 460 459 628 627 626 452 453 460 604 629 628 453 461 460 631 630 629 453 111 461 607 632 631 111 110 461 119 633 632 79 454 80 609 634 88 454 462 80 636 635 634 454 455 462 612 637 636 455 463 462 639 638 637 455 456 463 615 640 639 456 464 463 642 641 640 456 457 464 618 643 642 457 465 464 645 644 643 457 458 465 621 646 645 458 466 465 648 647 646 458 459 466 624 649 648 459 467 466 651 650 649 459 460 467 627 652 651 460 468 467 654 653 652 460 461 468 630 655 654 461 469 468 657 656 655 461 110 469 633 658 657 110 109 469 118 659 658 80 462 81 635 660 89 462 470 81 662 661 660 462 463 470 638 663 662 463 471 470 665 664 663 463 464 471 641 666 665 464 472 471 668 667 666 464 465 472 644 669 668 465 473 472 671 670 669 465 466 473 647 672 671 466 474 473 674 673 672 466 467 474 650 675 674 467 475 474 677 676 675 467 468 475 653 678 677 468 476 475 680 679 678 468 469 476 656 681 680 469 477 476 683 682 681 469 109 477 659 684 683 109 108 477 117 685 684 81 470 3 661 686 90 470 91 3 687 99 686 470 471 91 664 688 687 471 92 91 689 100 688 471 472 92 667 690 689 472 93 92 691 101 690 472 473 93 670 692 691 473 94 93 693 102 692 473 474 94 673 694 693 474 95 94 695 103 694 474 475 95 676 696 695 475 96 95 697 104 696 475 476 96 679 698 697 476 97 96 699 105 698 476 477 97 682 700 699 477 98 97 701 106 700 477 108 98 685 702 701 108 2 98 116 107 702
</DataArray>
        <DataArray type="Int64" format="ascii" Name="offsets">
6 12 18 24 30 36 42 48 54 60 66 72 78 84 90 96 102 108 114 120 126 132 138 144 150 156 162 168 174 180 186 192 198 204 210 216 222 228 234 240 246 252 258 264 270 276 282 288 294 300 306 312 318 324 330 336 342 348 354 360 366 372 378 384 390 396 402 408 414 420 426 432 438 444 450 456 462 468 474 480 486 492 498 504 510 516 522 528 534 540 546 552 558 564 570 576 582 588 594 600 606 612 618 624 630 636 642 648 654 660 666 672 678 684 690 696 702 708 714 720 726 732 738 744 750 756 762 768 774 780 786 792 798 804 810 816 822 828 834 840 846 852 858 864 870 876 882 888 894 900 906 912 918 924 930 936 942 948 954 960 966 972 978 984 990 996 1002 1008 1014 1020 1026 1032 1038 1044 1050 1056 1062 1068 1074 1080 1086 1092 1098 1104 1110 1116 1122 1128 1134 1140 1146 1152 1158 1164 1170 1176 1182 1188 1194 1200 1206 1212 1218 1224 1230 1236 1242 1248 1254 1260 1266 1272 1278 1284 1290 1296 1302 1308 1314 1320 1326 1332 1338 1344 1350 1356 1362 1368 1374 1380 1386 1392 1398 1404 1410 1416 1422 1428 1434 1440 1446 1452 1458 1464 1470 1476 1482 1488 1494 1500 1506 1512 1518 1524 1530 1536 1542 1548 1554 1560 1566 1572 1578 1584 1590 1596 1602 1608 1614 1620 1626 1632 1638 1644 1650 1656 1662 1668 1674 1680 1686 1692 1698 1704 1710 1716 1722 1728 1734 1740 1746 1752 1758 1764 1770 1776 1782 1788 1794 1800 1806 1812 1818 1824 1830 1836 1842 1848 1854 1860 1866 1872 1878 1884 1890 1896 1902 1908 1914 1920 1926 1932 1938 1944
</DataArray>
        <DataArray type="UInt8" format="ascii" Name="types">
22 22 22 22 22 22 22 22 22 22 22 22 22 22 22 22 22 22 22 22 22 22 22 22 22 22 22 22 22 22 22 22 22 22 22 22 22 22 22 22 22 22 22 22 22 22 22 22 22 22 22 22 22 22 22 22 22 22 22 22 22 22 22 22 22 22 22 22 22 22 22 22 22 22 22 22 22 22 22 22 22 22 22 22 22 22 22 22 22 22 22 22 22 22 22 22 22 22 22 22 22 22 22 22 22 22 22 22 22 22 22 22 22 22 22 22 22 22 22 22 22 22 22 22 22 22 22 22 22 22 22 22 22 22 22 22 22 22 22 22 22 22 22 22 22 22 22 22 22 22 22 22 22 22 22 22 22 22 22 22 22 22 22 22 22 22 22 22 22 22 22 22 22 22 22 22 22 22 22 22 22 22 22 22 22 22 22 22 22 22 22 22 22 22 22 22 22 22 22 22 22 22 22 22 22 22 22 22 22 22 22 22 22 22 22 22 22 22 22 22 22 22 22 22 22 22 22 22 22 22 22 22 22 22 22 22 22 22 22 22 22 22 22 22 22 22 22 22 22 22 22 22 22 22 22 22 22 22 22 22 22 22 22 22 22 22 22 22 22 22 22 22 22 22 22 22 22 22 22 22 22 22 22 22 22 22 22 22 22 22 22 22 22 22 22 22 22 22 22 22 22 22 22 22 22 22 22 22 22 22 22 22 22 22 22 22 22 22 22 22 22 22 22 22
</DataArray>
      </Cells>
    </Piece>
  </UnstructuredGrid>
</VTKFile>