<?xml version='1.0' encoding='utf-8'?>
<VTKFile type="UnstructuredGrid" version="0.1" byte_order="LittleEndian">
  <UnstructuredGrid>
    <Piece NumberOfPoints="703" NumberOfCells="324">
      <PointData Vectors="U">
        <DataArray type="Float64" format="ascii" Name="U" NumberOfComponents="3">
0.0000000000000000e+00 0.0000000000000000e+00 0.0000000000000000e+00 0.0000000000000000e+00 0.0000000000000000e+00 0.0000000000000000e+00 0.0000000000000000e+00 0.0000000000000000e+00 0.0000000000000000e+00 0.0000000000000000e+00 0.0000000000000000e+00 0.0000000000000000e+00 0.0000000000000000e+00 0.0000000000000000e+00 0.0000000000000000e+00 0.0000000000000000e+00 0.0000000000000000e+00 0.0000000000000000e+00 0.0000000000000000e+00 0.0000000000000000e+00 0.0000000000000000e+00 0.0000000000000000e+00 0.0000000000000000e+00 0.0000000000000000e+00 0.0000000000000000e+00 0.0000000000000000e+00 0.0000000000000000e+00 0.0000000000000000e+00 0.0000000000000000e+00 0.0000000000000000e+00 0.0000000000000000e+00 0.0000000000000000e+00 0.0000000000000000e+00 0.0000000000000000e+00 0.0000000000000000e+00 0.0000000000000000e+00 0.0000000000000000e+00 0.0000000000000000e+00 0.0000000000000000e+00 0.0000000000000000e+00 0.0000000000000000e+00 0.0000000000000000e+00 0.0000000000000000e+00 0.0000000000000000e+00 0.0000000000000000e+00 0.0000000000000000e+00 0.0000000000000000e+00 0.0000000000000000e+00 0.0000000000000000e+00 0.0000000000000000e+00 0.0000000000000000e+00 0.0000000000000000e+00 0.0000000000000000e+00 0.0000000000000000e+00 0.0000000000000000e+00 0.0000000000000000e+00 0.0000000000000000e+00 0.0000000000000000e+00 0.0000000000000000e+00 0.0000000000000000e+00 0.0000000000000000e+00 0.0000000000000000e+00 0.0000000000000000e+00 0.0000000000000000e+00 0.0000000000000000e+00 0.0000000000000000e+00 0.0000000000000000e+00 0.0000000000000000e+00 0.0000000000000000e+00 0.0000000000000000e+00 0.0000000000000000e+00 0.0000000000000000e+00 0.0000000000000000e+00 0.0000000000000000e+00 0.0000000000000000e+00 0.0000000000000000e+00 0.0000000000000000e+00 0.0000000000000000e+00 0.0000000000000000e+00 0.0000000000000000e+00 0.0000000000000000e+00 0.0000000000000000e+00 0.0000000000000000e+00 0.0000000000000000e+00 0.0000000000000000e+00 0.0000000000000000e+00 0.0000000000000000e+00 0.0000000000000000e+00 0.0000000000000000e+00 0.0000000000000000e+00 0.0000000000000000e+00 0.0000000000000000e+00 0.0000000000000000e+00 0.0000000000000000e+00 0.0000000000000000e+00 0.0000000000000000e+00 0.0000000000000000e+00 0.0000000000000000e+00 0.0000000000000000e+00 0.0000000000000000e+00 0.0000000000000000e+00 0.0000000000000000e+00 0.0000000000000000e+00 0.0000000000000000e+00 0.0000000000000000e+00 0.0000000000000000e+00 0.0000000000000000e+00 0.0000000000000000e+00 0.0000000000000000e+00 0.0000000000000000e+00 0.0000000000000000e+00 0.0000000000000000e+00 0.0000000000000000e+00 0.0000000000000000e+00 0.0000000000000000e+00 0.0000000000000000e+00 0.0000000000000000e+00 0.0000000000000000e+00 0.0000000000000000e+00 0.0000000000000000e+00 0.0000000000000000e+00 0.0000000000000000e+00 0.0000000000000000e+00 0.0000000000000000e+00 0.0000000000000000e+00 0.0000000000000000e+00 0.0000000000000000e+00 0.0000000000000000e+00 0.0000000000000000e+00 0.0000000000000000e+00 0.0000000000000000e+00 0.0000000000000000e+00 0.0000000000000000e+00 0.0000000000000000e+00 0.0000000000000000e+00 0.0000000000000000e+00 0.0000000000000000e+00 0.0000000000000000e+00 0.0000000000000000e+00 0.0000000000000000e+00 0.0000000000000000e+00 0.0000000000000000e+00 0.0000000000000000e+00 0.0000000000000000e+00 0.0000000000000000e+00 0.0000000000000000e+00 0.0000000000000000e+00 0.0000000000000000e+00 0.0000000000000000e+00 0.0000000000000000e+00 0.0000000000000000e+00 0.0000000000000000e+00 0.0000000000000000e+00 0.0000000000000000e+00 0.0000000000000000e+00 0.0000000000000000e+00 0.0000000000000000e+00 0.0000000000000000e+00 0.0000000000000000e+00 0.0000000000000000e+00 0.0000000000000000e+00 0.0000000000000000e+00 0.0000000000000000e+00 0.0000000000000000e+00 0.0000000000000000e+00 0.0000000000000000e+00 0.0000000000000000e+00 0.0000000000000000e+00 0.0000000000000000e+00 0.0000000000000000e+00 0.0000000000000000e+00 0.0000000000000000e+00 0.0000000000000000e+00 0.0000000000000000e+00 0.0000000000000000e+00 0.0000000000000000e+00 0.0000000000000000e+00 0.0000000000000000e+00 0.0000000000000000e+00 0.0000000000000000e+00 0.0000000000000000e+00 0.0000000000000000e+00 0.0000000000000000e+00 0.0000000000000000e+00 0.0000000000000000e+00 0.0000000000000000e+00 0.0000000000000000e+00 0.0000000000000000e+00 0.0000000000000000e+00 0.0000000000000000e+00 0.0000000000000000e+00 0.0000000000000000e+00 0.0000000000000000e+00 0.0000000000000000e+00 0.0000000000000000e+00 0.0000000000000000e+00 0.0000000000000000e+00 0.0000000000000000e+00 0.0000000000000000e+00 0.0000000000000000e+00 0.0000000000000000e+00 0.0000000000000000e+00 0.0000000000000000e+00 0.0000000000000000e+00 0.0000000000000000e+00 0.0000000000000000e+00 0.0000000000000000e+00 0.0000000000000000e+00 0.0000000000000000e+00 0.0000000000000000e+00 0.0000000000000000e+00 0.0000000000000000e+00 0.0000000000000000e+00 0.0000000000000000e+00 0.0000000000000000e+00 0.0000000000000000e+00 0.0000000000000000e+00 0.0000000000000000e+00 0.0000000000000000e+00 0.0000000000000000e+00 0.0000000000000000e+00 0.0000000000000000e+00 0.0000000000000000e+00 0.0000000000000000e+00 0.0000000000000000e+00 0.0000000000000000e+00 0.0000000000000000e+00 0.0000000000000000e+00 0.0000000000000000e+00 0.0000000000000000e+00 0.0000000000000000e+00 0.0000000000000000e+00 0.0000000000000000e+00 0.0000000000000000e+00 0.0000000000000000e+00 0.0000000000000000e+00 0.0000000000000000e+00 0.0000000000000000e+00 0.0000000000000000e+00 0.0000000000000000e+00 0.0000000000000000e+00 0.0000000000000000e+00 0.0000000000000000e+00 0.0000000000000000e+00 0.0000000000000000e+00 0.0000000000000000e+00 0.0000000000000000e+00 0.0000000000000000e+00 0.0000000000000000e+00 0.0000000000000000e+00 0.0000000000000000e+00 0.0000000000000000e+00 0.0000000000000000e+00 0.0000000000000000e+00 0.0000000000000000e+00 0.0000000000000000e+00 0.0000000000000000e+00 0.0000000000000000e+00 0.0000000000000000e+00 0.0000000000000000e+00 0.0000000000000000e+00 0.0000000000000000e+00 0.0000000000000000e+00 0.0000000000000000e+00 0.0000000000000000e+00 0.0000000000000000e+00 0.0000000000000000e+00 0.0000000000000000e+00 0.0000000000000000e+00 0.0000000000000000e+00 0.0000000000000000e+00 0.0000000000000000e+00 0.0000000000000000e+00 0.0000000000000000e+00 0.0000000000000000e+00 0.0000000000000000e+00 0.0000000000000000e+00 0.0000000000000000e+00 0.0000000000000000e+00 0.0000000000000000e+00 0.0000000000000000e+00 0.0000000000000000e+00 0.0000000000000000e+00 0.0000000000000000e+00 0.0000000000000000e+00 0.0000000000000000e+00 0.0000000000000000e+00 0.0000000000000000e+00 0.0000000000000000e+00 0.0000000000000000e+00 0.0000000000000000e+00 0.0000000000000000e+00 0.0000000000000000e+00 0.0000000000000000e+00 0.0000000000000000e+00 0.0000000000000000e+00 0.0000000000000000e+00 0.0000000000000000e+00 0.0000000000000000e+00 0.0000000000000000e+00 0.0000000000000000e+00 0.0000000000000000e+00 0.0000000000000000e+00 0.0000000000000000e+00 0.0000000000000000e+00 0.0000000000000000e+00 0.0000000000000000e+00 0.0000000000000000e+00 0.0000000000000000e+00 0.0000000000000000e+00 0.0000000000000000e+00 0.0000000000000000e+00 0.0000000000000000e+00 0.0000000000000000e+00 0.0000000000000000e+00 0.0000000000000000e+00 0.0000000000000000e+00 0.0000000000000000e+00 0.0000000000000000e+00 0.0000000000000000e+00 0.0000000000000000e+00 0.0000000000000000e+00 0.0000000000000000e+00 0.0000000000000000e+00 0.0000000000000000e+00 0.0000000000000000e+00 0.0000000000000000e+00 0.0000000000000000e+00 0.0000000000000000e+00 0.0000000000000000e+00 0.0000000000000000e+00 0.0000000000000000e+00 0.0000000000000000e+00 0.0000000000000000e+00 0.0000000000000000e+00 0.0000000000000000e+00 0.0000000000000000e+00 0.0000000000000000e+00 0.0000000000000000e+00 0.0000000000000000e+00 0.0000000000000000e+00 0.0000000000000000e+00 0.0000000000000000e+00 0.0000000000000000e+00 0.0000000000000000e+00 0.0000000000000000e+00 0.0000000000000000e+00 0.0000000000000000e+00 0.0000000000000000e+00 0.0000000000000000e+00 0.0000000000000000e+00 0.0000000000000000e+00 0.0000000000000000e+00 0.0000000000000000e+00 0.0000000000000000e+00 0.0000000000000000e+00 0.0000000000000000e+00 0.0000000000000000e+00 0.0000000000000000e+00 0.0000000000000000e+00 0.0000000000000000e+00 0.0000000000000000e+00 0.0000000000000000e+00 0.0000000000000000e+00 0.0000000000000000e+00 0.0000000000000000e+00 0.0000000000000000e+00 0.0000000000000000e+00 0.0000000000000000e+00 0.0000000000000000e+00 0.0000000000000000e+00 0.0000000000000000e+00 0.0000000000000000e+00 0.0000000000000000e+00 0.0000000000000000e+00 0.0000000000000000e+00 0.0000000000000000e+00 0.0000000000000000e+00 0.0000000000000000e+00 0.0000000000000000e+00 0.0000000000000000e+00 0.0000000000000000e+00 0.0000000000000000e+00 0.0000000000000000e+00 0.0000000000000000e+00 0.0000000000000000e+00 0.0000000000000000e+00 0.0000000000000000e+00 0.0000000000000000e+00 0.0000000000000000e+00 0.0000000000000000e+00 0.0000000000000000e+00 0.0000000000000000e+00 0.0000000000000000e+00 0.0000000000000000e+00 0.0000000000000000e+00 0.0000000000000000e+00 0.0000000000000000e+00 0.0000000000000000e+00 0.0000000000000000e+00 0.0000000000000000e+00 0.0000000000000000e+00 0.0000000000000000e+00 0.0000000000000000e+00 0.0000000000000000e+00 0.0000000000000000e+00 0.0000000000000000e+00 0.0000000000000000e+00 0.0000000000000000e+00 0.0000000000000000e+00 0.0000000000000000e+00 0.0000000000000000e+00 0.0000000000000000e+00 0.0000000000000000e+00 0.0000000000000000e+00 0.0000000000000000e+00 0.0000000000000000e+00 0.0000000000000000e+00 0.0000000000000000e+00 0.0000000000000000e+00 0.0000000000000000e+00 0.0000000000000000e+00 0.0000000000000000e+00 0.0000000000000000e+00 0.0000000000000000e+00 0.0000000000000000e+00 0.0000000000000000e+00 0.0000000000000000e+00 0.0000000000000000e+00 0.0000000000000000e+00 0.0000000000000000e+00 0.0000000000000000e+00 0.0000000000000000e+00 0.0000000000000000e+00 0.0000000000000000e+00 0.0000000000000000e+00 0.0000000000000000e+00 0.0000000000000000e+00 0.0000000000000000e+00 0.0000000000000000e+00 0.0000000000000000e+00 0.0000000000000000e+00 0.0000000000000000e+00 0.0000000000000000e+00 0.0000000000000000e+00 0.0000000000000000e+00 0.0000000000000000e+00 0.0000000000000000e+00 0.0000000000000000e+00 0.0000000000000000e+00 0.0000000000000000e+00 0.0000000000000000e+00 0.0000000000000000e+00 0.0000000000000000e+00 0.0000000000000000e+00 0.0000000000000000e+00 0.0000000000000000e+00 0.0000000000000000e+00 0.0000000000000000e+00 0.0000000000000000e+00 0.0000000000000000e+00 0.0000000000000000e+00 0.0000000000000000e+00 0.0000000000000000e+00 0.0000000000000000e+00 0.0000000000000000e+00 0.0000000000000000e+00 0.0000000000000000e+00 0.0000000000000000e+00 0.0000000000000000e+00 0.0000000000000000e+00 0.0000000000000000e+00 0.0000000000000000e+00 0.0000000000000000e+00 0.0000000000000000e+00 0.0000000000000000e+00 0.0000000000000000e+00 0.0000000000000000e+00 0.0000000000000000e+00 0.0000000000000000e+00 0.0000000000000000e+00 0.0000000000000000e+00 0.0000000000000000e+00 0.0000000000000000e+00 0.0000000000000000e+00 0.0000000000000000e+00 0.0000000000000000e+00 0.0000000000000000e+00 0.0000000000000000e+00 0.0000000000000000e+00 0.0000000000000000e+00 0.0000000000000000e+00 0.0000000000000000e+00 0.0000000000000000e+00 0.0000000000000000e+00 0.0000000000000000e+00 0.0000000000000000e+00 0.0000000000000000e+00 0.0000000000000000e+00 0.0000000000000000e+00 0.0000000000000000e+00 0.0000000000000000e+00 0.0000000000000000e+00 0.0000000000000000e+00 0.0000000000000000e+00 0.0000000000000000e+00 0.0000000000000000e+00 0.0000000000000000e+00 0.0000000000000000e+00 0.0000000000000000e+00 0.0000000000000000e+00 0.0000000000000000e+00 0.0000000000000000e+00 0.0000000000000000e+00 0.0000000000000000e+00 0.0000000000000000e+00 0.0000000000000000e+00 0.0000000000000000e+00 0.0000000000000000e+00 0.0000000000000000e+00 0.0000000000000000e+00 0.0000000000000000e+00 0.0000000000000000e+00 0.0000000000000000e+00 0.0000000000000000e+00 0.0000000000000000e+00 0.0000000000000000e+00 0.0000000000000000e+00 0.0000000000000000e+00 0.0000000000000000e+00 0.0000000000000000e+00 0.0000000000000000e+00 0.0000000000000000e+00 0.0000000000000000e+00 0.0000000000000000e+00 0.0000000000000000e+00 0.0000000000000000e+00 0.0000000000000000e+00 0.0000000000000000e+00 0.0000000000000000e+00 0.0000000000000000e+00 0.0000000000000000e+00 0.0000000000000000e+00 0.0000000000000000e+00 0.0000000000000000e+00 0.0000000000000000e+00 0.0000000000000000e+00 0.0000000000000000e+00 0.0000000000000000e+00 0.0000000000000000e+00 0.0000000000000000e+00 0.0000000000000000e+00 0.0000000000000000e+00 0.0000000000000000e+00 0.0000000000000000e+00 0.0000000000000000e+00 0.0000000000000000e+00 0.0000000000000000e+00 0.0000000000000000e+00 0.0000000000000000e+00 0.0000000000000000e+00 0.0000000000000000e+00 0.0000000000000000e+00 0.0000000000000000e+00 0.0000000000000000e+00 0.0000000000000000e+00 0.0000000000000000e+00 0.0000000000000000e+00 0.0000000000000000e+00 0.0000000000000000e+00 0.0000000000000000e+00 0.0000000000000000e+00 0.0000000000000000e+00 0.0000000000000000e+00 0.0000000000000000e+00 0.0000000000000000e+00 0.0000000000000000e+00 0.0000000000000000e+00 0.0000000000000000e+00 0.0000000000000000e+00 0.0000000000000000e+00 0.0000000000000000e+00 0.0000000000000000e+00 0.0000000000000000e+00 0.0000000000000000e+00 0.0000000000000000e+00 0.0000000000000000e+00 0.0000000000000000e+00 0.0000000000000000e+00 0.0000000000000000e+00 0.0000000000000000e+00 0.0000000000000000e+00 0.0000000000000000e+00 0.0000000000000000e+00 0.0000000000000000e+00 0.0000000000000000e+00 0.0000000000000000e+00 0.0000000000000000e+00 0.0000000000000000e+00 0.0000000000000000e+00 0.0000000000000000e+00 0.0000000000000000e+00 0.0000000000000000e+00 0.0000000000000000e+00 0.0000000000000000e+00 0.0000000000000000e+00 0.0000000000000000e+00 0.0000000000000000e+00 0.0000000000000000e+00 0.0000000000000000e+00 0.0000000000000000e+00 0.0000000000000000e+00 0.0000000000000000e+00 0.0000000000000000e+00 0.0000000000000000e+00 0.0000000000000000e+00 0.0000000000000000e+00 0.0000000000000000e+00 0.0000000000000000e+00 0.0000000000000000e+00 0.0000000000000000e+00 0.0000000000000000e+00 0.0000000000000000e+00 0.0000000000000000e+00 0.0000000000000000e+00 0.0000000000000000e+00 0.0000000000000000e+00 0.0000000000000000e+00 0.0000000000000000e+00 0.0000000000000000e+00 0.0000000000000000e+00 0.0000000000000000e+00 0.0000000000000000e+00 0.0000000000000000e+00 0.0000000000000000e+00 0.0000000000000000e+00 0.0000000000000000e+00 0.0000000000000000e+00 0.0000000000000000e+00 0.0000000000000000e+00 0.0000000000000000e+00 0.0000000000000000e+00 0.0000000000000000e+00 0.0000000000000000e+00 0.0000000000000000e+00 0.0000000000000000e+00 0.0000000000000000e+00 0.0000000000000000e+00 0.0000000000000000e+00 0.0000000000000000e+00 0.0000000000000000e+00 0.0000000000000000e+00 0.0000000000000000e+00 0.0000000000000000e+00 0.0000000000000000e+00 0.0000000000000000e+00 0.0000000000000000e+00 0.0000000000000000e+00 0.0000000000000000e+00 0.0000000000000000e+00 0.0000000000000000e+00 0.0000000000000000e+00 0.0000000000000000e+00 0.0000000000000000e+00 0.0000000000000000e+00 0.0000000000000000e+00 0.0000000000000000e+00 0.0000000000000000e+00 0.0000000000000000e+00 0.0000000000000000e+00 0.0000000000000000e+00 0.0000000000000000e+00 0.0000000000000000e+00 0.0000000000000000e+00 0.0000000000000000e+00 0.0000000000000000e+00 0.0000000000000000e+00 0.0000000000000000e+00 0.0000000000000000e+00 0.0000000000000000e+00 0.0000000000000000e+00 0.0000000000000000e+00 0.0000000000000000e+00 0.0000000000000000e+00 0.0000000000000000e+00 0.0000000000000000e+00 0.0000000000000000e+00 0.0000000000000000e+00 0.0000000000000000e+00 0.0000000000000000e+00 0.0000000000000000e+00 0.0000000000000000e+00 0.0000000000000000e+00 0.0000000000000000e+00 0.0000000000000000e+00 0.0000000000000000e+00 0.0000000000000000e+00 0.0000000000000000e+00 0.0000000000000000e+00 0.0000000000000000e+00 0.0000000000000000e+00 0.0000000000000000e+00 0.0000000000000000e+00 0.0000000000000000e+00 0.0000000000000000e+00 0.0000000000000000e+00 0.0000000000000000e+00 0.0000000000000000e+00 0.0000000000000000e+00 0.0000000000000000e+00 0.0000000000000000e+00 0.0000000000000000e+00 0.0000000000000000e+00 0.0000000000000000e+00 0.0000000000000000e+00 0.0000000000000000e+00 0.0000000000000000e+00 0.0000000000000000e+00 0.0000000000000000e+00 0.0000000000000000e+00 0.0000000000000000e+00 0.0000000000000000e+00 0.0000000000000000e+00 0.0000000000000000e+00 0.0000000000000000e+00 0.0000000000000000e+00 0.0000000000000000e+00 0.0000000000000000e+00 0.0000000000000000e+00 0.0000000000000000e+00 0.0000000000000000e+00 0.0000000000000000e+00 0.0000000000000000e+00 0.0000000000000000e+00 0.0000000000000000e+00 0.0000000000000000e+00 0.0000000000000000e+00 0.0000000000000000e+00 0.0000000000000000e+00 0.0000000000000000e+00 0.0000000000000000e+00 0.0000000000000000e+00 0.0000000000000000e+00 0.0000000000000000e+00 0.0000000000000000e+00 0.0000000000000000e+00 0.0000000000000000e+00 0.0000000000000000e+00 0.0000000000000000e+00 0.0000000000000000e+00 0.0000000000000000e+00 0.0000000000000000e+00 0.0000000000000000e+00 0.0000000000000000e+00 0.0000000000000000e+00 0.0000000000000000e+00 0.0000000000000000e+00 0.0000000000000000e+00 0.0000000000000000e+00 0.0000000000000000e+00 0.0000000000000000e+00 0.0000000000000000e+00 0.0000000000000000e+00 0.0000000000000000e+00 0.0000000000000000e+00 0.0000000000000000e+00 0.0000000000000000e+00 0.0000000000000000e+00 0.0000000000000000e+00 0.0000000000000000e+00 0.0000000000000000e+00 0.0000000000000000e+00 0.0000000000000000e+00 0.0000000000000000e+00 0.0000000000000000e+00 0.0000000000000000e+00 0.0000000000000000e+00 0.0000000000000000e+00 0.0000000000000000e+00 0.0000000000000000e+00 0.0000000000000000e+00 0.0000000000000000e+00 0.0000000000000000e+00 0.0000000000000000e+00 0.0000000000000000e+00 0.0000000000000000e+00 0.0000000000000000e+00 0.0000000000000000e+00 0.0000000000000000e+00 0.0000000000000000e+00 0.0000000000000000e+00 0.0000000000000000e+00 0.0000000000000000e+00 0.0000000000000000e+00 0.0000000000000000e+00 0.0000000000000000e+00 0.0000000000000000e+00 0.0000000000000000e+00 0.0000000000000000e+00 0.0000000000000000e+00 0.0000000000000000e+00 0.0000000000000000e+00 0.0000000000000000e+00 0.0000000000000000e+00 0.0000000000000000e+00 0.0000000000000000e+00 0.0000000000000000e+00 0.0000000000000000e+00 0.0000000000000000e+00 0.0000000000000000e+00 0.0000000000000000e+00 0.0000000000000000e+00 0.0000000000000000e+00 0.0000000000000000e+00 0.0000000000000000e+00 0.0000000000000000e+00 0.0000000000000000e+00 0.0000000000000000e+00 0.0000000000000000e+00 0.0000000000000000e+00 0.0000000000000000e+00 0.0000000000000000e+00 0.0000000000000000e+00 0.0000000000000000e+00 0.0000000000000000e+00 0.0000000000000000e+00 0.0000000000000000e+00 0.0000000000000000e+00 0.0000000000000000e+00 0.0000000000000000e+00 0.0000000000000000e+00 0.0000000000000000e+00 0.0000000000000000e+00 0.0000000000000000e+00 0.0000000000000000e+00 0.0000000000000000e+00 0.0000000000000000e+00 0.0000000000000000e+00 0.0000000000000000e+00 0.0000000000000000e+00 0.0000000000000000e+00 0.0000000000000000e+00 0.0000000000000000e+00 0.0000000000000000e+00 0.0000000000000000e+00 0.0000000000000000e+00 0.0000000000000000e+00 0.0000000000000000e+00 0.0000000000000000e+00 0.0000000000000000e+00 0.0000000000000000e+00 0.0000000000000000e+00 0.0000000000000000e+00 0.0000000000000000e+00 0.0000000000000000e+00 0.0000000000000000e+00 0.0000000000000000e+00 0.0000000000000000e+00 0.0000000000000000e+00 0.0000000000000000e+00 0.0000000000000000e+00 0.0000000000000000e+00 0.0000000000000000e+00 0.0000000000000000e+00 0.0000000000000000e+00 0.0000000000000000e+00 0.0000000000000000e+00 0.0000000000000000e+00 0.0000000000000000e+00 0.0000000000000000e+00 0.0000000000000000e+00 0.0000000000000000e+00 0.0000000000000000e+00 0.0000000000000000e+00 0.0000000000000000e+00 0.0000000000000000e+00 0.0000000000000000e+00 0.0000000000000000e+00 0.0000000000000000e+00 0.0000000000000000e+00 0.0000000000000000e+00 0.0000000000000000e+00 0.0000000000000000e+00 0.0000000000000000e+00 0.0000000000000000e+00 0.0000000000000000e+00 0.0000000000000000e+00 0.0000000000000000e+00 0.0000000000000000e+00 0.0000000000000000e+00 0.0000000000000000e+00 0.0000000000000000e+00 0.0000000000000000e+00 0.0000000000000000e+00 0.0000000000000000e+00 0.0000000000000000e+00 0.0000000000000000e+00 0.0000000000000000e+00 0.0000000000000000e+00 0.0000000000000000e+00 0.0000000000000000e+00 0.0000000000000000e+00 0.0000000000000000e+00 0.0000000000000000e+00 0.0000000000000000e+00 0.0000000000000000e+00 0.0000000000000000e+00 0.0000000000000000e+00 0.0000000000000000e+00 0.0000000000000000e+00 0.0000000000000000e+00 0.0000000000000000e+00 0.0000000000000000e+00 0.0000000000000000e+00 0.0000000000000000e+00 0.0000000000000000e+00 0.0000000000000000e+00 0.0000000000000000e+00 0.0000000000000000e+00 0.0000000000000000e+00 0.0000000000000000e+00 0.0000000000000000e+00 0.0000000000000000e+00 0.0000000000000000e+00 0.0000000000000000e+00 0.0000000000000000e+00 0.0000000000000000e+00 0.0000000000000000e+00 0.0000000000000000e+00 0.0000000000000000e+00 0.0000000000000000e+00 0.0000000000000000e+00 0.0000000000000000e+00 0.0000000000000000e+00 0.0000000000000000e+00 0.0000000000000000e+00 0.0000000000000000e+00 0.0000000000000000e+00 0.0000000000000000e+00 0.0000000000000000e+00 0.0000000000000000e+00 0.0000000000000000e+00 0.0000000000000000e+00 0.0000000000000000e+00 0.0000000000000000e+00 0.0000000000000000e+00 0.0000000000000000e+00 0.0000000000000000e+00 0.0000000000000000e+00 0.0000000000000000e+00 0.0000000000000000e+00 0.0000000000000000e+00 0.0000000000000000e+00 0.0000000000000000e+00 0.0000000000000000e+00 0.0000000000000000e+00 0.0000000000000000e+00 0.0000000000000000e+00 0.0000000000000000e+00 0.0000000000000000e+00 0.0000000000000000e+00 0.0000000000000000e+00 0.0000000000000000e+00 0.0000000000000000e+00 0.0000000000000000e+00 0.0000000000000000e+00 0.0000000000000000e+00 0.0000000000000000e+00 0.0000000000000000e+00 0.0000000000000000e+00 0.0000000000000000e+00 0.0000000000000000e+00 0.0000000000000000e+00 0.0000000000000000e+00 0.0000000000000000e+00 0.0000000000000000e+00 0.0000000000000000e+00 0.0000000000000000e+00 0.0000000000000000e+00 0.0000000000000000e+00 0.0000000000000000e+00 0.0000000000000000e+00 0.0000000000000000e+00 0.0000000000000000e+00 0.0000000000000000e+00 0.0000000000000000e+00 0.0000000000000000e+00 0.0000000000000000e+00 0.0000000000000000e+00 0.0000000000000000e+00 0.0000000000000000e+00 0.0000000000000000e+00 0.0000000000000000e+00 0.0000000000000000e+00 0.0000000000000000e+00 0.0000000000000000e+00 0.0000000000000000e+00 0.0000000000000000e+00 0.0000000000000000e+00 0.0000000000000000e+00 0.0000000000000000e+00 0.0000000000000000e+00 0.0000000000000000e+00 0.0000000000000000e+00 0.0000000000000000e+00 0.0000000000000000e+00 0.0000000000000000e+00 0.0000000000000000e+00 0.0000000000000000e+00 0.0000000000000000e+00 0.0000000000000000e+00 0.0000000000000000e+00 0.0000000000000000e+00 0.0000000000000000e+00 0.0000000000000000e+00 0.0000000000000000e+00 0.0000000000000000e+00 0.0000000000000000e+00 0.0000000000000000e+00 0.0000000000000000e+00 0.0000000000000000e+00 0.0000000000000000e+00 0.0000000000000000e+00 0.0000000000000000e+00 0.0000000000000000e+00 0.0000000000000000e+00 0.0000000000000000e+00 0.0000000000000000e+00 0.0000000000000000e+00 0.0000000000000000e+00 0.0000000000000000e+00 0.0000000000000000e+00 0.0000000000000000e+00 0.0000000000000000e+00 0.0000000000000000e+00 0.0000000000000000e+00 0.0000000000000000e+00 0.0000000000000000e+00 0.0000000000000000e+00 0.0000000000000000e+00 0.0000000000000000e+00 0.0000000000000000e+00 0.0000000000000000e+00 0.0000000000000000e+00 0.0000000000000000e+00 0.0000000000000000e+00 0.0000000000000000e+00 0.0000000000000000e+00 0.0000000000000000e+00 0.0000000000000000e+00 0.0000000000000000e+00 0.0000000000000000e+00 0.0000000000000000e+00 0.0000000000000000e+00 0.0000000000000000e+00 0.0000000000000000e+00 0.0000000000000000e+00 0.0000000000000000e+00 0.0000000000000000e+00 0.0000000000000000e+00 0.0000000000000000e+00 0.0000000000000000e+00 0.0000000000000000e+00 0.0000000000000000e+00 0.0000000000000000e+00 0.0000000000000000e+00 0.0000000000000000e+00 0.0000000000000000e+00 0.0000000000000000e+00 0.0000000000000000e+00 0.0000000000000000e+00 0.0000000000000000e+00 0.0000000000000000e+00 0.0000000000000000e+00 0.0000000000000000e+00 0.0000000000000000e+00 0.0000000000000000e+00 0.0000000000000000e+00 0.0000000000000000e+00 0.0000000000000000e+00 0.0000000000000000e+00 0.0000000000000000e+00 0.0000000000000000e+00 0.0000000000000000e+00 0.0000000000000000e+00 0.0000000000000000e+00 0.0000000000000000e+00 0.0000000000000000e+00 0.0000000000000000e+00 0.0000000000000000e+00 0.0000000000000000e+00 0.0000000000000000e+00 0.0000000000000000e+00 0.0000000000000000e+00 0.0000000000000000e+00 0.0000000000000000e+00 0.0000000000000000e+00 0.0000000000000000e+00 0.0000000000000000e+00 0.0000000000000000e+00 0.0000000000000000e+00 0.0000000000000000e+00 0.0000000000000000e+00 0.0000000000000000e+00 0.0000000000000000e+00 0.0000000000000000e+00 0.0000000000000000e+00 0.0000000000000000e+00 0.0000000000000000e+00 0.0000000000000000e+00 0.0000000000000000e+00 0.0000000000000000e+00 0.0000000000000000e+00 0.0000000000000000e+00 0.0000000000000000e+00 0.0000000000000000e+00 0.0000000000000000e+00 0.0000000000000000e+00 0.0000000000000000e+00 0.0000000000000000e+00 0.0000000000000000e+00 0.0000000000000000e+00 0.0000000000000000e+00 0.0000000000000000e+00 0.0000000000000000e+00 0.0000000000000000e+00 0.0000000000000000e+00 0.0000000000000000e+00 0.0000000000000000e+00 0.0000000000000000e+00 0.0000000000000000e+00 0.0000000000000000e+00 0.0000000000000000e+00 0.0000000000000000e+00 0.0000000000000000e+00 0.0000000000000000e+00 0.0000000000000000e+00 0.0000000000000000e+00 0.0000000000000000e+00 0.0000000000000000e+00 0.0000000000000000e+00 0.0000000000000000e+00 0.0000000000000000e+00 0.0000000000000000e+00 0.0000000000000000e+00 0.0000000000000000e+00 0.0000000000000000e+00 0.0000000000000000e+00 0.0000000000000000e+00 0.0000000000000000e+00 0.0000000000000000e+00 0.0000000000000000e+00 0.0000000000000000e+00 0.0000000000000000e+00 0.0000000000000000e+00 0.0000000000000000e+00 0.0000000000000000e+00 0.0000000000000000e+00 0.0000000000000000e+00 0.0000000000000000e+00 0.0000000000000000e+00 0.0000000000000000e+00 0.0000000000000000e+00 0.0000000000000000e+00 0.0000000000000000e+00 0.0000000000000000e+00 0.0000000000000000e+00 0.0000000000000000e+00 0.0000000000000000e+00 0.0000000000000000e+00 0.0000000000000000e+00 0.0000000000000000e+00 0.0000000000000000e+00 0.0000000000000000e+00 0.0000000000000000e+00 0.0000000000000000e+00 0.0000000000000000e+00 0.0000000000000000e+00 0.0000000000000000e+00 0.0000000000000000e+00 0.0000000000000000e+00 0.0000000000000000e+00 0.0000000000000000e+00 0.0000000000000000e+00 0.0000000000000000e+00 0.0000000000000000e+00 0.0000000000000000e+00 0.0000000000000000e+00 0.0000000000000000e+00 0.0000000000000000e+00 0.0000000000000000e+00 0.0000000000000000e+00 0.0000000000000000e+00 0.0000000000000000e+00 0.0000000000000000e+00 0.0000000000000000e+00 0.0000000000000000e+00 0.0000000000000000e+00 0.0000000000000000e+00 0.0000000000000000e+00 0.0000000000000000e+00 0.0000000000000000e+00 0.0000000000000000e+00 0.0000000000000000e+00 0.0000000000000000e+00 0.0000000000000000e+00 0.0000000000000000e+00 0.0000000000000000e+00 0.0000000000000000e+00 0.0000000000000000e+00 0.0000000000000000e+00 0.0000000000000000e+00 0.0000000000000000e+00 0.0000000000000000e+00 0.0000000000000000e+00 0.0000000000000000e+00 0.0000000000000000e+00 0.0000000000000000e+00 0.0000000000000000e+00 0.0000000000000000e+00 0.0000000000000000e+00 0.0000000000000000e+00 0.0000000000000000e+00 0.0000000000000000e+00 0.0000000000000000e+00 0.0000000000000000e+00 0.0000000000000000e+00 0.0000000000000000e+00 0.0000000000000000e+00 0.0000000000000000e+00 0.0000000000000000e+00 0.0000000000000000e+00 0.0000000000000000e+00 0.0000000000000000e+00 0.0000000000000000e+00 0.0000000000000000e+00 0.0000000000000000e+00 0.0000000000000000e+00 0.0000000000000000e+00 0.0000000000000000e+00 0.0000000000000000e+00 0.0000000000000000e+00 0.0000000000000000e+00 0.0000000000000000e+00 0.0000000000000000e+00 0.0000000000000000e+00 0.0000000000000000e+00 0.0000000000000000e+00 0.0000000000000000e+00 0.0000000000000000e+00 0.0000000000000000e+00 0.0000000000000000e+00 0.0000000000000000e+00 0.0000000000000000e+00 0.0000000000000000e+00 0.0000000000000000e+00 0.0000000000000000e+00 0.0000000000000000e+00 0.0000000000000000e+00 0.0000000000000000e+00 0.0000000000000000e+00 0.0000000000000000e+00 0.0000000000000000e+00 0.0000000000000000e+00 0.0000000000000000e+00 0.0000000000000000e+00 0.0000000000000000e+00 0.0000000000000000e+00 0.0000000000000000e+00 0.0000000000000000e+00 0.0000000000000000e+00 0.0000000000000000e+00 0.0000000000000000e+00 0.0000000000000000e+00 0.0000000000000000e+00 0.0000000000000000e+00 0.0000000000000000e+00 0.0000000000000000e+00 0.0000000000000000e+00 0.0000000000000000e+00 0.0000000000000000e+00 0.0000000000000000e+00 0.0000000000000000e+00 0.0000000000000000e+00 0.0000000000000000e+00 0.0000000000000000e+00 0.0000000000000000e+00 0.0000000000000000e+00 0.0000000000000000e+00 0.0000000000000000e+00 0.0000000000000000e+00 0.0000000000000000e+00 0.0000000000000000e+00 0.0000000000000000e+00 0.0000000000000000e+00 0.0000000000000000e+00 0.0000000000000000e+00 0.0000000000000000e+00 0.0000000000000000e+00 0.0000000000000000e+00 0.0000000000000000e+00 0.0000000000000000e+00 0.0000000000000000e+00 0.0000000000000000e+00 0.0000000000000000e+00 0.0000000000000000e+00 0.0000000000000000e+00 0.0000000000000000e+00 0.0000000000000000e+00 0.0000000000000000e+00 0.0000000000000000e+00 0.0000000000000000e+00 0.0000000000000000e+00 0.0000000000000000e+00 0.0000000000000000e+00 0.0000000000000000e+00 0.0000000000000000e+00 0.0000000000000000e+00 0.0000000000000000e+00 0.0000000000000000e+00 0.0000000000000000e+00 0.0000000000000000e+00 0.0000000000000000e+00 0.0000000000000000e+00 0.0000000000000000e+00 0.0000000000000000e+00 0.0000000000000000e+00 0.0000000000000000e+00 0.0000000000000000e+00 0.0000000000000000e+00 0.0000000000000000e+00 0.0000000000000000e+00 0.0000000000000000e+00 0.0000000000000000e+00 0.0000000000000000e+00 0.0000000000000000e+00 0.0000000000000000e+00 0.0000000000000000e+00 0.0000000000000000e+00 0.0000000000000000e+00 0.0000000000000000e+00 0.0000000000000000e+00 0.0000000000000000e+00 0.0000000000000000e+00 0.0000000000000000e+00 0.0000000000000000e+00 0.0000000000000000e+00 0.0000000000000000e+00 0.0000000000000000e+00 0.0000000000000000e+00 0.0000000000000000e+00 0.0000000000000000e+00 0.0000000000000000e+00 0.0000000000000000e+00 0.0000000000000000e+00 0.0000000000000000e+00 0.0000000000000000e+00 0.0000000000000000e+00 0.0000000000000000e+00 0.0000000000000000e+00 0.0000000000000000e+00 0.0000000000000000e+00 0.0000000000000000e+00 0.0000000000000000e+00 0.0000000000000000e+00 0.0000000000000000e+00 0.0000000000000000e+00 0.0000000000000000e+00 0.0000000000000000e+00 0.0000000000000000e+00 0.0000000000000000e+00 0.0000000000000000e+00 0.0000000000000000e+00 0.0000000000000000e+00 0.0000000000000000e+00 0.0000000000000000e+00 0.0000000000000000e+00 0.0000000000000000e+00 0.0000000000000000e+00 0.0000000000000000e+00 0.0000000000000000e+00 0.0000000000000000e+00 0.0000000000000000e+00 0.0000000000000000e+00 0.0000000000000000e+00 0.0000000000000000e+00 0.0000000000000000e+00 0.0000000000000000e+00 0.0000000000000000e+00 0.0000000000000000e+00 0.0000000000000000e+00 0.0000000000000000e+00 0.0000000000000000e+00 0.0000000000000000e+00 0.0000000000000000e+00 0.0000000000000000e+00 0.0000000000000000e+00 0.0000000000000000e+00 0.0000000000000000e+00 0.0000000000000000e+00 0.0000000000000000e+00 0.0000000000000000e+00 0.0000000000000000e+00 0.0000000000000000e+00 0.0000000000000000e+00 0.0000000000000000e+00 0.0000000000000000e+00 0.0000000000000000e+00 0.0000000000000000e+00 0.0000000000000000e+00 0.0000000000000000e+00 0.0000000000000000e+00 0.0000000000000000e+00 0.0000000000000000e+00 0.0000000000000000e+00 0.0000000000000000e+00 0.0000000000000000e+00 0.0000000000000000e+00 0.0000000000000000e+00 0.0000000000000000e+00 0.0000000000000000e+00 0.0000000000000000e+00 0.0000000000000000e+00 0.0000000000000000e+00 0.0000000000000000e+00 0.0000000000000000e+00 0.0000000000000000e+00 0.0000000000000000e+00 0.0000000000000000e+00 0.0000000000000000e+00 0.0000000000000000e+00 0.0000000000000000e+00 0.0000000000000000e+00 0.0000000000000000e+00 0.0000000000000000e+00 0.0000000000000000e+00 0.0000000000000000e+00 0.0000000000000000e+00 0.0000000000000000e+00 0.0000000000000000e+00 0.0000000000000000e+00 0.0000000000000000e+00 0.0000000000000000e+00 0.0000000000000000e+00 0.0000000000000000e+00 0.0000000000000000e+00 0.0000000000000000e+00 0.0000000000000000e+00 0.0000000000000000e+00 0.0000000000000000e+00 0.0000000000000000e+00 0.0000000000000000e+00 0.0000000000000000e+00 0.0000000000000000e+00 0.0000000000000000e+00 0.0000000000000000e+00 0.0000000000000000e+00 0.0000000000000000e+00 0.0000000000000000e+00 0.0000000000000000e+00 0.0000000000000000e+00 0.0000000000000000e+00 0.0000000000000000e+00 0.0000000000000000e+00 0.0000000000000000e+00 0.0000000000000000e+00 0.0000000000000000e+00 0.0000000000000000e+00 0.0000000000000000e+00 0.0000000000000000e+00 0.0000000000000000e+00 0.0000000000000000e+00 0.0000000000000000e+00 0.0000000000000000e+00 0.0000000000000000e+00 0.0000000000000000e+00 0.0000000000000000e+00 0.0000000000000000e+00 0.0000000000000000e+00 0.0000000000000000e+00 0.0000000000000000e+00 0.0000000000000000e+00 0.0000000000000000e+00 0.0000000000000000e+00 0.0000000000000000e+00 0.0000000000000000e+00 0.0000000000000000e+00 0.0000000000000000e+00 0.0000000000000000e+00 0.0000000000000000e+00 0.0000000000000000e+00 0.0000000000000000e+00 0.0000000000000000e+00 0.0000000000000000e+00 0.0000000000000000e+00 0.0000000000000000e+00 0.0000000000000000e+00 0.0000000000000000e+00 0.0000000000000000e+00 0.0000000000000000e+00 0.0000000000000000e+00 0.0000000000000000e+00 0.0000000000000000e+00 0.0000000000000000e+00 0.0000000000000000e+00 0.0000000000000000e+00 0.0000000000000000e+00 0.0000000000000000e+00 0.0000000000000000e+00 0.0000000000000000e+00 0.0000000000000000e+00 0.0000000000000000e+00 0.0000000000000000e+00 0.0000000000000000e+00 0.0000000000000000e+00 0.0000000000000000e+00 0.0000000000000000e+00 0.0000000000000000e+00 0.0000000000000000e+00 0.0000000000000000e+00 0.0000000000000000e+00 0.0000000000000000e+00 0.0000000000000000e+00 0.0000000000000000e+00 0.0000000000000000e+00 0.0000000000000000e+00 0.0000000000000000e+00 0.0000000000000000e+00 0.0000000000000000e+00 0.0000000000000000e+00 0.0000000000000000e+00 0.0000000000000000e+00 0.0000000000000000e+00 0.0000000000000000e+00 0.0000000000000000e+00 0.0000000000000000e+00 0.0000000000000000e+00 0.0000000000000000e+00 0.0000000000000000e+00 0.0000000000000000e+00 0.0000000000000000e+00 0.0000000000000000e+00 0.0000000000000000e+00 0.0000000000000000e+00 0.0000000000000000e+00 0.0000000000000000e+00 0.0000000000000000e+00 0.0000000000000000e+00 0.0000000000000000e+00 0.0000000000000000e+00 0.0000000000000000e+00 0.0000000000000000e+00 0.0000000000000000e+00 0.0000000000000000e+00 0.0000000000000000e+00 0.0000000000000000e+00 0.0000000000000000e+00 0.0000000000000000e+00 0.0000000000000000e+00 0.0000000000000000e+00 0.0000000000000000e+00 0.0000000000000000e+00 0.0000000000000000e+00 0.0000000000000000e+00 0.0000000000000000e+00 0.0000000000000000e+00 0.0000000000000000e+00 0.0000000000000000e+00 0.0000000000000000e+00 0.0000000000000000e+00 0.0000000000000000e+00 0.0000000000000000e+00 0.0000000000000000e+00 0.0000000000000000e+00 0.0000000000000000e+00 0.0000000000000000e+00 0.0000000000000000e+00 0.0000000000000000e+00 0.0000000000000000e+00 0.0000000000000000e+00 0.0000000000000000e+00 0.0000000000000000e+00 0.0000000000000000e+00 0.0000000000000000e+00 0.0000000000000000e+00 0.0000000000000000e+00 0.0000000000000000e+00 0.0000000000000000e+00 0.0000000000000000e+00 0.0000000000000000e+00 0.0000000000000000e+00 0.0000000000000000e+00 0.0000000000000000e+00 0.0000000000000000e+00 0.0000000000000000e+00 0.0000000000000000e+00 0.0000000000000000e+00 0.0000000000000000e+00 0.0000000000000000e+00 0.0000000000000000e+00 0.0000000000000000e+00 0.0000000000000000e+00 0.0000000000000000e+00 0.0000000000000000e+00 0.0000000000000000e+00 0.0000000000000000e+00 0.0000000000000000e+00 0.0000000000000000e+00 0.0000000000000000e+00 0.0000000000000000e+00 0.0000000000000000e+00 0.0000000000000000e+00 0.0000000000000000e+00 0.0000000000000000e+00 0.0000000000000000e+00 0.0000000000000000e+00 0.0000000000000000e+00 0.0000000000000000e+00 0.0000000000000000e+00 0.0000000000000000e+00 0.0000000000000000e+00 0.0000000000000000e+00 0.0000000000000000e+00 0.0000000000000000e+00 0.0000000000000000e+00 0.0000000000000000e+00 0.0000000000000000e+00 0.0000000000000000e+00 0.0000000000000000e+00 0.0000000000000000e+00 0.0000000000000000e+00 0.0000000000000000e+00 0.0000000000000000e+00 0.0000000000000000e+00 0.0000000000000000e+00 0.0000000000000000e+00 0.0000000000000000e+00 0.0000000000000000e+00 0.0000000000000000e+00 0.0000000000000000e+00 0.0000000000000000e+00 0.0000000000000000e+00 0.0000000000000000e+00 0.0000000000000000e+00 0.0000000000000000e+00 0.0000000000000000e+00 0.0000000000000000e+00 0.0000000000000000e+00 0.0000000000000000e+00 0.0000000000000000e+00 0.0000000000000000e+00 0.0000000000000000e+00 0.0000000000000000e+00 0.0000000000000000e+00 0.0000000000000000e+00 0.0000000000000000e+00 0.0000000000000000e+00 0.0000000000000000e+00 0.0000000000000000e+00 0.0000000000000000e+00 0.0000000000000000e+00 0.0000000000000000e+00 0.0000000000000000e+00 0.0000000000000000e+00 0.0000000000000000e+00 0.0000000000000000e+00 0.0000000000000000e+00 0.0000000000000000e+00 0.0000000000000000e+00 0.0000000000000000e+00 0.0000000000000000e+00 0.0000000000000000e+00 0.0000000000000000e+00 0.0000000000000000e+00 0.0000000000000000e+00 0.0000000000000000e+00 0.0000000000000000e+00 0.0000000000000000e+00 0.0000000000000000e+00 0.0000000000000000e+00 0.0000000000000000e+00 0.0000000000000000e+00 0.0000000000000000e+00 0.0000000000000000e+00 0.0000000000000000e+00 0.0000000000000000e+00 0.0000000000000000e+00 0.0000000000000000e+00 0.0000000000000000e+00 0.0000000000000000e+00 0.0000000000000000e+00 0.0000000000000000e+00 0.0000000000000000e+00 0.0000000000000000e+00 0.0000000000000000e+00 0.0000000000000000e+00 0.0000000000000000e+00 0.0000000000000000e+00 0.0000000000000000e+00 0.0000000000000000e+00 0.0000000000000000e+00 0.0000000000000000e+00 0.0000000000000000e+00 0.0000000000000000e+00 0.0000000000000000e+00 0.0000000000000000e+00 0.0000000000000000e+00 0.0000000000000000e+00 0.0000000000000000e+00 0.0000000000000000e+00 0.0000000000000000e+00 0.0000000000000000e+00 0.0000000000000000e+00 0.0000000000000000e+00 0.0000000000000000e+00 0.0000000000000000e+00 0.0000000000000000e+00 0.0000000000000000e+00 0.0000000000000000e+00 0.0000000000000000e+00 0.0000000000000000e+00 0.0000000000000000e+00 0.0000000000000000e+00 0.0000000000000000e+00 0.0000000000000000e+00 0.0000000000000000e+00 0.0000000000000000e+00 0.0000000000000000e+00 0.0000000000000000e+00 0.0000000000000000e+00 0.0000000000000000e+00 0.0000000000000000e+00 0.0000000000000000e+00 0.0000000000000000e+00 0.0000000000000000e+00 0.0000000000000000e+00 0.0000000000000000e+00 0.0000000000000000e+00 0.0000000000000000e+00 0.0000000000000000e+00 0.0000000000000000e+00 0.0000000000000000e+00 0.0000000000000000e+00 0.0000000000000000e+00 0.0000000000000000e+00 0.0000000000000000e+00 0.0000000000000000e+00 0.0000000000000000e+00 0.0000000000000000e+00 0.0000000000000000e+00 0.0000000000000000e+00 0.0000000000000000e+00 0.0000000000000000e+00 0.0000000000000000e+00 0.0000000000000000e+00 0.0000000000000000e+00 0.0000000000000000e+00 0.0000000000000000e+00 0.0000000000000000e+00 0.0000000000000000e+00 0.0000000000000000e+00 0.0000000000000000e+00 0.0000000000000000e+00 0.0000000000000000e+00 0.0000000000000000e+00 0.0000000000000000e+00 0.0000000000000000e+00 0.0000000000000000e+00 0.0000000000000000e+00 0.0000000000000000e+00 0.0000000000000000e+00 0.0000000000000000e+00 0.0000000000000000e+00 0.0000000000000000e+00 0.0000000000000000e+00 0.0000000000000000e+00 0.0000000000000000e+00 0.0000000000000000e+00 0.0000000000000000e+00 0.0000000000000000e+00 0.0000000000000000e+00 0.0000000000000000e+00 0.0000000000000000e+00 0.0000000000000000e+00 0.0000000000000000e+00 0.0000000000000000e+00 0.0000000000000000e+00 0.0000000000000000e+00 0.0000000000000000e+00 0.0000000000000000e+00 0.0000000000000000e+00 0.0000000000000000e+00 0.0000000000000000e+00 0.0000000000000000e+00 0.0000000000000000e+00 0.0000000000000000e+00 0.0000000000000000e+00 0.0000000000000000e+00 0.0000000000000000e+00 0.0000000000000000e+00 0.0000000000000000e+00 0.0000000000000000e+00 0.0000000000000000e+00 0.0000000000000000e+00 0.0000000000000000e+00 0.0000000000000000e+00 0.0000000000000000e+00 0.0000000000000000e+00 0.0000000000000000e+00 0.0000000000000000e+00 0.0000000000000000e+00 0.0000000000000000e+00 0.0000000000000000e+00 0.0000000000000000e+00 0.0000000000000000e+00 0.0000000000000000e+00 0.0000000000000000e+00 0.0000000000000000e+00 0.0000000000000000e+00 0.0000000000000000e+00 0.0000000000000000e+00 0.0000000000000000e+00 0.0000000000000000e+00 0.0000000000000000e+00 0.0000000000000000e+00 0.0000000000000000e+00 0.0000000000000000e+00 0.0000000000000000e+00 0.0000000000000000e+00 0.0000000000000000e+00 0.0000000000000000e+00 0.0000000000000000e+00 0.0000000000000000e+00 0.0000000000000000e+00 0.0000000000000000e+00 0.0000000000000000e+00 0.0000000000000000e+00 0.0000000000000000e+00 0.0000000000000000e+00 0.0000000000000000e+00 0.0000000000000000e+00 0.0000000000000000e+00 0.0000000000000000e+00 0.0000000000000000e+00 0.0000000000000000e+00 0.0000000000000000e+00 0.0000000000000000e+00 0.0000000000000000e+00 0.0000000000000000e+00 0.0000000000000000e+00 0.0000000000000000e+00 0.0000000000000000e+00 0.0000000000000000e+00 0.0000000000000000e+00 0.0000000000000000e+00 0.0000000000000000e+00 0.0000000000000000e+00 0.0000000000000000e+00 0.0000000000000000e+00 0.0000000000000000e+00 0.0000000000000000e+00 0.0000000000000000e+00 0.0000000000000000e+00 0.0000000000000000e+00 0.0000000000000000e+00 0.0000000000000000e+00 0.0000000000000000e+00 0.0000000000000000e+00 0.0000000000000000e+00 0.0000000000000000e+00 0.0000000000000000e+00 0.0000000000000000e+00 0.0000000000000000e+00 0.0000000000000000e+00 0.0000000000000000e+00 0.0000000000000000e+00 0.0000000000000000e+00 0.0000000000000000e+00 0.0000000000000000e+00 0.0000000000000000e+00 0.0000000000000000e+00 0.0000000000000000e+00 0.0000000000000000e+00 0.0000000000000000e+00 0.0000000000000000e+00 0.0000000000000000e+00 0.0000000000000000e+00 0.0000000000000000e+00 0.0000000000000000e+00 0.0000000000000000e+00 0.0000000000000000e+00 0.0000000000000000e+00 0.0000000000000000e+00 0.0000000000000000e+00 0.0000000000000000e+00 0.0000000000000000e+00 0.0000000000000000e+00 0.0000000000000000e+00 0.0000000000000000e+00 0.0000000000000000e+00 0.0000000000000000e+00 0.0000000000000000e+00 0.0000000000000000e+00 0.0000000000000000e+00 0.0000000000000000e+00 0.0000000000000000e+00 0.0000000000000000e+00 0.0000000000000000e+00 0.0000000000000000e+00 0.0000000000000000e+00 0.0000000000000000e+00 0.0000000000000000e+00 0.0000000000000000e+00 0.0000000000000000e+00 0.0000000000000000e+00 0.0000000000000000e+00 0.0000000000000000e+00 0.0000000000000000e+00 0.0000000000000000e+00 0.0000000000000000e+00 0.0000000000000000e+00 0.0000000000000000e+00 0.0000000000000000e+00 0.0000000000000000e+00 0.0000000000000000e+00 0.0000000000000000e+00 0.0000000000000000e+00 0.0000000000000000e+00 0.0000000000000000e+00 0.0000000000000000e+00 0.0000000000000000e+00 0.0000000000000000e+00 0.0000000000000000e+00 0.0000000000000000e+00 0.0000000000000000e+00 0.0000000000000000e+00 0.0000000000000000e+00 0.0000000000000000e+00 0.0000000000000000e+00 0.0000000000000000e+00 0.0000000000000000e+00 0.0000000000000000e+00 0.0000000000000000e+00 0.0000000000000000e+00 0.0000000000000000e+00 0.0000000000000000e+00 0.0000000000000000e+00 0.0000000000000000e+00 0.0000000000000000e+00 0.0000000000000000e+00 0.0000000000000000e+00 0.0000000000000000e+00 0.0000000000000000e+00 0.0000000000000000e+00 0.0000000000000000e+00 0.0000000000000000e+00 0.0000000000000000e+00 0.0000000000000000e+00 0.0000000000000000e+00 0.0000000000000000e+00 0.0000000000000000e+00 0.0000000000000000e+00 0.0000000000000000e+00 0.0000000000000000e+00 0.0000000000000000e+00 0.0000000000000000e+00 0.0000000000000000e+00 0.0000000000000000e+00 0.0000000000000000e+00 0.0000000000000000e+00 0.0000000000000000e+00 0.0000000000000000e+00 0.0000000000000000e+00 0.0000000000000000e+00 0.0000000000000000e+00 0.0000000000000000e+00 0.0000000000000000e+00 0.0000000000000000e+00 0.0000000000000000e+00 0.0000000000000000e+00 0.0000000000000000e+00 0.0000000000000000e+00 0.0000000000000000e+00 0.0000000000000000e+00 0.0000000000000000e+00 0.0000000000000000e+00 0.0000000000000000e+00 0.0000000000000000e+00 0.0000000000000000e+00 0.0000000000000000e+00 0.0000000000000000e+00 0.0000000000000000e+00 0.0000000000000000e+00 0.0000000000000000e+00 0.0000000000000000e+00 0.0000000000000000e+00 0.0000000000000000e+00 0.0000000000000000e+00 0.0000000000000000e+00 0.0000000000000000e+00 0.0000000000000000e+00 0.0000000000000000e+00 0.0000000000000000e+00 0.0000000000000000e+00 0.0000000000000000e+00 0.0000000000000000e+00 0.0000000000000000e+00 0.0000000000000000e+00 0.0000000000000000e+00 0.0000000000000000e+00 0.0000000000000000e+00 0.0000000000000000e+00 0.0000000000000000e+00 0.0000000000000000e+00 0.0000000000000000e+00 0.0000000000000000e+00 0.0000000000000000e+00 0.0000000000000000e+00 0.0000000000000000e+00 0.0000000000000000e+00 0.0000000000000000e+00 0.0000000000000000e+00 0.0000000000000000e+00 0.0000000000000000e+00 0.0000000000000000e+00 0.0000000000000000e+00 0.0000000000000000e+00 0.0000000000000000e+00 0.0000000000000000e+00 0.0000000000000000e+00 0.0000000000000000e+00 0.0000000000000000e+00 0.0000000000000000e+00 0.0000000000000000e+00 0.0000000000000000e+00 0.0000000000000000e+00 0.0000000000000000e+00 0.0000000000000000e+00 0.0000000000000000e+00 0.0000000000000000e+00 0.0000000000000000e+00 0.0000000000000000e+00 0.0000000000000000e+00 0.0000000000000000e+00 0.0000000000000000e+00 0.0000000000000000e+00 0.0000000000000000e+00 0.0000000000000000e+00 0.0000000000000000e+00 0.0000000000000000e+00 0.0000000000000000e+00 0.0000000000000000e+00 0.0000000000000000e+00 0.0000000000000000e+00 0.0000000000000000e+00 0.0000000000000000e+00 0.0000000000000000e+00 0.0000000000000000e+00 0.0000000000000000e+00 0.0000000000000000e+00 0.0000000000000000e+00 0.0000000000000000e+00 0.0000000000000000e+00 0.0000000000000000e+00 0.0000000000000000e+00 0.0000000000000000e+00 0.0000000000000000e+00 0.0000000000000000e+00 0.0000000000000000e+00 0.0000000000000000e+00 0.0000000000000000e+00 0.0000000000000000e+00 0.0000000000000000e+00 0.0000000000000000e+00 0.0000000000000000e+00 0.0000000000000000e+00 0.0000000000000000e+00 0.0000000000000000e+00 0.0000000000000000e+00 0.0000000000000000e+00 0.0000000000000000e+00 0.0000000000000000e+00 0.0000000000000000e+00 0.0000000000000000e+00 0.0000000000000000e+00 0.0000000000000000e+00 0.0000000000000000e+00 0.0000000000000000e+00 0.0000000000000000e+00 0.0000000000000000e+00 0.0000000000000000e+00 0.0000000000000000e+00 0.0000000000000000e+00 0.0000000000000000e+00 0.0000000000000000e+00 0.0000000000000000e+00 0.0000000000000000e+00 0.0000000000000000e+00 0.0000000000000000e+00 0.0000000000000000e+00 0.0000000000000000e+00 0.0000000000000000e+00 0.0000000000000000e+00 0.0000000000000000e+00 0.0000000000000000e+00 0.0000000000000000e+00 0.0000000000000000e+00 0.0000000000000000e+00 0.0000000000000000e+00
</DataArray>
        <DataArray type="Float64" format="ascii" Name="ux">
0.0000000000000000e+00 0.0000000000000000e+00 0.0000000000000000e+00 0.0000000000000000e+00 0.0000000000000000e+00 0.0000000000000000e+00 0.0000000000000000e+00 0.0000000000000000e+00 0.0000000000000000e+00 0.0000000000000000e+00 0.0000000000000000e+00 0.0000000000000000e+00 0.0000000000000000e+00 0.0000000000000000e+00 0.0000000000000000e+00 0.0000000000000000e+00 0.0000000000000000e+00 0.0000000000000000e+00 0.0000000000000000e+00 0.0000000000000000e+00 0.0000000000000000e+00 0.0000000000000000e+00 0.0000000000000000e+00 0.0000000000000000e+00 0.0000000000000000e+00 0.0000000000000000e+00 0.0000000000000000e+00 0.0000000000000000e+00 0.0000000000000000e+00 0.0000000000000000e+00 0.0000000000000000e+00 0.0000000000000000e+00 0.0000000000000000e+00 0.0000000000000000e+00 0.0000000000000000e+00 0.0000000000000000e+00 0.0000000000000000e+00 0.0000000000000000e+00 0.0000000000000000e+00 0.0000000000000000e+00 0.0000000000000000e+00 0.0000000000000000e+00 0.0000000000000000e+00 0.0000000000000000e+00 0.0000000000000000e+00 0.0000000000000000e+00 0.0000000000000000e+00 0.0000000000000000e+00 0.0000000000000000e+00 0.0000000000000000e+00 0.0000000000000000e+00 0.0000000000000000e+00 0.0000000000000000e+00 0.0000000000000000e+00 0.0000000000000000e+00 0.0000000000000000e+00 0.0000000000000000e+00 0.0000000000000000e+00 0.0000000000000000e+00 0.0000000000000000e+00 0.0000000000000000e+00 0.0000000000000000e+00 0.0000000000000000e+00 0.0000000000000000e+00 0.0000000000000000e+00 0.0000000000000000e+00 0.0000000000000000e+00 0.0000000000000000e+00 0.0000000000000000e+00 0.0000000000000000e+00 0.0000000000000000e+00 0.0000000000000000e+00 0.0000000000000000e+00 0.0000000000000000e+00 0.0000000000000000e+00 0.0000000000000000e+00 0.0000000000000000e+00 0.0000000000000000e+00 0.0000000000000000e+00 0.0000000000000000e+00 0.0000000000000000e+00 0.0000000000000000e+00 0.0000000000000000e+00 0.0000000000000000e+00 0.0000000000000000e+00 0.0000000000000000e+00 0.0000000000000000e+00 0.0000000000000000e+00 0.0000000000000000e+00 0.0000000000000000e+00 0.0000000000000000e+00 0.0000000000000000e+00 0.0000000000000000e+00 0.0000000000000000e+00 0.0000000000000000e+00 0.0000000000000000e+00 0.0000000000000000e+00 0.0000000000000000e+00 0.0000000000000000e+00 0.0000000000000000e+00 0.0000000000000000e+00 0.0000000000000000e+00 0.0000000000000000e+00 0.0000000000000000e+00 0.0000000000000000e+00 0.0000000000000000e+00 0.0000000000000000e+00 0.0000000000000000e+00 0.0000000000000000e+00 0.0000000000000000e+00 0.0000000000000000e+00 0.0000000000000000e+00 0.0000000000000000e+00 0.0000000000000000e+00 0.0000000000000000e+00 0.0000000000000000e+00 0.0000000000000000e+00 0.0000000000000000e+00 0.0000000000000000e+00 0.0000000000000000e+00 0.0000000000000000e+00 0.0000000000000000e+00 0.0000000000000000e+00 0.0000000000000000e+00 0.0000000000000000e+00 0.0000000000000000e+00 0.0000000000000000e+00 0.0000000000000000e+00 0.0000000000000000e+00 0.0000000000000000e+00 0.0000000000000000e+00 0.0000000000000000e+00 0.0000000000000000e+00 0.0000000000000000e+00 0.0000000000000000e+00 0.0000000000000000e+00 0.0000000000000000e+00 0.0000000000000000e+00 0.0000000000000000e+00 0.0000000000000000e+00 0.0000000000000000e+00 0.0000000000000000e+00 0.0000000000000000e+00 0.0000000000000000e+00 0.0000000000000000e+00 0.0000000000000000e+00 0.0000000000000000e+00 0.0000000000000000e+00 0.0000000000000000e+00 0.0000000000000000e+00 0.0000000000000000e+00 0.0000000000000000e+00 0.0000000000000000e+00 0.0000000000000000e+00 0.0000000000000000e+00 0.0000000000000000e+00 0.0000000000000000e+00 0.0000000000000000e+00 0.0000000000000000e+00 0.0000000000000000e+00 0.0000000000000000e+00 0.0000000000000000e+00 0.0000000000000000e+00 0.0000000000000000e+00 0.0000000000000000e+00 0.0000000000000000e+00 0.0000000000000000e+00 0.0000000000000000e+00 0.0000000000000000e+00 0.0000000000000000e+00 0.0000000000000000e+00 0.0000000000000000e+00 0.0000000000000000e+00 0.0000000000000000e+00 0.0000000000000000e+00 0.0000000000000000e+00 0.0000000000000000e+00 0.0000000000000000e+00 0.0000000000000000e+00 0.0000000000000000e+00 0.0000000000000000e+00 0.0000000000000000e+00 0.0000000000000000e+00 0.0000000000000000e+00 0.0000000000000000e+00 0.0000000000000000e+00 0.0000000000000000e+00 0.0000000000000000e+00 0.0000000000000000e+00 0.0000000000000000e+00 0.0000000000000000e+00 0.0000000000000000e+00 0.0000000000000000e+00 0.0000000000000000e+00 0.0000000000000000e+00 0.0000000000000000e+00 0.0000000000000000e+00 0.0000000000000000e+00 0.0000000000000000e+00 0.0000000000000000e+00 0.0000000000000000e+00 0.0000000000000000e+00 0.0000000000000000e+00 0.0000000000000000e+00 0.0000000000000000e+00 0.0000000000000000e+00 0.0000000000000000e+00 0.0000000000000000e+00 0.0000000000000000e+00 0.0000000000000000e+00 0.0000000000000000e+00 0.0000000000000000e+00 0.0000000000000000e+00 0.0000000000000000e+00 0.0000000000000000e+00 0.0000000000000000e+00 0.0000000000000000e+00 0.0000000000000000e+00 0.0000000000000000e+00 0.0000000000000000e+00 0.0000000000000000e+00 0.0000000000000000e+00 0.0000000000000000e+00 0.0000000000000000e+00 0.0000000000000000e+00 0.0000000000000000e+00 0.0000000000000000e+00 0.0000000000000000e+00 0.0000000000000000e+00 0.0000000000000000e+00 0.0000000000000000e+00 0.0000000000000000e+00 0.0000000000000000e+00 0.0000000000000000e+00 0.0000000000000000e+00 0.0000000000000000e+00 0.0000000000000000e+00 0.0000000000000000e+00 0.0000000000000000e+00 0.0000000000000000e+00 0.0000000000000000e+00 0.0000000000000000e+00 0.0000000000000000e+00 0.0000000000000000e+00 0.0000000000000000e+00 0.0000000000000000e+00 0.0000000000000000e+00 0.0000000000000000e+00 0.0000000000000000e+00 0.0000000000000000e+00 0.0000000000000000e+00 0.0000000000000000e+00 0.0000000000000000e+00 0.0000000000000000e+00 0.0000000000000000e+00 0.0000000000000000e+00 0.0000000000000000e+00 0.0000000000000000e+00 0.0000000000000000e+00 0.0000000000000000e+00 0.0000000000000000e+00 0.0000000000000000e+00 0.0000000000000000e+00 0.0000000000000000e+00 0.0000000000000000e+00 0.0000000000000000e+00 0.0000000000000000e+00 0.0000000000000000e+00 0.0000000000000000e+00 0.0000000000000000e+00 0.0000000000000000e+00 0.0000000000000000e+00 0.0000000000000000e+00 0.0000000000000000e+00 0.0000000000000000e+00 0.0000000000000000e+00 0.0000000000000000e+00 0.0000000000000000e+00 0.0000000000000000e+00 0.0000000000000000e+00 0.0000000000000000e+00 0.0000000000000000e+00 0.0000000000000000e+00 0.0000000000000000e+00 0.0000000000000000e+00 0.0000000000000000e+00 0.0000000000000000e+00 0.0000000000000000e+00 0.0000000000000000e+00 0.0000000000000000e+00 0.0000000000000000e+00 0.0000000000000000e+00 0.0000000000000000e+00 0.0000000000000000e+00 0.0000000000000000e+00 0.0000000000000000e+00 0.0000000000000000e+00 0.0000000000000000e+00 0.0000000000000000e+00 0.0000000000000000e+00 0.0000000000000000e+00 0.0000000000000000e+00 0.0000000000000000e+00 0.0000000000000000e+00 0.0000000000000000e+00 0.0000000000000000e+00 0.0000000000000000e+00 0.0000000000000000e+00 0.0000000000000000e+00 0.0000000000000000e+00 0.0000000000000000e+00 0.0000000000000000e+00 0.0000000000000000e+00 0.0000000000000000e+00 0.0000000000000000e+00 0.0000000000000000e+00 0.0000000000000000e+00 0.0000000000000000e+00 0.0000000000000000e+00 0.0000000000000000e+00 0.0000000000000000e+00 0.0000000000000000e+00 0.0000000000000000e+00 0.0000000000000000e+00 0.0000000000000000e+00 0.0000000000000000e+00 0.0000000000000000e+00 0.0000000000000000e+00 0.0000000000000000e+00 0.0000000000000000e+00 0.0000000000000000e+00 0.0000000000000000e+00 0.0000000000000000e+00 0.0000000000000000e+00 0.0000000000000000e+00 0.0000000000000000e+00 0.0000000000000000e+00 0.0000000000000000e+00 0.0000000000000000e+00 0.0000000000000000e+00 0.0000000000000000e+00 0.0000000000000000e+00 0.0000000000000000e+00 0.0000000000000000e+00 0.0000000000000000e+00 0.0000000000000000e+00 0.0000000000000000e+00 0.0000000000000000e+00 0.0000000000000000e+00 0.0000000000000000e+00 0.0000000000000000e+00 0.0000000000000000e+00 0.0000000000000000e+00 0.0000000000000000e+00 0.0000000000000000e+00 0.0000000000000000e+00 0.0000000000000000e+00 0.0000000000000000e+00 0.0000000000000000e+00 0.0000000000000000e+00 0.0000000000000000e+00 0.0000000000000000e+00 0.0000000000000000e+00 0.0000000000000000e+00 0.0000000000000000e+00 0.0000000000000000e+00 0.0000000000000000e+00 0.0000000000000000e+00 0.0000000000000000e+00 0.0000000000000000e+00 0.0000000000000000e+00 0.0000000000000000e+00 0.0000000000000000e+00 0.0000000000000000e+00 0.0000000000000000e+00 0.0000000000000000e+00 0.0000000000000000e+00 0.0000000000000000e+00 0.0000000000000000e+00 0.0000000000000000e+00 0.0000000000000000e+00 0.0000000000000000e+00 0.0000000000000000e+00 0.0000000000000000e+00 0.0000000000000000e+00 0.0000000000000000e+00 0.0000000000000000e+00 0.0000000000000000e+00 0.0000000000000000e+00 0.0000000000000000e+00 0.0000000000000000e+00 0.0000000000000000e+00 0.0000000000000000e+00 0.0000000000000000e+00 0.0000000000000000e+00 0.0000000000000000e+00 0.0000000000000000e+00 0.0000000000000000e+00 0.0000000000000000e+00 0.0000000000000000e+00 0.0000000000000000e+00 0.0000000000000000e+00 0.0000000000000000e+00 0.0000000000000000e+00 0.0000000000000000e+00 0.0000000000000000e+00 0.0000000000000000e+00 0.0000000000000000e+00 0.0000000000000000e+00 0.0000000000000000e+00 0.0000000000000000e+00 0.0000000000000000e+00 0.0000000000000000e+00 0.0000000000000000e+00 0.0000000000000000e+00 0.0000000000000000e+00 0.0000000000000000e+00 0.0000000000000000e+00 0.0000000000000000e+00 0.0000000000000000e+00 0.0000000000000000e+00 0.0000000000000000e+00 0.0000000000000000e+00 0.0000000000000000e+00 0.0000000000000000e+00 0.0000000000000000e+00 0.0000000000000000e+00 0.0000000000000000e+00 0.0000000000000000e+00 0.0000000000000000e+00 0.0000000000000000e+00 0.0000000000000000e+00 0.0000000000000000e+00 0.0000000000000000e+00 0.0000000000000000e+00 0.0000000000000000e+00 0.0000000000000000e+00 0.0000000000000000e+00 0.0000000000000000e+00 0.0000000000000000e+00 0.0000000000000000e+00 0.0000000000000000e+00 0.0000000000000000e+00 0.0000000000000000e+00 0.0000000000000000e+00 0.0000000000000000e+00 0.0000000000000000e+00 0.0000000000000000e+00 0.0000000000000000e+00 0.0000000000000000e+00 0.0000000000000000e+00 0.0000000000000000e+00 0.0000000000000000e+00 0.0000000000000000e+00 0.0000000000000000e+00 0.0000000000000000e+00 0.0000000000000000e+00 0.0000000000000000e+00 0.0000000000000000e+00 0.0000000000000000e+00 0.0000000000000000e+00 0.0000000000000000e+00 0.0000000000000000e+00 0.0000000000000000e+00 0.0000000000000000e+00 0.0000000000000000e+00 0.0000000000000000e+00 0.0000000000000000e+00 0.0000000000000000e+00 0.0000000000000000e+00 0.0000000000000000e+00 0.0000000000000000e+00 0.0000000000000000e+00 0.0000000000000000e+00 0.0000000000000000e+00 0.0000000000000000e+00 0.0000000000000000e+00 0.0000000000000000e+00 0.0000000000000000e+00 0.0000000000000000e+00 0.0000000000000000e+00 0.0000000000000000e+00 0.0000000000000000e+00 0.0000000000000000e+00 0.0000000000000000e+00 0.0000000000000000e+00 0.0000000000000000e+00 0.0000000000000000e+00 0.0000000000000000e+00 0.0000000000000000e+00 0.0000000000000000e+00 0.0000000000000000e+00 0.0000000000000000e+00 0.0000000000000000e+00 0.0000000000000000e+00 0.0000000000000000e+00 0.0000000000000000e+00 0.0000000000000000e+00 0.0000000000000000e+00 0.0000000000000000e+00 0.0000000000000000e+00 0.0000000000000000e+00 0.0000000000000000e+00 0.0000000000000000e+00 0.0000000000000000e+00 0.0000000000000000e+00 0.0000000000000000e+00 0.0000000000000000e+00 0.0000000000000000e+00 0.0000000000000000e+00 0.0000000000000000e+00 0.0000000000000000e+00 0.0000000000000000e+00 0.0000000000000000e+00 0.0000000000000000e+00 0.0000000000000000e+00 0.0000000000000000e+00 0.0000000000000000e+00 0.0000000000000000e+00 0.0000000000000000e+00 0.0000000000000000e+00 0.0000000000000000e+00 0.0000000000000000e+00 0.0000000000000000e+00 0.0000000000000000e+00 0.0000000000000000e+00 0.0000000000000000e+00 0.0000000000000000e+00 0.0000000000000000e+00 0.0000000000000000e+00 0.0000000000000000e+00 0.0000000000000000e+00 0.0000000000000000e+00 0.0000000000000000e+00 0.0000000000000000e+00 0.0000000000000000e+00 0.0000000000000000e+00 0.0000000000000000e+00 0.0000000000000000e+00 0.0000000000000000e+00 0.0000000000000000e+00 0.0000000000000000e+00 0.0000000000000000e+00 0.0000000000000000e+00 0.0000000000000000e+00 0.0000000000000000e+00 0.0000000000000000e+00 0.0000000000000000e+00 0.0000000000000000e+00 0.0000000000000000e+00 0.0000000000000000e+00 0.0000000000000000e+00 0.0000000000000000e+00 0.0000000000000000e+00 0.0000000000000000e+00 0.0000000000000000e+00 0.0000000000000000e+00 0.0000000000000000e+00 0.0000000000000000e+00 0.0000000000000000e+00 0.0000000000000000e+00 0.0000000000000000e+00 0.0000000000000000e+00 0.0000000000000000e+00 0.0000000000000000e+00 0.0000000000000000e+00 0.0000000000000000e+00 0.0000000000000000e+00 0.0000000000000000e+00 0.0000000000000000e+00 0.0000000000000000e+00 0.0000000000000000e+00 0.0000000000000000e+00 0.0000000000000000e+00 0.0000000000000000e+00 0.0000000000000000e+00 0.0000000000000000e+00 0.0000000000000000e+00 0.0000000000000000e+00 0.0000000000000000e+00 0.0000000000000000e+00 0.0000000000000000e+00 0.0000000000000000e+00 0.0000000000000000e+00 0.0000000000000000e+00 0.0000000000000000e+00 0.0000000000000000e+00 0.0000000000000000e+00 0.0000000000000000e+00 0.0000000000000000e+00 0.0000000000000000e+00 0.0000000000000000e+00 0.0000000000000000e+00 0.0000000000000000e+00 0.0000000000000000e+00 0.0000000000000000e+00 0.0000000000000000e+00 0.0000000000000000e+00 0.0000000000000000e+00 0.0000000000000000e+00 0.0000000000000000e+00 0.0000000000000000e+00 0.0000000000000000e+00 0.0000000000000000e+00 0.0000000000000000e+00 0.0000000000000000e+00 0.0000000000000000e+00 0.0000000000000000e+00 0.0000000000000000e+00 0.0000000000000000e+00 0.0000000000000000e+00 0.0000000000000000e+00 0.0000000000000000e+00 0.0000000000000000e+00 0.0000000000000000e+00 0.0000000000000000e+00 0.0000000000000000e+00 0.0000000000000000e+00 0.0000000000000000e+00 0.0000000000000000e+00 0.0000000000000000e+00 0.0000000000000000e+00 0.0000000000000000e+00 0.0000000000000000e+00 0.0000000000000000e+00 0.0000000000000000e+00 0.0000000000000000e+00 0.0000000000000000e+00 0.0000000000000000e+00 0.0000000000000000e+00 0.0000000000000000e+00 0.0000000000000000e+00 0.0000000000000000e+00 0.0000000000000000e+00 0.0000000000000000e+00 0.0000000000000000e+00 0.0000000000000000e+00 0.0000000000000000e+00 0.0000000000000000e+00 0.0000000000000000e+00 0.0000000000000000e+00 0.0000000000000000e+00 0.0000000000000000e+00 0.0000000000000000e+00 0.0000000000000000e+00 0.0000000000000000e+00 0.0000000000000000e+00 0.0000000000000000e+00 0.0000000000000000e+00 0.0000000000000000e+00 0.0000000000000000e+00 0.0000000000000000e+00 0.0000000000000000e+00 0.0000000000000000e+00 0.0000000000000000e+00 0.0000000000000000e+00 0.0000000000000000e+00 0.0000000000000000e+00 0.0000000000000000e+00 0.0000000000000000e+00 0.0000000000000000e+00 0.0000000000000000e+00 0.0000000000000000e+00 0.0000000000000000e+00 0.0000000000000000e+00 0.0000000000000000e+00 0.0000000000000000e+00 0.0000000000000000e+00 0.0000000000000000e+00 0.0000000000000000e+00 0.0000000000000000e+00 0.0000000000000000e+00 0.0000000000000000e+00 0.0000000000000000e+00 0.0000000000000000e+00 0.0000000000000000e+00 0.0000000000000000e+00 0.0000000000000000e+00 0.0000000000000000e+00 0.0000000000000000e+00 0.0000000000000000e+00 0.0000000000000000e+00 0.0000000000000000e+00 0.0000000000000000e+00 0.0000000000000000e+00 0.0000000000000000e+00 0.0000000000000000e+00 0.0000000000000000e+00 0.0000000000000000e+00 0.0000000000000000e+00 0.0000000000000000e+00 0.0000000000000000e+00 0.0000000000000000e+00 0.0000000000000000e+00 0.0000000000000000e+00 0.0000000000000000e+00 0.0000000000000000e+00 0.0000000000000000e+00 0.0000000000000000e+00 0.0000000000000000e+00 0.0000000000000000e+00 0.0000000000000000e+00 0.0000000000000000e+00
</DataArray>
        <DataArray type="Float64" format="ascii" Name="uy">
0.0000000000000000e+00 0.0000000000000000e+00 0.0000000000000000e+00 0.0000000000000000e+00 0.0000000000000000e+00 0.0000000000000000e+00 0.0000000000000000e+00 0.0000000000000000e+00 0.0000000000000000e+00 0.0000000000000000e+00 0.0000000000000000e+00 0.0000000000000000e+00 0.0000000000000000e+00 0.0000000000000000e+00 0.0000000000000000e+00 0.0000000000000000e+00 0.0000000000000000e+00 0.0000000000000000e+00 0.0000000000000000e+00 0.0000000000000000e+00 0.0000000000000000e+00 0.0000000000000000e+00 0.0000000000000000e+00 0.0000000000000000e+00 0.0000000000000000e+00 0.0000000000000000e+00 0.0000000000000000e+00 0.0000000000000000e+00 0.0000000000000000e+00 0.0000000000000000e+00 0.0000000000000000e+00 0.0000000000000000e+00 0.0000000000000000e+00 0.0000000000000000e+00 0.0000000000000000e+00 0.0000000000000000e+00 0.0000000000000000e+00 0.0000000000000000e+00 0.0000000000000000e+00 0.0000000000000000e+00 0.0000000000000000e+00 0.0000000000000000e+00 0.0000000000000000e+00 0.0000000000000000e+00 0.0000000000000000e+00 0.0000000000000000e+00 0.0000000000000000e+00 0.0000000000000000e+00 0.0000000000000000e+00 0.0000000000000000e+00 0.0000000000000000e+00 0.0000000000000000e+00 0.0000000000000000e+00 0.0000000000000000e+00 0.0000000000000000e+00 0.0000000000000000e+00 0.0000000000000000e+00 0.0000000000000000e+00 0.0000000000000000e+00 0.0000000000000000e+00 0.0000000000000000e+00 0.0000000000000000e+00 0.0000000000000000e+00 0.0000000000000000e+00 0.0000000000000000e+00 0.0000000000000000e+00 0.0000000000000000e+00 0.0000000000000000e+00 0.0000000000000000e+00 0.0000000000000000e+00 0.0000000000000000e+00 0.0000000000000000e+00 0.0000000000000000e+00 0.0000000000000000e+00 0.0000000000000000e+00 0.0000000000000000e+00 0.0000000000000000e+00 0.0000000000000000e+00 0.0000000000000000e+00 0.0000000000000000e+00 0.0000000000000000e+00 0.0000000000000000e+00 0.0000000000000000e+00 0.0000000000000000e+00 0.0000000000000000e+00 0.0000000000000000e+00 0.0000000000000000e+00 0.0000000000000000e+00 0.0000000000000000e+00 0.0000000000000000e+00 0.0000000000000000e+00 0.0000000000000000e+00 0.0000000000000000e+00 0.0000000000000000e+00 0.0000000000000000e+00 0.0000000000000000e+00 0.0000000000000000e+00 0.0000000000000000e+00 0.0000000000000000e+00 0.0000000000000000e+00 0.0000000000000000e+00 0.0000000000000000e+00 0.0000000000000000e+00 0.0000000000000000e+00 0.0000000000000000e+00 0.0000000000000000e+00 0.0000000000000000e+00 0.0000000000000000e+00 0.0000000000000000e+00 0.0000000000000000e+00 0.0000000000000000e+00 0.0000000000000000e+00 0.0000000000000000e+00 0.0000000000000000e+00 0.0000000000000000e+00 0.0000000000000000e+00 0.0000000000000000e+00 0.0000000000000000e+00 0.0000000000000000e+00 0.0000000000000000e+00 0.0000000000000000e+00 0.0000000000000000e+00 0.0000000000000000e+00 0.0000000000000000e+00 0.0000000000000000e+00 0.0000000000000000e+00 0.0000000000000000e+00 0.0000000000000000e+00 0.0000000000000000e+00 0.0000000000000000e+00 0.0000000000000000e+00 0.0000000000000000e+00 0.0000000000000000e+00 0.0000000000000000e+00 0.0000000000000000e+00 0.0000000000000000e+00 0.0000000000000000e+00 0.0000000000000000e+00 0.0000000000000000e+00 0.0000000000000000e+00 0.0000000000000000e+00 0.0000000000000000e+00 0.0000000000000000e+00 0.0000000000000000e+00 0.0000000000000000e+00 0.0000000000000000e+00 0.0000000000000000e+00 0.0000000000000000e+00 0.0000000000000000e+00 0.0000000000000000e+00 0.0000000000000000e+00 0.0000000000000000e+00 0.0000000000000000e+00 0.0000000000000000e+00 0.0000000000000000e+00 0.0000000000000000e+00 0.0000000000000000e+00 0.0000000000000000e+00 0.0000000000000000e+00 0.0000000000000000e+00 0.0000000000000000e+00 0.0000000000000000e+00 0.0000000000000000e+00 0.0000000000000000e+00 0.0000000000000000e+00 0.0000000000000000e+00 0.0000000000000000e+00 0.0000000000000000e+00 0.0000000000000000e+00 0.0000000000000000e+00 0.0000000000000000e+00 0.0000000000000000e+00 0.0000000000000000e+00 0.0000000000000000e+00 0.0000000000000000e+00 0.0000000000000000e+00 0.0000000000000000e+00 0.0000000000000000e+00 0.0000000000000000e+00 0.0000000000000000e+00 0.0000000000000000e+00 0.0000000000000000e+00 0.0000000000000000e+00 0.0000000000000000e+00 0.0000000000000000e+00 0.0000000000000000e+00 0.0000000000000000e+00 0.0000000000000000e+00 0.0000000000000000e+00 0.0000000000000000e+00 0.0000000000000000e+00 0.0000000000000000e+00 0.0000000000000000e+00 0.0000000000000000e+00 0.0000000000000000e+00 0.0000000000000000e+00 0.0000000000000000e+00 0.0000000000000000e+00 0.0000000000000000e+00 0.0000000000000000e+00 0.0000000000000000e+00 0.0000000000000000e+00 0.0000000000000000e+00 0.0000000000000000e+00 0.0000000000000000e+00 0.0000000000000000e+00 0.0000000000000000e+00 0.0000000000000000e+00 0.0000000000000000e+00 0.0000000000000000e+00 0.0000000000000000e+00 0.0000000000000000e+00 0.0000000000000000e+00 0.0000000000000000e+00 0.0000000000000000e+00 0.0000000000000000e+00 0.0000000000000000e+00 0.0000000000000000e+00 0.0000000000000000e+00 0.0000000000000000e+00 0.0000000000000000e+00 0.0000000000000000e+00 0.0000000000000000e+00 0.0000000000000000e+00 0.0000000000000000e+00 0.0000000000000000e+00 0.0000000000000000e+00 0.0000000000000000e+00 0.0000000000000000e+00 0.0000000000000000e+00 0.0000000000000000e+00 0.0000000000000000e+00 0.0000000000000000e+00 0.0000000000000000e+00 0.0000000000000000e+00 0.0000000000000000e+00 0.0000000000000000e+00 0.0000000000000000e+00 0.0000000000000000e+00 0.0000000000000000e+00 0.0000000000000000e+00 0.0000000000000000e+00 0.0000000000000000e+00 0.0000000000000000e+00 0.0000000000000000e+00 0.0000000000000000e+00 0.0000000000000000e+00 0.0000000000000000e+00 0.0000000000000000e+00 0.0000000000000000e+00 0.0000000000000000e+00 0.0000000000000000e+00 0.0000000000000000e+00 0.0000000000000000e+00 0.0000000000000000e+00 0.0000000000000000e+00 0.0000000000000000e+00 0.0000000000000000e+00 0.0000000000000000e+00 0.0000000000000000e+00 0.0000000000000000e+00 0.0000000000000000e+00 0.0000000000000000e+00 0.0000000000000000e+00 0.0000000000000000e+00 0.0000000000000000e+00 0.0000000000000000e+00 0.0000000000000000e+00 0.0000000000000000e+00 0.0000000000000000e+00 0.0000000000000000e+00 0.0000000000000000e+00 0.0000000000000000e+00 0.0000000000000000e+00 0.0000000000000000e+00 0.0000000000000000e+00 0.0000000000000000e+00 0.0000000000000000e+00 0.0000000000000000e+00 0.0000000000000000e+00 0.0000000000000000e+00 0.0000000000000000e+00 0.0000000000000000e+00 0.0000000000000000e+00 0.0000000000000000e+00 0.0000000000000000e+00 0.0000000000000000e+00 0.0000000000000000e+00 0.0000000000000000e+00 0.0000000000000000e+00 0.0000000000000000e+00 0.0000000000000000e+00 0.0000000000000000e+00 0.0000000000000000e+00 0.0000000000000000e+00 0.0000000000000000e+00 0.0000000000000000e+00 0.0000000000000000e+00 0.0000000000000000e+00 0.0000000000000000e+00 0.0000000000000000e+00 0.0000000000000000e+00 0.0000000000000000e+00 0.0000000000000000e+00 0.0000000000000000e+00 0.0000000000000000e+00 0.0000000000000000e+00 0.0000000000000000e+00 0.0000000000000000e+00 0.0000000000000000e+00 0.0000000000000000e+00 0.0000000000000000e+00 0.0000000000000000e+00 0.0000000000000000e+00 0.0000000000000000e+00 0.0000000000000000e+00 0.0000000000000000e+00 0.0000000000000000e+00 0.0000000000000000e+00 0.0000000000000000e+00 0.0000000000000000e+00 0.0000000000000000e+00 0.0000000000000000e+00 0.0000000000000000e+00 0.0000000000000000e+00 0.0000000000000000e+00 0.0000000000000000e+00 0.0000000000000000e+00 0.0000000000000000e+00 0.0000000000000000e+00 0.0000000000000000e+00 0.0000000000000000e+00 0.0000000000000000e+00 0.0000000000000000e+00 0.0000000000000000e+00 0.0000000000000000e+00 0.0000000000000000e+00 0.0000000000000000e+00 0.0000000000000000e+00 0.0000000000000000e+00 0.0000000000000000e+00 0.0000000000000000e+00 0.0000000000000000e+00 0.0000000000000000e+00 0.0000000000000000e+00 0.0000000000000000e+00 0.0000000000000000e+00 0.0000000000000000e+00 0.0000000000000000e+00 0.0000000000000000e+00 0.0000000000000000e+00 0.0000000000000000e+00 0.0000000000000000e+00 0.0000000000000000e+00 0.0000000000000000e+00 0.0000000000000000e+00 0.0000000000000000e+00 0.0000000000000000e+00 0.0000000000000000e+00 0.0000000000000000e+00 0.0000000000000000e+00 0.0000000000000000e+00 0.0000000000000000e+00 0.0000000000000000e+00 0.0000000000000000e+00 0.0000000000000000e+00 0.0000000000000000e+00 0.0000000000000000e+00 0.0000000000000000e+00 0.0000000000000000e+00 0.0000000000000000e+00 0.0000000000000000e+00 0.0000000000000000e+00 0.0000000000000000e+00 0.0000000000000000e+00 0.0000000000000000e+00 0.0000000000000000e+00 0.0000000000000000e+00 0.0000000000000000e+00 0.0000000000000000e+00 0.0000000000000000e+00 0.0000000000000000e+00 0.0000000000000000e+00 0.0000000000000000e+00 0.0000000000000000e+00 0.0000000000000000e+00 0.0000000000000000e+00 0.0000000000000000e+00 0.0000000000000000e+00 0.0000000000000000e+00 0.0000000000000000e+00 0.0000000000000000e+00 0.0000000000000000e+00 0.0000000000000000e+00 0.0000000000000000e+00 0.0000000000000000e+00 0.0000000000000000e+00 0.0000000000000000e+00 0.0000000000000000e+00 0.0000000000000000e+00 0.0000000000000000e+00 0.0000000000000000e+00 0.0000000000000000e+00 0.0000000000000000e+00 0.0000000000000000e+00 0.0000000000000000e+00 0.0000000000000000e+00 0.0000000000000000e+00 0.0000000000000000e+00 0.0000000000000000e+00 0.0000000000000000e+00 0.0000000000000000e+00 0.0000000000000000e+00 0.0000000000000000e+00 0.0000000000000000e+00 0.0000000000000000e+00 0.0000000000000000e+00 0.0000000000000000e+00 0.0000000000000000e+00 0.0000000000000000e+00 0.0000000000000000e+00 0.0000000000000000e+00 0.0000000000000000e+00 0.0000000000000000e+00 0.0000000000000000e+00 0.0000000000000000e+00 0.0000000000000000e+00 0.0000000000000000e+00 0.0000000000000000e+00 0.0000000000000000e+00 0.0000000000000000e+00 0.0000000000000000e+00 0.0000000000000000e+00 0.0000000000000000e+00 0.0000000000000000e+00 0.0000000000000000e+00 0.0000000000000000e+00 0.0000000000000000e+00 0.0000000000000000e+00 0.0000000000000000e+00 0.0000000000000000e+00 0.0000000000000000e+00 0.0000000000000000e+00 0.0000000000000000e+00 0.0000000000000000e+00 0.0000000000000000e+00 0.0000000000000000e+00 0.0000000000000000e+00 0.0000000000000000e+00 0.0000000000000000e+00 0.0000000000000000e+00 0.0000000000000000e+00 0.0000000000000000e+00 0.0000000000000000e+00 0.0000000000000000e+00 0.0000000000000000e+00 0.0000000000000000e+00 0.0000000000000000e+00 0.0000000000000000e+00 0.0000000000000000e+00 0.0000000000000000e+00 0.0000000000000000e+00 0.0000000000000000e+00 0.0000000000000000e+00 0.0000000000000000e+00 0.0000000000000000e+00 0.0000000000000000e+00 0.0000000000000000e+00 0.0000000000000000e+00 0.0000000000000000e+00 0.0000000000000000e+00 0.0000000000000000e+00 0.0000000000000000e+00 0.0000000000000000e+00 0.0000000000000000e+00 0.0000000000000000e+00 0.0000000000000000e+00 0.0000000000000000e+00 0.0000000000000000e+00 0.0000000000000000e+00 0.0000000000000000e+00 0.0000000000000000e+00 0.0000000000000000e+00 0.0000000000000000e+00 0.0000000000000000e+00 0.0000000000000000e+00 0.0000000000000000e+00 0.0000000000000000e+00 0.0000000000000000e+00 0.0000000000000000e+00 0.0000000000000000e+00 0.0000000000000000e+00 0.0000000000000000e+00 0.0000000000000000e+00 0.0000000000000000e+00 0.0000000000000000e+00 0.0000000000000000e+00 0.0000000000000000e+00 0.0000000000000000e+00 0.0000000000000000e+00 0.0000000000000000e+00 0.0000000000000000e+00 0.0000000000000000e+00 0.0000000000000000e+00 0.0000000000000000e+00 0.0000000000000000e+00 0.0000000000000000e+00 0.0000000000000000e+00 0.0000000000000000e+00 0.0000000000000000e+00 0.0000000000000000e+00 0.0000000000000000e+00 0.0000000000000000e+00 0.0000000000000000e+00 0.0000000000000000e+00 0.0000000000000000e+00 0.0000000000000000e+00 0.0000000000000000e+00 0.0000000000000000e+00 0.0000000000000000e+00 0.0000000000000000e+00 0.0000000000000000e+00 0.0000000000000000e+00 0.0000000000000000e+00 0.0000000000000000e+00 0.0000000000000000e+00 0.0000000000000000e+00 0.0000000000000000e+00 0.0000000000000000e+00 0.0000000000000000e+00 0.0000000000000000e+00 0.0000000000000000e+00 0.0000000000000000e+00 0.0000000000000000e+00 0.0000000000000000e+00 0.0000000000000000e+00 0.0000000000000000e+00 0.0000000000000000e+00 0.0000000000000000e+00 0.0000000000000000e+00 0.0000000000000000e+00 0.0000000000000000e+00 0.0000000000000000e+00 0.0000000000000000e+00 0.0000000000000000e+00 0.0000000000000000e+00 0.0000000000000000e+00 0.0000000000000000e+00 0.0000000000000000e+00 0.0000000000000000e+00 0.0000000000000000e+00 0.0000000000000000e+00 0.0000000000000000e+00 0.0000000000000000e+00 0.0000000000000000e+00 0.0000000000000000e+00 0.0000000000000000e+00 0.0000000000000000e+00 0.0000000000000000e+00 0.0000000000000000e+00 0.0000000000000000e+00 0.0000000000000000e+00 0.0000000000000000e+00 0.0000000000000000e+00 0.0000000000000000e+00 0.0000000000000000e+00 0.0000000000000000e+00 0.0000000000000000e+00 0.0000000000000000e+00 0.0000000000000000e+00 0.0000000000000000e+00 0.0000000000000000e+00 0.0000000000000000e+00 0.0000000000000000e+00 0.0000000000000000e+00 0.0000000000000000e+00 0.0000000000000000e+00 0.0000000000000000e+00 0.0000000000000000e+00 0.0000000000000000e+00 0.0000000000000000e+00 0.0000000000000000e+00 0.0000000000000000e+00 0.0000000000000000e+00 0.0000000000000000e+00 0.0000000000000000e+00 0.0000000000000000e+00 0.0000000000000000e+00 0.0000000000000000e+00 0.0000000000000000e+00 0.0000000000000000e+00 0.0000000000000000e+00 0.0000000000000000e+00 0.0000000000000000e+00 0.0000000000000000e+00 0.0000000000000000e+00 0.0000000000000000e+00 0.0000000000000000e+00 0.0000000000000000e+00 0.0000000000000000e+00 0.0000000000000000e+00 0.0000000000000000e+00 0.0000000000000000e+00 0.0000000000000000e+00 0.0000000000000000e+00 0.0000000000000000e+00 0.0000000000000000e+00 0.0000000000000000e+00 0.0000000000000000e+00 0.0000000000000000e+00 0.0000000000000000e+00 0.0000000000000000e+00 0.0000000000000000e+00 0.0000000000000000e+00 0.0000000000000000e+00 0.0000000000000000e+00 0.0000000000000000e+00 0.0000000000000000e+00 0.0000000000000000e+00 0.0000000000000000e+00 0.0000000000000000e+00 0.0000000000000000e+00 0.0000000000000000e+00 0.0000000000000000e+00 0.0000000000000000e+00 0.0000000000000000e+00 0.0000000000000000e+00 0.0000000000000000e+00 0.0000000000000000e+00 0.0000000000000000e+00 0.0000000000000000e+00 0.0000000000000000e+00 0.0000000000000000e+00 0.0000000000000000e+00 0.0000000000000000e+00 0.0000000000000000e+00 0.0000000000000000e+00 0.0000000000000000e+00 0.0000000000000000e+00 0.0000000000000000e+00 0.0000000000000000e+00 0.0000000000000000e+00 0.0000000000000000e+00 0.0000000000000000e+00 0.0000000000000000e+00 0.0000000000000000e+00 0.0000000000000000e+00 0.0000000000000000e+00 0.0000000000000000e+00 0.0000000000000000e+00 0.0000000000000000e+00 0.0000000000000000e+00 0.0000000000000000e+00 0.0000000000000000e+00 0.0000000000000000e+00 0.0000000000000000e+00 0.0000000000000000e+00 0.0000000000000000e+00 0.0000000000000000e+00 0.0000000000000000e+00 0.0000000000000000e+00 0.0000000000000000e+00 0.0000000000000000e+00 0.0000000000000000e+00 0.0000000000000000e+00 0.0000000000000000e+00 0.0000000000000000e+00 0.0000000000000000e+00 0.0000000000000000e+00 0.0000000000000000e+00 0.0000000000000000e+00 0.0000000000000000e+00 0.0000000000000000e+00 0.0000000000000000e+00 0.0000000000000000e+00 0.0000000000000000e+00 0.0000000000000000e+00 0.0000000000000000e+00 0.0000000000000000e+00 0.0000000000000000e+00 0.0000000000000000e+00 0.0000000000000000e+00 0.0000000000000000e+00 0.0000000000000000e+00 0.0000000000000000e+00 0.0000000000000000e+00 0.0000000000000000e+00 0.0000000000000000e+00 0.0000000000000000e+00 0.0000000000000000e+00 0.0000000000000000e+00 0.0000000000000000e+00 0.0000000000000000e+00 0.0000000000000000e+00 0.0000000000000000e+00 0.0000000000000000e+00 0.0000000000000000e+00 0.0000000000000000e+00 0.0000000000000000e+00 0.0000000000000000e+00 0.0000000000000000e+00 0.0000000000000000e+00 0.0000000000000000e+00
</DataArray>
        <DataArray type="Float64" format="ascii" Name="U_magnitude">
0.0000000000000000e+00 0.0000000000000000e+00 0.0000000000000000e+00 0.0000000000000000e+00 0.0000000000000000e+00 0.0000000000000000e+00 0.0000000000000000e+00 0.0000000000000000e+00 0.0000000000000000e+00 0.0000000000000000e+00 0.0000000000000000e+00 0.0000000000000000e+00 0.0000000000000000e+00 0.0000000000000000e+00 0.0000000000000000e+00 0.0000000000000000e+00 0.0000000000000000e+00 0.0000000000000000e+00 0.0000000000000000e+00 0.0000000000000000e+00 0.0000000000000000e+00 0.0000000000000000e+00 0.0000000000000000e+00 0.0000000000000000e+00 0.0000000000000000e+00 0.0000000000000000e+00 0.0000000000000000e+00 0.0000000000000000e+00 0.0000000000000000e+00 0.0000000000000000e+00 0.0000000000000000e+00 0.0000000000000000e+00 0.0000000000000000e+00 0.0000000000000000e+00 0.0000000000000000e+00 0.0000000000000000e+00 0.0000000000000000e+00 0.0000000000000000e+00 0.0000000000000000e+00 0.0000000000000000e+00 0.0000000000000000e+00 0.0000000000000000e+00 0.0000000000000000e+00 0.0000000000000000e+00 0.0000000000000000e+00 0.0000000000000000e+00 0.0000000000000000e+00 0.0000000000000000e+00 0.0000000000000000e+00 0.0000000000000000e+00 0.0000000000000000e+00 0.0000000000000000e+00 0.0000000000000000e+00 0.0000000000000000e+00 0.0000000000000000e+00 0.0000000000000000e+00 0.0000000000000000e+00 0.0000000000000000e+00 0.0000000000000000e+00 0.0000000000000000e+00 0.0000000000000000e+00 0.0000000000000000e+00 0.0000000000000000e+00 0.0000000000000000e+00 0.0000000000000000e+00 0.0000000000000000e+00 0.0000000000000000e+00 0.0000000000000000e+00 0.0000000000000000e+00 0.0000000000000000e+00 0.0000000000000000e+00 0.0000000000000000e+00 0.0000000000000000e+00 0.0000000000000000e+00 0.0000000000000000e+00 0.0000000000000000e+00 0.0000000000000000e+00 0.0000000000000000e+00 0.0000000000000000e+00 0.0000000000000000e+00 0.0000000000000000e+00 0.0000000000000000e+00 0.0000000000000000e+00 0.0000000000000000e+00 0.0000000000000000e+00 0.0000000000000000e+00 0.0000000000000000e+00 0.0000000000000000e+00 0.0000000000000000e+00 0.0000000000000000e+00 0.0000000000000000e+00 0.0000000000000000e+00 0.0000000000000000e+00 0.0000000000000000e+00 0.0000000000000000e+00 0.0000000000000000e+00 0.0000000000000000e+00 0.0000000000000000e+00 0.0000000000000000e+00 0.0000000000000000e+00 0.0000000000000000e+00 0.0000000000000000e+00 0.0000000000000000e+00 0.0000000000000000e+00 0.0000000000000000e+00 0.0000000000000000e+00 0.0000000000000000e+00 0.0000000000000000e+00 0.0000000000000000e+00 0.0000000000000000e+00 0.0000000000000000e+00 0.0000000000000000e+00 0.0000000000000000e+00 0.0000000000000000e+00 0.0000000000000000e+00 0.0000000000000000e+00 0.0000000000000000e+00 0.0000000000000000e+00 0.0000000000000000e+00 0.0000000000000000e+00 0.0000000000000000e+00 0.0000000000000000e+00 0.0000000000000000e+00 0.0000000000000000e+00 0.0000000000000000e+00 0.0000000000000000e+00 0.0000000000000000e+00 0.0000000000000000e+00 0.0000000000000000e+00 0.0000000000000000e+00 0.0000000000000000e+00 0.0000000000000000e+00 0.0000000000000000e+00 0.0000000000000000e+00 0.0000000000000000e+00 0.0000000000000000e+00 0.0000000000000000e+00 0.0000000000000000e+00 0.0000000000000000e+00 0.0000000000000000e+00 0.0000000000000000e+00 0.0000000000000000e+00 0.0000000000000000e+00 0.0000000000000000e+00 0.0000000000000000e+00 0.0000000000000000e+00 0.0000000000000000e+00 0.0000000000000000e+00 0.0000000000000000e+00 0.0000000000000000e+00 0.0000000000000000e+00 0.0000000000000000e+00 0.0000000000000000e+00 0.0000000000000000e+00 0.0000000000000000e+00 0.0000000000000000e+00 0.0000000000000000e+00 0.0000000000000000e+00 0.0000000000000000e+00 0.0000000000000000e+00 0.0000000000000000e+00 0.0000000000000000e+00 0.0000000000000000e+00 0.0000000000000000e+00 0.0000000000000000e+00 0.0000000000000000e+00 0.0000000000000000e+00 0.0000000000000000e+00 0.0000000000000000e+00 0.0000000000000000e+00 0.0000000000000000e+00 0.0000000000000000e+00 0.0000000000000000e+00 0.0000000000000000e+00 0.0000000000000000e+00 0.0000000000000000e+00 0.0000000000000000e+00 0.0000000000000000e+00 0.0000000000000000e+00 0.0000000000000000e+00 0.0000000000000000e+00 0.0000000000000000e+00 0.0000000000000000e+00 0.0000000000000000e+00 0.0000000000000000e+00 0.0000000000000000e+00 0.0000000000000000e+00 0.0000000000000000e+00 0.0000000000000000e+00 0.0000000000000000e+00 0.0000000000000000e+00 0.0000000000000000e+00 0.0000000000000000e+00 0.0000000000000000e+00 0.0000000000000000e+00 0.0000000000000000e+00 0.0000000000000000e+00 0.0000000000000000e+00 0.0000000000000000e+00 0.0000000000000000e+00 0.0000000000000000e+00 0.0000000000000000e+00 0.0000000000000000e+00 0.0000000000000000e+00 0.0000000000000000e+00 0.0000000000000000e+00 0.0000000000000000e+00 0.0000000000000000e+00 0.0000000000000000e+00 0.0000000000000000e+00 0.0000000000000000e+00 0.0000000000000000e+00 0.0000000000000000e+00 0.0000000000000000e+00 0.0000000000000000e+00 0.0000000000000000e+00 0.0000000000000000e+00 0.0000000000000000e+00 0.0000000000000000e+00 0.0000000000000000e+00 0.0000000000000000e+00 0.0000000000000000e+00 0.0000000000000000e+00 0.0000000000000000e+00 0.0000000000000000e+00 0.0000000000000000e+00 0.0000000000000000e+00 0.0000000000000000e+00 0.0000000000000000e+00 0.0000000000000000e+00 0.0000000000000000e+00 0.0000000000000000e+00 0.0000000000000000e+00 0.0000000000000000e+00 0.0000000000000000e+00 0.0000000000000000e+00 0.0000000000000000e+00 0.0000000000000000e+00 0.0000000000000000e+00 0.0000000000000000e+00 0.0000000000000000e+00 0.0000000000000000e+00 0.0000000000000000e+00 0.0000000000000000e+00 0.0000000000000000e+00 0.0000000000000000e+00 0.0000000000000000e+00 0.0000000000000000e+00 0.0000000000000000e+00 0.0000000000000000e+00 0.0000000000000000e+00 0.0000000000000000e+00 0.0000000000000000e+00 0.0000000000000000e+00 0.0000000000000000e+00 0.0000000000000000e+00 0.0000000000000000e+00 0.0000000000000000e+00 0.0000000000000000e+00 0.0000000000000000e+00 0.0000000000000000e+00 0.0000000000000000e+00 0.0000000000000000e+00 0.0000000000000000e+00 0.0000000000000000e+00 0.0000000000000000e+00 0.0000000000000000e+00 0.0000000000000000e+00 0.0000000000000000e+00 0.0000000000000000e+00 0.0000000000000000e+00 0.0000000000000000e+00 0.0000000000000000e+00 0.0000000000000000e+00 0.0000000000000000e+00 0.0000000000000000e+00 0.0000000000000000e+00 0.0000000000000000e+00 0.0000000000000000e+00 0.0000000000000000e+00 0.0000000000000000e+00 0.0000000000000000e+00 0.0000000000000000e+00 0.0000000000000000e+00 0.0000000000000000e+00 0.0000000000000000e+00 0.0000000000000000e+00 0.0000000000000000e+00 0.0000000000000000e+00 0.0000000000000000e+00 0.0000000000000000e+00 0.0000000000000000e+00 0.0000000000000000e+00 0.0000000000000000e+00 0.0000000000000000e+00 0.0000000000000000e+00 0.0000000000000000e+00 0.0000000000000000e+00 0.0000000000000000e+00 0.0000000000000000e+00 0.0000000000000000e+00 0.0000000000000000e+00 0.0000000000000000e+00 0.0000000000000000e+00 0.0000000000000000e+00 0.0000000000000000e+00 0.0000000000000000e+00 0.0000000000000000e+00 0.0000000000000000e+00 0.0000000000000000e+00 0.0000000000000000e+00 0.0000000000000000e+00 0.0000000000000000e+00 0.0000000000000000e+00 0.0000000000000000e+00 0.0000000000000000e+00 0.0000000000000000e+00 0.0000000000000000e+00 0.0000000000000000e+00 0.0000000000000000e+00 0.0000000000000000e+00 0.0000000000000000e+00 0.0000000000000000e+00 0.0000000000000000e+00 0.0000000000000000e+00 0.0000000000000000e+00 0.0000000000000000e+00 0.0000000000000000e+00 0.0000000000000000e+00 0.0000000000000000e+00 0.0000000000000000e+00 0.0000000000000000e+00 0.0000000000000000e+00 0.0000000000000000e+00 0.0000000000000000e+00 0.0000000000000000e+00 0.0000000000000000e+00 0.0000000000000000e+00 0.0000000000000000e+00 0.0000000000000000e+00 0.0000000000000000e+00 0.0000000000000000e+00 0.0000000000000000e+00 0.0000000000000000e+00 0.0000000000000000e+00 0.0000000000000000e+00 0.0000000000000000e+00 0.0000000000000000e+00 0.0000000000000000e+00 0.0000000000000000e+00 0.0000000000000000e+00 0.0000000000000000e+00 0.0000000000000000e+00 0.0000000000000000e+00 0.0000000000000000e+00 0.0000000000000000e+00 0.0000000000000000e+00 0.0000000000000000e+00 0.0000000000000000e+00 0.0000000000000000e+00 0.0000000000000000e+00 0.0000000000000000e+00 0.0000000000000000e+00 0.0000000000000000e+00 0.0000000000000000e+00 0.0000000000000000e+00 0.0000000000000000e+00 0.0000000000000000e+00 0.0000000000000000e+00 0.0000000000000000e+00 0.0000000000000000e+00 0.0000000000000000e+00 0.0000000000000000e+00 0.0000000000000000e+00 0.0000000000000000e+00 0.0000000000000000e+00 0.0000000000000000e+00 0.0000000000000000e+00 0.0000000000000000e+00 0.0000000000000000e+00 0.0000000000000000e+00 0.0000000000000000e+00 0.0000000000000000e+00 0.0000000000000000e+00 0.0000000000000000e+00 0.0000000000000000e+00 0.0000000000000000e+00 0.0000000000000000e+00 0.0000000000000000e+00 0.0000000000000000e+00 0.0000000000000000e+00 0.0000000000000000e+00 0.0000000000000000e+00 0.0000000000000000e+00 0.0000000000000000e+00 0.0000000000000000e+00 0.0000000000000000e+00 0.0000000000000000e+00 0.0000000000000000e+00 0.0000000000000000e+00 0.0000000000000000e+00 0.0000000000000000e+00 0.0000000000000000e+00 0.0000000000000000e+00 0.0000000000000000e+00 0.0000000000000000e+00 0.0000000000000000e+00 0.0000000000000000e+00 0.0000000000000000e+00 0.0000000000000000e+00 0.0000000000000000e+00 0.0000000000000000e+00 0.0000000000000000e+00 0.0000000000000000e+00 0.0000000000000000e+00 0.0000000000000000e+00 0.0000000000000000e+00 0.0000000000000000e+00 0.0000000000000000e+00 0.0000000000000000e+00 0.0000000000000000e+00 0.0000000000000000e+00 0.0000000000000000e+00 0.0000000000000000e+00 0.0000000000000000e+00 0.0000000000000000e+00 0.0000000000000000e+00 0.0000000000000000e+00 0.0000000000000000e+00 0.0000000000000000e+00 0.0000000000000000e+00 0.0000000000000000e+00 0.0000000000000000e+00 0.0000000000000000e+00 0.0000000000000000e+00 0.0000000000000000e+00 0.0000000000000000e+00 0.0000000000000000e+00 0.0000000000000000e+00 0.0000000000000000e+00 0.0000000000000000e+00 0.0000000000000000e+00 0.0000000000000000e+00 0.0000000000000000e+00 0.0000000000000000e+00 0.0000000000000000e+00 0.0000000000000000e+00 0.0000000000000000e+00 0.0000000000000000e+00 0.0000000000000000e+00 0.0000000000000000e+00 0.0000000000000000e+00 0.0000000000000000e+00 0.0000000000000000e+00 0.0000000000000000e+00 0.0000000000000000e+00 0.0000000000000000e+00 0.0000000000000000e+00 0.0000000000000000e+00 0.0000000000000000e+00 0.0000000000000000e+00 0.0000000000000000e+00 0.0000000000000000e+00 0.0000000000000000e+00 0.0000000000000000e+00 0.0000000000000000e+00 0.0000000000000000e+00 0.0000000000000000e+00 0.0000000000000000e+00 0.0000000000000000e+00 0.0000000000000000e+00 0.0000000000000000e+00 0.0000000000000000e+00 0.0000000000000000e+00 0.0000000000000000e+00 0.0000000000000000e+00 0.0000000000000000e+00 0.0000000000000000e+00 0.0000000000000000e+00 0.0000000000000000e+00 0.0000000000000000e+00 0.0000000000000000e+00 0.0000000000000000e+00 0.0000000000000000e+00 0.0000000000000000e+00 0.0000000000000000e+00 0.0000000000000000e+00 0.0000000000000000e+00 0.0000000000000000e+00 0.0000000000000000e+00 0.0000000000000000e+00 0.0000000000000000e+00 0.0000000000000000e+00 0.0000000000000000e+00 0.0000000000000000e+00 0.0000000000000000e+00 0.0000000000000000e+00 0.0000000000000000e+00 0.0000000000000000e+00 0.0000000000000000e+00 0.0000000000000000e+00 0.0000000000000000e+00 0.0000000000000000e+00 0.0000000000000000e+00 0.0000000000000000e+00 0.0000000000000000e+00 0.0000000000000000e+00 0.0000000000000000e+00 0.0000000000000000e+00 0.0000000000000000e+00 0.0000000000000000e+00 0.0000000000000000e+00 0.0000000000000000e+00 0.0000000000000000e+00 0.0000000000000000e+00 0.0000000000000000e+00 0.0000000000000000e+00 0.0000000000000000e+00 0.0000000000000000e+00 0.0000000000000000e+00 0.0000000000000000e+00 0.0000000000000000e+00 0.0000000000000000e+00 0.0000000000000000e+00 0.0000000000000000e+00 0.0000000000000000e+00 0.0000000000000000e+00 0.0000000000000000e+00 0.0000000000000000e+00 0.0000000000000000e+00 0.0000000000000000e+00 0.0000000000000000e+00 0.0000000000000000e+00 0.0000000000000000e+00 0.0000000000000000e+00 0.0000000000000000e+00 0.0000000000000000e+00 0.0000000000000000e+00 0.0000000000000000e+00 0.0000000000000000e+00 0.0000000000000000e+00 0.0000000000000000e+00 0.0000000000000000e+00 0.0000000000000000e+00 0.0000000000000000e+00 0.0000000000000000e+00 0.0000000000000000e+00 0.0000000000000000e+00 0.0000000000000000e+00 0.0000000000000000e+00 0.0000000000000000e+00 0.0000000000000000e+00 0.0000000000000000e+00 0.0000000000000000e+00 0.0000000000000000e+00 0.0000000000000000e+00 0.0000000000000000e+00 0.0000000000000000e+00 0.0000000000000000e+00 0.0000000000000000e+00 0.0000000000000000e+00 0.0000000000000000e+00 0.0000000000000000e+00 0.0000000000000000e+00 0.0000000000000000e+00 0.0000000000000000e+00 0.0000000000000000e+00 0.0000000000000000e+00 0.0000000000000000e+00 0.0000000000000000e+00 0.0000000000000000e+00 0.0000000000000000e+00 0.0000000000000000e+00 0.0000000000000000e+00 0.0000000000000000e+00 0.0000000000000000e+00 0.0000000000000000e+00 0.0000000000000000e+00 0.0000000000000000e+00 0.0000000000000000e+00 0.0000000000000000e+00 0.0000000000000000e+00 0.0000000000000000e+00 0.0000000000000000e+00 0.0000000000000000e+00 0.0000000000000000e+00 0.0000000000000000e+00 0.0000000000000000e+00 0.0000000000000000e+00 0.0000000000000000e+00 0.0000000000000000e+00 0.0000000000000000e+00 0.0000000000000000e+00 0.0000000000000000e+00 0.0000000000000000e+00 0.0000000000000000e+00 0.0000000000000000e+00 0.0000000000000000e+00 0.0000000000000000e+00 0.0000000000000000e+00 0.0000000000000000e+00 0.0000000000000000e+00 0.0000000000000000e+00 0.0000000000000000e+00 0.0000000000000000e+00 0.0000000000000000e+00 0.0000000000000000e+00 0.0000000000000000e+00 0.0000000000000000e+00 0.0000000000000000e+00 0.0000000000000000e+00 0.0000000000000000e+00 0.0000000000000000e+00 0.0000000000000000e+00 0.0000000000000000e+00 0.0000000000000000e+00 0.0000000000000000e+00 0.0000000000000000e+00 0.0000000000000000e+00 0.0000000000000000e+00 0.0000000000000000e+00 0.0000000000000000e+00 0.0000000000000000e+00 0.0000000000000000e+00 0.0000000000000000e+00 0.0000000000000000e+00 0.0000000000000000e+00 0.0000000000000000e+00 0.0000000000000000e+00 0.0000000000000000e+00 0.0000000000000000e+00 0.0000000000000000e+00 0.0000000000000000e+00 0.0000000000000000e+00 0.0000000000000000e+00 0.0000000000000000e+00 0.0000000000000000e+00 0.0000000000000000e+00 0.0000000000000000e+00 0.0000000000000000e+00 0.0000000000000000e+00 0.0000000000000000e+00 0.0000000000000000e+00 0.0000000000000000e+00 0.0000000000000000e+00 0.0000000000000000e+00 0.0000000000000000e+00 0.0000000000000000e+00 0.0000000000000000e+00 0.0000000000000000e+00 0.0000000000000000e+00 0.0000000000000000e+00 0.0000000000000000e+00 0.0000000000000000e+00 0.0000000000000000e+00 0.0000000000000000e+00 0.0000000000000000e+00 0.0000000000000000e+00 0.0000000000000000e+00 0.0000000000000000e+00 0.0000000000000000e+00 0.0000000000000000e+00 0.0000000000000000e+00 0.0000000000000000e+00 0.0000000000000000e+00 0.0000000000000000e+00 0.0000000000000000e+00 0.0000000000000000e+00 0.0000000000000000e+00 0.0000000000000000e+00 0.0000000000000000e+00 0.0000000000000000e+00 0.0000000000000000e+00 0.0000000000000000e+00 0.0000000000000000e+00 0.0000000000000000e+00 0.0000000000000000e+00 0.0000000000000000e+00 0.0000000000000000e+00 0.0000000000000000e+00 0.0000000000000000e+00 0.0000000000000000e+00 0.0000000000000000e+00 0.0000000000000000e+00 0.0000000000000000e+00 0.0000000000000000e+00 0.0000000000000000e+00 0.0000000000000000e+00 0.0000000000000000e+00 0.0000000000000000e+00 0.0000000000000000e+00 0.0000000000000000e+00 0.0000000000000000e+00 0.0000000000000000e+00 0.0000000000000000e+00 0.0000000000000000e+00 0.0000000000000000e+00 0.0000000000000000e+00 0.0000000000000000e+00 0.0000000000000000e+00 0.0000000000000000e+00 0.0000000000000000e+00 0.0000000000000000e+00
</DataArray>
      </PointData>
      <CellData>
        <DataArray type="Int64" format="ascii" Name="element_id">
0 1 2 3 4 5 6 7 8 9 10 11 12 13 14 15 16 17 18 19 20 21 22 23 24 25 26 27 28 29 30 31 32 33 34 35 36 37 38 39 40 41 42 43 44 45 46 47 48 49 50 51 52 53 54 55 56 57 58 59 60 61 62 63 64 65 66 67 68 69 70 71 72 73 74 75 76 77 78 79 80 81 82 83 84 85 86 87 88 89 90 91 92 93 94 95 96 97 98 99 100 101 102 103 104 105 106 107 108 109 110 111 112 113 114 115 116 117 118 119 120 121 122 123 124 125 126 127 128 129 130 131 132 133 134 135 136 137 138 139 140 141 142 143 144 145 146 147 148 149 150 151 152 153 154 155 156 157 158 159 160 161 162 163 164 165 166 167 168 169 170 171 172 173 174 175 176 177 178 179 180 181 182 183 184 185 186 187 188 189 190 191 192 193 194 195 196 197 198 199 200 201 202 203 204 205 206 207 208 209 210 211 212 213 214 215 216 217 218 219 220 221 222 223 224 225 226 227 228 229 230 231 232 233 234 235 236 237 238 239 240 241 242 243 244 245 246 247 248 249 250 251 252 253 254 255 256 257 258 259 260 261 262 263 264 265 266 267 268 269 270 271 272 273 274 275 276 277 278 279 280 281 282 283 284 285 286 287 288 289 290 291 292 293 294 295 296 297 298 299 300 301 302 303 304 305 306 307 308 309 310 311 312 313 314 315 316 317 318 319 320 321 322 323
</DataArray>
        <DataArray type="Int64" format="ascii" Name="material_id">
2 2 2 2 2 2 2 2 2 2 2 2 2 2 2 2 2 2 2 2 2 2 2 2 2 2 2 2 2 2 2 2 2 2 2 2 2 2 2 2 2 2 2 2 2 2 2 2 2 2 2 2 2 2 2 2 2 2 2 2 2 2 2 2 2 2 2 2 2 2 2 2 2 2 2 2 2 2 2 2 2 2 2 2 2 2 2 2 2 2 2 2 2 2 2 2 2 2 2 2 2 2 2 2 2 2 2 2 2 2 2 2 2 2 2 2 2 2 2 2 2 2 2 2 2 2 2 2 2 2 2 2 2 2 2 2 2 2 2 2 2 2 2 2 2 2 2 2 2 2 2 2 2 2 2 2 2 2 2 2 2 2 1 1 1 1 1 1 1 1 1 1 1 1 1 1 1 1 1 1 1 1 1 1 1 1 1 1 1 1 1 1 1 1 1 1 1 1 1 1 1 1 1 1 1 1 1 1 1 1 1 1 1 1 1 1 1 1 1 1 1 1 1 1 1 1 1 1 1 1 1 1 1 1 1 1 1 1 1 1 1 1 1 1 1 1 1 1 1 1 1 1 1 1 1 1 1 1 1 1 1 1 1 1 1 1 1 1 1 1 1 1 1 1 1 1 1 1 1 1 1 1 1 1 1 1 1 1 1 1 1 1 1 1 1 1 1 1 1 1 1 1 1 1 1 1 1 1 1 1 1 1 1 1 1 1 1 1 1 1 1 1 1 1
</DataArray>
        <DataArray type="Float64" format="ascii" Name="Strain" NumberOfComponents="9">
0.0000000000000000e+00 0.0000000000000000e+00 0.0000000000000000e+00 0.0000000000000000e+00 0.0000000000000000e+00 0.0000000000000000e+00 0.0000000000000000e+00 0.0000000000000000e+00 0.0000000000000000e+00 0.0000000000000000e+00 0.0000000000000000e+00 0.0000000000000000e+00 0.0000000000000000e+00 0.0000000000000000e+00 0.0000000000000000e+00 0.0000000000000000e+00 0.0000000000000000e+00 0.0000000000000000e+00 0.0000000000000000e+00 0.0000000000000000e+00 0.0000000000000000e+00 0.0000000000000000e+00 0.0000000000000000e+00 0.0000000000000000e+00 0.0000000000000000e+00 0.0000000000000000e+00 0.0000000000000000e+00 0.0000000000000000e+00 0.0000000000000000e+00 0.0000000000000000e+00 0.0000000000000000e+00 0.0000000000000000e+00 0.0000000000000000e+00 0.0000000000000000e+00 0.0000000000000000e+00 0.0000000000000000e+00 0.0000000000000000e+00 0.0000000000000000e+00 0.0000000000000000e+00 0.0000000000000000e+00 0.0000000000000000e+00 0.0000000000000000e+00 0.0000000000000000e+00 0.0000000000000000e+00 0.0000000000000000e+00 0.0000000000000000e+00 0.0000000000000000e+00 0.0000000000000000e+00 0.0000000000000000e+00 0.0000000000000000e+00 0.0000000000000000e+00 0.0000000000000000e+00 0.0000000000000000e+00 0.0000000000000000e+00 0.0000000000000000e+00 0.0000000000000000e+00 0.0000000000000000e+00 0.0000000000000000e+00 0.0000000000000000e+00 0.0000000000000000e+00 0.0000000000000000e+00 0.0000000000000000e+00 0.0000000000000000e+00 0.0000000000000000e+00 0.0000000000000000e+00 0.0000000000000000e+00 0.0000000000000000e+00 0.0000000000000000e+00 0.0000000000000000e+00 0.0000000000000000e+00 0.0000000000000000e+00 0.0000000000000000e+00 0.0000000000000000e+00 0.0000000000000000e+00 0.0000000000000000e+00 0.0000000000000000e+00 0.0000000000000000e+00 0.0000000000000000e+00 0.0000000000000000e+00 0.0000000000000000e+00 0.0000000000000000e+00 0.0000000000000000e+00 0.0000000000000000e+00 0.0000000000000000e+00 0.0000000000000000e+00 0.0000000000000000e+00 0.0000000000000000e+00 0.0000000000000000e+00 0.0000000000000000e+00 0.0000000000000000e+00 0.0000000000000000e+00 0.0000000000000000e+00 0.0000000000000000e+00 0.0000000000000000e+00 0.0000000000000000e+00 0.0000000000000000e+00 0.0000000000000000e+00 0.0000000000000000e+00 0.0000000000000000e+00 0.0000000000000000e+00 0.0000000000000000e+00 0.0000000000000000e+00 0.0000000000000000e+00 0.0000000000000000e+00 0.0000000000000000e+00 0.0000000000000000e+00 0.0000000000000000e+00 0.0000000000000000e+00 0.0000000000000000e+00 0.0000000000000000e+00 0.0000000000000000e+00 0.0000000000000000e+00 0.0000000000000000e+00 0.0000000000000000e+00 0.0000000000000000e+00 0.0000000000000000e+00 0.0000000000000000e+00 0.0000000000000000e+00 0.0000000000000000e+00 0.0000000000000000e+00 0.0000000000000000e+00 0.0000000000000000e+00 0.0000000000000000e+00 0.0000000000000000e+00 0.0000000000000000e+00 0.0000000000000000e+00 0.0000000000000000e+00 0.0000000000000000e+00 0.0000000000000000e+00 0.0000000000000000e+00 0.0000000000000000e+00 0.0000000000000000e+00 0.0000000000000000e+00 0.0000000000000000e+00 0.0000000000000000e+00 0.0000000000000000e+00 0.0000000000000000e+00 0.0000000000000000e+00 0.0000000000000000e+00 0.0000000000000000e+00 0.0000000000000000e+00 0.0000000000000000e+00 0.0000000000000000e+00 0.0000000000000000e+00 0.0000000000000000e+00 0.0000000000000000e+00 0.0000000000000000e+00 0.0000000000000000e+00 0.0000000000000000e+00 0.0000000000000000e+00 0.0000000000000000e+00 0.0000000000000000e+00 0.0000000000000000e+00 0.0000000000000000e+00 0.0000000000000000e+00 0.0000000000000000e+00 0.0000000000000000e+00 0.0000000000000000e+00 0.0000000000000000e+00 0.0000000000000000e+00 0.0000000000000000e+00 0.0000000000000000e+00 0.0000000000000000e+00 0.0000000000000000e+00 0.0000000000000000e+00 0.0000000000000000e+00 0.0000000000000000e+00 0.0000000000000000e+00 0.0000000000000000e+00 0.0000000000000000e+00 0.0000000000000000e+00 0.0000000000000000e+00 0.0000000000000000e+00 0.0000000000000000e+00 0.0000000000000000e+00 0.0000000000000000e+00 0.0000000000000000e+00 0.0000000000000000e+00 0.0000000000000000e+00 0.0000000000000000e+00 0.0000000000000000e+00 0.0000000000000000e+00 0.0000000000000000e+00 0.0000000000000000e+00 0.0000000000000000e+00 0.0000000000000000e+00 0.0000000000000000e+00 0.0000000000000000e+00 0.0000000000000000e+00 0.0000000000000000e+00 0.0000000000000000e+00 0.0000000000000000e+00 0.0000000000000000e+00 0.0000000000000000e+00 0.0000000000000000e+00 0.0000000000000000e+00 0.0000000000000000e+00 0.0000000000000000e+00 0.0000000000000000e+00 0.0000000000000000e+00 0.0000000000000000e+00 0.0000000000000000e+00 0.0000000000000000e+00 0.0000000000000000e+00 0.0000000000000000e+00 0.0000000000000000e+00 0.0000000000000000e+00 0.0000000000000000e+00 0.0000000000000000e+00 0.0000000000000000e+00 0.0000000000000000e+00 0.0000000000000000e+00 0.0000000000000000e+00 0.0000000000000000e+00 0.0000000000000000e+00 0.0000000000000000e+00 0.0000000000000000e+00 0.0000000000000000e+00 0.0000000000000000e+00 0.0000000000000000e+00 0.0000000000000000e+00 0.0000000000000000e+00 0.0000000000000000e+00 0.0000000000000000e+00 0.0000000000000000e+00 0.0000000000000000e+00 0.0000000000000000e+00 0.0000000000000000e+00 0.0000000000000000e+00 0.0000000000000000e+00 0.0000000000000000e+00 0.0000000000000000e+00 0.0000000000000000e+00 0.0000000000000000e+00 0.0000000000000000e+00 0.0000000000000000e+00 0.0000000000000000e+00 0.0000000000000000e+00 0.0000000000000000e+00 0.0000000000000000e+00 0.0000000000000000e+00 0.0000000000000000e+00 0.0000000000000000e+00 0.0000000000000000e+00 0.0000000000000000e+00 0.0000000000000000e+00 0.0000000000000000e+00 0.0000000000000000e+00 0.0000000000000000e+00 0.0000000000000000e+00 0.0000000000000000e+00 0.0000000000000000e+00 0.0000000000000000e+00 0.0000000000000000e+00 0.0000000000000000e+00 0.0000000000000000e+00 0.0000000000000000e+00 0.0000000000000000e+00 0.0000000000000000e+00 0.0000000000000000e+00 0.0000000000000000e+00 0.0000000000000000e+00 0.0000000000000000e+00 0.0000000000000000e+00 0.0000000000000000e+00 0.0000000000000000e+00 0.0000000000000000e+00 0.0000000000000000e+00 0.0000000000000000e+00 0.0000000000000000e+00 0.0000000000000000e+00 0.0000000000000000e+00 0.0000000000000000e+00 0.0000000000000000e+00 0.0000000000000000e+00 0.0000000000000000e+00 0.0000000000000000e+00 0.0000000000000000e+00 0.0000000000000000e+00 0.0000000000000000e+00 0.0000000000000000e+00 0.0000000000000000e+00 0.0000000000000000e+00 0.0000000000000000e+00 0.0000000000000000e+00 0.0000000000000000e+00 0.0000000000000000e+00 0.0000000000000000e+00 0.0000000000000000e+00 0.0000000000000000e+00 0.0000000000000000e+00 0.0000000000000000e+00 0.0000000000000000e+00 0.0000000000000000e+00 0.0000000000000000e+00 0.0000000000000000e+00 0.0000000000000000e+00 0.0000000000000000e+00 0.0000000000000000e+00 0.0000000000000000e+00 0.0000000000000000e+00 0.0000000000000000e+00 0.0000000000000000e+00 0.0000000000000000e+00 0.0000000000000000e+00 0.0000000000000000e+00 0.0000000000000000e+00 0.0000000000000000e+00 0.0000000000000000e+00 0.0000000000000000e+00 0.0000000000000000e+00 0.0000000000000000e+00 0.0000000000000000e+00 0.0000000000000000e+00 0.0000000000000000e+00 0.0000000000000000e+00 0.0000000000000000e+00 0.0000000000000000e+00 0.0000000000000000e+00 0.0000000000000000e+00 0.0000000000000000e+00 0.0000000000000000e+00 0.0000000000000000e+00 0.0000000000000000e+00 0.0000000000000000e+00 0.0000000000000000e+00 0.0000000000000000e+00 0.0000000000000000e+00 0.0000000000000000e+00 0.0000000000000000e+00 0.0000000000000000e+00 0.0000000000000000e+00 0.0000000000000000e+00 0.0000000000000000e+00 0.0000000000000000e+00 0.0000000000000000e+00 0.0000000000000000e+00 0.0000000000000000e+00 0.0000000000000000e+00 0.0000000000000000e+00 0.0000000000000000e+00 0.0000000000000000e+00 0.0000000000000000e+00 0.0000000000000000e+00 0.0000000000000000e+00 0.0000000000000000e+00 0.0000000000000000e+00 0.0000000000000000e+00 0.0000000000000000e+00 0.0000000000000000e+00 0.0000000000000000e+00 0.0000000000000000e+00 0.0000000000000000e+00 0.0000000000000000e+00 0.0000000000000000e+00 0.0000000000000000e+00 0.0000000000000000e+00 0.0000000000000000e+00 0.0000000000000000e+00 0.0000000000000000e+00 0.0000000000000000e+00 0.0000000000000000e+00 0.0000000000000000e+00 0.0000000000000000e+00 0.0000000000000000e+00 0.0000000000000000e+00 0.0000000000000000e+00 0.0000000000000000e+00 0.0000000000000000e+00 0.0000000000000000e+00 0.0000000000000000e+00 0.0000000000000000e+00 0.0000000000000000e+00 0.0000000000000000e+00 0.0000000000000000e+00 0.0000000000000000e+00 0.0000000000000000e+00 0.0000000000000000e+00 0.0000000000000000e+00 0.0000000000000000e+00 0.0000000000000000e+00 0.0000000000000000e+00 0.0000000000000000e+00 0.0000000000000000e+00 0.0000000000000000e+00 0.0000000000000000e+00 0.0000000000000000e+00 0.0000000000000000e+00 0.0000000000000000e+00 0.0000000000000000e+00 0.0000000000000000e+00 0.0000000000000000e+00 0.0000000000000000e+00 0.0000000000000000e+00 0.0000000000000000e+00 0.0000000000000000e+00 0.0000000000000000e+00 0.0000000000000000e+00 0.0000000000000000e+00 0.0000000000000000e+00 0.0000000000000000e+00 0.0000000000000000e+00 0.0000000000000000e+00 0.0000000000000000e+00 0.0000000000000000e+00 0.0000000000000000e+00 0.0000000000000000e+00 0.0000000000000000e+00 0.0000000000000000e+00 0.0000000000000000e+00 0.0000000000000000e+00 0.0000000000000000e+00 0.0000000000000000e+00 0.0000000000000000e+00 0.0000000000000000e+00 0.0000000000000000e+00 0.0000000000000000e+00 0.0000000000000000e+00 0.0000000000000000e+00 0.0000000000000000e+00 0.0000000000000000e+00 0.0000000000000000e+00 0.0000000000000000e+00 0.0000000000000000e+00 0.0000000000000000e+00 0.0000000000000000e+00 0.0000000000000000e+00 0.0000000000000000e+00 0.0000000000000000e+00 0.0000000000000000e+00 0.0000000000000000e+00 0.0000000000000000e+00 0.0000000000000000e+00 0.0000000000000000e+00 0.0000000000000000e+00 0.0000000000000000e+00 0.0000000000000000e+00 0.0000000000000000e+00 0.0000000000000000e+00 0.0000000000000000e+00 0.0000000000000000e+00 0.0000000000000000e+00 0.0000000000000000e+00 0.0000000000000000e+00 0.0000000000000000e+00 0.0000000000000000e+00 0.0000000000000000e+00 0.0000000000000000e+00 0.0000000000000000e+00 0.0000000000000000e+00 0.0000000000000000e+00 0.0000000000000000e+00 0.0000000000000000e+00 0.0000000000000000e+00 0.0000000000000000e+00 0.0000000000000000e+00 0.0000000000000000e+00 0.0000000000000000e+00 0.0000000000000000e+00 0.0000000000000000e+00 0.0000000000000000e+00 0.0000000000000000e+00 0.0000000000000000e+00 0.0000000000000000e+00 0.0000000000000000e+00 0.0000000000000000e+00 0.0000000000000000e+00 0.0000000000000000e+00 0.0000000000000000e+00 0.0000000000000000e+00 0.0000000000000000e+00 0.0000000000000000e+00 0.0000000000000000e+00 0.0000000000000000e+00 0.0000000000000000e+00 0.0000000000000000e+00 0.0000000000000000e+00 0.0000000000000000e+00 0.0000000000000000e+00 0.0000000000000000e+00 0.0000000000000000e+00 0.0000000000000000e+00 0.0000000000000000e+00 0.0000000000000000e+00 0.0000000000000000e+00 0.0000000000000000e+00 0.0000000000000000e+00 0.0000000000000000e+00 0.0000000000000000e+00 0.0000000000000000e+00 0.0000000000000000e+00 0.0000000000000000e+00 0.0000000000000000e+00 0.0000000000000000e+00 0.0000000000000000e+00 0.0000000000000000e+00 0.0000000000000000e+00 0.0000000000000000e+00 0.0000000000000000e+00 0.0000000000000000e+00 0.0000000000000000e+00 0.0000000000000000e+00 0.0000000000000000e+00 0.0000000000000000e+00 0.0000000000000000e+00 0.0000000000000000e+00 0.0000000000000000e+00 0.0000000000000000e+00 0.0000000000000000e+00 0.0000000000000000e+00 0.0000000000000000e+00 0.0000000000000000e+00 0.0000000000000000e+00 0.0000000000000000e+00 0.0000000000000000e+00 0.0000000000000000e+00 0.0000000000000000e+00 0.0000000000000000e+00 0.0000000000000000e+00 0.0000000000000000e+00 0.0000000000000000e+00 0.0000000000000000e+00 0.0000000000000000e+00 0.0000000000000000e+00 0.0000000000000000e+00 0.0000000000000000e+00 0.0000000000000000e+00 0.0000000000000000e+00 0.0000000000000000e+00 0.0000000000000000e+00 0.0000000000000000e+00 0.0000000000000000e+00 0.0000000000000000e+00 0.0000000000000000e+00 0.0000000000000000e+00 0.0000000000000000e+00 0.0000000000000000e+00 0.0000000000000000e+00 0.0000000000000000e+00 0.0000000000000000e+00 0.0000000000000000e+00 0.0000000000000000e+00 0.0000000000000000e+00 0.0000000000000000e+00 0.0000000000000000e+00 0.0000000000000000e+00 0.0000000000000000e+00 0.0000000000000000e+00 0.0000000000000000e+00 0.0000000000000000e+00 0.0000000000000000e+00 0.0000000000000000e+00 0.0000000000000000e+00 0.0000000000000000e+00 0.0000000000000000e+00 0.0000000000000000e+00 0.0000000000000000e+00 0.0000000000000000e+00 0.0000000000000000e+00 0.0000000000000000e+00 0.0000000000000000e+00 0.0000000000000000e+00 0.0000000000000000e+00 0.0000000000000000e+00 0.0000000000000000e+00 0.0000000000000000e+00 0.0000000000000000e+00 0.0000000000000000e+00 0.0000000000000000e+00 0.0000000000000000e+00 0.0000000000000000e+00 0.0000000000000000e+00 0.0000000000000000e+00 0.0000000000000000e+00 0.0000000000000000e+00 0.0000000000000000e+00 0.0000000000000000e+00 0.0000000000000000e+00 0.0000000000000000e+00 0.0000000000000000e+00 0.0000000000000000e+00 0.0000000000000000e+00 0.0000000000000000e+00 0.0000000000000000e+00 0.0000000000000000e+00 0.0000000000000000e+00 0.0000000000000000e+00 0.0000000000000000e+00 0.0000000000000000e+00 0.0000000000000000e+00 0.0000000000000000e+00 0.0000000000000000e+00 0.0000000000000000e+00 0.0000000000000000e+00 0.0000000000000000e+00 0.0000000000000000e+00 0.0000000000000000e+00 0.0000000000000000e+00 0.0000000000000000e+00 0.0000000000000000e+00 0.0000000000000000e+00 0.0000000000000000e+00 0.0000000000000000e+00 0.0000000000000000e+00 0.0000000000000000e+00 0.0000000000000000e+00 0.0000000000000000e+00 0.0000000000000000e+00 0.0000000000000000e+00 0.0000000000000000e+00 0.0000000000000000e+00 0.0000000000000000e+00 0.0000000000000000e+00 0.0000000000000000e+00 0.0000000000000000e+00 0.0000000000000000e+00 0.0000000000000000e+00 0.0000000000000000e+00 0.0000000000000000e+00 0.0000000000000000e+00 0.0000000000000000e+00 0.0000000000000000e+00 0.0000000000000000e+00 0.0000000000000000e+00 0.0000000000000000e+00 0.0000000000000000e+00 0.0000000000000000e+00 0.0000000000000000e+00 0.0000000000000000e+00 0.0000000000000000e+00 0.0000000000000000e+00 0.0000000000000000e+00 0.0000000000000000e+00 0.0000000000000000e+00 0.0000000000000000e+00 0.0000000000000000e+00 0.0000000000000000e+00 0.0000000000000000e+00 0.0000000000000000e+00 0.0000000000000000e+00 0.0000000000000000e+00 0.0000000000000000e+00 0.0000000000000000e+00 0.0000000000000000e+00 0.0000000000000000e+00 0.0000000000000000e+00 0.0000000000000000e+00 0.0000000000000000e+00 0.0000000000000000e+00 0.0000000000000000e+00 0.0000000000000000e+00 0.0000000000000000e+00 0.0000000000000000e+00 0.0000000000000000e+00 0.0000000000000000e+00 0.0000000000000000e+00 0.0000000000000000e+00 0.0000000000000000e+00 0.0000000000000000e+00 0.0000000000000000e+00 0.0000000000000000e+00 0.0000000000000000e+00 0.0000000000000000e+00 0.0000000000000000e+00 0.0000000000000000e+00 0.0000000000000000e+00 0.0000000000000000e+00 0.0000000000000000e+00 0.0000000000000000e+00 0.0000000000000000e+00 0.0000000000000000e+00 0.0000000000000000e+00 0.0000000000000000e+00 0.0000000000000000e+00 0.0000000000000000e+00 0.0000000000000000e+00 0.0000000000000000e+00 0.0000000000000000e+00 0.0000000000000000e+00 0.0000000000000000e+00 0.0000000000000000e+00 0.0000000000000000e+00 0.0000000000000000e+00 0.0000000000000000e+00 0.0000000000000000e+00 0.0000000000000000e+00 0.0000000000000000e+00 0.0000000000000000e+00 0.0000000000000000e+00 0.0000000000000000e+00 0.0000000000000000e+00 0.0000000000000000e+00 0.0000000000000000e+00 0.0000000000000000e+00 0.0000000000000000e+00 0.0000000000000000e+00 0.0000000000000000e+00 0.0000000000000000e+00 0.0000000000000000e+00 0.0000000000000000e+00 0.0000000000000000e+00 0.0000000000000000e+00 0.0000000000000000e+00 0.0000000000000000e+00 0.0000000000000000e+00 0.0000000000000000e+00 0.0000000000000000e+00 0.0000000000000000e+00 0.0000000000000000e+00 0.0000000000000000e+00 0.0000000000000000e+00 0.0000000000000000e+00 0.0000000000000000e+00 0.0000000000000000e+00 0.0000000000000000e+00 0.0000000000000000e+00 0.0000000000000000e+00 0.0000000000000000e+00 0.0000000000000000e+00 0.0000000000000000e+00 0.0000000000000000e+00 0.0000000000000000e+00 0.0000000000000000e+00 0.0000000000000000e+00 0.0000000000000000e+00 0.0000000000000000e+00 0.0000000000000000e+00 0.0000000000000000e+00 0.0000000000000000e+00 0.0000000000000000e+00 0.0000000000000000e+00 0.0000000000000000e+00 0.0000000000000000e+00 0.0000000000000000e+00 0.0000000000000000e+00 0.0000000000000000e+00 0.0000000000000000e+00 0.0000000000000000e+00 0.0000000000000000e+00 0.0000000000000000e+00 0.0000000000000000e+00 0.0000000000000000e+00 0.0000000000000000e+00 0.0000000000000000e+00 0.0000000000000000e+00 0.0000000000000000e+00 0.0000000000000000e+00 0.0000000000000000e+00 0.0000000000000000e+00 0.0000000000000000e+00 0.0000000000000000e+00 0.0000000000000000e+00 0.0000000000000000e+00 0.0000000000000000e+00 0.0000000000000000e+00 0.0000000000000000e+00 0.0000000000000000e+00 0.0000000000000000e+00 0.0000000000000000e+00 0.0000000000000000e+00 0.0000000000000000e+00 0.0000000000000000e+00 0.0000000000000000e+00 0.0000000000000000e+00 0.0000000000000000e+00 0.0000000000000000e+00 0.0000000000000000e+00 0.0000000000000000e+00 0.0000000000000000e+00 0.0000000000000000e+00 0.0000000000000000e+00 0.0000000000000000e+00 0.0000000000000000e+00 0.0000000000000000e+00 0.0000000000000000e+00 0.0000000000000000e+00 0.0000000000000000e+00 0.0000000000000000e+00 0.0000000000000000e+00 0.0000000000000000e+00 0.0000000000000000e+00 0.0000000000000000e+00 0.0000000000000000e+00 0.0000000000000000e+00 0.0000000000000000e+00 0.0000000000000000e+00 0.0000000000000000e+00 0.0000000000000000e+00 0.0000000000000000e+00 0.0000000000000000e+00 0.0000000000000000e+00 0.0000000000000000e+00 0.0000000000000000e+00 0.0000000000000000e+00 0.0000000000000000e+00 0.0000000000000000e+00 0.0000000000000000e+00 0.0000000000000000e+00 0.0000000000000000e+00 0.0000000000000000e+00 0.0000000000000000e+00 0.0000000000000000e+00 0.0000000000000000e+00 0.0000000000000000e+00 0.0000000000000000e+00 0.0000000000000000e+00 0.0000000000000000e+00 0.0000000000000000e+00 0.0000000000000000e+00 0.0000000000000000e+00 0.0000000000000000e+00 0.0000000000000000e+00 0.0000000000000000e+00 0.0000000000000000e+00 0.0000000000000000e+00 0.0000000000000000e+00 0.0000000000000000e+00 0.0000000000000000e+00 0.0000000000000000e+00 0.0000000000000000e+00 0.0000000000000000e+00 0.0000000000000000e+00 0.0000000000000000e+00 0.0000000000000000e+00 0.0000000000000000e+00 0.0000000000000000e+00 0.0000000000000000e+00 0.0000000000000000e+00 0.0000000000000000e+00 0.0000000000000000e+00 0.0000000000000000e+00 0.0000000000000000e+00 0.0000000000000000e+00 0.0000000000000000e+00 0.0000000000000000e+00 0.0000000000000000e+00 0.0000000000000000e+00 0.0000000000000000e+00 0.0000000000000000e+00 0.0000000000000000e+00 0.0000000000000000e+00 0.0000000000000000e+00 0.0000000000000000e+00 0.0000000000000000e+00 0.0000000000000000e+00 0.0000000000000000e+00 0.0000000000000000e+00 0.0000000000000000e+00 0.0000000000000000e+00 0.0000000000000000e+00 0.0000000000000000e+00 0.0000000000000000e+00 0.0000000000000000e+00 0.0000000000000000e+00 0.0000000000000000e+00 0.0000000000000000e+00 0.0000000000000000e+00 0.0000000000000000e+00 0.0000000000000000e+00 0.0000000000000000e+00 0.0000000000000000e+00 0.0000000000000000e+00 0.0000000000000000e+00 0.0000000000000000e+00 0.0000000000000000e+00 0.0000000000000000e+00 0.0000000000000000e+00 0.0000000000000000e+00 0.0000000000000000e+00 0.0000000000000000e+00 0.0000000000000000e+00 0.0000000000000000e+00 0.0000000000000000e+00 0.0000000000000000e+00 0.0000000000000000e+00 0.0000000000000000e+00 0.0000000000000000e+00 0.0000000000000000e+00 0.0000000000000000e+00 0.0000000000000000e+00 0.0000000000000000e+00 0.0000000000000000e+00 0.0000000000000000e+00 0.0000000000000000e+00 0.0000000000000000e+00 0.0000000000000000e+00 0.0000000000000000e+00 0.0000000000000000e+00 0.0000000000000000e+00 0.0000000000000000e+00 0.0000000000000000e+00 0.0000000000000000e+00 0.0000000000000000e+00 0.0000000000000000e+00 0.0000000000000000e+00 0.0000000000000000e+00 0.0000000000000000e+00 0.0000000000000000e+00 0.0000000000000000e+00 0.0000000000000000e+00 0.0000000000000000e+00 0.0000000000000000e+00 0.0000000000000000e+00 0.0000000000000000e+00 0.0000000000000000e+00 0.0000000000000000e+00 0.0000000000000000e+00 0.0000000000000000e+00 0.0000000000000000e+00 0.0000000000000000e+00 0.0000000000000000e+00 0.0000000000000000e+00 0.0000000000000000e+00 0.0000000000000000e+00 0.0000000000000000e+00 0.0000000000000000e+00 0.0000000000000000e+00 0.0000000000000000e+00 0.0000000000000000e+00 0.0000000000000000e+00 0.0000000000000000e+00 0.0000000000000000e+00 0.0000000000000000e+00 0.0000000000000000e+00 0.0000000000000000e+00 0.0000000000000000e+00 0.0000000000000000e+00 0.0000000000000000e+00 0.0000000000000000e+00 0.0000000000000000e+00 0.0000000000000000e+00 0.0000000000000000e+00 0.0000000000000000e+00 0.0000000000000000e+00 0.0000000000000000e+00 0.0000000000000000e+00 0.0000000000000000e+00 0.0000000000000000e+00 0.0000000000000000e+00 0.0000000000000000e+00 0.0000000000000000e+00 0.0000000000000000e+00 0.0000000000000000e+00 0.0000000000000000e+00 0.0000000000000000e+00 0.0000000000000000e+00 0.0000000000000000e+00 0.0000000000000000e+00 0.0000000000000000e+00 0.0000000000000000e+00 0.0000000000000000e+00 0.0000000000000000e+00 0.0000000000000000e+00 0.0000000000000000e+00 0.0000000000000000e+00 0.0000000000000000e+00 0.0000000000000000e+00 0.0000000000000000e+00 0.0000000000000000e+00 0.0000000000000000e+00 0.0000000000000000e+00 0.0000000000000000e+00 0.0000000000000000e+00 0.0000000000000000e+00 0.0000000000000000e+00 0.0000000000000000e+00 0.0000000000000000e+00 0.0000000000000000e+00 0.0000000000000000e+00 0.0000000000000000e+00 0.0000000000000000e+00 0.0000000000000000e+00 0.0000000000000000e+00 0.0000000000000000e+00 0.0000000000000000e+00 0.0000000000000000e+00 0.0000000000000000e+00 0.0000000000000000e+00 0.0000000000000000e+00 0.0000000000000000e+00 0.0000000000000000e+00 0.0000000000000000e+00 0.0000000000000000e+00 0.0000000000000000e+00 0.0000000000000000e+00 0.0000000000000000e+00 0.0000000000000000e+00 0.0000000000000000e+00 0.0000000000000000e+00 0.0000000000000000e+00 0.0000000000000000e+00 0.0000000000000000e+00 0.0000000000000000e+00 0.0000000000000000e+00 0.0000000000000000e+00 0.0000000000000000e+00 0.0000000000000000e+00 0.0000000000000000e+00 0.0000000000000000e+00 0.0000000000000000e+00 0.0000000000000000e+00 0.0000000000000000e+00 0.0000000000000000e+00 0.0000000000000000e+00 0.0000000000000000e+00 0.0000000000000000e+00 0.0000000000000000e+00 0.0000000000000000e+00 0.0000000000000000e+00 0.0000000000000000e+00 0.0000000000000000e+00 0.0000000000000000e+00 0.0000000000000000e+00 0.0000000000000000e+00 0.0000000000000000e+00 0.0000000000000000e+00 0.0000000000000000e+00 0.0000000000000000e+00 0.0000000000000000e+00 0.0000000000000000e+00 0.0000000000000000e+00 0.0000000000000000e+00 0.0000000000000000e+00 0.0000000000000000e+00 0.0000000000000000e+00 0.0000000000000000e+00 0.0000000000000000e+00 0.0000000000000000e+00 0.0000000000000000e+00 0.0000000000000000e+00 0.0000000000000000e+00 0.0000000000000000e+00 0.0000000000000000e+00 0.0000000000000000e+00 0.0000000000000000e+00 0.0000000000000000e+00 0.0000000000000000e+00 0.0000000000000000e+00 0.0000000000000000e+00 0.0000000000000000e+00 0.0000000000000000e+00 0.0000000000000000e+00 0.0000000000000000e+00 0.0000000000000000e+00 0.0000000000000000e+00 0.0000000000000000e+00 0.0000000000000000e+00 0.0000000000000000e+00 0.0000000000000000e+00 0.0000000000000000e+00 0.0000000000000000e+00 0.0000000000000000e+00 0.0000000000000000e+00 0.0000000000000000e+00 0.0000000000000000e+00 0.0000000000000000e+00 0.0000000000000000e+00 0.0000000000000000e+00 0.0000000000000000e+00 0.0000000000000000e+00 0.0000000000000000e+00 0.0000000000000000e+00 0.0000000000000000e+00 0.0000000000000000e+00 0.0000000000000000e+00 0.0000000000000000e+00 0.0000000000000000e+00 0.0000000000000000e+00 0.0000000000000000e+00 0.0000000000000000e+00 0.0000000000000000e+00 0.0000000000000000e+00 0.0000000000000000e+00 0.0000000000000000e+00 0.0000000000000000e+00 0.0000000000000000e+00 0.0000000000000000e+00 0.0000000000000000e+00 0.0000000000000000e+00 0.0000000000000000e+00 0.0000000000000000e+00 0.0000000000000000e+00 0.0000000000000000e+00 0.0000000000000000e+00 0.0000000000000000e+00 0.0000000000000000e+00 0.0000000000000000e+00 0.0000000000000000e+00 0.0000000000000000e+00 0.0000000000000000e+00 0.0000000000000000e+00 0.0000000000000000e+00 0.0000000000000000e+00 0.0000000000000000e+00 0.0000000000000000e+00 0.0000000000000000e+00 0.0000000000000000e+00 0.0000000000000000e+00 0.0000000000000000e+00 0.0000000000000000e+00 0.0000000000000000e+00 0.0000000000000000e+00 0.0000000000000000e+00 0.0000000000000000e+00 0.0000000000000000e+00 0.0000000000000000e+00 0.0000000000000000e+00 0.0000000000000000e+00 0.0000000000000000e+00 0.0000000000000000e+00 0.0000000000000000e+00 0.0000000000000000e+00 0.0000000000000000e+00 0.0000000000000000e+00 0.0000000000000000e+00 0.0000000000000000e+00 0.0000000000000000e+00 0.0000000000000000e+00 0.0000000000000000e+00 0.0000000000000000e+00 0.0000000000000000e+00 0.0000000000000000e+00 0.0000000000000000e+00 0.0000000000000000e+00 0.0000000000000000e+00 0.0000000000000000e+00 0.0000000000000000e+00 0.0000000000000000e+00 0.0000000000000000e+00 0.0000000000000000e+00 0.0000000000000000e+00 0.0000000000000000e+00 0.0000000000000000e+00 0.0000000000000000e+00 0.0000000000000000e+00 0.0000000000000000e+00 0.0000000000000000e+00 0.0000000000000000e+00 0.0000000000000000e+00 0.0000000000000000e+00 0.0000000000000000e+00 0.0000000000000000e+00 0.0000000000000000e+00 0.0000000000000000e+00 0.0000000000000000e+00 0.0000000000000000e+00 0.0000000000000000e+00 0.0000000000000000e+00 0.0000000000000000e+00 0.0000000000000000e+00 0.0000000000000000e+00 0.0000000000000000e+00 0.0000000000000000e+00 0.0000000000000000e+00 0.0000000000000000e+00 0.0000000000000000e+00 0.0000000000000000e+00 0.0000000000000000e+00 0.0000000000000000e+00 0.0000000000000000e+00 0.0000000000000000e+00 0.0000000000000000e+00 0.0000000000000000e+00 0.0000000000000000e+00 0.0000000000000000e+00 0.0000000000000000e+00 0.0000000000000000e+00 0.0000000000000000e+00 0.0000000000000000e+00 0.0000000000000000e+00 0.0000000000000000e+00 0.0000000000000000e+00 0.0000000000000000e+00 0.0000000000000000e+00 0.0000000000000000e+00 0.0000000000000000e+00 0.0000000000000000e+00 0.0000000000000000e+00 0.0000000000000000e+00 0.0000000000000000e+00 0.0000000000000000e+00 0.0000000000000000e+00 0.0000000000000000e+00 0.0000000000000000e+00 0.0000000000000000e+00 0.0000000000000000e+00 0.0000000000000000e+00 0.0000000000000000e+00 0.0000000000000000e+00 0.0000000000000000e+00 0.0000000000000000e+00 0.0000000000000000e+00 0.0000000000000000e+00 0.0000000000000000e+00 0.0000000000000000e+00 0.0000000000000000e+00 0.0000000000000000e+00 0.0000000000000000e+00 0.0000000000000000e+00 0.0000000000000000e+00 0.0000000000000000e+00 0.0000000000000000e+00 0.0000000000000000e+00 0.0000000000000000e+00 0.0000000000000000e+00 0.0000000000000000e+00 0.0000000000000000e+00 0.0000000000000000e+00 0.0000000000000000e+00 0.0000000000000000e+00 0.0000000000000000e+00 0.0000000000000000e+00 0.0000000000000000e+00 0.0000000000000000e+00 0.0000000000000000e+00 0.0000000000000000e+00 0.0000000000000000e+00 0.0000000000000000e+00 0.0000000000000000e+00 0.0000000000000000e+00 0.0000000000000000e+00 0.0000000000000000e+00 0.0000000000000000e+00 0.0000000000000000e+00 0.0000000000000000e+00 0.0000000000000000e+00 0.0000000000000000e+00 0.0000000000000000e+00 0.0000000000000000e+00 0.0000000000000000e+00 0.0000000000000000e+00 0.0000000000000000e+00 0.0000000000000000e+00 0.0000000000000000e+00 0.0000000000000000e+00 0.0000000000000000e+00 0.0000000000000000e+00 0.0000000000000000e+00 0.0000000000000000e+00 0.0000000000000000e+00 0.0000000000000000e+00 0.0000000000000000e+00 0.0000000000000000e+00 0.0000000000000000e+00 0.0000000000000000e+00 0.0000000000000000e+00 0.0000000000000000e+00 0.0000000000000000e+00 0.0000000000000000e+00 0.0000000000000000e+00 0.0000000000000000e+00 0.0000000000000000e+00 0.0000000000000000e+00 0.0000000000000000e+00 0.0000000000000000e+00 0.0000000000000000e+00 0.0000000000000000e+00 0.0000000000000000e+00 0.0000000000000000e+00 0.0000000000000000e+00 0.0000000000000000e+00 0.0000000000000000e+00 0.0000000000000000e+00 0.0000000000000000e+00 0.0000000000000000e+00 0.0000000000000000e+00 0.0000000000000000e+00 0.0000000000000000e+00 0.0000000000000000e+00 0.0000000000000000e+00 0.0000000000000000e+00 0.0000000000000000e+00 0.0000000000000000e+00 0.0000000000000000e+00 0.0000000000000000e+00 0.0000000000000000e+00 0.0000000000000000e+00 0.0000000000000000e+00 0.0000000000000000e+00 0.0000000000000000e+00 0.0000000000000000e+00 0.0000000000000000e+00 0.0000000000000000e+00 0.0000000000000000e+00 0.0000000000000000e+00 0.0000000000000000e+00 0.0000000000000000e+00 0.0000000000000000e+00 0.0000000000000000e+00 0.0000000000000000e+00 0.0000000000000000e+00 0.0000000000000000e+00 0.0000000000000000e+00 0.0000000000000000e+00 0.0000000000000000e+00 0.0000000000000000e+00 0.0000000000000000e+00 0.0000000000000000e+00 0.0000000000000000e+00 0.0000000000000000e+00 0.0000000000000000e+00 0.0000000000000000e+00 0.0000000000000000e+00 0.0000000000000000e+00 0.0000000000000000e+00 0.0000000000000000e+00 0.0000000000000000e+00 0.0000000000000000e+00 0.0000000000000000e+00 0.0000000000000000e+00 0.0000000000000000e+00 0.0000000000000000e+00 0.0000000000000000e+00 0.0000000000000000e+00 0.0000000000000000e+00 0.0000000000000000e+00 0.0000000000000000e+00 0.0000000000000000e+00 0.0000000000000000e+00 0.0000000000000000e+00 0.0000000000000000e+00 0.0000000000000000e+00 0.0000000000000000e+00 0.0000000000000000e+00 0.0000000000000000e+00 0.0000000000000000e+00 0.0000000000000000e+00 0.0000000000000000e+00 0.0000000000000000e+00 0.0000000000000000e+00 0.0000000000000000e+00 0.0000000000000000e+00 0.0000000000000000e+00 0.0000000000000000e+00 0.0000000000000000e+00 0.0000000000000000e+00 0.0000000000000000e+00 0.0000000000000000e+00 0.0000000000000000e+00 0.0000000000000000e+00 0.0000000000000000e+00 0.0000000000000000e+00 0.0000000000000000e+00 0.0000000000000000e+00 0.0000000000000000e+00 0.0000000000000000e+00 0.0000000000000000e+00 0.0000000000000000e+00 0.0000000000000000e+00 0.0000000000000000e+00 0.0000000000000000e+00 0.0000000000000000e+00 0.0000000000000000e+00 0.0000000000000000e+00 0.0000000000000000e+00 0.0000000000000000e+00 0.0000000000000000e+00 0.0000000000000000e+00 0.0000000000000000e+00 0.0000000000000000e+00 0.0000000000000000e+00 0.0000000000000000e+00 0.0000000000000000e+00 0.0000000000000000e+00 0.0000000000000000e+00 0.0000000000000000e+00 0.0000000000000000e+00 0.0000000000000000e+00 0.0000000000000000e+00 0.0000000000000000e+00 0.0000000000000000e+00 0.0000000000000000e+00 0.0000000000000000e+00 0.0000000000000000e+00 0.0000000000000000e+00 0.0000000000000000e+00 0.0000000000000000e+00 0.0000000000000000e+00 0.0000000000000000e+00 0.0000000000000000e+00 0.0000000000000000e+00 0.0000000000000000e+00 0.0000000000000000e+00 0.0000000000000000e+00 0.0000000000000000e+00 0.0000000000000000e+00 0.0000000000000000e+00 0.0000000000000000e+00 0.0000000000000000e+00 0.0000000000000000e+00 0.0000000000000000e+00 0.0000000000000000e+00 0.0000000000000000e+00 0.0000000000000000e+00 0.0000000000000000e+00 0.0000000000000000e+00 0.0000000000000000e+00 0.0000000000000000e+00 0.0000000000000000e+00 0.0000000000000000e+00 0.0000000000000000e+00 0.0000000000000000e+00 0.0000000000000000e+00 0.0000000000000000e+00 0.0000000000000000e+00 0.0000000000000000e+00 0.0000000000000000e+00 0.0000000000000000e+00 0.0000000000000000e+00 0.0000000000000000e+00 0.0000000000000000e+00 0.0000000000000000e+00 0.0000000000000000e+00 0.0000000000000000e+00 0.0000000000000000e+00 0.0000000000000000e+00 0.0000000000000000e+00 0.0000000000000000e+00 0.0000000000000000e+00 0.0000000000000000e+00 0.0000000000000000e+00 0.0000000000000000e+00 0.0000000000000000e+00 0.0000000000000000e+00 0.0000000000000000e+00 0.0000000000000000e+00 0.0000000000000000e+00 0.0000000000000000e+00 0.0000000000000000e+00 0.0000000000000000e+00 0.0000000000000000e+00 0.0000000000000000e+00 0.0000000000000000e+00 0.0000000000000000e+00 0.0000000000000000e+00 0.0000000000000000e+00 0.0000000000000000e+00 0.0000000000000000e+00 0.0000000000000000e+00 0.0000000000000000e+00 0.0000000000000000e+00 0.0000000000000000e+00 0.0000000000000000e+00 0.0000000000000000e+00 0.0000000000000000e+00 0.0000000000000000e+00 0.0000000000000000e+00 0.0000000000000000e+00 0.0000000000000000e+00 0.0000000000000000e+00 0.0000000000000000e+00 0.0000000000000000e+00 0.0000000000000000e+00 0.0000000000000000e+00 0.0000000000000000e+00 0.0000000000000000e+00 0.0000000000000000e+00 0.0000000000000000e+00 0.0000000000000000e+00 0.0000000000000000e+00 0.0000000000000000e+00 0.0000000000000000e+00 0.0000000000000000e+00 0.0000000000000000e+00 0.0000000000000000e+00 0.0000000000000000e+00 0.0000000000000000e+00 0.0000000000000000e+00 0.0000000000000000e+00 0.0000000000000000e+00 0.0000000000000000e+00 0.0000000000000000e+00 0.0000000000000000e+00 0.0000000000000000e+00 0.0000000000000000e+00 0.0000000000000000e+00 0.0000000000000000e+00 0.0000000000000000e+00 0.0000000000000000e+00 0.0000000000000000e+00 0.0000000000000000e+00 0.0000000000000000e+00 0.0000000000000000e+00 0.0000000000000000e+00 0.0000000000000000e+00 0.0000000000000000e+00 0.0000000000000000e+00 0.0000000000000000e+00 0.0000000000000000e+00 0.0000000000000000e+00 0.0000000000000000e+00 0.0000000000000000e+00 0.0000000000000000e+00 0.0000000000000000e+00 0.0000000000000000e+00 0.0000000000000000e+00 0.0000000000000000e+00 0.0000000000000000e+00 0.0000000000000000e+00 0.0000000000000000e+00 0.0000000000000000e+00 0.0000000000000000e+00 0.0000000000000000e+00 0.0000000000000000e+00 0.0000000000000000e+00 0.0000000000000000e+00 0.0000000000000000e+00 0.0000000000000000e+00 0.0000000000000000e+00 0.0000000000000000e+00 0.0000000000000000e+00 0.0000000000000000e+00 0.0000000000000000e+00 0.0000000000000000e+00 0.0000000000000000e+00 0.0000000000000000e+00 0.0000000000000000e+00 0.0000000000000000e+00 0.0000000000000000e+00 0.0000000000000000e+00 0.0000000000000000e+00 0.0000000000000000e+00 0.0000000000000000e+00 0.0000000000000000e+00 0.0000000000000000e+00 0.0000000000000000e+00 0.0000000000000000e+00 0.0000000000000000e+00 0.0000000000000000e+00 0.0000000000000000e+00 0.0000000000000000e+00 0.0000000000000000e+00 0.0000000000000000e+00 0.0000000000000000e+00 0.0000000000000000e+00 0.0000000000000000e+00 0.0000000000000000e+00 0.0000000000000000e+00 0.0000000000000000e+00 0.0000000000000000e+00 0.0000000000000000e+00 0.0000000000000000e+00 0.0000000000000000e+00 0.0000000000000000e+00 0.0000000000000000e+00 0.0000000000000000e+00 0.0000000000000000e+00 0.0000000000000000e+00 0.0000000000000000e+00 0.0000000000000000e+00 0.0000000000000000e+00 0.0000000000000000e+00 0.0000000000000000e+00 0.0000000000000000e+00 0.0000000000000000e+00 0.0000000000000000e+00 0.0000000000000000e+00 0.0000000000000000e+00 0.0000000000000000e+00 0.0000000000000000e+00 0.0000000000000000e+00 0.0000000000000000e+00 0.0000000000000000e+00 0.0000000000000000e+00 0.0000000000000000e+00 0.0000000000000000e+00 0.0000000000000000e+00 0.0000000000000000e+00 0.0000000000000000e+00 0.0000000000000000e+00 0.0000000000000000e+00 0.0000000000000000e+00 0.0000000000000000e+00 0.0000000000000000e+00 0.0000000000000000e+00 0.0000000000000000e+00 0.0000000000000000e+00 0.0000000000000000e+00 0.0000000000000000e+00 0.0000000000000000e+00 0.0000000000000000e+00 0.0000000000000000e+00 0.0000000000000000e+00 0.0000000000000000e+00 0.0000000000000000e+00 0.0000000000000000e+00 0.0000000000000000e+00 0.0000000000000000e+00 0.0000000000000000e+00 0.0000000000000000e+00 0.0000000000000000e+00 0.0000000000000000e+00 0.0000000000000000e+00 0.0000000000000000e+00 0.0000000000000000e+00 0.0000000000000000e+00 0.0000000000000000e+00 0.0000000000000000e+00 0.0000000000000000e+00 0.0000000000000000e+00 0.0000000000000000e+00 0.0000000000000000e+00 0.0000000000000000e+00 0.0000000000000000e+00 0.0000000000000000e+00 0.0000000000000000e+00 0.0000000000000000e+00 0.0000000000000000e+00 0.0000000000000000e+00 0.0000000000000000e+00 0.0000000000000000e+00 0.0000000000000000e+00 0.0000000000000000e+00 0.0000000000000000e+00 0.0000000000000000e+00 0.0000000000000000e+00 0.0000000000000000e+00 0.0000000000000000e+00 0.0000000000000000e+00 0.0000000000000000e+00 0.0000000000000000e+00 0.0000000000000000e+00 0.0000000000000000e+00 0.0000000000000000e+00 0.0000000000000000e+00 0.0000000000000000e+00 0.0000000000000000e+00 0.0000000000000000e+00 0.0000000000000000e+00 0.0000000000000000e+00 0.0000000000000000e+00 0.0000000000000000e+00 0.0000000000000000e+00 0.0000000000000000e+00 0.0000000000000000e+00 0.0000000000000000e+00 0.0000000000000000e+00 0.0000000000000000e+00 0.0000000000000000e+00 0.0000000000000000e+00 0.0000000000000000e+00 0.0000000000000000e+00 0.0000000000000000e+00 0.0000000000000000e+00 0.0000000000000000e+00 0.0000000000000000e+00 0.0000000000000000e+00 0.0000000000000000e+00 0.0000000000000000e+00 0.0000000000000000e+00 0.0000000000000000e+00 0.0000000000000000e+00 0.0000000000000000e+00 0.0000000000000000e+00 0.0000000000000000e+00 0.0000000000000000e+00 0.0000000000000000e+00 0.0000000000000000e+00 0.0000000000000000e+00 0.0000000000000000e+00 0.0000000000000000e+00 0.0000000000000000e+00 0.0000000000000000e+00 0.0000000000000000e+00 0.0000000000000000e+00 0.0000000000000000e+00 0.0000000000000000e+00 0.0000000000000000e+00 0.0000000000000000e+00 0.0000000000000000e+00 0.0000000000000000e+00 0.0000000000000000e+00 0.0000000000000000e+00 0.0000000000000000e+00 0.0000000000000000e+00 0.0000000000000000e+00 0.0000000000000000e+00 0.0000000000000000e+00 0.0000000000000000e+00 0.0000000000000000e+00 0.0000000000000000e+00 0.0000000000000000e+00 0.0000000000000000e+00 0.0000000000000000e+00 0.0000000000000000e+00 0.0000000000000000e+00 0.0000000000000000e+00 0.0000000000000000e+00 0.0000000000000000e+00 0.0000000000000000e+00 0.0000000000000000e+00 0.0000000000000000e+00 0.0000000000000000e+00 0.0000000000000000e+00 0.0000000000000000e+00 0.0000000000000000e+00 0.0000000000000000e+00 0.0000000000000000e+00 0.0000000000000000e+00 0.0000000000000000e+00 0.0000000000000000e+00 0.0000000000000000e+00 0.0000000000000000e+00 0.0000000000000000e+00 0.0000000000000000e+00 0.0000000000000000e+00 0.0000000000000000e+00 0.0000000000000000e+00 0.0000000000000000e+00 0.0000000000000000e+00 0.0000000000000000e+00 0.0000000000000000e+00 0.0000000000000000e+00 0.0000000000000000e+00 0.0000000000000000e+00 0.0000000000000000e+00 0.0000000000000000e+00 0.0000000000000000e+00 0.0000000000000000e+00 0.0000000000000000e+00 0.0000000000000000e+00 0.0000000000000000e+00 0.0000000000000000e+00 0.0000000000000000e+00 0.0000000000000000e+00 0.0000000000000000e+00 0.0000000000000000e+00 0.0000000000000000e+00 0.0000000000000000e+00 0.0000000000000000e+00 0.0000000000000000e+00 0.0000000000000000e+00 0.0000000000000000e+00 0.0000000000000000e+00 0.0000000000000000e+00 0.0000000000000000e+00 0.0000000000000000e+00 0.0000000000000000e+00 0.0000000000000000e+00 0.0000000000000000e+00 0.0000000000000000e+00 0.0000000000000000e+00 0.0000000000000000e+00 0.0000000000000000e+00 0.0000000000000000e+00 0.0000000000000000e+00 0.0000000000000000e+00 0.0000000000000000e+00 0.0000000000000000e+00 0.0000000000000000e+00 0.0000000000000000e+00 0.0000000000000000e+00 0.0000000000000000e+00 0.0000000000000000e+00 0.0000000000000000e+00 0.0000000000000000e+00 0.0000000000000000e+00 0.0000000000000000e+00 0.0000000000000000e+00 0.0000000000000000e+00 0.0000000000000000e+00 0.0000000000000000e+00 0.0000000000000000e+00 0.0000000000000000e+00 0.0000000000000000e+00 0.0000000000000000e+00 0.0000000000000000e+00 0.0000000000000000e+00 0.0000000000000000e+00 0.0000000000000000e+00 0.0000000000000000e+00 0.0000000000000000e+00 0.0000000000000000e+00 0.0000000000000000e+00 0.0000000000000000e+00 0.0000000000000000e+00 0.0000000000000000e+00 0.0000000000000000e+00 0.0000000000000000e+00 0.0000000000000000e+00 0.0000000000000000e+00 0.0000000000000000e+00 0.0000000000000000e+00 0.0000000000000000e+00 0.0000000000000000e+00 0.0000000000000000e+00 0.0000000000000000e+00 0.0000000000000000e+00 0.0000000000000000e+00 0.0000000000000000e+00 0.0000000000000000e+00 0.0000000000000000e+00 0.0000000000000000e+00 0.0000000000000000e+00 0.0000000000000000e+00 0.0000000000000000e+00 0.0000000000000000e+00 0.0000000000000000e+00 0.0000000000000000e+00 0.0000000000000000e+00 0.0000000000000000e+00 0.0000000000000000e+00 0.0000000000000000e+00 0.0000000000000000e+00 0.0000000000000000e+00 0.0000000000000000e+00 0.0000000000000000e+00 0.0000000000000000e+00 0.0000000000000000e+00 0.0000000000000000e+00 0.0000000000000000e+00 0.0000000000000000e+00 0.0000000000000000e+00 0.0000000000000000e+00 0.0000000000000000e+00 0.0000000000000000e+00 0.0000000000000000e+00 0.0000000000000000e+00 0.0000000000000000e+00 0.0000000000000000e+00 0.0000000000000000e+00 0.0000000000000000e+00 0.0000000000000000e+00 0.0000000000000000e+00 0.0000000000000000e+00 0.0000000000000000e+00 0.0000000000000000e+00 0.0000000000000000e+00 0.0000000000000000e+00 0.0000000000000000e+00 0.0000000000000000e+00 0.0000000000000000e+00 0.0000000000000000e+00 0.0000000000000000e+00 0.0000000000000000e+00 0.0000000000000000e+00 0.0000000000000000e+00 0.0000000000000000e+00 0.0000000000000000e+00 0.0000000000000000e+00 0.0000000000000000e+00 0.0000000000000000e+00 0.0000000000000000e+00 0.0000000000000000e+00 0.0000000000000000e+00 0.0000000000000000e+00 0.0000000000000000e+00 0.0000000000000000e+00 0.0000000000000000e+00 0.0000000000000000e+00 0.0000000000000000e+00 0.0000000000000000e+00 0.0000000000000000e+00 0.0000000000000000e+00 0.0000000000000000e+00 0.0000000000000000e+00 0.0000000000000000e+00 0.0000000000000000e+00 0.0000000000000000e+00 0.0000000000000000e+00 0.0000000000000000e+00 0.0000000000000000e+00 0.0000000000000000e+00 0.0000000000000000e+00 0.0000000000000000e+00 0.0000000000000000e+00 0.0000000000000000e+00 0.0000000000000000e+00 0.0000000000000000e+00 0.0000000000000000e+00 0.0000000000000000e+00 0.0000000000000000e+00 0.0000000000000000e+00 0.0000000000000000e+00 0.0000000000000000e+00 0.0000000000000000e+00 0.0000000000000000e+00 0.0000000000000000e+00 0.0000000000000000e+00 0.0000000000000000e+00 0.0000000000000000e+00 0.0000000000000000e+00 0.0000000000000000e+00 0.0000000000000000e+00 0.0000000000000000e+00 0.0000000000000000e+00 0.0000000000000000e+00 0.0000000000000000e+00 0.0000000000000000e+00 0.0000000000000000e+00 0.0000000000000000e+00 0.0000000000000000e+00 0.0000000000000000e+00 0.0000000000000000e+00 0.0000000000000000e+00 0.0000000000000000e+00 0.0000000000000000e+00 0.0000000000000000e+00 0.0000000000000000e+00 0.0000000000000000e+00 0.0000000000000000e+00 0.0000000000000000e+00 0.0000000000000000e+00 0.0000000000000000e+00 0.0000000000000000e+00 0.0000000000000000e+00 0.0000000000000000e+00 0.0000000000000000e+00 0.0000000000000000e+00 0.0000000000000000e+00 0.0000000000000000e+00 0.0000000000000000e+00 0.0000000000000000e+00 0.0000000000000000e+00 0.0000000000000000e+00 0.0000000000000000e+00 0.0000000000000000e+00 0.0000000000000000e+00 0.0000000000000000e+00 0.0000000000000000e+00 0.0000000000000000e+00 0.0000000000000000e+00 0.0000000000000000e+00 0.0000000000000000e+00 0.0000000000000000e+00 0.0000000000000000e+00 0.0000000000000000e+00 0.0000000000000000e+00 0.0000000000000000e+00 0.0000000000000000e+00 0.0000000000000000e+00 0.0000000000000000e+00 0.0000000000000000e+00 0.0000000000000000e+00 0.0000000000000000e+00 0.0000000000000000e+00 0.0000000000000000e+00 0.0000000000000000e+00 0.0000000000000000e+00 0.0000000000000000e+00 0.0000000000000000e+00 0.0000000000000000e+00 0.0000000000000000e+00 0.0000000000000000e+00 0.0000000000000000e+00 0.0000000000000000e+00 0.0000000000000000e+00 0.0000000000000000e+00 0.0000000000000000e+00 0.0000000000000000e+00 0.0000000000000000e+00 0.0000000000000000e+00 0.0000000000000000e+00 0.0000000000000000e+00 0.0000000000000000e+00 0.0000000000000000e+00 0.0000000000000000e+00 0.0000000000000000e+00 0.0000000000000000e+00 0.0000000000000000e+00 0.0000000000000000e+00 0.0000000000000000e+00 0.0000000000000000e+00 0.0000000000000000e+00 0.0000000000000000e+00 0.0000000000000000e+00 0.0000000000000000e+00 0.0000000000000000e+00 0.0000000000000000e+00 0.0000000000000000e+00 0.0000000000000000e+00 0.0000000000000000e+00 0.0000000000000000e+00 0.0000000000000000e+00 0.0000000000000000e+00 0.0000000000000000e+00 0.0000000000000000e+00 0.0000000000000000e+00 0.0000000000000000e+00 0.0000000000000000e+00 0.0000000000000000e+00 0.0000000000000000e+00 0.0000000000000000e+00 0.0000000000000000e+00 0.0000000000000000e+00 0.0000000000000000e+00 0.0000000000000000e+00 0.0000000000000000e+00 0.0000000000000000e+00 0.0000000000000000e+00 0.0000000000000000e+00 0.0000000000000000e+00 0.0000000000000000e+00 0.0000000000000000e+00 0.0000000000000000e+00 0.0000000000000000e+00 0.0000000000000000e+00 0.0000000000000000e+00 0.0000000000000000e+00 0.0000000000000000e+00 0.0000000000000000e+00 0.0000000000000000e+00 0.0000000000000000e+00 0.0000000000000000e+00 0.0000000000000000e+00 0.0000000000000000e+00 0.0000000000000000e+00 0.0000000000000000e+00 0.0000000000000000e+00 0.0000000000000000e+00 0.0000000000000000e+00 0.0000000000000000e+00 0.0000000000000000e+00 0.0000000000000000e+00 0.0000000000000000e+00 0.0000000000000000e+00 0.0000000000000000e+00 0.0000000000000000e+00 0.0000000000000000e+00 0.0000000000000000e+00 0.0000000000000000e+00 0.0000000000000000e+00 0.0000000000000000e+00 0.0000000000000000e+00 0.0000000000000000e+00 0.0000000000000000e+00 0.0000000000000000e+00 0.0000000000000000e+00 0.0000000000000000e+00 0.0000000000000000e+00 0.0000000000000000e+00 0.0000000000000000e+00 0.0000000000000000e+00 0.0000000000000000e+00 0.0000000000000000e+00 0.0000000000000000e+00 0.0000000000000000e+00 0.0000000000000000e+00 0.0000000000000000e+00 0.0000000000000000e+00 0.0000000000000000e+00 0.0000000000000000e+00 0.0000000000000000e+00 0.0000000000000000e+00 0.0000000000000000e+00 0.0000000000000000e+00 0.0000000000000000e+00 0.0000000000000000e+00 0.0000000000000000e+00 0.0000000000000000e+00 0.0000000000000000e+00 0.0000000000000000e+00 0.0000000000000000e+00 0.0000000000000000e+00 0.0000000000000000e+00 0.0000000000000000e+00 0.0000000000000000e+00 0.0000000000000000e+00 0.0000000000000000e+00 0.0000000000000000e+00 0.0000000000000000e+00 0.0000000000000000e+00 0.0000000000000000e+00 0.0000000000000000e+00 0.0000000000000000e+00 0.0000000000000000e+00 0.0000000000000000e+00 0.0000000000000000e+00 0.0000000000000000e+00 0.0000000000000000e+00 0.0000000000000000e+00 0.0000000000000000e+00 0.0000000000000000e+00 0.0000000000000000e+00 0.0000000000000000e+00 0.0000000000000000e+00 0.0000000000000000e+00 0.0000000000000000e+00 0.0000000000000000e+00 0.0000000000000000e+00 0.0000000000000000e+00 0.0000000000000000e+00 0.0000000000000000e+00 0.0000000000000000e+00 0.0000000000000000e+00 0.0000000000000000e+00 0.0000000000000000e+00 0.0000000000000000e+00 0.0000000000000000e+00 0.0000000000000000e+00 0.0000000000000000e+00 0.0000000000000000e+00 0.0000000000000000e+00 0.0000000000000000e+00 0.0000000000000000e+00 0.0000000000000000e+00 0.0000000000000000e+00 0.0000000000000000e+00 0.0000000000000000e+00 0.0000000000000000e+00 0.0000000000000000e+00 0.0000000000000000e+00 0.0000000000000000e+00 0.0000000000000000e+00 0.0000000000000000e+00 0.0000000000000000e+00 0.0000000000000000e+00 0.0000000000000000e+00 0.0000000000000000e+00 0.0000000000000000e+00 0.0000000000000000e+00 0.0000000000000000e+00 0.0000000000000000e+00 0.0000000000000000e+00 0.0000000000000000e+00 0.0000000000000000e+00 0.0000000000000000e+00 0.0000000000000000e+00 0.0000000000000000e+00 0.0000000000000000e+00 0.0000000000000000e+00 0.0000000000000000e+00 0.0000000000000000e+00 0.0000000000000000e+00 0.0000000000000000e+00 0.0000000000000000e+00 0.0000000000000000e+00 0.0000000000000000e+00 0.0000000000000000e+00 0.0000000000000000e+00 0.0000000000000000e+00 0.0000000000000000e+00 0.0000000000000000e+00 0.0000000000000000e+00 0.0000000000000000e+00 0.0000000000000000e+00 0.0000000000000000e+00 0.0000000000000000e+00 0.0000000000000000e+00 0.0000000000000000e+00 0.0000000000000000e+00 0.0000000000000000e+00 0.0000000000000000e+00 0.0000000000000000e+00 0.0000000000000000e+00 0.0000000000000000e+00 0.0000000000000000e+00 0.0000000000000000e+00 0.0000000000000000e+00 0.0000000000000000e+00 0.0000000000000000e+00 0.0000000000000000e+00 0.0000000000000000e+00 0.0000000000000000e+00 0.0000000000000000e+00 0.0000000000000000e+00 0.0000000000000000e+00 0.0000000000000000e+00 0.0000000000000000e+00 0.0000000000000000e+00 0.0000000000000000e+00 0.0000000000000000e+00 0.0000000000000000e+00 0.0000000000000000e+00 0.0000000000000000e+00 0.0000000000000000e+00 0.0000000000000000e+00 0.0000000000000000e+00 0.0000000000000000e+00 0.0000000000000000e+00 0.0000000000000000e+00 0.0000000000000000e+00 0.0000000000000000e+00 0.0000000000000000e+00 0.0000000000000000e+00 0.0000000000000000e+00 0.0000000000000000e+00 0.0000000000000000e+00 0.0000000000000000e+00 0.0000000000000000e+00 0.0000000000000000e+00 0.0000000000000000e+00 0.0000000000000000e+00 0.0000000000000000e+00 0.0000000000000000e+00 0.0000000000000000e+00 0.0000000000000000e+00 0.0000000000000000e+00 0.0000000000000000e+00 0.0000000000000000e+00 0.0000000000000000e+00 0.0000000000000000e+00 0.0000000000000000e+00 0.0000000000000000e+00 0.0000000000000000e+00 0.0000000000000000e+00 0.0000000000000000e+00 0.0000000000000000e+00 0.0000000000000000e+00 0.0000000000000000e+00 0.0000000000000000e+00 0.0000000000000000e+00 0.0000000000000000e+00 0.0000000000000000e+00 0.0000000000000000e+00 0.0000000000000000e+00 0.0000000000000000e+00 0.0000000000000000e+00 0.0000000000000000e+00 0.0000000000000000e+00 0.0000000000000000e+00 0.0000000000000000e+00 0.0000000000000000e+00 0.0000000000000000e+00 0.0000000000000000e+00 0.0000000000000000e+00 0.0000000000000000e+00 0.0000000000000000e+00 0.0000000000000000e+00 0.0000000000000000e+00 0.0000000000000000e+00 0.0000000000000000e+00 0.0000000000000000e+00 0.0000000000000000e+00 0.0000000000000000e+00 0.0000000000000000e+00 0.0000000000000000e+00 0.0000000000000000e+00 0.0000000000000000e+00 0.0000000000000000e+00 0.0000000000000000e+00 0.0000000000000000e+00 0.0000000000000000e+00 0.0000000000000000e+00 0.0000000000000000e+00 0.0000000000000000e+00 0.0000000000000000e+00 0.0000000000000000e+00 0.0000000000000000e+00 0.0000000000000000e+00 0.0000000000000000e+00 0.0000000000000000e+00 0.0000000000000000e+00 0.0000000000000000e+00 0.0000000000000000e+00 0.0000000000000000e+00 0.0000000000000000e+00 0.0000000000000000e+00 0.0000000000000000e+00 0.0000000000000000e+00 0.0000000000000000e+00 0.0000000000000000e+00 0.0000000000000000e+00 0.0000000000000000e+00 0.0000000000000000e+00 0.0000000000000000e+00 0.0000000000000000e+00 0.0000000000000000e+00 0.0000000000000000e+00 0.0000000000000000e+00 0.0000000000000000e+00 0.0000000000000000e+00 0.0000000000000000e+00 0.0000000000000000e+00 0.0000000000000000e+00 0.0000000000000000e+00 0.0000000000000000e+00 0.0000000000000000e+00 0.0000000000000000e+00 0.0000000000000000e+00 0.0000000000000000e+00 0.0000000000000000e+00 0.0000000000000000e+00 0.0000000000000000e+00 0.0000000000000000e+00 0.0000000000000000e+00 0.0000000000000000e+00 0.0000000000000000e+00 0.0000000000000000e+00 0.0000000000000000e+00 0.0000000000000000e+00 0.0000000000000000e+00 0.0000000000000000e+00 0.0000000000000000e+00 0.0000000000000000e+00 0.0000000000000000e+00 0.0000000000000000e+00 0.0000000000000000e+00 0.0000000000000000e+00 0.0000000000000000e+00 0.0000000000000000e+00 0.0000000000000000e+00 0.0000000000000000e+00 0.0000000000000000e+00 0.0000000000000000e+00 0.0000000000000000e+00 0.0000000000000000e+00 0.0000000000000000e+00 0.0000000000000000e+00 0.0000000000000000e+00 0.0000000000000000e+00 0.0000000000000000e+00 0.0000000000000000e+00 0.0000000000000000e+00 0.0000000000000000e+00 0.0000000000000000e+00 0.0000000000000000e+00 0.0000000000000000e+00 0.0000000000000000e+00 0.0000000000000000e+00 0.0000000000000000e+00 0.0000000000000000e+00 0.0000000000000000e+00 0.0000000000000000e+00 0.0000000000000000e+00 0.0000000000000000e+00 0.0000000000000000e+00 0.0000000000000000e+00 0.0000000000000000e+00 0.0000000000000000e+00 0.0000000000000000e+00 0.0000000000000000e+00 0.0000000000000000e+00 0.0000000000000000e+00 0.0000000000000000e+00 0.0000000000000000e+00 0.0000000000000000e+00 0.0000000000000000e+00 0.0000000000000000e+00 0.0000000000000000e+00 0.0000000000000000e+00 0.0000000000000000e+00 0.0000000000000000e+00 0.0000000000000000e+00 0.0000000000000000e+00 0.0000000000000000e+00 0.0000000000000000e+00 0.0000000000000000e+00 0.0000000000000000e+00 0.0000000000000000e+00 0.0000000000000000e+00 0.0000000000000000e+00 0.0000000000000000e+00 0.0000000000000000e+00 0.0000000000000000e+00 0.0000000000000000e+00 0.0000000000000000e+00 0.0000000000000000e+00 0.0000000000000000e+00 0.0000000000000000e+00 0.0000000000000000e+00 0.0000000000000000e+00 0.0000000000000000e+00 0.0000000000000000e+00 0.0000000000000000e+00 0.0000000000000000e+00 0.0000000000000000e+00 0.0000000000000000e+00 0.0000000000000000e+00 0.0000000000000000e+00 0.0000000000000000e+00 0.0000000000000000e+00 0.0000000000000000e+00 0.0000000000000000e+00 0.0000000000000000e+00 0.0000000000000000e+00 0.0000000000000000e+00 0.0000000000000000e+00 0.0000000000000000e+00 0.0000000000000000e+00 0.0000000000000000e+00 0.0000000000000000e+00 0.0000000000000000e+00 0.0000000000000000e+00 0.0000000000000000e+00 0.0000000000000000e+00 0.0000000000000000e+00 0.0000000000000000e+00 0.0000000000000000e+00 0.0000000000000000e+00 0.0000000000000000e+00 0.0000000000000000e+00 0.0000000000000000e+00 0.0000000000000000e+00 0.0000000000000000e+00 0.0000000000000000e+00 0.0000000000000000e+00 0.0000000000000000e+00 0.0000000000000000e+00 0.0000000000000000e+00 0.0000000000000000e+00 0.0000000000000000e+00 0.0000000000000000e+00 0.0000000000000000e+00 0.0000000000000000e+00 0.0000000000000000e+00 0.0000000000000000e+00 0.0000000000000000e+00 0.0000000000000000e+00 0.0000000000000000e+00 0.0000000000000000e+00 0.0000000000000000e+00 0.0000000000000000e+00 0.0000000000000000e+00 0.0000000000000000e+00 0.0000000000000000e+00 0.0000000000000000e+00 0.0000000000000000e+00 0.0000000000000000e+00 0.0000000000000000e+00 0.0000000000000000e+00 0.0000000000000000e+00 0.0000000000000000e+00 0.0000000000000000e+00 0.0000000000000000e+00 0.0000000000000000e+00 0.0000000000000000e+00 0.0000000000000000e+00 0.0000000000000000e+00 0.0000000000000000e+00 0.0000000000000000e+00 0.0000000000000000e+00 0.0000000000000000e+00 0.0000000000000000e+00 0.0000000000000000e+00 0.0000000000000000e+00 0.0000000000000000e+00 0.0000000000000000e+00 0.0000000000000000e+00 0.0000000000000000e+00 0.0000000000000000e+00 0.0000000000000000e+00 0.0000000000000000e+00 0.0000000000000000e+00 0.0000000000000000e+00 0.0000000000000000e+00 0.0000000000000000e+00 0.0000000000000000e+00 0.0000000000000000e+00 0.0000000000000000e+00 0.0000000000000000e+00 0.0000000000000000e+00 0.0000000000000000e+00 0.0000000000000000e+00 0.0000000000000000e+00 0.0000000000000000e+00 0.0000000000000000e+00 0.0000000000000000e+00 0.0000000000000000e+00 0.0000000000000000e+00 0.0000000000000000e+00 0.0000000000000000e+00 0.0000000000000000e+00 0.0000000000000000e+00 0.0000000000000000e+00 0.0000000000000000e+00 0.0000000000000000e+00 0.0000000000000000e+00 0.0000000000000000e+00 0.0000000000000000e+00 0.0000000000000000e+00 0.0000000000000000e+00 0.0000000000000000e+00 0.0000000000000000e+00 0.0000000000000000e+00 0.0000000000000000e+00 0.0000000000000000e+00 0.0000000000000000e+00 0.0000000000000000e+00 0.0000000000000000e+00 0.0000000000000000e+00 0.0000000000000000e+00 0.0000000000000000e+00 0.0000000000000000e+00 0.0000000000000000e+00 0.0000000000000000e+00 0.0000000000000000e+00 0.0000000000000000e+00 0.0000000000000000e+00 0.0000000000000000e+00 0.0000000000000000e+00 0.0000000000000000e+00 0.0000000000000000e+00 0.0000000000000000e+00 0.0000000000000000e+00 0.0000000000000000e+00 0.0000000000000000e+00 0.0000000000000000e+00 0.0000000000000000e+00 0.0000000000000000e+00 0.0000000000000000e+00 0.0000000000000000e+00 0.0000000000000000e+00 0.0000000000000000e+00 0.0000000000000000e+00 0.0000000000000000e+00 0.0000000000000000e+00 0.0000000000000000e+00 0.0000000000000000e+00 0.0000000000000000e+00 0.0000000000000000e+00 0.0000000000000000e+00 0.0000000000000000e+00 0.0000000000000000e+00 0.0000000000000000e+00 0.0000000000000000e+00 0.0000000000000000e+00 0.0000000000000000e+00 0.0000000000000000e+00 0.0000000000000000e+00 0.0000000000000000e+00 0.0000000000000000e+00 0.0000000000000000e+00 0.0000000000000000e+00 0.0000000000000000e+00 0.0000000000000000e+00 0.0000000000000000e+00 0.0000000000000000e+00 0.0000000000000000e+00 0.0000000000000000e+00 0.0000000000000000e+00 0.0000000000000000e+00 0.0000000000000000e+00 0.0000000000000000e+00 0.0000000000000000e+00 0.0000000000000000e+00 0.0000000000000000e+00 0.0000000000000000e+00 0.0000000000000000e+00 0.0000000000000000e+00 0.0000000000000000e+00 0.0000000000000000e+00 0.0000000000000000e+00 0.0000000000000000e+00 0.0000000000000000e+00 0.0000000000000000e+00 0.0000000000000000e+00 0.0000000000000000e+00 0.0000000000000000e+00 0.0000000000000000e+00 0.0000000000000000e+00 0.0000000000000000e+00 0.0000000000000000e+00 0.0000000000000000e+00 0.0000000000000000e+00 0.0000000000000000e+00 0.0000000000000000e+00 0.0000000000000000e+00 0.0000000000000000e+00 0.0000000000000000e+00 0.0000000000000000e+00 0.0000000000000000e+00 0.0000000000000000e+00 0.0000000000000000e+00 0.0000000000000000e+00 0.0000000000000000e+00 0.0000000000000000e+00 0.0000000000000000e+00 0.0000000000000000e+00 0.0000000000000000e+00 0.0000000000000000e+00 0.0000000000000000e+00 0.0000000000000000e+00 0.0000000000000000e+00 0.0000000000000000e+00 0.0000000000000000e+00 0.0000000000000000e+00 0.0000000000000000e+00 0.0000000000000000e+00 0.0000000000000000e+00 0.0000000000000000e+00 0.0000000000000000e+00 0.0000000000000000e+00 0.0000000000000000e+00 0.0000000000000000e+00 0.0000000000000000e+00 0.0000000000000000e+00 0.0000000000000000e+00 0.0000000000000000e+00 0.0000000000000000e+00 0.0000000000000000e+00 0.0000000000000000e+00 0.0000000000000000e+00 0.0000000000000000e+00 0.0000000000000000e+00 0.0000000000000000e+00 0.0000000000000000e+00 0.0000000000000000e+00 0.0000000000000000e+00 0.0000000000000000e+00 0.0000000000000000e+00 0.0000000000000000e+00 0.0000000000000000e+00 0.0000000000000000e+00 0.0000000000000000e+00 0.0000000000000000e+00 0.0000000000000000e+00 0.0000000000000000e+00 0.0000000000000000e+00 0.0000000000000000e+00 0.0000000000000000e+00 0.0000000000000000e+00 0.0000000000000000e+00 0.0000000000000000e+00 0.0000000000000000e+00 0.0000000000000000e+00 0.0000000000000000e+00 0.0000000000000000e+00 0.0000000000000000e+00 0.0000000000000000e+00 0.0000000000000000e+00 0.0000000000000000e+00 0.0000000000000000e+00 0.0000000000000000e+00 0.0000000000000000e+00 0.0000000000000000e+00 0.0000000000000000e+00 0.0000000000000000e+00 0.0000000000000000e+00 0.0000000000000000e+00 0.0000000000000000e+00 0.0000000000000000e+00 0.0000000000000000e+00 0.0000000000000000e+00 0.0000000000000000e+00 0.0000000000000000e+00 0.0000000000000000e+00 0.0000000000000000e+00 0.0000000000000000e+00 0.0000000000000000e+00 0.0000000000000000e+00 0.0000000000000000e+00 0.0000000000000000e+00 0.0000000000000000e+00 0.0000000000000000e+00 0.0000000000000000e+00 0.0000000000000000e+00 0.0000000000000000e+00 0.0000000000000000e+00 0.0000000000000000e+00 0.0000000000000000e+00 0.0000000000000000e+00 0.0000000000000000e+00 0.0000000000000000e+00 0.0000000000000000e+00 0.0000000000000000e+00 0.0000000000000000e+00 0.0000000000000000e+00 0.0000000000000000e+00 0.0000000000000000e+00 0.0000000000000000e+00 0.0000000000000000e+00 0.0000000000000000e+00 0.0000000000000000e+00 0.0000000000000000e+00 0.0000000000000000e+00 0.0000000000000000e+00 0.0000000000000000e+00 0.0000000000000000e+00 0.0000000000000000e+00 0.0000000000000000e+00 0.0000000000000000e+00 0.0000000000000000e+00 0.0000000000000000e+00 0.0000000000000000e+00 0.0000000000000000e+00 0.0000000000000000e+00 0.0000000000000000e+00 0.0000000000000000e+00 0.0000000000000000e+00 0.0000000000000000e+00 0.0000000000000000e+00 0.0000000000000000e+00 0.0000000000000000e+00 0.0000000000000000e+00 0.0000000000000000e+00 0.0000000000000000e+00 0.0000000000000000e+00 0.0000000000000000e+00 0.0000000000000000e+00 0.0000000000000000e+00 0.0000000000000000e+00 0.0000000000000000e+00 0.0000000000000000e+00 0.0000000000000000e+00 0.0000000000000000e+00 0.0000000000000000e+00 0.0000000000000000e+00 0.0000000000000000e+00 0.0000000000000000e+00 0.0000000000000000e+00 0.0000000000000000e+00 0.0000000000000000e+00 0.0000000000000000e+00 0.0000000000000000e+00 0.0000000000000000e+00 0.0000000000000000e+00 0.0000000000000000e+00 0.0000000000000000e+00 0.0000000000000000e+00 0.0000000000000000e+00 0.0000000000000000e+00 0.0000000000000000e+00 0.0000000000000000e+00 0.0000000000000000e+00 0.0000000000000000e+00 0.0000000000000000e+00 0.0000000000000000e+00 0.0000000000000000e+00 0.0000000000000000e+00 0.0000000000000000e+00 0.0000000000000000e+00 0.0000000000000000e+00 0.0000000000000000e+00 0.0000000000000000e+00 0.0000000000000000e+00 0.0000000000000000e+00 0.0000000000000000e+00 0.0000000000000000e+00 0.0000000000000000e+00 0.0000000000000000e+00 0.0000000000000000e+00 0.0000000000000000e+00 0.0000000000000000e+00 0.0000000000000000e+00 0.0000000000000000e+00 0.0000000000000000e+00 0.0000000000000000e+00 0.0000000000000000e+00 0.0000000000000000e+00 0.0000000000000000e+00 0.0000000000000000e+00 0.0000000000000000e+00 0.0000000000000000e+00 0.0000000000000000e+00 0.0000000000000000e+00 0.0000000000000000e+00 0.0000000000000000e+00 0.0000000000000000e+00 0.0000000000000000e+00 0.0000000000000000e+00 0.0000000000000000e+00 0.0000000000000000e+00 0.0000000000000000e+00 0.0000000000000000e+00 0.0000000000000000e+00 0.0000000000000000e+00 0.0000000000000000e+00 0.0000000000000000e+00 0.0000000000000000e+00 0.0000000000000000e+00 0.0000000000000000e+00 0.0000000000000000e+00 0.0000000000000000e+00 0.0000000000000000e+00 0.0000000000000000e+00 0.0000000000000000e+00 0.0000000000000000e+00 0.0000000000000000e+00 0.0000000000000000e+00 0.0000000000000000e+00 0.0000000000000000e+00 0.0000000000000000e+00 0.0000000000000000e+00 0.0000000000000000e+00 0.0000000000000000e+00 0.0000000000000000e+00 0.0000000000000000e+00 0.0000000000000000e+00 0.0000000000000000e+00 0.0000000000000000e+00 0.0000000000000000e+00 0.0000000000000000e+00 0.0000000000000000e+00 0.0000000000000000e+00 0.0000000000000000e+00 0.0000000000000000e+00 0.0000000000000000e+00 0.0000000000000000e+00 0.0000000000000000e+00 0.0000000000000000e+00 0.0000000000000000e+00 0.0000000000000000e+00 0.0000000000000000e+00 0.0000000000000000e+00 0.0000000000000000e+00 0.0000000000000000e+00 0.0000000000000000e+00 0.0000000000000000e+00 0.0000000000000000e+00 0.0000000000000000e+00 0.0000000000000000e+00 0.0000000000000000e+00 0.0000000000000000e+00 0.0000000000000000e+00 0.0000000000000000e+00 0.0000000000000000e+00 0.0000000000000000e+00 0.0000000000000000e+00 0.0000000000000000e+00 0.0000000000000000e+00 0.0000000000000000e+00 0.0000000000000000e+00 0.0000000000000000e+00 0.0000000000000000e+00 0.0000000000000000e+00 0.0000000000000000e+00 0.0000000000000000e+00 0.0000000000000000e+00 0.0000000000000000e+00 0.0000000000000000e+00 0.0000000000000000e+00 0.0000000000000000e+00 0.0000000000000000e+00 0.0000000000000000e+00 0.0000000000000000e+00 0.0000000000000000e+00 0.0000000000000000e+00 0.0000000000000000e+00 0.0000000000000000e+00 0.0000000000000000e+00 0.0000000000000000e+00 0.0000000000000000e+00 0.0000000000000000e+00 0.0000000000000000e+00 0.0000000000000000e+00 0.0000000000000000e+00 0.0000000000000000e+00 0.0000000000000000e+00 0.0000000000000000e+00 0.0000000000000000e+00 0.0000000000000000e+00 0.0000000000000000e+00 0.0000000000000000e+00 0.0000000000000000e+00 0.0000000000000000e+00 0.0000000000000000e+00 0.0000000000000000e+00 0.0000000000000000e+00 0.0000000000000000e+00 0.0000000000000000e+00 0.0000000000000000e+00 0.0000000000000000e+00 0.0000000000000000e+00 0.0000000000000000e+00 0.0000000000000000e+00 0.0000000000000000e+00 0.0000000000000000e+00 0.0000000000000000e+00 0.0000000000000000e+00 0.0000000000000000e+00 0.0000000000000000e+00 0.0000000000000000e+00 0.0000000000000000e+00 0.0000000000000000e+00 0.0000000000000000e+00 0.0000000000000000e+00 0.0000000000000000e+00 0.0000000000000000e+00 0.0000000000000000e+00 0.0000000000000000e+00 0.0000000000000000e+00 0.0000000000000000e+00 0.0000000000000000e+00 0.0000000000000000e+00 0.0000000000000000e+00 0.0000000000000000e+00 0.0000000000000000e+00 0.0000000000000000e+00 0.0000000000000000e+00 0.0000000000000000e+00 0.0000000000000000e+00 0.0000000000000000e+00 0.0000000000000000e+00 0.0000000000000000e+00 0.0000000000000000e+00 0.0000000000000000e+00 0.0000000000000000e+00 0.0000000000000000e+00 0.0000000000000000e+00 0.0000000000000000e+00 0.0000000000000000e+00 0.0000000000000000e+00 0.0000000000000000e+00 0.0000000000000000e+00 0.0000000000000000e+00 0.0000000000000000e+00 0.0000000000000000e+00 0.0000000000000000e+00 0.0000000000000000e+00 0.0000000000000000e+00 0.0000000000000000e+00 0.0000000000000000e+00 0.0000000000000000e+00 0.0000000000000000e+00 0.0000000000000000e+00 0.0000000000000000e+00 0.0000000000000000e+00 0.0000000000000000e+00 0.0000000000000000e+00 0.0000000000000000e+00 0.0000000000000000e+00 0.0000000000000000e+00 0.0000000000000000e+00 0.0000000000000000e+00 0.0000000000000000e+00 0.0000000000000000e+00 0.0000000000000000e+00 0.0000000000000000e+00 0.0000000000000000e+00 0.0000000000000000e+00 0.0000000000000000e+00 0.0000000000000000e+00 0.0000000000000000e+00 0.0000000000000000e+00 0.0000000000000000e+00
</DataArray>
        <DataArray type="Float64" format="ascii" Name="epsilon_xx">
0.0000000000000000e+00 0.0000000000000000e+00 0.0000000000000000e+00 0.0000000000000000e+00 0.0000000000000000e+00 0.0000000000000000e+00 0.0000000000000000e+00 0.0000000000000000e+00 0.0000000000000000e+00 0.0000000000000000e+00 0.0000000000000000e+00 0.0000000000000000e+00 0.0000000000000000e+00 0.0000000000000000e+00 0.0000000000000000e+00 0.0000000000000000e+00 0.0000000000000000e+00 0.0000000000000000e+00 0.0000000000000000e+00 0.0000000000000000e+00 0.0000000000000000e+00 0.0000000000000000e+00 0.0000000000000000e+00 0.0000000000000000e+00 0.0000000000000000e+00 0.0000000000000000e+00 0.0000000000000000e+00 0.0000000000000000e+00 0.0000000000000000e+00 0.0000000000000000e+00 0.0000000000000000e+00 0.0000000000000000e+00 0.0000000000000000e+00 0.0000000000000000e+00 0.0000000000000000e+00 0.0000000000000000e+00 0.0000000000000000e+00 0.0000000000000000e+00 0.0000000000000000e+00 0.0000000000000000e+00 0.0000000000000000e+00 0.0000000000000000e+00 0.0000000000000000e+00 0.0000000000000000e+00 0.0000000000000000e+00 0.0000000000000000e+00 0.0000000000000000e+00 0.0000000000000000e+00 0.0000000000000000e+00 0.0000000000000000e+00 0.0000000000000000e+00 0.0000000000000000e+00 0.0000000000000000e+00 0.0000000000000000e+00 0.0000000000000000e+00 0.0000000000000000e+00 0.0000000000000000e+00 0.0000000000000000e+00 0.0000000000000000e+00 0.0000000000000000e+00 0.0000000000000000e+00 0.0000000000000000e+00 0.0000000000000000e+00 0.0000000000000000e+00 0.0000000000000000e+00 0.0000000000000000e+00 0.0000000000000000e+00 0.0000000000000000e+00 0.0000000000000000e+00 0.0000000000000000e+00 0.0000000000000000e+00 0.0000000000000000e+00 0.0000000000000000e+00 0.0000000000000000e+00 0.0000000000000000e+00 0.0000000000000000e+00 0.0000000000000000e+00 0.0000000000000000e+00 0.0000000000000000e+00 0.0000000000000000e+00 0.0000000000000000e+00 0.0000000000000000e+00 0.0000000000000000e+00 0.0000000000000000e+00 0.0000000000000000e+00 0.0000000000000000e+00 0.0000000000000000e+00 0.0000000000000000e+00 0.0000000000000000e+00 0.0000000000000000e+00 0.0000000000000000e+00 0.0000000000000000e+00 0.0000000000000000e+00 0.0000000000000000e+00 0.0000000000000000e+00 0.0000000000000000e+00 0.0000000000000000e+00 0.0000000000000000e+00 0.0000000000000000e+00 0.0000000000000000e+00 0.0000000000000000e+00 0.0000000000000000e+00 0.0000000000000000e+00 0.0000000000000000e+00 0.0000000000000000e+00 0.0000000000000000e+00 0.0000000000000000e+00 0.0000000000000000e+00 0.0000000000000000e+00 0.0000000000000000e+00 0.0000000000000000e+00 0.0000000000000000e+00 0.0000000000000000e+00 0.0000000000000000e+00 0.0000000000000000e+00 0.0000000000000000e+00 0.0000000000000000e+00 0.0000000000000000e+00 0.0000000000000000e+00 0.0000000000000000e+00 0.0000000000000000e+00 0.0000000000000000e+00 0.0000000000000000e+00 0.0000000000000000e+00 0.0000000000000000e+00 0.0000000000000000e+00 0.0000000000000000e+00 0.0000000000000000e+00 0.0000000000000000e+00 0.0000000000000000e+00 0.0000000000000000e+00 0.0000000000000000e+00 0.0000000000000000e+00 0.0000000000000000e+00 0.0000000000000000e+00 0.0000000000000000e+00 0.0000000000000000e+00 0.0000000000000000e+00 0.0000000000000000e+00 0.0000000000000000e+00 0.0000000000000000e+00 0.0000000000000000e+00 0.0000000000000000e+00 0.0000000000000000e+00 0.0000000000000000e+00 0.0000000000000000e+00 0.0000000000000000e+00 0.0000000000000000e+00 0.0000000000000000e+00 0.0000000000000000e+00 0.0000000000000000e+00 0.0000000000000000e+00 0.0000000000000000e+00 0.0000000000000000e+00 0.0000000000000000e+00 0.0000000000000000e+00 0.0000000000000000e+00 0.0000000000000000e+00 0.0000000000000000e+00 0.0000000000000000e+00 0.0000000000000000e+00 0.0000000000000000e+00 0.0000000000000000e+00 0.0000000000000000e+00 0.0000000000000000e+00 0.0000000000000000e+00 0.0000000000000000e+00 0.0000000000000000e+00 0.0000000000000000e+00 0.0000000000000000e+00 0.0000000000000000e+00 0.0000000000000000e+00 0.0000000000000000e+00 0.0000000000000000e+00 0.0000000000000000e+00 0.0000000000000000e+00 0.0000000000000000e+00 0.0000000000000000e+00 0.0000000000000000e+00 0.0000000000000000e+00 0.0000000000000000e+00 0.0000000000000000e+00 0.0000000000000000e+00 0.0000000000000000e+00 0.0000000000000000e+00 0.0000000000000000e+00 0.0000000000000000e+00 0.0000000000000000e+00 0.0000000000000000e+00 0.0000000000000000e+00 0.0000000000000000e+00 0.0000000000000000e+00 0.0000000000000000e+00 0.0000000000000000e+00 0.0000000000000000e+00 0.0000000000000000e+00 0.0000000000000000e+00 0.0000000000000000e+00 0.0000000000000000e+00 0.0000000000000000e+00 0.0000000000000000e+00 0.0000000000000000e+00 0.0000000000000000e+00 0.0000000000000000e+00 0.0000000000000000e+00 0.0000000000000000e+00 0.0000000000000000e+00 0.0000000000000000e+00 0.0000000000000000e+00 0.0000000000000000e+00 0.0000000000000000e+00 0.0000000000000000e+00 0.0000000000000000e+00 0.0000000000000000e+00 0.0000000000000000e+00 0.0000000000000000e+00 0.0000000000000000e+00 0.0000000000000000e+00 0.0000000000000000e+00 0.0000000000000000e+00 0.0000000000000000e+00 0.0000000000000000e+00 0.0000000000000000e+00 0.0000000000000000e+00 0.0000000000000000e+00 0.0000000000000000e+00 0.0000000000000000e+00 0.0000000000000000e+00 0.0000000000000000e+00 0.0000000000000000e+00 0.0000000000000000e+00 0.0000000000000000e+00 0.0000000000000000e+00 0.0000000000000000e+00 0.0000000000000000e+00 0.0000000000000000e+00 0.0000000000000000e+00 0.0000000000000000e+00 0.0000000000000000e+00 0.0000000000000000e+00 0.0000000000000000e+00 0.0000000000000000e+00 0.0000000000000000e+00 0.0000000000000000e+00 0.0000000000000000e+00 0.0000000000000000e+00 0.0000000000000000e+00 0.0000000000000000e+00 0.0000000000000000e+00 0.0000000000000000e+00 0.0000000000000000e+00 0.0000000000000000e+00 0.0000000000000000e+00 0.0000000000000000e+00 0.0000000000000000e+00 0.0000000000000000e+00 0.0000000000000000e+00 0.0000000000000000e+00 0.0000000000000000e+00 0.0000000000000000e+00 0.0000000000000000e+00 0.0000000000000000e+00 0.0000000000000000e+00 0.0000000000000000e+00 0.0000000000000000e+00 0.0000000000000000e+00 0.0000000000000000e+00 0.0000000000000000e+00 0.0000000000000000e+00 0.0000000000000000e+00 0.0000000000000000e+00 0.0000000000000000e+00 0.0000000000000000e+00 0.0000000000000000e+00 0.0000000000000000e+00 0.0000000000000000e+00 0.0000000000000000e+00 0.0000000000000000e+00 0.0000000000000000e+00 0.0000000000000000e+00 0.0000000000000000e+00 0.0000000000000000e+00 0.0000000000000000e+00 0.0000000000000000e+00 0.0000000000000000e+00 0.0000000000000000e+00 0.0000000000000000e+00 0.0000000000000000e+00 0.0000000000000000e+00 0.0000000000000000e+00 0.0000000000000000e+00 0.0000000000000000e+00 0.0000000000000000e+00 0.0000000000000000e+00 0.0000000000000000e+00 0.0000000000000000e+00 0.0000000000000000e+00 0.0000000000000000e+00 0.0000000000000000e+00 0.0000000000000000e+00 0.0000000000000000e+00 0.0000000000000000e+00 0.0000000000000000e+00 0.0000000000000000e+00 0.0000000000000000e+00 0.0000000000000000e+00 0.0000000000000000e+00 0.0000000000000000e+00 0.0000000000000000e+00 0.0000000000000000e+00 0.0000000000000000e+00 0.0000000000000000e+00 0.0000000000000000e+00 0.0000000000000000e+00 0.0000000000000000e+00 0.0000000000000000e+00 0.0000000000000000e+00 0.0000000000000000e+00 0.0000000000000000e+00 0.0000000000000000e+00 0.0000000000000000e+00 0.0000000000000000e+00 0.0000000000000000e+00 0.0000000000000000e+00
</DataArray>
        <DataArray type="Float64" format="ascii" Name="epsilon_yy">
0.0000000000000000e+00 0.0000000000000000e+00 0.0000000000000000e+00 0.0000000000000000e+00 0.0000000000000000e+00 0.0000000000000000e+00 0.0000000000000000e+00 0.0000000000000000e+00 0.0000000000000000e+00 0.0000000000000000e+00 0.0000000000000000e+00 0.0000000000000000e+00 0.0000000000000000e+00 0.0000000000000000e+00 0.0000000000000000e+00 0.0000000000000000e+00 0.0000000000000000e+00 0.0000000000000000e+00 0.0000000000000000e+00 0.0000000000000000e+00 0.0000000000000000e+00 0.0000000000000000e+00 0.0000000000000000e+00 0.0000000000000000e+00 0.0000000000000000e+00 0.0000000000000000e+00 0.0000000000000000e+00 0.0000000000000000e+00 0.0000000000000000e+00 0.0000000000000000e+00 0.0000000000000000e+00 0.0000000000000000e+00 0.0000000000000000e+00 0.0000000000000000e+00 0.0000000000000000e+00 0.0000000000000000e+00 0.0000000000000000e+00 0.0000000000000000e+00 0.0000000000000000e+00 0.0000000000000000e+00 0.0000000000000000e+00 0.0000000000000000e+00 0.0000000000000000e+00 0.0000000000000000e+00 0.0000000000000000e+00 0.0000000000000000e+00 0.0000000000000000e+00 0.0000000000000000e+00 0.0000000000000000e+00 0.0000000000000000e+00 0.0000000000000000e+00 0.0000000000000000e+00 0.0000000000000000e+00 0.0000000000000000e+00 0.0000000000000000e+00 0.0000000000000000e+00 0.0000000000000000e+00 0.0000000000000000e+00 0.0000000000000000e+00 0.0000000000000000e+00 0.0000000000000000e+00 0.0000000000000000e+00 0.0000000000000000e+00 0.0000000000000000e+00 0.0000000000000000e+00 0.0000000000000000e+00 0.0000000000000000e+00 0.0000000000000000e+00 0.0000000000000000e+00 0.0000000000000000e+00 0.0000000000000000e+00 0.0000000000000000e+00 0.0000000000000000e+00 0.0000000000000000e+00 0.0000000000000000e+00 0.0000000000000000e+00 0.0000000000000000e+00 0.0000000000000000e+00 0.0000000000000000e+00 0.0000000000000000e+00 0.0000000000000000e+00 0.0000000000000000e+00 0.0000000000000000e+00 0.0000000000000000e+00 0.0000000000000000e+00 0.0000000000000000e+00 0.0000000000000000e+00 0.0000000000000000e+00 0.0000000000000000e+00 0.0000000000000000e+00 0.0000000000000000e+00 0.0000000000000000e+00 0.0000000000000000e+00 0.0000000000000000e+00 0.0000000000000000e+00 0.0000000000000000e+00 0.0000000000000000e+00 0.0000000000000000e+00 0.0000000000000000e+00 0.0000000000000000e+00 0.0000000000000000e+00 0.0000000000000000e+00 0.0000000000000000e+00 0.0000000000000000e+00 0.0000000000000000e+00 0.0000000000000000e+00 0.0000000000000000e+00 0.0000000000000000e+00 0.0000000000000000e+00 0.0000000000000000e+00 0.0000000000000000e+00 0.0000000000000000e+00 0.0000000000000000e+00 0.0000000000000000e+00 0.0000000000000000e+00 0.0000000000000000e+00 0.0000000000000000e+00 0.0000000000000000e+00 0.0000000000000000e+00 0.0000000000000000e+00 0.0000000000000000e+00 0.0000000000000000e+00 0.0000000000000000e+00 0.0000000000000000e+00 0.0000000000000000e+00 0.0000000000000000e+00 0.0000000000000000e+00 0.0000000000000000e+00 0.0000000000000000e+00 0.0000000000000000e+00 0.0000000000000000e+00 0.0000000000000000e+00 0.0000000000000000e+00 0.0000000000000000e+00 0.0000000000000000e+00 0.0000000000000000e+00 0.0000000000000000e+00 0.0000000000000000e+00 0.0000000000000000e+00 0.0000000000000000e+00 0.0000000000000000e+00 0.0000000000000000e+00 0.0000000000000000e+00 0.0000000000000000e+00 0.0000000000000000e+00 0.0000000000000000e+00 0.0000000000000000e+00 0.0000000000000000e+00 0.0000000000000000e+00 0.0000000000000000e+00 0.0000000000000000e+00 0.0000000000000000e+00 0.0000000000000000e+00 0.0000000000000000e+00 0.0000000000000000e+00 0.0000000000000000e+00 0.0000000000000000e+00 0.0000000000000000e+00 0.0000000000000000e+00 0.0000000000000000e+00 0.0000000000000000e+00 0.0000000000000000e+00 0.0000000000000000e+00 0.0000000000000000e+00 0.0000000000000000e+00 0.0000000000000000e+00 0.0000000000000000e+00 0.0000000000000000e+00 0.0000000000000000e+00 0.0000000000000000e+00 0.0000000000000000e+00 0.0000000000000000e+00 0.0000000000000000e+00 0.0000000000000000e+00 0.0000000000000000e+00 0.0000000000000000e+00 0.0000000000000000e+00 0.0000000000000000e+00 0.0000000000000000e+00 0.0000000000000000e+00 0.0000000000000000e+00 0.0000000000000000e+00 0.0000000000000000e+00 0.0000000000000000e+00 0.0000000000000000e+00 0.0000000000000000e+00 0.0000000000000000e+00 0.0000000000000000e+00 0.0000000000000000e+00 0.0000000000000000e+00 0.0000000000000000e+00 0.0000000000000000e+00 0.0000000000000000e+00 0.0000000000000000e+00 0.0000000000000000e+00 0.0000000000000000e+00 0.0000000000000000e+00 0.0000000000000000e+00 0.0000000000000000e+00 0.0000000000000000e+00 0.0000000000000000e+00 0.0000000000000000e+00 0.0000000000000000e+00 0.0000000000000000e+00 0.0000000000000000e+00 0.0000000000000000e+00 0.0000000000000000e+00 0.0000000000000000e+00 0.0000000000000000e+00 0.0000000000000000e+00 0.0000000000000000e+00 0.0000000000000000e+00 0.0000000000000000e+00 0.0000000000000000e+00 0.0000000000000000e+00 0.0000000000000000e+00 0.0000000000000000e+00 0.0000000000000000e+00 0.0000000000000000e+00 0.0000000000000000e+00 0.0000000000000000e+00 0.0000000000000000e+00 0.0000000000000000e+00 0.0000000000000000e+00 0.0000000000000000e+00 0.0000000000000000e+00 0.0000000000000000e+00 0.0000000000000000e+00 0.0000000000000000e+00 0.0000000000000000e+00 0.0000000000000000e+00 0.0000000000000000e+00 0.0000000000000000e+00 0.0000000000000000e+00 0.0000000000000000e+00 0.0000000000000000e+00 0.0000000000000000e+00 0.0000000000000000e+00 0.0000000000000000e+00 0.0000000000000000e+00 0.0000000000000000e+00 0.0000000000000000e+00 0.0000000000000000e+00 0.0000000000000000e+00 0.0000000000000000e+00 0.0000000000000000e+00 0.0000000000000000e+00 0.0000000000000000e+00 0.0000000000000000e+00 0.0000000000000000e+00 0.0000000000000000e+00 0.0000000000000000e+00 0.0000000000000000e+00 0.0000000000000000e+00 0.0000000000000000e+00 0.0000000000000000e+00 0.0000000000000000e+00 0.0000000000000000e+00 0.0000000000000000e+00 0.0000000000000000e+00 0.0000000000000000e+00 0.0000000000000000e+00 0.0000000000000000e+00 0.0000000000000000e+00 0.0000000000000000e+00 0.0000000000000000e+00 0.0000000000000000e+00 0.0000000000000000e+00 0.0000000000000000e+00 0.0000000000000000e+00 0.0000000000000000e+00 0.0000000000000000e+00 0.0000000000000000e+00 0.0000000000000000e+00 0.0000000000000000e+00 0.0000000000000000e+00 0.0000000000000000e+00 0.0000000000000000e+00 0.0000000000000000e+00 0.0000000000000000e+00 0.0000000000000000e+00 0.0000000000000000e+00 0.0000000000000000e+00 0.0000000000000000e+00 0.0000000000000000e+00 0.0000000000000000e+00 0.0000000000000000e+00 0.0000000000000000e+00 0.0000000000000000e+00 0.0000000000000000e+00 0.0000000000000000e+00 0.0000000000000000e+00 0.0000000000000000e+00 0.0000000000000000e+00 0.0000000000000000e+00 0.0000000000000000e+00 0.0000000000000000e+00 0.0000000000000000e+00 0.0000000000000000e+00 0.0000000000000000e+00 0.0000000000000000e+00 0.0000000000000000e+00 0.0000000000000000e+00 0.0000000000000000e+00 0.0000000000000000e+00 0.0000000000000000e+00 0.0000000000000000e+00 0.0000000000000000e+00 0.0000000000000000e+00 0.0000000000000000e+00 0.0000000000000000e+00 0.0000000000000000e+00 0.0000000000000000e+00 0.0000000000000000e+00 0.0000000000000000e+00 0.0000000000000000e+00 0.0000000000000000e+00 0.0000000000000000e+00 0.0000000000000000e+00 0.0000000000000000e+00 0.0000000000000000e+00 0.0000000000000000e+00 0.0000000000000000e+00 0.0000000000000000e+00
</DataArray>
        <DataArray type="Float64" format="ascii" Name="gamma_xy">
0.0000000000000000e+00 0.0000000000000000e+00 0.0000000000000000e+00 0.0000000000000000e+00 0.0000000000000000e+00 0.0000000000000000e+00 0.0000000000000000e+00 0.0000000000000000e+00 0.0000000000000000e+00 0.0000000000000000e+00 0.0000000000000000e+00 0.0000000000000000e+00 0.0000000000000000e+00 0.0000000000000000e+00 0.0000000000000000e+00 0.0000000000000000e+00 0.0000000000000000e+00 0.0000000000000000e+00 0.0000000000000000e+00 0.0000000000000000e+00 0.0000000000000000e+00 0.0000000000000000e+00 0.0000000000000000e+00 0.0000000000000000e+00 0.0000000000000000e+00 0.0000000000000000e+00 0.0000000000000000e+00 0.0000000000000000e+00 0.0000000000000000e+00 0.0000000000000000e+00 0.0000000000000000e+00 0.0000000000000000e+00 0.0000000000000000e+00 0.0000000000000000e+00 0.0000000000000000e+00 0.0000000000000000e+00 0.0000000000000000e+00 0.0000000000000000e+00 0.0000000000000000e+00 0.0000000000000000e+00 0.0000000000000000e+00 0.0000000000000000e+00 0.0000000000000000e+00 0.0000000000000000e+00 0.0000000000000000e+00 0.0000000000000000e+00 0.0000000000000000e+00 0.0000000000000000e+00 0.0000000000000000e+00 0.0000000000000000e+00 0.0000000000000000e+00 0.0000000000000000e+00 0.0000000000000000e+00 0.0000000000000000e+00 0.0000000000000000e+00 0.0000000000000000e+00 0.0000000000000000e+00 0.0000000000000000e+00 0.0000000000000000e+00 0.0000000000000000e+00 0.0000000000000000e+00 0.0000000000000000e+00 0.0000000000000000e+00 0.0000000000000000e+00 0.0000000000000000e+00 0.0000000000000000e+00 0.0000000000000000e+00 0.0000000000000000e+00 0.0000000000000000e+00 0.0000000000000000e+00 0.0000000000000000e+00 0.0000000000000000e+00 0.0000000000000000e+00 0.0000000000000000e+00 0.0000000000000000e+00 0.0000000000000000e+00 0.0000000000000000e+00 0.0000000000000000e+00 0.0000000000000000e+00 0.0000000000000000e+00 0.0000000000000000e+00 0.0000000000000000e+00 0.0000000000000000e+00 0.0000000000000000e+00 0.0000000000000000e+00 0.0000000000000000e+00 0.0000000000000000e+00 0.0000000000000000e+00 0.0000000000000000e+00 0.0000000000000000e+00 0.0000000000000000e+00 0.0000000000000000e+00 0.0000000000000000e+00 0.0000000000000000e+00 0.0000000000000000e+00 0.0000000000000000e+00 0.0000000000000000e+00 0.0000000000000000e+00 0.0000000000000000e+00 0.0000000000000000e+00 0.0000000000000000e+00 0.0000000000000000e+00 0.0000000000000000e+00 0.0000000000000000e+00 0.0000000000000000e+00 0.0000000000000000e+00 0.0000000000000000e+00 0.0000000000000000e+00 0.0000000000000000e+00 0.0000000000000000e+00 0.0000000000000000e+00 0.0000000000000000e+00 0.0000000000000000e+00 0.0000000000000000e+00 0.0000000000000000e+00 0.0000000000000000e+00 0.0000000000000000e+00 0.0000000000000000e+00 0.0000000000000000e+00 0.0000000000000000e+00 0.0000000000000000e+00 0.0000000000000000e+00 0.0000000000000000e+00 0.0000000000000000e+00 0.0000000000000000e+00 0.0000000000000000e+00 0.0000000000000000e+00 0.0000000000000000e+00 0.0000000000000000e+00 0.0000000000000000e+00 0.0000000000000000e+00 0.0000000000000000e+00 0.0000000000000000e+00 0.0000000000000000e+00 0.0000000000000000e+00 0.0000000000000000e+00 0.0000000000000000e+00 0.0000000000000000e+00 0.0000000000000000e+00 0.0000000000000000e+00 0.0000000000000000e+00 0.0000000000000000e+00 0.0000000000000000e+00 0.0000000000000000e+00 0.0000000000000000e+00 0.0000000000000000e+00 0.0000000000000000e+00 0.0000000000000000e+00 0.0000000000000000e+00 0.0000000000000000e+00 0.0000000000000000e+00 0.0000000000000000e+00 0.0000000000000000e+00 0.0000000000000000e+00 0.0000000000000000e+00 0.0000000000000000e+00 0.0000000000000000e+00 0.0000000000000000e+00 0.0000000000000000e+00 0.0000000000000000e+00 0.0000000000000000e+00 0.0000000000000000e+00 0.0000000000000000e+00 0.0000000000000000e+00 0.0000000000000000e+00 0.0000000000000000e+00 0.0000000000000000e+00 0.0000000000000000e+00 0.0000000000000000e+00 0.0000000000000000e+00 0.0000000000000000e+00 0.0000000000000000e+00 0.0000000000000000e+00 0.0000000000000000e+00 0.0000000000000000e+00 0.0000000000000000e+00 0.0000000000000000e+00 0.0000000000000000e+00 0.0000000000000000e+00 0.0000000000000000e+00 0.0000000000000000e+00 0.0000000000000000e+00 0.0000000000000000e+00 0.0000000000000000e+00 0.0000000000000000e+00 0.0000000000000000e+00 0.0000000000000000e+00 0.0000000000000000e+00 0.0000000000000000e+00 0.0000000000000000e+00 0.0000000000000000e+00 0.0000000000000000e+00 0.0000000000000000e+00 0.0000000000000000e+00 0.0000000000000000e+00 0.0000000000000000e+00 0.0000000000000000e+00 0.0000000000000000e+00 0.0000000000000000e+00 0.0000000000000000e+00 0.0000000000000000e+00 0.0000000000000000e+00 0.0000000000000000e+00 0.0000000000000000e+00 0.0000000000000000e+00 0.0000000000000000e+00 0.0000000000000000e+00 0.0000000000000000e+00 0.0000000000000000e+00 0.0000000000000000e+00 0.0000000000000000e+00 0.0000000000000000e+00 0.0000000000000000e+00 0.0000000000000000e+00 0.0000000000000000e+00 0.0000000000000000e+00 0.0000000000000000e+00 0.0000000000000000e+00 0.0000000000000000e+00 0.0000000000000000e+00 0.0000000000000000e+00 0.0000000000000000e+00 0.0000000000000000e+00 0.0000000000000000e+00 0.0000000000000000e+00 0.0000000000000000e+00 0.0000000000000000e+00 0.0000000000000000e+00 0.0000000000000000e+00 0.0000000000000000e+00 0.0000000000000000e+00 0.0000000000000000e+00 0.0000000000000000e+00 0.0000000000000000e+00 0.0000000000000000e+00 0.0000000000000000e+00 0.0000000000000000e+00 0.0000000000000000e+00 0.0000000000000000e+00 0.0000000000000000e+00 0.0000000000000000e+00 0.0000000000000000e+00 0.0000000000000000e+00 0.0000000000000000e+00 0.0000000000000000e+00 0.0000000000000000e+00 0.0000000000000000e+00 0.0000000000000000e+00 0.0000000000000000e+00 0.0000000000000000e+00 0.0000000000000000e+00 0.0000000000000000e+00 0.0000000000000000e+00 0.0000000000000000e+00 0.0000000000000000e+00 0.0000000000000000e+00 0.0000000000000000e+00 0.0000000000000000e+00 0.0000000000000000e+00 0.0000000000000000e+00 0.0000000000000000e+00 0.0000000000000000e+00 0.0000000000000000e+00 0.0000000000000000e+00 0.0000000000000000e+00 0.0000000000000000e+00 0.0000000000000000e+00 0.0000000000000000e+00 0.0000000000000000e+00 0.0000000000000000e+00 0.0000000000000000e+00 0.0000000000000000e+00 0.0000000000000000e+00 0.0000000000000000e+00 0.0000000000000000e+00 0.0000000000000000e+00 0.0000000000000000e+00 0.0000000000000000e+00 0.0000000000000000e+00 0.0000000000000000e+00 0.0000000000000000e+00 0.0000000000000000e+00 0.0000000000000000e+00 0.0000000000000000e+00 0.0000000000000000e+00 0.0000000000000000e+00 0.0000000000000000e+00 0.0000000000000000e+00 0.0000000000000000e+00 0.0000000000000000e+00 0.0000000000000000e+00 0.0000000000000000e+00 0.0000000000000000e+00 0.0000000000000000e+00 0.0000000000000000e+00 0.0000000000000000e+00 0.0000000000000000e+00 0.0000000000000000e+00 0.0000000000000000e+00 0.0000000000000000e+00 0.0000000000000000e+00 0.0000000000000000e+00 0.0000000000000000e+00 0.0000000000000000e+00 0.0000000000000000e+00 0.0000000000000000e+00 0.0000000000000000e+00 0.0000000000000000e+00 0.0000000000000000e+00 0.0000000000000000e+00 0.0000000000000000e+00 0.0000000000000000e+00 0.0000000000000000e+00 0.0000000000000000e+00 0.0000000000000000e+00 0.0000000000000000e+00 0.0000000000000000e+00 0.0000000000000000e+00 0.0000000000000000e+00 0.0000000000000000e+00 0.0000000000000000e+00 0.0000000000000000e+00 0.0000000000000000e+00 0.0000000000000000e+00
</DataArray>
        <DataArray type="Float64" format="ascii" Name="Stress" NumberOfComponents="9">
-1.3116333333335662e+01 0.0000000000000000e+00 0.0000000000000000e+00 0.0000000000000000e+00 -1.8348333333336207e+01 0.0000000000000000e+00 0.0000000000000000e+00 0.0000000000000000e+00 -1.3116333333335662e+01 -1.3675866666671233e+01 0.0000000000000000e+00 0.0000000000000000e+00 0.0000000000000000e+00 -1.9038666666672302e+01 0.0000000000000000e+00 0.0000000000000000e+00 0.0000000000000000e+00 -1.3675866666671233e+01 -1.3116333333335570e+01 0.0000000000000000e+00 0.0000000000000000e+00 0.0000000000000000e+00 -1.8348333333336093e+01 0.0000000000000000e+00 0.0000000000000000e+00 0.0000000000000000e+00 -1.3116333333335570e+01 -1.3675866666671041e+01 0.0000000000000000e+00 0.0000000000000000e+00 0.0000000000000000e+00 -1.9038666666672061e+01 0.0000000000000000e+00 0.0000000000000000e+00 0.0000000000000000e+00 -1.3675866666671041e+01 -1.3116333333335470e+01 0.0000000000000000e+00 0.0000000000000000e+00 0.0000000000000000e+00 -1.8348333333335972e+01 0.0000000000000000e+00 0.0000000000000000e+00 0.0000000000000000e+00 -1.3116333333335470e+01 -1.3675866666670853e+01 0.0000000000000000e+00 0.0000000000000000e+00 0.0000000000000000e+00 -1.9038666666671830e+01 0.0000000000000000e+00 0.0000000000000000e+00 0.0000000000000000e+00 -1.3675866666670853e+01 -1.3116333333335376e+01 0.0000000000000000e+00 0.0000000000000000e+00 0.0000000000000000e+00 -1.8348333333335855e+01 0.0000000000000000e+00 0.0000000000000000e+00 0.0000000000000000e+00 -1.3116333333335376e+01 -1.3675866666670661e+01 0.0000000000000000e+00 0.0000000000000000e+00 0.0000000000000000e+00 -1.9038666666671599e+01 0.0000000000000000e+00 0.0000000000000000e+00 0.0000000000000000e+00 -1.3675866666670661e+01 -1.3116333333335284e+01 0.0000000000000000e+00 0.0000000000000000e+00 0.0000000000000000e+00 -1.8348333333335738e+01 0.0000000000000000e+00 0.0000000000000000e+00 0.0000000000000000e+00 -1.3116333333335284e+01 -1.3675866666670474e+01 0.0000000000000000e+00 0.0000000000000000e+00 0.0000000000000000e+00 -1.9038666666671361e+01 0.0000000000000000e+00 0.0000000000000000e+00 0.0000000000000000e+00 -1.3675866666670474e+01 -1.3116333333335186e+01 0.0000000000000000e+00 0.0000000000000000e+00 0.0000000000000000e+00 -1.8348333333335621e+01 0.0000000000000000e+00 0.0000000000000000e+00 0.0000000000000000e+00 -1.3116333333335186e+01 -1.3675866666670283e+01 0.0000000000000000e+00 0.0000000000000000e+00 0.0000000000000000e+00 -1.9038666666671126e+01 0.0000000000000000e+00 0.0000000000000000e+00 0.0000000000000000e+00 -1.3675866666670283e+01 -1.3116333333335096e+01 0.0000000000000000e+00 0.0000000000000000e+00 0.0000000000000000e+00 -1.8348333333335507e+01 0.0000000000000000e+00 0.0000000000000000e+00 0.0000000000000000e+00 -1.3116333333335096e+01 -1.3675866666670093e+01 0.0000000000000000e+00 0.0000000000000000e+00 0.0000000000000000e+00 -1.9038666666670895e+01 0.0000000000000000e+00 0.0000000000000000e+00 0.0000000000000000e+00 -1.3675866666670093e+01 -1.3116333333334998e+01 0.0000000000000000e+00 0.0000000000000000e+00 0.0000000000000000e+00 -1.8348333333335383e+01 0.0000000000000000e+00 0.0000000000000000e+00 0.0000000000000000e+00 -1.3116333333334998e+01 -1.3675866666669899e+01 0.0000000000000000e+00 0.0000000000000000e+00 0.0000000000000000e+00 -1.9038666666670654e+01 0.0000000000000000e+00 0.0000000000000000e+00 0.0000000000000000e+00 -1.3675866666669899e+01 -1.3116333333334902e+01 0.0000000000000000e+00 0.0000000000000000e+00 0.0000000000000000e+00 -1.8348333333335269e+01 0.0000000000000000e+00 0.0000000000000000e+00 0.0000000000000000e+00 -1.3116333333334902e+01 -1.3675866666669711e+01 0.0000000000000000e+00 0.0000000000000000e+00 0.0000000000000000e+00 -1.9038666666670427e+01 0.0000000000000000e+00 0.0000000000000000e+00 0.0000000000000000e+00 -1.3675866666669711e+01 -1.4794933333337122e+01 0.0000000000000000e+00 0.0000000000000000e+00 0.0000000000000000e+00 -2.0419333333338013e+01 0.0000000000000000e+00 0.0000000000000000e+00 0.0000000000000000e+00 -1.4794933333337122e+01 -1.5354466666667761e+01 0.0000000000000000e+00 0.0000000000000000e+00 0.0000000000000000e+00 -2.1109666666668019e+01 0.0000000000000000e+00 0.0000000000000000e+00 0.0000000000000000e+00 -1.5354466666667761e+01 -1.4794933333337347e+01 0.0000000000000000e+00 0.0000000000000000e+00 0.0000000000000000e+00 -2.0419333333338287e+01 0.0000000000000000e+00 0.0000000000000000e+00 0.0000000000000000e+00 -1.4794933333337347e+01 -1.5354466666668499e+01 0.0000000000000000e+00 0.0000000000000000e+00 0.0000000000000000e+00 -2.1109666666668929e+01 0.0000000000000000e+00 0.0000000000000000e+00 0.0000000000000000e+00 -1.5354466666668499e+01 -1.4794933333337571e+01 0.0000000000000000e+00 0.0000000000000000e+00 0.0000000000000000e+00 -2.0419333333338557e+01 0.0000000000000000e+00 0.0000000000000000e+00 0.0000000000000000e+00 -1.4794933333337571e+01 -1.5354466666669232e+01 0.0000000000000000e+00 0.0000000000000000e+00 0.0000000000000000e+00 -2.1109666666669831e+01 0.0000000000000000e+00 0.0000000000000000e+00 0.0000000000000000e+00 -1.5354466666669232e+01 -1.4794933333337797e+01 0.0000000000000000e+00 0.0000000000000000e+00 0.0000000000000000e+00 -2.0419333333338841e+01 0.0000000000000000e+00 0.0000000000000000e+00 0.0000000000000000e+00 -1.4794933333337797e+01 -1.5354466666669961e+01 0.0000000000000000e+00 0.0000000000000000e+00 0.0000000000000000e+00 -2.1109666666670734e+01 0.0000000000000000e+00 0.0000000000000000e+00 0.0000000000000000e+00 -1.5354466666669961e+01 -1.4794933333338017e+01 0.0000000000000000e+00 0.0000000000000000e+00 0.0000000000000000e+00 -2.0419333333339111e+01 0.0000000000000000e+00 0.0000000000000000e+00 0.0000000000000000e+00 -1.4794933333338017e+01 -1.5354466666670696e+01 0.0000000000000000e+00 0.0000000000000000e+00 0.0000000000000000e+00 -2.1109666666671639e+01 0.0000000000000000e+00 0.0000000000000000e+00 0.0000000000000000e+00 -1.5354466666670696e+01 -1.4794933333338241e+01 0.0000000000000000e+00 0.0000000000000000e+00 0.0000000000000000e+00 -2.0419333333339388e+01 0.0000000000000000e+00 0.0000000000000000e+00 0.0000000000000000e+00 -1.4794933333338241e+01 -1.5354466666671430e+01 0.0000000000000000e+00 0.0000000000000000e+00 0.0000000000000000e+00 -2.1109666666672549e+01 0.0000000000000000e+00 0.0000000000000000e+00 0.0000000000000000e+00 -1.5354466666671430e+01 -1.4794933333338468e+01 0.0000000000000000e+00 0.0000000000000000e+00 0.0000000000000000e+00 -2.0419333333339669e+01 0.0000000000000000e+00 0.0000000000000000e+00 0.0000000000000000e+00 -1.4794933333338468e+01 -1.5354466666672161e+01 0.0000000000000000e+00 0.0000000000000000e+00 0.0000000000000000e+00 -2.1109666666673444e+01 0.0000000000000000e+00 0.0000000000000000e+00 0.0000000000000000e+00 -1.5354466666672161e+01 -1.4794933333338690e+01 0.0000000000000000e+00 0.0000000000000000e+00 0.0000000000000000e+00 -2.0419333333339939e+01 0.0000000000000000e+00 0.0000000000000000e+00 0.0000000000000000e+00 -1.4794933333338690e+01 -1.5354466666672897e+01 0.0000000000000000e+00 0.0000000000000000e+00 0.0000000000000000e+00 -2.1109666666674354e+01 0.0000000000000000e+00 0.0000000000000000e+00 0.0000000000000000e+00 -1.5354466666672897e+01 -1.4794933333338918e+01 0.0000000000000000e+00 0.0000000000000000e+00 0.0000000000000000e+00 -2.0419333333340223e+01 0.0000000000000000e+00 0.0000000000000000e+00 0.0000000000000000e+00 -1.4794933333338918e+01 -1.5354466666673634e+01 0.0000000000000000e+00 0.0000000000000000e+00 0.0000000000000000e+00 -2.1109666666675263e+01 0.0000000000000000e+00 0.0000000000000000e+00 0.0000000000000000e+00 -1.5354466666673634e+01 -1.6473533333327534e+01 0.0000000000000000e+00 0.0000000000000000e+00 0.0000000000000000e+00 -2.2490333333326181e+01 0.0000000000000000e+00 0.0000000000000000e+00 0.0000000000000000e+00 -1.6473533333327534e+01 -1.7033066666657994e+01 0.0000000000000000e+00 0.0000000000000000e+00 0.0000000000000000e+00 -2.3180666666655970e+01 0.0000000000000000e+00 0.0000000000000000e+00 0.0000000000000000e+00 -1.7033066666657994e+01 -1.6473533333329378e+01 0.0000000000000000e+00 0.0000000000000000e+00 0.0000000000000000e+00 -2.2490333333328451e+01 0.0000000000000000e+00 0.0000000000000000e+00 0.0000000000000000e+00 -1.6473533333329378e+01 -1.7033066666660432e+01 0.0000000000000000e+00 0.0000000000000000e+00 0.0000000000000000e+00 -2.3180666666658976e+01 0.0000000000000000e+00 0.0000000000000000e+00 0.0000000000000000e+00 -1.7033066666660432e+01 -1.6473533333331211e+01 0.0000000000000000e+00 0.0000000000000000e+00 0.0000000000000000e+00 -2.2490333333330714e+01 0.0000000000000000e+00 0.0000000000000000e+00 0.0000000000000000e+00 -1.6473533333331211e+01 -1.7033066666662865e+01 0.0000000000000000e+00 0.0000000000000000e+00 0.0000000000000000e+00 -2.3180666666661978e+01 0.0000000000000000e+00 0.0000000000000000e+00 0.0000000000000000e+00 -1.7033066666662865e+01 -1.6473533333333052e+01 0.0000000000000000e+00 0.0000000000000000e+00 0.0000000000000000e+00 -2.2490333333332984e+01 0.0000000000000000e+00 0.0000000000000000e+00 0.0000000000000000e+00 -1.6473533333333052e+01 -1.7033066666665292e+01 0.0000000000000000e+00 0.0000000000000000e+00 0.0000000000000000e+00 -2.3180666666664973e+01 0.0000000000000000e+00 0.0000000000000000e+00 0.0000000000000000e+00 -1.7033066666665292e+01 -1.6473533333334888e+01 0.0000000000000000e+00 0.0000000000000000e+00 0.0000000000000000e+00 -2.2490333333335247e+01 0.0000000000000000e+00 0.0000000000000000e+00 0.0000000000000000e+00 -1.6473533333334888e+01 -1.7033066666667729e+01 0.0000000000000000e+00 0.0000000000000000e+00 0.0000000000000000e+00 -2.3180666666667978e+01 0.0000000000000000e+00 0.0000000000000000e+00 0.0000000000000000e+00 -1.7033066666667729e+01 -1.6473533333336725e+01 0.0000000000000000e+00 0.0000000000000000e+00 0.0000000000000000e+00 -2.2490333333337517e+01 0.0000000000000000e+00 0.0000000000000000e+00 0.0000000000000000e+00 -1.6473533333336725e+01 -1.7033066666670159e+01 0.0000000000000000e+00 0.0000000000000000e+00 0.0000000000000000e+00 -2.3180666666670980e+01 0.0000000000000000e+00 0.0000000000000000e+00 0.0000000000000000e+00 -1.7033066666670159e+01 -1.6473533333338562e+01 0.0000000000000000e+00 0.0000000000000000e+00 0.0000000000000000e+00 -2.2490333333339787e+01 0.0000000000000000e+00 0.0000000000000000e+00 0.0000000000000000e+00 -1.6473533333338562e+01 -1.7033066666672600e+01 0.0000000000000000e+00 0.0000000000000000e+00 0.0000000000000000e+00 -2.3180666666673986e+01 0.0000000000000000e+00 0.0000000000000000e+00 0.0000000000000000e+00 -1.7033066666672600e+01 -1.6473533333340402e+01 0.0000000000000000e+00 0.0000000000000000e+00 0.0000000000000000e+00 -2.2490333333342061e+01 0.0000000000000000e+00 0.0000000000000000e+00 0.0000000000000000e+00 -1.6473533333340402e+01 -1.7033066666675030e+01 0.0000000000000000e+00 0.0000000000000000e+00 0.0000000000000000e+00 -2.3180666666676984e+01 0.0000000000000000e+00 0.0000000000000000e+00 0.0000000000000000e+00 -1.7033066666675030e+01 -1.6473533333342242e+01 0.0000000000000000e+00 0.0000000000000000e+00 0.0000000000000000e+00 -2.2490333333344328e+01 0.0000000000000000e+00 0.0000000000000000e+00 0.0000000000000000e+00 -1.6473533333342242e+01 -1.7033066666677470e+01 0.0000000000000000e+00 0.0000000000000000e+00 0.0000000000000000e+00 -2.3180666666679997e+01 0.0000000000000000e+00 0.0000000000000000e+00 0.0000000000000000e+00 -1.7033066666677470e+01 -1.8152133333316488e+01 0.0000000000000000e+00 0.0000000000000000e+00 0.0000000000000000e+00 -2.4561333333312550e+01 0.0000000000000000e+00 0.0000000000000000e+00 0.0000000000000000e+00 -1.8152133333316488e+01 -1.8711666666647542e+01 0.0000000000000000e+00 0.0000000000000000e+00 0.0000000000000000e+00 -2.5251666666643072e+01 0.0000000000000000e+00 0.0000000000000000e+00 0.0000000000000000e+00 -1.8711666666647542e+01 -1.8152133333320112e+01 0.0000000000000000e+00 0.0000000000000000e+00 0.0000000000000000e+00 -2.4561333333317020e+01 0.0000000000000000e+00 0.0000000000000000e+00 0.0000000000000000e+00 -1.8152133333320112e+01 -1.8711666666651762e+01 0.0000000000000000e+00 0.0000000000000000e+00 0.0000000000000000e+00 -2.5251666666648280e+01 0.0000000000000000e+00 0.0000000000000000e+00 0.0000000000000000e+00 -1.8711666666651762e+01 -1.8152133333323736e+01 0.0000000000000000e+00 0.0000000000000000e+00 0.0000000000000000e+00 -2.4561333333321496e+01 0.0000000000000000e+00 0.0000000000000000e+00 0.0000000000000000e+00 -1.8152133333323736e+01 -1.8711666666655976e+01 0.0000000000000000e+00 0.0000000000000000e+00 0.0000000000000000e+00 -2.5251666666653477e+01 0.0000000000000000e+00 0.0000000000000000e+00 0.0000000000000000e+00 -1.8711666666655976e+01 -1.8152133333327356e+01 0.0000000000000000e+00 0.0000000000000000e+00 0.0000000000000000e+00 -2.4561333333325958e+01 0.0000000000000000e+00 0.0000000000000000e+00 0.0000000000000000e+00 -1.8152133333327356e+01 -1.8711666666660197e+01 0.0000000000000000e+00 0.0000000000000000e+00 0.0000000000000000e+00 -2.5251666666658689e+01 0.0000000000000000e+00 0.0000000000000000e+00 0.0000000000000000e+00 -1.8711666666660197e+01 -1.8152133333330980e+01 0.0000000000000000e+00 0.0000000000000000e+00 0.0000000000000000e+00 -2.4561333333330431e+01 0.0000000000000000e+00 0.0000000000000000e+00 0.0000000000000000e+00 -1.8152133333330980e+01 -1.8711666666664417e+01 0.0000000000000000e+00 0.0000000000000000e+00 0.0000000000000000e+00 -2.5251666666663890e+01 0.0000000000000000e+00 0.0000000000000000e+00 0.0000000000000000e+00 -1.8711666666664417e+01 -1.8152133333334604e+01 0.0000000000000000e+00 0.0000000000000000e+00 0.0000000000000000e+00 -2.4561333333334904e+01 0.0000000000000000e+00 0.0000000000000000e+00 0.0000000000000000e+00 -1.8152133333334604e+01 -1.8711666666668638e+01 0.0000000000000000e+00 0.0000000000000000e+00 0.0000000000000000e+00 -2.5251666666669102e+01 0.0000000000000000e+00 0.0000000000000000e+00 0.0000000000000000e+00 -1.8711666666668638e+01 -1.8152133333338227e+01 0.0000000000000000e+00 0.0000000000000000e+00 0.0000000000000000e+00 -2.4561333333339370e+01 0.0000000000000000e+00 0.0000000000000000e+00 0.0000000000000000e+00 -1.8152133333338227e+01 -1.8711666666672858e+01 0.0000000000000000e+00 0.0000000000000000e+00 0.0000000000000000e+00 -2.5251666666674300e+01 0.0000000000000000e+00 0.0000000000000000e+00 0.0000000000000000e+00 -1.8711666666672858e+01 -1.8152133333341855e+01 0.0000000000000000e+00 0.0000000000000000e+00 0.0000000000000000e+00 -2.4561333333343846e+01 0.0000000000000000e+00 0.0000000000000000e+00 0.0000000000000000e+00 -1.8152133333341855e+01 -1.8711666666677075e+01 0.0000000000000000e+00 0.0000000000000000e+00 0.0000000000000000e+00 -2.5251666666679512e+01 0.0000000000000000e+00 0.0000000000000000e+00 0.0000000000000000e+00 -1.8711666666677075e+01 -1.8152133333345471e+01 0.0000000000000000e+00 0.0000000000000000e+00 0.0000000000000000e+00 -2.4561333333348308e+01 0.0000000000000000e+00 0.0000000000000000e+00 0.0000000000000000e+00 -1.8152133333345471e+01 -1.8711666666681293e+01 0.0000000000000000e+00 0.0000000000000000e+00 0.0000000000000000e+00 -2.5251666666684713e+01 0.0000000000000000e+00 0.0000000000000000e+00 0.0000000000000000e+00 -1.8711666666681293e+01 -1.9830733333308544e+01 0.0000000000000000e+00 0.0000000000000000e+00 0.0000000000000000e+00 -2.6632333333302750e+01 0.0000000000000000e+00 0.0000000000000000e+00 0.0000000000000000e+00 -1.9830733333308544e+01 -2.0390266666642784e+01 0.0000000000000000e+00 0.0000000000000000e+00 0.0000000000000000e+00 -2.7322666666637200e+01 0.0000000000000000e+00 0.0000000000000000e+00 0.0000000000000000e+00 -2.0390266666642784e+01 -1.9830733333313432e+01 0.0000000000000000e+00 0.0000000000000000e+00 0.0000000000000000e+00 -2.6632333333308779e+01 0.0000000000000000e+00 0.0000000000000000e+00 0.0000000000000000e+00 -1.9830733333313432e+01 -2.0390266666647754e+01 0.0000000000000000e+00 0.0000000000000000e+00 0.0000000000000000e+00 -2.7322666666643336e+01 0.0000000000000000e+00 0.0000000000000000e+00 0.0000000000000000e+00 -2.0390266666647754e+01 -1.9830733333318324e+01 0.0000000000000000e+00 0.0000000000000000e+00 0.0000000000000000e+00 -2.6632333333314822e+01 0.0000000000000000e+00 0.0000000000000000e+00 0.0000000000000000e+00 -1.9830733333318324e+01 -2.0390266666652717e+01 0.0000000000000000e+00 0.0000000000000000e+00 0.0000000000000000e+00 -2.7322666666649457e+01 0.0000000000000000e+00 0.0000000000000000e+00 0.0000000000000000e+00 -2.0390266666652717e+01 -1.9830733333323217e+01 0.0000000000000000e+00 0.0000000000000000e+00 0.0000000000000000e+00 -2.6632333333320855e+01 0.0000000000000000e+00 0.0000000000000000e+00 0.0000000000000000e+00 -1.9830733333323217e+01 -2.0390266666657691e+01 0.0000000000000000e+00 0.0000000000000000e+00 0.0000000000000000e+00 -2.7322666666655596e+01 0.0000000000000000e+00 0.0000000000000000e+00 0.0000000000000000e+00 -2.0390266666657691e+01 -1.9830733333328112e+01 0.0000000000000000e+00 0.0000000000000000e+00 0.0000000000000000e+00 -2.6632333333326887e+01 0.0000000000000000e+00 0.0000000000000000e+00 0.0000000000000000e+00 -1.9830733333328112e+01 -2.0390266666662658e+01 0.0000000000000000e+00 0.0000000000000000e+00 0.0000000000000000e+00 -2.7322666666661718e+01 0.0000000000000000e+00 0.0000000000000000e+00 0.0000000000000000e+00 -2.0390266666662658e+01 -1.9830733333332997e+01 0.0000000000000000e+00 0.0000000000000000e+00 0.0000000000000000e+00 -2.6632333333332923e+01 0.0000000000000000e+00 0.0000000000000000e+00 0.0000000000000000e+00 -1.9830733333332997e+01 -2.0390266666667625e+01 0.0000000000000000e+00 0.0000000000000000e+00 0.0000000000000000e+00 -2.7322666666667857e+01 0.0000000000000000e+00 0.0000000000000000e+00 0.0000000000000000e+00 -2.0390266666667625e+01 -1.9830733333337886e+01 0.0000000000000000e+00 0.0000000000000000e+00 0.0000000000000000e+00 -2.6632333333338956e+01 0.0000000000000000e+00 0.0000000000000000e+00 0.0000000000000000e+00 -1.9830733333337886e+01 -2.0390266666672598e+01 0.0000000000000000e+00 0.0000000000000000e+00 0.0000000000000000e+00 -2.7322666666673985e+01 0.0000000000000000e+00 0.0000000000000000e+00 0.0000000000000000e+00 -2.0390266666672598e+01 -1.9830733333342788e+01 0.0000000000000000e+00 0.0000000000000000e+00 0.0000000000000000e+00 -2.6632333333344992e+01 0.0000000000000000e+00 0.0000000000000000e+00 0.0000000000000000e+00 -1.9830733333342788e+01 -2.0390266666677569e+01 0.0000000000000000e+00 0.0000000000000000e+00 0.0000000000000000e+00 -2.7322666666680114e+01 0.0000000000000000e+00 0.0000000000000000e+00 0.0000000000000000e+00 -2.0390266666677569e+01 -1.9830733333347670e+01 0.0000000000000000e+00 0.0000000000000000e+00 0.0000000000000000e+00 -2.6632333333351024e+01 0.0000000000000000e+00 0.0000000000000000e+00 0.0000000000000000e+00 -1.9830733333347670e+01 -2.0390266666682539e+01 0.0000000000000000e+00 0.0000000000000000e+00 0.0000000000000000e+00 -2.7322666666686253e+01 0.0000000000000000e+00 0.0000000000000000e+00 0.0000000000000000e+00 -2.0390266666682539e+01 -2.1509333333309399e+01 0.0000000000000000e+00 0.0000000000000000e+00 0.0000000000000000e+00 -2.8703333333303803e+01 0.0000000000000000e+00 0.0000000000000000e+00 0.0000000000000000e+00 -2.1509333333309399e+01 -2.2068866666646304e+01 0.0000000000000000e+00 0.0000000000000000e+00 0.0000000000000000e+00 -2.9393666666641540e+01 0.0000000000000000e+00 0.0000000000000000e+00 0.0000000000000000e+00 -2.2068866666646304e+01 -2.1509333333314004e+01 0.0000000000000000e+00 0.0000000000000000e+00 0.0000000000000000e+00 -2.8703333333309484e+01 0.0000000000000000e+00 0.0000000000000000e+00 0.0000000000000000e+00 -2.1509333333314004e+01 -2.2068866666650472e+01 0.0000000000000000e+00 0.0000000000000000e+00 0.0000000000000000e+00 -2.9393666666646684e+01 0.0000000000000000e+00 0.0000000000000000e+00 0.0000000000000000e+00 -2.2068866666650472e+01 -2.1509333333318608e+01 0.0000000000000000e+00 0.0000000000000000e+00 0.0000000000000000e+00 -2.8703333333315165e+01 0.0000000000000000e+00 0.0000000000000000e+00 0.0000000000000000e+00 -2.1509333333318608e+01 -2.2068866666654632e+01 0.0000000000000000e+00 0.0000000000000000e+00 0.0000000000000000e+00 -2.9393666666651818e+01 0.0000000000000000e+00 0.0000000000000000e+00 0.0000000000000000e+00 -2.2068866666654632e+01 -2.1509333333323209e+01 0.0000000000000000e+00 0.0000000000000000e+00 0.0000000000000000e+00 -2.8703333333320845e+01 0.0000000000000000e+00 0.0000000000000000e+00 0.0000000000000000e+00 -2.1509333333323209e+01 -2.2068866666658803e+01 0.0000000000000000e+00 0.0000000000000000e+00 0.0000000000000000e+00 -2.9393666666656969e+01 0.0000000000000000e+00 0.0000000000000000e+00 0.0000000000000000e+00 -2.2068866666658803e+01 -2.1509333333327827e+01 0.0000000000000000e+00 0.0000000000000000e+00 0.0000000000000000e+00 -2.8703333333326540e+01 0.0000000000000000e+00 0.0000000000000000e+00 0.0000000000000000e+00 -2.1509333333327827e+01 -2.2068866666662966e+01 0.0000000000000000e+00 0.0000000000000000e+00 0.0000000000000000e+00 -2.9393666666662103e+01 0.0000000000000000e+00 0.0000000000000000e+00 0.0000000000000000e+00 -2.2068866666662966e+01 -2.1509333333332432e+01 0.0000000000000000e+00 0.0000000000000000e+00 0.0000000000000000e+00 -2.8703333333332218e+01 0.0000000000000000e+00 0.0000000000000000e+00 0.0000000000000000e+00 -2.1509333333332432e+01 -2.2068866666667137e+01 0.0000000000000000e+00 0.0000000000000000e+00 0.0000000000000000e+00 -2.9393666666667251e+01 0.0000000000000000e+00 0.0000000000000000e+00 0.0000000000000000e+00 -2.2068866666667137e+01 -2.1509333333337036e+01 0.0000000000000000e+00 0.0000000000000000e+00 0.0000000000000000e+00 -2.8703333333337905e+01 0.0000000000000000e+00 0.0000000000000000e+00 0.0000000000000000e+00 -2.1509333333337036e+01 -2.2068866666671298e+01 0.0000000000000000e+00 0.0000000000000000e+00 0.0000000000000000e+00 -2.9393666666672381e+01 0.0000000000000000e+00 0.0000000000000000e+00 0.0000000000000000e+00 -2.2068866666671298e+01 -2.1509333333341640e+01 0.0000000000000000e+00 0.0000000000000000e+00 0.0000000000000000e+00 -2.8703333333343586e+01 0.0000000000000000e+00 0.0000000000000000e+00 0.0000000000000000e+00 -2.1509333333341640e+01 -2.2068866666675465e+01 0.0000000000000000e+00 0.0000000000000000e+00 0.0000000000000000e+00 -2.9393666666677525e+01 0.0000000000000000e+00 0.0000000000000000e+00 0.0000000000000000e+00 -2.2068866666675465e+01 -2.1509333333346245e+01 0.0000000000000000e+00 0.0000000000000000e+00 0.0000000000000000e+00 -2.8703333333349256e+01 0.0000000000000000e+00 0.0000000000000000e+00 0.0000000000000000e+00 -2.1509333333346245e+01 -2.2068866666679629e+01 0.0000000000000000e+00 0.0000000000000000e+00 0.0000000000000000e+00 -2.9393666666682659e+01 0.0000000000000000e+00 0.0000000000000000e+00 0.0000000000000000e+00 -2.2068866666679629e+01 -2.3187933333315950e+01 0.0000000000000000e+00 0.0000000000000000e+00 0.0000000000000000e+00 -3.0774333333311880e+01 0.0000000000000000e+00 0.0000000000000000e+00 0.0000000000000000e+00 -2.3187933333315950e+01 -2.3747466666652414e+01 0.0000000000000000e+00 0.0000000000000000e+00 0.0000000000000000e+00 -3.1464666666649080e+01 0.0000000000000000e+00 0.0000000000000000e+00 0.0000000000000000e+00 -2.3747466666652414e+01 -2.3187933333319229e+01 0.0000000000000000e+00 0.0000000000000000e+00 0.0000000000000000e+00 -3.0774333333315926e+01 0.0000000000000000e+00 0.0000000000000000e+00 0.0000000000000000e+00 -2.3187933333319229e+01 -2.3747466666655253e+01 0.0000000000000000e+00 0.0000000000000000e+00 0.0000000000000000e+00 -3.1464666666652583e+01 0.0000000000000000e+00 0.0000000000000000e+00 0.0000000000000000e+00 -2.3747466666655253e+01 -2.3187933333322515e+01 0.0000000000000000e+00 0.0000000000000000e+00 0.0000000000000000e+00 -3.0774333333319987e+01 0.0000000000000000e+00 0.0000000000000000e+00 0.0000000000000000e+00 -2.3187933333322515e+01 -2.3747466666658102e+01 0.0000000000000000e+00 0.0000000000000000e+00 0.0000000000000000e+00 -3.1464666666656097e+01 0.0000000000000000e+00 0.0000000000000000e+00 0.0000000000000000e+00 -2.3747466666658102e+01 -2.3187933333325805e+01 0.0000000000000000e+00 0.0000000000000000e+00 0.0000000000000000e+00 -3.0774333333324044e+01 0.0000000000000000e+00 0.0000000000000000e+00 0.0000000000000000e+00 -2.3187933333325805e+01 -2.3747466666660948e+01 0.0000000000000000e+00 0.0000000000000000e+00 0.0000000000000000e+00 -3.1464666666659614e+01 0.0000000000000000e+00 0.0000000000000000e+00 0.0000000000000000e+00 -2.3747466666660948e+01 -2.3187933333329084e+01 0.0000000000000000e+00 0.0000000000000000e+00 0.0000000000000000e+00 -3.0774333333328091e+01 0.0000000000000000e+00 0.0000000000000000e+00 0.0000000000000000e+00 -2.3187933333329084e+01 -2.3747466666663790e+01 0.0000000000000000e+00 0.0000000000000000e+00 0.0000000000000000e+00 -3.1464666666663117e+01 0.0000000000000000e+00 0.0000000000000000e+00 0.0000000000000000e+00 -2.3747466666663790e+01 -2.3187933333332371e+01 0.0000000000000000e+00 0.0000000000000000e+00 0.0000000000000000e+00 -3.0774333333332148e+01 0.0000000000000000e+00 0.0000000000000000e+00 0.0000000000000000e+00 -2.3187933333332371e+01 -2.3747466666666639e+01 0.0000000000000000e+00 0.0000000000000000e+00 0.0000000000000000e+00 -3.1464666666666631e+01 0.0000000000000000e+00 0.0000000000000000e+00 0.0000000000000000e+00 -2.3747466666666639e+01 -2.3187933333335653e+01 0.0000000000000000e+00 0.0000000000000000e+00 0.0000000000000000e+00 -3.0774333333336198e+01 0.0000000000000000e+00 0.0000000000000000e+00 0.0000000000000000e+00 -2.3187933333335653e+01 -2.3747466666669482e+01 0.0000000000000000e+00 0.0000000000000000e+00 0.0000000000000000e+00 -3.1464666666670148e+01 0.0000000000000000e+00 0.0000000000000000e+00 0.0000000000000000e+00 -2.3747466666669482e+01 -2.3187933333338940e+01 0.0000000000000000e+00 0.0000000000000000e+00 0.0000000000000000e+00 -3.0774333333340252e+01 0.0000000000000000e+00 0.0000000000000000e+00 0.0000000000000000e+00 -2.3187933333338940e+01 -2.3747466666672324e+01 0.0000000000000000e+00 0.0000000000000000e+00 0.0000000000000000e+00 -3.1464666666673651e+01 0.0000000000000000e+00 0.0000000000000000e+00 0.0000000000000000e+00 -2.3747466666672324e+01 -2.3187933333342222e+01 0.0000000000000000e+00 0.0000000000000000e+00 0.0000000000000000e+00 -3.0774333333344309e+01 0.0000000000000000e+00 0.0000000000000000e+00 0.0000000000000000e+00 -2.3187933333342222e+01 -2.3747466666675173e+01 0.0000000000000000e+00 0.0000000000000000e+00 0.0000000000000000e+00 -3.1464666666677157e+01 0.0000000000000000e+00 0.0000000000000000e+00 0.0000000000000000e+00 -2.3747466666675173e+01 -2.4866533333322494e+01 0.0000000000000000e+00 0.0000000000000000e+00 0.0000000000000000e+00 -3.2845333333319957e+01 0.0000000000000000e+00 0.0000000000000000e+00 0.0000000000000000e+00 -2.4866533333322494e+01 -2.5426066666658528e+01 0.0000000000000000e+00 0.0000000000000000e+00 0.0000000000000000e+00 -3.3535666666656624e+01 0.0000000000000000e+00 0.0000000000000000e+00 0.0000000000000000e+00 -2.5426066666658528e+01 -2.4866533333324469e+01 0.0000000000000000e+00 0.0000000000000000e+00 0.0000000000000000e+00 -3.2845333333322394e+01 0.0000000000000000e+00 0.0000000000000000e+00 0.0000000000000000e+00 -2.4866533333324469e+01 -2.5426066666660073e+01 0.0000000000000000e+00 0.0000000000000000e+00 0.0000000000000000e+00 -3.3535666666658535e+01 0.0000000000000000e+00 0.0000000000000000e+00 0.0000000000000000e+00 -2.5426066666660073e+01 -2.4866533333326444e+01 0.0000000000000000e+00 0.0000000000000000e+00 0.0000000000000000e+00 -3.2845333333324824e+01 0.0000000000000000e+00 0.0000000000000000e+00 0.0000000000000000e+00 -2.4866533333326444e+01 -2.5426066666661619e+01 0.0000000000000000e+00 0.0000000000000000e+00 0.0000000000000000e+00 -3.3535666666660440e+01 0.0000000000000000e+00 0.0000000000000000e+00 0.0000000000000000e+00 -2.5426066666661619e+01 -2.4866533333328412e+01 0.0000000000000000e+00 0.0000000000000000e+00 0.0000000000000000e+00 -3.2845333333327268e+01 0.0000000000000000e+00 0.0000000000000000e+00 0.0000000000000000e+00 -2.4866533333328412e+01 -2.5426066666663161e+01 0.0000000000000000e+00 0.0000000000000000e+00 0.0000000000000000e+00 -3.3535666666662344e+01 0.0000000000000000e+00 0.0000000000000000e+00 0.0000000000000000e+00 -2.5426066666663161e+01 -2.4866533333330391e+01 0.0000000000000000e+00 0.0000000000000000e+00 0.0000000000000000e+00 -3.2845333333329705e+01 0.0000000000000000e+00 0.0000000000000000e+00 0.0000000000000000e+00 -2.4866533333330391e+01 -2.5426066666664713e+01 0.0000000000000000e+00 0.0000000000000000e+00 0.0000000000000000e+00 -3.3535666666664255e+01 0.0000000000000000e+00 0.0000000000000000e+00 0.0000000000000000e+00 -2.5426066666664713e+01 -2.4866533333332374e+01 0.0000000000000000e+00 0.0000000000000000e+00 0.0000000000000000e+00 -3.2845333333332150e+01 0.0000000000000000e+00 0.0000000000000000e+00 0.0000000000000000e+00 -2.4866533333332374e+01 -2.5426066666666252e+01 0.0000000000000000e+00 0.0000000000000000e+00 0.0000000000000000e+00 -3.3535666666666152e+01 0.0000000000000000e+00 0.0000000000000000e+00 0.0000000000000000e+00 -2.5426066666666252e+01 -2.4866533333334342e+01 0.0000000000000000e+00 0.0000000000000000e+00 0.0000000000000000e+00 -3.2845333333334580e+01 0.0000000000000000e+00 0.0000000000000000e+00 0.0000000000000000e+00 -2.4866533333334342e+01 -2.5426066666667797e+01 0.0000000000000000e+00 0.0000000000000000e+00 0.0000000000000000e+00 -3.3535666666668064e+01 0.0000000000000000e+00 0.0000000000000000e+00 0.0000000000000000e+00 -2.5426066666667797e+01 -2.4866533333336321e+01 0.0000000000000000e+00 0.0000000000000000e+00 0.0000000000000000e+00 -3.2845333333337017e+01 0.0000000000000000e+00 0.0000000000000000e+00 0.0000000000000000e+00 -2.4866533333336321e+01 -2.5426066666669353e+01 0.0000000000000000e+00 0.0000000000000000e+00 0.0000000000000000e+00 -3.3535666666669975e+01 0.0000000000000000e+00 0.0000000000000000e+00 0.0000000000000000e+00 -2.5426066666669353e+01 -2.4866533333338303e+01 0.0000000000000000e+00 0.0000000000000000e+00 0.0000000000000000e+00 -3.2845333333339461e+01 0.0000000000000000e+00 0.0000000000000000e+00 0.0000000000000000e+00 -2.4866533333338303e+01 -2.5426066666670891e+01 0.0000000000000000e+00 0.0000000000000000e+00 0.0000000000000000e+00 -3.3535666666671887e+01 0.0000000000000000e+00 0.0000000000000000e+00 0.0000000000000000e+00 -2.5426066666670891e+01 -2.6545133333329051e+01 0.0000000000000000e+00 0.0000000000000000e+00 0.0000000000000000e+00 -3.4916333333328048e+01 0.0000000000000000e+00 0.0000000000000000e+00 0.0000000000000000e+00 -2.6545133333329051e+01 -2.7104666666664713e+01 0.0000000000000000e+00 0.0000000000000000e+00 0.0000000000000000e+00 -3.5606666666664253e+01 0.0000000000000000e+00 0.0000000000000000e+00 0.0000000000000000e+00 -2.7104666666664713e+01 -2.6545133333329794e+01 0.0000000000000000e+00 0.0000000000000000e+00 0.0000000000000000e+00 -3.4916333333328964e+01 0.0000000000000000e+00 0.0000000000000000e+00 0.0000000000000000e+00 -2.6545133333329794e+01 -2.7104666666665082e+01 0.0000000000000000e+00 0.0000000000000000e+00 0.0000000000000000e+00 -3.5606666666664715e+01 0.0000000000000000e+00 0.0000000000000000e+00 0.0000000000000000e+00 -2.7104666666665082e+01 -2.6545133333330536e+01 0.0000000000000000e+00 0.0000000000000000e+00 0.0000000000000000e+00 -3.4916333333329888e+01 0.0000000000000000e+00 0.0000000000000000e+00 0.0000000000000000e+00 -2.6545133333330536e+01 -2.7104666666665448e+01 0.0000000000000000e+00 0.0000000000000000e+00 0.0000000000000000e+00 -3.5606666666665163e+01 0.0000000000000000e+00 0.0000000000000000e+00 0.0000000000000000e+00 -2.7104666666665448e+01 -2.6545133333331279e+01 0.0000000000000000e+00 0.0000000000000000e+00 0.0000000000000000e+00 -3.4916333333330797e+01 0.0000000000000000e+00 0.0000000000000000e+00 0.0000000000000000e+00 -2.6545133333331279e+01 -2.7104666666665828e+01 0.0000000000000000e+00 0.0000000000000000e+00 0.0000000000000000e+00 -3.5606666666665639e+01 0.0000000000000000e+00 0.0000000000000000e+00 0.0000000000000000e+00 -2.7104666666665828e+01 -2.6545133333332029e+01 0.0000000000000000e+00 0.0000000000000000e+00 0.0000000000000000e+00 -3.4916333333331728e+01 0.0000000000000000e+00 0.0000000000000000e+00 0.0000000000000000e+00 -2.6545133333332029e+01 -2.7104666666666205e+01 0.0000000000000000e+00 0.0000000000000000e+00 0.0000000000000000e+00 -3.5606666666666094e+01 0.0000000000000000e+00 0.0000000000000000e+00 0.0000000000000000e+00 -2.7104666666666205e+01 -2.6545133333332775e+01 0.0000000000000000e+00 0.0000000000000000e+00 0.0000000000000000e+00 -3.4916333333332652e+01 0.0000000000000000e+00 0.0000000000000000e+00 0.0000000000000000e+00 -2.6545133333332775e+01 -2.7104666666666574e+01 0.0000000000000000e+00 0.0000000000000000e+00 0.0000000000000000e+00 -3.5606666666666555e+01 0.0000000000000000e+00 0.0000000000000000e+00 0.0000000000000000e+00 -2.7104666666666574e+01 -2.6545133333333514e+01 0.0000000000000000e+00 0.0000000000000000e+00 0.0000000000000000e+00 -3.4916333333333554e+01 0.0000000000000000e+00 0.0000000000000000e+00 0.0000000000000000e+00 -2.6545133333333514e+01 -2.7104666666666947e+01 0.0000000000000000e+00 0.0000000000000000e+00 0.0000000000000000e+00 -3.5606666666667003e+01 0.0000000000000000e+00 0.0000000000000000e+00 0.0000000000000000e+00 -2.7104666666666947e+01 -2.6545133333334263e+01 0.0000000000000000e+00 0.0000000000000000e+00 0.0000000000000000e+00 -3.4916333333334492e+01 0.0000000000000000e+00 0.0000000000000000e+00 0.0000000000000000e+00 -2.6545133333334263e+01 -2.7104666666667317e+01 0.0000000000000000e+00 0.0000000000000000e+00 0.0000000000000000e+00 -3.5606666666667465e+01 0.0000000000000000e+00 0.0000000000000000e+00 0.0000000000000000e+00 -2.7104666666667317e+01 -2.6545133333335006e+01 0.0000000000000000e+00 0.0000000000000000e+00 0.0000000000000000e+00 -3.4916333333335402e+01 0.0000000000000000e+00 0.0000000000000000e+00 0.0000000000000000e+00 -2.6545133333335006e+01 -2.7104666666667686e+01 0.0000000000000000e+00 0.0000000000000000e+00 0.0000000000000000e+00 -3.5606666666667920e+01 0.0000000000000000e+00 0.0000000000000000e+00 0.0000000000000000e+00 -2.7104666666667686e+01 -1.0772833333333331e+01 0.0000000000000000e+00 0.0000000000000000e+00 0.0000000000000000e+00 -1.7003999999999994e+01 0.0000000000000000e+00 0.0000000000000000e+00 0.0000000000000000e+00 -1.0772833333333331e+01 -1.0264166666666666e+01 0.0000000000000000e+00 0.0000000000000000e+00 0.0000000000000000e+00 -1.6349999999999998e+01 0.0000000000000000e+00 0.0000000000000000e+00 0.0000000000000000e+00 -1.0264166666666666e+01 -1.0772833333333333e+01 0.0000000000000000e+00 0.0000000000000000e+00 0.0000000000000000e+00 -1.7004000000000001e+01 0.0000000000000000e+00 0.0000000000000000e+00 0.0000000000000000e+00 -1.0772833333333333e+01 -1.0264166666666666e+01 0.0000000000000000e+00 0.0000000000000000e+00 0.0000000000000000e+00 -1.6349999999999998e+01 0.0000000000000000e+00 0.0000000000000000e+00 0.0000000000000000e+00 -1.0264166666666666e+01 -1.0772833333333335e+01 0.0000000000000000e+00 0.0000000000000000e+00 0.0000000000000000e+00 -1.7004000000000001e+01 0.0000000000000000e+00 0.0000000000000000e+00 0.0000000000000000e+00 -1.0772833333333335e+01 -1.0264166666666670e+01 0.0000000000000000e+00 0.0000000000000000e+00 0.0000000000000000e+00 -1.6350000000000001e+01 0.0000000000000000e+00 0.0000000000000000e+00 0.0000000000000000e+00 -1.0264166666666670e+01 -1.0772833333333329e+01 0.0000000000000000e+00 0.0000000000000000e+00 0.0000000000000000e+00 -1.7004000000000001e+01 0.0000000000000000e+00 0.0000000000000000e+00 0.0000000000000000e+00 -1.0772833333333329e+01 -1.0264166666666666e+01 0.0000000000000000e+00 0.0000000000000000e+00 0.0000000000000000e+00 -1.6349999999999998e+01 0.0000000000000000e+00 0.0000000000000000e+00 0.0000000000000000e+00 -1.0264166666666666e+01 -1.0772833333333331e+01 0.0000000000000000e+00 0.0000000000000000e+00 0.0000000000000000e+00 -1.7003999999999998e+01 0.0000000000000000e+00 0.0000000000000000e+00 0.0000000000000000e+00 -1.0772833333333331e+01 -1.0264166666666666e+01 0.0000000000000000e+00 0.0000000000000000e+00 0.0000000000000000e+00 -1.6350000000000001e+01 0.0000000000000000e+00 0.0000000000000000e+00 0.0000000000000000e+00 -1.0264166666666666e+01 -1.0772833333333331e+01 0.0000000000000000e+00 0.0000000000000000e+00 0.0000000000000000e+00 -1.7004000000000001e+01 0.0000000000000000e+00 0.0000000000000000e+00 0.0000000000000000e+00 -1.0772833333333331e+01 -1.0264166666666668e+01 0.0000000000000000e+00 0.0000000000000000e+00 0.0000000000000000e+00 -1.6350000000000001e+01 0.0000000000000000e+00 0.0000000000000000e+00 0.0000000000000000e+00 -1.0264166666666668e+01 -1.0772833333333331e+01 0.0000000000000000e+00 0.0000000000000000e+00 0.0000000000000000e+00 -1.7003999999999994e+01 0.0000000000000000e+00 0.0000000000000000e+00 0.0000000000000000e+00 -1.0772833333333331e+01 -1.0264166666666666e+01 0.0000000000000000e+00 0.0000000000000000e+00 0.0000000000000000e+00 -1.6349999999999998e+01 0.0000000000000000e+00 0.0000000000000000e+00 0.0000000000000000e+00 -1.0264166666666666e+01 -1.0772833333333331e+01 0.0000000000000000e+00 0.0000000000000000e+00 0.0000000000000000e+00 -1.7003999999999994e+01 0.0000000000000000e+00 0.0000000000000000e+00 0.0000000000000000e+00 -1.0772833333333331e+01 -1.0264166666666666e+01 0.0000000000000000e+00 0.0000000000000000e+00 0.0000000000000000e+00 -1.6349999999999998e+01 0.0000000000000000e+00 0.0000000000000000e+00 0.0000000000000000e+00 -1.0264166666666666e+01 -1.0772833333333331e+01 0.0000000000000000e+00 0.0000000000000000e+00 0.0000000000000000e+00 -1.7004000000000001e+01 0.0000000000000000e+00 0.0000000000000000e+00 0.0000000000000000e+00 -1.0772833333333331e+01 -1.0264166666666668e+01 0.0000000000000000e+00 0.0000000000000000e+00 0.0000000000000000e+00 -1.6350000000000001e+01 0.0000000000000000e+00 0.0000000000000000e+00 0.0000000000000000e+00 -1.0264166666666668e+01 -9.2468333333333348e+00 0.0000000000000000e+00 0.0000000000000000e+00 0.0000000000000000e+00 -1.5042000000000000e+01 0.0000000000000000e+00 0.0000000000000000e+00 0.0000000000000000e+00 -9.2468333333333348e+00 -8.7381666666666664e+00 0.0000000000000000e+00 0.0000000000000000e+00 0.0000000000000000e+00 -1.4388000000000002e+01 0.0000000000000000e+00 0.0000000000000000e+00 0.0000000000000000e+00 -8.7381666666666664e+00 -9.2468333333333330e+00 0.0000000000000000e+00 0.0000000000000000e+00 0.0000000000000000e+00 -1.5041999999999996e+01 0.0000000000000000e+00 0.0000000000000000e+00 0.0000000000000000e+00 -9.2468333333333330e+00 -8.7381666666666646e+00 0.0000000000000000e+00 0.0000000000000000e+00 0.0000000000000000e+00 -1.4388000000000000e+01 0.0000000000000000e+00 0.0000000000000000e+00 0.0000000000000000e+00 -8.7381666666666646e+00 -9.2468333333333330e+00 0.0000000000000000e+00 0.0000000000000000e+00 0.0000000000000000e+00 -1.5042000000000003e+01 0.0000000000000000e+00 0.0000000000000000e+00 0.0000000000000000e+00 -9.2468333333333330e+00 -8.7381666666666646e+00 0.0000000000000000e+00 0.0000000000000000e+00 0.0000000000000000e+00 -1.4388000000000000e+01 0.0000000000000000e+00 0.0000000000000000e+00 0.0000000000000000e+00 -8.7381666666666646e+00 -9.2468333333333330e+00 0.0000000000000000e+00 0.0000000000000000e+00 0.0000000000000000e+00 -1.5042000000000002e+01 0.0000000000000000e+00 0.0000000000000000e+00 0.0000000000000000e+00 -9.2468333333333330e+00 -8.7381666666666646e+00 0.0000000000000000e+00 0.0000000000000000e+00 0.0000000000000000e+00 -1.4387999999999996e+01 0.0000000000000000e+00 0.0000000000000000e+00 0.0000000000000000e+00 -8.7381666666666646e+00 -9.2468333333333330e+00 0.0000000000000000e+00 0.0000000000000000e+00 0.0000000000000000e+00 -1.5042000000000000e+01 0.0000000000000000e+00 0.0000000000000000e+00 0.0000000000000000e+00 -9.2468333333333330e+00 -8.7381666666666664e+00 0.0000000000000000e+00 0.0000000000000000e+00 0.0000000000000000e+00 -1.4387999999999998e+01 0.0000000000000000e+00 0.0000000000000000e+00 0.0000000000000000e+00 -8.7381666666666664e+00 -9.2468333333333330e+00 0.0000000000000000e+00 0.0000000000000000e+00 0.0000000000000000e+00 -1.5042000000000002e+01 0.0000000000000000e+00 0.0000000000000000e+00 0.0000000000000000e+00 -9.2468333333333330e+00 -8.7381666666666664e+00 0.0000000000000000e+00 0.0000000000000000e+00 0.0000000000000000e+00 -1.4388000000000002e+01 0.0000000000000000e+00 0.0000000000000000e+00 0.0000000000000000e+00 -8.7381666666666664e+00 -9.2468333333333330e+00 0.0000000000000000e+00 0.0000000000000000e+00 0.0000000000000000e+00 -1.5041999999999998e+01 0.0000000000000000e+00 0.0000000000000000e+00 0.0000000000000000e+00 -9.2468333333333330e+00 -8.7381666666666646e+00 0.0000000000000000e+00 0.0000000000000000e+00 0.0000000000000000e+00 -1.4388000000000000e+01 0.0000000000000000e+00 0.0000000000000000e+00 0.0000000000000000e+00 -8.7381666666666646e+00 -9.2468333333333330e+00 0.0000000000000000e+00 0.0000000000000000e+00 0.0000000000000000e+00 -1.5042000000000002e+01 0.0000000000000000e+00 0.0000000000000000e+00 0.0000000000000000e+00 -9.2468333333333330e+00 -8.7381666666666646e+00 0.0000000000000000e+00 0.0000000000000000e+00 0.0000000000000000e+00 -1.4388000000000000e+01 0.0000000000000000e+00 0.0000000000000000e+00 0.0000000000000000e+00 -8.7381666666666646e+00 -9.2468333333333312e+00 0.0000000000000000e+00 0.0000000000000000e+00 0.0000000000000000e+00 -1.5041999999999998e+01 0.0000000000000000e+00 0.0000000000000000e+00 0.0000000000000000e+00 -9.2468333333333312e+00 -8.7381666666666664e+00 0.0000000000000000e+00 0.0000000000000000e+00 0.0000000000000000e+00 -1.4387999999999998e+01 0.0000000000000000e+00 0.0000000000000000e+00 0.0000000000000000e+00 -8.7381666666666664e+00 -7.7208333333333332e+00 0.0000000000000000e+00 0.0000000000000000e+00 0.0000000000000000e+00 -1.3079999999999998e+01 0.0000000000000000e+00 0.0000000000000000e+00 0.0000000000000000e+00 -7.7208333333333332e+00 -7.2121666666666684e+00 0.0000000000000000e+00 0.0000000000000000e+00 0.0000000000000000e+00 -1.2426000000000004e+01 0.0000000000000000e+00 0.0000000000000000e+00 0.0000000000000000e+00 -7.2121666666666684e+00 -7.7208333333333341e+00 0.0000000000000000e+00 0.0000000000000000e+00 0.0000000000000000e+00 -1.3080000000000002e+01 0.0000000000000000e+00 0.0000000000000000e+00 0.0000000000000000e+00 -7.7208333333333341e+00 -7.2121666666666675e+00 0.0000000000000000e+00 0.0000000000000000e+00 0.0000000000000000e+00 -1.2426000000000002e+01 0.0000000000000000e+00 0.0000000000000000e+00 0.0000000000000000e+00 -7.2121666666666675e+00 -7.7208333333333359e+00 0.0000000000000000e+00 0.0000000000000000e+00 0.0000000000000000e+00 -1.3080000000000002e+01 0.0000000000000000e+00 0.0000000000000000e+00 0.0000000000000000e+00 -7.7208333333333359e+00 -7.2121666666666675e+00 0.0000000000000000e+00 0.0000000000000000e+00 0.0000000000000000e+00 -1.2426000000000000e+01 0.0000000000000000e+00 0.0000000000000000e+00 0.0000000000000000e+00 -7.2121666666666675e+00 -7.7208333333333323e+00 0.0000000000000000e+00 0.0000000000000000e+00 0.0000000000000000e+00 -1.3080000000000000e+01 0.0000000000000000e+00 0.0000000000000000e+00 0.0000000000000000e+00 -7.7208333333333323e+00 -7.2121666666666684e+00 0.0000000000000000e+00 0.0000000000000000e+00 0.0000000000000000e+00 -1.2426000000000000e+01 0.0000000000000000e+00 0.0000000000000000e+00 0.0000000000000000e+00 -7.2121666666666684e+00 -7.7208333333333350e+00 0.0000000000000000e+00 0.0000000000000000e+00 0.0000000000000000e+00 -1.3080000000000004e+01 0.0000000000000000e+00 0.0000000000000000e+00 0.0000000000000000e+00 -7.7208333333333350e+00 -7.2121666666666684e+00 0.0000000000000000e+00 0.0000000000000000e+00 0.0000000000000000e+00 -1.2426000000000002e+01 0.0000000000000000e+00 0.0000000000000000e+00 0.0000000000000000e+00 -7.2121666666666684e+00 -7.7208333333333359e+00 0.0000000000000000e+00 0.0000000000000000e+00 0.0000000000000000e+00 -1.3080000000000002e+01 0.0000000000000000e+00 0.0000000000000000e+00 0.0000000000000000e+00 -7.7208333333333359e+00 -7.2121666666666684e+00 0.0000000000000000e+00 0.0000000000000000e+00 0.0000000000000000e+00 -1.2426000000000002e+01 0.0000000000000000e+00 0.0000000000000000e+00 0.0000000000000000e+00 -7.2121666666666684e+00 -7.7208333333333350e+00 0.0000000000000000e+00 0.0000000000000000e+00 0.0000000000000000e+00 -1.3080000000000002e+01 0.0000000000000000e+00 0.0000000000000000e+00 0.0000000000000000e+00 -7.7208333333333350e+00 -7.2121666666666666e+00 0.0000000000000000e+00 0.0000000000000000e+00 0.0000000000000000e+00 -1.2426000000000002e+01 0.0000000000000000e+00 0.0000000000000000e+00 0.0000000000000000e+00 -7.2121666666666666e+00 -7.7208333333333306e+00 0.0000000000000000e+00 0.0000000000000000e+00 0.0000000000000000e+00 -1.3079999999999997e+01 0.0000000000000000e+00 0.0000000000000000e+00 0.0000000000000000e+00 -7.7208333333333306e+00 -7.2121666666666684e+00 0.0000000000000000e+00 0.0000000000000000e+00 0.0000000000000000e+00 -1.2426000000000002e+01 0.0000000000000000e+00 0.0000000000000000e+00 0.0000000000000000e+00 -7.2121666666666684e+00 -7.7208333333333350e+00 0.0000000000000000e+00 0.0000000000000000e+00 0.0000000000000000e+00 -1.3080000000000004e+01 0.0000000000000000e+00 0.0000000000000000e+00 0.0000000000000000e+00 -7.7208333333333350e+00 -7.2121666666666666e+00 0.0000000000000000e+00 0.0000000000000000e+00 0.0000000000000000e+00 -1.2426000000000000e+01 0.0000000000000000e+00 0.0000000000000000e+00 0.0000000000000000e+00 -7.2121666666666666e+00 -6.1948333333333343e+00 0.0000000000000000e+00 0.0000000000000000e+00 0.0000000000000000e+00 -1.1118000000000002e+01 0.0000000000000000e+00 0.0000000000000000e+00 0.0000000000000000e+00 -6.1948333333333343e+00 -5.6861666666666677e+00 0.0000000000000000e+00 0.0000000000000000e+00 0.0000000000000000e+00 -1.0464000000000000e+01 0.0000000000000000e+00 0.0000000000000000e+00 0.0000000000000000e+00 -5.6861666666666677e+00 -6.1948333333333387e+00 0.0000000000000000e+00 0.0000000000000000e+00 0.0000000000000000e+00 -1.1118000000000007e+01 0.0000000000000000e+00 0.0000000000000000e+00 0.0000000000000000e+00 -6.1948333333333387e+00 -5.6861666666666704e+00 0.0000000000000000e+00 0.0000000000000000e+00 0.0000000000000000e+00 -1.0464000000000004e+01 0.0000000000000000e+00 0.0000000000000000e+00 0.0000000000000000e+00 -5.6861666666666704e+00 -6.1948333333333361e+00 0.0000000000000000e+00 0.0000000000000000e+00 0.0000000000000000e+00 -1.1118000000000004e+01 0.0000000000000000e+00 0.0000000000000000e+00 0.0000000000000000e+00 -6.1948333333333361e+00 -5.6861666666666695e+00 0.0000000000000000e+00 0.0000000000000000e+00 0.0000000000000000e+00 -1.0464000000000002e+01 0.0000000000000000e+00 0.0000000000000000e+00 0.0000000000000000e+00 -5.6861666666666695e+00 -6.1948333333333343e+00 0.0000000000000000e+00 0.0000000000000000e+00 0.0000000000000000e+00 -1.1118000000000000e+01 0.0000000000000000e+00 0.0000000000000000e+00 0.0000000000000000e+00 -6.1948333333333343e+00 -5.6861666666666615e+00 0.0000000000000000e+00 0.0000000000000000e+00 0.0000000000000000e+00 -1.0463999999999993e+01 0.0000000000000000e+00 0.0000000000000000e+00 0.0000000000000000e+00 -5.6861666666666615e+00 -6.1948333333333325e+00 0.0000000000000000e+00 0.0000000000000000e+00 0.0000000000000000e+00 -1.1117999999999999e+01 0.0000000000000000e+00 0.0000000000000000e+00 0.0000000000000000e+00 -6.1948333333333325e+00 -5.6861666666666641e+00 0.0000000000000000e+00 0.0000000000000000e+00 0.0000000000000000e+00 -1.0463999999999995e+01 0.0000000000000000e+00 0.0000000000000000e+00 0.0000000000000000e+00 -5.6861666666666641e+00 -6.1948333333333352e+00 0.0000000000000000e+00 0.0000000000000000e+00 0.0000000000000000e+00 -1.1118000000000002e+01 0.0000000000000000e+00 0.0000000000000000e+00 0.0000000000000000e+00 -6.1948333333333352e+00 -5.6861666666666686e+00 0.0000000000000000e+00 0.0000000000000000e+00 0.0000000000000000e+00 -1.0464000000000004e+01 0.0000000000000000e+00 0.0000000000000000e+00 0.0000000000000000e+00 -5.6861666666666686e+00 -6.1948333333333352e+00 0.0000000000000000e+00 0.0000000000000000e+00 0.0000000000000000e+00 -1.1118000000000004e+01 0.0000000000000000e+00 0.0000000000000000e+00 0.0000000000000000e+00 -6.1948333333333352e+00 -5.6861666666666677e+00 0.0000000000000000e+00 0.0000000000000000e+00 0.0000000000000000e+00 -1.0464000000000000e+01 0.0000000000000000e+00 0.0000000000000000e+00 0.0000000000000000e+00 -5.6861666666666677e+00 -6.1948333333333334e+00 0.0000000000000000e+00 0.0000000000000000e+00 0.0000000000000000e+00 -1.1118000000000000e+01 0.0000000000000000e+00 0.0000000000000000e+00 0.0000000000000000e+00 -6.1948333333333334e+00 -5.6861666666666677e+00 0.0000000000000000e+00 0.0000000000000000e+00 0.0000000000000000e+00 -1.0464000000000000e+01 0.0000000000000000e+00 0.0000000000000000e+00 0.0000000000000000e+00 -5.6861666666666677e+00 -6.1948333333333343e+00 0.0000000000000000e+00 0.0000000000000000e+00 0.0000000000000000e+00 -1.1118000000000002e+01 0.0000000000000000e+00 0.0000000000000000e+00 0.0000000000000000e+00 -6.1948333333333343e+00 -5.6861666666666686e+00 0.0000000000000000e+00 0.0000000000000000e+00 0.0000000000000000e+00 -1.0464000000000000e+01 0.0000000000000000e+00 0.0000000000000000e+00 0.0000000000000000e+00 -5.6861666666666686e+00 -4.6991111111110797e+00 0.0000000000000000e+00 0.0000000000000000e+00 0.0000000000000000e+00 -9.1560000000000024e+00 0.0000000000000000e+00 0.0000000000000000e+00 0.0000000000000000e+00 -4.6991111111110797e+00 -4.2812777777777820e+00 0.0000000000000000e+00 0.0000000000000000e+00 0.0000000000000000e+00 -8.5020000000000078e+00 0.0000000000000000e+00 0.0000000000000000e+00 0.0000000000000000e+00 -4.2812777777777820e+00 -4.6991111111111135e+00 0.0000000000000000e+00 0.0000000000000000e+00 0.0000000000000000e+00 -9.1560000000000024e+00 0.0000000000000000e+00 0.0000000000000000e+00 0.0000000000000000e+00 -4.6991111111111135e+00 -4.2812777777777757e+00 0.0000000000000000e+00 0.0000000000000000e+00 0.0000000000000000e+00 -8.5019999999999971e+00 0.0000000000000000e+00 0.0000000000000000e+00 0.0000000000000000e+00 -4.2812777777777757e+00 -4.6991111111111126e+00 0.0000000000000000e+00 0.0000000000000000e+00 0.0000000000000000e+00 -9.1560000000000006e+00 0.0000000000000000e+00 0.0000000000000000e+00 0.0000000000000000e+00 -4.6991111111111126e+00 -4.2812777777777775e+00 0.0000000000000000e+00 0.0000000000000000e+00 0.0000000000000000e+00 -8.5019999999999989e+00 0.0000000000000000e+00 0.0000000000000000e+00 0.0000000000000000e+00 -4.2812777777777775e+00 -4.6991111111111099e+00 0.0000000000000000e+00 0.0000000000000000e+00 0.0000000000000000e+00 -9.1559999999999988e+00 0.0000000000000000e+00 0.0000000000000000e+00 0.0000000000000000e+00 -4.6991111111111099e+00 -4.2812777777777802e+00 0.0000000000000000e+00 0.0000000000000000e+00 0.0000000000000000e+00 -8.5020000000000060e+00 0.0000000000000000e+00 0.0000000000000000e+00 0.0000000000000000e+00 -4.2812777777777802e+00 -4.6991111111111072e+00 0.0000000000000000e+00 0.0000000000000000e+00 0.0000000000000000e+00 -9.1559999999999953e+00 0.0000000000000000e+00 0.0000000000000000e+00 0.0000000000000000e+00 -4.6991111111111072e+00 -4.2812777777777802e+00 0.0000000000000000e+00 0.0000000000000000e+00 0.0000000000000000e+00 -8.5020000000000060e+00 0.0000000000000000e+00 0.0000000000000000e+00 0.0000000000000000e+00 -4.2812777777777802e+00 -4.6991111111111126e+00 0.0000000000000000e+00 0.0000000000000000e+00 0.0000000000000000e+00 -9.1560000000000006e+00 0.0000000000000000e+00 0.0000000000000000e+00 0.0000000000000000e+00 -4.6991111111111126e+00 -4.2812777777777766e+00 0.0000000000000000e+00 0.0000000000000000e+00 0.0000000000000000e+00 -8.5019999999999971e+00 0.0000000000000000e+00 0.0000000000000000e+00 0.0000000000000000e+00 -4.2812777777777766e+00 -4.6991111111111117e+00 0.0000000000000000e+00 0.0000000000000000e+00 0.0000000000000000e+00 -9.1560000000000006e+00 0.0000000000000000e+00 0.0000000000000000e+00 0.0000000000000000e+00 -4.6991111111111117e+00 -4.2812777777777766e+00 0.0000000000000000e+00 0.0000000000000000e+00 0.0000000000000000e+00 -8.5019999999999971e+00 0.0000000000000000e+00 0.0000000000000000e+00 0.0000000000000000e+00 -4.2812777777777766e+00 -4.6991111111111126e+00 0.0000000000000000e+00 0.0000000000000000e+00 0.0000000000000000e+00 -9.1560000000000024e+00 0.0000000000000000e+00 0.0000000000000000e+00 0.0000000000000000e+00 -4.6991111111111126e+00 -4.2812777777777757e+00 0.0000000000000000e+00 0.0000000000000000e+00 0.0000000000000000e+00 -8.5019999999999971e+00 0.0000000000000000e+00 0.0000000000000000e+00 0.0000000000000000e+00 -4.2812777777777757e+00 -4.6991111111111135e+00 0.0000000000000000e+00 0.0000000000000000e+00 0.0000000000000000e+00 -9.1560000000000024e+00 0.0000000000000000e+00 0.0000000000000000e+00 0.0000000000000000e+00 -4.6991111111111135e+00 -4.2812777777777438e+00 0.0000000000000000e+00 0.0000000000000000e+00 0.0000000000000000e+00 -8.5019999999999971e+00 0.0000000000000000e+00 0.0000000000000000e+00 0.0000000000000000e+00 -4.2812777777777438e+00 -3.5970000000000009e+00 0.0000000000000000e+00 0.0000000000000000e+00 0.0000000000000000e+00 -7.1940000000000017e+00 0.0000000000000000e+00 0.0000000000000000e+00 0.0000000000000000e+00 -3.5970000000000009e+00 -3.2699999999999978e+00 0.0000000000000000e+00 0.0000000000000000e+00 0.0000000000000000e+00 -6.5399999999999956e+00 0.0000000000000000e+00 0.0000000000000000e+00 0.0000000000000000e+00 -3.2699999999999978e+00 -3.5969999999999973e+00 0.0000000000000000e+00 0.0000000000000000e+00 0.0000000000000000e+00 -7.1939999999999946e+00 0.0000000000000000e+00 0.0000000000000000e+00 0.0000000000000000e+00 -3.5969999999999973e+00 -3.2699999999999960e+00 0.0000000000000000e+00 0.0000000000000000e+00 0.0000000000000000e+00 -6.5399999999999920e+00 0.0000000000000000e+00 0.0000000000000000e+00 0.0000000000000000e+00 -3.2699999999999960e+00 -3.5969999999999969e+00 0.0000000000000000e+00 0.0000000000000000e+00 0.0000000000000000e+00 -7.1939999999999937e+00 0.0000000000000000e+00 0.0000000000000000e+00 0.0000000000000000e+00 -3.5969999999999969e+00 -3.2699999999999978e+00 0.0000000000000000e+00 0.0000000000000000e+00 0.0000000000000000e+00 -6.5399999999999956e+00 0.0000000000000000e+00 0.0000000000000000e+00 0.0000000000000000e+00 -3.2699999999999978e+00 -3.5970000000000013e+00 0.0000000000000000e+00 0.0000000000000000e+00 0.0000000000000000e+00 -7.1940000000000026e+00 0.0000000000000000e+00 0.0000000000000000e+00 0.0000000000000000e+00 -3.5970000000000013e+00 -3.2699999999999978e+00 0.0000000000000000e+00 0.0000000000000000e+00 0.0000000000000000e+00 -6.5399999999999956e+00 0.0000000000000000e+00 0.0000000000000000e+00 0.0000000000000000e+00 -3.2699999999999978e+00 -3.5970000000000022e+00 0.0000000000000000e+00 0.0000000000000000e+00 0.0000000000000000e+00 -7.1940000000000044e+00 0.0000000000000000e+00 0.0000000000000000e+00 0.0000000000000000e+00 -3.5970000000000022e+00 -3.2699999999999978e+00 0.0000000000000000e+00 0.0000000000000000e+00 0.0000000000000000e+00 -6.5399999999999956e+00 0.0000000000000000e+00 0.0000000000000000e+00 0.0000000000000000e+00 -3.2699999999999978e+00 -3.5969999999999982e+00 0.0000000000000000e+00 0.0000000000000000e+00 0.0000000000000000e+00 -7.1939999999999964e+00 0.0000000000000000e+00 0.0000000000000000e+00 0.0000000000000000e+00 -3.5969999999999982e+00 -3.2699999999999974e+00 0.0000000000000000e+00 0.0000000000000000e+00 0.0000000000000000e+00 -6.5399999999999947e+00 0.0000000000000000e+00 0.0000000000000000e+00 0.0000000000000000e+00 -3.2699999999999974e+00 -3.5969999999999960e+00 0.0000000000000000e+00 0.0000000000000000e+00 0.0000000000000000e+00 -7.1939999999999920e+00 0.0000000000000000e+00 0.0000000000000000e+00 0.0000000000000000e+00 -3.5969999999999960e+00 -3.2699999999999974e+00 0.0000000000000000e+00 0.0000000000000000e+00 0.0000000000000000e+00 -6.5399999999999947e+00 0.0000000000000000e+00 0.0000000000000000e+00 0.0000000000000000e+00 -3.2699999999999974e+00 -3.5969999999999960e+00 0.0000000000000000e+00 0.0000000000000000e+00 0.0000000000000000e+00 -7.1939999999999920e+00 0.0000000000000000e+00 0.0000000000000000e+00 0.0000000000000000e+00 -3.5969999999999960e+00 -3.2699999999999978e+00 0.0000000000000000e+00 0.0000000000000000e+00 0.0000000000000000e+00 -6.5399999999999956e+00 0.0000000000000000e+00 0.0000000000000000e+00 0.0000000000000000e+00 -3.2699999999999978e+00 -3.5969999999999978e+00 0.0000000000000000e+00 0.0000000000000000e+00 0.0000000000000000e+00 -7.1939999999999955e+00 0.0000000000000000e+00 0.0000000000000000e+00 0.0000000000000000e+00 -3.5969999999999978e+00 -3.2699999999999969e+00 0.0000000000000000e+00 0.0000000000000000e+00 0.0000000000000000e+00 -6.5399999999999938e+00 0.0000000000000000e+00 0.0000000000000000e+00 0.0000000000000000e+00 -3.2699999999999969e+00 -2.6159999999999961e+00 0.0000000000000000e+00 0.0000000000000000e+00 0.0000000000000000e+00 -5.2319999999999922e+00 0.0000000000000000e+00 0.0000000000000000e+00 0.0000000000000000e+00 -2.6159999999999961e+00 -2.2889999999999993e+00 0.0000000000000000e+00 0.0000000000000000e+00 0.0000000000000000e+00 -4.5779999999999985e+00 0.0000000000000000e+00 0.0000000000000000e+00 0.0000000000000000e+00 -2.2889999999999993e+00 -2.6159999999999974e+00 0.0000000000000000e+00 0.0000000000000000e+00 0.0000000000000000e+00 -5.2319999999999949e+00 0.0000000000000000e+00 0.0000000000000000e+00 0.0000000000000000e+00 -2.6159999999999974e+00 -2.2889999999999975e+00 0.0000000000000000e+00 0.0000000000000000e+00 0.0000000000000000e+00 -4.5779999999999950e+00 0.0000000000000000e+00 0.0000000000000000e+00 0.0000000000000000e+00 -2.2889999999999975e+00 -2.6159999999999970e+00 0.0000000000000000e+00 0.0000000000000000e+00 0.0000000000000000e+00 -5.2319999999999940e+00 0.0000000000000000e+00 0.0000000000000000e+00 0.0000000000000000e+00 -2.6159999999999970e+00 -2.2889999999999988e+00 0.0000000000000000e+00 0.0000000000000000e+00 0.0000000000000000e+00 -4.5779999999999976e+00 0.0000000000000000e+00 0.0000000000000000e+00 0.0000000000000000e+00 -2.2889999999999988e+00 -2.6159999999999974e+00 0.0000000000000000e+00 0.0000000000000000e+00 0.0000000000000000e+00 -5.2319999999999949e+00 0.0000000000000000e+00 0.0000000000000000e+00 0.0000000000000000e+00 -2.6159999999999974e+00 -2.2889999999999988e+00 0.0000000000000000e+00 0.0000000000000000e+00 0.0000000000000000e+00 -4.5779999999999976e+00 0.0000000000000000e+00 0.0000000000000000e+00 0.0000000000000000e+00 -2.2889999999999988e+00 -2.6159999999999966e+00 0.0000000000000000e+00 0.0000000000000000e+00 0.0000000000000000e+00 -5.2319999999999931e+00 0.0000000000000000e+00 0.0000000000000000e+00 0.0000000000000000e+00 -2.6159999999999966e+00 -2.2890000000000006e+00 0.0000000000000000e+00 0.0000000000000000e+00 0.0000000000000000e+00 -4.5780000000000012e+00 0.0000000000000000e+00 0.0000000000000000e+00 0.0000000000000000e+00 -2.2890000000000006e+00 -2.6159999999999988e+00 0.0000000000000000e+00 0.0000000000000000e+00 0.0000000000000000e+00 -5.2319999999999975e+00 0.0000000000000000e+00 0.0000000000000000e+00 0.0000000000000000e+00 -2.6159999999999988e+00 -2.2889999999999993e+00 0.0000000000000000e+00 0.0000000000000000e+00 0.0000000000000000e+00 -4.5779999999999985e+00 0.0000000000000000e+00 0.0000000000000000e+00 0.0000000000000000e+00 -2.2889999999999993e+00 -2.6159999999999966e+00 0.0000000000000000e+00 0.0000000000000000e+00 0.0000000000000000e+00 -5.2319999999999931e+00 0.0000000000000000e+00 0.0000000000000000e+00 0.0000000000000000e+00 -2.6159999999999966e+00 -2.2889999999999988e+00 0.0000000000000000e+00 0.0000000000000000e+00 0.0000000000000000e+00 -4.5779999999999976e+00 0.0000000000000000e+00 0.0000000000000000e+00 0.0000000000000000e+00 -2.2889999999999988e+00 -2.6159999999999966e+00 0.0000000000000000e+00 0.0000000000000000e+00 0.0000000000000000e+00 -5.2319999999999931e+00 0.0000000000000000e+00 0.0000000000000000e+00 0.0000000000000000e+00 -2.6159999999999966e+00 -2.2890000000000001e+00 0.0000000000000000e+00 0.0000000000000000e+00 0.0000000000000000e+00 -4.5780000000000003e+00 0.0000000000000000e+00 0.0000000000000000e+00 0.0000000000000000e+00 -2.2890000000000001e+00 -2.6159999999999983e+00 0.0000000000000000e+00 0.0000000000000000e+00 0.0000000000000000e+00 -5.2319999999999967e+00 0.0000000000000000e+00 0.0000000000000000e+00 0.0000000000000000e+00 -2.6159999999999983e+00 -2.2889999999999979e+00 0.0000000000000000e+00 0.0000000000000000e+00 0.0000000000000000e+00 -4.5779999999999959e+00 0.0000000000000000e+00 0.0000000000000000e+00 0.0000000000000000e+00 -2.2889999999999979e+00 -1.6349999999999989e+00 0.0000000000000000e+00 0.0000000000000000e+00 0.0000000000000000e+00 -3.2699999999999978e+00 0.0000000000000000e+00 0.0000000000000000e+00 0.0000000000000000e+00 -1.6349999999999989e+00 -1.3079999999999996e+00 0.0000000000000000e+00 0.0000000000000000e+00 0.0000000000000000e+00 -2.6159999999999992e+00 0.0000000000000000e+00 0.0000000000000000e+00 0.0000000000000000e+00 -1.3079999999999996e+00 -1.6349999999999993e+00 0.0000000000000000e+00 0.0000000000000000e+00 0.0000000000000000e+00 -3.2699999999999987e+00 0.0000000000000000e+00 0.0000000000000000e+00 0.0000000000000000e+00 -1.6349999999999993e+00 -1.3079999999999981e+00 0.0000000000000000e+00 0.0000000000000000e+00 0.0000000000000000e+00 -2.6159999999999961e+00 0.0000000000000000e+00 0.0000000000000000e+00 0.0000000000000000e+00 -1.3079999999999981e+00 -1.6349999999999989e+00 0.0000000000000000e+00 0.0000000000000000e+00 0.0000000000000000e+00 -3.2699999999999978e+00 0.0000000000000000e+00 0.0000000000000000e+00 0.0000000000000000e+00 -1.6349999999999989e+00 -1.3079999999999976e+00 0.0000000000000000e+00 0.0000000000000000e+00 0.0000000000000000e+00 -2.6159999999999952e+00 0.0000000000000000e+00 0.0000000000000000e+00 0.0000000000000000e+00 -1.3079999999999976e+00 -1.6349999999999989e+00 0.0000000000000000e+00 0.0000000000000000e+00 0.0000000000000000e+00 -3.2699999999999978e+00 0.0000000000000000e+00 0.0000000000000000e+00 0.0000000000000000e+00 -1.6349999999999989e+00 -1.3079999999999976e+00 0.0000000000000000e+00 0.0000000000000000e+00 0.0000000000000000e+00 -2.6159999999999952e+00 0.0000000000000000e+00 0.0000000000000000e+00 0.0000000000000000e+00 -1.3079999999999976e+00 -1.6349999999999989e+00 0.0000000000000000e+00 0.0000000000000000e+00 0.0000000000000000e+00 -3.2699999999999978e+00 0.0000000000000000e+00 0.0000000000000000e+00 0.0000000000000000e+00 -1.6349999999999989e+00 -1.3079999999999976e+00 0.0000000000000000e+00 0.0000000000000000e+00 0.0000000000000000e+00 -2.6159999999999952e+00 0.0000000000000000e+00 0.0000000000000000e+00 0.0000000000000000e+00 -1.3079999999999976e+00 -1.6349999999999989e+00 0.0000000000000000e+00 0.0000000000000000e+00 0.0000000000000000e+00 -3.2699999999999978e+00 0.0000000000000000e+00 0.0000000000000000e+00 0.0000000000000000e+00 -1.6349999999999989e+00 -1.3079999999999981e+00 0.0000000000000000e+00 0.0000000000000000e+00 0.0000000000000000e+00 -2.6159999999999961e+00 0.0000000000000000e+00 0.0000000000000000e+00 0.0000000000000000e+00 -1.3079999999999981e+00 -1.6349999999999989e+00 0.0000000000000000e+00 0.0000000000000000e+00 0.0000000000000000e+00 -3.2699999999999978e+00 0.0000000000000000e+00 0.0000000000000000e+00 0.0000000000000000e+00 -1.6349999999999989e+00 -1.3079999999999981e+00 0.0000000000000000e+00 0.0000000000000000e+00 0.0000000000000000e+00 -2.6159999999999961e+00 0.0000000000000000e+00 0.0000000000000000e+00 0.0000000000000000e+00 -1.3079999999999981e+00 -1.6349999999999991e+00 0.0000000000000000e+00 0.0000000000000000e+00 0.0000000000000000e+00 -3.2699999999999982e+00 0.0000000000000000e+00 0.0000000000000000e+00 0.0000000000000000e+00 -1.6349999999999991e+00 -1.3079999999999978e+00 0.0000000000000000e+00 0.0000000000000000e+00 0.0000000000000000e+00 -2.6159999999999957e+00 0.0000000000000000e+00 0.0000000000000000e+00 0.0000000000000000e+00 -1.3079999999999978e+00 -1.6349999999999987e+00 0.0000000000000000e+00 0.0000000000000000e+00 0.0000000000000000e+00 -3.2699999999999974e+00 0.0000000000000000e+00 0.0000000000000000e+00 0.0000000000000000e+00 -1.6349999999999987e+00 -1.3079999999999985e+00 0.0000000000000000e+00 0.0000000000000000e+00 0.0000000000000000e+00 -2.6159999999999970e+00 0.0000000000000000e+00 0.0000000000000000e+00 0.0000000000000000e+00 -1.3079999999999985e+00 -6.5399999999999814e-01 0.0000000000000000e+00 0.0000000000000000e+00 0.0000000000000000e+00 -1.3079999999999963e+00 0.0000000000000000e+00 0.0000000000000000e+00 0.0000000000000000e+00 -6.5399999999999814e-01 -3.2699999999999763e-01 0.0000000000000000e+00 0.0000000000000000e+00 0.0000000000000000e+00 -6.5399999999999525e-01 0.0000000000000000e+00 0.0000000000000000e+00 0.0000000000000000e+00 -3.2699999999999763e-01 -6.5399999999999803e-01 0.0000000000000000e+00 0.0000000000000000e+00 0.0000000000000000e+00 -1.3079999999999961e+00 0.0000000000000000e+00 0.0000000000000000e+00 0.0000000000000000e+00 -6.5399999999999803e-01 -3.2699999999999751e-01 0.0000000000000000e+00 0.0000000000000000e+00 0.0000000000000000e+00 -6.5399999999999503e-01 0.0000000000000000e+00 0.0000000000000000e+00 0.0000000000000000e+00 -3.2699999999999751e-01 -6.5399999999999747e-01 0.0000000000000000e+00 0.0000000000000000e+00 0.0000000000000000e+00 -1.3079999999999949e+00 0.0000000000000000e+00 0.0000000000000000e+00 0.0000000000000000e+00 -6.5399999999999747e-01 -3.2699999999999751e-01 0.0000000000000000e+00 0.0000000000000000e+00 0.0000000000000000e+00 -6.5399999999999503e-01 0.0000000000000000e+00 0.0000000000000000e+00 0.0000000000000000e+00 -3.2699999999999751e-01 -6.5399999999999736e-01 0.0000000000000000e+00 0.0000000000000000e+00 0.0000000000000000e+00 -1.3079999999999947e+00 0.0000000000000000e+00 0.0000000000000000e+00 0.0000000000000000e+00 -6.5399999999999736e-01 -3.2699999999999751e-01 0.0000000000000000e+00 0.0000000000000000e+00 0.0000000000000000e+00 -6.5399999999999503e-01 0.0000000000000000e+00 0.0000000000000000e+00 0.0000000000000000e+00 -3.2699999999999751e-01 -6.5399999999999736e-01 0.0000000000000000e+00 0.0000000000000000e+00 0.0000000000000000e+00 -1.3079999999999947e+00 0.0000000000000000e+00 0.0000000000000000e+00 0.0000000000000000e+00 -6.5399999999999736e-01 -3.2699999999999740e-01 0.0000000000000000e+00 0.0000000000000000e+00 0.0000000000000000e+00 -6.5399999999999481e-01 0.0000000000000000e+00 0.0000000000000000e+00 0.0000000000000000e+00 -3.2699999999999740e-01 -6.5399999999999736e-01 0.0000000000000000e+00 0.0000000000000000e+00 0.0000000000000000e+00 -1.3079999999999947e+00 0.0000000000000000e+00 0.0000000000000000e+00 0.0000000000000000e+00 -6.5399999999999736e-01 -3.2699999999999746e-01 0.0000000000000000e+00 0.0000000000000000e+00 0.0000000000000000e+00 -6.5399999999999492e-01 0.0000000000000000e+00 0.0000000000000000e+00 0.0000000000000000e+00 -3.2699999999999746e-01 -6.5399999999999592e-01 0.0000000000000000e+00 0.0000000000000000e+00 0.0000000000000000e+00 -1.3079999999999918e+00 0.0000000000000000e+00 0.0000000000000000e+00 0.0000000000000000e+00 -6.5399999999999592e-01 -3.2699999999999679e-01 0.0000000000000000e+00 0.0000000000000000e+00 0.0000000000000000e+00 -6.5399999999999359e-01 0.0000000000000000e+00 0.0000000000000000e+00 0.0000000000000000e+00 -3.2699999999999679e-01 -6.5399999999999825e-01 0.0000000000000000e+00 0.0000000000000000e+00 0.0000000000000000e+00 -1.3079999999999965e+00 0.0000000000000000e+00 0.0000000000000000e+00 0.0000000000000000e+00 -6.5399999999999825e-01 -3.2699999999999757e-01 0.0000000000000000e+00 0.0000000000000000e+00 0.0000000000000000e+00 -6.5399999999999514e-01 0.0000000000000000e+00 0.0000000000000000e+00 0.0000000000000000e+00 -3.2699999999999757e-01 -6.5399999999999747e-01 0.0000000000000000e+00 0.0000000000000000e+00 0.0000000000000000e+00 -1.3079999999999949e+00 0.0000000000000000e+00 0.0000000000000000e+00 0.0000000000000000e+00 -6.5399999999999747e-01 -3.2699999999999796e-01 0.0000000000000000e+00 0.0000000000000000e+00 0.0000000000000000e+00 -6.5399999999999592e-01 0.0000000000000000e+00 0.0000000000000000e+00 0.0000000000000000e+00 -3.2699999999999796e-01
</DataArray>
        <DataArray type="Float64" format="ascii" Name="sigma_xx">
-1.3116333333335662e+01 -1.3675866666671233e+01 -1.3116333333335570e+01 -1.3675866666671041e+01 -1.3116333333335470e+01 -1.3675866666670853e+01 -1.3116333333335376e+01 -1.3675866666670661e+01 -1.3116333333335284e+01 -1.3675866666670474e+01 -1.3116333333335186e+01 -1.3675866666670283e+01 -1.3116333333335096e+01 -1.3675866666670093e+01 -1.3116333333334998e+01 -1.3675866666669899e+01 -1.3116333333334902e+01 -1.3675866666669711e+01 -1.4794933333337122e+01 -1.5354466666667761e+01 -1.4794933333337347e+01 -1.5354466666668499e+01 -1.4794933333337571e+01 -1.5354466666669232e+01 -1.4794933333337797e+01 -1.5354466666669961e+01 -1.4794933333338017e+01 -1.5354466666670696e+01 -1.4794933333338241e+01 -1.5354466666671430e+01 -1.4794933333338468e+01 -1.5354466666672161e+01 -1.4794933333338690e+01 -1.5354466666672897e+01 -1.4794933333338918e+01 -1.5354466666673634e+01 -1.6473533333327534e+01 -1.7033066666657994e+01 -1.6473533333329378e+01 -1.7033066666660432e+01 -1.6473533333331211e+01 -1.7033066666662865e+01 -1.6473533333333052e+01 -1.7033066666665292e+01 -1.6473533333334888e+01 -1.7033066666667729e+01 -1.6473533333336725e+01 -1.7033066666670159e+01 -1.6473533333338562e+01 -1.7033066666672600e+01 -1.6473533333340402e+01 -1.7033066666675030e+01 -1.6473533333342242e+01 -1.7033066666677470e+01 -1.8152133333316488e+01 -1.8711666666647542e+01 -1.8152133333320112e+01 -1.8711666666651762e+01 -1.8152133333323736e+01 -1.8711666666655976e+01 -1.8152133333327356e+01 -1.8711666666660197e+01 -1.8152133333330980e+01 -1.8711666666664417e+01 -1.8152133333334604e+01 -1.8711666666668638e+01 -1.8152133333338227e+01 -1.8711666666672858e+01 -1.8152133333341855e+01 -1.8711666666677075e+01 -1.8152133333345471e+01 -1.8711666666681293e+01 -1.9830733333308544e+01 -2.0390266666642784e+01 -1.9830733333313432e+01 -2.0390266666647754e+01 -1.9830733333318324e+01 -2.0390266666652717e+01 -1.9830733333323217e+01 -2.0390266666657691e+01 -1.9830733333328112e+01 -2.0390266666662658e+01 -1.9830733333332997e+01 -2.0390266666667625e+01 -1.9830733333337886e+01 -2.0390266666672598e+01 -1.9830733333342788e+01 -2.0390266666677569e+01 -1.9830733333347670e+01 -2.0390266666682539e+01 -2.1509333333309399e+01 -2.2068866666646304e+01 -2.1509333333314004e+01 -2.2068866666650472e+01 -2.1509333333318608e+01 -2.2068866666654632e+01 -2.1509333333323209e+01 -2.2068866666658803e+01 -2.1509333333327827e+01 -2.2068866666662966e+01 -2.1509333333332432e+01 -2.2068866666667137e+01 -2.1509333333337036e+01 -2.2068866666671298e+01 -2.1509333333341640e+01 -2.2068866666675465e+01 -2.1509333333346245e+01 -2.2068866666679629e+01 -2.3187933333315950e+01 -2.3747466666652414e+01 -2.3187933333319229e+01 -2.3747466666655253e+01 -2.3187933333322515e+01 -2.3747466666658102e+01 -2.3187933333325805e+01 -2.3747466666660948e+01 -2.3187933333329084e+01 -2.3747466666663790e+01 -2.3187933333332371e+01 -2.3747466666666639e+01 -2.3187933333335653e+01 -2.3747466666669482e+01 -2.3187933333338940e+01 -2.3747466666672324e+01 -2.3187933333342222e+01 -2.3747466666675173e+01 -2.4866533333322494e+01 -2.5426066666658528e+01 -2.4866533333324469e+01 -2.5426066666660073e+01 -2.4866533333326444e+01 -2.5426066666661619e+01 -2.4866533333328412e+01 -2.5426066666663161e+01 -2.4866533333330391e+01 -2.5426066666664713e+01 -2.4866533333332374e+01 -2.5426066666666252e+01 -2.4866533333334342e+01 -2.5426066666667797e+01 -2.4866533333336321e+01 -2.5426066666669353e+01 -2.4866533333338303e+01 -2.5426066666670891e+01 -2.6545133333329051e+01 -2.7104666666664713e+01 -2.6545133333329794e+01 -2.7104666666665082e+01 -2.6545133333330536e+01 -2.7104666666665448e+01 -2.6545133333331279e+01 -2.7104666666665828e+01 -2.6545133333332029e+01 -2.7104666666666205e+01 -2.6545133333332775e+01 -2.7104666666666574e+01 -2.6545133333333514e+01 -2.7104666666666947e+01 -2.6545133333334263e+01 -2.7104666666667317e+01 -2.6545133333335006e+01 -2.7104666666667686e+01 -1.0772833333333331e+01 -1.0264166666666666e+01 -1.0772833333333333e+01 -1.0264166666666666e+01 -1.0772833333333335e+01 -1.0264166666666670e+01 -1.0772833333333329e+01 -1.0264166666666666e+01 -1.0772833333333331e+01 -1.0264166666666666e+01 -1.0772833333333331e+01 -1.0264166666666668e+01 -1.0772833333333331e+01 -1.0264166666666666e+01 -1.0772833333333331e+01 -1.0264166666666666e+01 -1.0772833333333331e+01 -1.0264166666666668e+01 -9.2468333333333348e+00 -8.7381666666666664e+00 -9.2468333333333330e+00 -8.7381666666666646e+00 -9.2468333333333330e+00 -8.7381666666666646e+00 -9.2468333333333330e+00 -8.7381666666666646e+00 -9.2468333333333330e+00 -8.7381666666666664e+00 -9.2468333333333330e+00 -8.7381666666666664e+00 -9.2468333333333330e+00 -8.7381666666666646e+00 -9.2468333333333330e+00 -8.7381666666666646e+00 -9.2468333333333312e+00 -8.7381666666666664e+00 -7.7208333333333332e+00 -7.2121666666666684e+00 -7.7208333333333341e+00 -7.2121666666666675e+00 -7.7208333333333359e+00 -7.2121666666666675e+00 -7.7208333333333323e+00 -7.2121666666666684e+00 -7.7208333333333350e+00 -7.2121666666666684e+00 -7.7208333333333359e+00 -7.2121666666666684e+00 -7.7208333333333350e+00 -7.2121666666666666e+00 -7.7208333333333306e+00 -7.2121666666666684e+00 -7.7208333333333350e+00 -7.2121666666666666e+00 -6.1948333333333343e+00 -5.6861666666666677e+00 -6.1948333333333387e+00 -5.6861666666666704e+00 -6.1948333333333361e+00 -5.6861666666666695e+00 -6.1948333333333343e+00 -5.6861666666666615e+00 -6.1948333333333325e+00 -5.6861666666666641e+00 -6.1948333333333352e+00 -5.6861666666666686e+00 -6.1948333333333352e+00 -5.6861666666666677e+00 -6.1948333333333334e+00 -5.6861666666666677e+00 -6.1948333333333343e+00 -5.6861666666666686e+00 -4.6991111111110797e+00 -4.2812777777777820e+00 -4.6991111111111135e+00 -4.2812777777777757e+00 -4.6991111111111126e+00 -4.2812777777777775e+00 -4.6991111111111099e+00 -4.2812777777777802e+00 -4.6991111111111072e+00 -4.2812777777777802e+00 -4.6991111111111126e+00 -4.2812777777777766e+00 -4.6991111111111117e+00 -4.2812777777777766e+00 -4.6991111111111126e+00 -4.2812777777777757e+00 -4.6991111111111135e+00 -4.2812777777777438e+00 -3.5970000000000009e+00 -3.2699999999999978e+00 -3.5969999999999973e+00 -3.2699999999999960e+00 -3.5969999999999969e+00 -3.2699999999999978e+00 -3.5970000000000013e+00 -3.2699999999999978e+00 -3.5970000000000022e+00 -3.2699999999999978e+00 -3.5969999999999982e+00 -3.2699999999999974e+00 -3.5969999999999960e+00 -3.2699999999999974e+00 -3.5969999999999960e+00 -3.2699999999999978e+00 -3.5969999999999978e+00 -3.2699999999999969e+00 -2.6159999999999961e+00 -2.2889999999999993e+00 -2.6159999999999974e+00 -2.2889999999999975e+00 -2.6159999999999970e+00 -2.2889999999999988e+00 -2.6159999999999974e+00 -2.2889999999999988e+00 -2.6159999999999966e+00 -2.2890000000000006e+00 -2.6159999999999988e+00 -2.2889999999999993e+00 -2.6159999999999966e+00 -2.2889999999999988e+00 -2.6159999999999966e+00 -2.2890000000000001e+00 -2.6159999999999983e+00 -2.2889999999999979e+00 -1.6349999999999989e+00 -1.3079999999999996e+00 -1.6349999999999993e+00 -1.3079999999999981e+00 -1.6349999999999989e+00 -1.3079999999999976e+00 -1.6349999999999989e+00 -1.3079999999999976e+00 -1.6349999999999989e+00 -1.3079999999999976e+00 -1.6349999999999989e+00 -1.3079999999999981e+00 -1.6349999999999989e+00 -1.3079999999999981e+00 -1.6349999999999991e+00 -1.3079999999999978e+00 -1.6349999999999987e+00 -1.3079999999999985e+00 -6.5399999999999814e-01 -3.2699999999999763e-01 -6.5399999999999803e-01 -3.2699999999999751e-01 -6.5399999999999747e-01 -3.2699999999999751e-01 -6.5399999999999736e-01 -3.2699999999999751e-01 -6.5399999999999736e-01 -3.2699999999999740e-01 -6.5399999999999736e-01 -3.2699999999999746e-01 -6.5399999999999592e-01 -3.2699999999999679e-01 -6.5399999999999825e-01 -3.2699999999999757e-01 -6.5399999999999747e-01 -3.2699999999999796e-01
</DataArray>
        <DataArray type="Float64" format="ascii" Name="tau_xy">
0.0000000000000000e+00 0.0000000000000000e+00 0.0000000000000000e+00 0.0000000000000000e+00 0.0000000000000000e+00 0.0000000000000000e+00 0.0000000000000000e+00 0.0000000000000000e+00 0.0000000000000000e+00 0.0000000000000000e+00 0.0000000000000000e+00 0.0000000000000000e+00 0.0000000000000000e+00 0.0000000000000000e+00 0.0000000000000000e+00 0.0000000000000000e+00 0.0000000000000000e+00 0.0000000000000000e+00 0.0000000000000000e+00 0.0000000000000000e+00 0.0000000000000000e+00 0.0000000000000000e+00 0.0000000000000000e+00 0.0000000000000000e+00 0.0000000000000000e+00 0.0000000000000000e+00 0.0000000000000000e+00 0.0000000000000000e+00 0.0000000000000000e+00 0.0000000000000000e+00 0.0000000000000000e+00 0.0000000000000000e+00 0.0000000000000000e+00 0.0000000000000000e+00 0.0000000000000000e+00 0.0000000000000000e+00 0.0000000000000000e+00 0.0000000000000000e+00 0.0000000000000000e+00 0.0000000000000000e+00 0.0000000000000000e+00 0.0000000000000000e+00 0.0000000000000000e+00 0.0000000000000000e+00 0.0000000000000000e+00 0.0000000000000000e+00 0.0000000000000000e+00 0.0000000000000000e+00 0.0000000000000000e+00 0.0000000000000000e+00 0.0000000000000000e+00 0.0000000000000000e+00 0.0000000000000000e+00 0.0000000000000000e+00 0.0000000000000000e+00 0.0000000000000000e+00 0.0000000000000000e+00 0.0000000000000000e+00 0.0000000000000000e+00 0.0000000000000000e+00 0.0000000000000000e+00 0.0000000000000000e+00 0.0000000000000000e+00 0.0000000000000000e+00 0.0000000000000000e+00 0.0000000000000000e+00 0.0000000000000000e+00 0.0000000000000000e+00 0.0000000000000000e+00 0.0000000000000000e+00 0.0000000000000000e+00 0.0000000000000000e+00 0.0000000000000000e+00 0.0000000000000000e+00 0.0000000000000000e+00 0.0000000000000000e+00 0.0000000000000000e+00 0.0000000000000000e+00 0.0000000000000000e+00 0.0000000000000000e+00 0.0000000000000000e+00 0.0000000000000000e+00 0.0000000000000000e+00 0.0000000000000000e+00 0.0000000000000000e+00 0.0000000000000000e+00 0.0000000000000000e+00 0.0000000000000000e+00 0.0000000000000000e+00 0.0000000000000000e+00 0.0000000000000000e+00 0.0000000000000000e+00 0.0000000000000000e+00 0.0000000000000000e+00 0.0000000000000000e+00 0.0000000000000000e+00 0.0000000000000000e+00 0.0000000000000000e+00 0.0000000000000000e+00 0.0000000000000000e+00 0.0000000000000000e+00 0.0000000000000000e+00 0.0000000000000000e+00 0.0000000000000000e+00 0.0000000000000000e+00 0.0000000000000000e+00 0.0000000000000000e+00 0.0000000000000000e+00 0.0000000000000000e+00 0.0000000000000000e+00 0.0000000000000000e+00 0.0000000000000000e+00 0.0000000000000000e+00 0.0000000000000000e+00 0.0000000000000000e+00 0.0000000000000000e+00 0.0000000000000000e+00 0.0000000000000000e+00 0.0000000000000000e+00 0.0000000000000000e+00 0.0000000000000000e+00 0.0000000000000000e+00 0.0000000000000000e+00 0.0000000000000000e+00 0.0000000000000000e+00 0.0000000000000000e+00 0.0000000000000000e+00 0.0000000000000000e+00 0.0000000000000000e+00 0.0000000000000000e+00 0.0000000000000000e+00 0.0000000000000000e+00 0.0000000000000000e+00 0.0000000000000000e+00 0.0000000000000000e+00 0.0000000000000000e+00 0.0000000000000000e+00 0.0000000000000000e+00 0.0000000000000000e+00 0.0000000000000000e+00 0.0000000000000000e+00 0.0000000000000000e+00 0.0000000000000000e+00 0.0000000000000000e+00 0.0000000000000000e+00 0.0000000000000000e+00 0.0000000000000000e+00 0.0000000000000000e+00 0.0000000000000000e+00 0.0000000000000000e+00 0.0000000000000000e+00 0.0000000000000000e+00 0.0000000000000000e+00 0.0000000000000000e+00 0.0000000000000000e+00 0.0000000000000000e+00 0.0000000000000000e+00 0.0000000000000000e+00 0.0000000000000000e+00 0.0000000000000000e+00 0.0000000000000000e+00 0.0000000000000000e+00 0.0000000000000000e+00 0.0000000000000000e+00 0.0000000000000000e+00 0.0000000000000000e+00 0.0000000000000000e+00 0.0000000000000000e+00 0.0000000000000000e+00 0.0000000000000000e+00 0.0000000000000000e+00 0.0000000000000000e+00 0.0000000000000000e+00 0.0000000000000000e+00 0.0000000000000000e+00 0.0000000000000000e+00 0.0000000000000000e+00 0.0000000000000000e+00 0.0000000000000000e+00 0.0000000000000000e+00 0.0000000000000000e+00 0.0000000000000000e+00 0.0000000000000000e+00 0.0000000000000000e+00 0.0000000000000000e+00 0.0000000000000000e+00 0.0000000000000000e+00 0.0000000000000000e+00 0.0000000000000000e+00 0.0000000000000000e+00 0.0000000000000000e+00 0.0000000000000000e+00 0.0000000000000000e+00 0.0000000000000000e+00 0.0000000000000000e+00 0.0000000000000000e+00 0.0000000000000000e+00 0.0000000000000000e+00 0.0000000000000000e+00 0.0000000000000000e+00 0.0000000000000000e+00 0.0000000000000000e+00 0.0000000000000000e+00 0.0000000000000000e+00 0.0000000000000000e+00 0.0000000000000000e+00 0.0000000000000000e+00 0.0000000000000000e+00 0.0000000000000000e+00 0.0000000000000000e+00 0.0000000000000000e+00 0.0000000000000000e+00 0.0000000000000000e+00 0.0000000000000000e+00 0.0000000000000000e+00 0.0000000000000000e+00 0.0000000000000000e+00 0.0000000000000000e+00 0.0000000000000000e+00 0.0000000000000000e+00 0.0000000000000000e+00 0.0000000000000000e+00 0.0000000000000000e+00 0.0000000000000000e+00 0.0000000000000000e+00 0.0000000000000000e+00 0.0000000000000000e+00 0.0000000000000000e+00 0.0000000000000000e+00 0.0000000000000000e+00 0.0000000000000000e+00 0.0000000000000000e+00 0.0000000000000000e+00 0.0000000000000000e+00 0.0000000000000000e+00 0.0000000000000000e+00 0.0000000000000000e+00 0.0000000000000000e+00 0.0000000000000000e+00 0.0000000000000000e+00 0.0000000000000000e+00 0.0000000000000000e+00 0.0000000000000000e+00 0.0000000000000000e+00 0.0000000000000000e+00 0.0000000000000000e+00 0.0000000000000000e+00 0.0000000000000000e+00 0.0000000000000000e+00 0.0000000000000000e+00 0.0000000000000000e+00 0.0000000000000000e+00 0.0000000000000000e+00 0.0000000000000000e+00 0.0000000000000000e+00 0.0000000000000000e+00 0.0000000000000000e+00 0.0000000000000000e+00 0.0000000000000000e+00 0.0000000000000000e+00 0.0000000000000000e+00 0.0000000000000000e+00 0.0000000000000000e+00 0.0000000000000000e+00 0.0000000000000000e+00 0.0000000000000000e+00 0.0000000000000000e+00 0.0000000000000000e+00 0.0000000000000000e+00 0.0000000000000000e+00 0.0000000000000000e+00 0.0000000000000000e+00 0.0000000000000000e+00 0.0000000000000000e+00 0.0000000000000000e+00 0.0000000000000000e+00 0.0000000000000000e+00 0.0000000000000000e+00 0.0000000000000000e+00 0.0000000000000000e+00 0.0000000000000000e+00 0.0000000000000000e+00 0.0000000000000000e+00 0.0000000000000000e+00 0.0000000000000000e+00 0.0000000000000000e+00 0.0000000000000000e+00 0.0000000000000000e+00 0.0000000000000000e+00 0.0000000000000000e+00 0.0000000000000000e+00 0.0000000000000000e+00 0.0000000000000000e+00 0.0000000000000000e+00 0.0000000000000000e+00 0.0000000000000000e+00 0.0000000000000000e+00 0.0000000000000000e+00 0.0000000000000000e+00 0.0000000000000000e+00 0.0000000000000000e+00 0.0000000000000000e+00 0.0000000000000000e+00 0.0000000000000000e+00 0.0000000000000000e+00 0.0000000000000000e+00 0.0000000000000000e+00 0.0000000000000000e+00 0.0000000000000000e+00 0.0000000000000000e+00 0.0000000000000000e+00 0.0000000000000000e+00 0.0000000000000000e+00 0.0000000000000000e+00 0.0000000000000000e+00 0.0000000000000000e+00 0.0000000000000000e+00 0.0000000000000000e+00 0.0000000000000000e+00 0.0000000000000000e+00 0.0000000000000000e+00 0.0000000000000000e+00 0.0000000000000000e+00 0.0000000000000000e+00
</DataArray>
        <DataArray type="Float64" format="ascii" Name="sigma_yy">
-1.8348333333336207e+01 -1.9038666666672302e+01 -1.8348333333336093e+01 -1.9038666666672061e+01 -1.8348333333335972e+01 -1.9038666666671830e+01 -1.8348333333335855e+01 -1.9038666666671599e+01 -1.8348333333335738e+01 -1.9038666666671361e+01 -1.8348333333335621e+01 -1.9038666666671126e+01 -1.8348333333335507e+01 -1.9038666666670895e+01 -1.8348333333335383e+01 -1.9038666666670654e+01 -1.8348333333335269e+01 -1.9038666666670427e+01 -2.0419333333338013e+01 -2.1109666666668019e+01 -2.0419333333338287e+01 -2.1109666666668929e+01 -2.0419333333338557e+01 -2.1109666666669831e+01 -2.0419333333338841e+01 -2.1109666666670734e+01 -2.0419333333339111e+01 -2.1109666666671639e+01 -2.0419333333339388e+01 -2.1109666666672549e+01 -2.0419333333339669e+01 -2.1109666666673444e+01 -2.0419333333339939e+01 -2.1109666666674354e+01 -2.0419333333340223e+01 -2.1109666666675263e+01 -2.2490333333326181e+01 -2.3180666666655970e+01 -2.2490333333328451e+01 -2.3180666666658976e+01 -2.2490333333330714e+01 -2.3180666666661978e+01 -2.2490333333332984e+01 -2.3180666666664973e+01 -2.2490333333335247e+01 -2.3180666666667978e+01 -2.2490333333337517e+01 -2.3180666666670980e+01 -2.2490333333339787e+01 -2.3180666666673986e+01 -2.2490333333342061e+01 -2.3180666666676984e+01 -2.2490333333344328e+01 -2.3180666666679997e+01 -2.4561333333312550e+01 -2.5251666666643072e+01 -2.4561333333317020e+01 -2.5251666666648280e+01 -2.4561333333321496e+01 -2.5251666666653477e+01 -2.4561333333325958e+01 -2.5251666666658689e+01 -2.4561333333330431e+01 -2.5251666666663890e+01 -2.4561333333334904e+01 -2.5251666666669102e+01 -2.4561333333339370e+01 -2.5251666666674300e+01 -2.4561333333343846e+01 -2.5251666666679512e+01 -2.4561333333348308e+01 -2.5251666666684713e+01 -2.6632333333302750e+01 -2.7322666666637200e+01 -2.6632333333308779e+01 -2.7322666666643336e+01 -2.6632333333314822e+01 -2.7322666666649457e+01 -2.6632333333320855e+01 -2.7322666666655596e+01 -2.6632333333326887e+01 -2.7322666666661718e+01 -2.6632333333332923e+01 -2.7322666666667857e+01 -2.6632333333338956e+01 -2.7322666666673985e+01 -2.6632333333344992e+01 -2.7322666666680114e+01 -2.6632333333351024e+01 -2.7322666666686253e+01 -2.8703333333303803e+01 -2.9393666666641540e+01 -2.8703333333309484e+01 -2.9393666666646684e+01 -2.8703333333315165e+01 -2.9393666666651818e+01 -2.8703333333320845e+01 -2.9393666666656969e+01 -2.8703333333326540e+01 -2.9393666666662103e+01 -2.8703333333332218e+01 -2.9393666666667251e+01 -2.8703333333337905e+01 -2.9393666666672381e+01 -2.8703333333343586e+01 -2.9393666666677525e+01 -2.8703333333349256e+01 -2.9393666666682659e+01 -3.0774333333311880e+01 -3.1464666666649080e+01 -3.0774333333315926e+01 -3.1464666666652583e+01 -3.0774333333319987e+01 -3.1464666666656097e+01 -3.0774333333324044e+01 -3.1464666666659614e+01 -3.0774333333328091e+01 -3.1464666666663117e+01 -3.0774333333332148e+01 -3.1464666666666631e+01 -3.0774333333336198e+01 -3.1464666666670148e+01 -3.0774333333340252e+01 -3.1464666666673651e+01 -3.0774333333344309e+01 -3.1464666666677157e+01 -3.2845333333319957e+01 -3.3535666666656624e+01 -3.2845333333322394e+01 -3.3535666666658535e+01 -3.2845333333324824e+01 -3.3535666666660440e+01 -3.2845333333327268e+01 -3.3535666666662344e+01 -3.2845333333329705e+01 -3.3535666666664255e+01 -3.2845333333332150e+01 -3.3535666666666152e+01 -3.2845333333334580e+01 -3.3535666666668064e+01 -3.2845333333337017e+01 -3.3535666666669975e+01 -3.2845333333339461e+01 -3.3535666666671887e+01 -3.4916333333328048e+01 -3.5606666666664253e+01 -3.4916333333328964e+01 -3.5606666666664715e+01 -3.4916333333329888e+01 -3.5606666666665163e+01 -3.4916333333330797e+01 -3.5606666666665639e+01 -3.4916333333331728e+01 -3.5606666666666094e+01 -3.4916333333332652e+01 -3.5606666666666555e+01 -3.4916333333333554e+01 -3.5606666666667003e+01 -3.4916333333334492e+01 -3.5606666666667465e+01 -3.4916333333335402e+01 -3.5606666666667920e+01 -1.7003999999999994e+01 -1.6349999999999998e+01 -1.7004000000000001e+01 -1.6349999999999998e+01 -1.7004000000000001e+01 -1.6350000000000001e+01 -1.7004000000000001e+01 -1.6349999999999998e+01 -1.7003999999999998e+01 -1.6350000000000001e+01 -1.7004000000000001e+01 -1.6350000000000001e+01 -1.7003999999999994e+01 -1.6349999999999998e+01 -1.7003999999999994e+01 -1.6349999999999998e+01 -1.7004000000000001e+01 -1.6350000000000001e+01 -1.5042000000000000e+01 -1.4388000000000002e+01 -1.5041999999999996e+01 -1.4388000000000000e+01 -1.5042000000000003e+01 -1.4388000000000000e+01 -1.5042000000000002e+01 -1.4387999999999996e+01 -1.5042000000000000e+01 -1.4387999999999998e+01 -1.5042000000000002e+01 -1.4388000000000002e+01 -1.5041999999999998e+01 -1.4388000000000000e+01 -1.5042000000000002e+01 -1.4388000000000000e+01 -1.5041999999999998e+01 -1.4387999999999998e+01 -1.3079999999999998e+01 -1.2426000000000004e+01 -1.3080000000000002e+01 -1.2426000000000002e+01 -1.3080000000000002e+01 -1.2426000000000000e+01 -1.3080000000000000e+01 -1.2426000000000000e+01 -1.3080000000000004e+01 -1.2426000000000002e+01 -1.3080000000000002e+01 -1.2426000000000002e+01 -1.3080000000000002e+01 -1.2426000000000002e+01 -1.3079999999999997e+01 -1.2426000000000002e+01 -1.3080000000000004e+01 -1.2426000000000000e+01 -1.1118000000000002e+01 -1.0464000000000000e+01 -1.1118000000000007e+01 -1.0464000000000004e+01 -1.1118000000000004e+01 -1.0464000000000002e+01 -1.1118000000000000e+01 -1.0463999999999993e+01 -1.1117999999999999e+01 -1.0463999999999995e+01 -1.1118000000000002e+01 -1.0464000000000004e+01 -1.1118000000000004e+01 -1.0464000000000000e+01 -1.1118000000000000e+01 -1.0464000000000000e+01 -1.1118000000000002e+01 -1.0464000000000000e+01 -9.1560000000000024e+00 -8.5020000000000078e+00 -9.1560000000000024e+00 -8.5019999999999971e+00 -9.1560000000000006e+00 -8.5019999999999989e+00 -9.1559999999999988e+00 -8.5020000000000060e+00 -9.1559999999999953e+00 -8.5020000000000060e+00 -9.1560000000000006e+00 -8.5019999999999971e+00 -9.1560000000000006e+00 -8.5019999999999971e+00 -9.1560000000000024e+00 -8.5019999999999971e+00 -9.1560000000000024e+00 -8.5019999999999971e+00 -7.1940000000000017e+00 -6.5399999999999956e+00 -7.1939999999999946e+00 -6.5399999999999920e+00 -7.1939999999999937e+00 -6.5399999999999956e+00 -7.1940000000000026e+00 -6.5399999999999956e+00 -7.1940000000000044e+00 -6.5399999999999956e+00 -7.1939999999999964e+00 -6.5399999999999947e+00 -7.1939999999999920e+00 -6.5399999999999947e+00 -7.1939999999999920e+00 -6.5399999999999956e+00 -7.1939999999999955e+00 -6.5399999999999938e+00 -5.2319999999999922e+00 -4.5779999999999985e+00 -5.2319999999999949e+00 -4.5779999999999950e+00 -5.2319999999999940e+00 -4.5779999999999976e+00 -5.2319999999999949e+00 -4.5779999999999976e+00 -5.2319999999999931e+00 -4.5780000000000012e+00 -5.2319999999999975e+00 -4.5779999999999985e+00 -5.2319999999999931e+00 -4.5779999999999976e+00 -5.2319999999999931e+00 -4.5780000000000003e+00 -5.2319999999999967e+00 -4.5779999999999959e+00 -3.2699999999999978e+00 -2.6159999999999992e+00 -3.2699999999999987e+00 -2.6159999999999961e+00 -3.2699999999999978e+00 -2.6159999999999952e+00 -3.2699999999999978e+00 -2.6159999999999952e+00 -3.2699999999999978e+00 -2.6159999999999952e+00 -3.2699999999999978e+00 -2.6159999999999961e+00 -3.2699999999999978e+00 -2.6159999999999961e+00 -3.2699999999999982e+00 -2.6159999999999957e+00 -3.2699999999999974e+00 -2.6159999999999970e+00 -1.3079999999999963e+00 -6.5399999999999525e-01 -1.3079999999999961e+00 -6.5399999999999503e-01 -1.3079999999999949e+00 -6.5399999999999503e-01 -1.3079999999999947e+00 -6.5399999999999503e-01 -1.3079999999999947e+00 -6.5399999999999481e-01 -1.3079999999999947e+00 -6.5399999999999492e-01 -1.3079999999999918e+00 -6.5399999999999359e-01 -1.3079999999999965e+00 -6.5399999999999514e-01 -1.3079999999999949e+00 -6.5399999999999592e-01
</DataArray>
        <DataArray type="Float64" format="ascii" Name="sigma_zz">
-1.3116333333335662e+01 -1.3675866666671233e+01 -1.3116333333335570e+01 -1.3675866666671041e+01 -1.3116333333335470e+01 -1.3675866666670853e+01 -1.3116333333335376e+01 -1.3675866666670661e+01 -1.3116333333335284e+01 -1.3675866666670474e+01 -1.3116333333335186e+01 -1.3675866666670283e+01 -1.3116333333335096e+01 -1.3675866666670093e+01 -1.3116333333334998e+01 -1.3675866666669899e+01 -1.3116333333334902e+01 -1.3675866666669711e+01 -1.4794933333337122e+01 -1.5354466666667761e+01 -1.4794933333337347e+01 -1.5354466666668499e+01 -1.4794933333337571e+01 -1.5354466666669232e+01 -1.4794933333337797e+01 -1.5354466666669961e+01 -1.4794933333338017e+01 -1.5354466666670696e+01 -1.4794933333338241e+01 -1.5354466666671430e+01 -1.4794933333338468e+01 -1.5354466666672161e+01 -1.4794933333338690e+01 -1.5354466666672897e+01 -1.4794933333338918e+01 -1.5354466666673634e+01 -1.6473533333327534e+01 -1.7033066666657994e+01 -1.6473533333329378e+01 -1.7033066666660432e+01 -1.6473533333331211e+01 -1.7033066666662865e+01 -1.6473533333333052e+01 -1.7033066666665292e+01 -1.6473533333334888e+01 -1.7033066666667729e+01 -1.6473533333336725e+01 -1.7033066666670159e+01 -1.6473533333338562e+01 -1.7033066666672600e+01 -1.6473533333340402e+01 -1.7033066666675030e+01 -1.6473533333342242e+01 -1.7033066666677470e+01 -1.8152133333316488e+01 -1.8711666666647542e+01 -1.8152133333320112e+01 -1.8711666666651762e+01 -1.8152133333323736e+01 -1.8711666666655976e+01 -1.8152133333327356e+01 -1.8711666666660197e+01 -1.8152133333330980e+01 -1.8711666666664417e+01 -1.8152133333334604e+01 -1.8711666666668638e+01 -1.8152133333338227e+01 -1.8711666666672858e+01 -1.8152133333341855e+01 -1.8711666666677075e+01 -1.8152133333345471e+01 -1.8711666666681293e+01 -1.9830733333308544e+01 -2.0390266666642784e+01 -1.9830733333313432e+01 -2.0390266666647754e+01 -1.9830733333318324e+01 -2.0390266666652717e+01 -1.9830733333323217e+01 -2.0390266666657691e+01 -1.9830733333328112e+01 -2.0390266666662658e+01 -1.9830733333332997e+01 -2.0390266666667625e+01 -1.9830733333337886e+01 -2.0390266666672598e+01 -1.9830733333342788e+01 -2.0390266666677569e+01 -1.9830733333347670e+01 -2.0390266666682539e+01 -2.1509333333309399e+01 -2.2068866666646304e+01 -2.1509333333314004e+01 -2.2068866666650472e+01 -2.1509333333318608e+01 -2.2068866666654632e+01 -2.1509333333323209e+01 -2.2068866666658803e+01 -2.1509333333327827e+01 -2.2068866666662966e+01 -2.1509333333332432e+01 -2.2068866666667137e+01 -2.1509333333337036e+01 -2.2068866666671298e+01 -2.1509333333341640e+01 -2.2068866666675465e+01 -2.1509333333346245e+01 -2.2068866666679629e+01 -2.3187933333315950e+01 -2.3747466666652414e+01 -2.3187933333319229e+01 -2.3747466666655253e+01 -2.3187933333322515e+01 -2.3747466666658102e+01 -2.3187933333325805e+01 -2.3747466666660948e+01 -2.3187933333329084e+01 -2.3747466666663790e+01 -2.3187933333332371e+01 -2.3747466666666639e+01 -2.3187933333335653e+01 -2.3747466666669482e+01 -2.3187933333338940e+01 -2.3747466666672324e+01 -2.3187933333342222e+01 -2.3747466666675173e+01 -2.4866533333322494e+01 -2.5426066666658528e+01 -2.4866533333324469e+01 -2.5426066666660073e+01 -2.4866533333326444e+01 -2.5426066666661619e+01 -2.4866533333328412e+01 -2.5426066666663161e+01 -2.4866533333330391e+01 -2.5426066666664713e+01 -2.4866533333332374e+01 -2.5426066666666252e+01 -2.4866533333334342e+01 -2.5426066666667797e+01 -2.4866533333336321e+01 -2.5426066666669353e+01 -2.4866533333338303e+01 -2.5426066666670891e+01 -2.6545133333329051e+01 -2.7104666666664713e+01 -2.6545133333329794e+01 -2.7104666666665082e+01 -2.6545133333330536e+01 -2.7104666666665448e+01 -2.6545133333331279e+01 -2.7104666666665828e+01 -2.6545133333332029e+01 -2.7104666666666205e+01 -2.6545133333332775e+01 -2.7104666666666574e+01 -2.6545133333333514e+01 -2.7104666666666947e+01 -2.6545133333334263e+01 -2.7104666666667317e+01 -2.6545133333335006e+01 -2.7104666666667686e+01 -1.0772833333333331e+01 -1.0264166666666666e+01 -1.0772833333333333e+01 -1.0264166666666666e+01 -1.0772833333333335e+01 -1.0264166666666670e+01 -1.0772833333333329e+01 -1.0264166666666666e+01 -1.0772833333333331e+01 -1.0264166666666666e+01 -1.0772833333333331e+01 -1.0264166666666668e+01 -1.0772833333333331e+01 -1.0264166666666666e+01 -1.0772833333333331e+01 -1.0264166666666666e+01 -1.0772833333333331e+01 -1.0264166666666668e+01 -9.2468333333333348e+00 -8.7381666666666664e+00 -9.2468333333333330e+00 -8.7381666666666646e+00 -9.2468333333333330e+00 -8.7381666666666646e+00 -9.2468333333333330e+00 -8.7381666666666646e+00 -9.2468333333333330e+00 -8.7381666666666664e+00 -9.2468333333333330e+00 -8.7381666666666664e+00 -9.2468333333333330e+00 -8.7381666666666646e+00 -9.2468333333333330e+00 -8.7381666666666646e+00 -9.2468333333333312e+00 -8.7381666666666664e+00 -7.7208333333333332e+00 -7.2121666666666684e+00 -7.7208333333333341e+00 -7.2121666666666675e+00 -7.7208333333333359e+00 -7.2121666666666675e+00 -7.7208333333333323e+00 -7.2121666666666684e+00 -7.7208333333333350e+00 -7.2121666666666684e+00 -7.7208333333333359e+00 -7.2121666666666684e+00 -7.7208333333333350e+00 -7.2121666666666666e+00 -7.7208333333333306e+00 -7.2121666666666684e+00 -7.7208333333333350e+00 -7.2121666666666666e+00 -6.1948333333333343e+00 -5.6861666666666677e+00 -6.1948333333333387e+00 -5.6861666666666704e+00 -6.1948333333333361e+00 -5.6861666666666695e+00 -6.1948333333333343e+00 -5.6861666666666615e+00 -6.1948333333333325e+00 -5.6861666666666641e+00 -6.1948333333333352e+00 -5.6861666666666686e+00 -6.1948333333333352e+00 -5.6861666666666677e+00 -6.1948333333333334e+00 -5.6861666666666677e+00 -6.1948333333333343e+00 -5.6861666666666686e+00 -4.6991111111110797e+00 -4.2812777777777820e+00 -4.6991111111111135e+00 -4.2812777777777757e+00 -4.6991111111111126e+00 -4.2812777777777775e+00 -4.6991111111111099e+00 -4.2812777777777802e+00 -4.6991111111111072e+00 -4.2812777777777802e+00 -4.6991111111111126e+00 -4.2812777777777766e+00 -4.6991111111111117e+00 -4.2812777777777766e+00 -4.6991111111111126e+00 -4.2812777777777757e+00 -4.6991111111111135e+00 -4.2812777777777438e+00 -3.5970000000000009e+00 -3.2699999999999978e+00 -3.5969999999999973e+00 -3.2699999999999960e+00 -3.5969999999999969e+00 -3.2699999999999978e+00 -3.5970000000000013e+00 -3.2699999999999978e+00 -3.5970000000000022e+00 -3.2699999999999978e+00 -3.5969999999999982e+00 -3.2699999999999974e+00 -3.5969999999999960e+00 -3.2699999999999974e+00 -3.5969999999999960e+00 -3.2699999999999978e+00 -3.5969999999999978e+00 -3.2699999999999969e+00 -2.6159999999999961e+00 -2.2889999999999993e+00 -2.6159999999999974e+00 -2.2889999999999975e+00 -2.6159999999999970e+00 -2.2889999999999988e+00 -2.6159999999999974e+00 -2.2889999999999988e+00 -2.6159999999999966e+00 -2.2890000000000006e+00 -2.6159999999999988e+00 -2.2889999999999993e+00 -2.6159999999999966e+00 -2.2889999999999988e+00 -2.6159999999999966e+00 -2.2890000000000001e+00 -2.6159999999999983e+00 -2.2889999999999979e+00 -1.6349999999999989e+00 -1.3079999999999996e+00 -1.6349999999999993e+00 -1.3079999999999981e+00 -1.6349999999999989e+00 -1.3079999999999976e+00 -1.6349999999999989e+00 -1.3079999999999976e+00 -1.6349999999999989e+00 -1.3079999999999976e+00 -1.6349999999999989e+00 -1.3079999999999981e+00 -1.6349999999999989e+00 -1.3079999999999981e+00 -1.6349999999999991e+00 -1.3079999999999978e+00 -1.6349999999999987e+00 -1.3079999999999985e+00 -6.5399999999999814e-01 -3.2699999999999763e-01 -6.5399999999999803e-01 -3.2699999999999751e-01 -6.5399999999999747e-01 -3.2699999999999751e-01 -6.5399999999999736e-01 -3.2699999999999751e-01 -6.5399999999999736e-01 -3.2699999999999740e-01 -6.5399999999999736e-01 -3.2699999999999746e-01 -6.5399999999999592e-01 -3.2699999999999679e-01 -6.5399999999999825e-01 -3.2699999999999757e-01 -6.5399999999999747e-01 -3.2699999999999796e-01
</DataArray>
        <DataArray type="Float64" format="ascii" Name="sigma1">
-1.3116333333335662e+01 -1.3675866666671233e+01 -1.3116333333335570e+01 -1.3675866666671041e+01 -1.3116333333335470e+01 -1.3675866666670853e+01 -1.3116333333335376e+01 -1.3675866666670661e+01 -1.3116333333335284e+01 -1.3675866666670474e+01 -1.3116333333335186e+01 -1.3675866666670283e+01 -1.3116333333335096e+01 -1.3675866666670093e+01 -1.3116333333334998e+01 -1.3675866666669899e+01 -1.3116333333334902e+01 -1.3675866666669711e+01 -1.4794933333337122e+01 -1.5354466666667761e+01 -1.4794933333337347e+01 -1.5354466666668499e+01 -1.4794933333337571e+01 -1.5354466666669232e+01 -1.4794933333337797e+01 -1.5354466666669961e+01 -1.4794933333338017e+01 -1.5354466666670696e+01 -1.4794933333338241e+01 -1.5354466666671430e+01 -1.4794933333338468e+01 -1.5354466666672161e+01 -1.4794933333338690e+01 -1.5354466666672897e+01 -1.4794933333338918e+01 -1.5354466666673634e+01 -1.6473533333327534e+01 -1.7033066666657994e+01 -1.6473533333329378e+01 -1.7033066666660432e+01 -1.6473533333331211e+01 -1.7033066666662865e+01 -1.6473533333333052e+01 -1.7033066666665292e+01 -1.6473533333334888e+01 -1.7033066666667729e+01 -1.6473533333336725e+01 -1.7033066666670159e+01 -1.6473533333338562e+01 -1.7033066666672600e+01 -1.6473533333340402e+01 -1.7033066666675030e+01 -1.6473533333342242e+01 -1.7033066666677470e+01 -1.8152133333316488e+01 -1.8711666666647542e+01 -1.8152133333320112e+01 -1.8711666666651762e+01 -1.8152133333323736e+01 -1.8711666666655976e+01 -1.8152133333327356e+01 -1.8711666666660197e+01 -1.8152133333330980e+01 -1.8711666666664417e+01 -1.8152133333334604e+01 -1.8711666666668638e+01 -1.8152133333338227e+01 -1.8711666666672858e+01 -1.8152133333341855e+01 -1.8711666666677075e+01 -1.8152133333345471e+01 -1.8711666666681293e+01 -1.9830733333308544e+01 -2.0390266666642784e+01 -1.9830733333313432e+01 -2.0390266666647754e+01 -1.9830733333318324e+01 -2.0390266666652717e+01 -1.9830733333323217e+01 -2.0390266666657691e+01 -1.9830733333328112e+01 -2.0390266666662658e+01 -1.9830733333332997e+01 -2.0390266666667625e+01 -1.9830733333337886e+01 -2.0390266666672598e+01 -1.9830733333342788e+01 -2.0390266666677569e+01 -1.9830733333347670e+01 -2.0390266666682539e+01 -2.1509333333309399e+01 -2.2068866666646304e+01 -2.1509333333314004e+01 -2.2068866666650472e+01 -2.1509333333318608e+01 -2.2068866666654632e+01 -2.1509333333323209e+01 -2.2068866666658803e+01 -2.1509333333327827e+01 -2.2068866666662966e+01 -2.1509333333332432e+01 -2.2068866666667137e+01 -2.1509333333337036e+01 -2.2068866666671298e+01 -2.1509333333341640e+01 -2.2068866666675465e+01 -2.1509333333346245e+01 -2.2068866666679629e+01 -2.3187933333315950e+01 -2.3747466666652414e+01 -2.3187933333319229e+01 -2.3747466666655253e+01 -2.3187933333322515e+01 -2.3747466666658102e+01 -2.3187933333325805e+01 -2.3747466666660948e+01 -2.3187933333329084e+01 -2.3747466666663790e+01 -2.3187933333332371e+01 -2.3747466666666639e+01 -2.3187933333335653e+01 -2.3747466666669482e+01 -2.3187933333338940e+01 -2.3747466666672324e+01 -2.3187933333342222e+01 -2.3747466666675173e+01 -2.4866533333322494e+01 -2.5426066666658528e+01 -2.4866533333324469e+01 -2.5426066666660073e+01 -2.4866533333326444e+01 -2.5426066666661619e+01 -2.4866533333328412e+01 -2.5426066666663161e+01 -2.4866533333330391e+01 -2.5426066666664713e+01 -2.4866533333332374e+01 -2.5426066666666252e+01 -2.4866533333334342e+01 -2.5426066666667797e+01 -2.4866533333336321e+01 -2.5426066666669353e+01 -2.4866533333338303e+01 -2.5426066666670891e+01 -2.6545133333329051e+01 -2.7104666666664713e+01 -2.6545133333329794e+01 -2.7104666666665082e+01 -2.6545133333330536e+01 -2.7104666666665448e+01 -2.6545133333331279e+01 -2.7104666666665828e+01 -2.6545133333332029e+01 -2.7104666666666205e+01 -2.6545133333332775e+01 -2.7104666666666574e+01 -2.6545133333333514e+01 -2.7104666666666947e+01 -2.6545133333334263e+01 -2.7104666666667317e+01 -2.6545133333335006e+01 -2.7104666666667686e+01 -1.0772833333333331e+01 -1.0264166666666666e+01 -1.0772833333333333e+01 -1.0264166666666666e+01 -1.0772833333333335e+01 -1.0264166666666670e+01 -1.0772833333333329e+01 -1.0264166666666666e+01 -1.0772833333333331e+01 -1.0264166666666666e+01 -1.0772833333333331e+01 -1.0264166666666668e+01 -1.0772833333333331e+01 -1.0264166666666666e+01 -1.0772833333333331e+01 -1.0264166666666666e+01 -1.0772833333333331e+01 -1.0264166666666668e+01 -9.2468333333333348e+00 -8.7381666666666664e+00 -9.2468333333333330e+00 -8.7381666666666646e+00 -9.2468333333333330e+00 -8.7381666666666646e+00 -9.2468333333333330e+00 -8.7381666666666646e+00 -9.2468333333333330e+00 -8.7381666666666664e+00 -9.2468333333333330e+00 -8.7381666666666664e+00 -9.2468333333333330e+00 -8.7381666666666646e+00 -9.2468333333333330e+00 -8.7381666666666646e+00 -9.2468333333333312e+00 -8.7381666666666664e+00 -7.7208333333333332e+00 -7.2121666666666684e+00 -7.7208333333333341e+00 -7.2121666666666675e+00 -7.7208333333333359e+00 -7.2121666666666675e+00 -7.7208333333333323e+00 -7.2121666666666684e+00 -7.7208333333333350e+00 -7.2121666666666684e+00 -7.7208333333333359e+00 -7.2121666666666684e+00 -7.7208333333333350e+00 -7.2121666666666666e+00 -7.7208333333333306e+00 -7.2121666666666684e+00 -7.7208333333333350e+00 -7.2121666666666666e+00 -6.1948333333333343e+00 -5.6861666666666677e+00 -6.1948333333333387e+00 -5.6861666666666704e+00 -6.1948333333333361e+00 -5.6861666666666695e+00 -6.1948333333333343e+00 -5.6861666666666615e+00 -6.1948333333333325e+00 -5.6861666666666641e+00 -6.1948333333333352e+00 -5.6861666666666686e+00 -6.1948333333333352e+00 -5.6861666666666677e+00 -6.1948333333333334e+00 -5.6861666666666677e+00 -6.1948333333333343e+00 -5.6861666666666686e+00 -4.6991111111110797e+00 -4.2812777777777820e+00 -4.6991111111111135e+00 -4.2812777777777757e+00 -4.6991111111111126e+00 -4.2812777777777775e+00 -4.6991111111111099e+00 -4.2812777777777802e+00 -4.6991111111111072e+00 -4.2812777777777802e+00 -4.6991111111111126e+00 -4.2812777777777766e+00 -4.6991111111111117e+00 -4.2812777777777766e+00 -4.6991111111111126e+00 -4.2812777777777757e+00 -4.6991111111111135e+00 -4.2812777777777438e+00 -3.5970000000000009e+00 -3.2699999999999978e+00 -3.5969999999999973e+00 -3.2699999999999960e+00 -3.5969999999999969e+00 -3.2699999999999978e+00 -3.5970000000000013e+00 -3.2699999999999978e+00 -3.5970000000000022e+00 -3.2699999999999978e+00 -3.5969999999999982e+00 -3.2699999999999974e+00 -3.5969999999999960e+00 -3.2699999999999974e+00 -3.5969999999999960e+00 -3.2699999999999978e+00 -3.5969999999999978e+00 -3.2699999999999969e+00 -2.6159999999999961e+00 -2.2889999999999993e+00 -2.6159999999999974e+00 -2.2889999999999975e+00 -2.6159999999999970e+00 -2.2889999999999988e+00 -2.6159999999999974e+00 -2.2889999999999988e+00 -2.6159999999999966e+00 -2.2890000000000006e+00 -2.6159999999999988e+00 -2.2889999999999993e+00 -2.6159999999999966e+00 -2.2889999999999988e+00 -2.6159999999999966e+00 -2.2890000000000001e+00 -2.6159999999999983e+00 -2.2889999999999979e+00 -1.6349999999999989e+00 -1.3079999999999996e+00 -1.6349999999999993e+00 -1.3079999999999981e+00 -1.6349999999999989e+00 -1.3079999999999976e+00 -1.6349999999999989e+00 -1.3079999999999976e+00 -1.6349999999999989e+00 -1.3079999999999976e+00 -1.6349999999999989e+00 -1.3079999999999981e+00 -1.6349999999999989e+00 -1.3079999999999981e+00 -1.6349999999999991e+00 -1.3079999999999978e+00 -1.6349999999999987e+00 -1.3079999999999985e+00 -6.5399999999999814e-01 -3.2699999999999763e-01 -6.5399999999999803e-01 -3.2699999999999751e-01 -6.5399999999999747e-01 -3.2699999999999751e-01 -6.5399999999999736e-01 -3.2699999999999751e-01 -6.5399999999999736e-01 -3.2699999999999740e-01 -6.5399999999999736e-01 -3.2699999999999746e-01 -6.5399999999999592e-01 -3.2699999999999679e-01 -6.5399999999999825e-01 -3.2699999999999757e-01 -6.5399999999999747e-01 -3.2699999999999796e-01
</DataArray>
        <DataArray type="Float64" format="ascii" Name="sigma2">
-1.3116333333335662e+01 -1.3675866666671233e+01 -1.3116333333335570e+01 -1.3675866666671041e+01 -1.3116333333335470e+01 -1.3675866666670853e+01 -1.3116333333335376e+01 -1.3675866666670661e+01 -1.3116333333335284e+01 -1.3675866666670474e+01 -1.3116333333335186e+01 -1.3675866666670283e+01 -1.3116333333335096e+01 -1.3675866666670093e+01 -1.3116333333334998e+01 -1.3675866666669899e+01 -1.3116333333334902e+01 -1.3675866666669711e+01 -1.4794933333337122e+01 -1.5354466666667761e+01 -1.4794933333337347e+01 -1.5354466666668499e+01 -1.4794933333337571e+01 -1.5354466666669232e+01 -1.4794933333337797e+01 -1.5354466666669961e+01 -1.4794933333338017e+01 -1.5354466666670696e+01 -1.4794933333338241e+01 -1.5354466666671430e+01 -1.4794933333338468e+01 -1.5354466666672161e+01 -1.4794933333338690e+01 -1.5354466666672897e+01 -1.4794933333338918e+01 -1.5354466666673634e+01 -1.6473533333327534e+01 -1.7033066666657994e+01 -1.6473533333329378e+01 -1.7033066666660432e+01 -1.6473533333331211e+01 -1.7033066666662865e+01 -1.6473533333333052e+01 -1.7033066666665292e+01 -1.6473533333334888e+01 -1.7033066666667729e+01 -1.6473533333336725e+01 -1.7033066666670159e+01 -1.6473533333338562e+01 -1.7033066666672600e+01 -1.6473533333340402e+01 -1.7033066666675030e+01 -1.6473533333342242e+01 -1.7033066666677470e+01 -1.8152133333316488e+01 -1.8711666666647542e+01 -1.8152133333320112e+01 -1.8711666666651762e+01 -1.8152133333323736e+01 -1.8711666666655976e+01 -1.8152133333327356e+01 -1.8711666666660197e+01 -1.8152133333330980e+01 -1.8711666666664417e+01 -1.8152133333334604e+01 -1.8711666666668638e+01 -1.8152133333338227e+01 -1.8711666666672858e+01 -1.8152133333341855e+01 -1.8711666666677075e+01 -1.8152133333345471e+01 -1.8711666666681293e+01 -1.9830733333308544e+01 -2.0390266666642784e+01 -1.9830733333313432e+01 -2.0390266666647754e+01 -1.9830733333318324e+01 -2.0390266666652717e+01 -1.9830733333323217e+01 -2.0390266666657691e+01 -1.9830733333328112e+01 -2.0390266666662658e+01 -1.9830733333332997e+01 -2.0390266666667625e+01 -1.9830733333337886e+01 -2.0390266666672598e+01 -1.9830733333342788e+01 -2.0390266666677569e+01 -1.9830733333347670e+01 -2.0390266666682539e+01 -2.1509333333309399e+01 -2.2068866666646304e+01 -2.1509333333314004e+01 -2.2068866666650472e+01 -2.1509333333318608e+01 -2.2068866666654632e+01 -2.1509333333323209e+01 -2.2068866666658803e+01 -2.1509333333327827e+01 -2.2068866666662966e+01 -2.1509333333332432e+01 -2.2068866666667137e+01 -2.1509333333337036e+01 -2.2068866666671298e+01 -2.1509333333341640e+01 -2.2068866666675465e+01 -2.1509333333346245e+01 -2.2068866666679629e+01 -2.3187933333315950e+01 -2.3747466666652414e+01 -2.3187933333319229e+01 -2.3747466666655253e+01 -2.3187933333322515e+01 -2.3747466666658102e+01 -2.3187933333325805e+01 -2.3747466666660948e+01 -2.3187933333329084e+01 -2.3747466666663790e+01 -2.3187933333332371e+01 -2.3747466666666639e+01 -2.3187933333335653e+01 -2.3747466666669482e+01 -2.3187933333338940e+01 -2.3747466666672324e+01 -2.3187933333342222e+01 -2.3747466666675173e+01 -2.4866533333322494e+01 -2.5426066666658528e+01 -2.4866533333324469e+01 -2.5426066666660073e+01 -2.4866533333326444e+01 -2.5426066666661619e+01 -2.4866533333328412e+01 -2.5426066666663161e+01 -2.4866533333330391e+01 -2.5426066666664713e+01 -2.4866533333332374e+01 -2.5426066666666252e+01 -2.4866533333334342e+01 -2.5426066666667797e+01 -2.4866533333336321e+01 -2.5426066666669353e+01 -2.4866533333338303e+01 -2.5426066666670891e+01 -2.6545133333329051e+01 -2.7104666666664713e+01 -2.6545133333329794e+01 -2.7104666666665082e+01 -2.6545133333330536e+01 -2.7104666666665448e+01 -2.6545133333331279e+01 -2.7104666666665828e+01 -2.6545133333332029e+01 -2.7104666666666205e+01 -2.6545133333332775e+01 -2.7104666666666574e+01 -2.6545133333333514e+01 -2.7104666666666947e+01 -2.6545133333334263e+01 -2.7104666666667317e+01 -2.6545133333335006e+01 -2.7104666666667686e+01 -1.0772833333333331e+01 -1.0264166666666666e+01 -1.0772833333333333e+01 -1.0264166666666666e+01 -1.0772833333333335e+01 -1.0264166666666670e+01 -1.0772833333333329e+01 -1.0264166666666666e+01 -1.0772833333333331e+01 -1.0264166666666666e+01 -1.0772833333333331e+01 -1.0264166666666668e+01 -1.0772833333333331e+01 -1.0264166666666666e+01 -1.0772833333333331e+01 -1.0264166666666666e+01 -1.0772833333333331e+01 -1.0264166666666668e+01 -9.2468333333333348e+00 -8.7381666666666664e+00 -9.2468333333333330e+00 -8.7381666666666646e+00 -9.2468333333333330e+00 -8.7381666666666646e+00 -9.2468333333333330e+00 -8.7381666666666646e+00 -9.2468333333333330e+00 -8.7381666666666664e+00 -9.2468333333333330e+00 -8.7381666666666664e+00 -9.2468333333333330e+00 -8.7381666666666646e+00 -9.2468333333333330e+00 -8.7381666666666646e+00 -9.2468333333333312e+00 -8.7381666666666664e+00 -7.7208333333333332e+00 -7.2121666666666684e+00 -7.7208333333333341e+00 -7.2121666666666675e+00 -7.7208333333333359e+00 -7.2121666666666675e+00 -7.7208333333333323e+00 -7.2121666666666684e+00 -7.7208333333333350e+00 -7.2121666666666684e+00 -7.7208333333333359e+00 -7.2121666666666684e+00 -7.7208333333333350e+00 -7.2121666666666666e+00 -7.7208333333333306e+00 -7.2121666666666684e+00 -7.7208333333333350e+00 -7.2121666666666666e+00 -6.1948333333333343e+00 -5.6861666666666677e+00 -6.1948333333333387e+00 -5.6861666666666704e+00 -6.1948333333333361e+00 -5.6861666666666695e+00 -6.1948333333333343e+00 -5.6861666666666615e+00 -6.1948333333333325e+00 -5.6861666666666641e+00 -6.1948333333333352e+00 -5.6861666666666686e+00 -6.1948333333333352e+00 -5.6861666666666677e+00 -6.1948333333333334e+00 -5.6861666666666677e+00 -6.1948333333333343e+00 -5.6861666666666686e+00 -4.6991111111110797e+00 -4.2812777777777820e+00 -4.6991111111111135e+00 -4.2812777777777757e+00 -4.6991111111111126e+00 -4.2812777777777775e+00 -4.6991111111111099e+00 -4.2812777777777802e+00 -4.6991111111111072e+00 -4.2812777777777802e+00 -4.6991111111111126e+00 -4.2812777777777766e+00 -4.6991111111111117e+00 -4.2812777777777766e+00 -4.6991111111111126e+00 -4.2812777777777757e+00 -4.6991111111111135e+00 -4.2812777777777438e+00 -3.5970000000000009e+00 -3.2699999999999978e+00 -3.5969999999999973e+00 -3.2699999999999960e+00 -3.5969999999999969e+00 -3.2699999999999978e+00 -3.5970000000000013e+00 -3.2699999999999978e+00 -3.5970000000000022e+00 -3.2699999999999978e+00 -3.5969999999999982e+00 -3.2699999999999974e+00 -3.5969999999999960e+00 -3.2699999999999974e+00 -3.5969999999999960e+00 -3.2699999999999978e+00 -3.5969999999999978e+00 -3.2699999999999969e+00 -2.6159999999999961e+00 -2.2889999999999993e+00 -2.6159999999999974e+00 -2.2889999999999975e+00 -2.6159999999999970e+00 -2.2889999999999988e+00 -2.6159999999999974e+00 -2.2889999999999988e+00 -2.6159999999999966e+00 -2.2890000000000006e+00 -2.6159999999999988e+00 -2.2889999999999993e+00 -2.6159999999999966e+00 -2.2889999999999988e+00 -2.6159999999999966e+00 -2.2890000000000001e+00 -2.6159999999999983e+00 -2.2889999999999979e+00 -1.6349999999999989e+00 -1.3079999999999996e+00 -1.6349999999999993e+00 -1.3079999999999981e+00 -1.6349999999999989e+00 -1.3079999999999976e+00 -1.6349999999999989e+00 -1.3079999999999976e+00 -1.6349999999999989e+00 -1.3079999999999976e+00 -1.6349999999999989e+00 -1.3079999999999981e+00 -1.6349999999999989e+00 -1.3079999999999981e+00 -1.6349999999999991e+00 -1.3079999999999978e+00 -1.6349999999999987e+00 -1.3079999999999985e+00 -6.5399999999999814e-01 -3.2699999999999763e-01 -6.5399999999999803e-01 -3.2699999999999751e-01 -6.5399999999999747e-01 -3.2699999999999751e-01 -6.5399999999999736e-01 -3.2699999999999751e-01 -6.5399999999999736e-01 -3.2699999999999740e-01 -6.5399999999999736e-01 -3.2699999999999746e-01 -6.5399999999999592e-01 -3.2699999999999679e-01 -6.5399999999999825e-01 -3.2699999999999757e-01 -6.5399999999999747e-01 -3.2699999999999796e-01
</DataArray>
        <DataArray type="Float64" format="ascii" Name="sigma3">
-1.8348333333336207e+01 -1.9038666666672302e+01 -1.8348333333336093e+01 -1.9038666666672061e+01 -1.8348333333335972e+01 -1.9038666666671830e+01 -1.8348333333335855e+01 -1.9038666666671599e+01 -1.8348333333335738e+01 -1.9038666666671361e+01 -1.8348333333335621e+01 -1.9038666666671126e+01 -1.8348333333335507e+01 -1.9038666666670895e+01 -1.8348333333335383e+01 -1.9038666666670654e+01 -1.8348333333335269e+01 -1.9038666666670427e+01 -2.0419333333338013e+01 -2.1109666666668019e+01 -2.0419333333338287e+01 -2.1109666666668929e+01 -2.0419333333338557e+01 -2.1109666666669831e+01 -2.0419333333338841e+01 -2.1109666666670734e+01 -2.0419333333339111e+01 -2.1109666666671639e+01 -2.0419333333339388e+01 -2.1109666666672549e+01 -2.0419333333339669e+01 -2.1109666666673444e+01 -2.0419333333339939e+01 -2.1109666666674354e+01 -2.0419333333340223e+01 -2.1109666666675263e+01 -2.2490333333326181e+01 -2.3180666666655970e+01 -2.2490333333328451e+01 -2.3180666666658976e+01 -2.2490333333330714e+01 -2.3180666666661978e+01 -2.2490333333332984e+01 -2.3180666666664973e+01 -2.2490333333335247e+01 -2.3180666666667978e+01 -2.2490333333337517e+01 -2.3180666666670980e+01 -2.2490333333339787e+01 -2.3180666666673986e+01 -2.2490333333342061e+01 -2.3180666666676984e+01 -2.2490333333344328e+01 -2.3180666666679997e+01 -2.4561333333312550e+01 -2.5251666666643072e+01 -2.4561333333317020e+01 -2.5251666666648280e+01 -2.4561333333321496e+01 -2.5251666666653477e+01 -2.4561333333325958e+01 -2.5251666666658689e+01 -2.4561333333330431e+01 -2.5251666666663890e+01 -2.4561333333334904e+01 -2.5251666666669102e+01 -2.4561333333339370e+01 -2.5251666666674300e+01 -2.4561333333343846e+01 -2.5251666666679512e+01 -2.4561333333348308e+01 -2.5251666666684713e+01 -2.6632333333302750e+01 -2.7322666666637200e+01 -2.6632333333308779e+01 -2.7322666666643336e+01 -2.6632333333314822e+01 -2.7322666666649457e+01 -2.6632333333320855e+01 -2.7322666666655596e+01 -2.6632333333326887e+01 -2.7322666666661718e+01 -2.6632333333332923e+01 -2.7322666666667857e+01 -2.6632333333338956e+01 -2.7322666666673985e+01 -2.6632333333344992e+01 -2.7322666666680114e+01 -2.6632333333351024e+01 -2.7322666666686253e+01 -2.8703333333303803e+01 -2.9393666666641540e+01 -2.8703333333309484e+01 -2.9393666666646684e+01 -2.8703333333315165e+01 -2.9393666666651818e+01 -2.8703333333320845e+01 -2.9393666666656969e+01 -2.8703333333326540e+01 -2.9393666666662103e+01 -2.8703333333332218e+01 -2.9393666666667251e+01 -2.8703333333337905e+01 -2.9393666666672381e+01 -2.8703333333343586e+01 -2.9393666666677525e+01 -2.8703333333349256e+01 -2.9393666666682659e+01 -3.0774333333311880e+01 -3.1464666666649080e+01 -3.0774333333315926e+01 -3.1464666666652583e+01 -3.0774333333319987e+01 -3.1464666666656097e+01 -3.0774333333324044e+01 -3.1464666666659614e+01 -3.0774333333328091e+01 -3.1464666666663117e+01 -3.0774333333332148e+01 -3.1464666666666631e+01 -3.0774333333336198e+01 -3.1464666666670148e+01 -3.0774333333340252e+01 -3.1464666666673651e+01 -3.0774333333344309e+01 -3.1464666666677157e+01 -3.2845333333319957e+01 -3.3535666666656624e+01 -3.2845333333322394e+01 -3.3535666666658535e+01 -3.2845333333324824e+01 -3.3535666666660440e+01 -3.2845333333327268e+01 -3.3535666666662344e+01 -3.2845333333329705e+01 -3.3535666666664255e+01 -3.2845333333332150e+01 -3.3535666666666152e+01 -3.2845333333334580e+01 -3.3535666666668064e+01 -3.2845333333337017e+01 -3.3535666666669975e+01 -3.2845333333339461e+01 -3.3535666666671887e+01 -3.4916333333328048e+01 -3.5606666666664253e+01 -3.4916333333328964e+01 -3.5606666666664715e+01 -3.4916333333329888e+01 -3.5606666666665163e+01 -3.4916333333330797e+01 -3.5606666666665639e+01 -3.4916333333331728e+01 -3.5606666666666094e+01 -3.4916333333332652e+01 -3.5606666666666555e+01 -3.4916333333333554e+01 -3.5606666666667003e+01 -3.4916333333334492e+01 -3.5606666666667465e+01 -3.4916333333335402e+01 -3.5606666666667920e+01 -1.7003999999999994e+01 -1.6349999999999998e+01 -1.7004000000000001e+01 -1.6349999999999998e+01 -1.7004000000000001e+01 -1.6350000000000001e+01 -1.7004000000000001e+01 -1.6349999999999998e+01 -1.7003999999999998e+01 -1.6350000000000001e+01 -1.7004000000000001e+01 -1.6350000000000001e+01 -1.7003999999999994e+01 -1.6349999999999998e+01 -1.7003999999999994e+01 -1.6349999999999998e+01 -1.7004000000000001e+01 -1.6350000000000001e+01 -1.5042000000000000e+01 -1.4388000000000002e+01 -1.5041999999999996e+01 -1.4388000000000000e+01 -1.5042000000000003e+01 -1.4388000000000000e+01 -1.5042000000000002e+01 -1.4387999999999996e+01 -1.5042000000000000e+01 -1.4387999999999998e+01 -1.5042000000000002e+01 -1.4388000000000002e+01 -1.5041999999999998e+01 -1.4388000000000000e+01 -1.5042000000000002e+01 -1.4388000000000000e+01 -1.5041999999999998e+01 -1.4387999999999998e+01 -1.3079999999999998e+01 -1.2426000000000004e+01 -1.3080000000000002e+01 -1.2426000000000002e+01 -1.3080000000000002e+01 -1.2426000000000000e+01 -1.3080000000000000e+01 -1.2426000000000000e+01 -1.3080000000000004e+01 -1.2426000000000002e+01 -1.3080000000000002e+01 -1.2426000000000002e+01 -1.3080000000000002e+01 -1.2426000000000002e+01 -1.3079999999999997e+01 -1.2426000000000002e+01 -1.3080000000000004e+01 -1.2426000000000000e+01 -1.1118000000000002e+01 -1.0464000000000000e+01 -1.1118000000000007e+01 -1.0464000000000004e+01 -1.1118000000000004e+01 -1.0464000000000002e+01 -1.1118000000000000e+01 -1.0463999999999993e+01 -1.1117999999999999e+01 -1.0463999999999995e+01 -1.1118000000000002e+01 -1.0464000000000004e+01 -1.1118000000000004e+01 -1.0464000000000000e+01 -1.1118000000000000e+01 -1.0464000000000000e+01 -1.1118000000000002e+01 -1.0464000000000000e+01 -9.1560000000000024e+00 -8.5020000000000078e+00 -9.1560000000000024e+00 -8.5019999999999971e+00 -9.1560000000000006e+00 -8.5019999999999989e+00 -9.1559999999999988e+00 -8.5020000000000060e+00 -9.1559999999999953e+00 -8.5020000000000060e+00 -9.1560000000000006e+00 -8.5019999999999971e+00 -9.1560000000000006e+00 -8.5019999999999971e+00 -9.1560000000000024e+00 -8.5019999999999971e+00 -9.1560000000000024e+00 -8.5019999999999971e+00 -7.1940000000000017e+00 -6.5399999999999956e+00 -7.1939999999999946e+00 -6.5399999999999920e+00 -7.1939999999999937e+00 -6.5399999999999956e+00 -7.1940000000000026e+00 -6.5399999999999956e+00 -7.1940000000000044e+00 -6.5399999999999956e+00 -7.1939999999999964e+00 -6.5399999999999947e+00 -7.1939999999999920e+00 -6.5399999999999947e+00 -7.1939999999999920e+00 -6.5399999999999956e+00 -7.1939999999999955e+00 -6.5399999999999938e+00 -5.2319999999999922e+00 -4.5779999999999985e+00 -5.2319999999999949e+00 -4.5779999999999950e+00 -5.2319999999999940e+00 -4.5779999999999976e+00 -5.2319999999999949e+00 -4.5779999999999976e+00 -5.2319999999999931e+00 -4.5780000000000012e+00 -5.2319999999999975e+00 -4.5779999999999985e+00 -5.2319999999999931e+00 -4.5779999999999976e+00 -5.2319999999999931e+00 -4.5780000000000003e+00 -5.2319999999999967e+00 -4.5779999999999959e+00 -3.2699999999999978e+00 -2.6159999999999992e+00 -3.2699999999999987e+00 -2.6159999999999961e+00 -3.2699999999999978e+00 -2.6159999999999952e+00 -3.2699999999999978e+00 -2.6159999999999952e+00 -3.2699999999999978e+00 -2.6159999999999952e+00 -3.2699999999999978e+00 -2.6159999999999961e+00 -3.2699999999999978e+00 -2.6159999999999961e+00 -3.2699999999999982e+00 -2.6159999999999957e+00 -3.2699999999999974e+00 -2.6159999999999970e+00 -1.3079999999999963e+00 -6.5399999999999525e-01 -1.3079999999999961e+00 -6.5399999999999503e-01 -1.3079999999999949e+00 -6.5399999999999503e-01 -1.3079999999999947e+00 -6.5399999999999503e-01 -1.3079999999999947e+00 -6.5399999999999481e-01 -1.3079999999999947e+00 -6.5399999999999492e-01 -1.3079999999999918e+00 -6.5399999999999359e-01 -1.3079999999999965e+00 -6.5399999999999514e-01 -1.3079999999999949e+00 -6.5399999999999592e-01
</DataArray>
        <DataArray type="Float64" format="ascii" Name="EffectiveStress" NumberOfComponents="9">
-7.8480000000008161e+00 0.0000000000000000e+00 0.0000000000000000e+00 0.0000000000000000e+00 -1.3080000000001361e+01 0.0000000000000000e+00 0.0000000000000000e+00 0.0000000000000000e+00 -7.8480000000008161e+00 -8.0442000000016023e+00 0.0000000000000000e+00 0.0000000000000000e+00 0.0000000000000000e+00 -1.3407000000002670e+01 0.0000000000000000e+00 0.0000000000000000e+00 0.0000000000000000e+00 -8.0442000000016023e+00 -7.8480000000007841e+00 0.0000000000000000e+00 0.0000000000000000e+00 0.0000000000000000e+00 -1.3080000000001307e+01 0.0000000000000000e+00 0.0000000000000000e+00 0.0000000000000000e+00 -7.8480000000007841e+00 -8.0442000000015330e+00 0.0000000000000000e+00 0.0000000000000000e+00 0.0000000000000000e+00 -1.3407000000002556e+01 0.0000000000000000e+00 0.0000000000000000e+00 0.0000000000000000e+00 -8.0442000000015330e+00 -7.8480000000007486e+00 0.0000000000000000e+00 0.0000000000000000e+00 0.0000000000000000e+00 -1.3080000000001251e+01 0.0000000000000000e+00 0.0000000000000000e+00 0.0000000000000000e+00 -7.8480000000007486e+00 -8.0442000000014673e+00 0.0000000000000000e+00 0.0000000000000000e+00 0.0000000000000000e+00 -1.3407000000002444e+01 0.0000000000000000e+00 0.0000000000000000e+00 0.0000000000000000e+00 -8.0442000000014673e+00 -7.8480000000007140e+00 0.0000000000000000e+00 0.0000000000000000e+00 0.0000000000000000e+00 -1.3080000000001192e+01 0.0000000000000000e+00 0.0000000000000000e+00 0.0000000000000000e+00 -7.8480000000007140e+00 -8.0442000000013980e+00 0.0000000000000000e+00 0.0000000000000000e+00 0.0000000000000000e+00 -1.3407000000002332e+01 0.0000000000000000e+00 0.0000000000000000e+00 0.0000000000000000e+00 -8.0442000000013980e+00 -7.8480000000006838e+00 0.0000000000000000e+00 0.0000000000000000e+00 0.0000000000000000e+00 -1.3080000000001140e+01 0.0000000000000000e+00 0.0000000000000000e+00 0.0000000000000000e+00 -7.8480000000006838e+00 -8.0442000000013358e+00 0.0000000000000000e+00 0.0000000000000000e+00 0.0000000000000000e+00 -1.3407000000002228e+01 0.0000000000000000e+00 0.0000000000000000e+00 0.0000000000000000e+00 -8.0442000000013358e+00 -7.8480000000006500e+00 0.0000000000000000e+00 0.0000000000000000e+00 0.0000000000000000e+00 -1.3080000000001085e+01 0.0000000000000000e+00 0.0000000000000000e+00 0.0000000000000000e+00 -7.8480000000006500e+00 -8.0442000000012701e+00 0.0000000000000000e+00 0.0000000000000000e+00 0.0000000000000000e+00 -1.3407000000002114e+01 0.0000000000000000e+00 0.0000000000000000e+00 0.0000000000000000e+00 -8.0442000000012701e+00 -7.8480000000006189e+00 0.0000000000000000e+00 0.0000000000000000e+00 0.0000000000000000e+00 -1.3080000000001029e+01 0.0000000000000000e+00 0.0000000000000000e+00 0.0000000000000000e+00 -7.8480000000006189e+00 -8.0442000000012026e+00 0.0000000000000000e+00 0.0000000000000000e+00 0.0000000000000000e+00 -1.3407000000002004e+01 0.0000000000000000e+00 0.0000000000000000e+00 0.0000000000000000e+00 -8.0442000000012026e+00 -7.8480000000005816e+00 0.0000000000000000e+00 0.0000000000000000e+00 0.0000000000000000e+00 -1.3080000000000972e+01 0.0000000000000000e+00 0.0000000000000000e+00 0.0000000000000000e+00 -7.8480000000005816e+00 -8.0442000000011351e+00 0.0000000000000000e+00 0.0000000000000000e+00 0.0000000000000000e+00 -1.3407000000001892e+01 0.0000000000000000e+00 0.0000000000000000e+00 0.0000000000000000e+00 -8.0442000000011351e+00 -7.8480000000005505e+00 0.0000000000000000e+00 0.0000000000000000e+00 0.0000000000000000e+00 -1.3080000000000918e+01 0.0000000000000000e+00 0.0000000000000000e+00 0.0000000000000000e+00 -7.8480000000005505e+00 -8.0442000000010694e+00 0.0000000000000000e+00 0.0000000000000000e+00 0.0000000000000000e+00 -1.3407000000001778e+01 0.0000000000000000e+00 0.0000000000000000e+00 0.0000000000000000e+00 -8.0442000000010694e+00 -8.4366000000013290e+00 0.0000000000000000e+00 0.0000000000000000e+00 0.0000000000000000e+00 -1.4061000000002215e+01 0.0000000000000000e+00 0.0000000000000000e+00 0.0000000000000000e+00 -8.4366000000013290e+00 -8.6328000000003851e+00 0.0000000000000000e+00 0.0000000000000000e+00 0.0000000000000000e+00 -1.4388000000000641e+01 0.0000000000000000e+00 0.0000000000000000e+00 0.0000000000000000e+00 -8.6328000000003851e+00 -8.4366000000014072e+00 0.0000000000000000e+00 0.0000000000000000e+00 0.0000000000000000e+00 -1.4061000000002347e+01 0.0000000000000000e+00 0.0000000000000000e+00 0.0000000000000000e+00 -8.4366000000014072e+00 -8.6328000000006444e+00 0.0000000000000000e+00 0.0000000000000000e+00 0.0000000000000000e+00 -1.4388000000001075e+01 0.0000000000000000e+00 0.0000000000000000e+00 0.0000000000000000e+00 -8.6328000000006444e+00 -8.4366000000014854e+00 0.0000000000000000e+00 0.0000000000000000e+00 0.0000000000000000e+00 -1.4061000000002476e+01 0.0000000000000000e+00 0.0000000000000000e+00 0.0000000000000000e+00 -8.4366000000014854e+00 -8.6328000000008984e+00 0.0000000000000000e+00 0.0000000000000000e+00 0.0000000000000000e+00 -1.4388000000001501e+01 0.0000000000000000e+00 0.0000000000000000e+00 0.0000000000000000e+00 -8.6328000000008984e+00 -8.4366000000015635e+00 0.0000000000000000e+00 0.0000000000000000e+00 0.0000000000000000e+00 -1.4061000000002608e+01 0.0000000000000000e+00 0.0000000000000000e+00 0.0000000000000000e+00 -8.4366000000015635e+00 -8.6328000000011542e+00 0.0000000000000000e+00 0.0000000000000000e+00 0.0000000000000000e+00 -1.4388000000001922e+01 0.0000000000000000e+00 0.0000000000000000e+00 0.0000000000000000e+00 -8.6328000000011542e+00 -8.4366000000016399e+00 0.0000000000000000e+00 0.0000000000000000e+00 0.0000000000000000e+00 -1.4061000000002736e+01 0.0000000000000000e+00 0.0000000000000000e+00 0.0000000000000000e+00 -8.4366000000016399e+00 -8.6328000000014136e+00 0.0000000000000000e+00 0.0000000000000000e+00 0.0000000000000000e+00 -1.4388000000002355e+01 0.0000000000000000e+00 0.0000000000000000e+00 0.0000000000000000e+00 -8.6328000000014136e+00 -8.4366000000017216e+00 0.0000000000000000e+00 0.0000000000000000e+00 0.0000000000000000e+00 -1.4061000000002867e+01 0.0000000000000000e+00 0.0000000000000000e+00 0.0000000000000000e+00 -8.4366000000017216e+00 -8.6328000000016694e+00 0.0000000000000000e+00 0.0000000000000000e+00 0.0000000000000000e+00 -1.4388000000002787e+01 0.0000000000000000e+00 0.0000000000000000e+00 0.0000000000000000e+00 -8.6328000000016694e+00 -8.4366000000018033e+00 0.0000000000000000e+00 0.0000000000000000e+00 0.0000000000000000e+00 -1.4061000000003002e+01 0.0000000000000000e+00 0.0000000000000000e+00 0.0000000000000000e+00 -8.4366000000018033e+00 -8.6328000000019269e+00 0.0000000000000000e+00 0.0000000000000000e+00 0.0000000000000000e+00 -1.4388000000003210e+01 0.0000000000000000e+00 0.0000000000000000e+00 0.0000000000000000e+00 -8.6328000000019269e+00 -8.4366000000018779e+00 0.0000000000000000e+00 0.0000000000000000e+00 0.0000000000000000e+00 -1.4061000000003128e+01 0.0000000000000000e+00 0.0000000000000000e+00 0.0000000000000000e+00 -8.4366000000018779e+00 -8.6328000000021845e+00 0.0000000000000000e+00 0.0000000000000000e+00 0.0000000000000000e+00 -1.4388000000003643e+01 0.0000000000000000e+00 0.0000000000000000e+00 0.0000000000000000e+00 -8.6328000000021845e+00 -8.4366000000019579e+00 0.0000000000000000e+00 0.0000000000000000e+00 0.0000000000000000e+00 -1.4061000000003265e+01 0.0000000000000000e+00 0.0000000000000000e+00 0.0000000000000000e+00 -8.4366000000019579e+00 -8.6328000000024439e+00 0.0000000000000000e+00 0.0000000000000000e+00 0.0000000000000000e+00 -1.4388000000004075e+01 0.0000000000000000e+00 0.0000000000000000e+00 0.0000000000000000e+00 -8.6328000000024439e+00 -9.0251999999979677e+00 0.0000000000000000e+00 0.0000000000000000e+00 0.0000000000000000e+00 -1.5041999999996612e+01 0.0000000000000000e+00 0.0000000000000000e+00 0.0000000000000000e+00 -9.0251999999979677e+00 -9.2213999999969580e+00 0.0000000000000000e+00 0.0000000000000000e+00 0.0000000000000000e+00 -1.5368999999994934e+01 0.0000000000000000e+00 0.0000000000000000e+00 0.0000000000000000e+00 -9.2213999999969580e+00 -9.0251999999986126e+00 0.0000000000000000e+00 0.0000000000000000e+00 0.0000000000000000e+00 -1.5041999999997689e+01 0.0000000000000000e+00 0.0000000000000000e+00 0.0000000000000000e+00 -9.0251999999986126e+00 -9.2213999999978107e+00 0.0000000000000000e+00 0.0000000000000000e+00 0.0000000000000000e+00 -1.5368999999996355e+01 0.0000000000000000e+00 0.0000000000000000e+00 0.0000000000000000e+00 -9.2213999999978107e+00 -9.0251999999992556e+00 0.0000000000000000e+00 0.0000000000000000e+00 0.0000000000000000e+00 -1.5041999999998758e+01 0.0000000000000000e+00 0.0000000000000000e+00 0.0000000000000000e+00 -9.0251999999992556e+00 -9.2213999999986669e+00 0.0000000000000000e+00 0.0000000000000000e+00 0.0000000000000000e+00 -1.5368999999997776e+01 0.0000000000000000e+00 0.0000000000000000e+00 0.0000000000000000e+00 -9.2213999999986669e+00 -9.0251999999998986e+00 0.0000000000000000e+00 0.0000000000000000e+00 0.0000000000000000e+00 -1.5041999999999835e+01 0.0000000000000000e+00 0.0000000000000000e+00 0.0000000000000000e+00 -9.0251999999998986e+00 -9.2213999999995142e+00 0.0000000000000000e+00 0.0000000000000000e+00 0.0000000000000000e+00 -1.5368999999999192e+01 0.0000000000000000e+00 0.0000000000000000e+00 0.0000000000000000e+00 -9.2213999999995142e+00 -9.0252000000005435e+00 0.0000000000000000e+00 0.0000000000000000e+00 0.0000000000000000e+00 -1.5042000000000908e+01 0.0000000000000000e+00 0.0000000000000000e+00 0.0000000000000000e+00 -9.0252000000005435e+00 -9.2214000000003704e+00 0.0000000000000000e+00 0.0000000000000000e+00 0.0000000000000000e+00 -1.5369000000000621e+01 0.0000000000000000e+00 0.0000000000000000e+00 0.0000000000000000e+00 -9.2214000000003704e+00 -9.0252000000011883e+00 0.0000000000000000e+00 0.0000000000000000e+00 0.0000000000000000e+00 -1.5042000000001980e+01 0.0000000000000000e+00 0.0000000000000000e+00 0.0000000000000000e+00 -9.0252000000011883e+00 -9.2214000000012248e+00 0.0000000000000000e+00 0.0000000000000000e+00 0.0000000000000000e+00 -1.5369000000002041e+01 0.0000000000000000e+00 0.0000000000000000e+00 0.0000000000000000e+00 -9.2214000000012248e+00 -9.0252000000018366e+00 0.0000000000000000e+00 0.0000000000000000e+00 0.0000000000000000e+00 -1.5042000000003057e+01 0.0000000000000000e+00 0.0000000000000000e+00 0.0000000000000000e+00 -9.0252000000018366e+00 -9.2214000000020793e+00 0.0000000000000000e+00 0.0000000000000000e+00 0.0000000000000000e+00 -1.5369000000003465e+01 0.0000000000000000e+00 0.0000000000000000e+00 0.0000000000000000e+00 -9.2214000000020793e+00 -9.0252000000024797e+00 0.0000000000000000e+00 0.0000000000000000e+00 0.0000000000000000e+00 -1.5042000000004137e+01 0.0000000000000000e+00 0.0000000000000000e+00 0.0000000000000000e+00 -9.0252000000024797e+00 -9.2214000000029319e+00 0.0000000000000000e+00 0.0000000000000000e+00 0.0000000000000000e+00 -1.5369000000004890e+01 0.0000000000000000e+00 0.0000000000000000e+00 0.0000000000000000e+00 -9.2214000000029319e+00 -9.0252000000031263e+00 0.0000000000000000e+00 0.0000000000000000e+00 0.0000000000000000e+00 -1.5042000000005208e+01 0.0000000000000000e+00 0.0000000000000000e+00 0.0000000000000000e+00 -9.0252000000031263e+00 -9.2214000000037899e+00 0.0000000000000000e+00 0.0000000000000000e+00 0.0000000000000000e+00 -1.5369000000006318e+01 0.0000000000000000e+00 0.0000000000000000e+00 0.0000000000000000e+00 -9.2214000000037899e+00 -9.6137999999940948e+00 0.0000000000000000e+00 0.0000000000000000e+00 0.0000000000000000e+00 -1.6022999999990155e+01 0.0000000000000000e+00 0.0000000000000000e+00 0.0000000000000000e+00 -9.6137999999940948e+00 -9.8099999999932912e+00 0.0000000000000000e+00 0.0000000000000000e+00 0.0000000000000000e+00 -1.6349999999988821e+01 0.0000000000000000e+00 0.0000000000000000e+00 0.0000000000000000e+00 -9.8099999999932912e+00 -9.6137999999953649e+00 0.0000000000000000e+00 0.0000000000000000e+00 0.0000000000000000e+00 -1.6022999999992276e+01 0.0000000000000000e+00 0.0000000000000000e+00 0.0000000000000000e+00 -9.6137999999953649e+00 -9.8099999999947727e+00 0.0000000000000000e+00 0.0000000000000000e+00 0.0000000000000000e+00 -1.6349999999991290e+01 0.0000000000000000e+00 0.0000000000000000e+00 0.0000000000000000e+00 -9.8099999999947727e+00 -9.6137999999966350e+00 0.0000000000000000e+00 0.0000000000000000e+00 0.0000000000000000e+00 -1.6022999999994394e+01 0.0000000000000000e+00 0.0000000000000000e+00 0.0000000000000000e+00 -9.6137999999966350e+00 -9.8099999999962506e+00 0.0000000000000000e+00 0.0000000000000000e+00 0.0000000000000000e+00 -1.6349999999993752e+01 0.0000000000000000e+00 0.0000000000000000e+00 0.0000000000000000e+00 -9.8099999999962506e+00 -9.6137999999979034e+00 0.0000000000000000e+00 0.0000000000000000e+00 0.0000000000000000e+00 -1.6022999999996507e+01 0.0000000000000000e+00 0.0000000000000000e+00 0.0000000000000000e+00 -9.6137999999979034e+00 -9.8099999999977303e+00 0.0000000000000000e+00 0.0000000000000000e+00 0.0000000000000000e+00 -1.6349999999996221e+01 0.0000000000000000e+00 0.0000000000000000e+00 0.0000000000000000e+00 -9.8099999999977303e+00 -9.6137999999991752e+00 0.0000000000000000e+00 0.0000000000000000e+00 0.0000000000000000e+00 -1.6022999999998628e+01 0.0000000000000000e+00 0.0000000000000000e+00 0.0000000000000000e+00 -9.6137999999991752e+00 -9.8099999999992100e+00 0.0000000000000000e+00 0.0000000000000000e+00 0.0000000000000000e+00 -1.6349999999998683e+01 0.0000000000000000e+00 0.0000000000000000e+00 0.0000000000000000e+00 -9.8099999999992100e+00 -9.6138000000004435e+00 0.0000000000000000e+00 0.0000000000000000e+00 0.0000000000000000e+00 -1.6023000000000742e+01 0.0000000000000000e+00 0.0000000000000000e+00 0.0000000000000000e+00 -9.6138000000004435e+00 -9.8100000000006915e+00 0.0000000000000000e+00 0.0000000000000000e+00 0.0000000000000000e+00 -1.6350000000001153e+01 0.0000000000000000e+00 0.0000000000000000e+00 0.0000000000000000e+00 -9.8100000000006915e+00 -9.6138000000017172e+00 0.0000000000000000e+00 0.0000000000000000e+00 0.0000000000000000e+00 -1.6023000000002860e+01 0.0000000000000000e+00 0.0000000000000000e+00 0.0000000000000000e+00 -9.6138000000017172e+00 -9.8100000000021694e+00 0.0000000000000000e+00 0.0000000000000000e+00 0.0000000000000000e+00 -1.6350000000003618e+01 0.0000000000000000e+00 0.0000000000000000e+00 0.0000000000000000e+00 -9.8100000000021694e+00 -9.6138000000029891e+00 0.0000000000000000e+00 0.0000000000000000e+00 0.0000000000000000e+00 -1.6023000000004981e+01 0.0000000000000000e+00 0.0000000000000000e+00 0.0000000000000000e+00 -9.6138000000029891e+00 -9.8100000000036509e+00 0.0000000000000000e+00 0.0000000000000000e+00 0.0000000000000000e+00 -1.6350000000006084e+01 0.0000000000000000e+00 0.0000000000000000e+00 0.0000000000000000e+00 -9.8100000000036509e+00 -9.6138000000042556e+00 0.0000000000000000e+00 0.0000000000000000e+00 0.0000000000000000e+00 -1.6023000000007094e+01 0.0000000000000000e+00 0.0000000000000000e+00 0.0000000000000000e+00 -9.6138000000042556e+00 -9.8100000000051271e+00 0.0000000000000000e+00 0.0000000000000000e+00 0.0000000000000000e+00 -1.6350000000008549e+01 0.0000000000000000e+00 0.0000000000000000e+00 0.0000000000000000e+00 -9.8100000000051271e+00 -1.0202399999991311e+01 0.0000000000000000e+00 0.0000000000000000e+00 0.0000000000000000e+00 -1.7003999999985513e+01 0.0000000000000000e+00 0.0000000000000000e+00 0.0000000000000000e+00 -1.0202399999991311e+01 -1.0398599999991625e+01 0.0000000000000000e+00 0.0000000000000000e+00 0.0000000000000000e+00 -1.7330999999986044e+01 0.0000000000000000e+00 0.0000000000000000e+00 0.0000000000000000e+00 -1.0398599999991625e+01 -1.0202399999993021e+01 0.0000000000000000e+00 0.0000000000000000e+00 0.0000000000000000e+00 -1.7003999999988370e+01 0.0000000000000000e+00 0.0000000000000000e+00 0.0000000000000000e+00 -1.0202399999993021e+01 -1.0398599999993371e+01 0.0000000000000000e+00 0.0000000000000000e+00 0.0000000000000000e+00 -1.7330999999988951e+01 0.0000000000000000e+00 0.0000000000000000e+00 0.0000000000000000e+00 -1.0398599999993371e+01 -1.0202399999994737e+01 0.0000000000000000e+00 0.0000000000000000e+00 0.0000000000000000e+00 -1.7003999999991230e+01 0.0000000000000000e+00 0.0000000000000000e+00 0.0000000000000000e+00 -1.0202399999994737e+01 -1.0398599999995108e+01 0.0000000000000000e+00 0.0000000000000000e+00 0.0000000000000000e+00 -1.7330999999991846e+01 0.0000000000000000e+00 0.0000000000000000e+00 0.0000000000000000e+00 -1.0398599999995108e+01 -1.0202399999996455e+01 0.0000000000000000e+00 0.0000000000000000e+00 0.0000000000000000e+00 -1.7003999999994090e+01 0.0000000000000000e+00 0.0000000000000000e+00 0.0000000000000000e+00 -1.0202399999996455e+01 -1.0398599999996854e+01 0.0000000000000000e+00 0.0000000000000000e+00 0.0000000000000000e+00 -1.7330999999994759e+01 0.0000000000000000e+00 0.0000000000000000e+00 0.0000000000000000e+00 -1.0398599999996854e+01 -1.0202399999998168e+01 0.0000000000000000e+00 0.0000000000000000e+00 0.0000000000000000e+00 -1.7003999999996946e+01 0.0000000000000000e+00 0.0000000000000000e+00 0.0000000000000000e+00 -1.0202399999998168e+01 -1.0398599999998591e+01 0.0000000000000000e+00 0.0000000000000000e+00 0.0000000000000000e+00 -1.7330999999997655e+01 0.0000000000000000e+00 0.0000000000000000e+00 0.0000000000000000e+00 -1.0398599999998591e+01 -1.0202399999999882e+01 0.0000000000000000e+00 0.0000000000000000e+00 0.0000000000000000e+00 -1.7003999999999802e+01 0.0000000000000000e+00 0.0000000000000000e+00 0.0000000000000000e+00 -1.0202399999999882e+01 -1.0398600000000334e+01 0.0000000000000000e+00 0.0000000000000000e+00 0.0000000000000000e+00 -1.7331000000000561e+01 0.0000000000000000e+00 0.0000000000000000e+00 0.0000000000000000e+00 -1.0398600000000334e+01 -1.0202400000001598e+01 0.0000000000000000e+00 0.0000000000000000e+00 0.0000000000000000e+00 -1.7004000000002662e+01 0.0000000000000000e+00 0.0000000000000000e+00 0.0000000000000000e+00 -1.0202400000001598e+01 -1.0398600000002078e+01 0.0000000000000000e+00 0.0000000000000000e+00 0.0000000000000000e+00 -1.7331000000003471e+01 0.0000000000000000e+00 0.0000000000000000e+00 0.0000000000000000e+00 -1.0398600000002078e+01 -1.0202400000003314e+01 0.0000000000000000e+00 0.0000000000000000e+00 0.0000000000000000e+00 -1.7004000000005526e+01 0.0000000000000000e+00 0.0000000000000000e+00 0.0000000000000000e+00 -1.0202400000003314e+01 -1.0398600000003823e+01 0.0000000000000000e+00 0.0000000000000000e+00 0.0000000000000000e+00 -1.7331000000006370e+01 0.0000000000000000e+00 0.0000000000000000e+00 0.0000000000000000e+00 -1.0398600000003823e+01 -1.0202400000005024e+01 0.0000000000000000e+00 0.0000000000000000e+00 0.0000000000000000e+00 -1.7004000000008379e+01 0.0000000000000000e+00 0.0000000000000000e+00 0.0000000000000000e+00 -1.0202400000005024e+01 -1.0398600000005565e+01 0.0000000000000000e+00 0.0000000000000000e+00 0.0000000000000000e+00 -1.7331000000009279e+01 0.0000000000000000e+00 0.0000000000000000e+00 0.0000000000000000e+00 -1.0398600000005565e+01 -1.0790999999991609e+01 0.0000000000000000e+00 0.0000000000000000e+00 0.0000000000000000e+00 -1.7984999999986016e+01 0.0000000000000000e+00 0.0000000000000000e+00 0.0000000000000000e+00 -1.0790999999991609e+01 -1.0987199999992860e+01 0.0000000000000000e+00 0.0000000000000000e+00 0.0000000000000000e+00 -1.8311999999988100e+01 0.0000000000000000e+00 0.0000000000000000e+00 0.0000000000000000e+00 -1.0987199999992860e+01 -1.0790999999993222e+01 0.0000000000000000e+00 0.0000000000000000e+00 0.0000000000000000e+00 -1.7984999999988705e+01 0.0000000000000000e+00 0.0000000000000000e+00 0.0000000000000000e+00 -1.0790999999993222e+01 -1.0987199999994321e+01 0.0000000000000000e+00 0.0000000000000000e+00 0.0000000000000000e+00 -1.8311999999990537e+01 0.0000000000000000e+00 0.0000000000000000e+00 0.0000000000000000e+00 -1.0987199999994321e+01 -1.0790999999994837e+01 0.0000000000000000e+00 0.0000000000000000e+00 0.0000000000000000e+00 -1.7984999999991391e+01 0.0000000000000000e+00 0.0000000000000000e+00 0.0000000000000000e+00 -1.0790999999994837e+01 -1.0987199999995777e+01 0.0000000000000000e+00 0.0000000000000000e+00 0.0000000000000000e+00 -1.8311999999992963e+01 0.0000000000000000e+00 0.0000000000000000e+00 0.0000000000000000e+00 -1.0987199999995777e+01 -1.0790999999996448e+01 0.0000000000000000e+00 0.0000000000000000e+00 0.0000000000000000e+00 -1.7984999999994077e+01 0.0000000000000000e+00 0.0000000000000000e+00 0.0000000000000000e+00 -1.0790999999996448e+01 -1.0987199999997245e+01 0.0000000000000000e+00 0.0000000000000000e+00 0.0000000000000000e+00 -1.8311999999995408e+01 0.0000000000000000e+00 0.0000000000000000e+00 0.0000000000000000e+00 -1.0987199999997245e+01 -1.0790999999998069e+01 0.0000000000000000e+00 0.0000000000000000e+00 0.0000000000000000e+00 -1.7984999999996784e+01 0.0000000000000000e+00 0.0000000000000000e+00 0.0000000000000000e+00 -1.0790999999998069e+01 -1.0987199999998701e+01 0.0000000000000000e+00 0.0000000000000000e+00 0.0000000000000000e+00 -1.8311999999997838e+01 0.0000000000000000e+00 0.0000000000000000e+00 0.0000000000000000e+00 -1.0987199999998701e+01 -1.0790999999999682e+01 0.0000000000000000e+00 0.0000000000000000e+00 0.0000000000000000e+00 -1.7984999999999474e+01 0.0000000000000000e+00 0.0000000000000000e+00 0.0000000000000000e+00 -1.0790999999999682e+01 -1.0987200000000165e+01 0.0000000000000000e+00 0.0000000000000000e+00 0.0000000000000000e+00 -1.8312000000000278e+01 0.0000000000000000e+00 0.0000000000000000e+00 0.0000000000000000e+00 -1.0987200000000165e+01 -1.0791000000001297e+01 0.0000000000000000e+00 0.0000000000000000e+00 0.0000000000000000e+00 -1.7985000000002163e+01 0.0000000000000000e+00 0.0000000000000000e+00 0.0000000000000000e+00 -1.0791000000001297e+01 -1.0987200000001625e+01 0.0000000000000000e+00 0.0000000000000000e+00 0.0000000000000000e+00 -1.8312000000002705e+01 0.0000000000000000e+00 0.0000000000000000e+00 0.0000000000000000e+00 -1.0987200000001625e+01 -1.0791000000002914e+01 0.0000000000000000e+00 0.0000000000000000e+00 0.0000000000000000e+00 -1.7985000000004860e+01 0.0000000000000000e+00 0.0000000000000000e+00 0.0000000000000000e+00 -1.0791000000002914e+01 -1.0987200000003083e+01 0.0000000000000000e+00 0.0000000000000000e+00 0.0000000000000000e+00 -1.8312000000005145e+01 0.0000000000000000e+00 0.0000000000000000e+00 0.0000000000000000e+00 -1.0987200000003083e+01 -1.0791000000004527e+01 0.0000000000000000e+00 0.0000000000000000e+00 0.0000000000000000e+00 -1.7985000000007542e+01 0.0000000000000000e+00 0.0000000000000000e+00 0.0000000000000000e+00 -1.0791000000004527e+01 -1.0987200000004544e+01 0.0000000000000000e+00 0.0000000000000000e+00 0.0000000000000000e+00 -1.8312000000007576e+01 0.0000000000000000e+00 0.0000000000000000e+00 0.0000000000000000e+00 -1.0987200000004544e+01 -1.1379599999993903e+01 0.0000000000000000e+00 0.0000000000000000e+00 0.0000000000000000e+00 -1.8965999999989840e+01 0.0000000000000000e+00 0.0000000000000000e+00 0.0000000000000000e+00 -1.1379599999993903e+01 -1.1575799999995002e+01 0.0000000000000000e+00 0.0000000000000000e+00 0.0000000000000000e+00 -1.9292999999991672e+01 0.0000000000000000e+00 0.0000000000000000e+00 0.0000000000000000e+00 -1.1575799999995002e+01 -1.1379599999995053e+01 0.0000000000000000e+00 0.0000000000000000e+00 0.0000000000000000e+00 -1.8965999999991755e+01 0.0000000000000000e+00 0.0000000000000000e+00 0.0000000000000000e+00 -1.1379599999995053e+01 -1.1575799999995995e+01 0.0000000000000000e+00 0.0000000000000000e+00 0.0000000000000000e+00 -1.9292999999993331e+01 0.0000000000000000e+00 0.0000000000000000e+00 0.0000000000000000e+00 -1.1575799999995995e+01 -1.1379599999996207e+01 0.0000000000000000e+00 0.0000000000000000e+00 0.0000000000000000e+00 -1.8965999999993681e+01 0.0000000000000000e+00 0.0000000000000000e+00 0.0000000000000000e+00 -1.1379599999996207e+01 -1.1575799999996995e+01 0.0000000000000000e+00 0.0000000000000000e+00 0.0000000000000000e+00 -1.9292999999994993e+01 0.0000000000000000e+00 0.0000000000000000e+00 0.0000000000000000e+00 -1.1575799999996995e+01 -1.1379599999997357e+01 0.0000000000000000e+00 0.0000000000000000e+00 0.0000000000000000e+00 -1.8965999999995596e+01 0.0000000000000000e+00 0.0000000000000000e+00 0.0000000000000000e+00 -1.1379599999997357e+01 -1.1575799999997997e+01 0.0000000000000000e+00 0.0000000000000000e+00 0.0000000000000000e+00 -1.9292999999996660e+01 0.0000000000000000e+00 0.0000000000000000e+00 0.0000000000000000e+00 -1.1575799999997997e+01 -1.1379599999998508e+01 0.0000000000000000e+00 0.0000000000000000e+00 0.0000000000000000e+00 -1.8965999999997514e+01 0.0000000000000000e+00 0.0000000000000000e+00 0.0000000000000000e+00 -1.1379599999998508e+01 -1.1575799999998990e+01 0.0000000000000000e+00 0.0000000000000000e+00 0.0000000000000000e+00 -1.9292999999998315e+01 0.0000000000000000e+00 0.0000000000000000e+00 0.0000000000000000e+00 -1.1575799999998990e+01 -1.1379599999999664e+01 0.0000000000000000e+00 0.0000000000000000e+00 0.0000000000000000e+00 -1.8965999999999436e+01 0.0000000000000000e+00 0.0000000000000000e+00 0.0000000000000000e+00 -1.1379599999999664e+01 -1.1575799999999990e+01 0.0000000000000000e+00 0.0000000000000000e+00 0.0000000000000000e+00 -1.9292999999999985e+01 0.0000000000000000e+00 0.0000000000000000e+00 0.0000000000000000e+00 -1.1575799999999990e+01 -1.1379600000000812e+01 0.0000000000000000e+00 0.0000000000000000e+00 0.0000000000000000e+00 -1.8966000000001351e+01 0.0000000000000000e+00 0.0000000000000000e+00 0.0000000000000000e+00 -1.1379600000000812e+01 -1.1575800000000989e+01 0.0000000000000000e+00 0.0000000000000000e+00 0.0000000000000000e+00 -1.9293000000001648e+01 0.0000000000000000e+00 0.0000000000000000e+00 0.0000000000000000e+00 -1.1575800000000989e+01 -1.1379600000001966e+01 0.0000000000000000e+00 0.0000000000000000e+00 0.0000000000000000e+00 -1.8966000000003277e+01 0.0000000000000000e+00 0.0000000000000000e+00 0.0000000000000000e+00 -1.1379600000001966e+01 -1.1575800000001983e+01 0.0000000000000000e+00 0.0000000000000000e+00 0.0000000000000000e+00 -1.9293000000003307e+01 0.0000000000000000e+00 0.0000000000000000e+00 0.0000000000000000e+00 -1.1575800000001983e+01 -1.1379600000003114e+01 0.0000000000000000e+00 0.0000000000000000e+00 0.0000000000000000e+00 -1.8966000000005192e+01 0.0000000000000000e+00 0.0000000000000000e+00 0.0000000000000000e+00 -1.1379600000003114e+01 -1.1575800000002980e+01 0.0000000000000000e+00 0.0000000000000000e+00 0.0000000000000000e+00 -1.9293000000004966e+01 0.0000000000000000e+00 0.0000000000000000e+00 0.0000000000000000e+00 -1.1575800000002980e+01 -1.1968199999996198e+01 0.0000000000000000e+00 0.0000000000000000e+00 0.0000000000000000e+00 -1.9946999999993661e+01 0.0000000000000000e+00 0.0000000000000000e+00 0.0000000000000000e+00 -1.1968199999996198e+01 -1.2164399999997146e+01 0.0000000000000000e+00 0.0000000000000000e+00 0.0000000000000000e+00 -2.0273999999995240e+01 0.0000000000000000e+00 0.0000000000000000e+00 0.0000000000000000e+00 -1.2164399999997146e+01 -1.1968199999996889e+01 0.0000000000000000e+00 0.0000000000000000e+00 0.0000000000000000e+00 -1.9946999999994816e+01 0.0000000000000000e+00 0.0000000000000000e+00 0.0000000000000000e+00 -1.1968199999996889e+01 -1.2164399999997688e+01 0.0000000000000000e+00 0.0000000000000000e+00 0.0000000000000000e+00 -2.0273999999996150e+01 0.0000000000000000e+00 0.0000000000000000e+00 0.0000000000000000e+00 -1.2164399999997688e+01 -1.1968199999997580e+01 0.0000000000000000e+00 0.0000000000000000e+00 0.0000000000000000e+00 -1.9946999999995967e+01 0.0000000000000000e+00 0.0000000000000000e+00 0.0000000000000000e+00 -1.1968199999997580e+01 -1.2164399999998230e+01 0.0000000000000000e+00 0.0000000000000000e+00 0.0000000000000000e+00 -2.0273999999997052e+01 0.0000000000000000e+00 0.0000000000000000e+00 0.0000000000000000e+00 -1.2164399999998230e+01 -1.1968199999998271e+01 0.0000000000000000e+00 0.0000000000000000e+00 0.0000000000000000e+00 -1.9946999999997121e+01 0.0000000000000000e+00 0.0000000000000000e+00 0.0000000000000000e+00 -1.1968199999998271e+01 -1.2164399999998768e+01 0.0000000000000000e+00 0.0000000000000000e+00 0.0000000000000000e+00 -2.0273999999997947e+01 0.0000000000000000e+00 0.0000000000000000e+00 0.0000000000000000e+00 -1.2164399999998768e+01 -1.1968199999998967e+01 0.0000000000000000e+00 0.0000000000000000e+00 0.0000000000000000e+00 -1.9946999999998283e+01 0.0000000000000000e+00 0.0000000000000000e+00 0.0000000000000000e+00 -1.1968199999998967e+01 -1.2164399999999315e+01 0.0000000000000000e+00 0.0000000000000000e+00 0.0000000000000000e+00 -2.0273999999998860e+01 0.0000000000000000e+00 0.0000000000000000e+00 0.0000000000000000e+00 -1.2164399999999315e+01 -1.1968199999999664e+01 0.0000000000000000e+00 0.0000000000000000e+00 0.0000000000000000e+00 -1.9946999999999438e+01 0.0000000000000000e+00 0.0000000000000000e+00 0.0000000000000000e+00 -1.1968199999999664e+01 -1.2164399999999851e+01 0.0000000000000000e+00 0.0000000000000000e+00 0.0000000000000000e+00 -2.0273999999999756e+01 0.0000000000000000e+00 0.0000000000000000e+00 0.0000000000000000e+00 -1.2164399999999851e+01 -1.1968200000000353e+01 0.0000000000000000e+00 0.0000000000000000e+00 0.0000000000000000e+00 -1.9947000000000589e+01 0.0000000000000000e+00 0.0000000000000000e+00 0.0000000000000000e+00 -1.1968200000000353e+01 -1.2164400000000393e+01 0.0000000000000000e+00 0.0000000000000000e+00 0.0000000000000000e+00 -2.0274000000000655e+01 0.0000000000000000e+00 0.0000000000000000e+00 0.0000000000000000e+00 -1.2164400000000393e+01 -1.1968200000001049e+01 0.0000000000000000e+00 0.0000000000000000e+00 0.0000000000000000e+00 -1.9947000000001751e+01 0.0000000000000000e+00 0.0000000000000000e+00 0.0000000000000000e+00 -1.1968200000001049e+01 -1.2164400000000942e+01 0.0000000000000000e+00 0.0000000000000000e+00 0.0000000000000000e+00 -2.0274000000001571e+01 0.0000000000000000e+00 0.0000000000000000e+00 0.0000000000000000e+00 -1.2164400000000942e+01 -1.1968200000001744e+01 0.0000000000000000e+00 0.0000000000000000e+00 0.0000000000000000e+00 -1.9947000000002905e+01 0.0000000000000000e+00 0.0000000000000000e+00 0.0000000000000000e+00 -1.1968200000001744e+01 -1.2164400000001478e+01 0.0000000000000000e+00 0.0000000000000000e+00 0.0000000000000000e+00 -2.0274000000002466e+01 0.0000000000000000e+00 0.0000000000000000e+00 0.0000000000000000e+00 -1.2164400000001478e+01 -1.2556799999998500e+01 0.0000000000000000e+00 0.0000000000000000e+00 0.0000000000000000e+00 -2.0927999999997496e+01 0.0000000000000000e+00 0.0000000000000000e+00 0.0000000000000000e+00 -1.2556799999998500e+01 -1.2752999999999313e+01 0.0000000000000000e+00 0.0000000000000000e+00 0.0000000000000000e+00 -2.1254999999998855e+01 0.0000000000000000e+00 0.0000000000000000e+00 0.0000000000000000e+00 -1.2752999999999313e+01 -1.2556799999998759e+01 0.0000000000000000e+00 0.0000000000000000e+00 0.0000000000000000e+00 -2.0927999999997930e+01 0.0000000000000000e+00 0.0000000000000000e+00 0.0000000000000000e+00 -1.2556799999998759e+01 -1.2752999999999442e+01 0.0000000000000000e+00 0.0000000000000000e+00 0.0000000000000000e+00 -2.1254999999999075e+01 0.0000000000000000e+00 0.0000000000000000e+00 0.0000000000000000e+00 -1.2752999999999442e+01 -1.2556799999999022e+01 0.0000000000000000e+00 0.0000000000000000e+00 0.0000000000000000e+00 -2.0927999999998367e+01 0.0000000000000000e+00 0.0000000000000000e+00 0.0000000000000000e+00 -1.2556799999999022e+01 -1.2752999999999572e+01 0.0000000000000000e+00 0.0000000000000000e+00 0.0000000000000000e+00 -2.1254999999999281e+01 0.0000000000000000e+00 0.0000000000000000e+00 0.0000000000000000e+00 -1.2752999999999572e+01 -1.2556799999999278e+01 0.0000000000000000e+00 0.0000000000000000e+00 0.0000000000000000e+00 -2.0927999999998796e+01 0.0000000000000000e+00 0.0000000000000000e+00 0.0000000000000000e+00 -1.2556799999999278e+01 -1.2752999999999703e+01 0.0000000000000000e+00 0.0000000000000000e+00 0.0000000000000000e+00 -2.1254999999999509e+01 0.0000000000000000e+00 0.0000000000000000e+00 0.0000000000000000e+00 -1.2752999999999703e+01 -1.2556799999999544e+01 0.0000000000000000e+00 0.0000000000000000e+00 0.0000000000000000e+00 -2.0927999999999241e+01 0.0000000000000000e+00 0.0000000000000000e+00 0.0000000000000000e+00 -1.2556799999999544e+01 -1.2752999999999837e+01 0.0000000000000000e+00 0.0000000000000000e+00 0.0000000000000000e+00 -2.1254999999999733e+01 0.0000000000000000e+00 0.0000000000000000e+00 0.0000000000000000e+00 -1.2752999999999837e+01 -1.2556799999999805e+01 0.0000000000000000e+00 0.0000000000000000e+00 0.0000000000000000e+00 -2.0927999999999678e+01 0.0000000000000000e+00 0.0000000000000000e+00 0.0000000000000000e+00 -1.2556799999999805e+01 -1.2752999999999966e+01 0.0000000000000000e+00 0.0000000000000000e+00 0.0000000000000000e+00 -2.1254999999999946e+01 0.0000000000000000e+00 0.0000000000000000e+00 0.0000000000000000e+00 -1.2752999999999966e+01 -1.2556800000000065e+01 0.0000000000000000e+00 0.0000000000000000e+00 0.0000000000000000e+00 -2.0928000000000107e+01 0.0000000000000000e+00 0.0000000000000000e+00 0.0000000000000000e+00 -1.2556800000000065e+01 -1.2753000000000094e+01 0.0000000000000000e+00 0.0000000000000000e+00 0.0000000000000000e+00 -2.1255000000000159e+01 0.0000000000000000e+00 0.0000000000000000e+00 0.0000000000000000e+00 -1.2753000000000094e+01 -1.2556800000000329e+01 0.0000000000000000e+00 0.0000000000000000e+00 0.0000000000000000e+00 -2.0928000000000548e+01 0.0000000000000000e+00 0.0000000000000000e+00 0.0000000000000000e+00 -1.2556800000000329e+01 -1.2753000000000229e+01 0.0000000000000000e+00 0.0000000000000000e+00 0.0000000000000000e+00 -2.1255000000000383e+01 0.0000000000000000e+00 0.0000000000000000e+00 0.0000000000000000e+00 -1.2753000000000229e+01 -1.2556800000000585e+01 0.0000000000000000e+00 0.0000000000000000e+00 0.0000000000000000e+00 -2.0928000000000978e+01 0.0000000000000000e+00 0.0000000000000000e+00 0.0000000000000000e+00 -1.2556800000000585e+01 -1.2753000000000354e+01 0.0000000000000000e+00 0.0000000000000000e+00 0.0000000000000000e+00 -2.1255000000000589e+01 0.0000000000000000e+00 0.0000000000000000e+00 0.0000000000000000e+00 -1.2753000000000354e+01 -6.2311666666666650e+00 0.0000000000000000e+00 0.0000000000000000e+00 0.0000000000000000e+00 -1.2462333333333330e+01 0.0000000000000000e+00 0.0000000000000000e+00 0.0000000000000000e+00 -6.2311666666666650e+00 -6.0858333333333343e+00 0.0000000000000000e+00 0.0000000000000000e+00 0.0000000000000000e+00 -1.2171666666666667e+01 0.0000000000000000e+00 0.0000000000000000e+00 0.0000000000000000e+00 -6.0858333333333343e+00 -6.2311666666666667e+00 0.0000000000000000e+00 0.0000000000000000e+00 0.0000000000000000e+00 -1.2462333333333333e+01 0.0000000000000000e+00 0.0000000000000000e+00 0.0000000000000000e+00 -6.2311666666666667e+00 -6.0858333333333334e+00 0.0000000000000000e+00 0.0000000000000000e+00 0.0000000000000000e+00 -1.2171666666666667e+01 0.0000000000000000e+00 0.0000000000000000e+00 0.0000000000000000e+00 -6.0858333333333334e+00 -6.2311666666666659e+00 0.0000000000000000e+00 0.0000000000000000e+00 0.0000000000000000e+00 -1.2462333333333335e+01 0.0000000000000000e+00 0.0000000000000000e+00 0.0000000000000000e+00 -6.2311666666666659e+00 -6.0858333333333325e+00 0.0000000000000000e+00 0.0000000000000000e+00 0.0000000000000000e+00 -1.2171666666666669e+01 0.0000000000000000e+00 0.0000000000000000e+00 0.0000000000000000e+00 -6.0858333333333325e+00 -6.2311666666666650e+00 0.0000000000000000e+00 0.0000000000000000e+00 0.0000000000000000e+00 -1.2462333333333332e+01 0.0000000000000000e+00 0.0000000000000000e+00 0.0000000000000000e+00 -6.2311666666666650e+00 -6.0858333333333343e+00 0.0000000000000000e+00 0.0000000000000000e+00 0.0000000000000000e+00 -1.2171666666666667e+01 0.0000000000000000e+00 0.0000000000000000e+00 0.0000000000000000e+00 -6.0858333333333343e+00 -6.2311666666666650e+00 0.0000000000000000e+00 0.0000000000000000e+00 0.0000000000000000e+00 -1.2462333333333330e+01 0.0000000000000000e+00 0.0000000000000000e+00 0.0000000000000000e+00 -6.2311666666666650e+00 -6.0858333333333343e+00 0.0000000000000000e+00 0.0000000000000000e+00 0.0000000000000000e+00 -1.2171666666666667e+01 0.0000000000000000e+00 0.0000000000000000e+00 0.0000000000000000e+00 -6.0858333333333343e+00 -6.2311666666666667e+00 0.0000000000000000e+00 0.0000000000000000e+00 0.0000000000000000e+00 -1.2462333333333333e+01 0.0000000000000000e+00 0.0000000000000000e+00 0.0000000000000000e+00 -6.2311666666666667e+00 -6.0858333333333352e+00 0.0000000000000000e+00 0.0000000000000000e+00 0.0000000000000000e+00 -1.2171666666666669e+01 0.0000000000000000e+00 0.0000000000000000e+00 0.0000000000000000e+00 -6.0858333333333352e+00 -6.2311666666666641e+00 0.0000000000000000e+00 0.0000000000000000e+00 0.0000000000000000e+00 -1.2462333333333332e+01 0.0000000000000000e+00 0.0000000000000000e+00 0.0000000000000000e+00 -6.2311666666666641e+00 -6.0858333333333334e+00 0.0000000000000000e+00 0.0000000000000000e+00 0.0000000000000000e+00 -1.2171666666666667e+01 0.0000000000000000e+00 0.0000000000000000e+00 0.0000000000000000e+00 -6.0858333333333334e+00 -6.2311666666666650e+00 0.0000000000000000e+00 0.0000000000000000e+00 0.0000000000000000e+00 -1.2462333333333330e+01 0.0000000000000000e+00 0.0000000000000000e+00 0.0000000000000000e+00 -6.2311666666666650e+00 -6.0858333333333343e+00 0.0000000000000000e+00 0.0000000000000000e+00 0.0000000000000000e+00 -1.2171666666666667e+01 0.0000000000000000e+00 0.0000000000000000e+00 0.0000000000000000e+00 -6.0858333333333343e+00 -6.2311666666666659e+00 0.0000000000000000e+00 0.0000000000000000e+00 0.0000000000000000e+00 -1.2462333333333333e+01 0.0000000000000000e+00 0.0000000000000000e+00 0.0000000000000000e+00 -6.2311666666666659e+00 -6.0858333333333343e+00 0.0000000000000000e+00 0.0000000000000000e+00 0.0000000000000000e+00 -1.2171666666666667e+01 0.0000000000000000e+00 0.0000000000000000e+00 0.0000000000000000e+00 -6.0858333333333343e+00 -5.7951666666666659e+00 0.0000000000000000e+00 0.0000000000000000e+00 0.0000000000000000e+00 -1.1590333333333332e+01 0.0000000000000000e+00 0.0000000000000000e+00 0.0000000000000000e+00 -5.7951666666666659e+00 -5.6498333333333335e+00 0.0000000000000000e+00 0.0000000000000000e+00 0.0000000000000000e+00 -1.1299666666666667e+01 0.0000000000000000e+00 0.0000000000000000e+00 0.0000000000000000e+00 -5.6498333333333335e+00 -5.7951666666666668e+00 0.0000000000000000e+00 0.0000000000000000e+00 0.0000000000000000e+00 -1.1590333333333334e+01 0.0000000000000000e+00 0.0000000000000000e+00 0.0000000000000000e+00 -5.7951666666666668e+00 -5.6498333333333335e+00 0.0000000000000000e+00 0.0000000000000000e+00 0.0000000000000000e+00 -1.1299666666666667e+01 0.0000000000000000e+00 0.0000000000000000e+00 0.0000000000000000e+00 -5.6498333333333335e+00 -5.7951666666666677e+00 0.0000000000000000e+00 0.0000000000000000e+00 0.0000000000000000e+00 -1.1590333333333335e+01 0.0000000000000000e+00 0.0000000000000000e+00 0.0000000000000000e+00 -5.7951666666666677e+00 -5.6498333333333326e+00 0.0000000000000000e+00 0.0000000000000000e+00 0.0000000000000000e+00 -1.1299666666666665e+01 0.0000000000000000e+00 0.0000000000000000e+00 0.0000000000000000e+00 -5.6498333333333326e+00 -5.7951666666666668e+00 0.0000000000000000e+00 0.0000000000000000e+00 0.0000000000000000e+00 -1.1590333333333335e+01 0.0000000000000000e+00 0.0000000000000000e+00 0.0000000000000000e+00 -5.7951666666666668e+00 -5.6498333333333326e+00 0.0000000000000000e+00 0.0000000000000000e+00 0.0000000000000000e+00 -1.1299666666666663e+01 0.0000000000000000e+00 0.0000000000000000e+00 0.0000000000000000e+00 -5.6498333333333326e+00 -5.7951666666666668e+00 0.0000000000000000e+00 0.0000000000000000e+00 0.0000000000000000e+00 -1.1590333333333335e+01 0.0000000000000000e+00 0.0000000000000000e+00 0.0000000000000000e+00 -5.7951666666666668e+00 -5.6498333333333326e+00 0.0000000000000000e+00 0.0000000000000000e+00 0.0000000000000000e+00 -1.1299666666666665e+01 0.0000000000000000e+00 0.0000000000000000e+00 0.0000000000000000e+00 -5.6498333333333326e+00 -5.7951666666666668e+00 0.0000000000000000e+00 0.0000000000000000e+00 0.0000000000000000e+00 -1.1590333333333334e+01 0.0000000000000000e+00 0.0000000000000000e+00 0.0000000000000000e+00 -5.7951666666666668e+00 -5.6498333333333344e+00 0.0000000000000000e+00 0.0000000000000000e+00 0.0000000000000000e+00 -1.1299666666666669e+01 0.0000000000000000e+00 0.0000000000000000e+00 0.0000000000000000e+00 -5.6498333333333344e+00 -5.7951666666666659e+00 0.0000000000000000e+00 0.0000000000000000e+00 0.0000000000000000e+00 -1.1590333333333332e+01 0.0000000000000000e+00 0.0000000000000000e+00 0.0000000000000000e+00 -5.7951666666666659e+00 -5.6498333333333317e+00 0.0000000000000000e+00 0.0000000000000000e+00 0.0000000000000000e+00 -1.1299666666666667e+01 0.0000000000000000e+00 0.0000000000000000e+00 0.0000000000000000e+00 -5.6498333333333317e+00 -5.7951666666666668e+00 0.0000000000000000e+00 0.0000000000000000e+00 0.0000000000000000e+00 -1.1590333333333335e+01 0.0000000000000000e+00 0.0000000000000000e+00 0.0000000000000000e+00 -5.7951666666666668e+00 -5.6498333333333335e+00 0.0000000000000000e+00 0.0000000000000000e+00 0.0000000000000000e+00 -1.1299666666666669e+01 0.0000000000000000e+00 0.0000000000000000e+00 0.0000000000000000e+00 -5.6498333333333335e+00 -5.7951666666666659e+00 0.0000000000000000e+00 0.0000000000000000e+00 0.0000000000000000e+00 -1.1590333333333332e+01 0.0000000000000000e+00 0.0000000000000000e+00 0.0000000000000000e+00 -5.7951666666666659e+00 -5.6498333333333326e+00 0.0000000000000000e+00 0.0000000000000000e+00 0.0000000000000000e+00 -1.1299666666666665e+01 0.0000000000000000e+00 0.0000000000000000e+00 0.0000000000000000e+00 -5.6498333333333326e+00 -5.3591666666666660e+00 0.0000000000000000e+00 0.0000000000000000e+00 0.0000000000000000e+00 -1.0718333333333332e+01 0.0000000000000000e+00 0.0000000000000000e+00 0.0000000000000000e+00 -5.3591666666666660e+00 -5.2138333333333335e+00 0.0000000000000000e+00 0.0000000000000000e+00 0.0000000000000000e+00 -1.0427666666666667e+01 0.0000000000000000e+00 0.0000000000000000e+00 0.0000000000000000e+00 -5.2138333333333335e+00 -5.3591666666666686e+00 0.0000000000000000e+00 0.0000000000000000e+00 0.0000000000000000e+00 -1.0718333333333332e+01 0.0000000000000000e+00 0.0000000000000000e+00 0.0000000000000000e+00 -5.3591666666666686e+00 -5.2138333333333344e+00 0.0000000000000000e+00 0.0000000000000000e+00 0.0000000000000000e+00 -1.0427666666666669e+01 0.0000000000000000e+00 0.0000000000000000e+00 0.0000000000000000e+00 -5.2138333333333344e+00 -5.3591666666666686e+00 0.0000000000000000e+00 0.0000000000000000e+00 0.0000000000000000e+00 -1.0718333333333335e+01 0.0000000000000000e+00 0.0000000000000000e+00 0.0000000000000000e+00 -5.3591666666666686e+00 -5.2138333333333335e+00 0.0000000000000000e+00 0.0000000000000000e+00 0.0000000000000000e+00 -1.0427666666666667e+01 0.0000000000000000e+00 0.0000000000000000e+00 0.0000000000000000e+00 -5.2138333333333335e+00 -5.3591666666666660e+00 0.0000000000000000e+00 0.0000000000000000e+00 0.0000000000000000e+00 -1.0718333333333332e+01 0.0000000000000000e+00 0.0000000000000000e+00 0.0000000000000000e+00 -5.3591666666666660e+00 -5.2138333333333327e+00 0.0000000000000000e+00 0.0000000000000000e+00 0.0000000000000000e+00 -1.0427666666666665e+01 0.0000000000000000e+00 0.0000000000000000e+00 0.0000000000000000e+00 -5.2138333333333327e+00 -5.3591666666666677e+00 0.0000000000000000e+00 0.0000000000000000e+00 0.0000000000000000e+00 -1.0718333333333334e+01 0.0000000000000000e+00 0.0000000000000000e+00 0.0000000000000000e+00 -5.3591666666666677e+00 -5.2138333333333335e+00 0.0000000000000000e+00 0.0000000000000000e+00 0.0000000000000000e+00 -1.0427666666666667e+01 0.0000000000000000e+00 0.0000000000000000e+00 0.0000000000000000e+00 -5.2138333333333335e+00 -5.3591666666666677e+00 0.0000000000000000e+00 0.0000000000000000e+00 0.0000000000000000e+00 -1.0718333333333334e+01 0.0000000000000000e+00 0.0000000000000000e+00 0.0000000000000000e+00 -5.3591666666666677e+00 -5.2138333333333335e+00 0.0000000000000000e+00 0.0000000000000000e+00 0.0000000000000000e+00 -1.0427666666666667e+01 0.0000000000000000e+00 0.0000000000000000e+00 0.0000000000000000e+00 -5.2138333333333335e+00 -5.3591666666666669e+00 0.0000000000000000e+00 0.0000000000000000e+00 0.0000000000000000e+00 -1.0718333333333334e+01 0.0000000000000000e+00 0.0000000000000000e+00 0.0000000000000000e+00 -5.3591666666666669e+00 -5.2138333333333335e+00 0.0000000000000000e+00 0.0000000000000000e+00 0.0000000000000000e+00 -1.0427666666666667e+01 0.0000000000000000e+00 0.0000000000000000e+00 0.0000000000000000e+00 -5.2138333333333335e+00 -5.3591666666666660e+00 0.0000000000000000e+00 0.0000000000000000e+00 0.0000000000000000e+00 -1.0718333333333332e+01 0.0000000000000000e+00 0.0000000000000000e+00 0.0000000000000000e+00 -5.3591666666666660e+00 -5.2138333333333335e+00 0.0000000000000000e+00 0.0000000000000000e+00 0.0000000000000000e+00 -1.0427666666666667e+01 0.0000000000000000e+00 0.0000000000000000e+00 0.0000000000000000e+00 -5.2138333333333335e+00 -5.3591666666666686e+00 0.0000000000000000e+00 0.0000000000000000e+00 0.0000000000000000e+00 -1.0718333333333337e+01 0.0000000000000000e+00 0.0000000000000000e+00 0.0000000000000000e+00 -5.3591666666666686e+00 -5.2138333333333335e+00 0.0000000000000000e+00 0.0000000000000000e+00 0.0000000000000000e+00 -1.0427666666666667e+01 0.0000000000000000e+00 0.0000000000000000e+00 0.0000000000000000e+00 -5.2138333333333335e+00 -4.9231666666666678e+00 0.0000000000000000e+00 0.0000000000000000e+00 0.0000000000000000e+00 -9.8463333333333356e+00 0.0000000000000000e+00 0.0000000000000000e+00 0.0000000000000000e+00 -4.9231666666666678e+00 -4.7778333333333336e+00 0.0000000000000000e+00 0.0000000000000000e+00 0.0000000000000000e+00 -9.5556666666666672e+00 0.0000000000000000e+00 0.0000000000000000e+00 0.0000000000000000e+00 -4.7778333333333336e+00 -4.9231666666666687e+00 0.0000000000000000e+00 0.0000000000000000e+00 0.0000000000000000e+00 -9.8463333333333374e+00 0.0000000000000000e+00 0.0000000000000000e+00 0.0000000000000000e+00 -4.9231666666666687e+00 -4.7778333333333345e+00 0.0000000000000000e+00 0.0000000000000000e+00 0.0000000000000000e+00 -9.5556666666666690e+00 0.0000000000000000e+00 0.0000000000000000e+00 0.0000000000000000e+00 -4.7778333333333345e+00 -4.9231666666666678e+00 0.0000000000000000e+00 0.0000000000000000e+00 0.0000000000000000e+00 -9.8463333333333356e+00 0.0000000000000000e+00 0.0000000000000000e+00 0.0000000000000000e+00 -4.9231666666666678e+00 -4.7778333333333345e+00 0.0000000000000000e+00 0.0000000000000000e+00 0.0000000000000000e+00 -9.5556666666666690e+00 0.0000000000000000e+00 0.0000000000000000e+00 0.0000000000000000e+00 -4.7778333333333345e+00 -4.9231666666666660e+00 0.0000000000000000e+00 0.0000000000000000e+00 0.0000000000000000e+00 -9.8463333333333320e+00 0.0000000000000000e+00 0.0000000000000000e+00 0.0000000000000000e+00 -4.9231666666666660e+00 -4.7778333333333327e+00 0.0000000000000000e+00 0.0000000000000000e+00 0.0000000000000000e+00 -9.5556666666666654e+00 0.0000000000000000e+00 0.0000000000000000e+00 0.0000000000000000e+00 -4.7778333333333327e+00 -4.9231666666666660e+00 0.0000000000000000e+00 0.0000000000000000e+00 0.0000000000000000e+00 -9.8463333333333320e+00 0.0000000000000000e+00 0.0000000000000000e+00 0.0000000000000000e+00 -4.9231666666666660e+00 -4.7778333333333327e+00 0.0000000000000000e+00 0.0000000000000000e+00 0.0000000000000000e+00 -9.5556666666666654e+00 0.0000000000000000e+00 0.0000000000000000e+00 0.0000000000000000e+00 -4.7778333333333327e+00 -4.9231666666666669e+00 0.0000000000000000e+00 0.0000000000000000e+00 0.0000000000000000e+00 -9.8463333333333338e+00 0.0000000000000000e+00 0.0000000000000000e+00 0.0000000000000000e+00 -4.9231666666666669e+00 -4.7778333333333345e+00 0.0000000000000000e+00 0.0000000000000000e+00 0.0000000000000000e+00 -9.5556666666666690e+00 0.0000000000000000e+00 0.0000000000000000e+00 0.0000000000000000e+00 -4.7778333333333345e+00 -4.9231666666666669e+00 0.0000000000000000e+00 0.0000000000000000e+00 0.0000000000000000e+00 -9.8463333333333338e+00 0.0000000000000000e+00 0.0000000000000000e+00 0.0000000000000000e+00 -4.9231666666666669e+00 -4.7778333333333345e+00 0.0000000000000000e+00 0.0000000000000000e+00 0.0000000000000000e+00 -9.5556666666666690e+00 0.0000000000000000e+00 0.0000000000000000e+00 0.0000000000000000e+00 -4.7778333333333345e+00 -4.9231666666666660e+00 0.0000000000000000e+00 0.0000000000000000e+00 0.0000000000000000e+00 -9.8463333333333320e+00 0.0000000000000000e+00 0.0000000000000000e+00 0.0000000000000000e+00 -4.9231666666666660e+00 -4.7778333333333345e+00 0.0000000000000000e+00 0.0000000000000000e+00 0.0000000000000000e+00 -9.5556666666666690e+00 0.0000000000000000e+00 0.0000000000000000e+00 0.0000000000000000e+00 -4.7778333333333345e+00 -4.9231666666666678e+00 0.0000000000000000e+00 0.0000000000000000e+00 0.0000000000000000e+00 -9.8463333333333356e+00 0.0000000000000000e+00 0.0000000000000000e+00 0.0000000000000000e+00 -4.9231666666666678e+00 -4.7778333333333336e+00 0.0000000000000000e+00 0.0000000000000000e+00 0.0000000000000000e+00 -9.5556666666666672e+00 0.0000000000000000e+00 0.0000000000000000e+00 0.0000000000000000e+00 -4.7778333333333336e+00 -4.4568888888889218e+00 0.0000000000000000e+00 0.0000000000000000e+00 0.0000000000000000e+00 -8.9137777777778435e+00 0.0000000000000000e+00 0.0000000000000000e+00 0.0000000000000000e+00 -4.4568888888889218e+00 -4.2207222222222267e+00 0.0000000000000000e+00 0.0000000000000000e+00 0.0000000000000000e+00 -8.4414444444444534e+00 0.0000000000000000e+00 0.0000000000000000e+00 0.0000000000000000e+00 -4.2207222222222267e+00 -4.4568888888888907e+00 0.0000000000000000e+00 0.0000000000000000e+00 0.0000000000000000e+00 -8.9137777777777814e+00 0.0000000000000000e+00 0.0000000000000000e+00 0.0000000000000000e+00 -4.4568888888888907e+00 -4.2207222222222214e+00 0.0000000000000000e+00 0.0000000000000000e+00 0.0000000000000000e+00 -8.4414444444444428e+00 0.0000000000000000e+00 0.0000000000000000e+00 0.0000000000000000e+00 -4.2207222222222214e+00 -4.4568888888888889e+00 0.0000000000000000e+00 0.0000000000000000e+00 0.0000000000000000e+00 -8.9137777777777778e+00 0.0000000000000000e+00 0.0000000000000000e+00 0.0000000000000000e+00 -4.4568888888888889e+00 -4.2207222222222223e+00 0.0000000000000000e+00 0.0000000000000000e+00 0.0000000000000000e+00 -8.4414444444444445e+00 0.0000000000000000e+00 0.0000000000000000e+00 0.0000000000000000e+00 -4.2207222222222223e+00 -4.4568888888888889e+00 0.0000000000000000e+00 0.0000000000000000e+00 0.0000000000000000e+00 -8.9137777777777778e+00 0.0000000000000000e+00 0.0000000000000000e+00 0.0000000000000000e+00 -4.4568888888888889e+00 -4.2207222222222249e+00 0.0000000000000000e+00 0.0000000000000000e+00 0.0000000000000000e+00 -8.4414444444444499e+00 0.0000000000000000e+00 0.0000000000000000e+00 0.0000000000000000e+00 -4.2207222222222249e+00 -4.4568888888888880e+00 0.0000000000000000e+00 0.0000000000000000e+00 0.0000000000000000e+00 -8.9137777777777760e+00 0.0000000000000000e+00 0.0000000000000000e+00 0.0000000000000000e+00 -4.4568888888888880e+00 -4.2207222222222249e+00 0.0000000000000000e+00 0.0000000000000000e+00 0.0000000000000000e+00 -8.4414444444444499e+00 0.0000000000000000e+00 0.0000000000000000e+00 0.0000000000000000e+00 -4.2207222222222249e+00 -4.4568888888888880e+00 0.0000000000000000e+00 0.0000000000000000e+00 0.0000000000000000e+00 -8.9137777777777760e+00 0.0000000000000000e+00 0.0000000000000000e+00 0.0000000000000000e+00 -4.4568888888888880e+00 -4.2207222222222205e+00 0.0000000000000000e+00 0.0000000000000000e+00 0.0000000000000000e+00 -8.4414444444444410e+00 0.0000000000000000e+00 0.0000000000000000e+00 0.0000000000000000e+00 -4.2207222222222205e+00 -4.4568888888888880e+00 0.0000000000000000e+00 0.0000000000000000e+00 0.0000000000000000e+00 -8.9137777777777760e+00 0.0000000000000000e+00 0.0000000000000000e+00 0.0000000000000000e+00 -4.4568888888888880e+00 -4.2207222222222205e+00 0.0000000000000000e+00 0.0000000000000000e+00 0.0000000000000000e+00 -8.4414444444444410e+00 0.0000000000000000e+00 0.0000000000000000e+00 0.0000000000000000e+00 -4.2207222222222205e+00 -4.4568888888888889e+00 0.0000000000000000e+00 0.0000000000000000e+00 0.0000000000000000e+00 -8.9137777777777778e+00 0.0000000000000000e+00 0.0000000000000000e+00 0.0000000000000000e+00 -4.4568888888888889e+00 -4.2207222222222205e+00 0.0000000000000000e+00 0.0000000000000000e+00 0.0000000000000000e+00 -8.4414444444444410e+00 0.0000000000000000e+00 0.0000000000000000e+00 0.0000000000000000e+00 -4.2207222222222205e+00 -4.4568888888888898e+00 0.0000000000000000e+00 0.0000000000000000e+00 0.0000000000000000e+00 -8.9137777777777796e+00 0.0000000000000000e+00 0.0000000000000000e+00 0.0000000000000000e+00 -4.4568888888888898e+00 -4.2207222222222542e+00 0.0000000000000000e+00 0.0000000000000000e+00 0.0000000000000000e+00 -8.4414444444445085e+00 0.0000000000000000e+00 0.0000000000000000e+00 0.0000000000000000e+00 -4.2207222222222542e+00 -3.5970000000000009e+00 0.0000000000000000e+00 0.0000000000000000e+00 0.0000000000000000e+00 -7.1940000000000017e+00 0.0000000000000000e+00 0.0000000000000000e+00 0.0000000000000000e+00 -3.5970000000000009e+00 -3.2699999999999978e+00 0.0000000000000000e+00 0.0000000000000000e+00 0.0000000000000000e+00 -6.5399999999999956e+00 0.0000000000000000e+00 0.0000000000000000e+00 0.0000000000000000e+00 -3.2699999999999978e+00 -3.5969999999999973e+00 0.0000000000000000e+00 0.0000000000000000e+00 0.0000000000000000e+00 -7.1939999999999946e+00 0.0000000000000000e+00 0.0000000000000000e+00 0.0000000000000000e+00 -3.5969999999999973e+00 -3.2699999999999960e+00 0.0000000000000000e+00 0.0000000000000000e+00 0.0000000000000000e+00 -6.5399999999999920e+00 0.0000000000000000e+00 0.0000000000000000e+00 0.0000000000000000e+00 -3.2699999999999960e+00 -3.5969999999999969e+00 0.0000000000000000e+00 0.0000000000000000e+00 0.0000000000000000e+00 -7.1939999999999937e+00 0.0000000000000000e+00 0.0000000000000000e+00 0.0000000000000000e+00 -3.5969999999999969e+00 -3.2699999999999978e+00 0.0000000000000000e+00 0.0000000000000000e+00 0.0000000000000000e+00 -6.5399999999999956e+00 0.0000000000000000e+00 0.0000000000000000e+00 0.0000000000000000e+00 -3.2699999999999978e+00 -3.5970000000000013e+00 0.0000000000000000e+00 0.0000000000000000e+00 0.0000000000000000e+00 -7.1940000000000026e+00 0.0000000000000000e+00 0.0000000000000000e+00 0.0000000000000000e+00 -3.5970000000000013e+00 -3.2699999999999978e+00 0.0000000000000000e+00 0.0000000000000000e+00 0.0000000000000000e+00 -6.5399999999999956e+00 0.0000000000000000e+00 0.0000000000000000e+00 0.0000000000000000e+00 -3.2699999999999978e+00 -3.5970000000000022e+00 0.0000000000000000e+00 0.0000000000000000e+00 0.0000000000000000e+00 -7.1940000000000044e+00 0.0000000000000000e+00 0.0000000000000000e+00 0.0000000000000000e+00 -3.5970000000000022e+00 -3.2699999999999978e+00 0.0000000000000000e+00 0.0000000000000000e+00 0.0000000000000000e+00 -6.5399999999999956e+00 0.0000000000000000e+00 0.0000000000000000e+00 0.0000000000000000e+00 -3.2699999999999978e+00 -3.5969999999999982e+00 0.0000000000000000e+00 0.0000000000000000e+00 0.0000000000000000e+00 -7.1939999999999964e+00 0.0000000000000000e+00 0.0000000000000000e+00 0.0000000000000000e+00 -3.5969999999999982e+00 -3.2699999999999974e+00 0.0000000000000000e+00 0.0000000000000000e+00 0.0000000000000000e+00 -6.5399999999999947e+00 0.0000000000000000e+00 0.0000000000000000e+00 0.0000000000000000e+00 -3.2699999999999974e+00 -3.5969999999999960e+00 0.0000000000000000e+00 0.0000000000000000e+00 0.0000000000000000e+00 -7.1939999999999920e+00 0.0000000000000000e+00 0.0000000000000000e+00 0.0000000000000000e+00 -3.5969999999999960e+00 -3.2699999999999974e+00 0.0000000000000000e+00 0.0000000000000000e+00 0.0000000000000000e+00 -6.5399999999999947e+00 0.0000000000000000e+00 0.0000000000000000e+00 0.0000000000000000e+00 -3.2699999999999974e+00 -3.5969999999999960e+00 0.0000000000000000e+00 0.0000000000000000e+00 0.0000000000000000e+00 -7.1939999999999920e+00 0.0000000000000000e+00 0.0000000000000000e+00 0.0000000000000000e+00 -3.5969999999999960e+00 -3.2699999999999978e+00 0.0000000000000000e+00 0.0000000000000000e+00 0.0000000000000000e+00 -6.5399999999999956e+00 0.0000000000000000e+00 0.0000000000000000e+00 0.0000000000000000e+00 -3.2699999999999978e+00 -3.5969999999999978e+00 0.0000000000000000e+00 0.0000000000000000e+00 0.0000000000000000e+00 -7.1939999999999955e+00 0.0000000000000000e+00 0.0000000000000000e+00 0.0000000000000000e+00 -3.5969999999999978e+00 -3.2699999999999969e+00 0.0000000000000000e+00 0.0000000000000000e+00 0.0000000000000000e+00 -6.5399999999999938e+00 0.0000000000000000e+00 0.0000000000000000e+00 0.0000000000000000e+00 -3.2699999999999969e+00 -2.6159999999999961e+00 0.0000000000000000e+00 0.0000000000000000e+00 0.0000000000000000e+00 -5.2319999999999922e+00 0.0000000000000000e+00 0.0000000000000000e+00 0.0000000000000000e+00 -2.6159999999999961e+00 -2.2889999999999993e+00 0.0000000000000000e+00 0.0000000000000000e+00 0.0000000000000000e+00 -4.5779999999999985e+00 0.0000000000000000e+00 0.0000000000000000e+00 0.0000000000000000e+00 -2.2889999999999993e+00 -2.6159999999999974e+00 0.0000000000000000e+00 0.0000000000000000e+00 0.0000000000000000e+00 -5.2319999999999949e+00 0.0000000000000000e+00 0.0000000000000000e+00 0.0000000000000000e+00 -2.6159999999999974e+00 -2.2889999999999975e+00 0.0000000000000000e+00 0.0000000000000000e+00 0.0000000000000000e+00 -4.5779999999999950e+00 0.0000000000000000e+00 0.0000000000000000e+00 0.0000000000000000e+00 -2.2889999999999975e+00 -2.6159999999999970e+00 0.0000000000000000e+00 0.0000000000000000e+00 0.0000000000000000e+00 -5.2319999999999940e+00 0.0000000000000000e+00 0.0000000000000000e+00 0.0000000000000000e+00 -2.6159999999999970e+00 -2.2889999999999988e+00 0.0000000000000000e+00 0.0000000000000000e+00 0.0000000000000000e+00 -4.5779999999999976e+00 0.0000000000000000e+00 0.0000000000000000e+00 0.0000000000000000e+00 -2.2889999999999988e+00 -2.6159999999999974e+00 0.0000000000000000e+00 0.0000000000000000e+00 0.0000000000000000e+00 -5.2319999999999949e+00 0.0000000000000000e+00 0.0000000000000000e+00 0.0000000000000000e+00 -2.6159999999999974e+00 -2.2889999999999988e+00 0.0000000000000000e+00 0.0000000000000000e+00 0.0000000000000000e+00 -4.5779999999999976e+00 0.0000000000000000e+00 0.0000000000000000e+00 0.0000000000000000e+00 -2.2889999999999988e+00 -2.6159999999999966e+00 0.0000000000000000e+00 0.0000000000000000e+00 0.0000000000000000e+00 -5.2319999999999931e+00 0.0000000000000000e+00 0.0000000000000000e+00 0.0000000000000000e+00 -2.6159999999999966e+00 -2.2890000000000006e+00 0.0000000000000000e+00 0.0000000000000000e+00 0.0000000000000000e+00 -4.5780000000000012e+00 0.0000000000000000e+00 0.0000000000000000e+00 0.0000000000000000e+00 -2.2890000000000006e+00 -2.6159999999999988e+00 0.0000000000000000e+00 0.0000000000000000e+00 0.0000000000000000e+00 -5.2319999999999975e+00 0.0000000000000000e+00 0.0000000000000000e+00 0.0000000000000000e+00 -2.6159999999999988e+00 -2.2889999999999993e+00 0.0000000000000000e+00 0.0000000000000000e+00 0.0000000000000000e+00 -4.5779999999999985e+00 0.0000000000000000e+00 0.0000000000000000e+00 0.0000000000000000e+00 -2.2889999999999993e+00 -2.6159999999999966e+00 0.0000000000000000e+00 0.0000000000000000e+00 0.0000000000000000e+00 -5.2319999999999931e+00 0.0000000000000000e+00 0.0000000000000000e+00 0.0000000000000000e+00 -2.6159999999999966e+00 -2.2889999999999988e+00 0.0000000000000000e+00 0.0000000000000000e+00 0.0000000000000000e+00 -4.5779999999999976e+00 0.0000000000000000e+00 0.0000000000000000e+00 0.0000000000000000e+00 -2.2889999999999988e+00 -2.6159999999999966e+00 0.0000000000000000e+00 0.0000000000000000e+00 0.0000000000000000e+00 -5.2319999999999931e+00 0.0000000000000000e+00 0.0000000000000000e+00 0.0000000000000000e+00 -2.6159999999999966e+00 -2.2890000000000001e+00 0.0000000000000000e+00 0.0000000000000000e+00 0.0000000000000000e+00 -4.5780000000000003e+00 0.0000000000000000e+00 0.0000000000000000e+00 0.0000000000000000e+00 -2.2890000000000001e+00 -2.6159999999999983e+00 0.0000000000000000e+00 0.0000000000000000e+00 0.0000000000000000e+00 -5.2319999999999967e+00 0.0000000000000000e+00 0.0000000000000000e+00 0.0000000000000000e+00 -2.6159999999999983e+00 -2.2889999999999979e+00 0.0000000000000000e+00 0.0000000000000000e+00 0.0000000000000000e+00 -4.5779999999999959e+00 0.0000000000000000e+00 0.0000000000000000e+00 0.0000000000000000e+00 -2.2889999999999979e+00 -1.6349999999999989e+00 0.0000000000000000e+00 0.0000000000000000e+00 0.0000000000000000e+00 -3.2699999999999978e+00 0.0000000000000000e+00 0.0000000000000000e+00 0.0000000000000000e+00 -1.6349999999999989e+00 -1.3079999999999996e+00 0.0000000000000000e+00 0.0000000000000000e+00 0.0000000000000000e+00 -2.6159999999999992e+00 0.0000000000000000e+00 0.0000000000000000e+00 0.0000000000000000e+00 -1.3079999999999996e+00 -1.6349999999999993e+00 0.0000000000000000e+00 0.0000000000000000e+00 0.0000000000000000e+00 -3.2699999999999987e+00 0.0000000000000000e+00 0.0000000000000000e+00 0.0000000000000000e+00 -1.6349999999999993e+00 -1.3079999999999981e+00 0.0000000000000000e+00 0.0000000000000000e+00 0.0000000000000000e+00 -2.6159999999999961e+00 0.0000000000000000e+00 0.0000000000000000e+00 0.0000000000000000e+00 -1.3079999999999981e+00 -1.6349999999999989e+00 0.0000000000000000e+00 0.0000000000000000e+00 0.0000000000000000e+00 -3.2699999999999978e+00 0.0000000000000000e+00 0.0000000000000000e+00 0.0000000000000000e+00 -1.6349999999999989e+00 -1.3079999999999976e+00 0.0000000000000000e+00 0.0000000000000000e+00 0.0000000000000000e+00 -2.6159999999999952e+00 0.0000000000000000e+00 0.0000000000000000e+00 0.0000000000000000e+00 -1.3079999999999976e+00 -1.6349999999999989e+00 0.0000000000000000e+00 0.0000000000000000e+00 0.0000000000000000e+00 -3.2699999999999978e+00 0.0000000000000000e+00 0.0000000000000000e+00 0.0000000000000000e+00 -1.6349999999999989e+00 -1.3079999999999976e+00 0.0000000000000000e+00 0.0000000000000000e+00 0.0000000000000000e+00 -2.6159999999999952e+00 0.0000000000000000e+00 0.0000000000000000e+00 0.0000000000000000e+00 -1.3079999999999976e+00 -1.6349999999999989e+00 0.0000000000000000e+00 0.0000000000000000e+00 0.0000000000000000e+00 -3.2699999999999978e+00 0.0000000000000000e+00 0.0000000000000000e+00 0.0000000000000000e+00 -1.6349999999999989e+00 -1.3079999999999976e+00 0.0000000000000000e+00 0.0000000000000000e+00 0.0000000000000000e+00 -2.6159999999999952e+00 0.0000000000000000e+00 0.0000000000000000e+00 0.0000000000000000e+00 -1.3079999999999976e+00 -1.6349999999999989e+00 0.0000000000000000e+00 0.0000000000000000e+00 0.0000000000000000e+00 -3.2699999999999978e+00 0.0000000000000000e+00 0.0000000000000000e+00 0.0000000000000000e+00 -1.6349999999999989e+00 -1.3079999999999981e+00 0.0000000000000000e+00 0.0000000000000000e+00 0.0000000000000000e+00 -2.6159999999999961e+00 0.0000000000000000e+00 0.0000000000000000e+00 0.0000000000000000e+00 -1.3079999999999981e+00 -1.6349999999999989e+00 0.0000000000000000e+00 0.0000000000000000e+00 0.0000000000000000e+00 -3.2699999999999978e+00 0.0000000000000000e+00 0.0000000000000000e+00 0.0000000000000000e+00 -1.6349999999999989e+00 -1.3079999999999981e+00 0.0000000000000000e+00 0.0000000000000000e+00 0.0000000000000000e+00 -2.6159999999999961e+00 0.0000000000000000e+00 0.0000000000000000e+00 0.0000000000000000e+00 -1.3079999999999981e+00 -1.6349999999999991e+00 0.0000000000000000e+00 0.0000000000000000e+00 0.0000000000000000e+00 -3.2699999999999982e+00 0.0000000000000000e+00 0.0000000000000000e+00 0.0000000000000000e+00 -1.6349999999999991e+00 -1.3079999999999978e+00 0.0000000000000000e+00 0.0000000000000000e+00 0.0000000000000000e+00 -2.6159999999999957e+00 0.0000000000000000e+00 0.0000000000000000e+00 0.0000000000000000e+00 -1.3079999999999978e+00 -1.6349999999999987e+00 0.0000000000000000e+00 0.0000000000000000e+00 0.0000000000000000e+00 -3.2699999999999974e+00 0.0000000000000000e+00 0.0000000000000000e+00 0.0000000000000000e+00 -1.6349999999999987e+00 -1.3079999999999985e+00 0.0000000000000000e+00 0.0000000000000000e+00 0.0000000000000000e+00 -2.6159999999999970e+00 0.0000000000000000e+00 0.0000000000000000e+00 0.0000000000000000e+00 -1.3079999999999985e+00 -6.5399999999999814e-01 0.0000000000000000e+00 0.0000000000000000e+00 0.0000000000000000e+00 -1.3079999999999963e+00 0.0000000000000000e+00 0.0000000000000000e+00 0.0000000000000000e+00 -6.5399999999999814e-01 -3.2699999999999763e-01 0.0000000000000000e+00 0.0000000000000000e+00 0.0000000000000000e+00 -6.5399999999999525e-01 0.0000000000000000e+00 0.0000000000000000e+00 0.0000000000000000e+00 -3.2699999999999763e-01 -6.5399999999999803e-01 0.0000000000000000e+00 0.0000000000000000e+00 0.0000000000000000e+00 -1.3079999999999961e+00 0.0000000000000000e+00 0.0000000000000000e+00 0.0000000000000000e+00 -6.5399999999999803e-01 -3.2699999999999751e-01 0.0000000000000000e+00 0.0000000000000000e+00 0.0000000000000000e+00 -6.5399999999999503e-01 0.0000000000000000e+00 0.0000000000000000e+00 0.0000000000000000e+00 -3.2699999999999751e-01 -6.5399999999999747e-01 0.0000000000000000e+00 0.0000000000000000e+00 0.0000000000000000e+00 -1.3079999999999949e+00 0.0000000000000000e+00 0.0000000000000000e+00 0.0000000000000000e+00 -6.5399999999999747e-01 -3.2699999999999751e-01 0.0000000000000000e+00 0.0000000000000000e+00 0.0000000000000000e+00 -6.5399999999999503e-01 0.0000000000000000e+00 0.0000000000000000e+00 0.0000000000000000e+00 -3.2699999999999751e-01 -6.5399999999999736e-01 0.0000000000000000e+00 0.0000000000000000e+00 0.0000000000000000e+00 -1.3079999999999947e+00 0.0000000000000000e+00 0.0000000000000000e+00 0.0000000000000000e+00 -6.5399999999999736e-01 -3.2699999999999751e-01 0.0000000000000000e+00 0.0000000000000000e+00 0.0000000000000000e+00 -6.5399999999999503e-01 0.0000000000000000e+00 0.0000000000000000e+00 0.0000000000000000e+00 -3.2699999999999751e-01 -6.5399999999999736e-01 0.0000000000000000e+00 0.0000000000000000e+00 0.0000000000000000e+00 -1.3079999999999947e+00 0.0000000000000000e+00 0.0000000000000000e+00 0.0000000000000000e+00 -6.5399999999999736e-01 -3.2699999999999740e-01 0.0000000000000000e+00 0.0000000000000000e+00 0.0000000000000000e+00 -6.5399999999999481e-01 0.0000000000000000e+00 0.0000000000000000e+00 0.0000000000000000e+00 -3.2699999999999740e-01 -6.5399999999999736e-01 0.0000000000000000e+00 0.0000000000000000e+00 0.0000000000000000e+00 -1.3079999999999947e+00 0.0000000000000000e+00 0.0000000000000000e+00 0.0000000000000000e+00 -6.5399999999999736e-01 -3.2699999999999746e-01 0.0000000000000000e+00 0.0000000000000000e+00 0.0000000000000000e+00 -6.5399999999999492e-01 0.0000000000000000e+00 0.0000000000000000e+00 0.0000000000000000e+00 -3.2699999999999746e-01 -6.5399999999999592e-01 0.0000000000000000e+00 0.0000000000000000e+00 0.0000000000000000e+00 -1.3079999999999918e+00 0.0000000000000000e+00 0.0000000000000000e+00 0.0000000000000000e+00 -6.5399999999999592e-01 -3.2699999999999679e-01 0.0000000000000000e+00 0.0000000000000000e+00 0.0000000000000000e+00 -6.5399999999999359e-01 0.0000000000000000e+00 0.0000000000000000e+00 0.0000000000000000e+00 -3.2699999999999679e-01 -6.5399999999999825e-01 0.0000000000000000e+00 0.0000000000000000e+00 0.0000000000000000e+00 -1.3079999999999965e+00 0.0000000000000000e+00 0.0000000000000000e+00 0.0000000000000000e+00 -6.5399999999999825e-01 -3.2699999999999757e-01 0.0000000000000000e+00 0.0000000000000000e+00 0.0000000000000000e+00 -6.5399999999999514e-01 0.0000000000000000e+00 0.0000000000000000e+00 0.0000000000000000e+00 -3.2699999999999757e-01 -6.5399999999999747e-01 0.0000000000000000e+00 0.0000000000000000e+00 0.0000000000000000e+00 -1.3079999999999949e+00 0.0000000000000000e+00 0.0000000000000000e+00 0.0000000000000000e+00 -6.5399999999999747e-01 -3.2699999999999796e-01 0.0000000000000000e+00 0.0000000000000000e+00 0.0000000000000000e+00 -6.5399999999999592e-01 0.0000000000000000e+00 0.0000000000000000e+00 0.0000000000000000e+00 -3.2699999999999796e-01
</DataArray>
        <DataArray type="Float64" format="ascii" Name="sigma_eff_xx">
-7.8480000000008161e+00 -8.0442000000016023e+00 -7.8480000000007841e+00 -8.0442000000015330e+00 -7.8480000000007486e+00 -8.0442000000014673e+00 -7.8480000000007140e+00 -8.0442000000013980e+00 -7.8480000000006838e+00 -8.0442000000013358e+00 -7.8480000000006500e+00 -8.0442000000012701e+00 -7.8480000000006189e+00 -8.0442000000012026e+00 -7.8480000000005816e+00 -8.0442000000011351e+00 -7.8480000000005505e+00 -8.0442000000010694e+00 -8.4366000000013290e+00 -8.6328000000003851e+00 -8.4366000000014072e+00 -8.6328000000006444e+00 -8.4366000000014854e+00 -8.6328000000008984e+00 -8.4366000000015635e+00 -8.6328000000011542e+00 -8.4366000000016399e+00 -8.6328000000014136e+00 -8.4366000000017216e+00 -8.6328000000016694e+00 -8.4366000000018033e+00 -8.6328000000019269e+00 -8.4366000000018779e+00 -8.6328000000021845e+00 -8.4366000000019579e+00 -8.6328000000024439e+00 -9.0251999999979677e+00 -9.2213999999969580e+00 -9.0251999999986126e+00 -9.2213999999978107e+00 -9.0251999999992556e+00 -9.2213999999986669e+00 -9.0251999999998986e+00 -9.2213999999995142e+00 -9.0252000000005435e+00 -9.2214000000003704e+00 -9.0252000000011883e+00 -9.2214000000012248e+00 -9.0252000000018366e+00 -9.2214000000020793e+00 -9.0252000000024797e+00 -9.2214000000029319e+00 -9.0252000000031263e+00 -9.2214000000037899e+00 -9.6137999999940948e+00 -9.8099999999932912e+00 -9.6137999999953649e+00 -9.8099999999947727e+00 -9.6137999999966350e+00 -9.8099999999962506e+00 -9.6137999999979034e+00 -9.8099999999977303e+00 -9.6137999999991752e+00 -9.8099999999992100e+00 -9.6138000000004435e+00 -9.8100000000006915e+00 -9.6138000000017172e+00 -9.8100000000021694e+00 -9.6138000000029891e+00 -9.8100000000036509e+00 -9.6138000000042556e+00 -9.8100000000051271e+00 -1.0202399999991311e+01 -1.0398599999991625e+01 -1.0202399999993021e+01 -1.0398599999993371e+01 -1.0202399999994737e+01 -1.0398599999995108e+01 -1.0202399999996455e+01 -1.0398599999996854e+01 -1.0202399999998168e+01 -1.0398599999998591e+01 -1.0202399999999882e+01 -1.0398600000000334e+01 -1.0202400000001598e+01 -1.0398600000002078e+01 -1.0202400000003314e+01 -1.0398600000003823e+01 -1.0202400000005024e+01 -1.0398600000005565e+01 -1.0790999999991609e+01 -1.0987199999992860e+01 -1.0790999999993222e+01 -1.0987199999994321e+01 -1.0790999999994837e+01 -1.0987199999995777e+01 -1.0790999999996448e+01 -1.0987199999997245e+01 -1.0790999999998069e+01 -1.0987199999998701e+01 -1.0790999999999682e+01 -1.0987200000000165e+01 -1.0791000000001297e+01 -1.0987200000001625e+01 -1.0791000000002914e+01 -1.0987200000003083e+01 -1.0791000000004527e+01 -1.0987200000004544e+01 -1.1379599999993903e+01 -1.1575799999995002e+01 -1.1379599999995053e+01 -1.1575799999995995e+01 -1.1379599999996207e+01 -1.1575799999996995e+01 -1.1379599999997357e+01 -1.1575799999997997e+01 -1.1379599999998508e+01 -1.1575799999998990e+01 -1.1379599999999664e+01 -1.1575799999999990e+01 -1.1379600000000812e+01 -1.1575800000000989e+01 -1.1379600000001966e+01 -1.1575800000001983e+01 -1.1379600000003114e+01 -1.1575800000002980e+01 -1.1968199999996198e+01 -1.2164399999997146e+01 -1.1968199999996889e+01 -1.2164399999997688e+01 -1.1968199999997580e+01 -1.2164399999998230e+01 -1.1968199999998271e+01 -1.2164399999998768e+01 -1.1968199999998967e+01 -1.2164399999999315e+01 -1.1968199999999664e+01 -1.2164399999999851e+01 -1.1968200000000353e+01 -1.2164400000000393e+01 -1.1968200000001049e+01 -1.2164400000000942e+01 -1.1968200000001744e+01 -1.2164400000001478e+01 -1.2556799999998500e+01 -1.2752999999999313e+01 -1.2556799999998759e+01 -1.2752999999999442e+01 -1.2556799999999022e+01 -1.2752999999999572e+01 -1.2556799999999278e+01 -1.2752999999999703e+01 -1.2556799999999544e+01 -1.2752999999999837e+01 -1.2556799999999805e+01 -1.2752999999999966e+01 -1.2556800000000065e+01 -1.2753000000000094e+01 -1.2556800000000329e+01 -1.2753000000000229e+01 -1.2556800000000585e+01 -1.2753000000000354e+01 -6.2311666666666650e+00 -6.0858333333333343e+00 -6.2311666666666667e+00 -6.0858333333333334e+00 -6.2311666666666659e+00 -6.0858333333333325e+00 -6.2311666666666650e+00 -6.0858333333333343e+00 -6.2311666666666650e+00 -6.0858333333333343e+00 -6.2311666666666667e+00 -6.0858333333333352e+00 -6.2311666666666641e+00 -6.0858333333333334e+00 -6.2311666666666650e+00 -6.0858333333333343e+00 -6.2311666666666659e+00 -6.0858333333333343e+00 -5.7951666666666659e+00 -5.6498333333333335e+00 -5.7951666666666668e+00 -5.6498333333333335e+00 -5.7951666666666677e+00 -5.6498333333333326e+00 -5.7951666666666668e+00 -5.6498333333333326e+00 -5.7951666666666668e+00 -5.6498333333333326e+00 -5.7951666666666668e+00 -5.6498333333333344e+00 -5.7951666666666659e+00 -5.6498333333333317e+00 -5.7951666666666668e+00 -5.6498333333333335e+00 -5.7951666666666659e+00 -5.6498333333333326e+00 -5.3591666666666660e+00 -5.2138333333333335e+00 -5.3591666666666686e+00 -5.2138333333333344e+00 -5.3591666666666686e+00 -5.2138333333333335e+00 -5.3591666666666660e+00 -5.2138333333333327e+00 -5.3591666666666677e+00 -5.2138333333333335e+00 -5.3591666666666677e+00 -5.2138333333333335e+00 -5.3591666666666669e+00 -5.2138333333333335e+00 -5.3591666666666660e+00 -5.2138333333333335e+00 -5.3591666666666686e+00 -5.2138333333333335e+00 -4.9231666666666678e+00 -4.7778333333333336e+00 -4.9231666666666687e+00 -4.7778333333333345e+00 -4.9231666666666678e+00 -4.7778333333333345e+00 -4.9231666666666660e+00 -4.7778333333333327e+00 -4.9231666666666660e+00 -4.7778333333333327e+00 -4.9231666666666669e+00 -4.7778333333333345e+00 -4.9231666666666669e+00 -4.7778333333333345e+00 -4.9231666666666660e+00 -4.7778333333333345e+00 -4.9231666666666678e+00 -4.7778333333333336e+00 -4.4568888888889218e+00 -4.2207222222222267e+00 -4.4568888888888907e+00 -4.2207222222222214e+00 -4.4568888888888889e+00 -4.2207222222222223e+00 -4.4568888888888889e+00 -4.2207222222222249e+00 -4.4568888888888880e+00 -4.2207222222222249e+00 -4.4568888888888880e+00 -4.2207222222222205e+00 -4.4568888888888880e+00 -4.2207222222222205e+00 -4.4568888888888889e+00 -4.2207222222222205e+00 -4.4568888888888898e+00 -4.2207222222222542e+00 -3.5970000000000009e+00 -3.2699999999999978e+00 -3.5969999999999973e+00 -3.2699999999999960e+00 -3.5969999999999969e+00 -3.2699999999999978e+00 -3.5970000000000013e+00 -3.2699999999999978e+00 -3.5970000000000022e+00 -3.2699999999999978e+00 -3.5969999999999982e+00 -3.2699999999999974e+00 -3.5969999999999960e+00 -3.2699999999999974e+00 -3.5969999999999960e+00 -3.2699999999999978e+00 -3.5969999999999978e+00 -3.2699999999999969e+00 -2.6159999999999961e+00 -2.2889999999999993e+00 -2.6159999999999974e+00 -2.2889999999999975e+00 -2.6159999999999970e+00 -2.2889999999999988e+00 -2.6159999999999974e+00 -2.2889999999999988e+00 -2.6159999999999966e+00 -2.2890000000000006e+00 -2.6159999999999988e+00 -2.2889999999999993e+00 -2.6159999999999966e+00 -2.2889999999999988e+00 -2.6159999999999966e+00 -2.2890000000000001e+00 -2.6159999999999983e+00 -2.2889999999999979e+00 -1.6349999999999989e+00 -1.3079999999999996e+00 -1.6349999999999993e+00 -1.3079999999999981e+00 -1.6349999999999989e+00 -1.3079999999999976e+00 -1.6349999999999989e+00 -1.3079999999999976e+00 -1.6349999999999989e+00 -1.3079999999999976e+00 -1.6349999999999989e+00 -1.3079999999999981e+00 -1.6349999999999989e+00 -1.3079999999999981e+00 -1.6349999999999991e+00 -1.3079999999999978e+00 -1.6349999999999987e+00 -1.3079999999999985e+00 -6.5399999999999814e-01 -3.2699999999999763e-01 -6.5399999999999803e-01 -3.2699999999999751e-01 -6.5399999999999747e-01 -3.2699999999999751e-01 -6.5399999999999736e-01 -3.2699999999999751e-01 -6.5399999999999736e-01 -3.2699999999999740e-01 -6.5399999999999736e-01 -3.2699999999999746e-01 -6.5399999999999592e-01 -3.2699999999999679e-01 -6.5399999999999825e-01 -3.2699999999999757e-01 -6.5399999999999747e-01 -3.2699999999999796e-01
</DataArray>
        <DataArray type="Float64" format="ascii" Name="tau_eff_xy">
0.0000000000000000e+00 0.0000000000000000e+00 0.0000000000000000e+00 0.0000000000000000e+00 0.0000000000000000e+00 0.0000000000000000e+00 0.0000000000000000e+00 0.0000000000000000e+00 0.0000000000000000e+00 0.0000000000000000e+00 0.0000000000000000e+00 0.0000000000000000e+00 0.0000000000000000e+00 0.0000000000000000e+00 0.0000000000000000e+00 0.0000000000000000e+00 0.0000000000000000e+00 0.0000000000000000e+00 0.0000000000000000e+00 0.0000000000000000e+00 0.0000000000000000e+00 0.0000000000000000e+00 0.0000000000000000e+00 0.0000000000000000e+00 0.0000000000000000e+00 0.0000000000000000e+00 0.0000000000000000e+00 0.0000000000000000e+00 0.0000000000000000e+00 0.0000000000000000e+00 0.0000000000000000e+00 0.0000000000000000e+00 0.0000000000000000e+00 0.0000000000000000e+00 0.0000000000000000e+00 0.0000000000000000e+00 0.0000000000000000e+00 0.0000000000000000e+00 0.0000000000000000e+00 0.0000000000000000e+00 0.0000000000000000e+00 0.0000000000000000e+00 0.0000000000000000e+00 0.0000000000000000e+00 0.0000000000000000e+00 0.0000000000000000e+00 0.0000000000000000e+00 0.0000000000000000e+00 0.0000000000000000e+00 0.0000000000000000e+00 0.0000000000000000e+00 0.0000000000000000e+00 0.0000000000000000e+00 0.0000000000000000e+00 0.0000000000000000e+00 0.0000000000000000e+00 0.0000000000000000e+00 0.0000000000000000e+00 0.0000000000000000e+00 0.0000000000000000e+00 0.0000000000000000e+00 0.0000000000000000e+00 0.0000000000000000e+00 0.0000000000000000e+00 0.0000000000000000e+00 0.0000000000000000e+00 0.0000000000000000e+00 0.0000000000000000e+00 0.0000000000000000e+00 0.0000000000000000e+00 0.0000000000000000e+00 0.0000000000000000e+00 0.0000000000000000e+00 0.0000000000000000e+00 0.0000000000000000e+00 0.0000000000000000e+00 0.0000000000000000e+00 0.0000000000000000e+00 0.0000000000000000e+00 0.0000000000000000e+00 0.0000000000000000e+00 0.0000000000000000e+00 0.0000000000000000e+00 0.0000000000000000e+00 0.0000000000000000e+00 0.0000000000000000e+00 0.0000000000000000e+00 0.0000000000000000e+00 0.0000000000000000e+00 0.0000000000000000e+00 0.0000000000000000e+00 0.0000000000000000e+00 0.0000000000000000e+00 0.0000000000000000e+00 0.0000000000000000e+00 0.0000000000000000e+00 0.0000000000000000e+00 0.0000000000000000e+00 0.0000000000000000e+00 0.0000000000000000e+00 0.0000000000000000e+00 0.0000000000000000e+00 0.0000000000000000e+00 0.0000000000000000e+00 0.0000000000000000e+00 0.0000000000000000e+00 0.0000000000000000e+00 0.0000000000000000e+00 0.0000000000000000e+00 0.0000000000000000e+00 0.0000000000000000e+00 0.0000000000000000e+00 0.0000000000000000e+00 0.0000000000000000e+00 0.0000000000000000e+00 0.0000000000000000e+00 0.0000000000000000e+00 0.0000000000000000e+00 0.0000000000000000e+00 0.0000000000000000e+00 0.0000000000000000e+00 0.0000000000000000e+00 0.0000000000000000e+00 0.0000000000000000e+00 0.0000000000000000e+00 0.0000000000000000e+00 0.0000000000000000e+00 0.0000000000000000e+00 0.0000000000000000e+00 0.0000000000000000e+00 0.0000000000000000e+00 0.0000000000000000e+00 0.0000000000000000e+00 0.0000000000000000e+00 0.0000000000000000e+00 0.0000000000000000e+00 0.0000000000000000e+00 0.0000000000000000e+00 0.0000000000000000e+00 0.0000000000000000e+00 0.0000000000000000e+00 0.0000000000000000e+00 0.0000000000000000e+00 0.0000000000000000e+00 0.0000000000000000e+00 0.0000000000000000e+00 0.0000000000000000e+00 0.0000000000000000e+00 0.0000000000000000e+00 0.0000000000000000e+00 0.0000000000000000e+00 0.0000000000000000e+00 0.0000000000000000e+00 0.0000000000000000e+00 0.0000000000000000e+00 0.0000000000000000e+00 0.0000000000000000e+00 0.0000000000000000e+00 0.0000000000000000e+00 0.0000000000000000e+00 0.0000000000000000e+00 0.0000000000000000e+00 0.0000000000000000e+00 0.0000000000000000e+00 0.0000000000000000e+00 0.0000000000000000e+00 0.0000000000000000e+00 0.0000000000000000e+00 0.0000000000000000e+00 0.0000000000000000e+00 0.0000000000000000e+00 0.0000000000000000e+00 0.0000000000000000e+00 0.0000000000000000e+00 0.0000000000000000e+00 0.0000000000000000e+00 0.0000000000000000e+00 0.0000000000000000e+00 0.0000000000000000e+00 0.0000000000000000e+00 0.0000000000000000e+00 0.0000000000000000e+00 0.0000000000000000e+00 0.0000000000000000e+00 0.0000000000000000e+00 0.0000000000000000e+00 0.0000000000000000e+00 0.0000000000000000e+00 0.0000000000000000e+00 0.0000000000000000e+00 0.0000000000000000e+00 0.0000000000000000e+00 0.0000000000000000e+00 0.0000000000000000e+00 0.0000000000000000e+00 0.0000000000000000e+00 0.0000000000000000e+00 0.0000000000000000e+00 0.0000000000000000e+00 0.0000000000000000e+00 0.0000000000000000e+00 0.0000000000000000e+00 0.0000000000000000e+00 0.0000000000000000e+00 0.0000000000000000e+00 0.0000000000000000e+00 0.0000000000000000e+00 0.0000000000000000e+00 0.0000000000000000e+00 0.0000000000000000e+00 0.0000000000000000e+00 0.0000000000000000e+00 0.0000000000000000e+00 0.0000000000000000e+00 0.0000000000000000e+00 0.0000000000000000e+00 0.0000000000000000e+00 0.0000000000000000e+00 0.0000000000000000e+00 0.0000000000000000e+00 0.0000000000000000e+00 0.0000000000000000e+00 0.0000000000000000e+00 0.0000000000000000e+00 0.0000000000000000e+00 0.0000000000000000e+00 0.0000000000000000e+00 0.0000000000000000e+00 0.0000000000000000e+00 0.0000000000000000e+00 0.0000000000000000e+00 0.0000000000000000e+00 0.0000000000000000e+00 0.0000000000000000e+00 0.0000000000000000e+00 0.0000000000000000e+00 0.0000000000000000e+00 0.0000000000000000e+00 0.0000000000000000e+00 0.0000000000000000e+00 0.0000000000000000e+00 0.0000000000000000e+00 0.0000000000000000e+00 0.0000000000000000e+00 0.0000000000000000e+00 0.0000000000000000e+00 0.0000000000000000e+00 0.0000000000000000e+00 0.0000000000000000e+00 0.0000000000000000e+00 0.0000000000000000e+00 0.0000000000000000e+00 0.0000000000000000e+00 0.0000000000000000e+00 0.0000000000000000e+00 0.0000000000000000e+00 0.0000000000000000e+00 0.0000000000000000e+00 0.0000000000000000e+00 0.0000000000000000e+00 0.0000000000000000e+00 0.0000000000000000e+00 0.0000000000000000e+00 0.0000000000000000e+00 0.0000000000000000e+00 0.0000000000000000e+00 0.0000000000000000e+00 0.0000000000000000e+00 0.0000000000000000e+00 0.0000000000000000e+00 0.0000000000000000e+00 0.0000000000000000e+00 0.0000000000000000e+00 0.0000000000000000e+00 0.0000000000000000e+00 0.0000000000000000e+00 0.0000000000000000e+00 0.0000000000000000e+00 0.0000000000000000e+00 0.0000000000000000e+00 0.0000000000000000e+00 0.0000000000000000e+00 0.0000000000000000e+00 0.0000000000000000e+00 0.0000000000000000e+00 0.0000000000000000e+00 0.0000000000000000e+00 0.0000000000000000e+00 0.0000000000000000e+00 0.0000000000000000e+00 0.0000000000000000e+00 0.0000000000000000e+00 0.0000000000000000e+00 0.0000000000000000e+00 0.0000000000000000e+00 0.0000000000000000e+00 0.0000000000000000e+00 0.0000000000000000e+00 0.0000000000000000e+00 0.0000000000000000e+00 0.0000000000000000e+00 0.0000000000000000e+00 0.0000000000000000e+00 0.0000000000000000e+00 0.0000000000000000e+00 0.0000000000000000e+00 0.0000000000000000e+00 0.0000000000000000e+00 0.0000000000000000e+00 0.0000000000000000e+00 0.0000000000000000e+00 0.0000000000000000e+00 0.0000000000000000e+00 0.0000000000000000e+00 0.0000000000000000e+00 0.0000000000000000e+00 0.0000000000000000e+00 0.0000000000000000e+00 0.0000000000000000e+00 0.0000000000000000e+00 0.0000000000000000e+00 0.0000000000000000e+00 0.0000000000000000e+00 0.0000000000000000e+00
</DataArray>
        <DataArray type="Float64" format="ascii" Name="sigma_eff_yy">
-1.3080000000001361e+01 -1.3407000000002670e+01 -1.3080000000001307e+01 -1.3407000000002556e+01 -1.3080000000001251e+01 -1.3407000000002444e+01 -1.3080000000001192e+01 -1.3407000000002332e+01 -1.3080000000001140e+01 -1.3407000000002228e+01 -1.3080000000001085e+01 -1.3407000000002114e+01 -1.3080000000001029e+01 -1.3407000000002004e+01 -1.3080000000000972e+01 -1.3407000000001892e+01 -1.3080000000000918e+01 -1.3407000000001778e+01 -1.4061000000002215e+01 -1.4388000000000641e+01 -1.4061000000002347e+01 -1.4388000000001075e+01 -1.4061000000002476e+01 -1.4388000000001501e+01 -1.4061000000002608e+01 -1.4388000000001922e+01 -1.4061000000002736e+01 -1.4388000000002355e+01 -1.4061000000002867e+01 -1.4388000000002787e+01 -1.4061000000003002e+01 -1.4388000000003210e+01 -1.4061000000003128e+01 -1.4388000000003643e+01 -1.4061000000003265e+01 -1.4388000000004075e+01 -1.5041999999996612e+01 -1.5368999999994934e+01 -1.5041999999997689e+01 -1.5368999999996355e+01 -1.5041999999998758e+01 -1.5368999999997776e+01 -1.5041999999999835e+01 -1.5368999999999192e+01 -1.5042000000000908e+01 -1.5369000000000621e+01 -1.5042000000001980e+01 -1.5369000000002041e+01 -1.5042000000003057e+01 -1.5369000000003465e+01 -1.5042000000004137e+01 -1.5369000000004890e+01 -1.5042000000005208e+01 -1.5369000000006318e+01 -1.6022999999990155e+01 -1.6349999999988821e+01 -1.6022999999992276e+01 -1.6349999999991290e+01 -1.6022999999994394e+01 -1.6349999999993752e+01 -1.6022999999996507e+01 -1.6349999999996221e+01 -1.6022999999998628e+01 -1.6349999999998683e+01 -1.6023000000000742e+01 -1.6350000000001153e+01 -1.6023000000002860e+01 -1.6350000000003618e+01 -1.6023000000004981e+01 -1.6350000000006084e+01 -1.6023000000007094e+01 -1.6350000000008549e+01 -1.7003999999985513e+01 -1.7330999999986044e+01 -1.7003999999988370e+01 -1.7330999999988951e+01 -1.7003999999991230e+01 -1.7330999999991846e+01 -1.7003999999994090e+01 -1.7330999999994759e+01 -1.7003999999996946e+01 -1.7330999999997655e+01 -1.7003999999999802e+01 -1.7331000000000561e+01 -1.7004000000002662e+01 -1.7331000000003471e+01 -1.7004000000005526e+01 -1.7331000000006370e+01 -1.7004000000008379e+01 -1.7331000000009279e+01 -1.7984999999986016e+01 -1.8311999999988100e+01 -1.7984999999988705e+01 -1.8311999999990537e+01 -1.7984999999991391e+01 -1.8311999999992963e+01 -1.7984999999994077e+01 -1.8311999999995408e+01 -1.7984999999996784e+01 -1.8311999999997838e+01 -1.7984999999999474e+01 -1.8312000000000278e+01 -1.7985000000002163e+01 -1.8312000000002705e+01 -1.7985000000004860e+01 -1.8312000000005145e+01 -1.7985000000007542e+01 -1.8312000000007576e+01 -1.8965999999989840e+01 -1.9292999999991672e+01 -1.8965999999991755e+01 -1.9292999999993331e+01 -1.8965999999993681e+01 -1.9292999999994993e+01 -1.8965999999995596e+01 -1.9292999999996660e+01 -1.8965999999997514e+01 -1.9292999999998315e+01 -1.8965999999999436e+01 -1.9292999999999985e+01 -1.8966000000001351e+01 -1.9293000000001648e+01 -1.8966000000003277e+01 -1.9293000000003307e+01 -1.8966000000005192e+01 -1.9293000000004966e+01 -1.9946999999993661e+01 -2.0273999999995240e+01 -1.9946999999994816e+01 -2.0273999999996150e+01 -1.9946999999995967e+01 -2.0273999999997052e+01 -1.9946999999997121e+01 -2.0273999999997947e+01 -1.9946999999998283e+01 -2.0273999999998860e+01 -1.9946999999999438e+01 -2.0273999999999756e+01 -1.9947000000000589e+01 -2.0274000000000655e+01 -1.9947000000001751e+01 -2.0274000000001571e+01 -1.9947000000002905e+01 -2.0274000000002466e+01 -2.0927999999997496e+01 -2.1254999999998855e+01 -2.0927999999997930e+01 -2.1254999999999075e+01 -2.0927999999998367e+01 -2.1254999999999281e+01 -2.0927999999998796e+01 -2.1254999999999509e+01 -2.0927999999999241e+01 -2.1254999999999733e+01 -2.0927999999999678e+01 -2.1254999999999946e+01 -2.0928000000000107e+01 -2.1255000000000159e+01 -2.0928000000000548e+01 -2.1255000000000383e+01 -2.0928000000000978e+01 -2.1255000000000589e+01 -1.2462333333333330e+01 -1.2171666666666667e+01 -1.2462333333333333e+01 -1.2171666666666667e+01 -1.2462333333333335e+01 -1.2171666666666669e+01 -1.2462333333333332e+01 -1.2171666666666667e+01 -1.2462333333333330e+01 -1.2171666666666667e+01 -1.2462333333333333e+01 -1.2171666666666669e+01 -1.2462333333333332e+01 -1.2171666666666667e+01 -1.2462333333333330e+01 -1.2171666666666667e+01 -1.2462333333333333e+01 -1.2171666666666667e+01 -1.1590333333333332e+01 -1.1299666666666667e+01 -1.1590333333333334e+01 -1.1299666666666667e+01 -1.1590333333333335e+01 -1.1299666666666665e+01 -1.1590333333333335e+01 -1.1299666666666663e+01 -1.1590333333333335e+01 -1.1299666666666665e+01 -1.1590333333333334e+01 -1.1299666666666669e+01 -1.1590333333333332e+01 -1.1299666666666667e+01 -1.1590333333333335e+01 -1.1299666666666669e+01 -1.1590333333333332e+01 -1.1299666666666665e+01 -1.0718333333333332e+01 -1.0427666666666667e+01 -1.0718333333333332e+01 -1.0427666666666669e+01 -1.0718333333333335e+01 -1.0427666666666667e+01 -1.0718333333333332e+01 -1.0427666666666665e+01 -1.0718333333333334e+01 -1.0427666666666667e+01 -1.0718333333333334e+01 -1.0427666666666667e+01 -1.0718333333333334e+01 -1.0427666666666667e+01 -1.0718333333333332e+01 -1.0427666666666667e+01 -1.0718333333333337e+01 -1.0427666666666667e+01 -9.8463333333333356e+00 -9.5556666666666672e+00 -9.8463333333333374e+00 -9.5556666666666690e+00 -9.8463333333333356e+00 -9.5556666666666690e+00 -9.8463333333333320e+00 -9.5556666666666654e+00 -9.8463333333333320e+00 -9.5556666666666654e+00 -9.8463333333333338e+00 -9.5556666666666690e+00 -9.8463333333333338e+00 -9.5556666666666690e+00 -9.8463333333333320e+00 -9.5556666666666690e+00 -9.8463333333333356e+00 -9.5556666666666672e+00 -8.9137777777778435e+00 -8.4414444444444534e+00 -8.9137777777777814e+00 -8.4414444444444428e+00 -8.9137777777777778e+00 -8.4414444444444445e+00 -8.9137777777777778e+00 -8.4414444444444499e+00 -8.9137777777777760e+00 -8.4414444444444499e+00 -8.9137777777777760e+00 -8.4414444444444410e+00 -8.9137777777777760e+00 -8.4414444444444410e+00 -8.9137777777777778e+00 -8.4414444444444410e+00 -8.9137777777777796e+00 -8.4414444444445085e+00 -7.1940000000000017e+00 -6.5399999999999956e+00 -7.1939999999999946e+00 -6.5399999999999920e+00 -7.1939999999999937e+00 -6.5399999999999956e+00 -7.1940000000000026e+00 -6.5399999999999956e+00 -7.1940000000000044e+00 -6.5399999999999956e+00 -7.1939999999999964e+00 -6.5399999999999947e+00 -7.1939999999999920e+00 -6.5399999999999947e+00 -7.1939999999999920e+00 -6.5399999999999956e+00 -7.1939999999999955e+00 -6.5399999999999938e+00 -5.2319999999999922e+00 -4.5779999999999985e+00 -5.2319999999999949e+00 -4.5779999999999950e+00 -5.2319999999999940e+00 -4.5779999999999976e+00 -5.2319999999999949e+00 -4.5779999999999976e+00 -5.2319999999999931e+00 -4.5780000000000012e+00 -5.2319999999999975e+00 -4.5779999999999985e+00 -5.2319999999999931e+00 -4.5779999999999976e+00 -5.2319999999999931e+00 -4.5780000000000003e+00 -5.2319999999999967e+00 -4.5779999999999959e+00 -3.2699999999999978e+00 -2.6159999999999992e+00 -3.2699999999999987e+00 -2.6159999999999961e+00 -3.2699999999999978e+00 -2.6159999999999952e+00 -3.2699999999999978e+00 -2.6159999999999952e+00 -3.2699999999999978e+00 -2.6159999999999952e+00 -3.2699999999999978e+00 -2.6159999999999961e+00 -3.2699999999999978e+00 -2.6159999999999961e+00 -3.2699999999999982e+00 -2.6159999999999957e+00 -3.2699999999999974e+00 -2.6159999999999970e+00 -1.3079999999999963e+00 -6.5399999999999525e-01 -1.3079999999999961e+00 -6.5399999999999503e-01 -1.3079999999999949e+00 -6.5399999999999503e-01 -1.3079999999999947e+00 -6.5399999999999503e-01 -1.3079999999999947e+00 -6.5399999999999481e-01 -1.3079999999999947e+00 -6.5399999999999492e-01 -1.3079999999999918e+00 -6.5399999999999359e-01 -1.3079999999999965e+00 -6.5399999999999514e-01 -1.3079999999999949e+00 -6.5399999999999592e-01
</DataArray>
        <DataArray type="Float64" format="ascii" Name="sigma_eff_zz">
-7.8480000000008161e+00 -8.0442000000016023e+00 -7.8480000000007841e+00 -8.0442000000015330e+00 -7.8480000000007486e+00 -8.0442000000014673e+00 -7.8480000000007140e+00 -8.0442000000013980e+00 -7.8480000000006838e+00 -8.0442000000013358e+00 -7.8480000000006500e+00 -8.0442000000012701e+00 -7.8480000000006189e+00 -8.0442000000012026e+00 -7.8480000000005816e+00 -8.0442000000011351e+00 -7.8480000000005505e+00 -8.0442000000010694e+00 -8.4366000000013290e+00 -8.6328000000003851e+00 -8.4366000000014072e+00 -8.6328000000006444e+00 -8.4366000000014854e+00 -8.6328000000008984e+00 -8.4366000000015635e+00 -8.6328000000011542e+00 -8.4366000000016399e+00 -8.6328000000014136e+00 -8.4366000000017216e+00 -8.6328000000016694e+00 -8.4366000000018033e+00 -8.6328000000019269e+00 -8.4366000000018779e+00 -8.6328000000021845e+00 -8.4366000000019579e+00 -8.6328000000024439e+00 -9.0251999999979677e+00 -9.2213999999969580e+00 -9.0251999999986126e+00 -9.2213999999978107e+00 -9.0251999999992556e+00 -9.2213999999986669e+00 -9.0251999999998986e+00 -9.2213999999995142e+00 -9.0252000000005435e+00 -9.2214000000003704e+00 -9.0252000000011883e+00 -9.2214000000012248e+00 -9.0252000000018366e+00 -9.2214000000020793e+00 -9.0252000000024797e+00 -9.2214000000029319e+00 -9.0252000000031263e+00 -9.2214000000037899e+00 -9.6137999999940948e+00 -9.8099999999932912e+00 -9.6137999999953649e+00 -9.8099999999947727e+00 -9.6137999999966350e+00 -9.8099999999962506e+00 -9.6137999999979034e+00 -9.8099999999977303e+00 -9.6137999999991752e+00 -9.8099999999992100e+00 -9.6138000000004435e+00 -9.8100000000006915e+00 -9.6138000000017172e+00 -9.8100000000021694e+00 -9.6138000000029891e+00 -9.8100000000036509e+00 -9.6138000000042556e+00 -9.8100000000051271e+00 -1.0202399999991311e+01 -1.0398599999991625e+01 -1.0202399999993021e+01 -1.0398599999993371e+01 -1.0202399999994737e+01 -1.0398599999995108e+01 -1.0202399999996455e+01 -1.0398599999996854e+01 -1.0202399999998168e+01 -1.0398599999998591e+01 -1.0202399999999882e+01 -1.0398600000000334e+01 -1.0202400000001598e+01 -1.0398600000002078e+01 -1.0202400000003314e+01 -1.0398600000003823e+01 -1.0202400000005024e+01 -1.0398600000005565e+01 -1.0790999999991609e+01 -1.0987199999992860e+01 -1.0790999999993222e+01 -1.0987199999994321e+01 -1.0790999999994837e+01 -1.0987199999995777e+01 -1.0790999999996448e+01 -1.0987199999997245e+01 -1.0790999999998069e+01 -1.0987199999998701e+01 -1.0790999999999682e+01 -1.0987200000000165e+01 -1.0791000000001297e+01 -1.0987200000001625e+01 -1.0791000000002914e+01 -1.0987200000003083e+01 -1.0791000000004527e+01 -1.0987200000004544e+01 -1.1379599999993903e+01 -1.1575799999995002e+01 -1.1379599999995053e+01 -1.1575799999995995e+01 -1.1379599999996207e+01 -1.1575799999996995e+01 -1.1379599999997357e+01 -1.1575799999997997e+01 -1.1379599999998508e+01 -1.1575799999998990e+01 -1.1379599999999664e+01 -1.1575799999999990e+01 -1.1379600000000812e+01 -1.1575800000000989e+01 -1.1379600000001966e+01 -1.1575800000001983e+01 -1.1379600000003114e+01 -1.1575800000002980e+01 -1.1968199999996198e+01 -1.2164399999997146e+01 -1.1968199999996889e+01 -1.2164399999997688e+01 -1.1968199999997580e+01 -1.2164399999998230e+01 -1.1968199999998271e+01 -1.2164399999998768e+01 -1.1968199999998967e+01 -1.2164399999999315e+01 -1.1968199999999664e+01 -1.2164399999999851e+01 -1.1968200000000353e+01 -1.2164400000000393e+01 -1.1968200000001049e+01 -1.2164400000000942e+01 -1.1968200000001744e+01 -1.2164400000001478e+01 -1.2556799999998500e+01 -1.2752999999999313e+01 -1.2556799999998759e+01 -1.2752999999999442e+01 -1.2556799999999022e+01 -1.2752999999999572e+01 -1.2556799999999278e+01 -1.2752999999999703e+01 -1.2556799999999544e+01 -1.2752999999999837e+01 -1.2556799999999805e+01 -1.2752999999999966e+01 -1.2556800000000065e+01 -1.2753000000000094e+01 -1.2556800000000329e+01 -1.2753000000000229e+01 -1.2556800000000585e+01 -1.2753000000000354e+01 -6.2311666666666650e+00 -6.0858333333333343e+00 -6.2311666666666667e+00 -6.0858333333333334e+00 -6.2311666666666659e+00 -6.0858333333333325e+00 -6.2311666666666650e+00 -6.0858333333333343e+00 -6.2311666666666650e+00 -6.0858333333333343e+00 -6.2311666666666667e+00 -6.0858333333333352e+00 -6.2311666666666641e+00 -6.0858333333333334e+00 -6.2311666666666650e+00 -6.0858333333333343e+00 -6.2311666666666659e+00 -6.0858333333333343e+00 -5.7951666666666659e+00 -5.6498333333333335e+00 -5.7951666666666668e+00 -5.6498333333333335e+00 -5.7951666666666677e+00 -5.6498333333333326e+00 -5.7951666666666668e+00 -5.6498333333333326e+00 -5.7951666666666668e+00 -5.6498333333333326e+00 -5.7951666666666668e+00 -5.6498333333333344e+00 -5.7951666666666659e+00 -5.6498333333333317e+00 -5.7951666666666668e+00 -5.6498333333333335e+00 -5.7951666666666659e+00 -5.6498333333333326e+00 -5.3591666666666660e+00 -5.2138333333333335e+00 -5.3591666666666686e+00 -5.2138333333333344e+00 -5.3591666666666686e+00 -5.2138333333333335e+00 -5.3591666666666660e+00 -5.2138333333333327e+00 -5.3591666666666677e+00 -5.2138333333333335e+00 -5.3591666666666677e+00 -5.2138333333333335e+00 -5.3591666666666669e+00 -5.2138333333333335e+00 -5.3591666666666660e+00 -5.2138333333333335e+00 -5.3591666666666686e+00 -5.2138333333333335e+00 -4.9231666666666678e+00 -4.7778333333333336e+00 -4.9231666666666687e+00 -4.7778333333333345e+00 -4.9231666666666678e+00 -4.7778333333333345e+00 -4.9231666666666660e+00 -4.7778333333333327e+00 -4.9231666666666660e+00 -4.7778333333333327e+00 -4.9231666666666669e+00 -4.7778333333333345e+00 -4.9231666666666669e+00 -4.7778333333333345e+00 -4.9231666666666660e+00 -4.7778333333333345e+00 -4.9231666666666678e+00 -4.7778333333333336e+00 -4.4568888888889218e+00 -4.2207222222222267e+00 -4.4568888888888907e+00 -4.2207222222222214e+00 -4.4568888888888889e+00 -4.2207222222222223e+00 -4.4568888888888889e+00 -4.2207222222222249e+00 -4.4568888888888880e+00 -4.2207222222222249e+00 -4.4568888888888880e+00 -4.2207222222222205e+00 -4.4568888888888880e+00 -4.2207222222222205e+00 -4.4568888888888889e+00 -4.2207222222222205e+00 -4.4568888888888898e+00 -4.2207222222222542e+00 -3.5970000000000009e+00 -3.2699999999999978e+00 -3.5969999999999973e+00 -3.2699999999999960e+00 -3.5969999999999969e+00 -3.2699999999999978e+00 -3.5970000000000013e+00 -3.2699999999999978e+00 -3.5970000000000022e+00 -3.2699999999999978e+00 -3.5969999999999982e+00 -3.2699999999999974e+00 -3.5969999999999960e+00 -3.2699999999999974e+00 -3.5969999999999960e+00 -3.2699999999999978e+00 -3.5969999999999978e+00 -3.2699999999999969e+00 -2.6159999999999961e+00 -2.2889999999999993e+00 -2.6159999999999974e+00 -2.2889999999999975e+00 -2.6159999999999970e+00 -2.2889999999999988e+00 -2.6159999999999974e+00 -2.2889999999999988e+00 -2.6159999999999966e+00 -2.2890000000000006e+00 -2.6159999999999988e+00 -2.2889999999999993e+00 -2.6159999999999966e+00 -2.2889999999999988e+00 -2.6159999999999966e+00 -2.2890000000000001e+00 -2.6159999999999983e+00 -2.2889999999999979e+00 -1.6349999999999989e+00 -1.3079999999999996e+00 -1.6349999999999993e+00 -1.3079999999999981e+00 -1.6349999999999989e+00 -1.3079999999999976e+00 -1.6349999999999989e+00 -1.3079999999999976e+00 -1.6349999999999989e+00 -1.3079999999999976e+00 -1.6349999999999989e+00 -1.3079999999999981e+00 -1.6349999999999989e+00 -1.3079999999999981e+00 -1.6349999999999991e+00 -1.3079999999999978e+00 -1.6349999999999987e+00 -1.3079999999999985e+00 -6.5399999999999814e-01 -3.2699999999999763e-01 -6.5399999999999803e-01 -3.2699999999999751e-01 -6.5399999999999747e-01 -3.2699999999999751e-01 -6.5399999999999736e-01 -3.2699999999999751e-01 -6.5399999999999736e-01 -3.2699999999999740e-01 -6.5399999999999736e-01 -3.2699999999999746e-01 -6.5399999999999592e-01 -3.2699999999999679e-01 -6.5399999999999825e-01 -3.2699999999999757e-01 -6.5399999999999747e-01 -3.2699999999999796e-01
</DataArray>
        <DataArray type="Float64" format="ascii" Name="sigma_eff_1">
-7.8480000000008161e+00 -8.0442000000016023e+00 -7.8480000000007841e+00 -8.0442000000015330e+00 -7.8480000000007486e+00 -8.0442000000014673e+00 -7.8480000000007140e+00 -8.0442000000013980e+00 -7.8480000000006838e+00 -8.0442000000013358e+00 -7.8480000000006500e+00 -8.0442000000012701e+00 -7.8480000000006189e+00 -8.0442000000012026e+00 -7.8480000000005816e+00 -8.0442000000011351e+00 -7.8480000000005505e+00 -8.0442000000010694e+00 -8.4366000000013290e+00 -8.6328000000003851e+00 -8.4366000000014072e+00 -8.6328000000006444e+00 -8.4366000000014854e+00 -8.6328000000008984e+00 -8.4366000000015635e+00 -8.6328000000011542e+00 -8.4366000000016399e+00 -8.6328000000014136e+00 -8.4366000000017216e+00 -8.6328000000016694e+00 -8.4366000000018033e+00 -8.6328000000019269e+00 -8.4366000000018779e+00 -8.6328000000021845e+00 -8.4366000000019579e+00 -8.6328000000024439e+00 -9.0251999999979677e+00 -9.2213999999969580e+00 -9.0251999999986126e+00 -9.2213999999978107e+00 -9.0251999999992556e+00 -9.2213999999986669e+00 -9.0251999999998986e+00 -9.2213999999995142e+00 -9.0252000000005435e+00 -9.2214000000003704e+00 -9.0252000000011883e+00 -9.2214000000012248e+00 -9.0252000000018366e+00 -9.2214000000020793e+00 -9.0252000000024797e+00 -9.2214000000029319e+00 -9.0252000000031263e+00 -9.2214000000037899e+00 -9.6137999999940948e+00 -9.8099999999932912e+00 -9.6137999999953649e+00 -9.8099999999947727e+00 -9.6137999999966350e+00 -9.8099999999962506e+00 -9.6137999999979034e+00 -9.8099999999977303e+00 -9.6137999999991752e+00 -9.8099999999992100e+00 -9.6138000000004435e+00 -9.8100000000006915e+00 -9.6138000000017172e+00 -9.8100000000021694e+00 -9.6138000000029891e+00 -9.8100000000036509e+00 -9.6138000000042556e+00 -9.8100000000051271e+00 -1.0202399999991311e+01 -1.0398599999991625e+01 -1.0202399999993021e+01 -1.0398599999993371e+01 -1.0202399999994737e+01 -1.0398599999995108e+01 -1.0202399999996455e+01 -1.0398599999996854e+01 -1.0202399999998168e+01 -1.0398599999998591e+01 -1.0202399999999882e+01 -1.0398600000000334e+01 -1.0202400000001598e+01 -1.0398600000002078e+01 -1.0202400000003314e+01 -1.0398600000003823e+01 -1.0202400000005024e+01 -1.0398600000005565e+01 -1.0790999999991609e+01 -1.0987199999992860e+01 -1.0790999999993222e+01 -1.0987199999994321e+01 -1.0790999999994837e+01 -1.0987199999995777e+01 -1.0790999999996448e+01 -1.0987199999997245e+01 -1.0790999999998069e+01 -1.0987199999998701e+01 -1.0790999999999682e+01 -1.0987200000000165e+01 -1.0791000000001297e+01 -1.0987200000001625e+01 -1.0791000000002914e+01 -1.0987200000003083e+01 -1.0791000000004527e+01 -1.0987200000004544e+01 -1.1379599999993903e+01 -1.1575799999995002e+01 -1.1379599999995053e+01 -1.1575799999995995e+01 -1.1379599999996207e+01 -1.1575799999996995e+01 -1.1379599999997357e+01 -1.1575799999997997e+01 -1.1379599999998508e+01 -1.1575799999998990e+01 -1.1379599999999664e+01 -1.1575799999999990e+01 -1.1379600000000812e+01 -1.1575800000000989e+01 -1.1379600000001966e+01 -1.1575800000001983e+01 -1.1379600000003114e+01 -1.1575800000002980e+01 -1.1968199999996198e+01 -1.2164399999997146e+01 -1.1968199999996889e+01 -1.2164399999997688e+01 -1.1968199999997580e+01 -1.2164399999998230e+01 -1.1968199999998271e+01 -1.2164399999998768e+01 -1.1968199999998967e+01 -1.2164399999999315e+01 -1.1968199999999664e+01 -1.2164399999999851e+01 -1.1968200000000353e+01 -1.2164400000000393e+01 -1.1968200000001049e+01 -1.2164400000000942e+01 -1.1968200000001744e+01 -1.2164400000001478e+01 -1.2556799999998500e+01 -1.2752999999999313e+01 -1.2556799999998759e+01 -1.2752999999999442e+01 -1.2556799999999022e+01 -1.2752999999999572e+01 -1.2556799999999278e+01 -1.2752999999999703e+01 -1.2556799999999544e+01 -1.2752999999999837e+01 -1.2556799999999805e+01 -1.2752999999999966e+01 -1.2556800000000065e+01 -1.2753000000000094e+01 -1.2556800000000329e+01 -1.2753000000000229e+01 -1.2556800000000585e+01 -1.2753000000000354e+01 -6.2311666666666650e+00 -6.0858333333333343e+00 -6.2311666666666667e+00 -6.0858333333333334e+00 -6.2311666666666659e+00 -6.0858333333333325e+00 -6.2311666666666650e+00 -6.0858333333333343e+00 -6.2311666666666650e+00 -6.0858333333333343e+00 -6.2311666666666667e+00 -6.0858333333333352e+00 -6.2311666666666641e+00 -6.0858333333333334e+00 -6.2311666666666650e+00 -6.0858333333333343e+00 -6.2311666666666659e+00 -6.0858333333333343e+00 -5.7951666666666659e+00 -5.6498333333333335e+00 -5.7951666666666668e+00 -5.6498333333333335e+00 -5.7951666666666677e+00 -5.6498333333333326e+00 -5.7951666666666668e+00 -5.6498333333333326e+00 -5.7951666666666668e+00 -5.6498333333333326e+00 -5.7951666666666668e+00 -5.6498333333333344e+00 -5.7951666666666659e+00 -5.6498333333333317e+00 -5.7951666666666668e+00 -5.6498333333333335e+00 -5.7951666666666659e+00 -5.6498333333333326e+00 -5.3591666666666660e+00 -5.2138333333333335e+00 -5.3591666666666686e+00 -5.2138333333333344e+00 -5.3591666666666686e+00 -5.2138333333333335e+00 -5.3591666666666660e+00 -5.2138333333333327e+00 -5.3591666666666677e+00 -5.2138333333333335e+00 -5.3591666666666677e+00 -5.2138333333333335e+00 -5.3591666666666669e+00 -5.2138333333333335e+00 -5.3591666666666660e+00 -5.2138333333333335e+00 -5.3591666666666686e+00 -5.2138333333333335e+00 -4.9231666666666678e+00 -4.7778333333333336e+00 -4.9231666666666687e+00 -4.7778333333333345e+00 -4.9231666666666678e+00 -4.7778333333333345e+00 -4.9231666666666660e+00 -4.7778333333333327e+00 -4.9231666666666660e+00 -4.7778333333333327e+00 -4.9231666666666669e+00 -4.7778333333333345e+00 -4.9231666666666669e+00 -4.7778333333333345e+00 -4.9231666666666660e+00 -4.7778333333333345e+00 -4.9231666666666678e+00 -4.7778333333333336e+00 -4.4568888888889218e+00 -4.2207222222222267e+00 -4.4568888888888907e+00 -4.2207222222222214e+00 -4.4568888888888889e+00 -4.2207222222222223e+00 -4.4568888888888889e+00 -4.2207222222222249e+00 -4.4568888888888880e+00 -4.2207222222222249e+00 -4.4568888888888880e+00 -4.2207222222222205e+00 -4.4568888888888880e+00 -4.2207222222222205e+00 -4.4568888888888889e+00 -4.2207222222222205e+00 -4.4568888888888898e+00 -4.2207222222222542e+00 -3.5970000000000009e+00 -3.2699999999999978e+00 -3.5969999999999973e+00 -3.2699999999999960e+00 -3.5969999999999969e+00 -3.2699999999999978e+00 -3.5970000000000013e+00 -3.2699999999999978e+00 -3.5970000000000022e+00 -3.2699999999999978e+00 -3.5969999999999982e+00 -3.2699999999999974e+00 -3.5969999999999960e+00 -3.2699999999999974e+00 -3.5969999999999960e+00 -3.2699999999999978e+00 -3.5969999999999978e+00 -3.2699999999999969e+00 -2.6159999999999961e+00 -2.2889999999999993e+00 -2.6159999999999974e+00 -2.2889999999999975e+00 -2.6159999999999970e+00 -2.2889999999999988e+00 -2.6159999999999974e+00 -2.2889999999999988e+00 -2.6159999999999966e+00 -2.2890000000000006e+00 -2.6159999999999988e+00 -2.2889999999999993e+00 -2.6159999999999966e+00 -2.2889999999999988e+00 -2.6159999999999966e+00 -2.2890000000000001e+00 -2.6159999999999983e+00 -2.2889999999999979e+00 -1.6349999999999989e+00 -1.3079999999999996e+00 -1.6349999999999993e+00 -1.3079999999999981e+00 -1.6349999999999989e+00 -1.3079999999999976e+00 -1.6349999999999989e+00 -1.3079999999999976e+00 -1.6349999999999989e+00 -1.3079999999999976e+00 -1.6349999999999989e+00 -1.3079999999999981e+00 -1.6349999999999989e+00 -1.3079999999999981e+00 -1.6349999999999991e+00 -1.3079999999999978e+00 -1.6349999999999987e+00 -1.3079999999999985e+00 -6.5399999999999814e-01 -3.2699999999999763e-01 -6.5399999999999803e-01 -3.2699999999999751e-01 -6.5399999999999747e-01 -3.2699999999999751e-01 -6.5399999999999736e-01 -3.2699999999999751e-01 -6.5399999999999736e-01 -3.2699999999999740e-01 -6.5399999999999736e-01 -3.2699999999999746e-01 -6.5399999999999592e-01 -3.2699999999999679e-01 -6.5399999999999825e-01 -3.2699999999999757e-01 -6.5399999999999747e-01 -3.2699999999999796e-01
</DataArray>
        <DataArray type="Float64" format="ascii" Name="sigma_eff_2">
-7.8480000000008161e+00 -8.0442000000016023e+00 -7.8480000000007841e+00 -8.0442000000015330e+00 -7.8480000000007486e+00 -8.0442000000014673e+00 -7.8480000000007140e+00 -8.0442000000013980e+00 -7.8480000000006838e+00 -8.0442000000013358e+00 -7.8480000000006500e+00 -8.0442000000012701e+00 -7.8480000000006189e+00 -8.0442000000012026e+00 -7.8480000000005816e+00 -8.0442000000011351e+00 -7.8480000000005505e+00 -8.0442000000010694e+00 -8.4366000000013290e+00 -8.6328000000003851e+00 -8.4366000000014072e+00 -8.6328000000006444e+00 -8.4366000000014854e+00 -8.6328000000008984e+00 -8.4366000000015635e+00 -8.6328000000011542e+00 -8.4366000000016399e+00 -8.6328000000014136e+00 -8.4366000000017216e+00 -8.6328000000016694e+00 -8.4366000000018033e+00 -8.6328000000019269e+00 -8.4366000000018779e+00 -8.6328000000021845e+00 -8.4366000000019579e+00 -8.6328000000024439e+00 -9.0251999999979677e+00 -9.2213999999969580e+00 -9.0251999999986126e+00 -9.2213999999978107e+00 -9.0251999999992556e+00 -9.2213999999986669e+00 -9.0251999999998986e+00 -9.2213999999995142e+00 -9.0252000000005435e+00 -9.2214000000003704e+00 -9.0252000000011883e+00 -9.2214000000012248e+00 -9.0252000000018366e+00 -9.2214000000020793e+00 -9.0252000000024797e+00 -9.2214000000029319e+00 -9.0252000000031263e+00 -9.2214000000037899e+00 -9.6137999999940948e+00 -9.8099999999932912e+00 -9.6137999999953649e+00 -9.8099999999947727e+00 -9.6137999999966350e+00 -9.8099999999962506e+00 -9.6137999999979034e+00 -9.8099999999977303e+00 -9.6137999999991752e+00 -9.8099999999992100e+00 -9.6138000000004435e+00 -9.8100000000006915e+00 -9.6138000000017172e+00 -9.8100000000021694e+00 -9.6138000000029891e+00 -9.8100000000036509e+00 -9.6138000000042556e+00 -9.8100000000051271e+00 -1.0202399999991311e+01 -1.0398599999991625e+01 -1.0202399999993021e+01 -1.0398599999993371e+01 -1.0202399999994737e+01 -1.0398599999995108e+01 -1.0202399999996455e+01 -1.0398599999996854e+01 -1.0202399999998168e+01 -1.0398599999998591e+01 -1.0202399999999882e+01 -1.0398600000000334e+01 -1.0202400000001598e+01 -1.0398600000002078e+01 -1.0202400000003314e+01 -1.0398600000003823e+01 -1.0202400000005024e+01 -1.0398600000005565e+01 -1.0790999999991609e+01 -1.0987199999992860e+01 -1.0790999999993222e+01 -1.0987199999994321e+01 -1.0790999999994837e+01 -1.0987199999995777e+01 -1.0790999999996448e+01 -1.0987199999997245e+01 -1.0790999999998069e+01 -1.0987199999998701e+01 -1.0790999999999682e+01 -1.0987200000000165e+01 -1.0791000000001297e+01 -1.0987200000001625e+01 -1.0791000000002914e+01 -1.0987200000003083e+01 -1.0791000000004527e+01 -1.0987200000004544e+01 -1.1379599999993903e+01 -1.1575799999995002e+01 -1.1379599999995053e+01 -1.1575799999995995e+01 -1.1379599999996207e+01 -1.1575799999996995e+01 -1.1379599999997357e+01 -1.1575799999997997e+01 -1.1379599999998508e+01 -1.1575799999998990e+01 -1.1379599999999664e+01 -1.1575799999999990e+01 -1.1379600000000812e+01 -1.1575800000000989e+01 -1.1379600000001966e+01 -1.1575800000001983e+01 -1.1379600000003114e+01 -1.1575800000002980e+01 -1.1968199999996198e+01 -1.2164399999997146e+01 -1.1968199999996889e+01 -1.2164399999997688e+01 -1.1968199999997580e+01 -1.2164399999998230e+01 -1.1968199999998271e+01 -1.2164399999998768e+01 -1.1968199999998967e+01 -1.2164399999999315e+01 -1.1968199999999664e+01 -1.2164399999999851e+01 -1.1968200000000353e+01 -1.2164400000000393e+01 -1.1968200000001049e+01 -1.2164400000000942e+01 -1.1968200000001744e+01 -1.2164400000001478e+01 -1.2556799999998500e+01 -1.2752999999999313e+01 -1.2556799999998759e+01 -1.2752999999999442e+01 -1.2556799999999022e+01 -1.2752999999999572e+01 -1.2556799999999278e+01 -1.2752999999999703e+01 -1.2556799999999544e+01 -1.2752999999999837e+01 -1.2556799999999805e+01 -1.2752999999999966e+01 -1.2556800000000065e+01 -1.2753000000000094e+01 -1.2556800000000329e+01 -1.2753000000000229e+01 -1.2556800000000585e+01 -1.2753000000000354e+01 -6.2311666666666650e+00 -6.0858333333333343e+00 -6.2311666666666667e+00 -6.0858333333333334e+00 -6.2311666666666659e+00 -6.0858333333333325e+00 -6.2311666666666650e+00 -6.0858333333333343e+00 -6.2311666666666650e+00 -6.0858333333333343e+00 -6.2311666666666667e+00 -6.0858333333333352e+00 -6.2311666666666641e+00 -6.0858333333333334e+00 -6.2311666666666650e+00 -6.0858333333333343e+00 -6.2311666666666659e+00 -6.0858333333333343e+00 -5.7951666666666659e+00 -5.6498333333333335e+00 -5.7951666666666668e+00 -5.6498333333333335e+00 -5.7951666666666677e+00 -5.6498333333333326e+00 -5.7951666666666668e+00 -5.6498333333333326e+00 -5.7951666666666668e+00 -5.6498333333333326e+00 -5.7951666666666668e+00 -5.6498333333333344e+00 -5.7951666666666659e+00 -5.6498333333333317e+00 -5.7951666666666668e+00 -5.6498333333333335e+00 -5.7951666666666659e+00 -5.6498333333333326e+00 -5.3591666666666660e+00 -5.2138333333333335e+00 -5.3591666666666686e+00 -5.2138333333333344e+00 -5.3591666666666686e+00 -5.2138333333333335e+00 -5.3591666666666660e+00 -5.2138333333333327e+00 -5.3591666666666677e+00 -5.2138333333333335e+00 -5.3591666666666677e+00 -5.2138333333333335e+00 -5.3591666666666669e+00 -5.2138333333333335e+00 -5.3591666666666660e+00 -5.2138333333333335e+00 -5.3591666666666686e+00 -5.2138333333333335e+00 -4.9231666666666678e+00 -4.7778333333333336e+00 -4.9231666666666687e+00 -4.7778333333333345e+00 -4.9231666666666678e+00 -4.7778333333333345e+00 -4.9231666666666660e+00 -4.7778333333333327e+00 -4.9231666666666660e+00 -4.7778333333333327e+00 -4.9231666666666669e+00 -4.7778333333333345e+00 -4.9231666666666669e+00 -4.7778333333333345e+00 -4.9231666666666660e+00 -4.7778333333333345e+00 -4.9231666666666678e+00 -4.7778333333333336e+00 -4.4568888888889218e+00 -4.2207222222222267e+00 -4.4568888888888907e+00 -4.2207222222222214e+00 -4.4568888888888889e+00 -4.2207222222222223e+00 -4.4568888888888889e+00 -4.2207222222222249e+00 -4.4568888888888880e+00 -4.2207222222222249e+00 -4.4568888888888880e+00 -4.2207222222222205e+00 -4.4568888888888880e+00 -4.2207222222222205e+00 -4.4568888888888889e+00 -4.2207222222222205e+00 -4.4568888888888898e+00 -4.2207222222222542e+00 -3.5970000000000009e+00 -3.2699999999999978e+00 -3.5969999999999973e+00 -3.2699999999999960e+00 -3.5969999999999969e+00 -3.2699999999999978e+00 -3.5970000000000013e+00 -3.2699999999999978e+00 -3.5970000000000022e+00 -3.2699999999999978e+00 -3.5969999999999982e+00 -3.2699999999999974e+00 -3.5969999999999960e+00 -3.2699999999999974e+00 -3.5969999999999960e+00 -3.2699999999999978e+00 -3.5969999999999978e+00 -3.2699999999999969e+00 -2.6159999999999961e+00 -2.2889999999999993e+00 -2.6159999999999974e+00 -2.2889999999999975e+00 -2.6159999999999970e+00 -2.2889999999999988e+00 -2.6159999999999974e+00 -2.2889999999999988e+00 -2.6159999999999966e+00 -2.2890000000000006e+00 -2.6159999999999988e+00 -2.2889999999999993e+00 -2.6159999999999966e+00 -2.2889999999999988e+00 -2.6159999999999966e+00 -2.2890000000000001e+00 -2.6159999999999983e+00 -2.2889999999999979e+00 -1.6349999999999989e+00 -1.3079999999999996e+00 -1.6349999999999993e+00 -1.3079999999999981e+00 -1.6349999999999989e+00 -1.3079999999999976e+00 -1.6349999999999989e+00 -1.3079999999999976e+00 -1.6349999999999989e+00 -1.3079999999999976e+00 -1.6349999999999989e+00 -1.3079999999999981e+00 -1.6349999999999989e+00 -1.3079999999999981e+00 -1.6349999999999991e+00 -1.3079999999999978e+00 -1.6349999999999987e+00 -1.3079999999999985e+00 -6.5399999999999814e-01 -3.2699999999999763e-01 -6.5399999999999803e-01 -3.2699999999999751e-01 -6.5399999999999747e-01 -3.2699999999999751e-01 -6.5399999999999736e-01 -3.2699999999999751e-01 -6.5399999999999736e-01 -3.2699999999999740e-01 -6.5399999999999736e-01 -3.2699999999999746e-01 -6.5399999999999592e-01 -3.2699999999999679e-01 -6.5399999999999825e-01 -3.2699999999999757e-01 -6.5399999999999747e-01 -3.2699999999999796e-01
</DataArray>
        <DataArray type="Float64" format="ascii" Name="sigma_eff_3">
-1.3080000000001361e+01 -1.3407000000002670e+01 -1.3080000000001307e+01 -1.3407000000002556e+01 -1.3080000000001251e+01 -1.3407000000002444e+01 -1.3080000000001192e+01 -1.3407000000002332e+01 -1.3080000000001140e+01 -1.3407000000002228e+01 -1.3080000000001085e+01 -1.3407000000002114e+01 -1.3080000000001029e+01 -1.3407000000002004e+01 -1.3080000000000972e+01 -1.3407000000001892e+01 -1.3080000000000918e+01 -1.3407000000001778e+01 -1.4061000000002215e+01 -1.4388000000000641e+01 -1.4061000000002347e+01 -1.4388000000001075e+01 -1.4061000000002476e+01 -1.4388000000001501e+01 -1.4061000000002608e+01 -1.4388000000001922e+01 -1.4061000000002736e+01 -1.4388000000002355e+01 -1.4061000000002867e+01 -1.4388000000002787e+01 -1.4061000000003002e+01 -1.4388000000003210e+01 -1.4061000000003128e+01 -1.4388000000003643e+01 -1.4061000000003265e+01 -1.4388000000004075e+01 -1.5041999999996612e+01 -1.5368999999994934e+01 -1.5041999999997689e+01 -1.5368999999996355e+01 -1.5041999999998758e+01 -1.5368999999997776e+01 -1.5041999999999835e+01 -1.5368999999999192e+01 -1.5042000000000908e+01 -1.5369000000000621e+01 -1.5042000000001980e+01 -1.5369000000002041e+01 -1.5042000000003057e+01 -1.5369000000003465e+01 -1.5042000000004137e+01 -1.5369000000004890e+01 -1.5042000000005208e+01 -1.5369000000006318e+01 -1.6022999999990155e+01 -1.6349999999988821e+01 -1.6022999999992276e+01 -1.6349999999991290e+01 -1.6022999999994394e+01 -1.6349999999993752e+01 -1.6022999999996507e+01 -1.6349999999996221e+01 -1.6022999999998628e+01 -1.6349999999998683e+01 -1.6023000000000742e+01 -1.6350000000001153e+01 -1.6023000000002860e+01 -1.6350000000003618e+01 -1.6023000000004981e+01 -1.6350000000006084e+01 -1.6023000000007094e+01 -1.6350000000008549e+01 -1.7003999999985513e+01 -1.7330999999986044e+01 -1.7003999999988370e+01 -1.7330999999988951e+01 -1.7003999999991230e+01 -1.7330999999991846e+01 -1.7003999999994090e+01 -1.7330999999994759e+01 -1.7003999999996946e+01 -1.7330999999997655e+01 -1.7003999999999802e+01 -1.7331000000000561e+01 -1.7004000000002662e+01 -1.7331000000003471e+01 -1.7004000000005526e+01 -1.7331000000006370e+01 -1.7004000000008379e+01 -1.7331000000009279e+01 -1.7984999999986016e+01 -1.8311999999988100e+01 -1.7984999999988705e+01 -1.8311999999990537e+01 -1.7984999999991391e+01 -1.8311999999992963e+01 -1.7984999999994077e+01 -1.8311999999995408e+01 -1.7984999999996784e+01 -1.8311999999997838e+01 -1.7984999999999474e+01 -1.8312000000000278e+01 -1.7985000000002163e+01 -1.8312000000002705e+01 -1.7985000000004860e+01 -1.8312000000005145e+01 -1.7985000000007542e+01 -1.8312000000007576e+01 -1.8965999999989840e+01 -1.9292999999991672e+01 -1.8965999999991755e+01 -1.9292999999993331e+01 -1.8965999999993681e+01 -1.9292999999994993e+01 -1.8965999999995596e+01 -1.9292999999996660e+01 -1.8965999999997514e+01 -1.9292999999998315e+01 -1.8965999999999436e+01 -1.9292999999999985e+01 -1.8966000000001351e+01 -1.9293000000001648e+01 -1.8966000000003277e+01 -1.9293000000003307e+01 -1.8966000000005192e+01 -1.9293000000004966e+01 -1.9946999999993661e+01 -2.0273999999995240e+01 -1.9946999999994816e+01 -2.0273999999996150e+01 -1.9946999999995967e+01 -2.0273999999997052e+01 -1.9946999999997121e+01 -2.0273999999997947e+01 -1.9946999999998283e+01 -2.0273999999998860e+01 -1.9946999999999438e+01 -2.0273999999999756e+01 -1.9947000000000589e+01 -2.0274000000000655e+01 -1.9947000000001751e+01 -2.0274000000001571e+01 -1.9947000000002905e+01 -2.0274000000002466e+01 -2.0927999999997496e+01 -2.1254999999998855e+01 -2.0927999999997930e+01 -2.1254999999999075e+01 -2.0927999999998367e+01 -2.1254999999999281e+01 -2.0927999999998796e+01 -2.1254999999999509e+01 -2.0927999999999241e+01 -2.1254999999999733e+01 -2.0927999999999678e+01 -2.1254999999999946e+01 -2.0928000000000107e+01 -2.1255000000000159e+01 -2.0928000000000548e+01 -2.1255000000000383e+01 -2.0928000000000978e+01 -2.1255000000000589e+01 -1.2462333333333330e+01 -1.2171666666666667e+01 -1.2462333333333333e+01 -1.2171666666666667e+01 -1.2462333333333335e+01 -1.2171666666666669e+01 -1.2462333333333332e+01 -1.2171666666666667e+01 -1.2462333333333330e+01 -1.2171666666666667e+01 -1.2462333333333333e+01 -1.2171666666666669e+01 -1.2462333333333332e+01 -1.2171666666666667e+01 -1.2462333333333330e+01 -1.2171666666666667e+01 -1.2462333333333333e+01 -1.2171666666666667e+01 -1.1590333333333332e+01 -1.1299666666666667e+01 -1.1590333333333334e+01 -1.1299666666666667e+01 -1.1590333333333335e+01 -1.1299666666666665e+01 -1.1590333333333335e+01 -1.1299666666666663e+01 -1.1590333333333335e+01 -1.1299666666666665e+01 -1.1590333333333334e+01 -1.1299666666666669e+01 -1.1590333333333332e+01 -1.1299666666666667e+01 -1.1590333333333335e+01 -1.1299666666666669e+01 -1.1590333333333332e+01 -1.1299666666666665e+01 -1.0718333333333332e+01 -1.0427666666666667e+01 -1.0718333333333332e+01 -1.0427666666666669e+01 -1.0718333333333335e+01 -1.0427666666666667e+01 -1.0718333333333332e+01 -1.0427666666666665e+01 -1.0718333333333334e+01 -1.0427666666666667e+01 -1.0718333333333334e+01 -1.0427666666666667e+01 -1.0718333333333334e+01 -1.0427666666666667e+01 -1.0718333333333332e+01 -1.0427666666666667e+01 -1.0718333333333337e+01 -1.0427666666666667e+01 -9.8463333333333356e+00 -9.5556666666666672e+00 -9.8463333333333374e+00 -9.5556666666666690e+00 -9.8463333333333356e+00 -9.5556666666666690e+00 -9.8463333333333320e+00 -9.5556666666666654e+00 -9.8463333333333320e+00 -9.5556666666666654e+00 -9.8463333333333338e+00 -9.5556666666666690e+00 -9.8463333333333338e+00 -9.5556666666666690e+00 -9.8463333333333320e+00 -9.5556666666666690e+00 -9.8463333333333356e+00 -9.5556666666666672e+00 -8.9137777777778435e+00 -8.4414444444444534e+00 -8.9137777777777814e+00 -8.4414444444444428e+00 -8.9137777777777778e+00 -8.4414444444444445e+00 -8.9137777777777778e+00 -8.4414444444444499e+00 -8.9137777777777760e+00 -8.4414444444444499e+00 -8.9137777777777760e+00 -8.4414444444444410e+00 -8.9137777777777760e+00 -8.4414444444444410e+00 -8.9137777777777778e+00 -8.4414444444444410e+00 -8.9137777777777796e+00 -8.4414444444445085e+00 -7.1940000000000017e+00 -6.5399999999999956e+00 -7.1939999999999946e+00 -6.5399999999999920e+00 -7.1939999999999937e+00 -6.5399999999999956e+00 -7.1940000000000026e+00 -6.5399999999999956e+00 -7.1940000000000044e+00 -6.5399999999999956e+00 -7.1939999999999964e+00 -6.5399999999999947e+00 -7.1939999999999920e+00 -6.5399999999999947e+00 -7.1939999999999920e+00 -6.5399999999999956e+00 -7.1939999999999955e+00 -6.5399999999999938e+00 -5.2319999999999922e+00 -4.5779999999999985e+00 -5.2319999999999949e+00 -4.5779999999999950e+00 -5.2319999999999940e+00 -4.5779999999999976e+00 -5.2319999999999949e+00 -4.5779999999999976e+00 -5.2319999999999931e+00 -4.5780000000000012e+00 -5.2319999999999975e+00 -4.5779999999999985e+00 -5.2319999999999931e+00 -4.5779999999999976e+00 -5.2319999999999931e+00 -4.5780000000000003e+00 -5.2319999999999967e+00 -4.5779999999999959e+00 -3.2699999999999978e+00 -2.6159999999999992e+00 -3.2699999999999987e+00 -2.6159999999999961e+00 -3.2699999999999978e+00 -2.6159999999999952e+00 -3.2699999999999978e+00 -2.6159999999999952e+00 -3.2699999999999978e+00 -2.6159999999999952e+00 -3.2699999999999978e+00 -2.6159999999999961e+00 -3.2699999999999978e+00 -2.6159999999999961e+00 -3.2699999999999982e+00 -2.6159999999999957e+00 -3.2699999999999974e+00 -2.6159999999999970e+00 -1.3079999999999963e+00 -6.5399999999999525e-01 -1.3079999999999961e+00 -6.5399999999999503e-01 -1.3079999999999949e+00 -6.5399999999999503e-01 -1.3079999999999947e+00 -6.5399999999999503e-01 -1.3079999999999947e+00 -6.5399999999999481e-01 -1.3079999999999947e+00 -6.5399999999999492e-01 -1.3079999999999918e+00 -6.5399999999999359e-01 -1.3079999999999965e+00 -6.5399999999999514e-01 -1.3079999999999949e+00 -6.5399999999999592e-01
</DataArray>
        <DataArray type="Float64" format="ascii" Name="K0">
5.9999999999999998e-01 5.9999999999999987e-01 5.9999999999999998e-01 5.9999999999999998e-01 5.9999999999999998e-01 5.9999999999999998e-01 5.9999999999999998e-01 5.9999999999999998e-01 5.9999999999999987e-01 6.0000000000000009e-01 5.9999999999999998e-01 5.9999999999999998e-01 6.0000000000000009e-01 6.0000000000000009e-01 5.9999999999999987e-01 5.9999999999999998e-01 5.9999999999999998e-01 5.9999999999999998e-01 6.0000000000000009e-01 5.9999999999999998e-01 6.0000000000000009e-01 5.9999999999999998e-01 5.9999999999999998e-01 5.9999999999999998e-01 5.9999999999999998e-01 5.9999999999999998e-01 6.0000000000000009e-01 5.9999999999999998e-01 5.9999999999999998e-01 5.9999999999999987e-01 5.9999999999999998e-01 5.9999999999999998e-01 5.9999999999999998e-01 5.9999999999999998e-01 5.9999999999999987e-01 5.9999999999999998e-01 5.9999999999999998e-01 5.9999999999999998e-01 5.9999999999999998e-01 6.0000000000000009e-01 5.9999999999999998e-01 5.9999999999999998e-01 5.9999999999999998e-01 5.9999999999999998e-01 5.9999999999999998e-01 5.9999999999999998e-01 5.9999999999999998e-01 5.9999999999999987e-01 6.0000000000000009e-01 5.9999999999999998e-01 5.9999999999999998e-01 5.9999999999999987e-01 6.0000000000000009e-01 5.9999999999999998e-01 5.9999999999999998e-01 5.9999999999999998e-01 6.0000000000000009e-01 5.9999999999999998e-01 5.9999999999999998e-01 5.9999999999999987e-01 5.9999999999999987e-01 5.9999999999999998e-01 5.9999999999999998e-01 5.9999999999999998e-01 5.9999999999999987e-01 5.9999999999999998e-01 5.9999999999999998e-01 5.9999999999999998e-01 5.9999999999999987e-01 5.9999999999999998e-01 5.9999999999999987e-01 5.9999999999999987e-01 5.9999999999999987e-01 5.9999999999999998e-01 5.9999999999999998e-01 6.0000000000000009e-01 5.9999999999999998e-01 5.9999999999999987e-01 5.9999999999999998e-01 5.9999999999999998e-01 5.9999999999999998e-01 5.9999999999999987e-01 5.9999999999999998e-01 5.9999999999999998e-01 5.9999999999999998e-01 6.0000000000000009e-01 5.9999999999999998e-01 5.9999999999999998e-01 5.9999999999999987e-01 5.9999999999999998e-01 5.9999999999999998e-01 5.9999999999999998e-01 5.9999999999999998e-01 5.9999999999999998e-01 5.9999999999999998e-01 5.9999999999999987e-01 5.9999999999999998e-01 5.9999999999999998e-01 5.9999999999999998e-01 6.0000000000000009e-01 5.9999999999999998e-01 6.0000000000000009e-01 5.9999999999999998e-01 5.9999999999999998e-01 5.9999999999999987e-01 5.9999999999999998e-01 5.9999999999999987e-01 5.9999999999999987e-01 5.9999999999999998e-01 6.0000000000000009e-01 5.9999999999999998e-01 5.9999999999999998e-01 6.0000000000000009e-01 5.9999999999999998e-01 5.9999999999999998e-01 5.9999999999999998e-01 5.9999999999999987e-01 5.9999999999999998e-01 5.9999999999999998e-01 5.9999999999999998e-01 5.9999999999999987e-01 5.9999999999999998e-01 5.9999999999999998e-01 5.9999999999999998e-01 5.9999999999999987e-01 5.9999999999999987e-01 5.9999999999999998e-01 5.9999999999999998e-01 5.9999999999999998e-01 5.9999999999999998e-01 5.9999999999999998e-01 5.9999999999999998e-01 5.9999999999999987e-01 5.9999999999999987e-01 5.9999999999999998e-01 5.9999999999999998e-01 5.9999999999999998e-01 5.9999999999999998e-01 5.9999999999999998e-01 5.9999999999999998e-01 5.9999999999999998e-01 5.9999999999999998e-01 5.9999999999999987e-01 5.9999999999999998e-01 5.9999999999999998e-01 5.9999999999999998e-01 5.9999999999999998e-01 5.9999999999999998e-01 5.9999999999999998e-01 5.9999999999999998e-01 5.9999999999999998e-01 5.9999999999999998e-01 5.9999999999999998e-01 5.9999999999999998e-01 6.0000000000000009e-01 5.9999999999999998e-01 5.9999999999999987e-01 5.9999999999999998e-01 5.9999999999999998e-01 5.9999999999999998e-01 5.9999999999999998e-01 5.9999999999999998e-01 5.0000000000000000e-01 5.0000000000000000e-01 5.0000000000000000e-01 5.0000000000000000e-01 5.0000000000000000e-01 5.0000000000000000e-01 5.0000000000000000e-01 5.0000000000000000e-01 5.0000000000000000e-01 5.0000000000000000e-01 5.0000000000000000e-01 5.0000000000000000e-01 5.0000000000000000e-01 5.0000000000000000e-01 5.0000000000000000e-01 5.0000000000000000e-01 5.0000000000000000e-01 5.0000000000000000e-01 5.0000000000000000e-01 5.0000000000000000e-01 5.0000000000000000e-01 5.0000000000000000e-01 5.0000000000000000e-01 5.0000000000000000e-01 5.0000000000000000e-01 5.0000000000000000e-01 5.0000000000000000e-01 5.0000000000000000e-01 5.0000000000000000e-01 5.0000000000000000e-01 5.0000000000000000e-01 5.0000000000000000e-01 5.0000000000000000e-01 5.0000000000000000e-01 5.0000000000000000e-01 5.0000000000000000e-01 5.0000000000000000e-01 5.0000000000000000e-01 5.0000000000000000e-01 5.0000000000000000e-01 5.0000000000000000e-01 5.0000000000000000e-01 5.0000000000000000e-01 5.0000000000000000e-01 5.0000000000000000e-01 5.0000000000000000e-01 5.0000000000000000e-01 5.0000000000000000e-01 5.0000000000000000e-01 5.0000000000000000e-01 5.0000000000000000e-01 5.0000000000000000e-01 5.0000000000000000e-01 5.0000000000000000e-01 5.0000000000000000e-01 5.0000000000000000e-01 5.0000000000000000e-01 5.0000000000000000e-01 5.0000000000000000e-01 5.0000000000000000e-01 5.0000000000000000e-01 5.0000000000000000e-01 5.0000000000000000e-01 5.0000000000000000e-01 5.0000000000000000e-01 5.0000000000000000e-01 5.0000000000000000e-01 5.0000000000000000e-01 5.0000000000000000e-01 5.0000000000000000e-01 5.0000000000000000e-01 5.0000000000000000e-01 5.0000000000000000e-01 5.0000000000000000e-01 5.0000000000000000e-01 5.0000000000000000e-01 5.0000000000000000e-01 5.0000000000000000e-01 5.0000000000000000e-01 5.0000000000000000e-01 5.0000000000000000e-01 5.0000000000000000e-01 5.0000000000000000e-01 5.0000000000000000e-01 5.0000000000000000e-01 5.0000000000000000e-01 5.0000000000000000e-01 5.0000000000000000e-01 5.0000000000000000e-01 5.0000000000000000e-01 5.0000000000000000e-01 5.0000000000000000e-01 5.0000000000000000e-01 5.0000000000000000e-01 5.0000000000000000e-01 5.0000000000000000e-01 5.0000000000000000e-01 5.0000000000000000e-01 5.0000000000000000e-01 5.0000000000000000e-01 5.0000000000000000e-01 5.0000000000000000e-01 5.0000000000000000e-01 5.0000000000000000e-01 5.0000000000000000e-01 5.0000000000000000e-01 5.0000000000000000e-01 5.0000000000000000e-01 5.0000000000000000e-01 5.0000000000000000e-01 5.0000000000000000e-01 5.0000000000000000e-01 5.0000000000000000e-01 5.0000000000000000e-01 5.0000000000000000e-01 5.0000000000000000e-01 5.0000000000000000e-01 5.0000000000000000e-01 5.0000000000000000e-01 5.0000000000000000e-01 5.0000000000000000e-01 5.0000000000000000e-01 5.0000000000000000e-01 5.0000000000000000e-01 5.0000000000000000e-01 5.0000000000000000e-01 5.0000000000000000e-01 5.0000000000000000e-01 5.0000000000000000e-01 5.0000000000000000e-01 5.0000000000000000e-01 5.0000000000000000e-01 5.0000000000000000e-01 5.0000000000000000e-01 5.0000000000000000e-01 5.0000000000000000e-01 5.0000000000000000e-01 5.0000000000000000e-01 5.0000000000000000e-01 5.0000000000000000e-01 5.0000000000000000e-01 5.0000000000000000e-01 5.0000000000000000e-01 5.0000000000000000e-01 5.0000000000000000e-01 5.0000000000000000e-01 5.0000000000000000e-01 5.0000000000000000e-01 5.0000000000000000e-01 5.0000000000000000e-01 5.0000000000000000e-01 5.0000000000000000e-01 5.0000000000000000e-01 5.0000000000000000e-01 5.0000000000000000e-01 5.0000000000000000e-01 5.0000000000000000e-01 5.0000000000000000e-01 5.0000000000000000e-01 5.0000000000000000e-01 5.0000000000000000e-01 5.0000000000000000e-01
</DataArray>
        <DataArray type="Float64" format="ascii" Name="PlasticStrain" NumberOfComponents="9">
0.0000000000000000e+00 0.0000000000000000e+00 0.0000000000000000e+00 0.0000000000000000e+00 0.0000000000000000e+00 0.0000000000000000e+00 0.0000000000000000e+00 0.0000000000000000e+00 0.0000000000000000e+00 0.0000000000000000e+00 0.0000000000000000e+00 0.0000000000000000e+00 0.0000000000000000e+00 0.0000000000000000e+00 0.0000000000000000e+00 0.0000000000000000e+00 0.0000000000000000e+00 0.0000000000000000e+00 0.0000000000000000e+00 0.0000000000000000e+00 0.0000000000000000e+00 0.0000000000000000e+00 0.0000000000000000e+00 0.0000000000000000e+00 0.0000000000000000e+00 0.0000000000000000e+00 0.0000000000000000e+00 0.0000000000000000e+00 0.0000000000000000e+00 0.0000000000000000e+00 0.0000000000000000e+00 0.0000000000000000e+00 0.0000000000000000e+00 0.0000000000000000e+00 0.0000000000000000e+00 0.0000000000000000e+00 0.0000000000000000e+00 0.0000000000000000e+00 0.0000000000000000e+00 0.0000000000000000e+00 0.0000000000000000e+00 0.0000000000000000e+00 0.0000000000000000e+00 0.0000000000000000e+00 0.0000000000000000e+00 0.0000000000000000e+00 0.0000000000000000e+00 0.0000000000000000e+00 0.0000000000000000e+00 0.0000000000000000e+00 0.0000000000000000e+00 0.0000000000000000e+00 0.0000000000000000e+00 0.0000000000000000e+00 0.0000000000000000e+00 0.0000000000000000e+00 0.0000000000000000e+00 0.0000000000000000e+00 0.0000000000000000e+00 0.0000000000000000e+00 0.0000000000000000e+00 0.0000000000000000e+00 0.0000000000000000e+00 0.0000000000000000e+00 0.0000000000000000e+00 0.0000000000000000e+00 0.0000000000000000e+00 0.0000000000000000e+00 0.0000000000000000e+00 0.0000000000000000e+00 0.0000000000000000e+00 0.0000000000000000e+00 0.0000000000000000e+00 0.0000000000000000e+00 0.0000000000000000e+00 0.0000000000000000e+00 0.0000000000000000e+00 0.0000000000000000e+00 0.0000000000000000e+00 0.0000000000000000e+00 0.0000000000000000e+00 0.0000000000000000e+00 0.0000000000000000e+00 0.0000000000000000e+00 0.0000000000000000e+00 0.0000000000000000e+00 0.0000000000000000e+00 0.0000000000000000e+00 0.0000000000000000e+00 0.0000000000000000e+00 0.0000000000000000e+00 0.0000000000000000e+00 0.0000000000000000e+00 0.0000000000000000e+00 0.0000000000000000e+00 0.0000000000000000e+00 0.0000000000000000e+00 0.0000000000000000e+00 0.0000000000000000e+00 0.0000000000000000e+00 0.0000000000000000e+00 0.0000000000000000e+00 0.0000000000000000e+00 0.0000000000000000e+00 0.0000000000000000e+00 0.0000000000000000e+00 0.0000000000000000e+00 0.0000000000000000e+00 0.0000000000000000e+00 0.0000000000000000e+00 0.0000000000000000e+00 0.0000000000000000e+00 0.0000000000000000e+00 0.0000000000000000e+00 0.0000000000000000e+00 0.0000000000000000e+00 0.0000000000000000e+00 0.0000000000000000e+00 0.0000000000000000e+00 0.0000000000000000e+00 0.0000000000000000e+00 0.0000000000000000e+00 0.0000000000000000e+00 0.0000000000000000e+00 0.0000000000000000e+00 0.0000000000000000e+00 0.0000000000000000e+00 0.0000000000000000e+00 0.0000000000000000e+00 0.0000000000000000e+00 0.0000000000000000e+00 0.0000000000000000e+00 0.0000000000000000e+00 0.0000000000000000e+00 0.0000000000000000e+00 0.0000000000000000e+00 0.0000000000000000e+00 0.0000000000000000e+00 0.0000000000000000e+00 0.0000000000000000e+00 0.0000000000000000e+00 0.0000000000000000e+00 0.0000000000000000e+00 0.0000000000000000e+00 0.0000000000000000e+00 0.0000000000000000e+00 0.0000000000000000e+00 0.0000000000000000e+00 0.0000000000000000e+00 0.0000000000000000e+00 0.0000000000000000e+00 0.0000000000000000e+00 0.0000000000000000e+00 0.0000000000000000e+00 0.0000000000000000e+00 0.0000000000000000e+00 0.0000000000000000e+00 0.0000000000000000e+00 0.0000000000000000e+00 0.0000000000000000e+00 0.0000000000000000e+00 0.0000000000000000e+00 0.0000000000000000e+00 0.0000000000000000e+00 0.0000000000000000e+00 0.0000000000000000e+00 0.0000000000000000e+00 0.0000000000000000e+00 0.0000000000000000e+00 0.0000000000000000e+00 0.0000000000000000e+00 0.0000000000000000e+00 0.0000000000000000e+00 0.0000000000000000e+00 0.0000000000000000e+00 0.0000000000000000e+00 0.0000000000000000e+00 0.0000000000000000e+00 0.0000000000000000e+00 0.0000000000000000e+00 0.0000000000000000e+00 0.0000000000000000e+00 0.0000000000000000e+00 0.0000000000000000e+00 0.0000000000000000e+00 0.0000000000000000e+00 0.0000000000000000e+00 0.0000000000000000e+00 0.0000000000000000e+00 0.0000000000000000e+00 0.0000000000000000e+00 0.0000000000000000e+00 0.0000000000000000e+00 0.0000000000000000e+00 0.0000000000000000e+00 0.0000000000000000e+00 0.0000000000000000e+00 0.0000000000000000e+00 0.0000000000000000e+00 0.0000000000000000e+00 0.0000000000000000e+00 0.0000000000000000e+00 0.0000000000000000e+00 0.0000000000000000e+00 0.0000000000000000e+00 0.0000000000000000e+00 0.0000000000000000e+00 0.0000000000000000e+00 0.0000000000000000e+00 0.0000000000000000e+00 0.0000000000000000e+00 0.0000000000000000e+00 0.0000000000000000e+00 0.0000000000000000e+00 0.0000000000000000e+00 0.0000000000000000e+00 0.0000000000000000e+00 0.0000000000000000e+00 0.0000000000000000e+00 0.0000000000000000e+00 0.0000000000000000e+00 0.0000000000000000e+00 0.0000000000000000e+00 0.0000000000000000e+00 0.0000000000000000e+00 0.0000000000000000e+00 0.0000000000000000e+00 0.0000000000000000e+00 0.0000000000000000e+00 0.0000000000000000e+00 0.0000000000000000e+00 0.0000000000000000e+00 0.0000000000000000e+00 0.0000000000000000e+00 0.0000000000000000e+00 0.0000000000000000e+00 0.0000000000000000e+00 0.0000000000000000e+00 0.0000000000000000e+00 0.0000000000000000e+00 0.0000000000000000e+00 0.0000000000000000e+00 0.0000000000000000e+00 0.0000000000000000e+00 0.0000000000000000e+00 0.0000000000000000e+00 0.0000000000000000e+00 0.0000000000000000e+00 0.0000000000000000e+00 0.0000000000000000e+00 0.0000000000000000e+00 0.0000000000000000e+00 0.0000000000000000e+00 0.0000000000000000e+00 0.0000000000000000e+00 0.0000000000000000e+00 0.0000000000000000e+00 0.0000000000000000e+00 0.0000000000000000e+00 0.0000000000000000e+00 0.0000000000000000e+00 0.0000000000000000e+00 0.0000000000000000e+00 0.0000000000000000e+00 0.0000000000000000e+00 0.0000000000000000e+00 0.0000000000000000e+00 0.0000000000000000e+00 0.0000000000000000e+00 0.0000000000000000e+00 0.0000000000000000e+00 0.0000000000000000e+00 0.0000000000000000e+00 0.0000000000000000e+00 0.0000000000000000e+00 0.0000000000000000e+00 0.0000000000000000e+00 0.0000000000000000e+00 0.0000000000000000e+00 0.0000000000000000e+00 0.0000000000000000e+00 0.0000000000000000e+00 0.0000000000000000e+00 0.0000000000000000e+00 0.0000000000000000e+00 0.0000000000000000e+00 0.0000000000000000e+00 0.0000000000000000e+00 0.0000000000000000e+00 0.0000000000000000e+00 0.0000000000000000e+00 0.0000000000000000e+00 0.0000000000000000e+00 0.0000000000000000e+00 0.0000000000000000e+00 0.0000000000000000e+00 0.0000000000000000e+00 0.0000000000000000e+00 0.0000000000000000e+00 0.0000000000000000e+00 0.0000000000000000e+00 0.0000000000000000e+00 0.0000000000000000e+00 0.0000000000000000e+00 0.0000000000000000e+00 0.0000000000000000e+00 0.0000000000000000e+00 0.0000000000000000e+00 0.0000000000000000e+00 0.0000000000000000e+00 0.0000000000000000e+00 0.0000000000000000e+00 0.0000000000000000e+00 0.0000000000000000e+00 0.0000000000000000e+00 0.0000000000000000e+00 0.0000000000000000e+00 0.0000000000000000e+00 0.0000000000000000e+00 0.0000000000000000e+00 0.0000000000000000e+00 0.0000000000000000e+00 0.0000000000000000e+00 0.0000000000000000e+00 0.0000000000000000e+00 0.0000000000000000e+00 0.0000000000000000e+00 0.0000000000000000e+00 0.0000000000000000e+00 0.0000000000000000e+00 0.0000000000000000e+00 0.0000000000000000e+00 0.0000000000000000e+00 0.0000000000000000e+00 0.0000000000000000e+00 0.0000000000000000e+00 0.0000000000000000e+00 0.0000000000000000e+00 0.0000000000000000e+00 0.0000000000000000e+00 0.0000000000000000e+00 0.0000000000000000e+00 0.0000000000000000e+00 0.0000000000000000e+00 0.0000000000000000e+00 0.0000000000000000e+00 0.0000000000000000e+00 0.0000000000000000e+00 0.0000000000000000e+00 0.0000000000000000e+00 0.0000000000000000e+00 0.0000000000000000e+00 0.0000000000000000e+00 0.0000000000000000e+00 0.0000000000000000e+00 0.0000000000000000e+00 0.0000000000000000e+00 0.0000000000000000e+00 0.0000000000000000e+00 0.0000000000000000e+00 0.0000000000000000e+00 0.0000000000000000e+00 0.0000000000000000e+00 0.0000000000000000e+00 0.0000000000000000e+00 0.0000000000000000e+00 0.0000000000000000e+00 0.0000000000000000e+00 0.0000000000000000e+00 0.0000000000000000e+00 0.0000000000000000e+00 0.0000000000000000e+00 0.0000000000000000e+00 0.0000000000000000e+00 0.0000000000000000e+00 0.0000000000000000e+00 0.0000000000000000e+00 0.0000000000000000e+00 0.0000000000000000e+00 0.0000000000000000e+00 0.0000000000000000e+00 0.0000000000000000e+00 0.0000000000000000e+00 0.0000000000000000e+00 0.0000000000000000e+00 0.0000000000000000e+00 0.0000000000000000e+00 0.0000000000000000e+00 0.0000000000000000e+00 0.0000000000000000e+00 0.0000000000000000e+00 0.0000000000000000e+00 0.0000000000000000e+00 0.0000000000000000e+00 0.0000000000000000e+00 0.0000000000000000e+00 0.0000000000000000e+00 0.0000000000000000e+00 0.0000000000000000e+00 0.0000000000000000e+00 0.0000000000000000e+00 0.0000000000000000e+00 0.0000000000000000e+00 0.0000000000000000e+00 0.0000000000000000e+00 0.0000000000000000e+00 0.0000000000000000e+00 0.0000000000000000e+00 0.0000000000000000e+00 0.0000000000000000e+00 0.0000000000000000e+00 0.0000000000000000e+00 0.0000000000000000e+00 0.0000000000000000e+00 0.0000000000000000e+00 0.0000000000000000e+00 0.0000000000000000e+00 0.0000000000000000e+00 0.0000000000000000e+00 0.0000000000000000e+00 0.0000000000000000e+00 0.0000000000000000e+00 0.0000000000000000e+00 0.0000000000000000e+00 0.0000000000000000e+00 0.0000000000000000e+00 0.0000000000000000e+00 0.0000000000000000e+00 0.0000000000000000e+00 0.0000000000000000e+00 0.0000000000000000e+00 0.0000000000000000e+00 0.0000000000000000e+00 0.0000000000000000e+00 0.0000000000000000e+00 0.0000000000000000e+00 0.0000000000000000e+00 0.0000000000000000e+00 0.0000000000000000e+00 0.0000000000000000e+00 0.0000000000000000e+00 0.0000000000000000e+00 0.0000000000000000e+00 0.0000000000000000e+00 0.0000000000000000e+00 0.0000000000000000e+00 0.0000000000000000e+00 0.0000000000000000e+00 0.0000000000000000e+00 0.0000000000000000e+00 0.0000000000000000e+00 0.0000000000000000e+00 0.0000000000000000e+00 0.0000000000000000e+00 0.0000000000000000e+00 0.0000000000000000e+00 0.0000000000000000e+00 0.0000000000000000e+00 0.0000000000000000e+00 0.0000000000000000e+00 0.0000000000000000e+00 0.0000000000000000e+00 0.0000000000000000e+00 0.0000000000000000e+00 0.0000000000000000e+00 0.0000000000000000e+00 0.0000000000000000e+00 0.0000000000000000e+00 0.0000000000000000e+00 0.0000000000000000e+00 0.0000000000000000e+00 0.0000000000000000e+00 0.0000000000000000e+00 0.0000000000000000e+00 0.0000000000000000e+00 0.0000000000000000e+00 0.0000000000000000e+00 0.0000000000000000e+00 0.0000000000000000e+00 0.0000000000000000e+00 0.0000000000000000e+00 0.0000000000000000e+00 0.0000000000000000e+00 0.0000000000000000e+00 0.0000000000000000e+00 0.0000000000000000e+00 0.0000000000000000e+00 0.0000000000000000e+00 0.0000000000000000e+00 0.0000000000000000e+00 0.0000000000000000e+00 0.0000000000000000e+00 0.0000000000000000e+00 0.0000000000000000e+00 0.0000000000000000e+00 0.0000000000000000e+00 0.0000000000000000e+00 0.0000000000000000e+00 0.0000000000000000e+00 0.0000000000000000e+00 0.0000000000000000e+00 0.0000000000000000e+00 0.0000000000000000e+00 0.0000000000000000e+00 0.0000000000000000e+00 0.0000000000000000e+00 0.0000000000000000e+00 0.0000000000000000e+00 0.0000000000000000e+00 0.0000000000000000e+00 0.0000000000000000e+00 0.0000000000000000e+00 0.0000000000000000e+00 0.0000000000000000e+00 0.0000000000000000e+00 0.0000000000000000e+00 0.0000000000000000e+00 0.0000000000000000e+00 0.0000000000000000e+00 0.0000000000000000e+00 0.0000000000000000e+00 0.0000000000000000e+00 0.0000000000000000e+00 0.0000000000000000e+00 0.0000000000000000e+00 0.0000000000000000e+00 0.0000000000000000e+00 0.0000000000000000e+00 0.0000000000000000e+00 0.0000000000000000e+00 0.0000000000000000e+00 0.0000000000000000e+00 0.0000000000000000e+00 0.0000000000000000e+00 0.0000000000000000e+00 0.0000000000000000e+00 0.0000000000000000e+00 0.0000000000000000e+00 0.0000000000000000e+00 0.0000000000000000e+00 0.0000000000000000e+00 0.0000000000000000e+00 0.0000000000000000e+00 0.0000000000000000e+00 0.0000000000000000e+00 0.0000000000000000e+00 0.0000000000000000e+00 0.0000000000000000e+00 0.0000000000000000e+00 0.0000000000000000e+00 0.0000000000000000e+00 0.0000000000000000e+00 0.0000000000000000e+00 0.0000000000000000e+00 0.0000000000000000e+00 0.0000000000000000e+00 0.0000000000000000e+00 0.0000000000000000e+00 0.0000000000000000e+00 0.0000000000000000e+00 0.0000000000000000e+00 0.0000000000000000e+00 0.0000000000000000e+00 0.0000000000000000e+00 0.0000000000000000e+00 0.0000000000000000e+00 0.0000000000000000e+00 0.0000000000000000e+00 0.0000000000000000e+00 0.0000000000000000e+00 0.0000000000000000e+00 0.0000000000000000e+00 0.0000000000000000e+00 0.0000000000000000e+00 0.0000000000000000e+00 0.0000000000000000e+00 0.0000000000000000e+00 0.0000000000000000e+00 0.0000000000000000e+00 0.0000000000000000e+00 0.0000000000000000e+00 0.0000000000000000e+00 0.0000000000000000e+00 0.0000000000000000e+00 0.0000000000000000e+00 0.0000000000000000e+00 0.0000000000000000e+00 0.0000000000000000e+00 0.0000000000000000e+00 0.0000000000000000e+00 0.0000000000000000e+00 0.0000000000000000e+00 0.0000000000000000e+00 0.0000000000000000e+00 0.0000000000000000e+00 0.0000000000000000e+00 0.0000000000000000e+00 0.0000000000000000e+00 0.0000000000000000e+00 0.0000000000000000e+00 0.0000000000000000e+00 0.0000000000000000e+00 0.0000000000000000e+00 0.0000000000000000e+00 0.0000000000000000e+00 0.0000000000000000e+00 0.0000000000000000e+00 0.0000000000000000e+00 0.0000000000000000e+00 0.0000000000000000e+00 0.0000000000000000e+00 0.0000000000000000e+00 0.0000000000000000e+00 0.0000000000000000e+00 0.0000000000000000e+00 0.0000000000000000e+00 0.0000000000000000e+00 0.0000000000000000e+00 0.0000000000000000e+00 0.0000000000000000e+00 0.0000000000000000e+00 0.0000000000000000e+00 0.0000000000000000e+00 0.0000000000000000e+00 0.0000000000000000e+00 0.0000000000000000e+00 0.0000000000000000e+00 0.0000000000000000e+00 0.0000000000000000e+00 0.0000000000000000e+00 0.0000000000000000e+00 0.0000000000000000e+00 0.0000000000000000e+00 0.0000000000000000e+00 0.0000000000000000e+00 0.0000000000000000e+00 0.0000000000000000e+00 0.0000000000000000e+00 0.0000000000000000e+00 0.0000000000000000e+00 0.0000000000000000e+00 0.0000000000000000e+00 0.0000000000000000e+00 0.0000000000000000e+00 0.0000000000000000e+00 0.0000000000000000e+00 0.0000000000000000e+00 0.0000000000000000e+00 0.0000000000000000e+00 0.0000000000000000e+00 0.0000000000000000e+00 0.0000000000000000e+00 0.0000000000000000e+00 0.0000000000000000e+00 0.0000000000000000e+00 0.0000000000000000e+00 0.0000000000000000e+00 0.0000000000000000e+00 0.0000000000000000e+00 0.0000000000000000e+00 0.0000000000000000e+00 0.0000000000000000e+00 0.0000000000000000e+00 0.0000000000000000e+00 0.0000000000000000e+00 0.0000000000000000e+00 0.0000000000000000e+00 0.0000000000000000e+00 0.0000000000000000e+00 0.0000000000000000e+00 0.0000000000000000e+00 0.0000000000000000e+00 0.0000000000000000e+00 0.0000000000000000e+00 0.0000000000000000e+00 0.0000000000000000e+00 0.0000000000000000e+00 0.0000000000000000e+00 0.0000000000000000e+00 0.0000000000000000e+00 0.0000000000000000e+00 0.0000000000000000e+00 0.0000000000000000e+00 0.0000000000000000e+00 0.0000000000000000e+00 0.0000000000000000e+00 0.0000000000000000e+00 0.0000000000000000e+00 0.0000000000000000e+00 0.0000000000000000e+00 0.0000000000000000e+00 0.0000000000000000e+00 0.0000000000000000e+00 0.0000000000000000e+00 0.0000000000000000e+00 0.0000000000000000e+00 0.0000000000000000e+00 0.0000000000000000e+00 0.0000000000000000e+00 0.0000000000000000e+00 0.0000000000000000e+00 0.0000000000000000e+00 0.0000000000000000e+00 0.0000000000000000e+00 0.0000000000000000e+00 0.0000000000000000e+00 0.0000000000000000e+00 0.0000000000000000e+00 0.0000000000000000e+00 0.0000000000000000e+00 0.0000000000000000e+00 0.0000000000000000e+00 0.0000000000000000e+00 0.0000000000000000e+00 0.0000000000000000e+00 0.0000000000000000e+00 0.0000000000000000e+00 0.0000000000000000e+00 0.0000000000000000e+00 0.0000000000000000e+00 0.0000000000000000e+00 0.0000000000000000e+00 0.0000000000000000e+00 0.0000000000000000e+00 0.0000000000000000e+00 0.0000000000000000e+00 0.0000000000000000e+00 0.0000000000000000e+00 0.0000000000000000e+00 0.0000000000000000e+00 0.0000000000000000e+00 0.0000000000000000e+00 0.0000000000000000e+00 0.0000000000000000e+00 0.0000000000000000e+00 0.0000000000000000e+00 0.0000000000000000e+00 0.0000000000000000e+00 0.0000000000000000e+00 0.0000000000000000e+00 0.0000000000000000e+00 0.0000000000000000e+00 0.0000000000000000e+00 0.0000000000000000e+00 0.0000000000000000e+00 0.0000000000000000e+00 0.0000000000000000e+00 0.0000000000000000e+00 0.0000000000000000e+00 0.0000000000000000e+00 0.0000000000000000e+00 0.0000000000000000e+00 0.0000000000000000e+00 0.0000000000000000e+00 0.0000000000000000e+00 0.0000000000000000e+00 0.0000000000000000e+00 0.0000000000000000e+00 0.0000000000000000e+00 0.0000000000000000e+00 0.0000000000000000e+00 0.0000000000000000e+00 0.0000000000000000e+00 0.0000000000000000e+00 0.0000000000000000e+00 0.0000000000000000e+00 0.0000000000000000e+00 0.0000000000000000e+00 0.0000000000000000e+00 0.0000000000000000e+00 0.0000000000000000e+00 0.0000000000000000e+00 0.0000000000000000e+00 0.0000000000000000e+00 0.0000000000000000e+00 0.0000000000000000e+00 0.0000000000000000e+00 0.0000000000000000e+00 0.0000000000000000e+00 0.0000000000000000e+00 0.0000000000000000e+00 0.0000000000000000e+00 0.0000000000000000e+00 0.0000000000000000e+00 0.0000000000000000e+00 0.0000000000000000e+00 0.0000000000000000e+00 0.0000000000000000e+00 0.0000000000000000e+00 0.0000000000000000e+00 0.0000000000000000e+00 0.0000000000000000e+00 0.0000000000000000e+00 0.0000000000000000e+00 0.0000000000000000e+00 0.0000000000000000e+00 0.0000000000000000e+00 0.0000000000000000e+00 0.0000000000000000e+00 0.0000000000000000e+00 0.0000000000000000e+00 0.0000000000000000e+00 0.0000000000000000e+00 0.0000000000000000e+00 0.0000000000000000e+00 0.0000000000000000e+00 0.0000000000000000e+00 0.0000000000000000e+00 0.0000000000000000e+00 0.0000000000000000e+00 0.0000000000000000e+00 0.0000000000000000e+00 0.0000000000000000e+00 0.0000000000000000e+00 0.0000000000000000e+00 0.0000000000000000e+00 0.0000000000000000e+00 0.0000000000000000e+00 0.0000000000000000e+00 0.0000000000000000e+00 0.0000000000000000e+00 0.0000000000000000e+00 0.0000000000000000e+00 0.0000000000000000e+00 0.0000000000000000e+00 0.0000000000000000e+00 0.0000000000000000e+00 0.0000000000000000e+00 0.0000000000000000e+00 0.0000000000000000e+00 0.0000000000000000e+00 0.0000000000000000e+00 0.0000000000000000e+00 0.0000000000000000e+00 0.0000000000000000e+00 0.0000000000000000e+00 0.0000000000000000e+00 0.0000000000000000e+00 0.0000000000000000e+00 0.0000000000000000e+00 0.0000000000000000e+00 0.0000000000000000e+00 0.0000000000000000e+00 0.0000000000000000e+00 0.0000000000000000e+00 0.0000000000000000e+00 0.0000000000000000e+00 0.0000000000000000e+00 0.0000000000000000e+00 0.0000000000000000e+00 0.0000000000000000e+00 0.0000000000000000e+00 0.0000000000000000e+00 0.0000000000000000e+00 0.0000000000000000e+00 0.0000000000000000e+00 0.0000000000000000e+00 0.0000000000000000e+00 0.0000000000000000e+00 0.0000000000000000e+00 0.0000000000000000e+00 0.0000000000000000e+00 0.0000000000000000e+00 0.0000000000000000e+00 0.0000000000000000e+00 0.0000000000000000e+00 0.0000000000000000e+00 0.0000000000000000e+00 0.0000000000000000e+00 0.0000000000000000e+00 0.0000000000000000e+00 0.0000000000000000e+00 0.0000000000000000e+00 0.0000000000000000e+00 0.0000000000000000e+00 0.0000000000000000e+00 0.0000000000000000e+00 0.0000000000000000e+00 0.0000000000000000e+00 0.0000000000000000e+00 0.0000000000000000e+00 0.0000000000000000e+00 0.0000000000000000e+00 0.0000000000000000e+00 0.0000000000000000e+00 0.0000000000000000e+00 0.0000000000000000e+00 0.0000000000000000e+00 0.0000000000000000e+00 0.0000000000000000e+00 0.0000000000000000e+00 0.0000000000000000e+00 0.0000000000000000e+00 0.0000000000000000e+00 0.0000000000000000e+00 0.0000000000000000e+00 0.0000000000000000e+00 0.0000000000000000e+00 0.0000000000000000e+00 0.0000000000000000e+00 0.0000000000000000e+00 0.0000000000000000e+00 0.0000000000000000e+00 0.0000000000000000e+00 0.0000000000000000e+00 0.0000000000000000e+00 0.0000000000000000e+00 0.0000000000000000e+00 0.0000000000000000e+00 0.0000000000000000e+00 0.0000000000000000e+00 0.0000000000000000e+00 0.0000000000000000e+00 0.0000000000000000e+00 0.0000000000000000e+00 0.0000000000000000e+00 0.0000000000000000e+00 0.0000000000000000e+00 0.0000000000000000e+00 0.0000000000000000e+00 0.0000000000000000e+00 0.0000000000000000e+00 0.0000000000000000e+00 0.0000000000000000e+00 0.0000000000000000e+00 0.0000000000000000e+00 0.0000000000000000e+00 0.0000000000000000e+00 0.0000000000000000e+00 0.0000000000000000e+00 0.0000000000000000e+00 0.0000000000000000e+00 0.0000000000000000e+00 0.0000000000000000e+00 0.0000000000000000e+00 0.0000000000000000e+00 0.0000000000000000e+00 0.0000000000000000e+00 0.0000000000000000e+00 0.0000000000000000e+00 0.0000000000000000e+00 0.0000000000000000e+00 0.0000000000000000e+00 0.0000000000000000e+00 0.0000000000000000e+00 0.0000000000000000e+00 0.0000000000000000e+00 0.0000000000000000e+00 0.0000000000000000e+00 0.0000000000000000e+00 0.0000000000000000e+00 0.0000000000000000e+00 0.0000000000000000e+00 0.0000000000000000e+00 0.0000000000000000e+00 0.0000000000000000e+00 0.0000000000000000e+00 0.0000000000000000e+00 0.0000000000000000e+00 0.0000000000000000e+00 0.0000000000000000e+00 0.0000000000000000e+00 0.0000000000000000e+00 0.0000000000000000e+00 0.0000000000000000e+00 0.0000000000000000e+00 0.0000000000000000e+00 0.0000000000000000e+00 0.0000000000000000e+00 0.0000000000000000e+00 0.0000000000000000e+00 0.0000000000000000e+00 0.0000000000000000e+00 0.0000000000000000e+00 0.0000000000000000e+00 0.0000000000000000e+00 0.0000000000000000e+00 0.0000000000000000e+00 0.0000000000000000e+00 0.0000000000000000e+00 0.0000000000000000e+00 0.0000000000000000e+00 0.0000000000000000e+00 0.0000000000000000e+00 0.0000000000000000e+00 0.0000000000000000e+00 0.0000000000000000e+00 0.0000000000000000e+00 0.0000000000000000e+00 0.0000000000000000e+00 0.0000000000000000e+00 0.0000000000000000e+00 0.0000000000000000e+00 0.0000000000000000e+00 0.0000000000000000e+00 0.0000000000000000e+00 0.0000000000000000e+00 0.0000000000000000e+00 0.0000000000000000e+00 0.0000000000000000e+00 0.0000000000000000e+00 0.0000000000000000e+00 0.0000000000000000e+00 0.0000000000000000e+00 0.0000000000000000e+00 0.0000000000000000e+00 0.0000000000000000e+00 0.0000000000000000e+00 0.0000000000000000e+00 0.0000000000000000e+00 0.0000000000000000e+00 0.0000000000000000e+00 0.0000000000000000e+00 0.0000000000000000e+00 0.0000000000000000e+00 0.0000000000000000e+00 0.0000000000000000e+00 0.0000000000000000e+00 0.0000000000000000e+00 0.0000000000000000e+00 0.0000000000000000e+00 0.0000000000000000e+00 0.0000000000000000e+00 0.0000000000000000e+00 0.0000000000000000e+00 0.0000000000000000e+00 0.0000000000000000e+00 0.0000000000000000e+00 0.0000000000000000e+00 0.0000000000000000e+00 0.0000000000000000e+00 0.0000000000000000e+00 0.0000000000000000e+00 0.0000000000000000e+00 0.0000000000000000e+00 0.0000000000000000e+00 0.0000000000000000e+00 0.0000000000000000e+00 0.0000000000000000e+00 0.0000000000000000e+00 0.0000000000000000e+00 0.0000000000000000e+00 0.0000000000000000e+00 0.0000000000000000e+00 0.0000000000000000e+00 0.0000000000000000e+00 0.0000000000000000e+00 0.0000000000000000e+00 0.0000000000000000e+00 0.0000000000000000e+00 0.0000000000000000e+00 0.0000000000000000e+00 0.0000000000000000e+00 0.0000000000000000e+00 0.0000000000000000e+00 0.0000000000000000e+00 0.0000000000000000e+00 0.0000000000000000e+00 0.0000000000000000e+00 0.0000000000000000e+00 0.0000000000000000e+00 0.0000000000000000e+00 0.0000000000000000e+00 0.0000000000000000e+00 0.0000000000000000e+00 0.0000000000000000e+00 0.0000000000000000e+00 0.0000000000000000e+00 0.0000000000000000e+00 0.0000000000000000e+00 0.0000000000000000e+00 0.0000000000000000e+00 0.0000000000000000e+00 0.0000000000000000e+00 0.0000000000000000e+00 0.0000000000000000e+00 0.0000000000000000e+00 0.0000000000000000e+00 0.0000000000000000e+00 0.0000000000000000e+00 0.0000000000000000e+00 0.0000000000000000e+00 0.0000000000000000e+00 0.0000000000000000e+00 0.0000000000000000e+00 0.0000000000000000e+00 0.0000000000000000e+00 0.0000000000000000e+00 0.0000000000000000e+00 0.0000000000000000e+00 0.0000000000000000e+00 0.0000000000000000e+00 0.0000000000000000e+00 0.0000000000000000e+00 0.0000000000000000e+00 0.0000000000000000e+00 0.0000000000000000e+00 0.0000000000000000e+00 0.0000000000000000e+00 0.0000000000000000e+00 0.0000000000000000e+00 0.0000000000000000e+00 0.0000000000000000e+00 0.0000000000000000e+00 0.0000000000000000e+00 0.0000000000000000e+00 0.0000000000000000e+00 0.0000000000000000e+00 0.0000000000000000e+00 0.0000000000000000e+00 0.0000000000000000e+00 0.0000000000000000e+00 0.0000000000000000e+00 0.0000000000000000e+00 0.0000000000000000e+00 0.0000000000000000e+00 0.0000000000000000e+00 0.0000000000000000e+00 0.0000000000000000e+00 0.0000000000000000e+00 0.0000000000000000e+00 0.0000000000000000e+00 0.0000000000000000e+00 0.0000000000000000e+00 0.0000000000000000e+00 0.0000000000000000e+00 0.0000000000000000e+00 0.0000000000000000e+00 0.0000000000000000e+00 0.0000000000000000e+00 0.0000000000000000e+00 0.0000000000000000e+00 0.0000000000000000e+00 0.0000000000000000e+00 0.0000000000000000e+00 0.0000000000000000e+00 0.0000000000000000e+00 0.0000000000000000e+00 0.0000000000000000e+00 0.0000000000000000e+00 0.0000000000000000e+00 0.0000000000000000e+00 0.0000000000000000e+00 0.0000000000000000e+00 0.0000000000000000e+00 0.0000000000000000e+00 0.0000000000000000e+00 0.0000000000000000e+00 0.0000000000000000e+00 0.0000000000000000e+00 0.0000000000000000e+00 0.0000000000000000e+00 0.0000000000000000e+00 0.0000000000000000e+00 0.0000000000000000e+00 0.0000000000000000e+00 0.0000000000000000e+00 0.0000000000000000e+00 0.0000000000000000e+00 0.0000000000000000e+00 0.0000000000000000e+00 0.0000000000000000e+00 0.0000000000000000e+00 0.0000000000000000e+00 0.0000000000000000e+00 0.0000000000000000e+00 0.0000000000000000e+00 0.0000000000000000e+00 0.0000000000000000e+00 0.0000000000000000e+00 0.0000000000000000e+00 0.0000000000000000e+00 0.0000000000000000e+00 0.0000000000000000e+00 0.0000000000000000e+00 0.0000000000000000e+00 0.0000000000000000e+00 0.0000000000000000e+00 0.0000000000000000e+00 0.0000000000000000e+00 0.0000000000000000e+00 0.0000000000000000e+00 0.0000000000000000e+00 0.0000000000000000e+00 0.0000000000000000e+00 0.0000000000000000e+00 0.0000000000000000e+00 0.0000000000000000e+00 0.0000000000000000e+00 0.0000000000000000e+00 0.0000000000000000e+00 0.0000000000000000e+00 0.0000000000000000e+00 0.0000000000000000e+00 0.0000000000000000e+00 0.0000000000000000e+00 0.0000000000000000e+00 0.0000000000000000e+00 0.0000000000000000e+00 0.0000000000000000e+00 0.0000000000000000e+00 0.0000000000000000e+00 0.0000000000000000e+00 0.0000000000000000e+00 0.0000000000000000e+00 0.0000000000000000e+00 0.0000000000000000e+00 0.0000000000000000e+00 0.0000000000000000e+00 0.0000000000000000e+00 0.0000000000000000e+00 0.0000000000000000e+00 0.0000000000000000e+00 0.0000000000000000e+00 0.0000000000000000e+00 0.0000000000000000e+00 0.0000000000000000e+00 0.0000000000000000e+00 0.0000000000000000e+00 0.0000000000000000e+00 0.0000000000000000e+00 0.0000000000000000e+00 0.0000000000000000e+00 0.0000000000000000e+00 0.0000000000000000e+00 0.0000000000000000e+00 0.0000000000000000e+00 0.0000000000000000e+00 0.0000000000000000e+00 0.0000000000000000e+00 0.0000000000000000e+00 0.0000000000000000e+00 0.0000000000000000e+00 0.0000000000000000e+00 0.0000000000000000e+00 0.0000000000000000e+00 0.0000000000000000e+00 0.0000000000000000e+00 0.0000000000000000e+00 0.0000000000000000e+00 0.0000000000000000e+00 0.0000000000000000e+00 0.0000000000000000e+00 0.0000000000000000e+00 0.0000000000000000e+00 0.0000000000000000e+00 0.0000000000000000e+00 0.0000000000000000e+00 0.0000000000000000e+00 0.0000000000000000e+00 0.0000000000000000e+00 0.0000000000000000e+00 0.0000000000000000e+00 0.0000000000000000e+00 0.0000000000000000e+00 0.0000000000000000e+00 0.0000000000000000e+00 0.0000000000000000e+00 0.0000000000000000e+00 0.0000000000000000e+00 0.0000000000000000e+00 0.0000000000000000e+00 0.0000000000000000e+00 0.0000000000000000e+00 0.0000000000000000e+00 0.0000000000000000e+00 0.0000000000000000e+00 0.0000000000000000e+00 0.0000000000000000e+00 0.0000000000000000e+00 0.0000000000000000e+00 0.0000000000000000e+00 0.0000000000000000e+00 0.0000000000000000e+00 0.0000000000000000e+00 0.0000000000000000e+00 0.0000000000000000e+00 0.0000000000000000e+00 0.0000000000000000e+00 0.0000000000000000e+00 0.0000000000000000e+00 0.0000000000000000e+00 0.0000000000000000e+00 0.0000000000000000e+00 0.0000000000000000e+00 0.0000000000000000e+00 0.0000000000000000e+00 0.0000000000000000e+00 0.0000000000000000e+00 0.0000000000000000e+00 0.0000000000000000e+00 0.0000000000000000e+00 0.0000000000000000e+00 0.0000000000000000e+00 0.0000000000000000e+00 0.0000000000000000e+00 0.0000000000000000e+00 0.0000000000000000e+00 0.0000000000000000e+00 0.0000000000000000e+00 0.0000000000000000e+00 0.0000000000000000e+00 0.0000000000000000e+00 0.0000000000000000e+00 0.0000000000000000e+00 0.0000000000000000e+00 0.0000000000000000e+00 0.0000000000000000e+00 0.0000000000000000e+00 0.0000000000000000e+00 0.0000000000000000e+00 0.0000000000000000e+00 0.0000000000000000e+00 0.0000000000000000e+00 0.0000000000000000e+00 0.0000000000000000e+00 0.0000000000000000e+00 0.0000000000000000e+00 0.0000000000000000e+00 0.0000000000000000e+00 0.0000000000000000e+00 0.0000000000000000e+00 0.0000000000000000e+00 0.0000000000000000e+00 0.0000000000000000e+00 0.0000000000000000e+00 0.0000000000000000e+00 0.0000000000000000e+00 0.0000000000000000e+00 0.0000000000000000e+00 0.0000000000000000e+00 0.0000000000000000e+00 0.0000000000000000e+00 0.0000000000000000e+00 0.0000000000000000e+00 0.0000000000000000e+00 0.0000000000000000e+00 0.0000000000000000e+00 0.0000000000000000e+00 0.0000000000000000e+00 0.0000000000000000e+00 0.0000000000000000e+00 0.0000000000000000e+00 0.0000000000000000e+00 0.0000000000000000e+00 0.0000000000000000e+00 0.0000000000000000e+00 0.0000000000000000e+00 0.0000000000000000e+00 0.0000000000000000e+00 0.0000000000000000e+00 0.0000000000000000e+00 0.0000000000000000e+00 0.0000000000000000e+00 0.0000000000000000e+00 0.0000000000000000e+00 0.0000000000000000e+00 0.0000000000000000e+00 0.0000000000000000e+00 0.0000000000000000e+00 0.0000000000000000e+00 0.0000000000000000e+00 0.0000000000000000e+00 0.0000000000000000e+00 0.0000000000000000e+00 0.0000000000000000e+00 0.0000000000000000e+00 0.0000000000000000e+00 0.0000000000000000e+00 0.0000000000000000e+00 0.0000000000000000e+00 0.0000000000000000e+00 0.0000000000000000e+00 0.0000000000000000e+00 0.0000000000000000e+00 0.0000000000000000e+00 0.0000000000000000e+00 0.0000000000000000e+00 0.0000000000000000e+00 0.0000000000000000e+00 0.0000000000000000e+00 0.0000000000000000e+00 0.0000000000000000e+00 0.0000000000000000e+00 0.0000000000000000e+00 0.0000000000000000e+00 0.0000000000000000e+00 0.0000000000000000e+00 0.0000000000000000e+00 0.0000000000000000e+00 0.0000000000000000e+00 0.0000000000000000e+00 0.0000000000000000e+00 0.0000000000000000e+00 0.0000000000000000e+00 0.0000000000000000e+00 0.0000000000000000e+00 0.0000000000000000e+00 0.0000000000000000e+00 0.0000000000000000e+00 0.0000000000000000e+00 0.0000000000000000e+00 0.0000000000000000e+00 0.0000000000000000e+00 0.0000000000000000e+00 0.0000000000000000e+00 0.0000000000000000e+00 0.0000000000000000e+00 0.0000000000000000e+00 0.0000000000000000e+00 0.0000000000000000e+00 0.0000000000000000e+00 0.0000000000000000e+00 0.0000000000000000e+00 0.0000000000000000e+00 0.0000000000000000e+00 0.0000000000000000e+00 0.0000000000000000e+00 0.0000000000000000e+00 0.0000000000000000e+00 0.0000000000000000e+00 0.0000000000000000e+00 0.0000000000000000e+00 0.0000000000000000e+00 0.0000000000000000e+00 0.0000000000000000e+00 0.0000000000000000e+00 0.0000000000000000e+00 0.0000000000000000e+00 0.0000000000000000e+00 0.0000000000000000e+00 0.0000000000000000e+00 0.0000000000000000e+00 0.0000000000000000e+00 0.0000000000000000e+00 0.0000000000000000e+00 0.0000000000000000e+00 0.0000000000000000e+00 0.0000000000000000e+00 0.0000000000000000e+00 0.0000000000000000e+00 0.0000000000000000e+00 0.0000000000000000e+00 0.0000000000000000e+00 0.0000000000000000e+00 0.0000000000000000e+00 0.0000000000000000e+00 0.0000000000000000e+00 0.0000000000000000e+00 0.0000000000000000e+00 0.0000000000000000e+00 0.0000000000000000e+00 0.0000000000000000e+00 0.0000000000000000e+00 0.0000000000000000e+00 0.0000000000000000e+00 0.0000000000000000e+00 0.0000000000000000e+00 0.0000000000000000e+00 0.0000000000000000e+00 0.0000000000000000e+00 0.0000000000000000e+00 0.0000000000000000e+00 0.0000000000000000e+00 0.0000000000000000e+00 0.0000000000000000e+00 0.0000000000000000e+00 0.0000000000000000e+00 0.0000000000000000e+00 0.0000000000000000e+00 0.0000000000000000e+00 0.0000000000000000e+00 0.0000000000000000e+00 0.0000000000000000e+00 0.0000000000000000e+00 0.0000000000000000e+00 0.0000000000000000e+00 0.0000000000000000e+00 0.0000000000000000e+00 0.0000000000000000e+00 0.0000000000000000e+00 0.0000000000000000e+00 0.0000000000000000e+00 0.0000000000000000e+00 0.0000000000000000e+00 0.0000000000000000e+00 0.0000000000000000e+00 0.0000000000000000e+00 0.0000000000000000e+00 0.0000000000000000e+00 0.0000000000000000e+00 0.0000000000000000e+00 0.0000000000000000e+00 0.0000000000000000e+00 0.0000000000000000e+00 0.0000000000000000e+00 0.0000000000000000e+00 0.0000000000000000e+00 0.0000000000000000e+00 0.0000000000000000e+00 0.0000000000000000e+00 0.0000000000000000e+00 0.0000000000000000e+00 0.0000000000000000e+00 0.0000000000000000e+00 0.0000000000000000e+00 0.0000000000000000e+00 0.0000000000000000e+00 0.0000000000000000e+00 0.0000000000000000e+00 0.0000000000000000e+00 0.0000000000000000e+00 0.0000000000000000e+00 0.0000000000000000e+00 0.0000000000000000e+00 0.0000000000000000e+00 0.0000000000000000e+00 0.0000000000000000e+00 0.0000000000000000e+00 0.0000000000000000e+00 0.0000000000000000e+00 0.0000000000000000e+00 0.0000000000000000e+00 0.0000000000000000e+00 0.0000000000000000e+00 0.0000000000000000e+00 0.0000000000000000e+00 0.0000000000000000e+00 0.0000000000000000e+00 0.0000000000000000e+00 0.0000000000000000e+00 0.0000000000000000e+00 0.0000000000000000e+00 0.0000000000000000e+00 0.0000000000000000e+00 0.0000000000000000e+00 0.0000000000000000e+00 0.0000000000000000e+00 0.0000000000000000e+00 0.0000000000000000e+00 0.0000000000000000e+00 0.0000000000000000e+00 0.0000000000000000e+00 0.0000000000000000e+00 0.0000000000000000e+00 0.0000000000000000e+00 0.0000000000000000e+00 0.0000000000000000e+00 0.0000000000000000e+00 0.0000000000000000e+00 0.0000000000000000e+00 0.0000000000000000e+00 0.0000000000000000e+00 0.0000000000000000e+00 0.0000000000000000e+00 0.0000000000000000e+00 0.0000000000000000e+00 0.0000000000000000e+00 0.0000000000000000e+00 0.0000000000000000e+00 0.0000000000000000e+00 0.0000000000000000e+00 0.0000000000000000e+00 0.0000000000000000e+00 0.0000000000000000e+00 0.0000000000000000e+00 0.0000000000000000e+00 0.0000000000000000e+00 0.0000000000000000e+00 0.0000000000000000e+00 0.0000000000000000e+00 0.0000000000000000e+00 0.0000000000000000e+00 0.0000000000000000e+00 0.0000000000000000e+00 0.0000000000000000e+00 0.0000000000000000e+00 0.0000000000000000e+00 0.0000000000000000e+00 0.0000000000000000e+00 0.0000000000000000e+00 0.0000000000000000e+00 0.0000000000000000e+00 0.0000000000000000e+00 0.0000000000000000e+00 0.0000000000000000e+00 0.0000000000000000e+00 0.0000000000000000e+00 0.0000000000000000e+00 0.0000000000000000e+00 0.0000000000000000e+00 0.0000000000000000e+00 0.0000000000000000e+00 0.0000000000000000e+00 0.0000000000000000e+00 0.0000000000000000e+00 0.0000000000000000e+00 0.0000000000000000e+00 0.0000000000000000e+00 0.0000000000000000e+00 0.0000000000000000e+00 0.0000000000000000e+00 0.0000000000000000e+00 0.0000000000000000e+00 0.0000000000000000e+00 0.0000000000000000e+00 0.0000000000000000e+00 0.0000000000000000e+00 0.0000000000000000e+00 0.0000000000000000e+00 0.0000000000000000e+00 0.0000000000000000e+00 0.0000000000000000e+00 0.0000000000000000e+00 0.0000000000000000e+00 0.0000000000000000e+00 0.0000000000000000e+00 0.0000000000000000e+00 0.0000000000000000e+00 0.0000000000000000e+00 0.0000000000000000e+00 0.0000000000000000e+00 0.0000000000000000e+00 0.0000000000000000e+00 0.0000000000000000e+00 0.0000000000000000e+00 0.0000000000000000e+00 0.0000000000000000e+00 0.0000000000000000e+00 0.0000000000000000e+00 0.0000000000000000e+00 0.0000000000000000e+00 0.0000000000000000e+00 0.0000000000000000e+00 0.0000000000000000e+00 0.0000000000000000e+00 0.0000000000000000e+00 0.0000000000000000e+00 0.0000000000000000e+00 0.0000000000000000e+00 0.0000000000000000e+00 0.0000000000000000e+00 0.0000000000000000e+00 0.0000000000000000e+00 0.0000000000000000e+00 0.0000000000000000e+00 0.0000000000000000e+00 0.0000000000000000e+00 0.0000000000000000e+00 0.0000000000000000e+00 0.0000000000000000e+00 0.0000000000000000e+00 0.0000000000000000e+00 0.0000000000000000e+00 0.0000000000000000e+00 0.0000000000000000e+00 0.0000000000000000e+00 0.0000000000000000e+00 0.0000000000000000e+00 0.0000000000000000e+00 0.0000000000000000e+00 0.0000000000000000e+00 0.0000000000000000e+00 0.0000000000000000e+00 0.0000000000000000e+00 0.0000000000000000e+00 0.0000000000000000e+00 0.0000000000000000e+00 0.0000000000000000e+00 0.0000000000000000e+00 0.0000000000000000e+00 0.0000000000000000e+00 0.0000000000000000e+00 0.0000000000000000e+00 0.0000000000000000e+00 0.0000000000000000e+00 0.0000000000000000e+00 0.0000000000000000e+00 0.0000000000000000e+00 0.0000000000000000e+00 0.0000000000000000e+00 0.0000000000000000e+00 0.0000000000000000e+00 0.0000000000000000e+00 0.0000000000000000e+00 0.0000000000000000e+00 0.0000000000000000e+00 0.0000000000000000e+00 0.0000000000000000e+00 0.0000000000000000e+00 0.0000000000000000e+00 0.0000000000000000e+00 0.0000000000000000e+00 0.0000000000000000e+00 0.0000000000000000e+00 0.0000000000000000e+00 0.0000000000000000e+00 0.0000000000000000e+00 0.0000000000000000e+00 0.0000000000000000e+00 0.0000000000000000e+00 0.0000000000000000e+00 0.0000000000000000e+00 0.0000000000000000e+00 0.0000000000000000e+00 0.0000000000000000e+00 0.0000000000000000e+00 0.0000000000000000e+00 0.0000000000000000e+00 0.0000000000000000e+00 0.0000000000000000e+00 0.0000000000000000e+00 0.0000000000000000e+00 0.0000000000000000e+00 0.0000000000000000e+00 0.0000000000000000e+00 0.0000000000000000e+00 0.0000000000000000e+00 0.0000000000000000e+00 0.0000000000000000e+00 0.0000000000000000e+00 0.0000000000000000e+00 0.0000000000000000e+00 0.0000000000000000e+00 0.0000000000000000e+00 0.0000000000000000e+00 0.0000000000000000e+00 0.0000000000000000e+00 0.0000000000000000e+00 0.0000000000000000e+00 0.0000000000000000e+00 0.0000000000000000e+00 0.0000000000000000e+00 0.0000000000000000e+00 0.0000000000000000e+00 0.0000000000000000e+00 0.0000000000000000e+00 0.0000000000000000e+00 0.0000000000000000e+00 0.0000000000000000e+00 0.0000000000000000e+00 0.0000000000000000e+00 0.0000000000000000e+00 0.0000000000000000e+00 0.0000000000000000e+00 0.0000000000000000e+00 0.0000000000000000e+00 0.0000000000000000e+00 0.0000000000000000e+00 0.0000000000000000e+00 0.0000000000000000e+00 0.0000000000000000e+00 0.0000000000000000e+00 0.0000000000000000e+00 0.0000000000000000e+00 0.0000000000000000e+00 0.0000000000000000e+00 0.0000000000000000e+00 0.0000000000000000e+00 0.0000000000000000e+00 0.0000000000000000e+00 0.0000000000000000e+00 0.0000000000000000e+00 0.0000000000000000e+00 0.0000000000000000e+00 0.0000000000000000e+00 0.0000000000000000e+00 0.0000000000000000e+00 0.0000000000000000e+00 0.0000000000000000e+00 0.0000000000000000e+00 0.0000000000000000e+00 0.0000000000000000e+00 0.0000000000000000e+00 0.0000000000000000e+00 0.0000000000000000e+00 0.0000000000000000e+00 0.0000000000000000e+00 0.0000000000000000e+00 0.0000000000000000e+00 0.0000000000000000e+00 0.0000000000000000e+00 0.0000000000000000e+00 0.0000000000000000e+00 0.0000000000000000e+00 0.0000000000000000e+00 0.0000000000000000e+00 0.0000000000000000e+00 0.0000000000000000e+00 0.0000000000000000e+00 0.0000000000000000e+00 0.0000000000000000e+00 0.0000000000000000e+00 0.0000000000000000e+00 0.0000000000000000e+00 0.0000000000000000e+00 0.0000000000000000e+00 0.0000000000000000e+00 0.0000000000000000e+00 0.0000000000000000e+00 0.0000000000000000e+00 0.0000000000000000e+00 0.0000000000000000e+00 0.0000000000000000e+00 0.0000000000000000e+00 0.0000000000000000e+00 0.0000000000000000e+00 0.0000000000000000e+00 0.0000000000000000e+00 0.0000000000000000e+00 0.0000000000000000e+00 0.0000000000000000e+00 0.0000000000000000e+00 0.0000000000000000e+00 0.0000000000000000e+00 0.0000000000000000e+00 0.0000000000000000e+00 0.0000000000000000e+00 0.0000000000000000e+00 0.0000000000000000e+00 0.0000000000000000e+00 0.0000000000000000e+00 0.0000000000000000e+00 0.0000000000000000e+00 0.0000000000000000e+00 0.0000000000000000e+00 0.0000000000000000e+00 0.0000000000000000e+00 0.0000000000000000e+00 0.0000000000000000e+00 0.0000000000000000e+00 0.0000000000000000e+00 0.0000000000000000e+00 0.0000000000000000e+00 0.0000000000000000e+00 0.0000000000000000e+00 0.0000000000000000e+00 0.0000000000000000e+00 0.0000000000000000e+00 0.0000000000000000e+00 0.0000000000000000e+00 0.0000000000000000e+00 0.0000000000000000e+00 0.0000000000000000e+00 0.0000000000000000e+00 0.0000000000000000e+00 0.0000000000000000e+00 0.0000000000000000e+00 0.0000000000000000e+00 0.0000000000000000e+00 0.0000000000000000e+00 0.0000000000000000e+00 0.0000000000000000e+00 0.0000000000000000e+00 0.0000000000000000e+00 0.0000000000000000e+00 0.0000000000000000e+00 0.0000000000000000e+00 0.0000000000000000e+00 0.0000000000000000e+00 0.0000000000000000e+00 0.0000000000000000e+00 0.0000000000000000e+00 0.0000000000000000e+00 0.0000000000000000e+00 0.0000000000000000e+00 0.0000000000000000e+00 0.0000000000000000e+00 0.0000000000000000e+00 0.0000000000000000e+00 0.0000000000000000e+00 0.0000000000000000e+00 0.0000000000000000e+00 0.0000000000000000e+00 0.0000000000000000e+00 0.0000000000000000e+00 0.0000000000000000e+00 0.0000000000000000e+00 0.0000000000000000e+00 0.0000000000000000e+00 0.0000000000000000e+00 0.0000000000000000e+00 0.0000000000000000e+00 0.0000000000000000e+00 0.0000000000000000e+00 0.0000000000000000e+00 0.0000000000000000e+00 0.0000000000000000e+00 0.0000000000000000e+00 0.0000000000000000e+00 0.0000000000000000e+00 0.0000000000000000e+00 0.0000000000000000e+00 0.0000000000000000e+00 0.0000000000000000e+00 0.0000000000000000e+00 0.0000000000000000e+00 0.0000000000000000e+00 0.0000000000000000e+00 0.0000000000000000e+00 0.0000000000000000e+00 0.0000000000000000e+00 0.0000000000000000e+00 0.0000000000000000e+00 0.0000000000000000e+00 0.0000000000000000e+00 0.0000000000000000e+00 0.0000000000000000e+00 0.0000000000000000e+00 0.0000000000000000e+00 0.0000000000000000e+00 0.0000000000000000e+00 0.0000000000000000e+00 0.0000000000000000e+00 0.0000000000000000e+00 0.0000000000000000e+00 0.0000000000000000e+00 0.0000000000000000e+00 0.0000000000000000e+00 0.0000000000000000e+00 0.0000000000000000e+00 0.0000000000000000e+00 0.0000000000000000e+00 0.0000000000000000e+00 0.0000000000000000e+00 0.0000000000000000e+00 0.0000000000000000e+00 0.0000000000000000e+00 0.0000000000000000e+00 0.0000000000000000e+00 0.0000000000000000e+00 0.0000000000000000e+00 0.0000000000000000e+00 0.0000000000000000e+00 0.0000000000000000e+00 0.0000000000000000e+00 0.0000000000000000e+00 0.0000000000000000e+00 0.0000000000000000e+00 0.0000000000000000e+00 0.0000000000000000e+00 0.0000000000000000e+00 0.0000000000000000e+00 0.0000000000000000e+00 0.0000000000000000e+00 0.0000000000000000e+00 0.0000000000000000e+00 0.0000000000000000e+00 0.0000000000000000e+00 0.0000000000000000e+00 0.0000000000000000e+00 0.0000000000000000e+00 0.0000000000000000e+00 0.0000000000000000e+00 0.0000000000000000e+00 0.0000000000000000e+00 0.0000000000000000e+00 0.0000000000000000e+00 0.0000000000000000e+00 0.0000000000000000e+00 0.0000000000000000e+00 0.0000000000000000e+00 0.0000000000000000e+00 0.0000000000000000e+00 0.0000000000000000e+00 0.0000000000000000e+00 0.0000000000000000e+00 0.0000000000000000e+00 0.0000000000000000e+00 0.0000000000000000e+00 0.0000000000000000e+00 0.0000000000000000e+00 0.0000000000000000e+00 0.0000000000000000e+00 0.0000000000000000e+00 0.0000000000000000e+00 0.0000000000000000e+00 0.0000000000000000e+00 0.0000000000000000e+00 0.0000000000000000e+00 0.0000000000000000e+00 0.0000000000000000e+00 0.0000000000000000e+00 0.0000000000000000e+00 0.0000000000000000e+00 0.0000000000000000e+00 0.0000000000000000e+00 0.0000000000000000e+00 0.0000000000000000e+00 0.0000000000000000e+00 0.0000000000000000e+00 0.0000000000000000e+00 0.0000000000000000e+00 0.0000000000000000e+00 0.0000000000000000e+00 0.0000000000000000e+00 0.0000000000000000e+00 0.0000000000000000e+00 0.0000000000000000e+00 0.0000000000000000e+00 0.0000000000000000e+00 0.0000000000000000e+00 0.0000000000000000e+00 0.0000000000000000e+00 0.0000000000000000e+00 0.0000000000000000e+00 0.0000000000000000e+00 0.0000000000000000e+00 0.0000000000000000e+00 0.0000000000000000e+00 0.0000000000000000e+00 0.0000000000000000e+00 0.0000000000000000e+00 0.0000000000000000e+00 0.0000000000000000e+00 0.0000000000000000e+00 0.0000000000000000e+00 0.0000000000000000e+00 0.0000000000000000e+00 0.0000000000000000e+00 0.0000000000000000e+00 0.0000000000000000e+00 0.0000000000000000e+00 0.0000000000000000e+00 0.0000000000000000e+00 0.0000000000000000e+00 0.0000000000000000e+00 0.0000000000000000e+00 0.0000000000000000e+00 0.0000000000000000e+00 0.0000000000000000e+00 0.0000000000000000e+00 0.0000000000000000e+00 0.0000000000000000e+00 0.0000000000000000e+00 0.0000000000000000e+00 0.0000000000000000e+00 0.0000000000000000e+00 0.0000000000000000e+00 0.0000000000000000e+00 0.0000000000000000e+00 0.0000000000000000e+00 0.0000000000000000e+00 0.0000000000000000e+00 0.0000000000000000e+00 0.0000000000000000e+00 0.0000000000000000e+00 0.0000000000000000e+00 0.0000000000000000e+00 0.0000000000000000e+00 0.0000000000000000e+00 0.0000000000000000e+00 0.0000000000000000e+00 0.0000000000000000e+00 0.0000000000000000e+00 0.0000000000000000e+00 0.0000000000000000e+00 0.0000000000000000e+00 0.0000000000000000e+00 0.0000000000000000e+00 0.0000000000000000e+00 0.0000000000000000e+00 0.0000000000000000e+00 0.0000000000000000e+00 0.0000000000000000e+00 0.0000000000000000e+00 0.0000000000000000e+00 0.0000000000000000e+00 0.0000000000000000e+00 0.0000000000000000e+00 0.0000000000000000e+00 0.0000000000000000e+00 0.0000000000000000e+00 0.0000000000000000e+00 0.0000000000000000e+00 0.0000000000000000e+00 0.0000000000000000e+00 0.0000000000000000e+00 0.0000000000000000e+00 0.0000000000000000e+00 0.0000000000000000e+00 0.0000000000000000e+00 0.0000000000000000e+00 0.0000000000000000e+00 0.0000000000000000e+00 0.0000000000000000e+00 0.0000000000000000e+00 0.0000000000000000e+00 0.0000000000000000e+00 0.0000000000000000e+00 0.0000000000000000e+00 0.0000000000000000e+00 0.0000000000000000e+00 0.0000000000000000e+00 0.0000000000000000e+00 0.0000000000000000e+00 0.0000000000000000e+00 0.0000000000000000e+00 0.0000000000000000e+00 0.0000000000000000e+00 0.0000000000000000e+00 0.0000000000000000e+00 0.0000000000000000e+00 0.0000000000000000e+00 0.0000000000000000e+00 0.0000000000000000e+00 0.0000000000000000e+00 0.0000000000000000e+00 0.0000000000000000e+00 0.0000000000000000e+00 0.0000000000000000e+00 0.0000000000000000e+00 0.0000000000000000e+00 0.0000000000000000e+00 0.0000000000000000e+00 0.0000000000000000e+00 0.0000000000000000e+00 0.0000000000000000e+00 0.0000000000000000e+00 0.0000000000000000e+00 0.0000000000000000e+00 0.0000000000000000e+00 0.0000000000000000e+00 0.0000000000000000e+00 0.0000000000000000e+00 0.0000000000000000e+00 0.0000000000000000e+00 0.0000000000000000e+00 0.0000000000000000e+00 0.0000000000000000e+00 0.0000000000000000e+00 0.0000000000000000e+00 0.0000000000000000e+00 0.0000000000000000e+00 0.0000000000000000e+00 0.0000000000000000e+00 0.0000000000000000e+00 0.0000000000000000e+00 0.0000000000000000e+00 0.0000000000000000e+00 0.0000000000000000e+00 0.0000000000000000e+00 0.0000000000000000e+00 0.0000000000000000e+00 0.0000000000000000e+00 0.0000000000000000e+00 0.0000000000000000e+00 0.0000000000000000e+00 0.0000000000000000e+00 0.0000000000000000e+00 0.0000000000000000e+00 0.0000000000000000e+00 0.0000000000000000e+00 0.0000000000000000e+00 0.0000000000000000e+00 0.0000000000000000e+00 0.0000000000000000e+00 0.0000000000000000e+00 0.0000000000000000e+00 0.0000000000000000e+00 0.0000000000000000e+00 0.0000000000000000e+00 0.0000000000000000e+00 0.0000000000000000e+00 0.0000000000000000e+00 0.0000000000000000e+00 0.0000000000000000e+00 0.0000000000000000e+00 0.0000000000000000e+00 0.0000000000000000e+00 0.0000000000000000e+00 0.0000000000000000e+00 0.0000000000000000e+00 0.0000000000000000e+00 0.0000000000000000e+00 0.0000000000000000e+00 0.0000000000000000e+00 0.0000000000000000e+00 0.0000000000000000e+00 0.0000000000000000e+00 0.0000000000000000e+00 0.0000000000000000e+00 0.0000000000000000e+00 0.0000000000000000e+00 0.0000000000000000e+00 0.0000000000000000e+00 0.0000000000000000e+00 0.0000000000000000e+00 0.0000000000000000e+00 0.0000000000000000e+00 0.0000000000000000e+00 0.0000000000000000e+00 0.0000000000000000e+00 0.0000000000000000e+00 0.0000000000000000e+00 0.0000000000000000e+00 0.0000000000000000e+00 0.0000000000000000e+00 0.0000000000000000e+00 0.0000000000000000e+00 0.0000000000000000e+00 0.0000000000000000e+00 0.0000000000000000e+00 0.0000000000000000e+00 0.0000000000000000e+00 0.0000000000000000e+00 0.0000000000000000e+00 0.0000000000000000e+00 0.0000000000000000e+00 0.0000000000000000e+00 0.0000000000000000e+00 0.0000000000000000e+00 0.0000000000000000e+00 0.0000000000000000e+00 0.0000000000000000e+00 0.0000000000000000e+00 0.0000000000000000e+00 0.0000000000000000e+00 0.0000000000000000e+00 0.0000000000000000e+00 0.0000000000000000e+00 0.0000000000000000e+00 0.0000000000000000e+00 0.0000000000000000e+00 0.0000000000000000e+00 0.0000000000000000e+00 0.0000000000000000e+00 0.0000000000000000e+00 0.0000000000000000e+00 0.0000000000000000e+00 0.0000000000000000e+00 0.0000000000000000e+00 0.0000000000000000e+00 0.0000000000000000e+00 0.0000000000000000e+00 0.0000000000000000e+00 0.0000000000000000e+00 0.0000000000000000e+00 0.0000000000000000e+00 0.0000000000000000e+00 0.0000000000000000e+00 0.0000000000000000e+00 0.0000000000000000e+00 0.0000000000000000e+00 0.0000000000000000e+00 0.0000000000000000e+00 0.0000000000000000e+00 0.0000000000000000e+00 0.0000000000000000e+00 0.0000000000000000e+00 0.0000000000000000e+00 0.0000000000000000e+00 0.0000000000000000e+00 0.0000000000000000e+00 0.0000000000000000e+00 0.0000000000000000e+00 0.0000000000000000e+00 0.0000000000000000e+00 0.0000000000000000e+00 0.0000000000000000e+00 0.0000000000000000e+00 0.0000000000000000e+00 0.0000000000000000e+00 0.0000000000000000e+00 0.0000000000000000e+00 0.0000000000000000e+00 0.0000000000000000e+00 0.0000000000000000e+00 0.0000000000000000e+00 0.0000000000000000e+00 0.0000000000000000e+00 0.0000000000000000e+00 0.0000000000000000e+00 0.0000000000000000e+00 0.0000000000000000e+00 0.0000000000000000e+00 0.0000000000000000e+00 0.0000000000000000e+00 0.0000000000000000e+00 0.0000000000000000e+00 0.0000000000000000e+00 0.0000000000000000e+00 0.0000000000000000e+00 0.0000000000000000e+00 0.0000000000000000e+00 0.0000000000000000e+00 0.0000000000000000e+00 0.0000000000000000e+00 0.0000000000000000e+00 0.0000000000000000e+00 0.0000000000000000e+00 0.0000000000000000e+00 0.0000000000000000e+00 0.0000000000000000e+00 0.0000000000000000e+00 0.0000000000000000e+00 0.0000000000000000e+00 0.0000000000000000e+00 0.0000000000000000e+00 0.0000000000000000e+00 0.0000000000000000e+00 0.0000000000000000e+00 0.0000000000000000e+00 0.0000000000000000e+00 0.0000000000000000e+00 0.0000000000000000e+00 0.0000000000000000e+00 0.0000000000000000e+00 0.0000000000000000e+00 0.0000000000000000e+00 0.0000000000000000e+00 0.0000000000000000e+00 0.0000000000000000e+00 0.0000000000000000e+00 0.0000000000000000e+00 0.0000000000000000e+00 0.0000000000000000e+00 0.0000000000000000e+00 0.0000000000000000e+00 0.0000000000000000e+00 0.0000000000000000e+00 0.0000000000000000e+00 0.0000000000000000e+00 0.0000000000000000e+00 0.0000000000000000e+00 0.0000000000000000e+00 0.0000000000000000e+00 0.0000000000000000e+00 0.0000000000000000e+00 0.0000000000000000e+00 0.0000000000000000e+00 0.0000000000000000e+00 0.0000000000000000e+00 0.0000000000000000e+00 0.0000000000000000e+00 0.0000000000000000e+00 0.0000000000000000e+00 0.0000000000000000e+00 0.0000000000000000e+00 0.0000000000000000e+00 0.0000000000000000e+00 0.0000000000000000e+00 0.0000000000000000e+00 0.0000000000000000e+00 0.0000000000000000e+00 0.0000000000000000e+00 0.0000000000000000e+00 0.0000000000000000e+00 0.0000000000000000e+00 0.0000000000000000e+00 0.0000000000000000e+00 0.0000000000000000e+00 0.0000000000000000e+00 0.0000000000000000e+00 0.0000000000000000e+00 0.0000000000000000e+00 0.0000000000000000e+00 0.0000000000000000e+00 0.0000000000000000e+00 0.0000000000000000e+00 0.0000000000000000e+00 0.0000000000000000e+00 0.0000000000000000e+00 0.0000000000000000e+00 0.0000000000000000e+00 0.0000000000000000e+00 0.0000000000000000e+00 0.0000000000000000e+00 0.0000000000000000e+00 0.0000000000000000e+00 0.0000000000000000e+00 0.0000000000000000e+00 0.0000000000000000e+00 0.0000000000000000e+00 0.0000000000000000e+00 0.0000000000000000e+00 0.0000000000000000e+00 0.0000000000000000e+00 0.0000000000000000e+00 0.0000000000000000e+00 0.0000000000000000e+00 0.0000000000000000e+00 0.0000000000000000e+00 0.0000000000000000e+00 0.0000000000000000e+00 0.0000000000000000e+00 0.0000000000000000e+00 0.0000000000000000e+00 0.0000000000000000e+00 0.0000000000000000e+00 0.0000000000000000e+00 0.0000000000000000e+00 0.0000000000000000e+00 0.0000000000000000e+00 0.0000000000000000e+00 0.0000000000000000e+00 0.0000000000000000e+00 0.0000000000000000e+00 0.0000000000000000e+00 0.0000000000000000e+00 0.0000000000000000e+00 0.0000000000000000e+00 0.0000000000000000e+00 0.0000000000000000e+00 0.0000000000000000e+00 0.0000000000000000e+00 0.0000000000000000e+00 0.0000000000000000e+00 0.0000000000000000e+00 0.0000000000000000e+00 0.0000000000000000e+00 0.0000000000000000e+00 0.0000000000000000e+00 0.0000000000000000e+00 0.0000000000000000e+00 0.0000000000000000e+00 0.0000000000000000e+00 0.0000000000000000e+00 0.0000000000000000e+00 0.0000000000000000e+00 0.0000000000000000e+00 0.0000000000000000e+00 0.0000000000000000e+00 0.0000000000000000e+00 0.0000000000000000e+00 0.0000000000000000e+00 0.0000000000000000e+00 0.0000000000000000e+00 0.0000000000000000e+00 0.0000000000000000e+00 0.0000000000000000e+00 0.0000000000000000e+00 0.0000000000000000e+00 0.0000000000000000e+00 0.0000000000000000e+00 0.0000000000000000e+00 0.0000000000000000e+00 0.0000000000000000e+00 0.0000000000000000e+00 0.0000000000000000e+00 0.0000000000000000e+00 0.0000000000000000e+00 0.0000000000000000e+00 0.0000000000000000e+00 0.0000000000000000e+00 0.0000000000000000e+00 0.0000000000000000e+00 0.0000000000000000e+00 0.0000000000000000e+00 0.0000000000000000e+00 0.0000000000000000e+00 0.0000000000000000e+00 0.0000000000000000e+00 0.0000000000000000e+00 0.0000000000000000e+00 0.0000000000000000e+00 0.0000000000000000e+00 0.0000000000000000e+00 0.0000000000000000e+00 0.0000000000000000e+00 0.0000000000000000e+00 0.0000000000000000e+00 0.0000000000000000e+00 0.0000000000000000e+00 0.0000000000000000e+00 0.0000000000000000e+00 0.0000000000000000e+00 0.0000000000000000e+00 0.0000000000000000e+00 0.0000000000000000e+00 0.0000000000000000e+00 0.0000000000000000e+00 0.0000000000000000e+00 0.0000000000000000e+00 0.0000000000000000e+00 0.0000000000000000e+00 0.0000000000000000e+00 0.0000000000000000e+00 0.0000000000000000e+00 0.0000000000000000e+00 0.0000000000000000e+00 0.0000000000000000e+00 0.0000000000000000e+00 0.0000000000000000e+00 0.0000000000000000e+00 0.0000000000000000e+00 0.0000000000000000e+00 0.0000000000000000e+00 0.0000000000000000e+00 0.0000000000000000e+00 0.0000000000000000e+00 0.0000000000000000e+00 0.0000000000000000e+00 0.0000000000000000e+00 0.0000000000000000e+00 0.0000000000000000e+00 0.0000000000000000e+00 0.0000000000000000e+00 0.0000000000000000e+00 0.0000000000000000e+00 0.0000000000000000e+00 0.0000000000000000e+00 0.0000000000000000e+00 0.0000000000000000e+00 0.0000000000000000e+00 0.0000000000000000e+00 0.0000000000000000e+00 0.0000000000000000e+00 0.0000000000000000e+00 0.0000000000000000e+00 0.0000000000000000e+00 0.0000000000000000e+00 0.0000000000000000e+00 0.0000000000000000e+00 0.0000000000000000e+00 0.0000000000000000e+00 0.0000000000000000e+00 0.0000000000000000e+00 0.0000000000000000e+00 0.0000000000000000e+00 0.0000000000000000e+00 0.0000000000000000e+00 0.0000000000000000e+00 0.0000000000000000e+00 0.0000000000000000e+00 0.0000000000000000e+00 0.0000000000000000e+00 0.0000000000000000e+00 0.0000000000000000e+00 0.0000000000000000e+00 0.0000000000000000e+00 0.0000000000000000e+00 0.0000000000000000e+00 0.0000000000000000e+00 0.0000000000000000e+00 0.0000000000000000e+00 0.0000000000000000e+00 0.0000000000000000e+00 0.0000000000000000e+00 0.0000000000000000e+00 0.0000000000000000e+00 0.0000000000000000e+00 0.0000000000000000e+00 0.0000000000000000e+00 0.0000000000000000e+00 0.0000000000000000e+00 0.0000000000000000e+00 0.0000000000000000e+00 0.0000000000000000e+00 0.0000000000000000e+00 0.0000000000000000e+00 0.0000000000000000e+00 0.0000000000000000e+00 0.0000000000000000e+00 0.0000000000000000e+00 0.0000000000000000e+00 0.0000000000000000e+00 0.0000000000000000e+00 0.0000000000000000e+00 0.0000000000000000e+00 0.0000000000000000e+00 0.0000000000000000e+00 0.0000000000000000e+00 0.0000000000000000e+00 0.0000000000000000e+00 0.0000000000000000e+00 0.0000000000000000e+00 0.0000000000000000e+00 0.0000000000000000e+00 0.0000000000000000e+00 0.0000000000000000e+00 0.0000000000000000e+00 0.0000000000000000e+00 0.0000000000000000e+00 0.0000000000000000e+00 0.0000000000000000e+00 0.0000000000000000e+00 0.0000000000000000e+00 0.0000000000000000e+00 0.0000000000000000e+00 0.0000000000000000e+00 0.0000000000000000e+00 0.0000000000000000e+00 0.0000000000000000e+00 0.0000000000000000e+00 0.0000000000000000e+00 0.0000000000000000e+00 0.0000000000000000e+00 0.0000000000000000e+00 0.0000000000000000e+00 0.0000000000000000e+00 0.0000000000000000e+00 0.0000000000000000e+00 0.0000000000000000e+00 0.0000000000000000e+00 0.0000000000000000e+00 0.0000000000000000e+00 0.0000000000000000e+00 0.0000000000000000e+00 0.0000000000000000e+00 0.0000000000000000e+00 0.0000000000000000e+00 0.0000000000000000e+00 0.0000000000000000e+00 0.0000000000000000e+00 0.0000000000000000e+00 0.0000000000000000e+00 0.0000000000000000e+00 0.0000000000000000e+00 0.0000000000000000e+00 0.0000000000000000e+00 0.0000000000000000e+00 0.0000000000000000e+00 0.0000000000000000e+00 0.0000000000000000e+00 0.0000000000000000e+00 0.0000000000000000e+00 0.0000000000000000e+00 0.0000000000000000e+00 0.0000000000000000e+00 0.0000000000000000e+00 0.0000000000000000e+00 0.0000000000000000e+00 0.0000000000000000e+00 0.0000000000000000e+00 0.0000000000000000e+00 0.0000000000000000e+00 0.0000000000000000e+00 0.0000000000000000e+00 0.0000000000000000e+00 0.0000000000000000e+00 0.0000000000000000e+00 0.0000000000000000e+00 0.0000000000000000e+00 0.0000000000000000e+00 0.0000000000000000e+00 0.0000000000000000e+00 0.0000000000000000e+00 0.0000000000000000e+00 0.0000000000000000e+00 0.0000000000000000e+00 0.0000000000000000e+00 0.0000000000000000e+00 0.0000000000000000e+00 0.0000000000000000e+00 0.0000000000000000e+00 0.0000000000000000e+00 0.0000000000000000e+00 0.0000000000000000e+00 0.0000000000000000e+00 0.0000000000000000e+00 0.0000000000000000e+00 0.0000000000000000e+00 0.0000000000000000e+00 0.0000000000000000e+00 0.0000000000000000e+00 0.0000000000000000e+00 0.0000000000000000e+00 0.0000000000000000e+00 0.0000000000000000e+00 0.0000000000000000e+00 0.0000000000000000e+00 0.0000000000000000e+00 0.0000000000000000e+00 0.0000000000000000e+00 0.0000000000000000e+00 0.0000000000000000e+00 0.0000000000000000e+00 0.0000000000000000e+00 0.0000000000000000e+00 0.0000000000000000e+00 0.0000000000000000e+00 0.0000000000000000e+00 0.0000000000000000e+00 0.0000000000000000e+00 0.0000000000000000e+00 0.0000000000000000e+00 0.0000000000000000e+00 0.0000000000000000e+00 0.0000000000000000e+00 0.0000000000000000e+00 0.0000000000000000e+00 0.0000000000000000e+00 0.0000000000000000e+00 0.0000000000000000e+00 0.0000000000000000e+00 0.0000000000000000e+00 0.0000000000000000e+00 0.0000000000000000e+00 0.0000000000000000e+00 0.0000000000000000e+00 0.0000000000000000e+00 0.0000000000000000e+00 0.0000000000000000e+00 0.0000000000000000e+00 0.0000000000000000e+00 0.0000000000000000e+00 0.0000000000000000e+00 0.0000000000000000e+00 0.0000000000000000e+00 0.0000000000000000e+00 0.0000000000000000e+00 0.0000000000000000e+00 0.0000000000000000e+00 0.0000000000000000e+00 0.0000000000000000e+00 0.0000000000000000e+00 0.0000000000000000e+00 0.0000000000000000e+00 0.0000000000000000e+00 0.0000000000000000e+00 0.0000000000000000e+00 0.0000000000000000e+00 0.0000000000000000e+00 0.0000000000000000e+00 0.0000000000000000e+00 0.0000000000000000e+00 0.0000000000000000e+00 0.0000000000000000e+00 0.0000000000000000e+00 0.0000000000000000e+00 0.0000000000000000e+00 0.0000000000000000e+00 0.0000000000000000e+00 0.0000000000000000e+00 0.0000000000000000e+00 0.0000000000000000e+00 0.0000000000000000e+00 0.0000000000000000e+00 0.0000000000000000e+00 0.0000000000000000e+00 0.0000000000000000e+00 0.0000000000000000e+00 0.0000000000000000e+00 0.0000000000000000e+00 0.0000000000000000e+00 0.0000000000000000e+00 0.0000000000000000e+00 0.0000000000000000e+00 0.0000000000000000e+00 0.0000000000000000e+00 0.0000000000000000e+00 0.0000000000000000e+00 0.0000000000000000e+00 0.0000000000000000e+00 0.0000000000000000e+00 0.0000000000000000e+00 0.0000000000000000e+00 0.0000000000000000e+00 0.0000000000000000e+00 0.0000000000000000e+00 0.0000000000000000e+00 0.0000000000000000e+00 0.0000000000000000e+00 0.0000000000000000e+00 0.0000000000000000e+00 0.0000000000000000e+00 0.0000000000000000e+00 0.0000000000000000e+00 0.0000000000000000e+00 0.0000000000000000e+00 0.0000000000000000e+00 0.0000000000000000e+00 0.0000000000000000e+00 0.0000000000000000e+00 0.0000000000000000e+00 0.0000000000000000e+00 0.0000000000000000e+00 0.0000000000000000e+00 0.0000000000000000e+00 0.0000000000000000e+00 0.0000000000000000e+00 0.0000000000000000e+00 0.0000000000000000e+00 0.0000000000000000e+00 0.0000000000000000e+00 0.0000000000000000e+00 0.0000000000000000e+00 0.0000000000000000e+00 0.0000000000000000e+00 0.0000000000000000e+00 0.0000000000000000e+00 0.0000000000000000e+00 0.0000000000000000e+00 0.0000000000000000e+00 0.0000000000000000e+00 0.0000000000000000e+00 0.0000000000000000e+00 0.0000000000000000e+00 0.0000000000000000e+00 0.0000000000000000e+00 0.0000000000000000e+00 0.0000000000000000e+00 0.0000000000000000e+00 0.0000000000000000e+00 0.0000000000000000e+00 0.0000000000000000e+00 0.0000000000000000e+00 0.0000000000000000e+00 0.0000000000000000e+00 0.0000000000000000e+00 0.0000000000000000e+00 0.0000000000000000e+00 0.0000000000000000e+00 0.0000000000000000e+00 0.0000000000000000e+00 0.0000000000000000e+00 0.0000000000000000e+00 0.0000000000000000e+00 0.0000000000000000e+00 0.0000000000000000e+00 0.0000000000000000e+00 0.0000000000000000e+00 0.0000000000000000e+00 0.0000000000000000e+00 0.0000000000000000e+00 0.0000000000000000e+00 0.0000000000000000e+00 0.0000000000000000e+00 0.0000000000000000e+00 0.0000000000000000e+00 0.0000000000000000e+00 0.0000000000000000e+00 0.0000000000000000e+00 0.0000000000000000e+00 0.0000000000000000e+00 0.0000000000000000e+00 0.0000000000000000e+00 0.0000000000000000e+00 0.0000000000000000e+00 0.0000000000000000e+00 0.0000000000000000e+00 0.0000000000000000e+00 0.0000000000000000e+00 0.0000000000000000e+00 0.0000000000000000e+00 0.0000000000000000e+00 0.0000000000000000e+00 0.0000000000000000e+00 0.0000000000000000e+00 0.0000000000000000e+00 0.0000000000000000e+00 0.0000000000000000e+00 0.0000000000000000e+00 0.0000000000000000e+00 0.0000000000000000e+00 0.0000000000000000e+00 0.0000000000000000e+00 0.0000000000000000e+00 0.0000000000000000e+00 0.0000000000000000e+00 0.0000000000000000e+00 0.0000000000000000e+00 0.0000000000000000e+00 0.0000000000000000e+00 0.0000000000000000e+00 0.0000000000000000e+00 0.0000000000000000e+00 0.0000000000000000e+00 0.0000000000000000e+00 0.0000000000000000e+00 0.0000000000000000e+00 0.0000000000000000e+00 0.0000000000000000e+00 0.0000000000000000e+00 0.0000000000000000e+00 0.0000000000000000e+00 0.0000000000000000e+00 0.0000000000000000e+00 0.0000000000000000e+00 0.0000000000000000e+00 0.0000000000000000e+00 0.0000000000000000e+00 0.0000000000000000e+00 0.0000000000000000e+00 0.0000000000000000e+00 0.0000000000000000e+00 0.0000000000000000e+00 0.0000000000000000e+00 0.0000000000000000e+00 0.0000000000000000e+00 0.0000000000000000e+00 0.0000000000000000e+00 0.0000000000000000e+00 0.0000000000000000e+00 0.0000000000000000e+00 0.0000000000000000e+00 0.0000000000000000e+00 0.0000000000000000e+00 0.0000000000000000e+00 0.0000000000000000e+00 0.0000000000000000e+00 0.0000000000000000e+00 0.0000000000000000e+00 0.0000000000000000e+00 0.0000000000000000e+00 0.0000000000000000e+00 0.0000000000000000e+00 0.0000000000000000e+00 0.0000000000000000e+00 0.0000000000000000e+00 0.0000000000000000e+00 0.0000000000000000e+00 0.0000000000000000e+00 0.0000000000000000e+00 0.0000000000000000e+00 0.0000000000000000e+00 0.0000000000000000e+00 0.0000000000000000e+00 0.0000000000000000e+00 0.0000000000000000e+00 0.0000000000000000e+00 0.0000000000000000e+00 0.0000000000000000e+00 0.0000000000000000e+00 0.0000000000000000e+00
</DataArray>
        <DataArray type="Float64" format="ascii" Name="equivalent_plastic_strain">
0.0000000000000000e+00 0.0000000000000000e+00 0.0000000000000000e+00 0.0000000000000000e+00 0.0000000000000000e+00 0.0000000000000000e+00 0.0000000000000000e+00 0.0000000000000000e+00 0.0000000000000000e+00 0.0000000000000000e+00 0.0000000000000000e+00 0.0000000000000000e+00 0.0000000000000000e+00 0.0000000000000000e+00 0.0000000000000000e+00 0.0000000000000000e+00 0.0000000000000000e+00 0.0000000000000000e+00 0.0000000000000000e+00 0.0000000000000000e+00 0.0000000000000000e+00 0.0000000000000000e+00 0.0000000000000000e+00 0.0000000000000000e+00 0.0000000000000000e+00 0.0000000000000000e+00 0.0000000000000000e+00 0.0000000000000000e+00 0.0000000000000000e+00 0.0000000000000000e+00 0.0000000000000000e+00 0.0000000000000000e+00 0.0000000000000000e+00 0.0000000000000000e+00 0.0000000000000000e+00 0.0000000000000000e+00 0.0000000000000000e+00 0.0000000000000000e+00 0.0000000000000000e+00 0.0000000000000000e+00 0.0000000000000000e+00 0.0000000000000000e+00 0.0000000000000000e+00 0.0000000000000000e+00 0.0000000000000000e+00 0.0000000000000000e+00 0.0000000000000000e+00 0.0000000000000000e+00 0.0000000000000000e+00 0.0000000000000000e+00 0.0000000000000000e+00 0.0000000000000000e+00 0.0000000000000000e+00 0.0000000000000000e+00 0.0000000000000000e+00 0.0000000000000000e+00 0.0000000000000000e+00 0.0000000000000000e+00 0.0000000000000000e+00 0.0000000000000000e+00 0.0000000000000000e+00 0.0000000000000000e+00 0.0000000000000000e+00 0.0000000000000000e+00 0.0000000000000000e+00 0.0000000000000000e+00 0.0000000000000000e+00 0.0000000000000000e+00 0.0000000000000000e+00 0.0000000000000000e+00 0.0000000000000000e+00 0.0000000000000000e+00 0.0000000000000000e+00 0.0000000000000000e+00 0.0000000000000000e+00 0.0000000000000000e+00 0.0000000000000000e+00 0.0000000000000000e+00 0.0000000000000000e+00 0.0000000000000000e+00 0.0000000000000000e+00 0.0000000000000000e+00 0.0000000000000000e+00 0.0000000000000000e+00 0.0000000000000000e+00 0.0000000000000000e+00 0.0000000000000000e+00 0.0000000000000000e+00 0.0000000000000000e+00 0.0000000000000000e+00 0.0000000000000000e+00 0.0000000000000000e+00 0.0000000000000000e+00 0.0000000000000000e+00 0.0000000000000000e+00 0.0000000000000000e+00 0.0000000000000000e+00 0.0000000000000000e+00 0.0000000000000000e+00 0.0000000000000000e+00 0.0000000000000000e+00 0.0000000000000000e+00 0.0000000000000000e+00 0.0000000000000000e+00 0.0000000000000000e+00 0.0000000000000000e+00 0.0000000000000000e+00 0.0000000000000000e+00 0.0000000000000000e+00 0.0000000000000000e+00 0.0000000000000000e+00 0.0000000000000000e+00 0.0000000000000000e+00 0.0000000000000000e+00 0.0000000000000000e+00 0.0000000000000000e+00 0.0000000000000000e+00 0.0000000000000000e+00 0.0000000000000000e+00 0.0000000000000000e+00 0.0000000000000000e+00 0.0000000000000000e+00 0.0000000000000000e+00 0.0000000000000000e+00 0.0000000000000000e+00 0.0000000000000000e+00 0.0000000000000000e+00 0.0000000000000000e+00 0.0000000000000000e+00 0.0000000000000000e+00 0.0000000000000000e+00 0.0000000000000000e+00 0.0000000000000000e+00 0.0000000000000000e+00 0.0000000000000000e+00 0.0000000000000000e+00 0.0000000000000000e+00 0.0000000000000000e+00 0.0000000000000000e+00 0.0000000000000000e+00 0.0000000000000000e+00 0.0000000000000000e+00 0.0000000000000000e+00 0.0000000000000000e+00 0.0000000000000000e+00 0.0000000000000000e+00 0.0000000000000000e+00 0.0000000000000000e+00 0.0000000000000000e+00 0.0000000000000000e+00 0.0000000000000000e+00 0.0000000000000000e+00 0.0000000000000000e+00 0.0000000000000000e+00 0.0000000000000000e+00 0.0000000000000000e+00 0.0000000000000000e+00 0.0000000000000000e+00 0.0000000000000000e+00 0.0000000000000000e+00 0.0000000000000000e+00 0.0000000000000000e+00 0.0000000000000000e+00 0.0000000000000000e+00 0.0000000000000000e+00 0.0000000000000000e+00 0.0000000000000000e+00 0.0000000000000000e+00 0.0000000000000000e+00 0.0000000000000000e+00 0.0000000000000000e+00 0.0000000000000000e+00 0.0000000000000000e+00 0.0000000000000000e+00 0.0000000000000000e+00 0.0000000000000000e+00 0.0000000000000000e+00 0.0000000000000000e+00 0.0000000000000000e+00 0.0000000000000000e+00 0.0000000000000000e+00 0.0000000000000000e+00 0.0000000000000000e+00 0.0000000000000000e+00 0.0000000000000000e+00 0.0000000000000000e+00 0.0000000000000000e+00 0.0000000000000000e+00 0.0000000000000000e+00 0.0000000000000000e+00 0.0000000000000000e+00 0.0000000000000000e+00 0.0000000000000000e+00 0.0000000000000000e+00 0.0000000000000000e+00 0.0000000000000000e+00 0.0000000000000000e+00 0.0000000000000000e+00 0.0000000000000000e+00 0.0000000000000000e+00 0.0000000000000000e+00 0.0000000000000000e+00 0.0000000000000000e+00 0.0000000000000000e+00 0.0000000000000000e+00 0.0000000000000000e+00 0.0000000000000000e+00 0.0000000000000000e+00 0.0000000000000000e+00 0.0000000000000000e+00 0.0000000000000000e+00 0.0000000000000000e+00 0.0000000000000000e+00 0.0000000000000000e+00 0.0000000000000000e+00 0.0000000000000000e+00 0.0000000000000000e+00 0.0000000000000000e+00 0.0000000000000000e+00 0.0000000000000000e+00 0.0000000000000000e+00 0.0000000000000000e+00 0.0000000000000000e+00 0.0000000000000000e+00 0.0000000000000000e+00 0.0000000000000000e+00 0.0000000000000000e+00 0.0000000000000000e+00 0.0000000000000000e+00 0.0000000000000000e+00 0.0000000000000000e+00 0.0000000000000000e+00 0.0000000000000000e+00 0.0000000000000000e+00 0.0000000000000000e+00 0.0000000000000000e+00 0.0000000000000000e+00 0.0000000000000000e+00 0.0000000000000000e+00 0.0000000000000000e+00 0.0000000000000000e+00 0.0000000000000000e+00 0.0000000000000000e+00 0.0000000000000000e+00 0.0000000000000000e+00 0.0000000000000000e+00 0.0000000000000000e+00 0.0000000000000000e+00 0.0000000000000000e+00 0.0000000000000000e+00 0.0000000000000000e+00 0.0000000000000000e+00 0.0000000000000000e+00 0.0000000000000000e+00 0.0000000000000000e+00 0.0000000000000000e+00 0.0000000000000000e+00 0.0000000000000000e+00 0.0000000000000000e+00 0.0000000000000000e+00 0.0000000000000000e+00 0.0000000000000000e+00 0.0000000000000000e+00 0.0000000000000000e+00 0.0000000000000000e+00 0.0000000000000000e+00 0.0000000000000000e+00 0.0000000000000000e+00 0.0000000000000000e+00 0.0000000000000000e+00 0.0000000000000000e+00 0.0000000000000000e+00 0.0000000000000000e+00 0.0000000000000000e+00 0.0000000000000000e+00 0.0000000000000000e+00 0.0000000000000000e+00 0.0000000000000000e+00 0.0000000000000000e+00 0.0000000000000000e+00 0.0000000000000000e+00 0.0000000000000000e+00 0.0000000000000000e+00 0.0000000000000000e+00 0.0000000000000000e+00 0.0000000000000000e+00 0.0000000000000000e+00 0.0000000000000000e+00 0.0000000000000000e+00 0.0000000000000000e+00 0.0000000000000000e+00 0.0000000000000000e+00 0.0000000000000000e+00 0.0000000000000000e+00 0.0000000000000000e+00 0.0000000000000000e+00 0.0000000000000000e+00 0.0000000000000000e+00 0.0000000000000000e+00 0.0000000000000000e+00 0.0000000000000000e+00 0.0000000000000000e+00 0.0000000000000000e+00 0.0000000000000000e+00 0.0000000000000000e+00 0.0000000000000000e+00 0.0000000000000000e+00 0.0000000000000000e+00 0.0000000000000000e+00 0.0000000000000000e+00 0.0000000000000000e+00 0.0000000000000000e+00 0.0000000000000000e+00 0.0000000000000000e+00 0.0000000000000000e+00 0.0000000000000000e+00 0.0000000000000000e+00 0.0000000000000000e+00 0.0000000000000000e+00 0.0000000000000000e+00 0.0000000000000000e+00 0.0000000000000000e+00 0.0000000000000000e+00 0.0000000000000000e+00
</DataArray>
        <DataArray type="Int64" format="ascii" Name="yielded">
0 0 0 0 0 0 0 0 0 0 0 0 0 0 0 0 0 0 0 0 0 0 0 0 0 0 0 0 0 0 0 0 0 0 0 0 0 0 0 0 0 0 0 0 0 0 0 0 0 0 0 0 0 0 0 0 0 0 0 0 0 0 0 0 0 0 0 0 0 0 0 0 0 0 0 0 0 0 0 0 0 0 0 0 0 0 0 0 0 0 0 0 0 0 0 0 0 0 0 0 0 0 0 0 0 0 0 0 0 0 0 0 0 0 0 0 0 0 0 0 0 0 0 0 0 0 0 0 0 0 0 0 0 0 0 0 0 0 0 0 0 0 0 0 0 0 0 0 0 0 0 0 0 0 0 0 0 0 0 0 0 0 0 0 0 0 0 0 0 0 0 0 0 0 0 0 0 0 0 0 0 0 0 0 0 0 0 0 0 0 0 0 0 0 0 0 0 0 0 0 0 0 0 0 0 0 0 0 0 0 0 0 0 0 0 0 0 0 0 0 0 0 0 0 0 0 0 0 0 0 0 0 0 0 0 0 0 0 0 0 0 0 0 0 0 0 0 0 0 0 0 0 0 0 0 0 0 0 0 0 0 0 0 0 0 0 0 0 0 0 0 0 0 0 0 0 0 0 0 0 0 0 0 0 0 0 0 0 0 0 0 0 0 0 0 0 0 0 0 0 0 0 0 0 0 0 0 0 0 0 0 0 0 0 0 0 0 0 0 0 0 0 0 0
</DataArray>
        <DataArray type="Float64" format="ascii" Name="pore_pressure">
5.2683333333348461e+00 5.6316666666696298e+00 5.2683333333347839e+00 5.6316666666695063e+00 5.2683333333347226e+00 5.6316666666693855e+00 5.2683333333346614e+00 5.6316666666692621e+00 5.2683333333345992e+00 5.6316666666691386e+00 5.2683333333345361e+00 5.6316666666690134e+00 5.2683333333344766e+00 5.6316666666688899e+00 5.2683333333344136e+00 5.6316666666687656e+00 5.2683333333343523e+00 5.6316666666686439e+00 6.3583333333357945e+00 6.7216666666673781e+00 6.3583333333359393e+00 6.7216666666678551e+00 6.3583333333360850e+00 6.7216666666683329e+00 6.3583333333362306e+00 6.7216666666688072e+00 6.3583333333363754e+00 6.7216666666692833e+00 6.3583333333365220e+00 6.7216666666697602e+00 6.3583333333366658e+00 6.7216666666702345e+00 6.3583333333368115e+00 6.7216666666707123e+00 6.3583333333369580e+00 6.7216666666711893e+00 7.4483333333295683e+00 7.8116666666610364e+00 7.4483333333307620e+00 7.8116666666626191e+00 7.4483333333319557e+00 7.8116666666641956e+00 7.4483333333331485e+00 7.8116666666657757e+00 7.4483333333343431e+00 7.8116666666673584e+00 7.4483333333355377e+00 7.8116666666689349e+00 7.4483333333367288e+00 7.8116666666705177e+00 7.4483333333379234e+00 7.8116666666720977e+00 7.4483333333391171e+00 7.8116666666736787e+00 8.5383333333223934e+00 8.9016666666542488e+00 8.5383333333247471e+00 8.9016666666569879e+00 8.5383333333271008e+00 8.9016666666597271e+00 8.5383333333294527e+00 8.9016666666624680e+00 8.5383333333318063e+00 8.9016666666652053e+00 8.5383333333341582e+00 8.9016666666679480e+00 8.5383333333365137e+00 8.9016666666706872e+00 8.5383333333388656e+00 8.9016666666734263e+00 8.5383333333412175e+00 8.9016666666761655e+00 9.6283333333172347e+00 9.9916666666511578e+00 9.6283333333204109e+00 9.9916666666543854e+00 9.6283333333235870e+00 9.9916666666576113e+00 9.6283333333267631e+00 9.9916666666608371e+00 9.6283333333299428e+00 9.9916666666640648e+00 9.6283333333331171e+00 9.9916666666672924e+00 9.6283333333362933e+00 9.9916666666705183e+00 9.6283333333394694e+00 9.9916666666737441e+00 9.6283333333426473e+00 9.9916666666769736e+00 1.0718333333317792e+01 1.1081666666653444e+01 1.0718333333320782e+01 1.1081666666656149e+01 1.0718333333323773e+01 1.1081666666658853e+01 1.0718333333326765e+01 1.1081666666661560e+01 1.0718333333329758e+01 1.1081666666664265e+01 1.0718333333332749e+01 1.1081666666666971e+01 1.0718333333335741e+01 1.1081666666669676e+01 1.0718333333338730e+01 1.1081666666672382e+01 1.0718333333341720e+01 1.1081666666675087e+01 1.1808333333322041e+01 1.2171666666657408e+01 1.1808333333324175e+01 1.2171666666659256e+01 1.1808333333326312e+01 1.2171666666661105e+01 1.1808333333328443e+01 1.2171666666662951e+01 1.1808333333330577e+01 1.2171666666664800e+01 1.1808333333332710e+01 1.2171666666666647e+01 1.1808333333334843e+01 1.2171666666668495e+01 1.1808333333336977e+01 1.2171666666670340e+01 1.1808333333339110e+01 1.2171666666672191e+01 1.2898333333326294e+01 1.3261666666661382e+01 1.2898333333327578e+01 1.3261666666662384e+01 1.2898333333328861e+01 1.3261666666663389e+01 1.2898333333330140e+01 1.3261666666664393e+01 1.2898333333331426e+01 1.3261666666665397e+01 1.2898333333332710e+01 1.3261666666666400e+01 1.2898333333333992e+01 1.3261666666667402e+01 1.2898333333335273e+01 1.3261666666668409e+01 1.2898333333336558e+01 1.3261666666669413e+01 1.3988333333330552e+01 1.4351666666665398e+01 1.3988333333331035e+01 1.4351666666665638e+01 1.3988333333331520e+01 1.4351666666665881e+01 1.3988333333332001e+01 1.4351666666666121e+01 1.3988333333332484e+01 1.4351666666666363e+01 1.3988333333332971e+01 1.4351666666666606e+01 1.3988333333333452e+01 1.4351666666666848e+01 1.3988333333333939e+01 1.4351666666667089e+01 1.3988333333334419e+01 1.4351666666667331e+01 4.5416666666666661e+00 4.1783333333333328e+00 4.5416666666666652e+00 4.1783333333333337e+00 4.5416666666666679e+00 4.1783333333333355e+00 4.5416666666666652e+00 4.1783333333333328e+00 4.5416666666666652e+00 4.1783333333333328e+00 4.5416666666666652e+00 4.1783333333333337e+00 4.5416666666666652e+00 4.1783333333333319e+00 4.5416666666666652e+00 4.1783333333333328e+00 4.5416666666666661e+00 4.1783333333333337e+00 3.4516666666666667e+00 3.0883333333333329e+00 3.4516666666666662e+00 3.0883333333333320e+00 3.4516666666666667e+00 3.0883333333333320e+00 3.4516666666666667e+00 3.0883333333333320e+00 3.4516666666666662e+00 3.0883333333333325e+00 3.4516666666666667e+00 3.0883333333333329e+00 3.4516666666666662e+00 3.0883333333333329e+00 3.4516666666666667e+00 3.0883333333333329e+00 3.4516666666666658e+00 3.0883333333333320e+00 2.3616666666666672e+00 1.9983333333333342e+00 2.3616666666666677e+00 1.9983333333333342e+00 2.3616666666666677e+00 1.9983333333333342e+00 2.3616666666666668e+00 1.9983333333333342e+00 2.3616666666666681e+00 1.9983333333333340e+00 2.3616666666666677e+00 1.9983333333333346e+00 2.3616666666666677e+00 1.9983333333333329e+00 2.3616666666666646e+00 1.9983333333333348e+00 2.3616666666666677e+00 1.9983333333333333e+00 1.2716666666666678e+00 9.0833333333333466e-01 1.2716666666666698e+00 9.0833333333333632e-01 1.2716666666666678e+00 9.0833333333333466e-01 1.2716666666666678e+00 9.0833333333332900e-01 1.2716666666666661e+00 9.0833333333333022e-01 1.2716666666666678e+00 9.0833333333333455e-01 1.2716666666666685e+00 9.0833333333333310e-01 1.2716666666666667e+00 9.0833333333333421e-01 1.2716666666666681e+00 9.0833333333333466e-01 2.4222222222215731e-01 6.0555555555556147e-02 2.4222222222222378e-01 6.0555555555555203e-02 2.4222222222222364e-01 6.0555555555555626e-02 2.4222222222222067e-01 6.0555555555554488e-02 2.4222222222221901e-01 6.0555555555555585e-02 2.4222222222222375e-01 6.0555555555555966e-02 2.4222222222222359e-01 6.0555555555555682e-02 2.4222222222222367e-01 6.0555555555555939e-02 2.4222222222222373e-01 6.0555555555489644e-02 0.0000000000000000e+00 0.0000000000000000e+00 0.0000000000000000e+00 0.0000000000000000e+00 0.0000000000000000e+00 0.0000000000000000e+00 0.0000000000000000e+00 0.0000000000000000e+00 0.0000000000000000e+00 0.0000000000000000e+00 0.0000000000000000e+00 0.0000000000000000e+00 0.0000000000000000e+00 0.0000000000000000e+00 0.0000000000000000e+00 0.0000000000000000e+00 0.0000000000000000e+00 0.0000000000000000e+00 0.0000000000000000e+00 0.0000000000000000e+00 0.0000000000000000e+00 0.0000000000000000e+00 0.0000000000000000e+00 0.0000000000000000e+00 0.0000000000000000e+00 0.0000000000000000e+00 0.0000000000000000e+00 0.0000000000000000e+00 0.0000000000000000e+00 0.0000000000000000e+00 0.0000000000000000e+00 0.0000000000000000e+00 0.0000000000000000e+00 0.0000000000000000e+00 0.0000000000000000e+00 0.0000000000000000e+00 0.0000000000000000e+00 0.0000000000000000e+00 0.0000000000000000e+00 0.0000000000000000e+00 0.0000000000000000e+00 0.0000000000000000e+00 0.0000000000000000e+00 0.0000000000000000e+00 0.0000000000000000e+00 0.0000000000000000e+00 0.0000000000000000e+00 0.0000000000000000e+00 0.0000000000000000e+00 0.0000000000000000e+00 0.0000000000000000e+00 0.0000000000000000e+00 0.0000000000000000e+00 0.0000000000000000e+00 0.0000000000000000e+00 0.0000000000000000e+00 0.0000000000000000e+00 0.0000000000000000e+00 0.0000000000000000e+00 0.0000000000000000e+00 0.0000000000000000e+00 0.0000000000000000e+00 0.0000000000000000e+00 0.0000000000000000e+00 0.0000000000000000e+00 0.0000000000000000e+00 0.0000000000000000e+00 0.0000000000000000e+00 0.0000000000000000e+00 0.0000000000000000e+00 0.0000000000000000e+00 0.0000000000000000e+00
</DataArray>
        <DataArray type="Float64" format="ascii" Name="q">
0.0000000000000000e+00 0.0000000000000000e+00 0.0000000000000000e+00 0.0000000000000000e+00 0.0000000000000000e+00 0.0000000000000000e+00 0.0000000000000000e+00 0.0000000000000000e+00 0.0000000000000000e+00 0.0000000000000000e+00 0.0000000000000000e+00 0.0000000000000000e+00 0.0000000000000000e+00 0.0000000000000000e+00 0.0000000000000000e+00 0.0000000000000000e+00 0.0000000000000000e+00 0.0000000000000000e+00 0.0000000000000000e+00 0.0000000000000000e+00 0.0000000000000000e+00 0.0000000000000000e+00 0.0000000000000000e+00 0.0000000000000000e+00 0.0000000000000000e+00 0.0000000000000000e+00 0.0000000000000000e+00 0.0000000000000000e+00 0.0000000000000000e+00 0.0000000000000000e+00 0.0000000000000000e+00 0.0000000000000000e+00 0.0000000000000000e+00 0.0000000000000000e+00 0.0000000000000000e+00 0.0000000000000000e+00 0.0000000000000000e+00 0.0000000000000000e+00 0.0000000000000000e+00 0.0000000000000000e+00 0.0000000000000000e+00 0.0000000000000000e+00 0.0000000000000000e+00 0.0000000000000000e+00 0.0000000000000000e+00 0.0000000000000000e+00 0.0000000000000000e+00 0.0000000000000000e+00 0.0000000000000000e+00 0.0000000000000000e+00 0.0000000000000000e+00 0.0000000000000000e+00 0.0000000000000000e+00 0.0000000000000000e+00 0.0000000000000000e+00 0.0000000000000000e+00 0.0000000000000000e+00 0.0000000000000000e+00 0.0000000000000000e+00 0.0000000000000000e+00 0.0000000000000000e+00 0.0000000000000000e+00 0.0000000000000000e+00 0.0000000000000000e+00 0.0000000000000000e+00 0.0000000000000000e+00 0.0000000000000000e+00 0.0000000000000000e+00 0.0000000000000000e+00 0.0000000000000000e+00 0.0000000000000000e+00 0.0000000000000000e+00 0.0000000000000000e+00 0.0000000000000000e+00 0.0000000000000000e+00 0.0000000000000000e+00 0.0000000000000000e+00 0.0000000000000000e+00 0.0000000000000000e+00 0.0000000000000000e+00 0.0000000000000000e+00 0.0000000000000000e+00 0.0000000000000000e+00 0.0000000000000000e+00 0.0000000000000000e+00 0.0000000000000000e+00 0.0000000000000000e+00 0.0000000000000000e+00 0.0000000000000000e+00 0.0000000000000000e+00 0.0000000000000000e+00 0.0000000000000000e+00 0.0000000000000000e+00 0.0000000000000000e+00 0.0000000000000000e+00 0.0000000000000000e+00 0.0000000000000000e+00 0.0000000000000000e+00 0.0000000000000000e+00 0.0000000000000000e+00 0.0000000000000000e+00 0.0000000000000000e+00 0.0000000000000000e+00 0.0000000000000000e+00 0.0000000000000000e+00 0.0000000000000000e+00 0.0000000000000000e+00 0.0000000000000000e+00 0.0000000000000000e+00 0.0000000000000000e+00 0.0000000000000000e+00 0.0000000000000000e+00 0.0000000000000000e+00 0.0000000000000000e+00 0.0000000000000000e+00 0.0000000000000000e+00 0.0000000000000000e+00 0.0000000000000000e+00 0.0000000000000000e+00 0.0000000000000000e+00 0.0000000000000000e+00 0.0000000000000000e+00 0.0000000000000000e+00 0.0000000000000000e+00 0.0000000000000000e+00 0.0000000000000000e+00 0.0000000000000000e+00 0.0000000000000000e+00 0.0000000000000000e+00 0.0000000000000000e+00 0.0000000000000000e+00 0.0000000000000000e+00 0.0000000000000000e+00 0.0000000000000000e+00 0.0000000000000000e+00 0.0000000000000000e+00 0.0000000000000000e+00 0.0000000000000000e+00 0.0000000000000000e+00 0.0000000000000000e+00 0.0000000000000000e+00 0.0000000000000000e+00 0.0000000000000000e+00 0.0000000000000000e+00 0.0000000000000000e+00 0.0000000000000000e+00 0.0000000000000000e+00 0.0000000000000000e+00 0.0000000000000000e+00 0.0000000000000000e+00 0.0000000000000000e+00 0.0000000000000000e+00 0.0000000000000000e+00 0.0000000000000000e+00 0.0000000000000000e+00 0.0000000000000000e+00 0.0000000000000000e+00 0.0000000000000000e+00 0.0000000000000000e+00 0.0000000000000000e+00 0.0000000000000000e+00 0.0000000000000000e+00 0.0000000000000000e+00 0.0000000000000000e+00 0.0000000000000000e+00 0.0000000000000000e+00 0.0000000000000000e+00 0.0000000000000000e+00 0.0000000000000000e+00 0.0000000000000000e+00 0.0000000000000000e+00 0.0000000000000000e+00 0.0000000000000000e+00 0.0000000000000000e+00 0.0000000000000000e+00 0.0000000000000000e+00 0.0000000000000000e+00 0.0000000000000000e+00 0.0000000000000000e+00 0.0000000000000000e+00 0.0000000000000000e+00 0.0000000000000000e+00 0.0000000000000000e+00 0.0000000000000000e+00 0.0000000000000000e+00 0.0000000000000000e+00 0.0000000000000000e+00 0.0000000000000000e+00 0.0000000000000000e+00 0.0000000000000000e+00 0.0000000000000000e+00 0.0000000000000000e+00 0.0000000000000000e+00 0.0000000000000000e+00 0.0000000000000000e+00 0.0000000000000000e+00 0.0000000000000000e+00 0.0000000000000000e+00 0.0000000000000000e+00 0.0000000000000000e+00 0.0000000000000000e+00 0.0000000000000000e+00 0.0000000000000000e+00 0.0000000000000000e+00 0.0000000000000000e+00 0.0000000000000000e+00 0.0000000000000000e+00 0.0000000000000000e+00 0.0000000000000000e+00 0.0000000000000000e+00 0.0000000000000000e+00 0.0000000000000000e+00 0.0000000000000000e+00 0.0000000000000000e+00 0.0000000000000000e+00 0.0000000000000000e+00 0.0000000000000000e+00 0.0000000000000000e+00 0.0000000000000000e+00 0.0000000000000000e+00 0.0000000000000000e+00 0.0000000000000000e+00 0.0000000000000000e+00 0.0000000000000000e+00 0.0000000000000000e+00 0.0000000000000000e+00 0.0000000000000000e+00 0.0000000000000000e+00 0.0000000000000000e+00 0.0000000000000000e+00 0.0000000000000000e+00 0.0000000000000000e+00 0.0000000000000000e+00 0.0000000000000000e+00 0.0000000000000000e+00 0.0000000000000000e+00 0.0000000000000000e+00 0.0000000000000000e+00 0.0000000000000000e+00 0.0000000000000000e+00 0.0000000000000000e+00 0.0000000000000000e+00 0.0000000000000000e+00 0.0000000000000000e+00 0.0000000000000000e+00 0.0000000000000000e+00 0.0000000000000000e+00 0.0000000000000000e+00 0.0000000000000000e+00 0.0000000000000000e+00 0.0000000000000000e+00 0.0000000000000000e+00 0.0000000000000000e+00 0.0000000000000000e+00 0.0000000000000000e+00 0.0000000000000000e+00 0.0000000000000000e+00 0.0000000000000000e+00 0.0000000000000000e+00 0.0000000000000000e+00 0.0000000000000000e+00 0.0000000000000000e+00 0.0000000000000000e+00 0.0000000000000000e+00 0.0000000000000000e+00 0.0000000000000000e+00 0.0000000000000000e+00 0.0000000000000000e+00 0.0000000000000000e+00 0.0000000000000000e+00 0.0000000000000000e+00 0.0000000000000000e+00 0.0000000000000000e+00 0.0000000000000000e+00 0.0000000000000000e+00 0.0000000000000000e+00 0.0000000000000000e+00 0.0000000000000000e+00 0.0000000000000000e+00 0.0000000000000000e+00 0.0000000000000000e+00 0.0000000000000000e+00 0.0000000000000000e+00 0.0000000000000000e+00 0.0000000000000000e+00 0.0000000000000000e+00 0.0000000000000000e+00 0.0000000000000000e+00 0.0000000000000000e+00 0.0000000000000000e+00 0.0000000000000000e+00 0.0000000000000000e+00 0.0000000000000000e+00 0.0000000000000000e+00 0.0000000000000000e+00 0.0000000000000000e+00 0.0000000000000000e+00 0.0000000000000000e+00 0.0000000000000000e+00 0.0000000000000000e+00 0.0000000000000000e+00 0.0000000000000000e+00 0.0000000000000000e+00 0.0000000000000000e+00 0.0000000000000000e+00 0.0000000000000000e+00 0.0000000000000000e+00 0.0000000000000000e+00 0.0000000000000000e+00 0.0000000000000000e+00 0.0000000000000000e+00 0.0000000000000000e+00 0.0000000000000000e+00 0.0000000000000000e+00 0.0000000000000000e+00 0.0000000000000000e+00 0.0000000000000000e+00 0.0000000000000000e+00 0.0000000000000000e+00 0.0000000000000000e+00 0.0000000000000000e+00 0.0000000000000000e+00 0.0000000000000000e+00 0.0000000000000000e+00
</DataArray>
        <DataArray type="Float64" format="ascii" Name="current_yield_stress">
0.0000000000000000e+00 0.0000000000000000e+00 0.0000000000000000e+00 0.0000000000000000e+00 0.0000000000000000e+00 0.0000000000000000e+00 0.0000000000000000e+00 0.0000000000000000e+00 0.0000000000000000e+00 0.0000000000000000e+00 0.0000000000000000e+00 0.0000000000000000e+00 0.0000000000000000e+00 0.0000000000000000e+00 0.0000000000000000e+00 0.0000000000000000e+00 0.0000000000000000e+00 0.0000000000000000e+00 0.0000000000000000e+00 0.0000000000000000e+00 0.0000000000000000e+00 0.0000000000000000e+00 0.0000000000000000e+00 0.0000000000000000e+00 0.0000000000000000e+00 0.0000000000000000e+00 0.0000000000000000e+00 0.0000000000000000e+00 0.0000000000000000e+00 0.0000000000000000e+00 0.0000000000000000e+00 0.0000000000000000e+00 0.0000000000000000e+00 0.0000000000000000e+00 0.0000000000000000e+00 0.0000000000000000e+00 0.0000000000000000e+00 0.0000000000000000e+00 0.0000000000000000e+00 0.0000000000000000e+00 0.0000000000000000e+00 0.0000000000000000e+00 0.0000000000000000e+00 0.0000000000000000e+00 0.0000000000000000e+00 0.0000000000000000e+00 0.0000000000000000e+00 0.0000000000000000e+00 0.0000000000000000e+00 0.0000000000000000e+00 0.0000000000000000e+00 0.0000000000000000e+00 0.0000000000000000e+00 0.0000000000000000e+00 0.0000000000000000e+00 0.0000000000000000e+00 0.0000000000000000e+00 0.0000000000000000e+00 0.0000000000000000e+00 0.0000000000000000e+00 0.0000000000000000e+00 0.0000000000000000e+00 0.0000000000000000e+00 0.0000000000000000e+00 0.0000000000000000e+00 0.0000000000000000e+00 0.0000000000000000e+00 0.0000000000000000e+00 0.0000000000000000e+00 0.0000000000000000e+00 0.0000000000000000e+00 0.0000000000000000e+00 0.0000000000000000e+00 0.0000000000000000e+00 0.0000000000000000e+00 0.0000000000000000e+00 0.0000000000000000e+00 0.0000000000000000e+00 0.0000000000000000e+00 0.0000000000000000e+00 0.0000000000000000e+00 0.0000000000000000e+00 0.0000000000000000e+00 0.0000000000000000e+00 0.0000000000000000e+00 0.0000000000000000e+00 0.0000000000000000e+00 0.0000000000000000e+00 0.0000000000000000e+00 0.0000000000000000e+00 0.0000000000000000e+00 0.0000000000000000e+00 0.0000000000000000e+00 0.0000000000000000e+00 0.0000000000000000e+00 0.0000000000000000e+00 0.0000000000000000e+00 0.0000000000000000e+00 0.0000000000000000e+00 0.0000000000000000e+00 0.0000000000000000e+00 0.0000000000000000e+00 0.0000000000000000e+00 0.0000000000000000e+00 0.0000000000000000e+00 0.0000000000000000e+00 0.0000000000000000e+00 0.0000000000000000e+00 0.0000000000000000e+00 0.0000000000000000e+00 0.0000000000000000e+00 0.0000000000000000e+00 0.0000000000000000e+00 0.0000000000000000e+00 0.0000000000000000e+00 0.0000000000000000e+00 0.0000000000000000e+00 0.0000000000000000e+00 0.0000000000000000e+00 0.0000000000000000e+00 0.0000000000000000e+00 0.0000000000000000e+00 0.0000000000000000e+00 0.0000000000000000e+00 0.0000000000000000e+00 0.0000000000000000e+00 0.0000000000000000e+00 0.0000000000000000e+00 0.0000000000000000e+00 0.0000000000000000e+00 0.0000000000000000e+00 0.0000000000000000e+00 0.0000000000000000e+00 0.0000000000000000e+00 0.0000000000000000e+00 0.0000000000000000e+00 0.0000000000000000e+00 0.0000000000000000e+00 0.0000000000000000e+00 0.0000000000000000e+00 0.0000000000000000e+00 0.0000000000000000e+00 0.0000000000000000e+00 0.0000000000000000e+00 0.0000000000000000e+00 0.0000000000000000e+00 0.0000000000000000e+00 0.0000000000000000e+00 0.0000000000000000e+00 0.0000000000000000e+00 0.0000000000000000e+00 0.0000000000000000e+00 0.0000000000000000e+00 0.0000000000000000e+00 0.0000000000000000e+00 0.0000000000000000e+00 0.0000000000000000e+00 0.0000000000000000e+00 0.0000000000000000e+00 0.0000000000000000e+00 0.0000000000000000e+00 0.0000000000000000e+00 0.0000000000000000e+00 0.0000000000000000e+00 0.0000000000000000e+00 0.0000000000000000e+00 0.0000000000000000e+00 0.0000000000000000e+00 0.0000000000000000e+00 0.0000000000000000e+00 0.0000000000000000e+00 0.0000000000000000e+00 0.0000000000000000e+00 0.0000000000000000e+00 0.0000000000000000e+00 0.0000000000000000e+00 0.0000000000000000e+00 0.0000000000000000e+00 0.0000000000000000e+00 0.0000000000000000e+00 0.0000000000000000e+00 0.0000000000000000e+00 0.0000000000000000e+00 0.0000000000000000e+00 0.0000000000000000e+00 0.0000000000000000e+00 0.0000000000000000e+00 0.0000000000000000e+00 0.0000000000000000e+00 0.0000000000000000e+00 0.0000000000000000e+00 0.0000000000000000e+00 0.0000000000000000e+00 0.0000000000000000e+00 0.0000000000000000e+00 0.0000000000000000e+00 0.0000000000000000e+00 0.0000000000000000e+00 0.0000000000000000e+00 0.0000000000000000e+00 0.0000000000000000e+00 0.0000000000000000e+00 0.0000000000000000e+00 0.0000000000000000e+00 0.0000000000000000e+00 0.0000000000000000e+00 0.0000000000000000e+00 0.0000000000000000e+00 0.0000000000000000e+00 0.0000000000000000e+00 0.0000000000000000e+00 0.0000000000000000e+00 0.0000000000000000e+00 0.0000000000000000e+00 0.0000000000000000e+00 0.0000000000000000e+00 0.0000000000000000e+00 0.0000000000000000e+00 0.0000000000000000e+00 0.0000000000000000e+00 0.0000000000000000e+00 0.0000000000000000e+00 0.0000000000000000e+00 0.0000000000000000e+00 0.0000000000000000e+00 0.0000000000000000e+00 0.0000000000000000e+00 0.0000000000000000e+00 0.0000000000000000e+00 0.0000000000000000e+00 0.0000000000000000e+00 0.0000000000000000e+00 0.0000000000000000e+00 0.0000000000000000e+00 0.0000000000000000e+00 0.0000000000000000e+00 0.0000000000000000e+00 0.0000000000000000e+00 0.0000000000000000e+00 0.0000000000000000e+00 0.0000000000000000e+00 0.0000000000000000e+00 0.0000000000000000e+00 0.0000000000000000e+00 0.0000000000000000e+00 0.0000000000000000e+00 0.0000000000000000e+00 0.0000000000000000e+00 0.0000000000000000e+00 0.0000000000000000e+00 0.0000000000000000e+00 0.0000000000000000e+00 0.0000000000000000e+00 0.0000000000000000e+00 0.0000000000000000e+00 0.0000000000000000e+00 0.0000000000000000e+00 0.0000000000000000e+00 0.0000000000000000e+00 0.0000000000000000e+00 0.0000000000000000e+00 0.0000000000000000e+00 0.0000000000000000e+00 0.0000000000000000e+00 0.0000000000000000e+00 0.0000000000000000e+00 0.0000000000000000e+00 0.0000000000000000e+00 0.0000000000000000e+00 0.0000000000000000e+00 0.0000000000000000e+00 0.0000000000000000e+00 0.0000000000000000e+00 0.0000000000000000e+00 0.0000000000000000e+00 0.0000000000000000e+00 0.0000000000000000e+00 0.0000000000000000e+00 0.0000000000000000e+00 0.0000000000000000e+00 0.0000000000000000e+00 0.0000000000000000e+00 0.0000000000000000e+00 0.0000000000000000e+00 0.0000000000000000e+00 0.0000000000000000e+00 0.0000000000000000e+00 0.0000000000000000e+00 0.0000000000000000e+00 0.0000000000000000e+00 0.0000000000000000e+00 0.0000000000000000e+00 0.0000000000000000e+00 0.0000000000000000e+00 0.0000000000000000e+00 0.0000000000000000e+00 0.0000000000000000e+00 0.0000000000000000e+00 0.0000000000000000e+00 0.0000000000000000e+00 0.0000000000000000e+00 0.0000000000000000e+00 0.0000000000000000e+00 0.0000000000000000e+00 0.0000000000000000e+00 0.0000000000000000e+00 0.0000000000000000e+00 0.0000000000000000e+00 0.0000000000000000e+00 0.0000000000000000e+00 0.0000000000000000e+00 0.0000000000000000e+00 0.0000000000000000e+00 0.0000000000000000e+00 0.0000000000000000e+00 0.0000000000000000e+00 0.0000000000000000e+00 0.0000000000000000e+00 0.0000000000000000e+00 0.0000000000000000e+00 0.0000000000000000e+00 0.0000000000000000e+00 0.0000000000000000e+00 0.0000000000000000e+00
</DataArray>
        <DataArray type="Float64" format="ascii" Name="yield_function">
0.0000000000000000e+00 0.0000000000000000e+00 0.0000000000000000e+00 0.0000000000000000e+00 0.0000000000000000e+00 0.0000000000000000e+00 0.0000000000000000e+00 0.0000000000000000e+00 0.0000000000000000e+00 0.0000000000000000e+00 0.0000000000000000e+00 0.0000000000000000e+00 0.0000000000000000e+00 0.0000000000000000e+00 0.0000000000000000e+00 0.0000000000000000e+00 0.0000000000000000e+00 0.0000000000000000e+00 0.0000000000000000e+00 0.0000000000000000e+00 0.0000000000000000e+00 0.0000000000000000e+00 0.0000000000000000e+00 0.0000000000000000e+00 0.0000000000000000e+00 0.0000000000000000e+00 0.0000000000000000e+00 0.0000000000000000e+00 0.0000000000000000e+00 0.0000000000000000e+00 0.0000000000000000e+00 0.0000000000000000e+00 0.0000000000000000e+00 0.0000000000000000e+00 0.0000000000000000e+00 0.0000000000000000e+00 0.0000000000000000e+00 0.0000000000000000e+00 0.0000000000000000e+00 0.0000000000000000e+00 0.0000000000000000e+00 0.0000000000000000e+00 0.0000000000000000e+00 0.0000000000000000e+00 0.0000000000000000e+00 0.0000000000000000e+00 0.0000000000000000e+00 0.0000000000000000e+00 0.0000000000000000e+00 0.0000000000000000e+00 0.0000000000000000e+00 0.0000000000000000e+00 0.0000000000000000e+00 0.0000000000000000e+00 0.0000000000000000e+00 0.0000000000000000e+00 0.0000000000000000e+00 0.0000000000000000e+00 0.0000000000000000e+00 0.0000000000000000e+00 0.0000000000000000e+00 0.0000000000000000e+00 0.0000000000000000e+00 0.0000000000000000e+00 0.0000000000000000e+00 0.0000000000000000e+00 0.0000000000000000e+00 0.0000000000000000e+00 0.0000000000000000e+00 0.0000000000000000e+00 0.0000000000000000e+00 0.0000000000000000e+00 0.0000000000000000e+00 0.0000000000000000e+00 0.0000000000000000e+00 0.0000000000000000e+00 0.0000000000000000e+00 0.0000000000000000e+00 0.0000000000000000e+00 0.0000000000000000e+00 0.0000000000000000e+00 0.0000000000000000e+00 0.0000000000000000e+00 0.0000000000000000e+00 0.0000000000000000e+00 0.0000000000000000e+00 0.0000000000000000e+00 0.0000000000000000e+00 0.0000000000000000e+00 0.0000000000000000e+00 0.0000000000000000e+00 0.0000000000000000e+00 0.0000000000000000e+00 0.0000000000000000e+00 0.0000000000000000e+00 0.0000000000000000e+00 0.0000000000000000e+00 0.0000000000000000e+00 0.0000000000000000e+00 0.0000000000000000e+00 0.0000000000000000e+00 0.0000000000000000e+00 0.0000000000000000e+00 0.0000000000000000e+00 0.0000000000000000e+00 0.0000000000000000e+00 0.0000000000000000e+00 0.0000000000000000e+00 0.0000000000000000e+00 0.0000000000000000e+00 0.0000000000000000e+00 0.0000000000000000e+00 0.0000000000000000e+00 0.0000000000000000e+00 0.0000000000000000e+00 0.0000000000000000e+00 0.0000000000000000e+00 0.0000000000000000e+00 0.0000000000000000e+00 0.0000000000000000e+00 0.0000000000000000e+00 0.0000000000000000e+00 0.0000000000000000e+00 0.0000000000000000e+00 0.0000000000000000e+00 0.0000000000000000e+00 0.0000000000000000e+00 0.0000000000000000e+00 0.0000000000000000e+00 0.0000000000000000e+00 0.0000000000000000e+00 0.0000000000000000e+00 0.0000000000000000e+00 0.0000000000000000e+00 0.0000000000000000e+00 0.0000000000000000e+00 0.0000000000000000e+00 0.0000000000000000e+00 0.0000000000000000e+00 0.0000000000000000e+00 0.0000000000000000e+00 0.0000000000000000e+00 0.0000000000000000e+00 0.0000000000000000e+00 0.0000000000000000e+00 0.0000000000000000e+00 0.0000000000000000e+00 0.0000000000000000e+00 0.0000000000000000e+00 0.0000000000000000e+00 0.0000000000000000e+00 0.0000000000000000e+00 0.0000000000000000e+00 0.0000000000000000e+00 0.0000000000000000e+00 0.0000000000000000e+00 0.0000000000000000e+00 0.0000000000000000e+00 0.0000000000000000e+00 0.0000000000000000e+00 0.0000000000000000e+00 0.0000000000000000e+00 0.0000000000000000e+00 0.0000000000000000e+00 0.0000000000000000e+00 0.0000000000000000e+00 0.0000000000000000e+00 0.0000000000000000e+00 0.0000000000000000e+00 0.0000000000000000e+00 0.0000000000000000e+00 0.0000000000000000e+00 0.0000000000000000e+00 0.0000000000000000e+00 0.0000000000000000e+00 0.0000000000000000e+00 0.0000000000000000e+00 0.0000000000000000e+00 0.0000000000000000e+00 0.0000000000000000e+00 0.0000000000000000e+00 0.0000000000000000e+00 0.0000000000000000e+00 0.0000000000000000e+00 0.0000000000000000e+00 0.0000000000000000e+00 0.0000000000000000e+00 0.0000000000000000e+00 0.0000000000000000e+00 0.0000000000000000e+00 0.0000000000000000e+00 0.0000000000000000e+00 0.0000000000000000e+00 0.0000000000000000e+00 0.0000000000000000e+00 0.0000000000000000e+00 0.0000000000000000e+00 0.0000000000000000e+00 0.0000000000000000e+00 0.0000000000000000e+00 0.0000000000000000e+00 0.0000000000000000e+00 0.0000000000000000e+00 0.0000000000000000e+00 0.0000000000000000e+00 0.0000000000000000e+00 0.0000000000000000e+00 0.0000000000000000e+00 0.0000000000000000e+00 0.0000000000000000e+00 0.0000000000000000e+00 0.0000000000000000e+00 0.0000000000000000e+00 0.0000000000000000e+00 0.0000000000000000e+00 0.0000000000000000e+00 0.0000000000000000e+00 0.0000000000000000e+00 0.0000000000000000e+00 0.0000000000000000e+00 0.0000000000000000e+00 0.0000000000000000e+00 0.0000000000000000e+00 0.0000000000000000e+00 0.0000000000000000e+00 0.0000000000000000e+00 0.0000000000000000e+00 0.0000000000000000e+00 0.0000000000000000e+00 0.0000000000000000e+00 0.0000000000000000e+00 0.0000000000000000e+00 0.0000000000000000e+00 0.0000000000000000e+00 0.0000000000000000e+00 0.0000000000000000e+00 0.0000000000000000e+00 0.0000000000000000e+00 0.0000000000000000e+00 0.0000000000000000e+00 0.0000000000000000e+00 0.0000000000000000e+00 0.0000000000000000e+00 0.0000000000000000e+00 0.0000000000000000e+00 0.0000000000000000e+00 0.0000000000000000e+00 0.0000000000000000e+00 0.0000000000000000e+00 0.0000000000000000e+00 0.0000000000000000e+00 0.0000000000000000e+00 0.0000000000000000e+00 0.0000000000000000e+00 0.0000000000000000e+00 0.0000000000000000e+00 0.0000000000000000e+00 0.0000000000000000e+00 0.0000000000000000e+00 0.0000000000000000e+00 0.0000000000000000e+00 0.0000000000000000e+00 0.0000000000000000e+00 0.0000000000000000e+00 0.0000000000000000e+00 0.0000000000000000e+00 0.0000000000000000e+00 0.0000000000000000e+00 0.0000000000000000e+00 0.0000000000000000e+00 0.0000000000000000e+00 0.0000000000000000e+00 0.0000000000000000e+00 0.0000000000000000e+00 0.0000000000000000e+00 0.0000000000000000e+00 0.0000000000000000e+00 0.0000000000000000e+00 0.0000000000000000e+00 0.0000000000000000e+00 0.0000000000000000e+00 0.0000000000000000e+00 0.0000000000000000e+00 0.0000000000000000e+00 0.0000000000000000e+00 0.0000000000000000e+00 0.0000000000000000e+00 0.0000000000000000e+00 0.0000000000000000e+00 0.0000000000000000e+00 0.0000000000000000e+00 0.0000000000000000e+00 0.0000000000000000e+00 0.0000000000000000e+00 0.0000000000000000e+00 0.0000000000000000e+00 0.0000000000000000e+00 0.0000000000000000e+00 0.0000000000000000e+00 0.0000000000000000e+00 0.0000000000000000e+00 0.0000000000000000e+00 0.0000000000000000e+00 0.0000000000000000e+00 0.0000000000000000e+00 0.0000000000000000e+00 0.0000000000000000e+00 0.0000000000000000e+00 0.0000000000000000e+00 0.0000000000000000e+00 0.0000000000000000e+00 0.0000000000000000e+00 0.0000000000000000e+00 0.0000000000000000e+00 0.0000000000000000e+00 0.0000000000000000e+00 0.0000000000000000e+00 0.0000000000000000e+00 0.0000000000000000e+00 0.0000000000000000e+00 0.0000000000000000e+00 0.0000000000000000e+00 0.0000000000000000e+00 0.0000000000000000e+00
</DataArray>
        <DataArray type="Float64" format="ascii" Name="plastic_multiplier">
0.0000000000000000e+00 0.0000000000000000e+00 0.0000000000000000e+00 0.0000000000000000e+00 0.0000000000000000e+00 0.0000000000000000e+00 0.0000000000000000e+00 0.0000000000000000e+00 0.0000000000000000e+00 0.0000000000000000e+00 0.0000000000000000e+00 0.0000000000000000e+00 0.0000000000000000e+00 0.0000000000000000e+00 0.0000000000000000e+00 0.0000000000000000e+00 0.0000000000000000e+00 0.0000000000000000e+00 0.0000000000000000e+00 0.0000000000000000e+00 0.0000000000000000e+00 0.0000000000000000e+00 0.0000000000000000e+00 0.0000000000000000e+00 0.0000000000000000e+00 0.0000000000000000e+00 0.0000000000000000e+00 0.0000000000000000e+00 0.0000000000000000e+00 0.0000000000000000e+00 0.0000000000000000e+00 0.0000000000000000e+00 0.0000000000000000e+00 0.0000000000000000e+00 0.0000000000000000e+00 0.0000000000000000e+00 0.0000000000000000e+00 0.0000000000000000e+00 0.0000000000000000e+00 0.0000000000000000e+00 0.0000000000000000e+00 0.0000000000000000e+00 0.0000000000000000e+00 0.0000000000000000e+00 0.0000000000000000e+00 0.0000000000000000e+00 0.0000000000000000e+00 0.0000000000000000e+00 0.0000000000000000e+00 0.0000000000000000e+00 0.0000000000000000e+00 0.0000000000000000e+00 0.0000000000000000e+00 0.0000000000000000e+00 0.0000000000000000e+00 0.0000000000000000e+00 0.0000000000000000e+00 0.0000000000000000e+00 0.0000000000000000e+00 0.0000000000000000e+00 0.0000000000000000e+00 0.0000000000000000e+00 0.0000000000000000e+00 0.0000000000000000e+00 0.0000000000000000e+00 0.0000000000000000e+00 0.0000000000000000e+00 0.0000000000000000e+00 0.0000000000000000e+00 0.0000000000000000e+00 0.0000000000000000e+00 0.0000000000000000e+00 0.0000000000000000e+00 0.0000000000000000e+00 0.0000000000000000e+00 0.0000000000000000e+00 0.0000000000000000e+00 0.0000000000000000e+00 0.0000000000000000e+00 0.0000000000000000e+00 0.0000000000000000e+00 0.0000000000000000e+00 0.0000000000000000e+00 0.0000000000000000e+00 0.0000000000000000e+00 0.0000000000000000e+00 0.0000000000000000e+00 0.0000000000000000e+00 0.0000000000000000e+00 0.0000000000000000e+00 0.0000000000000000e+00 0.0000000000000000e+00 0.0000000000000000e+00 0.0000000000000000e+00 0.0000000000000000e+00 0.0000000000000000e+00 0.0000000000000000e+00 0.0000000000000000e+00 0.0000000000000000e+00 0.0000000000000000e+00 0.0000000000000000e+00 0.0000000000000000e+00 0.0000000000000000e+00 0.0000000000000000e+00 0.0000000000000000e+00 0.0000000000000000e+00 0.0000000000000000e+00 0.0000000000000000e+00 0.0000000000000000e+00 0.0000000000000000e+00 0.0000000000000000e+00 0.0000000000000000e+00 0.0000000000000000e+00 0.0000000000000000e+00 0.0000000000000000e+00 0.0000000000000000e+00 0.0000000000000000e+00 0.0000000000000000e+00 0.0000000000000000e+00 0.0000000000000000e+00 0.0000000000000000e+00 0.0000000000000000e+00 0.0000000000000000e+00 0.0000000000000000e+00 0.0000000000000000e+00 0.0000000000000000e+00 0.0000000000000000e+00 0.0000000000000000e+00 0.0000000000000000e+00 0.0000000000000000e+00 0.0000000000000000e+00 0.0000000000000000e+00 0.0000000000000000e+00 0.0000000000000000e+00 0.0000000000000000e+00 0.0000000000000000e+00 0.0000000000000000e+00 0.0000000000000000e+00 0.0000000000000000e+00 0.0000000000000000e+00 0.0000000000000000e+00 0.0000000000000000e+00 0.0000000000000000e+00 0.0000000000000000e+00 0.0000000000000000e+00 0.0000000000000000e+00 0.0000000000000000e+00 0.0000000000000000e+00 0.0000000000000000e+00 0.0000000000000000e+00 0.0000000000000000e+00 0.0000000000000000e+00 0.0000000000000000e+00 0.0000000000000000e+00 0.0000000000000000e+00 0.0000000000000000e+00 0.0000000000000000e+00 0.0000000000000000e+00 0.0000000000000000e+00 0.0000000000000000e+00 0.0000000000000000e+00 0.0000000000000000e+00 0.0000000000000000e+00 0.0000000000000000e+00 0.0000000000000000e+00 0.0000000000000000e+00 0.0000000000000000e+00 0.0000000000000000e+00 0.0000000000000000e+00 0.0000000000000000e+00 0.0000000000000000e+00 0.0000000000000000e+00 0.0000000000000000e+00 0.0000000000000000e+00 0.0000000000000000e+00 0.0000000000000000e+00 0.0000000000000000e+00 0.0000000000000000e+00 0.0000000000000000e+00 0.0000000000000000e+00 0.0000000000000000e+00 0.0000000000000000e+00 0.0000000000000000e+00 0.0000000000000000e+00 0.0000000000000000e+00 0.0000000000000000e+00 0.0000000000000000e+00 0.0000000000000000e+00 0.0000000000000000e+00 0.0000000000000000e+00 0.0000000000000000e+00 0.0000000000000000e+00 0.0000000000000000e+00 0.0000000000000000e+00 0.0000000000000000e+00 0.0000000000000000e+00 0.0000000000000000e+00 0.0000000000000000e+00 0.0000000000000000e+00 0.0000000000000000e+00 0.0000000000000000e+00 0.0000000000000000e+00 0.0000000000000000e+00 0.0000000000000000e+00 0.0000000000000000e+00 0.0000000000000000e+00 0.0000000000000000e+00 0.0000000000000000e+00 0.0000000000000000e+00 0.0000000000000000e+00 0.0000000000000000e+00 0.0000000000000000e+00 0.0000000000000000e+00 0.0000000000000000e+00 0.0000000000000000e+00 0.0000000000000000e+00 0.0000000000000000e+00 0.0000000000000000e+00 0.0000000000000000e+00 0.0000000000000000e+00 0.0000000000000000e+00 0.0000000000000000e+00 0.0000000000000000e+00 0.0000000000000000e+00 0.0000000000000000e+00 0.0000000000000000e+00 0.0000000000000000e+00 0.0000000000000000e+00 0.0000000000000000e+00 0.0000000000000000e+00 0.0000000000000000e+00 0.0000000000000000e+00 0.0000000000000000e+00 0.0000000000000000e+00 0.0000000000000000e+00 0.0000000000000000e+00 0.0000000000000000e+00 0.0000000000000000e+00 0.0000000000000000e+00 0.0000000000000000e+00 0.0000000000000000e+00 0.0000000000000000e+00 0.0000000000000000e+00 0.0000000000000000e+00 0.0000000000000000e+00 0.0000000000000000e+00 0.0000000000000000e+00 0.0000000000000000e+00 0.0000000000000000e+00 0.0000000000000000e+00 0.0000000000000000e+00 0.0000000000000000e+00 0.0000000000000000e+00 0.0000000000000000e+00 0.0000000000000000e+00 0.0000000000000000e+00 0.0000000000000000e+00 0.0000000000000000e+00 0.0000000000000000e+00 0.0000000000000000e+00 0.0000000000000000e+00 0.0000000000000000e+00 0.0000000000000000e+00 0.0000000000000000e+00 0.0000000000000000e+00 0.0000000000000000e+00 0.0000000000000000e+00 0.0000000000000000e+00 0.0000000000000000e+00 0.0000000000000000e+00 0.0000000000000000e+00 0.0000000000000000e+00 0.0000000000000000e+00 0.0000000000000000e+00 0.0000000000000000e+00 0.0000000000000000e+00 0.0000000000000000e+00 0.0000000000000000e+00 0.0000000000000000e+00 0.0000000000000000e+00 0.0000000000000000e+00 0.0000000000000000e+00 0.0000000000000000e+00 0.0000000000000000e+00 0.0000000000000000e+00 0.0000000000000000e+00 0.0000000000000000e+00 0.0000000000000000e+00 0.0000000000000000e+00 0.0000000000000000e+00 0.0000000000000000e+00 0.0000000000000000e+00 0.0000000000000000e+00 0.0000000000000000e+00 0.0000000000000000e+00 0.0000000000000000e+00 0.0000000000000000e+00 0.0000000000000000e+00 0.0000000000000000e+00 0.0000000000000000e+00 0.0000000000000000e+00 0.0000000000000000e+00 0.0000000000000000e+00 0.0000000000000000e+00 0.0000000000000000e+00 0.0000000000000000e+00 0.0000000000000000e+00 0.0000000000000000e+00 0.0000000000000000e+00 0.0000000000000000e+00 0.0000000000000000e+00 0.0000000000000000e+00 0.0000000000000000e+00 0.0000000000000000e+00 0.0000000000000000e+00 0.0000000000000000e+00 0.0000000000000000e+00 0.0000000000000000e+00 0.0000000000000000e+00 0.0000000000000000e+00 0.0000000000000000e+00 0.0000000000000000e+00 0.0000000000000000e+00 0.0000000000000000e+00
</DataArray>
      </CellData>
      <Points>
        <DataArray type="Float64" format="ascii" NumberOfComponents="3">
0.0000000000000000e+00 0.0000000000000000e+00 0.0000000000000000e+00 1.0000000000000000e+00 0.0000000000000000e+00 0.0000000000000000e+00 1.0000000000000000e+00 2.0000000000000000e+00 0.0000000000000000e+00 0.0000000000000000e+00 2.0000000000000000e+00 0.0000000000000000e+00 1.0000000000000000e+00 1.0000000000000000e+00 0.0000000000000000e+00 0.0000000000000000e+00 1.0000000000000000e+00 0.0000000000000000e+00 1.1111111111090820e-01 0.0000000000000000e+00 0.0000000000000000e+00 2.2222222222171431e-01 0.0000000000000000e+00 0.0000000000000000e+00 3.3333333333250098e-01 0.0000000000000000e+00 0.0000000000000000e+00 4.4444444444328779e-01 0.0000000000000000e+00 0.0000000000000000e+00 5.5555555555438330e-01 0.0000000000000000e+00 0.0000000000000000e+00 6.6666666666578744e-01 0.0000000000000000e+00 0.0000000000000000e+00 7.7777777777719159e-01 0.0000000000000000e+00 0.0000000000000000e+00 8.8888888888859585e-01 0.0000000000000000e+00 0.0000000000000000e+00 5.5555555555441602e-02 0.0000000000000000e+00 0.0000000000000000e+00 1.6666666666631960e-01 0.0000000000000000e+00 0.0000000000000000e+00 2.7777777777710772e-01 0.0000000000000000e+00 0.0000000000000000e+00 3.8888888888789441e-01 0.0000000000000000e+00 0.0000000000000000e+00 4.9999999999868139e-01 0.0000000000000000e+00 0.0000000000000000e+00 6.1111111111008543e-01 0.0000000000000000e+00 0.0000000000000000e+00 7.2222222222148957e-01 0.0000000000000000e+00 0.0000000000000000e+00 8.3333333333289372e-01 0.0000000000000000e+00 0.0000000000000000e+00 9.4444444444429798e-01 0.0000000000000000e+00 0.0000000000000000e+00 1.0000000000000000e+00 1.1111111111090820e-01 0.0000000000000000e+00 1.0000000000000000e+00 2.2222222222171431e-01 0.0000000000000000e+00 1.0000000000000000e+00 3.3333333333250098e-01 0.0000000000000000e+00 1.0000000000000000e+00 4.4444444444328779e-01 0.0000000000000000e+00 1.0000000000000000e+00 5.5555555555438330e-01 0.0000000000000000e+00 1.0000000000000000e+00 6.6666666666578744e-01 0.0000000000000000e+00 1.0000000000000000e+00 7.7777777777719159e-01 0.0000000000000000e+00 1.0000000000000000e+00 8.8888888888859585e-01 0.0000000000000000e+00 1.0000000000000000e+00 5.5555555555441602e-02 0.0000000000000000e+00 1.0000000000000000e+00 1.6666666666631960e-01 0.0000000000000000e+00 1.0000000000000000e+00 2.7777777777710772e-01 0.0000000000000000e+00 1.0000000000000000e+00 3.8888888888789441e-01 0.0000000000000000e+00 1.0000000000000000e+00 4.9999999999868139e-01 0.0000000000000000e+00 1.0000000000000000e+00 6.1111111111008543e-01 0.0000000000000000e+00 1.0000000000000000e+00 7.2222222222148957e-01 0.0000000000000000e+00 1.0000000000000000e+00 8.3333333333289372e-01 0.0000000000000000e+00 1.0000000000000000e+00 9.4444444444429798e-01 0.0000000000000000e+00 8.8888888888842621e-01 1.0000000000000000e+00 0.0000000000000000e+00 7.7777777777793200e-01 1.0000000000000000e+00 0.0000000000000000e+00 6.6666666666759178e-01 1.0000000000000000e+00 0.0000000000000000e+00 5.5555555555725133e-01 1.0000000000000000e+00 0.0000000000000000e+00 4.4444444444629427e-01 1.0000000000000000e+00 0.0000000000000000e+00 3.3333333333472071e-01 1.0000000000000000e+00 0.0000000000000000e+00 2.2222222222314711e-01 1.0000000000000000e+00 0.0000000000000000e+00 1.1111111111157360e-01 1.0000000000000000e+00 0.0000000000000000e+00 9.4444444444424491e-01 1.0000000000000000e+00 0.0000000000000000e+00 8.3333333333318171e-01 1.0000000000000000e+00 0.0000000000000000e+00 7.2222222222279631e-01 1.0000000000000000e+00 0.0000000000000000e+00 6.1111111111232574e-01 1.0000000000000000e+00 0.0000000000000000e+00 5.0000000000198208e-01 1.0000000000000000e+00 0.0000000000000000e+00 3.8888888889050749e-01 1.0000000000000000e+00 0.0000000000000000e+00 2.7777777777893392e-01 1.0000000000000000e+00 0.0000000000000000e+00 1.6666666666736041e-01 1.0000000000000000e+00 0.0000000000000000e+00 5.5555555555786729e-02 1.0000000000000000e+00 0.0000000000000000e+00 0.0000000000000000e+00 8.8888888888842621e-01 0.0000000000000000e+00 0.0000000000000000e+00 7.7777777777793200e-01 0.0000000000000000e+00 0.0000000000000000e+00 6.6666666666759178e-01 0.0000000000000000e+00 0.0000000000000000e+00 5.5555555555725133e-01 0.0000000000000000e+00 0.0000000000000000e+00 4.4444444444629427e-01 0.0000000000000000e+00 0.0000000000000000e+00 3.3333333333472071e-01 0.0000000000000000e+00 0.0000000000000000e+00 2.2222222222314711e-01 0.0000000000000000e+00 0.0000000000000000e+00 1.1111111111157360e-01 0.0000000000000000e+00 0.0000000000000000e+00 9.4444444444424491e-01 0.0000000000000000e+00 0.0000000000000000e+00 8.3333333333318171e-01 0.0000000000000000e+00 0.0000000000000000e+00 7.2222222222279631e-01 0.0000000000000000e+00 0.0000000000000000e+00 6.1111111111232574e-01 0.0000000000000000e+00 0.0000000000000000e+00 5.0000000000198208e-01 0.0000000000000000e+00 0.0000000000000000e+00 3.8888888889050749e-01 0.0000000000000000e+00 0.0000000000000000e+00 2.7777777777893392e-01 0.0000000000000000e+00 0.0000000000000000e+00 1.6666666666736041e-01 0.0000000000000000e+00 0.0000000000000000e+00 5.5555555555786729e-02 0.0000000000000000e+00 0.0000000000000000e+00 1.1111111111111109e+00 0.0000000000000000e+00 0.0000000000000000e+00 1.2222222222222221e+00 0.0000000000000000e+00 0.0000000000000000e+00 1.3333333333333330e+00 0.0000000000000000e+00 0.0000000000000000e+00 1.4444444444444440e+00 0.0000000000000000e+00 0.0000000000000000e+00 1.5555555555555560e+00 0.0000000000000000e+00 0.0000000000000000e+00 1.6666666666666670e+00 0.0000000000000000e+00 0.0000000000000000e+00 1.7777777777777779e+00 0.0000000000000000e+00 0.0000000000000000e+00 1.8888888888888891e+00 0.0000000000000000e+00 0.0000000000000000e+00 1.0555555555555229e+00 0.0000000000000000e+00 0.0000000000000000e+00 1.1666666666666441e+00 0.0000000000000000e+00 0.0000000000000000e+00 1.2777777777778541e+00 0.0000000000000000e+00 0.0000000000000000e+00 1.3888888888889610e+00 0.0000000000000000e+00 0.0000000000000000e+00 1.4999999999998170e+00 0.0000000000000000e+00 0.0000000000000000e+00 1.6111111111110770e+00 0.0000000000000000e+00 0.0000000000000000e+00 1.7222222222222030e+00 0.0000000000000000e+00 0.0000000000000000e+00 1.8333333333332540e+00 0.0000000000000000e+00 0.0000000000000000e+00 1.9444444444443749e+00 0.0000000000000000e+00 1.1111111111090820e-01 2.0000000000000000e+00 0.0000000000000000e+00 2.2222222222171431e-01 2.0000000000000000e+00 0.0000000000000000e+00 3.3333333333250098e-01 2.0000000000000000e+00 0.0000000000000000e+00 4.4444444444328779e-01 2.0000000000000000e+00 0.0000000000000000e+00 5.5555555555438330e-01 2.0000000000000000e+00 0.0000000000000000e+00 6.6666666666578744e-01 2.0000000000000000e+00 0.0000000000000000e+00 7.7777777777719159e-01 2.0000000000000000e+00 0.0000000000000000e+00 8.8888888888859585e-01 2.0000000000000000e+00 0.0000000000000000e+00 5.5555555555441602e-02 2.0000000000000000e+00 0.0000000000000000e+00 1.6666666666631960e-01 2.0000000000000000e+00 0.0000000000000000e+00 2.7777777777710772e-01 2.0000000000000000e+00 0.0000000000000000e+00 3.8888888888789441e-01 2.0000000000000000e+00 0.0000000000000000e+00 4.9999999999868139e-01 2.0000000000000000e+00 0.0000000000000000e+00 6.1111111111008543e-01 2.0000000000000000e+00 0.0000000000000000e+00 7.2222222222148957e-01 2.0000000000000000e+00 0.0000000000000000e+00 8.3333333333289372e-01 2.0000000000000000e+00 0.0000000000000000e+00 9.4444444444429798e-01 2.0000000000000000e+00 0.0000000000000000e+00 1.0000000000000000e+00 1.8888888888888891e+00 0.0000000000000000e+00 1.0000000000000000e+00 1.7777777777777779e+00 0.0000000000000000e+00 1.0000000000000000e+00 1.6666666666666670e+00 0.0000000000000000e+00 1.0000000000000000e+00 1.5555555555555560e+00 0.0000000000000000e+00 1.0000000000000000e+00 1.4444444444444440e+00 0.0000000000000000e+00 1.0000000000000000e+00 1.3333333333333330e+00 0.0000000000000000e+00 1.0000000000000000e+00 1.2222222222222221e+00 0.0000000000000000e+00 1.0000000000000000e+00 1.1111111111111109e+00 0.0000000000000000e+00 1.0000000000000000e+00 1.9444444444444771e+00 0.0000000000000000e+00 1.0000000000000000e+00 1.8333333333333559e+00 0.0000000000000000e+00 1.0000000000000000e+00 1.7222222222221459e+00 0.0000000000000000e+00 1.0000000000000000e+00 1.6111111111110390e+00 0.0000000000000000e+00 1.0000000000000000e+00 1.5000000000001830e+00 0.0000000000000000e+00 1.0000000000000000e+00 1.3888888888889230e+00 0.0000000000000000e+00 1.0000000000000000e+00 1.2777777777777970e+00 0.0000000000000000e+00 1.0000000000000000e+00 1.1666666666667460e+00 0.0000000000000000e+00 1.0000000000000000e+00 1.0555555555556251e+00 0.0000000000000000e+00 1.1111111111149960e-01 8.8888888888844508e-01 0.0000000000000000e+00 2.2222222222298790e-01 8.8888888888846396e-01 0.0000000000000000e+00 3.3333333333447412e-01 8.8888888888848250e-01 0.0000000000000000e+00 4.4444444444596021e-01 8.8888888888850170e-01 0.0000000000000000e+00 5.5555555555693259e-01 8.8888888888852058e-01 0.0000000000000000e+00 6.6666666666739127e-01 8.8888888888853923e-01 0.0000000000000000e+00 7.7777777777784962e-01 8.8888888888855844e-01 0.0000000000000000e+00 8.8888888888844497e-01 8.8888888888857698e-01 0.0000000000000000e+00 1.1111111111142570e-01 7.7777777777784973e-01 0.0000000000000000e+00 2.2222222222282870e-01 7.7777777777776747e-01 0.0000000000000000e+00 3.3333333333422738e-01 7.7777777777768509e-01 0.0000000000000000e+00 4.4444444444562609e-01 7.7777777777760293e-01 0.0000000000000000e+00 5.5555555555661418e-01 7.7777777777752055e-01 0.0000000000000000e+00 6.6666666666719099e-01 7.7777777777743839e-01 0.0000000000000000e+00 7.7777777777776747e-01 7.7777777777735624e-01 0.0000000000000000e+00 8.8888888888846407e-01 7.7777777777727386e-01 0.0000000000000000e+00 1.1111111111135180e-01 6.6666666666739127e-01 0.0000000000000000e+00 2.2222222222266949e-01 6.6666666666719077e-01 0.0000000000000000e+00 3.3333333333398091e-01 6.6666666666699048e-01 0.0000000000000000e+00 4.4444444444529219e-01 6.6666666666678998e-01 0.0000000000000000e+00 5.5555555555629532e-01 6.6666666666658925e-01 0.0000000000000000e+00 6.6666666666699026e-01 6.6666666666638896e-01 0.0000000000000000e+00 7.7777777777768531e-01 6.6666666666618823e-01 0.0000000000000000e+00 8.8888888888848272e-01 6.6666666666598795e-01 0.0000000000000000e+00 1.1111111111127790e-01 5.5555555555693270e-01 0.0000000000000000e+00 2.2222222222251031e-01 5.5555555555661407e-01 0.0000000000000000e+00 3.3333333333373422e-01 5.5555555555629543e-01 0.0000000000000000e+00 4.4444444444495812e-01 5.5555555555597658e-01 0.0000000000000000e+00 5.5555555555597658e-01 5.5555555555565794e-01 0.0000000000000000e+00 6.6666666666678998e-01 5.5555555555533931e-01 0.0000000000000000e+00 7.7777777777760293e-01 5.5555555555502067e-01 0.0000000000000000e+00 8.8888888888850159e-01 5.5555555555470204e-01 0.0000000000000000e+00 1.1111111111120391e-01 4.4444444444596032e-01 0.0000000000000000e+00 2.2222222222235111e-01 4.4444444444562609e-01 0.0000000000000000e+00 3.3333333333348752e-01 4.4444444444529219e-01 0.0000000000000000e+00 4.4444444444462411e-01 4.4444444444495801e-01 0.0000000000000000e+00 5.5555555555565805e-01 4.4444444444462411e-01 0.0000000000000000e+00 6.6666666666658925e-01 4.4444444444428999e-01 0.0000000000000000e+00 7.7777777777752055e-01 4.4444444444395592e-01 0.0000000000000000e+00 8.8888888888852047e-01 4.4444444444362202e-01 0.0000000000000000e+00 1.1111111111113001e-01 3.3333333333447401e-01 0.0000000000000000e+00 2.2222222222219190e-01 3.3333333333422738e-01 0.0000000000000000e+00 3.3333333333324089e-01 3.3333333333398091e-01 0.0000000000000000e+00 4.4444444444428999e-01 3.3333333333373422e-01 0.0000000000000000e+00 5.5555555555533920e-01 3.3333333333348758e-01 0.0000000000000000e+00 6.6666666666638896e-01 3.3333333333324089e-01 0.0000000000000000e+00 7.7777777777743839e-01 3.3333333333299420e-01 0.0000000000000000e+00 8.8888888888853934e-01 3.3333333333274773e-01 0.0000000000000000e+00 1.1111111111105609e-01 2.2222222222298799e-01 0.0000000000000000e+00 2.2222222222203269e-01 2.2222222222282870e-01 0.0000000000000000e+00 3.3333333333299442e-01 2.2222222222266949e-01 0.0000000000000000e+00 4.4444444444395592e-01 2.2222222222251031e-01 0.0000000000000000e+00 5.5555555555502079e-01 2.2222222222235111e-01 0.0000000000000000e+00 6.6666666666618846e-01 2.2222222222219190e-01 0.0000000000000000e+00 7.7777777777735602e-01 2.2222222222203269e-01 0.0000000000000000e+00 8.8888888888855822e-01 2.2222222222187349e-01 0.0000000000000000e+00 1.1111111111098219e-01 1.1111111111149960e-01 0.0000000000000000e+00 2.2222222222187349e-01 1.1111111111142570e-01 0.0000000000000000e+00 3.3333333333274773e-01 1.1111111111135180e-01 0.0000000000000000e+00 4.4444444444362191e-01 1.1111111111127790e-01 0.0000000000000000e+00 5.5555555555470193e-01 1.1111111111120391e-01 0.0000000000000000e+00 6.6666666666598795e-01 1.1111111111113001e-01 0.0000000000000000e+00 7.7777777777727386e-01 1.1111111111105609e-01 0.0000000000000000e+00 8.8888888888857709e-01 1.1111111111098219e-01 0.0000000000000000e+00 5.5555555555786777e-02 9.4444444444421305e-01 0.0000000000000000e+00 5.5555555555749807e-02 8.8888888888843565e-01 0.0000000000000000e+00 1.1111111111153660e-01 9.4444444444422260e-01 0.0000000000000000e+00 1.6666666666732341e-01 9.4444444444422260e-01 0.0000000000000000e+00 1.6666666666724381e-01 8.8888888888845452e-01 0.0000000000000000e+00 2.2222222222306751e-01 9.4444444444423192e-01 0.0000000000000000e+00 2.7777777777885432e-01 9.4444444444423192e-01 0.0000000000000000e+00 2.7777777777873103e-01 8.8888888888847317e-01 0.0000000000000000e+00 3.3333333333459741e-01 9.4444444444424125e-01 0.0000000000000000e+00 3.8888888889038420e-01 9.4444444444424125e-01 0.0000000000000000e+00 3.8888888889021722e-01 8.8888888888849205e-01 0.0000000000000000e+00 4.4444444444612718e-01 9.4444444444425080e-01 0.0000000000000000e+00 5.0000000000160583e-01 9.4444444444425080e-01 0.0000000000000000e+00 5.0000000000144640e-01 8.8888888888851114e-01 0.0000000000000000e+00 5.5555555555709191e-01 9.4444444444426034e-01 0.0000000000000000e+00 6.1111111111226224e-01 9.4444444444426034e-01 0.0000000000000000e+00 6.1111111111216188e-01 8.8888888888852990e-01 0.0000000000000000e+00 6.6666666666749153e-01 9.4444444444426967e-01 0.0000000000000000e+00 7.2222222222266164e-01 9.4444444444426967e-01 0.0000000000000000e+00 7.2222222222262045e-01 8.8888888888854889e-01 0.0000000000000000e+00 7.7777777777789081e-01 9.4444444444427922e-01 0.0000000000000000e+00 8.3333333333313786e-01 9.4444444444427922e-01 0.0000000000000000e+00 8.3333333333314730e-01 8.8888888888856776e-01 0.0000000000000000e+00 8.8888888888843565e-01 9.4444444444428854e-01 0.0000000000000000e+00 9.4444444444422249e-01 9.4444444444428854e-01 0.0000000000000000e+00 9.4444444444422249e-01 8.8888888888858641e-01 0.0000000000000000e+00 5.5555555555749807e-02 8.3333333333318849e-01 0.0000000000000000e+00 5.5555555555712857e-02 7.7777777777789092e-01 0.0000000000000000e+00 1.1111111111146270e-01 8.3333333333314741e-01 0.0000000000000000e+00 1.6666666666720681e-01 8.3333333333315684e-01 0.0000000000000000e+00 1.6666666666712721e-01 7.7777777777780854e-01 0.0000000000000000e+00 2.2222222222290830e-01 8.3333333333311566e-01 0.0000000000000000e+00 2.7777777777865142e-01 8.3333333333312498e-01 0.0000000000000000e+00 2.7777777777852808e-01 7.7777777777772628e-01 0.0000000000000000e+00 3.3333333333435078e-01 8.3333333333308379e-01 0.0000000000000000e+00 3.8888888889009382e-01 8.3333333333309345e-01 0.0000000000000000e+00 3.8888888888992668e-01 7.7777777777764401e-01 0.0000000000000000e+00 4.4444444444579312e-01 8.3333333333305237e-01 0.0000000000000000e+00 5.0000000000127931e-01 8.3333333333306170e-01 0.0000000000000000e+00 5.0000000000112010e-01 7.7777777777756174e-01 0.0000000000000000e+00 5.5555555555677338e-01 8.3333333333302062e-01 0.0000000000000000e+00 6.1111111111200267e-01 8.3333333333302995e-01 0.0000000000000000e+00 6.1111111111190253e-01 7.7777777777747947e-01 0.0000000000000000e+00 6.6666666666729113e-01 8.3333333333298887e-01 0.0000000000000000e+00 7.2222222222252030e-01 8.3333333333299842e-01 0.0000000000000000e+00 7.2222222222247923e-01 7.7777777777739732e-01 0.0000000000000000e+00 7.7777777777780854e-01 8.3333333333295734e-01 0.0000000000000000e+00 8.3333333333310622e-01 8.3333333333296666e-01 0.0000000000000000e+00 8.3333333333311577e-01 7.7777777777731505e-01 0.0000000000000000e+00 8.8888888888845452e-01 8.3333333333292536e-01 0.0000000000000000e+00 9.4444444444423203e-01 8.3333333333293491e-01 0.0000000000000000e+00 9.4444444444423203e-01 7.7777777777723278e-01 0.0000000000000000e+00 5.5555555555712857e-02 7.2222222222272081e-01 0.0000000000000000e+00 5.5555555555675901e-02 6.6666666666749153e-01 0.0000000000000000e+00 1.1111111111138880e-01 7.2222222222262045e-01 0.0000000000000000e+00 1.6666666666709029e-01 7.2222222222257937e-01 0.0000000000000000e+00 1.6666666666701069e-01 6.6666666666729102e-01 0.0000000000000000e+00 2.2222222222274909e-01 7.2222222222247912e-01 0.0000000000000000e+00 2.7777777777844848e-01 7.2222222222243793e-01 0.0000000000000000e+00 2.7777777777832519e-01 6.6666666666709062e-01 0.0000000000000000e+00 3.3333333333410409e-01 7.2222222222233778e-01 0.0000000000000000e+00 3.8888888888980350e-01 7.2222222222229671e-01 0.0000000000000000e+00 3.8888888888963657e-01 6.6666666666689023e-01 0.0000000000000000e+00 4.4444444444545922e-01 7.2222222222219645e-01 0.0000000000000000e+00 5.0000000000095324e-01 7.2222222222215526e-01 0.0000000000000000e+00 5.0000000000079381e-01 6.6666666666668961e-01 0.0000000000000000e+00 5.5555555555645475e-01 7.2222222222205490e-01 0.0000000000000000e+00 6.1111111111174310e-01 7.2222222222201382e-01 0.0000000000000000e+00 6.1111111111164274e-01 6.6666666666648910e-01 0.0000000000000000e+00 6.6666666666709062e-01 7.2222222222191368e-01 0.0000000000000000e+00 7.2222222222237886e-01 7.2222222222187260e-01 0.0000000000000000e+00 7.2222222222233778e-01 6.6666666666628860e-01 0.0000000000000000e+00 7.7777777777772639e-01 7.2222222222177224e-01 0.0000000000000000e+00 8.3333333333307469e-01 7.2222222222173105e-01 0.0000000000000000e+00 8.3333333333308401e-01 6.6666666666608809e-01 0.0000000000000000e+00 8.8888888888847339e-01 7.2222222222163091e-01 0.0000000000000000e+00 9.4444444444424136e-01 7.2222222222158972e-01 0.0000000000000000e+00 9.4444444444424136e-01 6.6666666666588770e-01 0.0000000000000000e+00 5.5555555555675901e-02 6.1111111111232130e-01 0.0000000000000000e+00 5.5555555555638930e-02 5.5555555555709202e-01 0.0000000000000000e+00 1.1111111111131480e-01 6.1111111111216199e-01 0.0000000000000000e+00 1.6666666666697369e-01 6.1111111111206173e-01 0.0000000000000000e+00 1.6666666666689409e-01 5.5555555555677338e-01 0.0000000000000000e+00 2.2222222222258989e-01 6.1111111111190242e-01 0.0000000000000000e+00 2.7777777777824558e-01 6.1111111111180227e-01 0.0000000000000000e+00 2.7777777777812218e-01 5.5555555555645475e-01 0.0000000000000000e+00 3.3333333333385751e-01 6.1111111111164296e-01 0.0000000000000000e+00 3.8888888888951317e-01 6.1111111111154270e-01 0.0000000000000000e+00 3.8888888888934608e-01 5.5555555555613600e-01 0.0000000000000000e+00 4.4444444444512521e-01 6.1111111111138328e-01 0.0000000000000000e+00 5.0000000000062672e-01 6.1111111111128291e-01 0.0000000000000000e+00 5.0000000000046740e-01 5.5555555555581726e-01 0.0000000000000000e+00 5.5555555555613600e-01 6.1111111111112359e-01 0.0000000000000000e+00 6.1111111111148342e-01 6.1111111111102345e-01 0.0000000000000000e+00 6.1111111111138328e-01 5.5555555555549863e-01 0.0000000000000000e+00 6.6666666666689012e-01 6.1111111111086414e-01 0.0000000000000000e+00 7.2222222222223764e-01 6.1111111111076377e-01 0.0000000000000000e+00 7.2222222222219645e-01 5.5555555555517999e-01 0.0000000000000000e+00 7.7777777777764412e-01 6.1111111111060445e-01 0.0000000000000000e+00 8.3333333333304282e-01 6.1111111111050431e-01 0.0000000000000000e+00 8.3333333333305226e-01 5.5555555555486136e-01 0.0000000000000000e+00 8.8888888888849216e-01 6.1111111111034500e-01 0.0000000000000000e+00 9.4444444444425080e-01 6.1111111111024474e-01 0.0000000000000000e+00 9.4444444444425080e-01 5.5555555555454261e-01 0.0000000000000000e+00 5.5555555555638930e-02 5.0000000000161349e-01 0.0000000000000000e+00 5.5555555555601960e-02 4.4444444444612730e-01 0.0000000000000000e+00 1.1111111111124090e-01 5.0000000000144651e-01 0.0000000000000000e+00 1.6666666666685709e-01 5.0000000000128719e-01 0.0000000000000000e+00 1.6666666666677751e-01 4.4444444444579317e-01 0.0000000000000000e+00 2.2222222222243071e-01 5.0000000000112010e-01 0.0000000000000000e+00 2.7777777777804258e-01 5.0000000000096079e-01 0.0000000000000000e+00 2.7777777777791929e-01 4.4444444444545922e-01 0.0000000000000000e+00 3.3333333333361082e-01 5.0000000000079381e-01 0.0000000000000000e+00 3.8888888888922279e-01 5.0000000000063438e-01 0.0000000000000000e+00 3.8888888888905582e-01 4.4444444444512510e-01 0.0000000000000000e+00 4.4444444444479109e-01 5.0000000000046729e-01 0.0000000000000000e+00 5.0000000000030032e-01 5.0000000000030798e-01 0.0000000000000000e+00 5.0000000000014100e-01 4.4444444444479098e-01 0.0000000000000000e+00 5.5555555555581737e-01 5.0000000000014100e-01 0.0000000000000000e+00 6.1111111111122396e-01 4.9999999999998168e-01 0.0000000000000000e+00 6.1111111111112359e-01 4.4444444444445702e-01 0.0000000000000000e+00 6.6666666666668961e-01 4.9999999999981459e-01 0.0000000000000000e+00 7.2222222222209609e-01 4.9999999999965528e-01 0.0000000000000000e+00 7.2222222222205490e-01 4.4444444444412301e-01 0.0000000000000000e+00 7.7777777777756174e-01 4.9999999999948830e-01 0.0000000000000000e+00 8.3333333333301107e-01 4.9999999999932898e-01 0.0000000000000000e+00 8.3333333333302051e-01 4.4444444444378889e-01 0.0000000000000000e+00 8.8888888888851103e-01 4.9999999999916200e-01 0.0000000000000000e+00 9.4444444444426023e-01 4.9999999999900258e-01 0.0000000000000000e+00 9.4444444444426023e-01 4.4444444444345488e-01 0.0000000000000000e+00 5.5555555555601960e-02 3.8888888889034051e-01 0.0000000000000000e+00 5.5555555555565003e-02 3.3333333333459741e-01 0.0000000000000000e+00 1.1111111111116700e-01 3.8888888889021711e-01 0.0000000000000000e+00 1.6666666666674060e-01 3.8888888889005002e-01 0.0000000000000000e+00 1.6666666666666100e-01 3.3333333333435072e-01 0.0000000000000000e+00 2.2222222222227150e-01 3.8888888888992679e-01 0.0000000000000000e+00 2.7777777777783969e-01 3.8888888888975981e-01 0.0000000000000000e+00 2.7777777777771639e-01 3.3333333333410409e-01 0.0000000000000000e+00 3.3333333333336418e-01 3.8888888888963652e-01 0.0000000000000000e+00 3.8888888888893253e-01 3.8888888888946938e-01 0.0000000000000000e+00 3.8888888888876549e-01 3.3333333333385751e-01 0.0000000000000000e+00 4.4444444444445702e-01 3.8888888888934608e-01 0.0000000000000000e+00 4.9999999999997402e-01 3.8888888888917911e-01 0.0000000000000000e+00 4.9999999999981459e-01 3.3333333333361093e-01 0.0000000000000000e+00 5.5555555555549863e-01 3.8888888888905582e-01 0.0000000000000000e+00 6.1111111111096417e-01 3.8888888888888878e-01 0.0000000000000000e+00 6.1111111111086402e-01 3.3333333333336418e-01 0.0000000000000000e+00 6.6666666666648910e-01 3.8888888888876538e-01 0.0000000000000000e+00 7.2222222222195476e-01 3.8888888888859841e-01 0.0000000000000000e+00 7.2222222222191368e-01 3.3333333333311749e-01 0.0000000000000000e+00 7.7777777777747947e-01 3.8888888888847511e-01 0.0000000000000000e+00 8.3333333333297943e-01 3.8888888888830808e-01 0.0000000000000000e+00 8.3333333333298887e-01 3.3333333333287102e-01 0.0000000000000000e+00 8.8888888888852990e-01 3.8888888888818479e-01 0.0000000000000000e+00 9.4444444444426967e-01 3.8888888888801781e-01 0.0000000000000000e+00 9.4444444444426967e-01 3.3333333333262438e-01 0.0000000000000000e+00 5.5555555555565003e-02 2.7777777777881052e-01 0.0000000000000000e+00 5.5555555555528047e-02 2.2222222222306759e-01 0.0000000000000000e+00 1.1111111111109299e-01 2.7777777777873103e-01 0.0000000000000000e+00 1.6666666666662400e-01 2.7777777777860768e-01 0.0000000000000000e+00 1.6666666666654439e-01 2.2222222222290830e-01 0.0000000000000000e+00 2.2222222222211230e-01 2.7777777777852808e-01 0.0000000000000000e+00 2.7777777777763679e-01 2.7777777777840468e-01 0.0000000000000000e+00 2.7777777777751361e-01 2.2222222222274909e-01 0.0000000000000000e+00 3.3333333333311771e-01 2.7777777777832519e-01 0.0000000000000000e+00 3.8888888888864209e-01 2.7777777777820178e-01 0.0000000000000000e+00 3.8888888888847523e-01 2.2222222222258989e-01 0.0000000000000000e+00 4.4444444444412301e-01 2.7777777777812218e-01 0.0000000000000000e+00 4.9999999999964762e-01 2.7777777777799889e-01 0.0000000000000000e+00 4.9999999999948841e-01 2.2222222222243071e-01 0.0000000000000000e+00 5.5555555555517999e-01 2.7777777777791929e-01 0.0000000000000000e+00 6.1111111111070482e-01 2.7777777777779600e-01 0.0000000000000000e+00 6.1111111111060468e-01 2.2222222222227150e-01 0.0000000000000000e+00 6.6666666666628871e-01 2.7777777777771639e-01 0.0000000000000000e+00 7.2222222222181343e-01 2.7777777777759299e-01 0.0000000000000000e+00 7.2222222222177224e-01 2.2222222222211230e-01 0.0000000000000000e+00 7.7777777777739721e-01 2.7777777777751339e-01 0.0000000000000000e+00 8.3333333333294768e-01 2.7777777777739021e-01 0.0000000000000000e+00 8.3333333333295712e-01 2.2222222222195309e-01 0.0000000000000000e+00 8.8888888888854878e-01 2.7777777777731061e-01 0.0000000000000000e+00 9.4444444444427911e-01 2.7777777777718732e-01 0.0000000000000000e+00 9.4444444444427911e-01 2.2222222222179391e-01 0.0000000000000000e+00 5.5555555555528047e-02 1.6666666666728081e-01 0.0000000000000000e+00 5.5555555555491083e-02 1.1111111111153660e-01 0.0000000000000000e+00 1.1111111111101910e-01 1.6666666666724381e-01 0.0000000000000000e+00 1.6666666666650740e-01 1.6666666666716409e-01 0.0000000000000000e+00 1.6666666666642779e-01 1.1111111111146270e-01 0.0000000000000000e+00 2.2222222222195309e-01 1.6666666666712721e-01 0.0000000000000000e+00 2.7777777777743401e-01 1.6666666666704760e-01 0.0000000000000000e+00 2.7777777777731061e-01 1.1111111111138870e-01 0.0000000000000000e+00 3.3333333333287107e-01 1.6666666666701069e-01 0.0000000000000000e+00 3.8888888888835182e-01 1.6666666666693111e-01 0.0000000000000000e+00 3.8888888888818479e-01 1.1111111111131480e-01 0.0000000000000000e+00 4.4444444444378889e-01 1.6666666666689409e-01 0.0000000000000000e+00 4.9999999999932132e-01 1.6666666666681451e-01 0.0000000000000000e+00 4.9999999999916189e-01 1.1111111111124090e-01 0.0000000000000000e+00 5.5555555555486136e-01 1.6666666666677751e-01 0.0000000000000000e+00 6.1111111111044525e-01 1.6666666666669791e-01 0.0000000000000000e+00 6.1111111111034488e-01 1.1111111111116700e-01 0.0000000000000000e+00 6.6666666666608820e-01 1.6666666666666100e-01 0.0000000000000000e+00 7.2222222222167198e-01 1.6666666666658139e-01 0.0000000000000000e+00 7.2222222222163091e-01 1.1111111111109299e-01 0.0000000000000000e+00 7.7777777777731494e-01 1.6666666666654439e-01 0.0000000000000000e+00 8.3333333333291604e-01 1.6666666666646479e-01 0.0000000000000000e+00 8.3333333333292547e-01 1.1111111111101910e-01 0.0000000000000000e+00 8.8888888888856765e-01 1.6666666666642779e-01 0.0000000000000000e+00 9.4444444444428854e-01 1.6666666666634819e-01 0.0000000000000000e+00 9.4444444444428854e-01 1.1111111111094520e-01 0.0000000000000000e+00 5.5555555555491083e-02 5.5555555555749821e-02 0.0000000000000000e+00 1.1111111111094520e-01 5.5555555555749821e-02 0.0000000000000000e+00 1.6666666666639091e-01 5.5555555555712843e-02 0.0000000000000000e+00 2.2222222222179391e-01 5.5555555555712843e-02 0.0000000000000000e+00 2.7777777777723101e-01 5.5555555555675901e-02 0.0000000000000000e+00 3.3333333333262438e-01 5.5555555555675901e-02 0.0000000000000000e+00 3.8888888888806139e-01 5.5555555555638930e-02 0.0000000000000000e+00 4.4444444444345488e-01 5.5555555555638930e-02 0.0000000000000000e+00 4.9999999999899492e-01 5.5555555555601967e-02 0.0000000000000000e+00 5.5555555555454261e-01 5.5555555555601967e-02 0.0000000000000000e+00 6.1111111111018568e-01 5.5555555555565003e-02 0.0000000000000000e+00 6.6666666666588770e-01 5.5555555555565003e-02 0.0000000000000000e+00 7.2222222222153065e-01 5.5555555555528047e-02 0.0000000000000000e+00 7.7777777777723278e-01 5.5555555555528047e-02 0.0000000000000000e+00 8.3333333333288429e-01 5.5555555555491083e-02 0.0000000000000000e+00 8.8888888888858641e-01 5.5555555555491083e-02 0.0000000000000000e+00 9.4444444444429787e-01 5.5555555555454113e-02 0.0000000000000000e+00 1.1111111111149960e-01 1.1111111111111109e+00 0.0000000000000000e+00 2.2222222222298790e-01 1.1111111111111109e+00 0.0000000000000000e+00 3.3333333333447412e-01 1.1111111111111109e+00 0.0000000000000000e+00 4.4444444444596021e-01 1.1111111111111109e+00 0.0000000000000000e+00 5.5555555555693259e-01 1.1111111111111109e+00 0.0000000000000000e+00 6.6666666666739127e-01 1.1111111111111109e+00 0.0000000000000000e+00 7.7777777777784962e-01 1.1111111111111109e+00 0.0000000000000000e+00 8.8888888888844497e-01 1.1111111111111109e+00 0.0000000000000000e+00 1.1111111111142570e-01 1.2222222222222221e+00 0.0000000000000000e+00 2.2222222222282870e-01 1.2222222222222221e+00 0.0000000000000000e+00 3.3333333333422738e-01 1.2222222222222221e+00 0.0000000000000000e+00 4.4444444444562609e-01 1.2222222222222221e+00 0.0000000000000000e+00 5.5555555555661396e-01 1.2222222222222221e+00 0.0000000000000000e+00 6.6666666666719099e-01 1.2222222222222221e+00 0.0000000000000000e+00 7.7777777777776747e-01 1.2222222222222221e+00 0.0000000000000000e+00 8.8888888888846385e-01 1.2222222222222221e+00 0.0000000000000000e+00 1.1111111111135180e-01 1.3333333333333330e+00 0.0000000000000000e+00 2.2222222222266949e-01 1.3333333333333330e+00 0.0000000000000000e+00 3.3333333333398091e-01 1.3333333333333330e+00 0.0000000000000000e+00 4.4444444444529219e-01 1.3333333333333330e+00 0.0000000000000000e+00 5.5555555555629532e-01 1.3333333333333330e+00 0.0000000000000000e+00 6.6666666666699026e-01 1.3333333333333330e+00 0.0000000000000000e+00 7.7777777777768531e-01 1.3333333333333339e+00 0.0000000000000000e+00 8.8888888888848272e-01 1.3333333333333330e+00 0.0000000000000000e+00 1.1111111111127790e-01 1.4444444444444440e+00 0.0000000000000000e+00 2.2222222222251031e-01 1.4444444444444440e+00 0.0000000000000000e+00 3.3333333333373422e-01 1.4444444444444440e+00 0.0000000000000000e+00 4.4444444444495812e-01 1.4444444444444451e+00 0.0000000000000000e+00 5.5555555555597669e-01 1.4444444444444440e+00 0.0000000000000000e+00 6.6666666666678998e-01 1.4444444444444440e+00 0.0000000000000000e+00 7.7777777777760293e-01 1.4444444444444440e+00 0.0000000000000000e+00 8.8888888888850159e-01 1.4444444444444440e+00 0.0000000000000000e+00 1.1111111111120391e-01 1.5555555555555549e+00 0.0000000000000000e+00 2.2222222222235111e-01 1.5555555555555560e+00 0.0000000000000000e+00 3.3333333333348752e-01 1.5555555555555549e+00 0.0000000000000000e+00 4.4444444444462411e-01 1.5555555555555549e+00 0.0000000000000000e+00 5.5555555555565805e-01 1.5555555555555560e+00 0.0000000000000000e+00 6.6666666666658925e-01 1.5555555555555560e+00 0.0000000000000000e+00 7.7777777777752055e-01 1.5555555555555560e+00 0.0000000000000000e+00 8.8888888888852047e-01 1.5555555555555560e+00 0.0000000000000000e+00 1.1111111111113001e-01 1.6666666666666670e+00 0.0000000000000000e+00 2.2222222222219190e-01 1.6666666666666670e+00 0.0000000000000000e+00 3.3333333333324089e-01 1.6666666666666670e+00 0.0000000000000000e+00 4.4444444444428999e-01 1.6666666666666670e+00 0.0000000000000000e+00 5.5555555555533920e-01 1.6666666666666661e+00 0.0000000000000000e+00 6.6666666666638896e-01 1.6666666666666670e+00 0.0000000000000000e+00 7.7777777777743839e-01 1.6666666666666670e+00 0.0000000000000000e+00 8.8888888888853934e-01 1.6666666666666661e+00 0.0000000000000000e+00 1.1111111111105609e-01 1.7777777777777770e+00 0.0000000000000000e+00 2.2222222222203269e-01 1.7777777777777779e+00 0.0000000000000000e+00 3.3333333333299442e-01 1.7777777777777779e+00 0.0000000000000000e+00 4.4444444444395592e-01 1.7777777777777779e+00 0.0000000000000000e+00 5.5555555555502079e-01 1.7777777777777779e+00 0.0000000000000000e+00 6.6666666666618823e-01 1.7777777777777779e+00 0.0000000000000000e+00 7.7777777777735624e-01 1.7777777777777779e+00 0.0000000000000000e+00 8.8888888888855822e-01 1.7777777777777779e+00 0.0000000000000000e+00 1.1111111111098219e-01 1.8888888888888891e+00 0.0000000000000000e+00 2.2222222222187349e-01 1.8888888888888891e+00 0.0000000000000000e+00 3.3333333333274773e-01 1.8888888888888891e+00 0.0000000000000000e+00 4.4444444444362202e-01 1.8888888888888891e+00 0.0000000000000000e+00 5.5555555555470193e-01 1.8888888888888891e+00 0.0000000000000000e+00 6.6666666666598795e-01 1.8888888888888891e+00 0.0000000000000000e+00 7.7777777777727386e-01 1.8888888888888891e+00 0.0000000000000000e+00 8.8888888888857687e-01 1.8888888888888891e+00 0.0000000000000000e+00 5.5555555555786777e-02 1.0555555555555560e+00 0.0000000000000000e+00 5.5555555555749807e-02 1.1111111111111109e+00 0.0000000000000000e+00 1.1111111111153660e-01 1.0555555555555560e+00 0.0000000000000000e+00 1.6666666666732341e-01 1.0555555555555560e+00 0.0000000000000000e+00 1.6666666666724381e-01 1.1111111111111109e+00 0.0000000000000000e+00 2.2222222222306751e-01 1.0555555555555549e+00 0.0000000000000000e+00 2.7777777777885432e-01 1.0555555555555549e+00 0.0000000000000000e+00 2.7777777777873103e-01 1.1111111111111109e+00 0.0000000000000000e+00 3.3333333333459741e-01 1.0555555555555560e+00 0.0000000000000000e+00 3.8888888889038420e-01 1.0555555555555560e+00 0.0000000000000000e+00 3.8888888889021711e-01 1.1111111111111109e+00 0.0000000000000000e+00 4.4444444444612718e-01 1.0555555555555560e+00 0.0000000000000000e+00 5.0000000000160583e-01 1.0555555555555560e+00 0.0000000000000000e+00 5.0000000000144640e-01 1.1111111111111109e+00 0.0000000000000000e+00 5.5555555555709191e-01 1.0555555555555560e+00 0.0000000000000000e+00 6.1111111111226224e-01 1.0555555555555560e+00 0.0000000000000000e+00 6.1111111111216188e-01 1.1111111111111109e+00 0.0000000000000000e+00 6.6666666666749153e-01 1.0555555555555560e+00 0.0000000000000000e+00 7.2222222222266164e-01 1.0555555555555560e+00 0.0000000000000000e+00 7.2222222222262045e-01 1.1111111111111109e+00 0.0000000000000000e+00 7.7777777777789081e-01 1.0555555555555560e+00 0.0000000000000000e+00 8.3333333333313786e-01 1.0555555555555560e+00 0.0000000000000000e+00 8.3333333333314730e-01 1.1111111111111109e+00 0.0000000000000000e+00 8.8888888888843565e-01 1.0555555555555560e+00 0.0000000000000000e+00 9.4444444444422249e-01 1.0555555555555560e+00 0.0000000000000000e+00 9.4444444444422249e-01 1.1111111111111109e+00 0.0000000000000000e+00 5.5555555555749807e-02 1.1666666666666670e+00 0.0000000000000000e+00 5.5555555555712857e-02 1.2222222222222221e+00 0.0000000000000000e+00 1.1111111111146270e-01 1.1666666666666670e+00 0.0000000000000000e+00 1.6666666666720681e-01 1.1666666666666670e+00 0.0000000000000000e+00 1.6666666666712721e-01 1.2222222222222221e+00 0.0000000000000000e+00 2.2222222222290830e-01 1.1666666666666670e+00 0.0000000000000000e+00 2.7777777777865142e-01 1.1666666666666670e+00 0.0000000000000000e+00 2.7777777777852808e-01 1.2222222222222221e+00 0.0000000000000000e+00 3.3333333333435072e-01 1.1666666666666670e+00 0.0000000000000000e+00 3.8888888889009382e-01 1.1666666666666670e+00 0.0000000000000000e+00 3.8888888888992679e-01 1.2222222222222221e+00 0.0000000000000000e+00 4.4444444444579317e-01 1.1666666666666670e+00 0.0000000000000000e+00 5.0000000000127942e-01 1.1666666666666670e+00 0.0000000000000000e+00 5.0000000000111999e-01 1.2222222222222221e+00 0.0000000000000000e+00 5.5555555555677327e-01 1.1666666666666670e+00 0.0000000000000000e+00 6.1111111111200267e-01 1.1666666666666670e+00 0.0000000000000000e+00 6.1111111111190253e-01 1.2222222222222221e+00 0.0000000000000000e+00 6.6666666666729113e-01 1.1666666666666670e+00 0.0000000000000000e+00 7.2222222222252030e-01 1.1666666666666670e+00 0.0000000000000000e+00 7.2222222222247923e-01 1.2222222222222221e+00 0.0000000000000000e+00 7.7777777777780854e-01 1.1666666666666670e+00 0.0000000000000000e+00 8.3333333333310622e-01 1.1666666666666670e+00 0.0000000000000000e+00 8.3333333333311566e-01 1.2222222222222221e+00 0.0000000000000000e+00 8.8888888888845441e-01 1.1666666666666670e+00 0.0000000000000000e+00 9.4444444444423192e-01 1.1666666666666670e+00 0.0000000000000000e+00 9.4444444444423192e-01 1.2222222222222221e+00 0.0000000000000000e+00 5.5555555555712857e-02 1.2777777777777779e+00 0.0000000000000000e+00 5.5555555555675901e-02 1.3333333333333330e+00 0.0000000000000000e+00 1.1111111111138880e-01 1.2777777777777779e+00 0.0000000000000000e+00 1.6666666666709029e-01 1.2777777777777779e+00 0.0000000000000000e+00 1.6666666666701069e-01 1.3333333333333330e+00 0.0000000000000000e+00 2.2222222222274909e-01 1.2777777777777779e+00 0.0000000000000000e+00 2.7777777777844848e-01 1.2777777777777779e+00 0.0000000000000000e+00 2.7777777777832519e-01 1.3333333333333330e+00 0.0000000000000000e+00 3.3333333333410409e-01 1.2777777777777779e+00 0.0000000000000000e+00 3.8888888888980361e-01 1.2777777777777779e+00 0.0000000000000000e+00 3.8888888888963657e-01 1.3333333333333330e+00 0.0000000000000000e+00 4.4444444444545922e-01 1.2777777777777779e+00 0.0000000000000000e+00 5.0000000000095302e-01 1.2777777777777779e+00 0.0000000000000000e+00 5.0000000000079381e-01 1.3333333333333330e+00 0.0000000000000000e+00 5.5555555555645464e-01 1.2777777777777779e+00 0.0000000000000000e+00 6.1111111111174310e-01 1.2777777777777779e+00 0.0000000000000000e+00 6.1111111111164274e-01 1.3333333333333330e+00 0.0000000000000000e+00 6.6666666666709062e-01 1.2777777777777779e+00 0.0000000000000000e+00 7.2222222222237886e-01 1.2777777777777779e+00 0.0000000000000000e+00 7.2222222222233778e-01 1.3333333333333330e+00 0.0000000000000000e+00 7.7777777777772639e-01 1.2777777777777779e+00 0.0000000000000000e+00 8.3333333333307458e-01 1.2777777777777779e+00 0.0000000000000000e+00 8.3333333333308401e-01 1.3333333333333330e+00 0.0000000000000000e+00 8.8888888888847328e-01 1.2777777777777779e+00 0.0000000000000000e+00 9.4444444444424136e-01 1.2777777777777779e+00 0.0000000000000000e+00 9.4444444444424136e-01 1.3333333333333330e+00 0.0000000000000000e+00 5.5555555555675901e-02 1.3888888888888891e+00 0.0000000000000000e+00 5.5555555555638930e-02 1.4444444444444440e+00 0.0000000000000000e+00 1.1111111111131480e-01 1.3888888888888891e+00 0.0000000000000000e+00 1.6666666666697369e-01 1.3888888888888880e+00 0.0000000000000000e+00 1.6666666666689409e-01 1.4444444444444440e+00 0.0000000000000000e+00 2.2222222222258989e-01 1.3888888888888891e+00 0.0000000000000000e+00 2.7777777777824558e-01 1.3888888888888891e+00 0.0000000000000000e+00 2.7777777777812229e-01 1.4444444444444440e+00 0.0000000000000000e+00 3.3333333333385762e-01 1.3888888888888891e+00 0.0000000000000000e+00 3.8888888888951317e-01 1.3888888888888891e+00 0.0000000000000000e+00 3.8888888888934608e-01 1.4444444444444451e+00 0.0000000000000000e+00 4.4444444444512521e-01 1.3888888888888891e+00 0.0000000000000000e+00 5.0000000000062672e-01 1.3888888888888891e+00 0.0000000000000000e+00 5.0000000000046740e-01 1.4444444444444451e+00 0.0000000000000000e+00 5.5555555555613600e-01 1.3888888888888891e+00 0.0000000000000000e+00 6.1111111111148353e-01 1.3888888888888891e+00 0.0000000000000000e+00 6.1111111111138339e-01 1.4444444444444440e+00 0.0000000000000000e+00 6.6666666666689012e-01 1.3888888888888891e+00 0.0000000000000000e+00 7.2222222222223764e-01 1.3888888888888891e+00 0.0000000000000000e+00 7.2222222222219645e-01 1.4444444444444440e+00 0.0000000000000000e+00 7.7777777777764412e-01 1.3888888888888891e+00 0.0000000000000000e+00 8.3333333333304282e-01 1.3888888888888891e+00 0.0000000000000000e+00 8.3333333333305226e-01 1.4444444444444440e+00 0.0000000000000000e+00 8.8888888888849216e-01 1.3888888888888891e+00 0.0000000000000000e+00 9.4444444444425080e-01 1.3888888888888891e+00 0.0000000000000000e+00 9.4444444444425080e-01 1.4444444444444440e+00 0.0000000000000000e+00 5.5555555555638930e-02 1.5000000000000000e+00 0.0000000000000000e+00 5.5555555555601960e-02 1.5555555555555549e+00 0.0000000000000000e+00 1.1111111111124090e-01 1.5000000000000000e+00 0.0000000000000000e+00 1.6666666666685709e-01 1.5000000000000000e+00 0.0000000000000000e+00 1.6666666666677751e-01 1.5555555555555560e+00 0.0000000000000000e+00 2.2222222222243071e-01 1.5000000000000000e+00 0.0000000000000000e+00 2.7777777777804269e-01 1.5000000000000000e+00 0.0000000000000000e+00 2.7777777777791929e-01 1.5555555555555560e+00 0.0000000000000000e+00 3.3333333333361093e-01 1.5000000000000000e+00 0.0000000000000000e+00 3.8888888888922279e-01 1.5000000000000000e+00 0.0000000000000000e+00 3.8888888888905582e-01 1.5555555555555549e+00 0.0000000000000000e+00 4.4444444444479109e-01 1.5000000000000000e+00 0.0000000000000000e+00 5.0000000000030043e-01 1.5000000000000000e+00 0.0000000000000000e+00 5.0000000000014100e-01 1.5555555555555549e+00 0.0000000000000000e+00 5.5555555555581737e-01 1.5000000000000000e+00 0.0000000000000000e+00 6.1111111111122396e-01 1.5000000000000000e+00 0.0000000000000000e+00 6.1111111111112359e-01 1.5555555555555560e+00 0.0000000000000000e+00 6.6666666666668961e-01 1.5000000000000000e+00 0.0000000000000000e+00 7.2222222222209609e-01 1.5000000000000000e+00 0.0000000000000000e+00 7.2222222222205490e-01 1.5555555555555560e+00 0.0000000000000000e+00 7.7777777777756174e-01 1.5000000000000000e+00 0.0000000000000000e+00 8.3333333333301107e-01 1.5000000000000000e+00 0.0000000000000000e+00 8.3333333333302051e-01 1.5555555555555560e+00 0.0000000000000000e+00 8.8888888888851103e-01 1.5000000000000000e+00 0.0000000000000000e+00 9.4444444444426023e-01 1.5000000000000000e+00 0.0000000000000000e+00 9.4444444444426023e-01 1.5555555555555560e+00 0.0000000000000000e+00 5.5555555555601960e-02 1.6111111111111109e+00 0.0000000000000000e+00 5.5555555555565003e-02 1.6666666666666670e+00 0.0000000000000000e+00 1.1111111111116700e-01 1.6111111111111109e+00 0.0000000000000000e+00 1.6666666666674060e-01 1.6111111111111109e+00 0.0000000000000000e+00 1.6666666666666100e-01 1.6666666666666670e+00 0.0000000000000000e+00 2.2222222222227150e-01 1.6111111111111109e+00 0.0000000000000000e+00 2.7777777777783969e-01 1.6111111111111109e+00 0.0000000000000000e+00 2.7777777777771639e-01 1.6666666666666670e+00 0.0000000000000000e+00 3.3333333333336418e-01 1.6111111111111109e+00 0.0000000000000000e+00 3.8888888888893253e-01 1.6111111111111109e+00 0.0000000000000000e+00 3.8888888888876549e-01 1.6666666666666670e+00 0.0000000000000000e+00 4.4444444444445702e-01 1.6111111111111109e+00 0.0000000000000000e+00 4.9999999999997402e-01 1.6111111111111109e+00 0.0000000000000000e+00 4.9999999999981459e-01 1.6666666666666670e+00 0.0000000000000000e+00 5.5555555555549863e-01 1.6111111111111109e+00 0.0000000000000000e+00 6.1111111111096417e-01 1.6111111111111109e+00 0.0000000000000000e+00 6.1111111111086402e-01 1.6666666666666670e+00 0.0000000000000000e+00 6.6666666666648910e-01 1.6111111111111109e+00 0.0000000000000000e+00 7.2222222222195476e-01 1.6111111111111109e+00 0.0000000000000000e+00 7.2222222222191368e-01 1.6666666666666670e+00 0.0000000000000000e+00 7.7777777777747947e-01 1.6111111111111109e+00 0.0000000000000000e+00 8.3333333333297943e-01 1.6111111111111109e+00 0.0000000000000000e+00 8.3333333333298887e-01 1.6666666666666670e+00 0.0000000000000000e+00 8.8888888888852990e-01 1.6111111111111109e+00 0.0000000000000000e+00 9.4444444444426967e-01 1.6111111111111109e+00 0.0000000000000000e+00 9.4444444444426967e-01 1.6666666666666670e+00 0.0000000000000000e+00 5.5555555555565003e-02 1.7222222222222221e+00 0.0000000000000000e+00 5.5555555555528047e-02 1.7777777777777779e+00 0.0000000000000000e+00 1.1111111111109299e-01 1.7222222222222221e+00 0.0000000000000000e+00 1.6666666666662400e-01 1.7222222222222221e+00 0.0000000000000000e+00 1.6666666666654439e-01 1.7777777777777779e+00 0.0000000000000000e+00 2.2222222222211230e-01 1.7222222222222221e+00 0.0000000000000000e+00 2.7777777777763679e-01 1.7222222222222221e+00 0.0000000000000000e+00 2.7777777777751361e-01 1.7777777777777779e+00 0.0000000000000000e+00 3.3333333333311771e-01 1.7222222222222221e+00 0.0000000000000000e+00 3.8888888888864209e-01 1.7222222222222221e+00 0.0000000000000000e+00 3.8888888888847523e-01 1.7777777777777779e+00 0.0000000000000000e+00 4.4444444444412301e-01 1.7222222222222221e+00 0.0000000000000000e+00 4.9999999999964762e-01 1.7222222222222221e+00 0.0000000000000000e+00 4.9999999999948841e-01 1.7777777777777779e+00 0.0000000000000000e+00 5.5555555555517999e-01 1.7222222222222221e+00 0.0000000000000000e+00 6.1111111111070482e-01 1.7222222222222221e+00 0.0000000000000000e+00 6.1111111111060445e-01 1.7777777777777779e+00 0.0000000000000000e+00 6.6666666666628860e-01 1.7222222222222221e+00 0.0000000000000000e+00 7.2222222222181331e-01 1.7222222222222221e+00 0.0000000000000000e+00 7.2222222222177224e-01 1.7777777777777779e+00 0.0000000000000000e+00 7.7777777777739732e-01 1.7222222222222221e+00 0.0000000000000000e+00 8.3333333333294779e-01 1.7222222222222221e+00 0.0000000000000000e+00 8.3333333333295723e-01 1.7777777777777779e+00 0.0000000000000000e+00 8.8888888888854878e-01 1.7222222222222221e+00 0.0000000000000000e+00 9.4444444444427911e-01 1.7222222222222221e+00 0.0000000000000000e+00 9.4444444444427911e-01 1.7777777777777779e+00 0.0000000000000000e+00 5.5555555555528047e-02 1.8333333333333330e+00 0.0000000000000000e+00 5.5555555555491083e-02 1.8888888888888891e+00 0.0000000000000000e+00 1.1111111111101910e-01 1.8333333333333330e+00 0.0000000000000000e+00 1.6666666666650740e-01 1.8333333333333330e+00 0.0000000000000000e+00 1.6666666666642779e-01 1.8888888888888891e+00 0.0000000000000000e+00 2.2222222222195309e-01 1.8333333333333330e+00 0.0000000000000000e+00 2.7777777777743401e-01 1.8333333333333330e+00 0.0000000000000000e+00 2.7777777777731061e-01 1.8888888888888891e+00 0.0000000000000000e+00 3.3333333333287102e-01 1.8333333333333330e+00 0.0000000000000000e+00 3.8888888888835182e-01 1.8333333333333330e+00 0.0000000000000000e+00 3.8888888888818479e-01 1.8888888888888891e+00 0.0000000000000000e+00 4.4444444444378889e-01 1.8333333333333330e+00 0.0000000000000000e+00 4.9999999999932138e-01 1.8333333333333330e+00 0.0000000000000000e+00 4.9999999999916189e-01 1.8888888888888891e+00 0.0000000000000000e+00 5.5555555555486136e-01 1.8333333333333330e+00 0.0000000000000000e+00 6.1111111111044503e-01 1.8333333333333330e+00 0.0000000000000000e+00 6.1111111111034488e-01 1.8888888888888891e+00 0.0000000000000000e+00 6.6666666666608809e-01 1.8333333333333330e+00 0.0000000000000000e+00 7.2222222222167209e-01 1.8333333333333330e+00 0.0000000000000000e+00 7.2222222222163091e-01 1.8888888888888891e+00 0.0000000000000000e+00 7.7777777777731505e-01 1.8333333333333330e+00 0.0000000000000000e+00 8.3333333333291604e-01 1.8333333333333330e+00 0.0000000000000000e+00 8.3333333333292536e-01 1.8888888888888891e+00 0.0000000000000000e+00 8.8888888888856754e-01 1.8333333333333330e+00 0.0000000000000000e+00 9.4444444444428843e-01 1.8333333333333330e+00 0.0000000000000000e+00 9.4444444444428843e-01 1.8888888888888891e+00 0.0000000000000000e+00 5.5555555555491083e-02 1.9444444444444440e+00 0.0000000000000000e+00 1.1111111111094520e-01 1.9444444444444440e+00 0.0000000000000000e+00 1.6666666666639091e-01 1.9444444444444440e+00 0.0000000000000000e+00 2.2222222222179391e-01 1.9444444444444440e+00 0.0000000000000000e+00 2.7777777777723101e-01 1.9444444444444440e+00 0.0000000000000000e+00 3.3333333333262438e-01 1.9444444444444440e+00 0.0000000000000000e+00 3.8888888888806150e-01 1.9444444444444440e+00 0.0000000000000000e+00 4.4444444444345488e-01 1.9444444444444440e+00 0.0000000000000000e+00 4.9999999999899492e-01 1.9444444444444440e+00 0.0000000000000000e+00 5.5555555555454261e-01 1.9444444444444440e+00 0.0000000000000000e+00 6.1111111111018568e-01 1.9444444444444440e+00 0.0000000000000000e+00 6.6666666666588770e-01 1.9444444444444440e+00 0.0000000000000000e+00 7.2222222222153065e-01 1.9444444444444451e+00 0.0000000000000000e+00 7.7777777777723278e-01 1.9444444444444451e+00 0.0000000000000000e+00 8.3333333333288429e-01 1.9444444444444440e+00 0.0000000000000000e+00 8.8888888888858641e-01 1.9444444444444440e+00 0.0000000000000000e+00 9.4444444444429787e-01 1.9444444444444440e+00 0.0000000000000000e+00
</DataArray>
      </Points>
      <Cells>
        <DataArray type="Int64" format="ascii" Name="connectivity">
5 57 47 65 189 56 47 57 125 189 190 191 47 125 46 191 192 55 46 125 126 192 193 194 46 126 45 194 195 54 45 126 127 195 196 197 45 127 44 197 198 53 44 127 128 198 199 200 44 128 43 200 201 52 43 128 129 201 202 203 43 129 42 203 204 51 42 129 130 204 205 206 42 130 41 206 207 50 41 130 131 207 208 209 41 131 40 209 210 49 40 131 132 210 211 212 40 132 4 212 213 48 4 132 30 213 214 39 57 58 125 66 215 190 125 58 133 215 216 217 125 133 126 217 218 193 126 133 134 218 219 220 126 134 127 220 221 196 127 134 135 221 222 223 127 135 128 223 224 199 128 135 136 224 225 226 128 136 129 226 227 202 129 136 137 227 228 229 129 137 130 229 230 205 130 137 138 230 231 232 130 138 131 232 233 208 131 138 139 233 234 235 131 139 132 235 236 211 132 139 140 236 237 238 132 140 30 238 239 214 30 140 29 239 240 38 58 59 133 67 241 216 133 59 141 241 242 243 133 141 134 243 244 219 134 141 142 244 245 246 134 142 135 246 247 222 135 142 143 247 248 249 135 143 136 249 250 225 136 143 144 250 251 252 136 144 137 252 253 228 137 144 145 253 254 255 137 145 138 255 256 231 138 145 146 256 257 258 138 146 139 258 259 234 139 146 147 259 260 261 139 147 140 261 262 237 140 147 148 262 263 264 140 148 29 264 265 240 29 148 28 265 266 37 59 60 141 68 267 242 141 60 149 267 268 269 141 149 142 269 270 245 142 149 150 270 271 272 142 150 143 272 273 248 143 150 151 273 274 275 143 151 144 275 276 251 144 151 152 276 277 278 144 152 145 278 279 254 145 152 153 279 280 281 145 153 146 281 282 257 146 153 154 282 283 284 146 154 147 284 285 260 147 154 155 285 286 287 147 155 148 287 288 263 148 155 156 288 289 290 148 156 28 290 291 266 28 156 27 291 292 36 60 61 149 69 293 268 149 61 157 293 294 295 149 157 150 295 296 271 150 157 158 296 297 298 150 158 151 298 299 274 151 158 159 299 300 301 151 159 152 301 302 277 152 159 160 302 303 304 152 160 153 304 305 280 153 160 161 305 306 307 153 161 154 307 308 283 154 161 162 308 309 310 154 162 155 310 311 286 155 162 163 311 312 313 155 163 156 313 314 289 156 163 164 314 315 316 156 164 27 316 317 292 27 164 26 317 318 35 61 62 157 70 319 294 157 62 165 319 320 321 157 165 158 321 322 297 158 165 166 322 323 324 158 166 159 324 325 300 159 166 167 325 326 327 159 167 160 327 328 303 160 167 168 328 329 330 160 168 161 330 331 306 161 168 169 331 332 333 161 169 162 333 334 309 162 169 170 334 335 336 162 170 163 336 337 312 163 170 171 337 338 339 163 171 164 339 340 315 164 171 172 340 341 342 164 172 26 342 343 318 26 172 25 343 344 34 62 63 165 71 345 320 165 63 173 345 346 347 165 173 166 347 348 323 166 173 174 348 349 350 166 174 167 350 351 326 167 174 175 351 352 353 167 175 168 353 354 329 168 175 176 354 355 356 168 176 169 356 357 332 169 176 177 357 358 359 169 177 170 359 360 335 170 177 178 360 361 362 170 178 171 362 363 338 171 178 179 363 364 365 171 179 172 365 366 341 172 179 180 366 367 368 172 180 25 368 369 344 25 180 24 369 370 33 63 64 173 72 371 346 173 64 181 371 372 373 173 181 174 373 374 349 174 181 182 374 375 376 174 182 175 376 377 352 175 182 183 377 378 379 175 183 176 379 380 355 176 183 184 380 381 382 176 184 177 382 383 358 177 184 185 383 384 385 177 185 178 385 386 361 178 185 186 386 387 388 178 186 179 388 389 364 179 186 187 389 390 391 179 187 180 391 392 367 180 187 188 392 393 394 180 188 24 394 395 370 24 188 23 395 396 32 64 0 181 73 397 372 181 0 6 397 14 398 181 6 182 398 399 375 182 6 7 399 15 400 182 7 183 400 401 378 183 7 8 401 16 402 183 8 184 402 403 381 184 8 9 403 17 404 184 9 185 404 405 384 185 9 10 405 18 406 185 10 186 406 407 387 186 10 11 407 19 408 186 11 187 408 409 390 187 11 12 409 20 410 187 12 188 410 411 393 188 12 13 411 21 412 188 13 23 412 413 396 23 13 1 413 22 31 5 47 74 56 478 82 47 414 74 480 479 478 47 46 414 55 481 480 46 415 414 483 482 481 46 45 415 54 484 483 45 416 415 486 485 484 45 44 416 53 487 486 44 417 416 489 488 487 44 43 417 52 490 489 43 418 417 492 491 490 43 42 418 51 493 492 42 419 418 495 494 493 42 41 419 50 496 495 41 420 419 498 497 496 41 40 420 49 499 498 40 421 420 501 500 499 40 4 421 48 502 501 4 115 421 124 503 502 74 414 75 479 504 83 414 422 75 506 505 504 414 415 422 482 507 506 415 423 422 509 508 507 415 416 423 485 510 509 416 424 423 512 511 510 416 417 424 488 513 512 417 425 424 515 514 513 417 418 425 491 516 515 418 426 425 518 517 516 418 419 426 494 519 518 419 427 426 521 520 519 419 420 427 497 522 521 420 428 427 524 523 522 420 421 428 500 525 524 421 429 428 527 526 525 421 115 429 503 528 527 115 114 429 123 529 528 75 422 76 505 530 84 422 430 76 532 531 530 422 423 430 508 533 532 423 431 430 535 534 533 423 424 431 511 536 535 424 432 431 538 537 536 424 425 432 514 539 538 425 433 432 541 540 539 425 426 433 517 542 541 426 434 433 544 543 542 426 427 434 520 545 544 427 435 434 547 546 545 427 428 435 523 548 547 428 436 435 550 549 548 428 429 436 526 551 550 429 437 436 553 552 551 429 114 437 529 554 553 114 113 437 122 555 554 76 430 77 531 556 85 430 438 77 558 557 556 430 431 438 534 559 558 431 439 438 561 560 559 431 432 439 537 562 561 432 440 439 564 563 562 432 433 440 540 565 564 433 441 440 567 566 565 433 434 441 543 568 567 434 442 441 570 569 568 434 435 442 546 571 570 435 443 442 573 572 571 435 436 443 549 574 573 436 444 443 576 575 574 436 437 444 552 577 576 437 445 444 579 578 577 437 113 445 555 580 579 113 112 445 121 581 580 77 438 78 557 582 86 438 446 78 584 583 582 438 439 446 560 585 584 439 447 446 587 586 585 439 440 447 563 588 587 440 448 447 590 589 588 440 441 448 566 591 590 441 449 448 593 592 591 441 442 449 569 594 593 442 450 449 596 595 594 442 443 450 572 597 596 443 451 450 599 598 597 443 444 451 575 600 599 444 452 451 602 601 600 444 445 452 578 603 602 445 453 452 605 604 603 445 112 453 581 606 605 112 111 453 120 607 606 78 446 79 583 608 87 446 454 79 610 609 608 446 447 454 586 611 610 447 455 454 613 612 611 447 448 455 589 614 613 448 456 455 616 615 614 448 449 456 592 617 616 449 457 456 619 618 617 449 450 457 595 620 619 450 458 457 622 621 620 450 451 458 598 623 622 451 459 458 625 624 623 451 452 459 601 626 625 452 460 459 628 627 626 452 453 460 604 629 628 453 461 460 631 630 629 453 111 461 607 632 631 111 110 461 119 633 632 79 454 80 609 634 88 454 462 80 636 635 634 454 455 462 612 637 636 455 463 462 639 638 637 455 456 463 615 640 639 456 464 463 642 641 640 456 457 464 618 643 642 457 465 464 645 644 643 457 458 465 621 646 645 458 466 465 648 647 646 458 459 466 624 649 648 459 467 466 651 650 649 459 460 467 627 652 651 460 468 467 654 653 652 460 461 468 630 655 654 461 469 468 657 656 655 461 110 469 633 658 657 110 109 469 118 659 658 80 462 81 635 660 89 462 470 81 662 661 660 462 463 470 638 663 662 463 471 470 665 664 663 463 464 471 641 666 665 464 472 471 668 667 666 464 465 472 644 669 668 465 473 472 671 670 669 465 466 473 647 672 671 466 474 473 674 673 672 466 467 474 650 675 674 467 475 474 677 676 675 467 468 475 653 678 677 468 476 475 680 679 678 468 469 476 656 681 680 469 477 476 683 682 681 469 109 477 659 684 683 109 108 477 117 685 684 81 470 3 661 686 90 470 91 3 687 99 686 470 471 91 664 688 687 471 92 91 689 100 688 471 472 92 667 690 689 472 93 92 691 101 690 472 473 93 670 692 691 473 94 93 693 102 692 473 474 94 673 694 693 474 95 94 695 103 694 474 475 95 676 696 695 475 96 95 697 104 696 475 476 96 679 698 697 476 97 96 699 105 698 476 477 97 682 700 699 477 98 97 701 106 700 477 108 98 685 702 701 108 2 98 116 107 702
</DataArray>
        <DataArray type="Int64" format="ascii" Name="offsets">
6 12 18 24 30 36 42 48 54 60 66 72 78 84 90 96 102 108 114 120 126 132 138 144 150 156 162 168 174 180 186 192 198 204 210 216 222 228 234 240 246 252 258 264 270 276 282 288 294 300 306 312 318 324 330 336 342 348 354 360 366 372 378 384 390 396 402 408 414 420 426 432 438 444 450 456 462 468 474 480 486 492 498 504 510 516 522 528 534 540 546 552 558 564 570 576 582 588 594 600 606 612 618 624 630 636 642 648 654 660 666 672 678 684 690 696 702 708 714 720 726 732 738 744 750 756 762 768 774 780 786 792 798 804 810 816 822 828 834 840 846 852 858 864 870 876 882 888 894 900 906 912 918 924 930 936 942 948 954 960 966 972 978 984 990 996 1002 1008 1014 1020 1026 1032 1038 1044 1050 1056 1062 1068 1074 1080 1086 1092 1098 1104 1110 1116 1122 1128 1134 1140 1146 1152 1158 1164 1170 1176 1182 1188 1194 1200 1206 1212 1218 1224 1230 1236 1242 1248 1254 1260 1266 1272 1278 1284 1290 1296 1302 1308 1314 1320 1326 1332 1338 1344 1350 1356 1362 1368 1374 1380 1386 1392 1398 1404 1410 1416 1422 1428 1434 1440 1446 1452 1458 1464 1470 1476 1482 1488 1494 1500 1506 1512 1518 1524 1530 1536 1542 1548 1554 1560 1566 1572 1578 1584 1590 1596 1602 1608 1614 1620 1626 1632 1638 1644 1650 1656 1662 1668 1674 1680 1686 1692 1698 1704 1710 1716 1722 1728 1734 1740 1746 1752 1758 1764 1770 1776 1782 1788 1794 1800 1806 1812 1818 1824 1830 1836 1842 1848 1854 1860 1866 1872 1878 1884 1890 1896 1902 1908 1914 1920 1926 1932 1938 1944
</DataArray>
        <DataArray type="UInt8" format="ascii" Name="types">
22 22 22 22 22 22 22 22 22 22 22 22 22 22 22 22 22 22 22 22 22 22 22 22 22 22 22 22 22 22 22 22 22 22 22 22 22 22 22 22 22 22 22 22 22 22 22 22 22 22 22 22 22 22 22 22 22 22 22 22 22 22 22 22 22 22 22 22 22 22 22 22 22 22 22 22 22 22 22 22 22 22 22 22 22 22 22 22 22 22 22 22 22 22 22 22 22 22 22 22 22 22 22 22 22 22 22 22 22 22 22 22 22 22 22 22 22 22 22 22 22 22 22 22 22 22 22 22 22 22 22 22 22 22 22 22 22 22 22 22 22 22 22 22 22 22 22 22 22 22 22 22 22 22 22 22 22 22 22 22 22 22 22 22 22 22 22 22 22 22 22 22 22 22 22 22 22 22 22 22 22 22 22 22 22 22 22 22 22 22 22 22 22 22 22 22 22 22 22 22 22 22 22 22 22 22 22 22 22 22 22 22 22 22 22 22 22 22 22 22 22 22 22 22 22 22 22 22 22 22 22 22 22 22 22 22 22 22 22 22 22 22 22 22 22 22 22 22 22 22 22 22 22 22 22 22 22 22 22 22 22 22 22 22 22 22 22 22 22 22 22 22 22 22 22 22 22 22 22 22 22 22 22 22 22 22 22 22 22 22 22 22 22 22 22 22 22 22 22 22 22 22 22 22 22 22 22 22 22 22 22 22 22 22 22 22 22 22 22 22 22 22 22 22
</DataArray>
      </Cells>
    </Piece>
  </UnstructuredGrid>
</VTKFile>